label,centroid_x,centroid_y,centroid_z,area,aspherity,int,sample,type,x_std,y_std,z_std,rotation,int_threshold
1,2.5159362549800797,304.79083665338646,379.4535192563081,1866.0,1.783861648686891,28523.338645418327,Ezi_3,E(z) RNAi,0.2442884381687227,-0.5115387506918179,-49.50942782649259,100,2000
2,2.8991060025542783,385.698595146871,247.9655172413793,1163.0,1.5535823650023932,22659.494252873563,Ezi_3,E(z) RNAi,0.5714549981098804,-0.3465133375761352,-49.234144965780146,100,2000
3,2.7594183740912097,394.78916060806347,261.9266358228685,2105.0,1.5022309839497845,31695.257105089226,Ezi_3,E(z) RNAi,0.5378871519220643,-0.3263161310499777,-49.42200242325361,100,2000
4,3.909204758922981,404.59799624295556,211.67251095804633,2170.0,1.714805520440576,42450.57921102066,Ezi_3,E(z) RNAi,0.6615290736350703,-0.30827967568615133,-48.242255213336676,100,2000
5,2.6873025900189513,417.1149715729627,250.10107391029692,2123.0,1.9035493464259154,42648.75931775111,Ezi_3,E(z) RNAi,0.5683072564977178,-0.27936992374505765,-49.55457059649331,100,2000
6,3.8066275167785233,715.8536073825503,249.2856543624161,3387.0,1.6639188228881874,22230.668624161073,Ezi_3,E(z) RNAi,0.5900633307187964,0.35790238510963746,-49.44165654733602,100,2000
7,3.9873116574147502,705.426645519429,275.01348136399685,2079.0,1.7936732254730858,19209.400475812847,Ezi_3,E(z) RNAi,0.5264045026836441,0.337142819845486,-49.258087902776374,100,2000
8,3.231034482758621,701.1321839080459,299.14942528735634,1442.0,1.9952769312372025,17906.75287356322,Ezi_3,E(z) RNAi,0.4670501597922154,0.32936737374153435,-50.03015784419549,100,2000
9,3.4156862745098038,728.7503267973856,263.51503267973857,1183.0,1.7955854508075226,17136.082352941175,Ezi_3,E(z) RNAi,0.5560914401721522,0.3862330546955224,-49.8939379069272,100,2000
10,2.717948717948718,751.6487956487956,233.92307692307693,1604.0,1.740162527766532,20272.09324009324,Ezi_3,E(z) RNAi,0.6300342147564815,0.4333720392608136,-50.63176613846423,100,2000
11,4.895779500430663,405.2032730404823,257.4857881136951,1624.0,1.5012572422549137,30850.341085271317,Ezi_3,E(z) RNAi,0.5494389445421215,-0.30433980504542124,-47.31520303626263,100,2000
12,6.652084757347915,413.8010936431989,223.61107313738893,1872.0,1.4701233141189827,45284.815447710185,Ezi_3,E(z) RNAi,0.632910643171227,-0.28793806767094077,-45.54540579369311,100,2000
13,3.9168514412416853,731.0110864745011,301.05764966740577,1375.0,1.5842133719303093,16103.321507760533,Ezi_3,E(z) RNAi,0.46435454087284667,0.39322424793853794,-49.447498941387295,100,2000
14,6.135883905013193,735.7803430079156,237.14445910290237,1949.0,1.5967623568106901,23525.311345646438,Ezi_3,E(z) RNAi,0.6210903911773407,0.3997297995485576,-47.16438179086163,100,2000
15,6.328724072910119,753.3337523570082,211.5411690760528,2063.0,1.4160864726151416,24222.221244500313,Ezi_3,E(z) RNAi,0.6849148146661319,0.4357023975018699,-46.99861707034553,100,2000
16,7.083767361111111,773.2395833333334,363.78993055555554,2785.0,1.3911724459139028,47912.635850694445,Ezi_3,E(z) RNAi,0.31360282637935266,0.48695195067617614,-46.50171006231204,100,2000
17,5.911384217335058,792.5569210866753,359.72056921086676,1847.0,1.4152090017419456,31372.348641655884,Ezi_3,E(z) RNAi,0.32484383975893083,0.5279192620355249,-47.73412363385648,100,2000
18,7.588383838383838,399.6363636363636,197.91666666666666,1561.0,1.3022605070527602,48851.72558922559,Ezi_3,E(z) RNAi,0.6948575916105066,-0.31963090769283264,-44.52911060937208,100,2000
19,6.450622406639004,733.2373443983403,196.34688796680499,1636.0,1.8417350578065665,23404.253112033195,Ezi_3,E(z) RNAi,0.7207727506064205,0.3919547536639436,-46.78988708320897,100,2000
20,6.276520509193777,809.0799151343706,362.0869872701556,1653.0,1.5197421830565816,19765.19448373409,Ezi_3,E(z) RNAi,0.3201441297123213,0.5633075251776662,-47.42767845123414,100,2000
21,8.016608996539793,252.07820069204152,374.08166089965397,1994.0,1.6933789739565672,32406.170934256057,Ezi_3,E(z) RNAi,0.2539330356714695,-0.6242624969135769,-43.82429031574554,100,2000
22,9.052305961754781,733.7283464566929,209.44713160854894,2313.0,1.6461970603837937,29178.7424071991,Ezi_3,E(z) RNAi,0.6887351602230718,0.3937764496957372,-44.20631106310199,100,2000
23,7.487892376681614,800.8170403587444,284.16412556053814,1478.0,1.6135353607548248,19795.80269058296,Ezi_3,E(z) RNAi,0.5103091643009505,0.5411960320776894,-46.09069171481016,100,2000
24,10.53,856.9264285714286,355.0678571428571,4203.0,1.7185381044298993,23613.70107142857,Ezi_3,E(z) RNAi,0.34047660511471256,0.6650066321695023,-43.326771893487354,100,2000
25,9.19960668633235,302.188790560472,379.65093411996065,1315.0,1.4587122379141013,25417.10324483776,Ezi_3,E(z) RNAi,0.2436140943154863,-0.5170298509758116,-42.81727352999096,100,2000
26,8.893344709897612,326.32849829351534,386.87030716723547,1739.0,1.6151249976850948,22965.224402730375,Ezi_3,E(z) RNAi,0.22754265162709952,-0.4651176187269688,-43.213996138431405,100,2000
27,8.991531404375442,375.47141848976713,202.65561044460128,1888.0,1.8709163214595783,33868.74664784756,Ezi_3,E(z) RNAi,0.6816564261559652,-0.37089953281634713,-43.05042670440606,100,2000
28,9.576642335766424,382.8491484184915,191.06569343065692,1562.0,1.2509439793196095,40117.512570965126,Ezi_3,E(z) RNAi,0.7105090074391163,-0.3558243078421305,-42.47565911558141,100,2000
29,10.469905728788978,428.0891950688905,280.497461928934,1660.0,1.2999956180987384,41161.11312545323,Ezi_3,E(z) RNAi,0.4946163737844791,-0.25414906296886164,-41.84715962583556,100,2000
30,9.17945945945946,431.8913513513514,252.3708108108108,2248.0,1.528082080889769,50851.93135135135,Ezi_3,E(z) RNAi,0.5637111760257141,-0.2476688351802916,-43.115133154904356,100,2000
31,9.573349633251834,680.2628361858191,210.21882640586796,2164.0,1.6521924122803602,36244.09168704157,Ezi_3,E(z) RNAi,0.6833078677045252,0.2797645981841701,-43.50593888674602,100,2000
32,9.245787332945962,721.1760604299826,231.95758280069728,2140.0,1.729814724381593,26160.740267286463,Ezi_3,E(z) RNAi,0.6328101743700845,0.3682974344835266,-43.99874175190862,100,2000
33,10.707196029776675,818.8873449131513,284.5171215880893,2606.0,1.381939408354771,36960.39503722084,Ezi_3,E(z) RNAi,0.5106315146762714,0.5797898880228389,-42.93278965365299,100,2000
34,10.395848506919155,833.3692643845594,286.2621995630007,3324.0,1.4510906986000702,47611.64238892935,Ezi_3,E(z) RNAi,0.5073194215713928,0.6107831042793961,-43.2951613553251,100,2000
35,9.9340804218853,136.37508239947263,517.9920896506262,2265.0,1.7973799172930214,26441.858932102834,Ezi_3,E(z) RNAi,-0.10594573577963695,-0.8627853021882039,-41.69719218094216,100,2000
36,9.94863813229572,168.43501945525293,552.4785992217899,1597.0,1.4995134689201126,24111.187548638132,Ezi_3,E(z) RNAi,-0.18823005647547697,-0.7924020619718848,-41.8340142836908,100,2000
37,10.258555133079849,232.0747782002535,377.7610899873257,2059.0,1.5715647415204688,39270.17680608365,Ezi_3,E(z) RNAi,0.2435979415809184,-0.6667081706666698,-41.51951782415526,100,2000
38,9.641089108910892,336.03712871287127,470.9282178217822,1193.0,1.692043182222907,16875.462871287127,Ezi_3,E(z) RNAi,0.022452237365305328,-0.43955387430861126,-42.6044514871745,100,2000
39,10.430600387346676,366.1233053582957,234.8818592640413,1909.0,1.438682221196367,39080.0981278244,Ezi_3,E(z) RNAi,0.6021605903178466,-0.38897372514066264,-41.62027212141719,100,2000
40,10.02398401065956,395.4630246502332,225.22251832111925,1811.0,1.3432880177852535,50921.864090606265,Ezi_3,E(z) RNAi,0.6277438678048259,-0.3269419977279764,-42.113709129073236,100,2000
41,9.998689384010484,391.0,271.0799475753604,1077.0,1.446580716771991,22020.419397116646,Ezi_3,E(z) RNAi,0.5152132566640386,-0.3338193462963208,-42.18148349259872,100,2000
42,10.135036496350365,412.7109489051095,236.4029197080292,1688.0,1.392816629701293,53933.27299270073,Ezi_3,E(z) RNAi,0.6015207377236391,-0.28950087326041496,-42.074848344738605,100,2000
43,11.91812865497076,403.9590643274854,208.60877192982457,2286.0,1.7630419358610565,50165.4269005848,Ezi_3,E(z) RNAi,0.6689624583029499,-0.30976118242282635,-40.227384897970055,100,2000
44,11.035168195718654,440.64627930682974,233.8012232415902,2654.0,1.4864997051545108,55972.64118246687,Ezi_3,E(z) RNAi,0.6097338974003423,-0.23004876961433385,-41.26566392407323,100,2000
45,10.914017341040463,749.25,233.6264450867052,2043.0,1.4552242546631788,24119.329479768785,Ezi_3,E(z) RNAi,0.6305781833130746,0.42829704622847253,-42.42728904892458,100,2000
46,11.75577763897564,238.9725171767645,360.2323547782636,2523.0,1.5016362407793609,32120.01748906933,Ezi_3,E(z) RNAi,0.28695134662710764,-0.6529927142141825,-40.023575365786215,100,2000
47,11.327142857142857,253.79857142857142,362.2528571428571,1049.0,1.5710281869098413,20114.391428571427,Ezi_3,E(z) RNAi,0.2829882568865789,-0.6212503135688348,-40.50473961531315,100,2000
48,11.342415985467756,340.20617620345143,386.4613987284287,1508.0,1.7414782339285337,20722.31425976385,Ezi_3,E(z) RNAi,0.22945457589219975,-0.43551758823875486,-40.81122696327966,100,2000
49,10.97089294523927,348.43413912185497,244.69955599407993,2848.0,1.6507307422180684,38694.18105574741,Ezi_3,E(z) RNAi,0.5769601196110732,-0.4261407558441297,-41.03264724537334,100,2000
50,10.900689655172414,368.89103448275864,251.22482758620689,1158.0,1.8210326680640088,24334.144827586206,Ezi_3,E(z) RNAi,0.5623431661331411,-0.3821235201039309,-41.180022482085846,100,2000
51,10.321585903083701,400.7378854625551,181.25770925110132,672.0,1.6533796357489972,41706.171806167404,Ezi_3,E(z) RNAi,0.7356952501411547,-0.31822162542216137,-41.77874137686862,100,2000
52,12.030248033877799,412.48578342407745,253.35753176043556,2325.0,1.6252248562731846,45446.75015124017,Ezi_3,E(z) RNAi,0.5600042663064515,-0.28898990999834984,-40.200160156486454,100,2000
53,10.052941176470588,416.56117647058824,282.6635294117647,1047.0,1.3584643770103941,33471.1894117647,Ezi_3,E(z) RNAi,0.4885534862636465,-0.2786203920462318,-42.22796335457088,100,2000
54,12.746565608716248,412.29985788725725,297.4126006631928,2700.0,1.4709965943195038,42541.10279488394,Ezi_3,E(z) RNAi,0.4521657538992936,-0.28684127947833016,-39.53848949146278,100,2000
55,10.926391382405745,664.3411131059246,275.4573608617594,2779.0,1.5679021548997019,39325.68536804309,Ezi_3,E(z) RNAi,0.5225802760617417,0.249569411187327,-42.18105855472609,100,2000
56,11.580188679245284,668.1857311320755,224.56426886792454,1966.0,1.4236417891389603,49262.423349056604,Ezi_3,E(z) RNAi,0.6473929009056429,0.2548417155492957,-41.47638266867517,100,2000
57,11.681010928961749,675.5362021857924,239.29371584699453,2292.0,1.6867665230709707,23016.82991803279,Ezi_3,E(z) RNAi,0.6118287780127525,0.2713727553681249,-41.41882764683912,100,2000
58,11.82925122463261,684.9664100769769,193.48425472358292,1881.0,1.6152135748672374,47626.36459062281,Ezi_3,E(z) RNAi,0.7245702497084345,0.2888504555071829,-41.24491925952567,100,2000
59,14.59935691318328,683.5974276527331,276.73183279742767,2825.0,1.6601937856197169,20604.07073954984,Ezi_3,E(z) RNAi,0.5207244975107972,0.2907498559034958,-38.57465313263432,100,2000
60,12.49045138888889,696.4071180555555,205.29427083333334,2749.0,1.4736270946730683,55070.432291666664,Ezi_3,E(z) RNAi,0.696420394091398,0.31394311026624067,-40.63712075341169,100,2000
61,10.785847997004867,770.568326469487,295.9580681392737,3253.0,1.4129986535595833,32100.723698989143,Ezi_3,E(z) RNAi,0.4794331099660163,0.4773691939186673,-42.70554676969543,100,2000
62,10.450116009280743,828.2505800464037,309.87935034802786,752.0,1.3788524443650854,21892.772621809745,Ezi_3,E(z) RNAi,0.44917798198801484,0.601225288572643,-43.253261515191944,100,2000
63,12.796567390206967,840.2781423523473,300.65270065623423,3006.0,1.8055105125152124,31820.689045936397,Ezi_3,E(z) RNAi,0.47254910099736147,0.6263692456298378,-40.935810192860984,100,2000
64,10.601427115188583,847.4148827726809,317.0652395514781,1304.0,1.4538826358052497,19629.14882772681,Ezi_3,E(z) RNAi,0.4328580317515365,0.6425246829242837,-43.17559359905053,100,2000
65,12.837890625,843.748046875,327.75,1000.0,1.4371766495254636,22481.220703125,Ezi_3,E(z) RNAi,0.4064582746130636,0.6353343728507295,-40.94018357483565,100,2000
66,11.119493908153702,858.4512652296157,300.93252108716024,2619.0,1.360122378333564,28795.701030927834,Ezi_3,E(z) RNAi,0.4730712917543187,0.6651426491029775,-42.674508500787326,100,2000
67,10.743783783783783,118.7264864864865,537.7718918918919,1245.0,1.5993721146058506,20547.842162162164,Ezi_3,E(z) RNAi,-0.15552640523552486,-0.8992894432341445,-40.852793013063284,100,2000
68,16.656574035669845,131.24554126918292,454.3633347158855,4135.0,1.6976020039951143,22163.449605972626,Ezi_3,E(z) RNAi,0.049426268208659474,-0.8773481308295258,-34.877618475721505,100,2000
69,15.386773547094188,141.54809619238478,482.9328657314629,1677.0,1.429422452395971,18319.880761523047,Ezi_3,E(z) RNAi,-0.019812066603877132,-0.8537312781561297,-36.21799560698326,100,2000
70,11.771558245083208,188.99243570347957,632.0090771558245,1090.0,1.906078110455677,22898.64901664145,Ezi_3,E(z) RNAi,-0.38152498434942217,-0.7439473886328705,-40.18020599871046,100,2000
71,11.535555555555556,194.2762962962963,604.7525925925926,1807.0,1.6166061334593478,22931.431851851852,Ezi_3,E(z) RNAi,-0.31446488064337375,-0.7342483481503103,-40.39983114386233,100,2000
72,11.429778247096094,268.8627243928194,374.26293558606125,1239.0,1.405556968374934,24063.546990496303,Ezi_3,E(z) RNAi,0.2545900567481394,-0.5884201412994174,-40.467972482025175,100,2000
73,12.56746765249538,338.59519408502774,253.87184226740604,2080.0,1.8327381242250846,41172.368453481206,Ezi_3,E(z) RNAi,0.5538556183767165,-0.4465901294625505,-39.41441040443861,100,2000
74,13.731127679403542,400.29263746505126,241.68406337371854,2666.0,1.3437889195617256,56096.47996272134,Ezi_3,E(z) RNAi,0.5877634186997418,-0.31566273395724387,-38.44352802637613,100,2000
75,11.725783475783476,653.4586894586895,232.0519943019943,1814.0,1.7695482680100427,35560.220797720795,Ezi_3,E(z) RNAi,0.6280920907253091,0.2238566982883965,-41.290519011439436,100,2000
76,11.650306748466258,664.5680981595092,241.4883435582822,1074.0,1.5417559526774927,22287.28588957055,Ezi_3,E(z) RNAi,0.6057319319304755,0.24810036812370795,-41.41529751601733,100,2000
77,13.236657303370787,690.1790730337078,221.75210674157304,1909.0,1.7831928453562047,34159.64536516854,Ezi_3,E(z) RNAi,0.6557259169997516,0.30161089652903206,-39.89056420430778,100,2000
78,14.710211946050096,743.897880539499,295.79383429672447,3613.0,1.391198186336027,21717.374566473987,Ezi_3,E(z) RNAi,0.47805946963869683,0.420491102645268,-38.691062303678876,100,2000
79,11.87248322147651,770.2424496644295,340.998322147651,1558.0,1.4167215203439367,19810.482382550337,Ezi_3,E(z) RNAi,0.3691730574745704,0.47927875416550725,-41.67432486246347,100,2000
80,12.712827988338192,772.8333333333334,262.3075801749271,2654.0,1.5930832020774148,38829.102040816324,Ezi_3,E(z) RNAi,0.5619365726551455,0.4802750525365487,-40.744001258919766,100,2000
81,11.445945945945946,787.9054054054054,368.28746928746926,1052.0,1.67966534545697,20961.96928746929,Ezi_3,E(z) RNAi,0.3035529825063017,0.5185301519733245,-42.19465917530283,100,2000
82,11.9056875449964,794.6263498920086,272.00359971202306,2022.0,1.8811216665064863,22507.722822174226,Ezi_3,E(z) RNAi,0.5396497489874796,0.5273201492603445,-41.63679249704467,100,2000
83,11.84217877094972,808.6117318435754,312.13128491620114,1018.0,1.4687895672094267,20081.84497206704,Ezi_3,E(z) RNAi,0.4423631999798281,0.5594688955688205,-41.79780547667493,100,2000
84,14.097157622739019,854.0552971576227,344.18242894056846,2480.0,1.298195860456075,45971.174677002586,Ezi_3,E(z) RNAi,0.3669184387934574,0.6582798353054646,-39.73629882952717,100,2000
85,17.836553524804177,870.751958224543,343.8621409921671,2716.0,1.3465989079689364,33908.128459530024,Ezi_3,E(z) RNAi,0.3687962858946734,0.6939082021442844,-36.052830924530014,100,2000
86,13.46177370030581,218.16941896024466,572.428134556575,2191.0,1.6394952642884668,27906.60366972477,Ezi_3,E(z) RNAi,-0.23377601304638285,-0.6851259082243519,-38.51364683861321,100,2000
87,12.656565656565656,223.36363636363637,369.2949494949495,835.0,1.626296352787713,23782.39595959596,Ezi_3,E(z) RNAi,0.26373557580417195,-0.6857627051461146,-39.081525329807015,100,2000
88,16.90434083601286,230.67202572347267,365.4244372990354,1947.0,1.558613435403203,24321.18810289389,Ezi_3,E(z) RNAi,0.2736800039777971,-0.6703637171420819,-34.85356774191507,100,2000
89,15.46334089191232,356.1326530612245,259.4149659863946,3899.0,1.5163705894142334,39230.210506424795,Ezi_3,E(z) RNAi,0.5414408726114632,-0.4088361193390021,-36.58465103749333,100,2000
90,15.337830545062062,377.8807339449541,229.0636805180788,2365.0,1.3974046913655072,44829.40636805181,Ezi_3,E(z) RNAi,0.6171643610481745,-0.3641909261350189,-36.74542373064107,100,2000
91,11.896414342629482,386.7848605577689,178.62749003984064,712.0,1.5026657356999602,38050.0796812749,Ezi_3,E(z) RNAi,0.7412051064101062,-0.34812838265451096,-40.15357005762294,100,2000
92,14.098081023454158,385.8880597014925,200.2537313432836,1289.0,1.5626181653005007,40014.47014925373,Ezi_3,E(z) RNAi,0.6882095812166371,-0.348778668863867,-37.97602456561508,100,2000
93,16.479360852197072,394.65113182423437,171.27075011096315,3045.0,1.5521618769290526,56941.31513537506,Ezi_3,E(z) RNAi,0.7597179820011863,-0.3317378113349534,-35.587950991079076,100,2000
94,12.777241379310345,426.3124137931035,234.8144827586207,1870.0,1.4327558116617285,55306.10206896552,Ezi_3,E(z) RNAi,0.6063007184777633,-0.2605567034061299,-39.47653557126641,100,2000
95,13.093887530562347,428.7330073349633,296.1559902200489,2422.0,1.557707602491896,56422.13007334963,Ezi_3,E(z) RNAi,0.4563274629744203,-0.2518537065923594,-39.24501031499035,100,2000
96,11.780718336483933,434.1275992438563,204.1446124763705,1332.0,1.6380457332189273,41859.66446124764,Ezi_3,E(z) RNAi,0.6818846659471576,-0.24565981620606248,-40.460930190300225,100,2000
97,12.473953013278855,455.17875383043923,241.7231869254341,1358.0,1.8320816257452996,42605.599591419814,Ezi_3,E(z) RNAi,0.5913023230523247,-0.1985788462043886,-39.88583430795047,100,2000
98,12.622005988023952,455.5523952095808,260.9206586826347,1812.0,1.6547349887130325,44479.54191616766,Ezi_3,E(z) RNAi,0.5443410734010372,-0.1966738041739674,-39.76312648844759,100,2000
99,14.295210569777044,648.494632535095,289.0293146160198,3373.0,1.8523011413371409,29158.477291494633,Ezi_3,E(z) RNAi,0.488305164990293,0.21657046778192846,-38.77584928875356,100,2000
100,13.282212885154062,708.3487394957983,320.25840336134456,1739.0,1.5030884378267153,25593.128151260506,Ezi_3,E(z) RNAi,0.4158350305051679,0.34605285370517436,-40.02986291757972,100,2000
101,14.04884896125772,716.299831555306,172.19371139809095,2120.0,1.3451036852031202,49057.99831555306,Ezi_3,E(z) RNAi,0.7787451529980891,0.35448389565209126,-39.104290531883485,100,2000
102,12.789687924016283,761.1967435549525,277.4002713704206,1084.0,1.5931506156750774,20871.777476255087,Ezi_3,E(z) RNAi,0.5242273633459695,0.4563209984419767,-40.64683465417902,100,2000
103,12.925133689839573,780.6702317290552,247.42959001782532,773.0,1.5610190349027608,22241.84670231729,Ezi_3,E(z) RNAi,0.5988681060905077,0.49613755182697883,-40.53945987528179,100,2000
104,12.209271523178808,801.9973509933775,242.8794701986755,1138.0,1.6053439423732512,22846.817218543045,Ezi_3,E(z) RNAi,0.6114174296086672,0.541368009622655,-41.32152981053797,100,2000
105,16.791923990498812,886.5852731591449,341.9866983372922,2824.0,1.7796496120851466,32906.43420427554,Ezi_3,E(z) RNAi,0.3744368587065183,0.7275703293397358,-37.148495035910315,100,2000
106,24.887323943661972,145.07570422535213,478.1892605633803,2696.0,1.7502148907283641,18529.471830985916,Ezi_3,E(z) RNAi,-0.007995835912537275,-0.8464101534923891,-26.72345165888601,100,2000
107,14.281666666666666,186.54,651.335,924.0,1.426412172266306,17452.99,Ezi_3,E(z) RNAi,-0.4289943056689758,-0.7480467607978107,-37.68608888222268,100,2000
108,16.933333333333334,191.8521739130435,622.7918840579711,2407.0,1.5018716757403026,27679.325217391306,Ezi_3,E(z) RNAi,-0.35879153871183267,-0.7383405177595873,-35.016544700611234,100,2000
109,14.66016548463357,297.23345153664303,382.3534278959811,2181.0,1.7286320024565323,36300.074468085106,Ezi_3,E(z) RNAi,0.2366564012680099,-0.5274057794215018,-37.343429761248686,100,2000
110,15.824871228844739,329.22663723325974,351.74981604120677,2429.0,1.8484555696897806,20279.97203826343,Ezi_3,E(z) RNAi,0.31367156260312634,-0.46090946344712,-36.24822739385783,100,2000
111,13.529411764705882,345.97058823529414,221.9294117647059,593.0,1.9670072757214114,29790.24705882353,Ezi_3,E(z) RNAi,0.6325194677425858,-0.4326906070092974,-38.43727096201071,100,2000
112,13.458015267175572,351.0330788804071,211.20483460559797,1133.0,1.512415944913247,26784.846055979644,Ezi_3,E(z) RNAi,0.6591028426668475,-0.42250945340824664,-38.512284557782046,100,2000
113,17.657189721159103,340.9037725533078,212.74904319300165,2815.0,1.3649014547673168,45588.1098961181,Ezi_3,E(z) RNAi,0.6546413361994259,-0.4439991639254809,-34.28091584006411,100,2000
114,13.660944206008583,348.18454935622316,229.82489270386267,1803.0,1.6486571275885136,29753.68583690987,Ezi_3,E(z) RNAi,0.6133414808335744,-0.4275112915985616,-38.32311071292907,100,2000
115,12.948643410852712,364.04457364341084,207.2548449612403,1342.0,1.5187029772431535,28651.624031007752,Ezi_3,E(z) RNAi,0.6696326344406773,-0.3949829510249725,-39.06057590141286,100,2000
116,14.965921192758254,363.7502662406816,349.87912673056445,2253.0,1.5234682132406034,33378.42012779553,Ezi_3,E(z) RNAi,0.32053646065197006,-0.38737291153976283,-37.22124791243983,100,2000
117,14.669491525423728,383.6949152542373,263.14667535853977,1875.0,1.5909999335298193,25618.164928292048,Ezi_3,E(z) RNAi,0.5341332515279371,-0.34982704362107286,-37.47612420260476,100,2000
118,14.022535211267606,381.64225352112675,171.88732394366198,526.0,1.3704436873054877,36096.814084507045,Ezi_3,E(z) RNAi,0.7573552984638066,-0.3594724796113805,-38.00166483265448,100,2000
119,13.990888382687928,398.16742596810934,190.4749430523918,1391.0,1.6250759373652304,39589.94874715262,Ezi_3,E(z) RNAi,0.7129556968528972,-0.3231471923048663,-38.11235784752713,100,2000
120,14.486516853932585,412.38988764044944,176.18370786516854,2176.0,1.3991446534893197,52387.2404494382,Ezi_3,E(z) RNAi,0.7488727960425174,-0.2936262240268074,-37.646765469268324,100,2000
121,14.118217054263566,428.3779069767442,183.875,1259.0,1.4943966739785193,37367.08720930233,Ezi_3,E(z) RNAi,0.7311072265410046,-0.25907755918348596,-38.07862787071417,100,2000
122,13.423728813559322,442.6261216350947,254.57328015952143,1499.0,1.8745224825588873,36472.95812562313,Ezi_3,E(z) RNAi,0.5590187534673243,-0.22461008814360572,-38.90985489879959,100,2000
123,14.076156583629894,445.59572953736654,215.02989323843417,1725.0,1.5772269706700779,45792.54590747331,Ezi_3,E(z) RNAi,0.6559952481352305,-0.22055010214718684,-38.21783652895739,100,2000
124,13.96063454759107,624.8425381903643,204.27967097532314,2049.0,1.4421287885674814,57154.11633372503,Ezi_3,E(z) RNAi,0.6941649575118476,0.16122368829146527,-38.92433933304834,100,2000
125,13.815401419989078,623.3009284543965,236.64773347897324,2209.0,1.5741216714863355,49834.46531949754,Ezi_3,E(z) RNAi,0.614842997549143,0.15980008880206142,-39.104980135940295,100,2000
126,13.639977285633163,639.5729699034639,226.77001703577514,2119.0,1.534590014227108,49860.54628052243,Ezi_3,E(z) RNAi,0.6400955745816654,0.1939431008060888,-39.32288472858704,100,2000
127,13.847361809045227,658.9836683417085,209.05276381909547,1975.0,1.6417374563632254,38727.87060301508,Ezi_3,E(z) RNAi,0.6847418624400965,0.23433271670910805,-39.15873244584929,100,2000
128,14.11389236545682,701.5944931163955,264.6239048811014,1932.0,1.3799359133244071,36876.26720901126,Ezi_3,E(z) RNAi,0.5515504908571873,0.32844209180418726,-39.10561546365906,100,2000
129,13.966921119592875,696.5148430873621,178.0,1482.0,1.4409112399826531,39933.12213740458,Ezi_3,E(z) RNAi,0.7632256675097344,0.31260995701456173,-39.12678184438748,100,2000
130,15.578761952692501,703.7559134373428,282.58681429290385,3034.0,1.9414050714592175,38949.88223452441,Ezi_3,E(z) RNAi,0.5077253393524277,0.3340994628242637,-37.67057960492041,100,2000
131,13.018382352941176,720.7941176470588,250.34191176470588,589.0,1.6283579499309533,20327.823529411766,Ezi_3,E(z) RNAi,0.5877787730219814,0.36857001323797833,-40.24794718920235,100,2000
132,16.65112452002194,717.9330773450356,212.2973121228744,2705.0,1.3220834485493362,26856.63850795392,Ezi_3,E(z) RNAi,0.6806927844636466,0.36029931381613856,-36.557851511003086,100,2000
133,16.853522867737947,734.1718170580964,220.58343634116193,2463.0,1.192948673385262,29033.764524103834,Ezi_3,E(z) RNAi,0.6614863334500116,0.39542129360630063,-36.42061120170672,100,2000
134,12.775919732441471,745.4515050167224,212.93311036789297,518.0,1.4543336007178864,24098.421404682274,Ezi_3,E(z) RNAi,0.6809682370451875,0.4190139848092027,-40.526628355975895,100,2000
135,14.423976608187134,807.2350877192982,260.56315789473683,2097.0,1.3473135877110958,33264.235087719295,Ezi_3,E(z) RNAi,0.5684770529475034,0.5535775603429711,-39.14668717237793,100,2000
136,15.97225891677675,175.46235138705416,614.5693527080581,1198.0,1.9441391144151186,18022.895640686922,Ezi_3,E(z) RNAi,-0.3397485652264911,-0.7737866550370399,-35.91202645651856,100,2000
137,16.968729208250167,190.46307385229542,364.55755156353956,2205.0,1.7952308200916356,21598.224218230207,Ezi_3,E(z) RNAi,0.2731414238347878,-0.7561926109422374,-34.65249689061624,100,2000
138,14.449367088607595,207.70991561181435,539.9135021097046,1215.0,1.416843608778007,17652.23523206751,Ezi_3,E(z) RNAi,-0.15489167659368996,-0.7093070973292195,-37.449996383852785,100,2000
139,14.60559796437659,256.3104325699746,348.17811704834605,1603.0,1.6288378539561859,22016.978795589483,Ezi_3,E(z) RNAi,0.31759282992032656,-0.6166793380705189,-37.21711893977354,100,2000
140,14.484615384615385,273.9723076923077,348.7923076923077,1760.0,1.7160374065389443,22546.407692307694,Ezi_3,E(z) RNAi,0.3172584009514505,-0.5789660139501809,-37.398431837828625,100,2000
141,15.58936403508772,275.8569078947368,385.5882675438597,2388.0,1.357652703942187,25097.508771929824,Ezi_3,E(z) RNAi,0.2273223305937122,-0.5728159606637171,-36.34620806686007,100,2000
142,14.112092391304348,294.2724184782609,350.7547554347826,1998.0,1.4121960984921742,24274.987092391304,Ezi_3,E(z) RNAi,0.3137993843079243,-0.5355485270495679,-37.84187181303196,100,2000
143,16.123711340206185,305.6850984067479,272.51312089971884,2684.0,1.3789684422601534,35789.80927835051,Ezi_3,E(z) RNAi,0.5060440002100224,-0.5156979294669759,-35.77059449420054,100,2000
144,14.868852459016393,307.61475409836066,225.55327868852459,2586.0,1.7801912823631316,38347.26383196721,Ezi_3,E(z) RNAi,0.6211087978755663,-0.5142979829225354,-36.97303912239405,100,2000
145,15.618289085545722,320.64896755162243,275.0206489675516,2000.0,1.4911309763595313,38313.70855457227,Ezi_3,E(z) RNAi,0.5008982577995222,-0.48363400045791316,-36.329621466042816,100,2000
146,14.101746393318148,317.90964312832193,192.63933181473044,1870.0,1.9088157135615684,41225.09870918755,Ezi_3,E(z) RNAi,0.7023484873228598,-0.49423876285888135,-37.73356516820019,100,2000
147,16.66421947449768,322.8017774343122,217.0274343122102,3221.0,1.601089473529869,34747.42735703246,Ezi_3,E(z) RNAi,0.6429752939302193,-0.4823774185340267,-35.21820234124786,100,2000
148,13.499485066941297,328.3532440782698,236.59938208032955,1433.0,1.8318454283655594,25280.361483007207,Ezi_3,E(z) RNAi,0.5954494996200805,-0.46942879446087893,-38.42619127112424,100,2000
149,15.63905987688864,333.2456631225518,408.9792949076665,2113.0,1.3961476413509877,34242.13206491326,Ezi_3,E(z) RNAi,0.1738696178398147,-0.4490372033387262,-36.5193879866061,100,2000
150,14.280830280830282,380.22466422466425,348.2918192918193,1029.0,1.498652462174125,19674.908424908426,Ezi_3,E(z) RNAi,0.3255132146244595,-0.35232391047319056,-37.95989911222701,100,2000
151,15.495,399.154375,260.286875,1980.0,1.6182664127128956,29155.05875,Ezi_3,E(z) RNAi,0.5421529681764528,-0.3170056420621138,-36.69916674544724,100,2000
152,14.433560477001704,416.0800681431005,222.56558773424192,1445.0,1.4235554939459836,52633.16780238501,Ezi_3,E(z) RNAi,0.6355980663875098,-0.2830799738995433,-37.77035414267137,100,2000
153,15.243661971830987,420.7830985915493,209.93873239436618,1701.0,1.409628375585593,48791.50422535211,Ezi_3,E(z) RNAi,0.6668109502261945,-0.27376894476563096,-36.96027675400815,100,2000
154,16.024590163934427,434.0081967213115,220.95901639344262,1595.0,1.5687209281614511,45652.8,Ezi_3,E(z) RNAi,0.6407116613161203,-0.24491424177210674,-36.237777678102766,100,2000
155,14.923547400611621,442.62079510703364,287.63200815494395,2405.0,1.611641034254719,47563.49235474006,Ezi_3,E(z) RNAi,0.47810335039081764,-0.22270449730622488,-37.451501867647195,100,2000
156,14.972822730080296,454.0543545398394,277.27053736874615,2007.0,1.5578016771679484,46667.007411982704,Ezi_3,E(z) RNAi,0.504219172149176,-0.19890987314045616,-37.42778490116656,100,2000
157,18.1113172541744,465.4656771799629,264.834879406308,4033.0,1.324329901963874,51868.888064316634,Ezi_3,E(z) RNAi,0.5354012709739873,-0.17525983026916447,-34.312191577914504,100,2000
158,13.999455930359085,590.6828073993471,225.6436343852013,2242.0,1.65705455140168,55202.55223068553,Ezi_3,E(z) RNAi,0.6396169499044442,0.08958141254091445,-38.797124598048924,100,2000
159,15.44317532838378,602.7538549400342,236.1336379211879,2186.0,1.445314891900932,58538.310108509424,Ezi_3,E(z) RNAi,0.6147372797953212,0.11594837485804188,-37.407281576046124,100,2000
160,15.14071696094168,611.5355805243446,221.0561797752809,2340.0,1.4578661252333287,59399.57035848047,Ezi_3,E(z) RNAi,0.6522209806809804,0.13381127089724099,-37.72043689688677,100,2000
161,12.69078947368421,618.546052631579,352.18092105263156,535.0,1.956036243019088,17747.91447368421,Ezi_3,E(z) RNAi,0.33176575276623677,0.15630940505851387,-40.358492189171116,100,2000
162,13.069832402234637,646.6522346368715,272.92737430167597,1061.0,1.6432736249110116,23900.312849162012,Ezi_3,E(z) RNAi,0.5275960438455924,0.211702717703522,-39.974805784825435,100,2000
163,15.984931506849316,669.862100456621,186.80319634703196,3029.0,1.4843232113227045,49929.15251141552,Ezi_3,E(z) RNAi,0.7399109650378592,0.25627281224935294,-37.029948385341754,100,2000
164,14.422451994091581,693.7533234859675,236.75480059084194,964.0,1.4695336735572664,23084.285081240767,Ezi_3,E(z) RNAi,0.6192401148748343,0.310109611054858,-38.73565213997257,100,2000
165,12.706860706860708,706.0291060291061,219.45322245322245,737.0,1.692079252542285,23960.534303534303,Ezi_3,E(z) RNAi,0.6624024974280298,0.3352880158832614,-40.470923859732636,100,2000
166,15.660559305689489,761.4059787849566,349.3481195756991,1429.0,1.5590348388472597,22936.203471552555,Ezi_3,E(z) RNAi,0.3481416665019035,0.4609365018841116,-37.86694958844568,100,2000
167,16.11668611435239,778.3640606767794,316.5198366394399,2187.0,1.423065327277577,37828.2707117853,Ezi_3,E(z) RNAi,0.42960902580075877,0.49522440803085166,-37.4268282168662,100,2000
168,14.6,804.0660633484163,292.57466063348414,1479.0,1.6720637975451356,22732.657013574662,Ezi_3,E(z) RNAi,0.48991918910987775,0.5486639079187192,-39.00013813588966,100,2000
169,15.382139983909896,828.1777956556717,382.90587288817375,1703.0,1.5792556804347218,30384.77152051488,Ezi_3,E(z) RNAi,0.2704277181972614,0.6053163184454262,-38.412639403172335,100,2000
170,18.103749357986647,169.82999486389318,652.7580893682589,2818.0,1.5360760786466647,27236.587057010787,Ezi_3,E(z) RNAi,-0.43359365746305834,-0.7835850651907805,-33.80946565893194,100,2000
171,18.505183788878416,200.0970782280867,659.1281809613572,1868.0,1.7007281098507068,33845.10744580584,Ezi_3,E(z) RNAi,-0.44718314427167793,-0.7186448793897262,-33.51809412559257,100,2000
172,16.170876671619613,205.85809806835067,647.5222882615157,2053.0,1.5933365517370517,33412.5,Ezi_3,E(z) RNAi,-0.418390105975999,-0.7070407825752989,-35.85725366653702,100,2000
173,15.319057815845824,237.14132762312633,347.5524625267666,764.0,1.7424924209809636,22149.43897216274,Ezi_3,E(z) RNAi,0.3178539163386218,-0.6576044520992466,-36.43823544087894,100,2000
174,16.6678032148076,245.47442766682903,337.14369215781784,2624.0,1.4060698617911147,39241.600584510474,Ezi_3,E(z) RNAi,0.34387668718330633,-0.6404174475292692,-35.10454189810957,100,2000
175,16.571171171171173,259.85585585585585,377.8114114114114,2389.0,1.5323713052874548,28004.491891891892,Ezi_3,E(z) RNAi,0.24529470768918493,-0.6073929039342808,-35.30069100624212,100,2000
176,15.85820895522388,289.46268656716416,530.8022388059702,1101.0,1.7412062937593702,18199.861940298506,Ezi_3,E(z) RNAi,-0.12718751146748108,-0.5354156988055355,-36.30542532516802,100,2000
177,15.906022501654533,282.0271343481138,339.4142951687624,2248.0,1.833374623450722,30704.655857048314,Ezi_3,E(z) RNAi,0.3407397896886495,-0.562312703181696,-35.992431771718614,100,2000
178,16.436923076923076,301.4123076923077,242.8471794871795,1360.0,1.5800586138579256,21303.189743589744,Ezi_3,E(z) RNAi,0.578367416843284,-0.5265214092553654,-35.4057584000011,100,2000
179,15.843088418430884,306.11083437110835,351.5977584059776,1107.0,1.6165958794320188,26170.81693648817,Ezi_3,E(z) RNAi,0.31251440670052477,-0.510231973458115,-36.15186688579762,100,2000
180,16.721271393643033,330.0650366748166,201.89095354523226,2469.0,1.406988207277402,53851.23129584352,Ezi_3,E(z) RNAi,0.680501971616231,-0.4677547186732961,-35.16665498101321,100,2000
181,15.788713007570543,329.12250516173435,322.22986923606334,1956.0,1.9195938164044748,25968.412250516172,Ezi_3,E(z) RNAi,0.3859144385469895,-0.46283389665838925,-36.246999986006315,100,2000
182,17.011355571327183,340.12987934705467,191.63023420865863,1965.0,1.4417418588231263,33056.65862313698,Ezi_3,E(z) RNAi,0.7062799702598344,-0.4468724743706348,-34.897641443609075,100,2000
183,16.871739130434783,345.2820652173913,502.5695652173913,3339.0,1.6656031396727988,13920.420652173912,Ezi_3,E(z) RNAi,-0.05439849833926991,-0.4179544018876552,-35.44472030561578,100,2000
184,15.635120925341745,345.5720294426919,296.80441640378547,1262.0,1.5792813952509723,21957.825446898,Ezi_3,E(z) RNAi,0.4492315651083212,-0.42920852515479746,-36.42416578287115,100,2000
185,16.22263868065967,351.0749625187406,394.40929535232385,1852.0,1.6030126618048934,20123.38380809595,Ezi_3,E(z) RNAi,0.21070735466985124,-0.411837056086661,-35.977659343357296,100,2000
186,15.521079258010118,355.9856661045531,285.6998313659359,1584.0,1.605753149081584,20190.877740303542,Ezi_3,E(z) RNAi,0.4770991391372015,-0.40763377563804193,-36.55939302993886,100,2000
187,16.73525179856115,379.4669064748201,210.71942446043167,1876.0,1.5399451177554275,44000.69496402878,Ezi_3,E(z) RNAi,0.6621626310883075,-0.36185459418571997,-35.33034674406906,100,2000
188,17.103008204193255,390.50410209662715,229.09480401093893,1399.0,1.3343421033674876,48613.439380127624,Ezi_3,E(z) RNAi,0.6179182796942304,-0.33724636407685793,-35.02286591873992,100,2000
189,16.3386709367494,393.8150520416333,215.4267413931145,1618.0,1.4080073793769805,44594.17614091273,Ezi_3,E(z) RNAi,0.6515918917227388,-0.3309765897715864,-35.78121638691214,100,2000
190,16.7677304964539,610.0390070921986,199.16267730496455,2665.0,1.556675950695319,57688.2655141844,Ezi_3,E(z) RNAi,0.7057013845412821,0.12936808714153947,-36.0609205649678,100,2000
191,18.5200683176772,637.9897523484201,262.32322801024765,3176.0,1.4159037806210553,32601.53586678053,Ezi_3,E(z) RNAi,0.552960945930741,0.19265089956868575,-34.48208951472306,100,2000
192,15.78862660944206,639.6534334763949,377.975321888412,1212.0,1.6755126399999973,16756.95600858369,Ezi_3,E(z) RNAi,0.27002188484226486,0.20284836202711198,-37.3642151941299,100,2000
193,18.73535118354676,692.8537058595266,188.36127279782693,3306.0,1.3740370467720613,57164.90259992239,Ezi_3,E(z) RNAi,0.7376108093773055,0.3054315516524526,-34.359035041783955,100,2000
194,14.85446527012128,719.2601984564499,265.57883131201766,1343.0,1.7343809302689006,25852.124586549064,Ezi_3,E(z) RNAi,0.5503799159464888,0.3661894933247225,-38.42581884061374,100,2000
195,16.983992467043315,735.5682674199624,267.36064030131826,2648.0,1.3953074934127938,38696.114877589454,Ezi_3,E(z) RNAi,0.5470917858593736,0.40109836258623854,-36.353535968043445,100,2000
196,16.444444444444443,754.8195718654434,241.33537206931703,1519.0,1.4663094896018667,22357.85219164118,Ezi_3,E(z) RNAi,0.612063407559547,0.4406634968754499,-36.92535106127862,100,2000
197,16.584723441615452,763.9043020193152,252.14661984196664,1573.0,1.5331344067477521,23727.61106233538,Ezi_3,E(z) RNAi,0.5862036434385909,0.4606686780968454,-36.82927235836197,100,2000
198,18.001917545541705,795.535953978907,251.2751677852349,1608.0,1.5452116178328719,28917.453499520612,Ezi_3,E(z) RNAi,0.590425117611977,0.5281098110876523,-35.51766454269065,100,2000
199,17.233480176211454,804.4476872246696,224.34140969162996,2817.0,1.3109067799681973,28211.121696035243,Ezi_3,E(z) RNAi,0.6569368765340982,0.5455630770816373,-36.28235995481667,100,2000
200,16.22859025032938,815.2687747035573,346.63965744400525,1935.0,1.7324636966302216,29606.584980237156,Ezi_3,E(z) RNAi,0.35833235233985117,0.5756921452242998,-37.477164181373546,100,2000
201,15.297687861271676,814.5404624277456,298.05202312138726,534.0,1.6580624503990993,24581.2774566474,Ezi_3,E(z) RNAi,0.4772043841419007,0.5713302424320716,-38.34464888947736,100,2000
202,16.835125448028673,820.1111111111111,296.21863799283153,622.0,1.6245591488728894,25171.247311827956,Ezi_3,E(z) RNAi,0.48205572639046634,0.5831197971685023,-36.823706900245604,100,2000
203,15.969213853765805,871.1088510170423,395.4343045629467,2411.0,1.5008807654050664,34934.627817482135,Ezi_3,E(z) RNAi,0.24260305588672115,0.6976294850920752,-37.986061877055754,100,2000
204,17.13224043715847,864.8360655737705,326.5989071038251,1209.0,1.320605876851721,27371.998907103825,Ezi_3,E(z) RNAi,0.4106584424673272,0.6802871313528769,-36.715531899055,100,2000
205,15.579365079365079,873.4146825396825,316.1845238095238,744.0,1.3405999159262019,22069.680555555555,Ezi_3,E(z) RNAi,0.4367194555480107,0.6979764986161696,-38.284261237732835,100,2000
206,17.76620570440795,881.4926534140018,322.637856525497,3637.0,1.8037040465286083,25983.606309420917,Ezi_3,E(z) RNAi,0.4214531971465727,0.7155975283304163,-36.132771872726046,100,2000
207,18.17411121239745,136.19553327256153,585.1107566089335,3264.0,1.3869699695306794,20540.677301731997,Ezi_3,E(z) RNAi,-0.2702530871007256,-0.8592386271338289,-33.54081292957803,100,2000
208,17.31618144888287,168.1306702775897,463.4468517264726,1799.0,1.4209388445898548,23585.34394041977,Ezi_3,E(z) RNAi,0.029632802467591812,-0.7981310780764331,-34.35379757843871,100,2000
209,18.630208333333332,175.93402777777777,429.09375,1841.0,1.7153619583465223,16476.53125,Ezi_3,E(z) RNAi,0.11422404642840567,-0.7834549969323823,-33.02299654342879,100,2000
210,16.52276467361492,212.4931431705979,385.055951727921,2239.0,1.6072101611263736,34274.74602303895,Ezi_3,E(z) RNAi,0.2244305769965511,-0.7080163463810125,-35.198466084264616,100,2000
211,15.641284403669724,238.78165137614678,406.1733944954128,1258.0,1.5864126354009302,24228.363302752292,Ezi_3,E(z) RNAi,0.17448759588279472,-0.650722855044535,-36.19508540907624,100,2000
212,17.112121212121213,245.45333333333335,485.3606060606061,2112.0,1.634784851024906,28308.604242424244,Ezi_3,E(z) RNAi,-0.0188848227792362,-0.6319135291584548,-34.84610109316233,100,2000
213,16.436,241.116,355.68,566.0,1.9827887199274052,22740.432,Ezi_3,E(z) RNAi,0.29822165107496,-0.6486484001433634,-35.344900543453825,100,2000
214,15.965289256198346,277.8198347107438,723.7801652892562,934.0,1.761091765044592,16027.543801652893,Ezi_3,E(z) RNAi,-0.600268877125619,-0.5491266252561988,-36.40118326246588,100,2000
215,17.606583072100314,296.5360501567398,254.79467084639498,1664.0,1.2425100420293154,22898.4592476489,Ezi_3,E(z) RNAi,0.5488001696477924,-0.5362267744942493,-34.23465064996031,100,2000
216,16.243844320889593,300.74185861795075,170.94440031771248,1526.0,1.469603940421016,29021.650516282763,Ezi_3,E(z) RNAi,0.7543046707215881,-0.5320987818974398,-35.50636937845444,100,2000
217,16.74701411509229,305.943539630836,188.28338762214983,1161.0,1.3798471445489822,32965.745928338765,Ezi_3,E(z) RNAi,0.7122104316318125,-0.5199984615547607,-35.042496919016585,100,2000
218,16.80052219321149,307.1587467362924,317.6433420365535,2678.0,1.8505695336970542,35154.426631853785,Ezi_3,E(z) RNAi,0.39568397182369375,-0.5099471604334245,-35.15537565410031,100,2000
219,17.719506624029236,320.17633622658747,336.77295568752857,3303.0,1.8934217269251783,22835.86569209685,Ezi_3,E(z) RNAi,0.3497230894448238,-0.4810665839985915,-34.3042950137537,100,2000
220,17.300518134715027,325.2642487046632,730.293609671848,1281.0,1.8908456755871117,19553.955094991365,Ezi_3,E(z) RNAi,-0.6130754829621929,-0.447526295976707,-35.234129724365104,100,2000
221,17.226446280991734,342.6661157024793,243.22314049586777,1778.0,1.4513934536008533,39029.82479338843,Ezi_3,E(z) RNAi,0.5801742211670884,-0.43848558174517405,-34.75583084753992,100,2000
222,16.37806301050175,347.7129521586931,416.7036172695449,1164.0,1.779925305870022,16752.404900816804,Ezi_3,E(z) RNAi,0.15591944801422342,-0.4177228231131278,-35.83886775097647,100,2000
223,16.338383838383837,359.47474747474746,240.81986531986533,921.0,1.4973674879434615,29913.79797979798,Ezi_3,E(z) RNAi,0.5871707346204023,-0.40277206712363745,-35.69755571802882,100,2000
224,17.802854122621564,372.20454545454544,291.95771670190277,2380.0,1.6292641306580269,47387.40697674418,Ezi_3,E(z) RNAi,0.46284954003125245,-0.37265599628158286,-34.34017816319104,100,2000
225,16.83868169991327,386.86296617519514,374.07805724197743,1565.0,1.691951442844073,17272.09019947962,Ezi_3,E(z) RNAi,0.2628336377049072,-0.3366568180066166,-35.45680049209382,100,2000
226,19.19453044375645,405.2368421052632,228.09391124871001,3154.0,1.2854281599259294,57418.65428276574,Ezi_3,E(z) RNAi,0.6213366635067261,-0.3058589250923729,-32.979784289727775,100,2000
227,16.912246234446627,429.60576293385725,258.2914210870989,1919.0,1.6957481244167785,36752.4309102816,Ezi_3,E(z) RNAi,0.5490473389586121,-0.25214721976118215,-35.38211651754145,100,2000
228,17.285009861932938,436.34516765285997,238.3422090729783,1550.0,1.8301606727944597,42068.731755424065,Ezi_3,E(z) RNAi,0.5983175544906068,-0.23891727172535604,-35.007055105493095,100,2000
229,16.794014084507044,444.36913145539904,193.62030516431926,2163.0,1.5339063598167635,55795.31866197183,Ezi_3,E(z) RNAi,0.7083060327642974,-0.2243815090081962,-35.46900081644858,100,2000
230,17.094691535150645,456.8816355810617,247.86441893830704,1839.0,1.5518870474500233,49446.69153515065,Ezi_3,E(z) RNAi,0.5763712422572558,-0.1945583600120241,-35.27857274874482,100,2000
231,16.40153096729297,457.48990953375085,298.7821851078636,1675.0,1.4175006710639608,42149.9652052888,Ezi_3,E(z) RNAi,0.4517929279993622,-0.19032999359224279,-36.037658949242896,100,2000
232,15.871834228702992,466.5848042977744,285.3031465848043,1595.0,1.6004375683525784,37593.16960859555,Ezi_3,E(z) RNAi,0.4853858841896397,-0.17170849282164113,-36.58111255707879,100,2000
233,16.31578947368421,566.7060470324748,254.05263157894737,2097.0,1.5566172972668708,54022.495520716686,Ezi_3,E(z) RNAi,0.5684935051459741,0.04008562138124461,-36.435590489453936,100,2000
234,16.75290519877676,596.8128440366972,205.40672782874617,1911.0,1.4724634467125883,58395.815902140675,Ezi_3,E(z) RNAi,0.6895442013366089,0.10151208297844438,-36.038977076132284,100,2000
235,15.576086956521738,598.774154589372,267.1437198067633,1309.0,1.8310085187114324,31284.475845410627,Ezi_3,E(z) RNAi,0.5385768708500556,0.1092472227964072,-37.2998538758346,100,2000
236,18.51033912324235,600.3341604631927,222.00165425971878,1810.0,1.588694977028325,60984.95947063689,Ezi_3,E(z) RNAi,0.6491563023350058,0.1099938278703636,-34.31424850516443,100,2000
237,16.135044642857142,621.4107142857143,262.39174107142856,1331.0,1.698675854138847,24734.46875,Ezi_3,E(z) RNAi,0.5517032394689814,0.1572687877820842,-36.81127475160147,100,2000
238,17.450507614213198,630.255076142132,291.68908629441626,2067.0,1.3823992148198383,25304.770304568527,Ezi_3,E(z) RNAi,0.480579759024959,0.17783556767091513,-35.562400819233645,100,2000
239,16.143817204301076,637.6908602150538,184.122311827957,1201.0,1.873557899562454,39725.88978494624,Ezi_3,E(z) RNAi,0.7443436004828627,0.18748719066380004,-36.75921038363066,100,2000
240,18.22805469783855,654.2377591530658,263.72518747243055,2795.0,1.4351528652384515,48990.554036171154,Ezi_3,E(z) RNAi,0.550605413932765,0.22739213864303487,-34.83065269843132,100,2000
241,17.049342105263158,657.0892857142857,307.1968984962406,2745.0,1.5751948110605367,33995.66212406015,Ezi_3,E(z) RNAi,0.4444010053220806,0.23597328348166835,-36.07351118408495,100,2000
242,17.36392405063291,663.5708860759494,277.7329113924051,1970.0,1.565731034141064,34287.90189873418,Ezi_3,E(z) RNAi,0.5169416116537411,0.24810423421425432,-35.743824936138836,100,2000
243,17.60641627543036,671.37558685446,260.7488262910798,1899.0,1.5192147371130618,23569.15884194053,Ezi_3,E(z) RNAi,0.5590255673325506,0.26377683399669194,-35.50634644530996,100,2000
244,17.869540555870675,709.7595008508224,247.16676120249574,2269.0,1.456380201867633,38200.472490073735,Ezi_3,E(z) RNAi,0.5948060841465821,0.3448816025947805,-35.3556253241666,100,2000
245,18.565881604073837,781.1502227880331,331.72374283895607,1938.0,1.3403727041235625,34900.11266709102,Ezi_3,E(z) RNAi,0.39257502455662907,0.5020626437165652,-35.00611831768941,100,2000
246,18.422790202342917,794.5676251331204,265.9914802981896,1496.0,1.5970558769367844,25744.54100106496,Ezi_3,E(z) RNAi,0.5543418862855329,0.5268955876956232,-35.111991488436374,100,2000
247,18.027950310559007,829.8571428571429,299.6583850931677,606.0,1.6946963403270465,24483.819875776397,Ezi_3,E(z) RNAi,0.47427836076738106,0.6041183921188868,-35.66807131876192,100,2000
248,17.10757575757576,843.9621212121212,283.07575757575756,1010.0,1.3879254914695134,26334.512121212123,Ezi_3,E(z) RNAi,0.5157998706798319,0.63324632499113,-36.61520194862041,100,2000
249,18.89318479685452,129.27457404980342,509.2221494102228,2240.0,1.5434471888323,18756.412188728704,Ezi_3,E(z) RNAi,-0.08497668397482638,-0.8783736466389358,-32.703198660756065,100,2000
250,17.311531841652325,155.9647160068847,366.2409638554217,1413.0,1.5330179303315632,26755.02495697074,Ezi_3,E(z) RNAi,0.26673802524142376,-0.8296897992493164,-34.19547070649837,100,2000
251,19.431549687282835,216.32105628908965,348.8648366921473,4378.0,1.9793388022596887,28070.288394718555,Ezi_3,E(z) RNAi,0.31325279031023334,-0.7019156264601267,-32.25720510216517,100,2000
252,16.968826907301068,236.00246103363412,593.7087776866284,1491.0,1.6067007974808858,24312.0311730927,Ezi_3,E(z) RNAi,-0.28469030567696785,-0.6458295048769462,-35.09345174235763,100,2000
253,18.69092039800995,244.5702736318408,368.3737562189055,1948.0,1.5663248062153143,36778.453980099504,Ezi_3,E(z) RNAi,0.26737596040268063,-0.6405309937437756,-33.117568421905645,100,2000
254,18.31257783312578,273.1232876712329,232.2359900373599,2139.0,1.4608057704011155,31342.090909090908,Ezi_3,E(z) RNAi,0.6024613102062577,-0.5874696935538195,-33.421405377765524,100,2000
255,18.001748251748253,276.6625874125874,254.96153846153845,743.0,1.4077115831501872,23940.312937062936,Ezi_3,E(z) RNAi,0.5470758774818281,-0.5786111421800869,-33.77267873781456,100,2000
256,19.09,286.419,384.389,1297.0,1.5166152825465862,25785.003,Ezi_3,E(z) RNAi,0.2309463057173684,-0.5503271313842315,-32.879708422090786,100,2000
257,17.460392156862746,295.4235294117647,337.08313725490194,1611.0,1.6228721300106443,31596.265098039217,Ezi_3,E(z) RNAi,0.34732710053657545,-0.5338567447012446,-34.48032385385419,100,2000
258,18.42561448900388,297.9228115567055,200.95515308322553,2803.0,1.5654199492848921,51775.51703320397,Ezi_3,E(z) RNAi,0.6806610569247695,-0.5363665952382379,-33.352756726288746,100,2000
259,17.91029023746702,301.4604221635884,295.4551451187335,982.0,1.3493242781496846,22048.981530343008,Ezi_3,E(z) RNAi,0.4496091355029106,-0.5233748591880591,-33.9985623273615,100,2000
260,18.860564585115483,311.1727972626176,164.4191616766467,1504.0,1.2970331037534657,29435.71514114628,Ezi_3,E(z) RNAi,0.7709577267373211,-0.5102032482931473,-32.916655733905685,100,2000
261,18.358803986710964,314.2963455149502,235.9455149501661,2079.0,1.649744567934425,27476.30830564784,Ezi_3,E(z) RNAi,0.596106037242432,-0.4994193327210499,-33.51867987406784,100,2000
262,16.82441113490364,322.41541755888653,686.8629550321199,608.0,1.4421208410734132,28853.09421841542,Ezi_3,E(z) RNAi,-0.5069666690097376,-0.4561113482732977,-35.64614071627501,100,2000
263,21.16824034334764,327.9802575107296,330.66695278969956,1593.0,1.6697315407779645,21035.57854077253,Ezi_3,E(z) RNAi,0.36517390813979134,-0.4647451549445596,-30.874240246294534,100,2000
264,19.941648106904232,330.1826280623608,180.71893095768374,2616.0,1.23463843694322,55104.70645879733,Ezi_3,E(z) RNAi,0.7323188141279369,-0.46870116306029497,-31.920134313184683,100,2000
265,17.205376344086023,347.9913978494624,336.9225806451613,1226.0,1.6174594541371647,20398.122580645162,Ezi_3,E(z) RNAi,0.351198498357818,-0.4217226994499065,-34.912409508147036,100,2000
266,17.747427502338635,362.26566884939194,298.19457436856874,1454.0,1.4879577262421402,25183.01309635173,Ezi_3,E(z) RNAi,0.4469275525583083,-0.39349980932623885,-34.3699123198726,100,2000
267,16.997214484679667,384.1183844011142,393.9791086350975,960.0,1.4999996680952383,16247.371866295265,Ezi_3,E(z) RNAi,0.21394406572262548,-0.3413633650888258,-35.31398012302573,100,2000
268,17.295833333333334,419.81666666666666,283.5520833333333,1251.0,1.5259306818163083,31523.386458333334,Ezi_3,E(z) RNAi,0.4865735114810772,-0.2715714613502358,-34.997211200304065,100,2000
269,17.31310344827586,441.2193103448276,302.9951724137931,1797.0,1.6922910947832475,49265.80620689655,Ezi_3,E(z) RNAi,0.4404026965730221,-0.22479118880670212,-35.07650895580691,100,2000
270,17.75,461.3016304347826,217.24909420289856,1751.0,1.769165527167906,30146.981884057972,Ezi_3,E(z) RNAi,0.6515923725310977,-0.18688942187970492,-34.59976549142185,100,2000
271,17.458333333333332,571.4463383838383,234.010101010101,2004.0,1.9212164811705192,55711.35921717172,Ezi_3,E(z) RNAi,0.617857670119792,0.049050993411107635,-35.283895210136535,100,2000
272,16.655801825293352,583.2438070404172,281.4419817470665,1145.0,1.7610939100436676,32012.954367666232,Ezi_3,E(z) RNAi,0.5025515628392734,0.07694794127757287,-36.185711385642875,100,2000
273,16.902114803625377,596.5262839879155,309.98972809667674,2029.0,1.516905500272938,41755.90755287009,Ezi_3,E(z) RNAi,0.4335593702125409,0.10693174280282336,-36.020006628385026,100,2000
274,17.266396761133603,599.8016194331984,373.0485829959514,1523.0,1.5093311166756782,20354.685020242916,Ezi_3,E(z) RNAi,0.27943934176081053,0.11755755767206089,-35.74588278994426,100,2000
275,19.21418439716312,615.2290780141844,235.7851063829787,1945.0,1.4715499645224344,58610.55460992908,Ezi_3,E(z) RNAi,0.6164048866794094,0.14256957892843625,-33.67792945750568,100,2000
276,17.988562904027848,674.8418697165589,227.88115365489807,2368.0,1.5104639132146975,47396.70512182994,Ezi_3,E(z) RNAi,0.6396969714381391,0.26927933205222443,-35.094657402131844,100,2000
277,17.68857142857143,683.2142857142857,214.72285714285715,593.0,1.5885031657433193,26966.022857142856,Ezi_3,E(z) RNAi,0.6724564651805558,0.2863797017908767,-35.406373228732754,100,2000
278,18.805077805077804,696.3783783783783,252.6961506961507,1495.0,1.5513639960292223,25175.303030303032,Ezi_3,E(z) RNAi,0.580385066277193,0.31666071817079633,-34.38190629796256,100,2000
279,17.974640743871515,706.8174133558749,200.80304311073542,1736.0,1.700531679085766,41632.75232459848,Ezi_3,E(z) RNAi,0.7080857059196308,0.3359327155298033,-35.18243873186839,100,2000
280,20.149135802469136,713.1797530864197,262.72592592592594,2859.0,1.6127046447487314,41901.8587654321,Ezi_3,E(z) RNAi,0.5569450247433665,0.35309181894051833,-33.10709858124453,100,2000
281,17.92811059907834,724.3585253456221,231.56774193548387,1335.0,1.4388602017299286,24905.111520737326,Ezi_3,E(z) RNAi,0.6339501234085392,0.37512732917104263,-35.32671773560118,100,2000
282,18.62529550827423,769.4822695035461,274.2411347517731,1389.0,1.8685123881983048,20109.760047281325,Ezi_3,E(z) RNAi,0.5324908324437678,0.4738571050075182,-34.83524256151307,100,2000
283,19.005738132498696,813.3521126760563,378.84507042253523,2406.0,1.5914655360460863,44521.74752217006,Ezi_3,E(z) RNAi,0.27937534143124765,0.5734802894161539,-34.733974062688745,100,2000
284,18.44703656998739,827.5548549810845,630.6147540983607,1932.0,1.4668369661358784,37220.135561160154,Ezi_3,E(z) RNAi,-0.335886285325776,0.6182917101368006,-35.656424981402125,100,2000
285,21.773621103117506,821.8964028776978,288.537170263789,2988.0,1.6479860717362589,41024.065707434056,Ezi_3,E(z) RNAi,0.5009600594447923,0.586521430385015,-31.88162691256047,100,2000
286,22.925269157694743,844.3046231792274,295.79860671310956,5024.0,1.8301513731971888,27850.94775174161,Ezi_3,E(z) RNAi,0.484666966562169,0.634752829856454,-30.814662658820975,100,2000
287,19.776470588235295,838.6978609625669,328.6893048128342,2228.0,1.29298851698202,47746.42834224599,Ezi_3,E(z) RNAi,0.40380547891100704,0.6246651842872666,-33.98579635160134,100,2000
288,18.323321554770317,848.7002355712604,569.0153121319199,2087.0,1.6424664918570617,35351.381625441696,Ezi_3,E(z) RNAi,-0.183723243244864,0.6598494874247667,-35.77416752944669,100,2000
289,18.713826366559484,860.1007502679529,403.4314040728832,2340.0,1.477464463346088,34193.224544480174,Ezi_3,E(z) RNAi,0.22229419171322085,0.6746264893705218,-35.21437762605906,100,2000
290,19.12900703674746,147.23221266614541,593.9499609069586,1802.0,1.6546033939475964,19327.645817044566,Ezi_3,E(z) RNAi,-0.2911594872795915,-0.8351770557653798,-32.63423114157388,100,2000
291,17.577481840193705,159.0411622276029,403.1228813559322,1992.0,1.7140633404547634,24299.695520581114,Ezi_3,E(z) RNAi,0.17667281161547455,-0.8209982719091323,-33.986167219675686,100,2000
292,19.102985984156003,177.31322364411943,497.7440585009141,2127.0,1.5175144021644897,25569.345521023766,Ezi_3,E(z) RNAi,-0.05370673855714969,-0.7765511202703684,-32.64099817914315,100,2000
293,18.3836344314559,271.4505844845909,371.96705632306055,1368.0,1.4491714875340844,23709.26248671626,Ezi_3,E(z) RNAi,0.2603605930594397,-0.5829811969109393,-33.52000797296725,100,2000
294,19.672768878718536,270.5194508009153,725.6670480549199,1435.0,1.507202105841913,21137.546910755147,Ezi_3,E(z) RNAi,-0.6053805219550048,-0.5645650968900069,-32.671475978504404,100,2000
295,19.991169977924944,274.33038999264164,328.7439293598234,1782.0,1.640133843382174,22071.565857247977,Ezi_3,E(z) RNAi,0.36633454003996,-0.579318011117504,-31.867968755546276,100,2000
296,19.79239465570401,273.27852004110997,354.42548818088386,1439.0,1.5058426439222905,21080.892086330936,Ezi_3,E(z) RNAi,0.3034102574487991,-0.5800827394451078,-32.09541439036636,100,2000
297,19.035755478662054,282.91464821222604,249.79584775086505,1134.0,1.565442123344657,26639.9630911188,Ezi_3,E(z) RNAi,0.560129504994509,-0.5655636912717977,-32.75328121144845,100,2000
298,21.553525913338998,310.3109600679694,198.9001699235344,2815.0,1.376930503412296,54639.99830076466,Ezi_3,E(z) RNAi,0.6865012511865625,-0.5100342122525373,-30.264063622664477,100,2000
299,20.46805970149254,315.2889552238806,253.5689552238806,2475.0,1.4406260890415905,25550.530746268658,Ezi_3,E(z) RNAi,0.5530325723904759,-0.49627032272968574,-31.4348946359713,100,2000
300,19.06153846153846,318.6892307692308,711.9846153846154,557.0,1.656499538247244,18195.529230769233,Ezi_3,E(z) RNAi,-0.5687044675722468,-0.46259588585616784,-33.42797853768698,100,2000
301,18.07281553398058,329.0703883495146,243.14320388349515,543.0,1.592480789975004,37873.54126213592,Ezi_3,E(z) RNAi,0.5794680078219934,-0.4674883543344738,-33.86351835814347,100,2000
302,21.190192180251824,327.6653412856196,233.79191517561298,2051.0,1.4386211588041324,31867.77998674619,Ezi_3,E(z) RNAi,0.6022533281536635,-0.47100230929968245,-30.729692041815134,100,2000
303,20.587209302325583,328.96317829457365,251.75581395348837,1490.0,1.9458711349045001,34933.563953488374,Ezi_3,E(z) RNAi,0.5583745114811669,-0.46720222457618166,-31.359584270103618,100,2000
304,18.31935047361299,341.1339648173207,347.22598105548036,1058.0,1.5723396201922861,21095.752368064954,Ezi_3,E(z) RNAi,0.32552423176783507,-0.4357497837664368,-33.78824361595973,100,2000
305,19.549171842650104,343.71583850931677,271.5496894409938,2393.0,1.5301728200117766,41501.52898550725,Ezi_3,E(z) RNAi,0.5109082162686258,-0.4345960734653028,-32.47219732441809,100,2000
306,21.706618240516544,354.6315577078289,248.5133171912833,3428.0,1.3994873470698979,42481.20944309927,Ezi_3,E(z) RNAi,0.5680054228801943,-0.4126216519787165,-30.322675349011206,100,2000
307,18.960685483870968,353.62600806451616,222.33064516129033,1368.0,1.5335395536923075,27839.5685483871,Ezi_3,E(z) RNAi,0.6320284460370404,-0.41629639036638677,-33.0323518910662,100,2000
308,20.25688622754491,367.762874251497,213.56407185628743,2820.0,1.741852140226919,30737.90359281437,Ezi_3,E(z) RNAi,0.6544160693222327,-0.3866336754637406,-31.772834733334065,100,2000
309,19.310344827586206,373.4887039239001,237.19381688466112,1213.0,1.4846932252333918,35270.16765755053,Ezi_3,E(z) RNAi,0.5969640914265588,-0.3730629980327259,-32.768323720338266,100,2000
310,17.625,382.53125,179.0078125,590.0,1.388581938324709,39410.596354166664,Ezi_3,E(z) RNAi,0.7399765563675309,-0.3571392264274882,-34.41115430210901,100,2000
311,18.627918287937742,388.18336575875486,294.6536964980545,2467.0,1.6403026929547329,43464.61819066148,Ezi_3,E(z) RNAi,0.4573059218953224,-0.3384062974237598,-33.57238643628531,100,2000
312,17.514262428687857,403.11817440912796,487.5321923390383,1888.0,1.8249593928203434,17343.9315403423,Ezi_3,E(z) RNAi,-0.013770324964949454,-0.29543263138764064,-34.978374874113996,100,2000
313,19.759119496855345,403.0050314465409,184.80062893081762,2112.0,1.6437383241729107,52852.38616352201,Ezi_3,E(z) RNAi,0.7271471172869104,-0.31311217995572305,-32.35335906377708,100,2000
314,18.601973684210527,409.11019736842104,216.88651315789474,794.0,1.4546774309060468,54521.07894736842,Ezi_3,E(z) RNAi,0.6490245507927996,-0.29824622688654956,-33.571338968567524,100,2000
315,18.34297108673978,411.46560319042874,252.94516450648055,1377.0,1.4952486262476048,36899.74975074776,Ezi_3,E(z) RNAi,0.5609280628744624,-0.2911442055094591,-33.88352031042453,100,2000
316,19.8679706601467,424.1168704156479,302.74132029339853,2512.0,1.6378899314469357,57528.901711491446,Ezi_3,E(z) RNAi,0.43988528204004296,-0.26127258533186815,-32.463665808000925,100,2000
317,19.51679434295816,428.72775486152034,274.07955215085445,2049.0,1.5163026613849937,44056.2569239835,Ezi_3,E(z) RNAi,0.5103406040247032,-0.2530910928911775,-32.794431381864186,100,2000
318,19.97717717717718,441.9345345345345,252.79159159159158,2161.0,1.5168976767395852,44301.25825825826,Ezi_3,E(z) RNAi,0.5633149981962076,-0.2261405838957713,-32.35188152284134,100,2000
319,19.003569303985724,440.96609161213564,172.62700773349198,2029.0,1.410320734594973,55907.325401546696,Ezi_3,E(z) RNAi,0.7594554131477638,-0.23283569861637865,-33.22164680828469,100,2000
320,18.781643973777104,565.8870398386283,271.6757438224912,2268.0,1.4026478948613545,47898.10438729198,Ezi_3,E(z) RNAi,0.5252999773390672,0.03937240825143773,-33.989099105854336,100,2000
321,18.970183486238533,560.0848623853211,225.3730886850153,1659.0,1.4025219489692993,55770.42125382263,Ezi_3,E(z) RNAi,0.6382406969529613,0.024326102842033848,-33.72290534705965,100,2000
322,18.317247542448616,576.3458445040214,313.84807864164435,1501.0,1.4561560751613871,40848.72386058981,Ezi_3,E(z) RNAi,0.4227770117634191,0.06411273946661744,-34.54166969965418,100,2000
323,19.902933333333333,598.2762666666666,245.8672,2226.0,1.315823849324594,57382.656,Ezi_3,E(z) RNAi,0.5906056002655697,0.10698976683929029,-32.944664048847216,100,2000
324,20.106965174129353,607.4477611940298,270.4925373134328,1593.0,1.6437887697920341,33675.34991708126,Ezi_3,E(z) RNAi,0.530941601329926,0.12797698342520625,-32.80245596649142,100,2000
325,18.9100145137881,624.0246734397678,168.04934687953556,1743.0,1.6322935364688118,43518.69448476052,Ezi_3,E(z) RNAi,0.7827699751593096,0.15742595024234585,-33.9267806115227,100,2000
326,20.036465638148666,634.940626460963,197.01168770453484,2604.0,1.4288684252020958,55770.92800374007,Ezi_3,E(z) RNAi,0.7126040009805794,0.18239145047637573,-32.8734829827953,100,2000
327,18.962457337883958,640.1290102389079,302.3952218430034,2075.0,1.6129358188698286,22775.859385665528,Ezi_3,E(z) RNAi,0.4550255609589624,0.1995282964466385,-34.09718980711201,100,2000
328,19.913327882256745,659.2894521668029,190.67865903515946,1623.0,1.7243217177479178,40697.9100572363,Ezi_3,E(z) RNAi,0.7297151873822312,0.23396974710709117,-33.0707855993247,100,2000
329,20.22730199613651,686.90598840953,170.77462974887314,2033.0,1.5852663789648431,40757.86670959433,Ezi_3,E(z) RNAi,0.7802561463115252,0.29173990035845376,-32.82497327809453,100,2000
330,18.323667711598745,703.1277429467085,339.11206896551727,1572.0,1.5126231756810031,19116.424764890282,Ezi_3,E(z) RNAi,0.36933118588686087,0.3360383643889293,-34.99448698373829,100,2000
331,20.12054965646471,700.9875078076202,217.56152404747033,2386.0,1.5951659300822567,34716.15240474703,Ezi_3,E(z) RNAi,0.6666777582962347,0.3244773740337612,-33.03790805192071,100,2000
332,19.470246734397676,706.0599903241413,173.67731011127236,2591.0,1.505765974238283,53827.33236574746,Ezi_3,E(z) RNAi,0.7744211955719957,0.3327637633771636,-33.65025761517754,100,2000
333,20.861132075471698,721.3901886792453,246.58716981132076,1821.0,1.4148629136002444,22792.391698113206,Ezi_3,E(z) RNAi,0.5969855545697462,0.36968213970457575,-32.402547834739025,100,2000
334,19.44704861111111,728.1649305555555,193.25868055555554,1572.0,1.5699206279097482,27523.104166666668,Ezi_3,E(z) RNAi,0.727958515720271,0.3810499522791335,-33.77256515966666,100,2000
335,19.79222797927461,740.4419689119171,201.90414507772022,2406.0,1.455403743287191,49425.520725388604,Ezi_3,E(z) RNAi,0.7076100850165816,0.4077420305495456,-33.479635647298814,100,2000
336,18.191176470588236,771.2843137254902,362.6200980392157,974.0,1.6355772855275745,15927.752450980392,Ezi_3,E(z) RNAi,0.3163049939245062,0.48279395929372804,-35.38631154670696,100,2000
337,18.381950774840472,785.4703737465816,205.5496809480401,1747.0,1.5370003241461188,29483.756608933454,Ezi_3,E(z) RNAi,0.7016706282773544,0.5040028855444278,-35.046325057829,100,2000
338,23.121335504885995,806.6201140065147,283.046009771987,4096.0,1.3624267586314815,23585.51058631922,Ezi_3,E(z) RNAi,0.5133851340148483,0.5536250980848938,-30.475516568404803,100,2000
339,19.224587912087912,810.2946428571429,322.36195054945057,1726.0,1.5668572712114712,38819.50274725275,Ezi_3,E(z) RNAi,0.4174141020777724,0.5637026283206317,-34.43395422481499,100,2000
340,18.667073170731708,857.4756097560976,303.42439024390245,1310.0,1.6086525450792903,22922.451219512193,Ezi_3,E(z) RNAi,0.4668864392879355,0.6632597617840701,-35.12681409598959,100,2000
341,18.740791268758528,857.5729877216917,290.8731241473397,1058.0,1.4543119084207217,23273.06821282401,Ezi_3,E(z) RNAi,0.4976117219628593,0.6627443738192451,-35.037678675368085,100,2000
342,19.465594280607686,875.8159070598749,354.61930294906165,1723.0,1.4213844685346009,26616.369973190347,Ezi_3,E(z) RNAi,0.3427986557074285,0.7053433880822115,-34.45437309601166,100,2000
343,20.779915814792545,890.7907396271798,363.4431749849669,2080.0,1.46482704315764,28644.28622970535,Ezi_3,E(z) RNAi,0.3221892924307632,0.7378081083560326,-33.20162919594746,100,2000
344,19.4707233065442,113.9609644087256,595.0907003444316,1246.0,1.5619571222010677,16847.135476463834,Ezi_3,E(z) RNAi,-0.296153517063245,-0.9060876982537138,-32.18174864596314,100,2000
345,20.327292696320704,117.10488742449203,394.69961559582646,2465.0,1.7743524285178593,20609.175727622187,Ezi_3,E(z) RNAi,0.19450644687241359,-0.9109282951926211,-31.084386419654436,100,2000
346,20.19755600814664,148.19959266802445,657.1317040054311,1910.0,1.5055821248640653,28537.68092328581,Ezi_3,E(z) RNAi,-0.4457349747323861,-0.829462692466941,-31.648215974015788,100,2000
347,20.43145743145743,173.96248196248197,625.1178451178451,2994.0,1.6244336149114733,24699.648388648387,Ezi_3,E(z) RNAi,-0.3656777781269268,-0.7763457931587093,-31.46103245112336,100,2000
348,19.32621502209131,190.2039764359352,506.1082474226804,1725.0,1.4259577298910378,25503.0412371134,Ezi_3,E(z) RNAi,-0.0733258026092426,-0.7485668837945841,-32.471734942747474,100,2000
349,22.13002114164905,175.8107822410148,415.4603594080338,2695.0,1.952700792590755,24825.214059196616,Ezi_3,E(z) RNAi,0.14757346264843307,-0.7844785456224725,-29.50568700963804,100,2000
350,19.117085862966174,203.61144839549002,359.96964440589767,1582.0,1.4824892358221855,21504.882914137033,Ezi_3,E(z) RNAi,0.28523399776012703,-0.7283915650047005,-32.54273822301242,100,2000
351,19.2722371967655,206.9177897574124,588.8423180592991,1039.0,1.3721938967044063,20132.50808625337,Ezi_3,E(z) RNAi,-0.2747104147765209,-0.7081408539039361,-32.685869854617735,100,2000
352,18.20108695652174,223.90217391304347,580.9981884057971,907.0,1.6492752619704663,17866.07427536232,Ezi_3,E(z) RNAi,-0.254385336643425,-0.6723674315060635,-33.8044482005222,100,2000
353,23.94961664841183,233.98630887185104,352.97809419496167,3145.0,1.359904453977321,21535.061336254108,Ezi_3,E(z) RNAi,0.3043414576916874,-0.6639596425852838,-27.80389963038995,100,2000
354,19.237903225806452,276.616935483871,362.91733870967744,626.0,1.4485658514291428,22048.78427419355,Ezi_3,E(z) RNAi,0.28284900767907817,-0.5724751806135563,-32.67181370782138,100,2000
355,19.998727735368956,283.3269720101781,294.8727735368957,1187.0,1.8268218431206655,20343.22900763359,Ezi_3,E(z) RNAi,0.4498288877976222,-0.5620780821173189,-31.848256888023407,100,2000
356,20.83849372384937,290.16903765690375,185.0418410041841,1813.0,1.3288779237320965,26697.456066945608,Ezi_3,E(z) RNAi,0.7190888346026598,-0.5538080089958795,-30.893781272453452,100,2000
357,19.251396648044693,297.8100558659218,280.6536312849162,537.0,1.5672761043081573,18939.793296089385,Ezi_3,E(z) RNAi,0.485590321621886,-0.5320059934372576,-32.62658535447257,100,2000
358,21.497952497952497,305.57821457821456,214.6879606879607,1560.0,1.2821231966179376,35382.72645372646,Ezi_3,E(z) RNAi,0.6475479072627548,-0.5192209018935537,-30.32348315880955,100,2000
359,21.479596977329976,325.6201511335013,166.0146095717884,2344.0,1.2690649826107239,55692.53098236776,Ezi_3,E(z) RNAi,0.7680012204405489,-0.4792711055722909,-30.34836220624548,100,2000
360,20.508670520231213,339.03082851637765,257.9389852280026,2051.0,1.4873369609716502,34254.97045600514,Ezi_3,E(z) RNAi,0.5439075503734545,-0.4453685697548906,-31.479830448553546,100,2000
361,20.572604065827687,386.29622458857693,190.6374636979671,2419.0,1.3474357205500462,57195.02274927396,Ezi_3,E(z) RNAi,0.7117538305974511,-0.3484153084320427,-31.49085579089227,100,2000
362,20.61122244488978,399.9539078156313,205.7120908483634,1933.0,1.3548996444230839,42336.316633266535,Ezi_3,E(z) RNAi,0.6757623248553863,-0.31840938838599364,-31.51720688979461,100,2000
363,20.96264855687606,399.82229767968306,155.38992642897566,2127.0,1.254213714338212,58469.06734578381,Ezi_3,E(z) RNAi,0.7989154195755857,-0.3215890114820984,-31.102207582899933,100,2000
364,19.685330347144458,408.34154535274354,270.1030235162374,1215.0,1.6782377097481969,26562.154535274356,Ezi_3,E(z) RNAi,0.5187239406650122,-0.29680986512105856,-32.55215996330105,100,2000
365,20.345488546049555,418.85133239831697,239.14773258532026,2551.0,1.5062365652875431,54021.196353436186,Ezi_3,E(z) RNAi,0.5951799996610347,-0.276168893579528,-31.888612907676766,100,2000
366,22.533913674283642,436.05912223431267,311.65469713456656,3660.0,1.3844022968155247,56371.34421472615,Ezi_3,E(z) RNAi,0.41885238312353956,-0.2352624097652246,-29.849194791580537,100,2000
367,18.402542372881356,444.1737288135593,266.75847457627117,767.0,1.5700850966548303,26732.781779661018,Ezi_3,E(z) RNAi,0.529283866155583,-0.2205697788444434,-33.95157944246054,100,2000
368,20.524640657084188,557.3259753593429,243.96919917864477,2381.0,1.3752588533013892,56582.49281314168,Ezi_3,E(z) RNAi,0.5925400286350759,0.019523942853460374,-32.182484273756245,100,2000
369,20.150537634408604,568.1766513056835,209.24116743471583,2585.0,1.736359665449731,59144.03737839222,Ezi_3,E(z) RNAi,0.6782553156741793,0.04066710730375256,-32.54960822344489,100,2000
370,18.00625,581.5354166666667,305.43541666666664,638.0,1.7114814975775239,39409.46666666667,Ezi_3,E(z) RNAi,0.4437110957364989,0.07469655740972803,-34.85961175426085,100,2000
371,23.28228652081863,585.1040931545518,244.8877911079746,3822.0,1.3033817442542877,55216.44918842625,Ezi_3,E(z) RNAi,0.5921216413308619,0.07885712431063974,-29.519683925524102,100,2000
372,19.6195219123506,588.0763612217795,295.7011952191235,2307.0,1.6836904277846236,44759.332669322706,Ezi_3,E(z) RNAi,0.4679636012790007,0.08810109877473793,-33.25619603754495,100,2000
373,20.509336767546685,584.9710238248551,193.24404378622023,1906.0,1.3365018271949125,57766.25820991629,Ezi_3,E(z) RNAi,0.7185180918016894,0.0755754867008962,-32.22737734767512,100,2000
374,22.00882612533098,588.5834068843777,276.6919682259488,2754.0,1.4222868331191376,52209.711385701674,Ezi_3,E(z) RNAi,0.514515162829452,0.0881041534155187,-30.844769168523033,100,2000
375,21.886266094420602,599.524034334764,259.9549356223176,2840.0,1.267112028102624,55142.25965665236,Ezi_3,E(z) RNAi,0.5562029626433878,0.11047834368086829,-30.98322569382553,100,2000
376,21.009124844462878,640.4529240978846,163.46785566155123,2832.0,1.3394618144563695,56494.53297386976,Ezi_3,E(z) RNAi,0.7950639718475427,0.19222410034877746,-31.877336618186735,100,2000
377,21.079561696045737,639.6403049070987,216.26965221534064,2497.0,1.5793910926427213,54671.64125774178,Ezi_3,E(z) RNAi,0.6657783435097271,0.1935353936978168,-31.87040231951182,100,2000
378,20.656094527363184,644.9713930348258,249.09577114427861,1995.0,1.4195389863549726,42230.7736318408,Ezi_3,E(z) RNAi,0.5857907633650346,0.20679798615076384,-32.3530265930974,100,2000
379,21.063662374821174,663.2753934191702,288.8218884120172,1946.0,1.6003760562312856,21490.59155937053,Ezi_3,E(z) RNAi,0.4897714101097479,0.24814008552186628,-32.05702575061571,100,2000
380,20.269849785407725,667.3229613733905,165.92274678111588,2407.0,1.652479943820868,42831.64216738197,Ezi_3,E(z) RNAi,0.790835395154321,0.24968320421241774,-32.710299629807935,100,2000
381,20.544014084507044,691.6883802816901,203.57658450704224,1697.0,1.585533990180198,45373.155809859156,Ezi_3,E(z) RNAi,0.7002893001644739,0.30383592228541123,-32.565542420112074,100,2000
382,21.34558448187851,699.8116385911179,232.95507912200102,2473.0,1.421925041450484,37628.86217457887,Ezi_3,E(z) RNAi,0.6289209652080445,0.32286528743554777,-31.82822778708443,100,2000
383,20.992952231793264,709.0892717306186,312.814408770556,1721.0,1.4296814473426027,19458.758026624902,Ezi_3,E(z) RNAi,0.4340811398693465,0.34725949586572136,-32.31233189635505,100,2000
384,21.205340114431024,746.6420851875397,217.70565797838526,2217.0,1.3402349174864994,30299.04005085823,Ezi_3,E(z) RNAi,0.6693422553944881,0.42189031967401447,-32.107264890176616,100,2000
385,18.92601431980907,749.6610978520287,258.5942720763723,1241.0,1.5527583791229602,23169.130071599044,Ezi_3,E(z) RNAi,0.5694741550384661,0.43067183896710204,-34.44805363859432,100,2000
386,21.464489372731986,755.2680145152929,204.4971487817522,2486.0,1.382433929298218,39060.51581130119,Ezi_3,E(z) RNAi,0.7022398234648226,0.43953268757460395,-31.86063552285962,100,2000
387,19.89266371245692,773.8227474150665,289.5563761693747,2399.0,1.4571164232309464,36516.875430822256,Ezi_3,E(z) RNAi,0.4952905331952704,0.48400905670546,-33.60173354215465,100,2000
388,21.113658536585366,794.6004878048781,313.6068292682927,2471.0,1.454517940983305,43592.891707317074,Ezi_3,E(z) RNAi,0.43779848951882494,0.5297305899829077,-32.4809872052826,100,2000
389,21.51391554702495,809.8435700575816,417.4347408829175,2375.0,1.3945465394194283,51465.42610364683,Ezi_3,E(z) RNAi,0.18468840098715544,0.5682385509121519,-32.26239379016975,100,2000
390,25.93764705882353,811.6629411764706,215.11,2268.0,1.3784599850974053,41026.43294117647,Ezi_3,E(z) RNAi,0.6799831765611859,0.5604866668599542,-27.59099992158845,100,2000
391,20.90875232774674,811.2094972067039,307.0661080074488,1535.0,1.5554485745111304,21006.14245810056,Ezi_3,E(z) RNAi,0.45490619354323103,0.5647846550591655,-32.73369645324016,100,2000
392,18.37278106508876,820.3550295857988,229.64792899408283,569.0,1.676940030555513,22326.174556213016,Ezi_3,E(z) RNAi,0.6449983755193698,0.5798130875521508,-35.203367546649226,100,2000
393,19.858122001370802,844.3337902673064,375.2508567511995,2060.0,1.5665252031847041,27185.700479780673,Ezi_3,E(z) RNAi,0.29021934519543,0.6393737162965862,-33.98156509936672,100,2000
394,20.858746492048642,858.9260991580917,355.27876520112255,1690.0,1.6862339419469214,25760.25350795136,Ezi_3,E(z) RNAi,0.340063291759811,0.6693598250039434,-33.005100278943615,100,2000
395,20.155963302752294,876.3474770642201,448.32282110091745,2073.0,1.3666520117909464,34497.45470183486,Ezi_3,E(z) RNAi,0.11349379057155429,0.7118850556265477,-33.883356838768776,100,2000
396,20.89171374764595,139.40913370998118,395.484934086629,2707.0,1.394621042962022,30668.221751412428,Ezi_3,E(z) RNAi,0.1940583567409624,-0.8632963660975594,-30.596170129400463,100,2000
397,20.8470695970696,142.21199633699635,377.4958791208791,2875.0,1.5511008766014451,28116.997252747253,Ezi_3,E(z) RNAi,0.23827187525524351,-0.8583544192256453,-30.627697834237996,100,2000
398,21.965076242006887,145.30300049188392,360.18839153959664,2559.0,1.4750705913481437,24458.660600098377,Ezi_3,E(z) RNAi,0.28083301892882084,-0.8527500230195869,-29.498409019812453,100,2000
399,21.51750972762646,155.44487678339817,683.7477302204928,1918.0,1.292254308472686,26374.6906614786,Ezi_3,E(z) RNAi,-0.5104017662830935,-0.8124618529113963,-30.38609495720731,100,2000
400,21.815744680851065,168.07574468085107,364.48,3156.0,1.7785865560997582,31384.362978723406,Ezi_3,E(z) RNAi,0.2718363591118209,-0.8039216540318381,-29.729919436417283,100,2000
401,19.253753753753752,190.92792792792793,425.536036036036,866.0,1.6716341439451694,18604.64864864865,Ezi_3,E(z) RNAi,0.12392167221600014,-0.7516684993916267,-32.445555274427456,100,2000
402,22.642670157068064,216.15575916230367,662.0163612565445,2498.0,1.5864538540816597,27780.765052356022,Ezi_3,E(z) RNAi,-0.45320131900054816,-0.6841896590257953,-29.438412073778423,100,2000
403,21.13195548489666,248.72257551669315,350.3704292527822,1707.0,1.5724941101576337,29872.740063593006,Ezi_3,E(z) RNAi,0.311706606002113,-0.6326929941385189,-30.667965744566278,100,2000
404,20.540578687367677,256.55045871559633,315.878616796048,1802.0,1.642201095857391,24678.57586450247,Ezi_3,E(z) RNAi,0.39664439056753475,-0.6179864346860418,-31.242464745483126,100,2000
405,20.84363444268357,268.2688853671421,282.1109350237718,2717.0,1.6144421768976187,22114.920760697307,Ezi_3,E(z) RNAi,0.48006471360555825,-0.5949317714424991,-30.93656539459757,100,2000
406,20.579533404029693,273.01961823966064,214.7560975609756,2241.0,1.524618060197014,34184.07900318134,Ezi_3,E(z) RNAi,0.6452297921945467,-0.5886822148201263,-31.132185489957347,100,2000
407,21.24981301421092,284.6282722513089,224.88631264023934,1600.0,1.2631573985948308,27841.018698578908,Ezi_3,E(z) RNAi,0.6212023112805842,-0.563328059737778,-30.513766562146312,100,2000
408,18.676737160120847,355.11480362537765,203.72205438066464,579.0,1.8310449748802902,23765.29003021148,Ezi_3,E(z) RNAi,0.6776720170845054,-0.41419525508831434,-33.29797359594873,100,2000
409,21.491541353383457,365.6353383458647,277.3157894736842,1403.0,1.4782849419140394,25282.516917293233,Ezi_3,E(z) RNAi,0.4982403550123353,-0.38748775134326274,-30.610992663211007,100,2000
410,25.720200752823086,369.85403596821413,228.86072772898368,3713.0,1.4261303087146162,38322.33877038896,Ezi_3,E(z) RNAi,0.6171005032268178,-0.3812508622147227,-26.335797940937137,100,2000
411,22.082286704200953,372.43958423559985,172.8107405803378,3039.0,1.4106948987464245,57761.34906886098,Ezi_3,E(z) RNAi,0.7544634822209475,-0.37899309754091903,-29.91209011957848,100,2000
412,20.52091466815393,382.3865030674847,322.14389291689906,2246.0,1.7944648440604822,32669.039040713888,Ezi_3,E(z) RNAi,0.3896351550293793,-0.3491742302772405,-31.69434154901021,100,2000
413,22.37366003062787,385.0510464522716,150.63297600816745,2351.0,1.3561249189489843,56642.6314446146,Ezi_3,E(z) RNAi,0.8095767564813925,-0.35336513454446916,-29.635424801420903,100,2000
414,20.327783558792923,406.4557752341311,364.37252861602497,1220.0,1.6105092271505226,19167.14360041623,Ezi_3,E(z) RNAi,0.2878740437180827,-0.29539292210155255,-32.021617347297024,100,2000
415,22.08125,406.81805555555553,168.73055555555555,2037.0,1.74464475192319,56805.813888888886,Ezi_3,E(z) RNAi,0.7667240445344632,-0.30588737442232994,-30.023941427342777,100,2000
416,22.063467492260063,419.2105263157895,180.08049535603715,1690.0,1.3062969829264754,47390.98993808049,Ezi_3,E(z) RNAi,0.7397651180654499,-0.27879574604398605,-30.097753608406048,100,2000
417,20.670742358078602,421.4174672489083,221.06288209606987,1507.0,1.7203787416012655,44056.89868995633,Ezi_3,E(z) RNAi,0.6396112620378902,-0.27173480298597064,-31.54932655465186,100,2000
418,24.99828178694158,429.4295532646048,154.86494845360824,3802.0,1.378264238579381,55080.298969072166,Ezi_3,E(z) RNAi,0.8021475202557957,-0.25842760136751064,-27.165785453024846,100,2000
419,21.246478873239436,466.44558258642763,243.67285531370038,2134.0,1.6637791282041694,46135.519846350835,Ezi_3,E(z) RNAi,0.5872509327162183,-0.17436670809670263,-31.153805949895553,100,2000
420,22.150986691142727,476.3056447911886,232.33318035796236,2656.0,1.4547751254718506,53607.18448829738,Ezi_3,E(z) RNAi,0.6156543632347413,-0.1539790744446029,-30.26832857173439,100,2000
421,21.978070175438596,476.4789473684211,254.86754385964912,1627.0,1.4718772310640535,42614.50350877193,Ezi_3,E(z) RNAi,0.5605137773335569,-0.15231136160759584,-30.470098864775604,100,2000
422,21.24758091424758,547.0377043710376,263.26292959626295,3659.0,1.7626303701765336,52507.204871538204,Ezi_3,E(z) RNAi,0.5446361943970803,-0.0013067756956340881,-31.449058832955433,100,2000
423,21.93324829931973,615.2534013605442,250.19642857142858,2804.0,1.4505195062155565,53113.93877551021,Ezi_3,E(z) RNAi,0.5811272415559101,0.14347213578087725,-30.97704489758437,100,2000
424,20.028620988725066,647.4726799653079,178.489158716392,1515.0,1.5621932466292177,34765.42237640937,Ezi_3,E(z) RNAi,0.7587667352298959,0.20805858201966188,-32.900351590100314,100,2000
425,21.710664335664337,651.7797202797203,205.1652097902098,1517.0,1.3472360877815985,29165.33041958042,Ezi_3,E(z) RNAi,0.6937576184192173,0.21879723946401652,-31.266310049505496,100,2000
426,20.68006700167504,687.9396984924623,220.5611390284757,776.0,1.3608123972209052,28441.852596314908,Ezi_3,E(z) RNAi,0.6584714501499407,0.2968189693149039,-32.438156789572346,100,2000
427,22.925107427869857,690.3210558624924,268.35788827501534,2518.0,1.6819460928097327,25733.7605893186,Ezi_3,E(z) RNAi,0.541640716600162,0.3046713294236125,-30.261124856748296,100,2000
428,23.264751154438173,757.2062596203181,251.20574653668547,3421.0,1.903065453883298,26271.426372498718,Ezi_3,E(z) RNAi,0.5880442773251737,0.446373767213714,-30.125519922432797,100,2000
429,23.00980392156863,759.6069518716578,229.97682709447415,1564.0,1.6189583059333807,23883.261140819963,Ezi_3,E(z) RNAi,0.6401613119832934,0.45026941986746727,-30.36192855185061,100,2000
430,20.099756690997566,759.5328467153284,219.62773722627736,626.0,1.4444948985362023,22831.917274939173,Ezi_3,E(z) RNAi,0.6654939500325494,0.4494934883929973,-33.25872359779346,100,2000
431,22.859410430839002,771.6201814058957,212.17403628117913,2259.0,1.4499701115246377,33462.41383219955,Ezi_3,E(z) RNAi,0.684528579256336,0.474870185146391,-30.53049841163193,100,2000
432,23.98755980861244,776.3861244019139,197.58277511961722,3393.0,1.7788208442598508,35912.993779904304,Ezi_3,E(z) RNAi,0.7205525756735629,0.48420447821227364,-29.400122912414197,100,2000
433,21.8667058132707,818.2783323546682,458.2665883734586,2037.0,1.381288749612352,35302.776864357016,Ezi_3,E(z) RNAi,0.08531002899496043,0.5885895609841167,-31.98927565595883,100,2000
434,21.41872340425532,835.2476595744681,266.2063829787234,3517.0,1.451983459880487,27210.292765957445,Ezi_3,E(z) RNAi,0.5564986371714982,0.6137141078516246,-32.253531246715454,100,2000
435,22.597359735973598,849.2227722772277,343.9136413641364,2456.0,1.3576935358171984,36984.44334433443,Ezi_3,E(z) RNAi,0.3672323856562625,0.6480166848879294,-31.219517964336333,100,2000
436,21.04066161268091,857.6616126809097,387.2081323225362,1904.0,1.3641500720210136,30422.750516884906,Ezi_3,E(z) RNAi,0.2618324346920686,0.6685045072878395,-32.85897911997061,100,2000
437,21.870602032838153,872.157935887412,655.017200938233,3142.0,1.4778016450159237,23010.128616106333,Ezi_3,E(z) RNAi,-0.39266989685606113,0.714877103909098,-32.4139092801456,100,2000
438,21.540816326530614,878.5120593692022,405.24675324675326,1420.0,1.5163352649026505,32702.80612244898,Ezi_3,E(z) RNAi,0.21906112974579184,0.714029287689564,-32.45177127150933,100,2000
439,23.43374558303887,115.68816254416961,541.684628975265,1643.0,1.6960756875587084,19479.953180212015,Ezi_3,E(z) RNAi,-0.1653399139509354,-0.9054534144565505,-28.15757603766309,100,2000
440,21.358635863586358,125.3025302530253,495.44554455445547,1229.0,1.7995822210266663,20324.946094609462,Ezi_3,E(z) RNAi,-0.05152843098570059,-0.8876237655254542,-30.20708532608849,100,2000
441,20.67370441458733,151.61228406909788,512.9884836852208,719.0,1.4029454475322836,18568.725527831095,Ezi_3,E(z) RNAi,-0.09272201794582802,-0.8304896157477432,-31.002744356437848,100,2000
442,24.1109693877551,157.843537414966,453.05144557823127,3093.0,1.466538033348917,22866.67006802721,Ezi_3,E(z) RNAi,0.05437550607770847,-0.8206270233102153,-27.511321106654176,100,2000
443,21.683467741935484,179.5893817204301,387.98655913978496,1730.0,1.4349534537639008,24979.850806451614,Ezi_3,E(z) RNAi,0.21506646010347819,-0.7780047991075099,-29.93051272551204,100,2000
444,24.72792706333973,218.6732245681382,358.63819577735126,2769.0,1.4416375314330043,36559.879078694816,Ezi_3,E(z) RNAi,0.28947315944873186,-0.6962956652414449,-26.98105531326015,100,2000
445,21.564660691421256,211.07682458386682,649.2740076824584,1076.0,1.4705973031785968,26247.923175416134,Ezi_3,E(z) RNAi,-0.42234752017371446,-0.6957672700474592,-30.483301121956824,100,2000
446,20.322916666666668,237.54036458333334,313.5989583333333,1076.0,1.5464736959434366,19710.852864583332,Ezi_3,E(z) RNAi,0.4009667996870072,-0.658674454923014,-31.39315828878217,100,2000
447,22.26216640502355,241.08320251177395,330.06671899529044,1707.0,1.433284669816795,26901.13971742543,Ezi_3,E(z) RNAi,0.3608910432330885,-0.6501528081166934,-29.486528121342257,100,2000
448,21.82936979785969,244.16468489892983,292.4078478002378,2369.0,1.666913250019412,31820.730083234244,Ezi_3,E(z) RNAi,0.45326570301271385,-0.645753386761885,-29.882468592928518,100,2000
449,21.967588179218303,251.2697807435653,248.56053384175405,1442.0,1.3725027404173125,26386.565300285987,Ezi_3,E(z) RNAi,0.5610510536497602,-0.6331228839864745,-29.713202765783375,100,2000
450,21.526315789473685,251.91533180778032,302.5766590389016,704.0,1.5882288560969964,24627.034324942793,Ezi_3,E(z) RNAi,0.42889129737059606,-0.6286345214261637,-30.224415171752465,100,2000
451,22.284027777777776,251.29375,234.48680555555555,1956.0,1.8697054913324322,27967.554166666665,Ezi_3,E(z) RNAi,0.5954969939029644,-0.6338808940329357,-29.37918985782503,100,2000
452,23.54872563718141,262.7536231884058,304.35882058970515,3404.0,1.7121825360894298,22182.13443278361,Ezi_3,E(z) RNAi,0.42524074749751195,-0.6053953075038554,-28.240803843714726,100,2000
453,22.882154882154882,276.8468013468013,239.46632996632997,1034.0,1.6143844043513587,28409.56734006734,Ezi_3,E(z) RNAi,0.5849984766535856,-0.5790760891706206,-28.873485411529835,100,2000
454,22.967324290998768,281.47102342786684,195.8951911220715,2007.0,1.3544271094645561,36516.09741060419,Ezi_3,E(z) RNAi,0.6919439173854451,-0.5717225966806045,-28.749248518693634,100,2000
455,22.10200668896321,281.6371237458194,169.47658862876253,1100.0,1.4110446229970561,20463.081939799333,Ezi_3,E(z) RNAi,0.7566165345849947,-0.572897744245618,-29.581977210217307,100,2000
456,22.071171171171173,290.9945945945946,355.1585585585586,1405.0,1.3650929356021635,21650.015315315315,Ezi_3,E(z) RNAi,0.3027816245184589,-0.5422294972544597,-29.877315642475995,100,2000
457,21.583798882681563,304.4315642458101,364.26466480446925,1719.0,1.3770070820496727,21271.65432960894,Ezi_3,E(z) RNAi,0.28138488729202016,-0.513042381474243,-30.421421894136753,100,2000
458,23.58350100603622,305.4788732394366,240.16599597585514,1316.0,1.498687868750486,25326.3722334004,Ezi_3,E(z) RNAi,0.5851782573509698,-0.517948697761169,-28.26957660091288,100,2000
459,22.86019590382903,312.0774710596616,377.81834372217276,1416.0,1.3629043731297497,20017.578806767586,Ezi_3,E(z) RNAi,0.24871463816619466,-0.4959403250724431,-29.187820939666445,100,2000
460,23.480935875216637,314.2149046793761,265.98266897746964,1592.0,1.3199786877457567,24644.59185441941,Ezi_3,E(z) RNAi,0.5225705450255471,-0.4978240116380134,-28.433989597065555,100,2000
461,22.79751552795031,333.6645962732919,210.08198757763975,1187.0,1.5749206521142007,38892.17763975155,Ezi_3,E(z) RNAi,0.6606753620322505,-0.459559211810866,-29.11286491422019,100,2000
462,21.76907494935854,341.2261985145172,168.11208642808913,1871.0,1.586776083070633,40903.503038487506,Ezi_3,E(z) RNAi,0.7638992936269604,-0.44585505779058077,-30.114145264150114,100,2000
463,23.756521739130434,342.21422924901185,183.51541501976286,1732.0,1.54175913557568,40110.29802371541,Ezi_3,E(z) RNAi,0.7262595653586352,-0.44284470565153045,-28.149367481107063,100,2000
464,23.93080168776371,345.8506329113924,356.1594936708861,1631.0,1.590864820068447,19348.923206751057,Ezi_3,E(z) RNAi,0.3039556436694393,-0.42513167288411047,-28.203942125571153,100,2000
465,24.18032786885246,375.41899710703956,199.14657666345227,2526.0,1.391238804810012,56921.73963355834,Ezi_3,E(z) RNAi,0.690198021060898,-0.37110331408505015,-27.857149522528495,100,2000
466,22.666130760986068,384.9046087888532,135.93676312968918,2649.0,1.6291383872680376,35931.77438370847,Ezi_3,E(z) RNAi,0.8455350138813933,-0.35452274510044357,-29.32402501106023,100,2000
467,23.435897435897434,396.4110576923077,219.15144230769232,1518.0,1.270453565653415,46974.5032051282,Ezi_3,E(z) RNAi,0.6426272718670105,-0.32517209982350337,-28.69746307583576,100,2000
468,21.810372771474878,399.84602917341977,238.40437601296597,1671.0,1.5061539442930387,53099.9943273906,Ezi_3,E(z) RNAi,0.5957378571724579,-0.31674588880829035,-30.358714619033005,100,2000
469,23.708346165691406,401.5903911302741,419.11764705882354,3822.0,1.435718430988415,42109.9205420388,Ezi_3,E(z) RNAi,0.15355461944737758,-0.302591457009729,-28.69334970569516,100,2000
470,23.636822194199244,412.0706179066835,145.6153846153846,2896.0,1.4608362229948861,57636.53972257251,Ezi_3,E(z) RNAi,0.823641168417794,-0.2960033108490071,-28.457093222543225,100,2000
471,22.6691042047532,411.7629494210847,283.8860450944546,2215.0,1.7729686769747524,40860.342474101155,Ezi_3,E(z) RNAi,0.4852080381875572,-0.2886944810256056,-29.59723479239291,100,2000
472,22.580890973036343,435.0128956623681,225.80539273153576,2203.0,1.4847346835307795,47961.6776084408,Ezi_3,E(z) RNAi,0.6288980211491484,-0.24244380928335196,-29.69098744091805,100,2000
473,24.011045655375554,429.2341678939617,286.4263622974963,1693.0,1.3921923345303064,39540.32989690721,Ezi_3,E(z) RNAi,0.4801426623278364,-0.2512662079745345,-28.317406605495012,100,2000
474,22.57109190887667,443.7517674783975,152.75883739198744,1542.0,1.230675639129921,50126.53417124902,Ezi_3,E(z) RNAi,0.8082566182367519,-0.22801251237747489,-29.638615737865628,100,2000
475,22.665309814563546,448.7290818634102,236.98959746720942,2621.0,1.5718867952799591,52243.534147444596,Ezi_3,E(z) RNAi,0.6024320104691527,-0.21253705840219517,-29.66685493409645,100,2000
476,21.583589743589744,446.11179487179487,213.61128205128205,1478.0,1.6750825762657613,37347.0358974359,Ezi_3,E(z) RNAi,0.6594800437840798,-0.21947639818798748,-30.710412557552853,100,2000
477,22.488644184445974,566.7130075705437,319.41844459738473,1824.0,1.4944611715665141,38595.19545767378,Ezi_3,E(z) RNAi,0.40849446457868366,0.043914100052053984,-30.34480385538108,100,2000
478,20.325097529258777,573.4746423927178,334.2262678803641,1114.0,1.721849126130414,24282.586475942782,Ezi_3,E(z) RNAi,0.3727060089537624,0.05917701648085405,-32.549715694665196,100,2000
479,23.447799827437446,601.8602243313201,187.86367558239863,1464.0,1.556249779103159,55357.03192407248,Ezi_3,E(z) RNAi,0.7327954337689808,0.11131703837038898,-29.339138273829448,100,2000
480,22.112155388471177,605.468045112782,314.140977443609,2159.0,1.6163770414583212,30357.7343358396,Ezi_3,E(z) RNAi,0.4239759661845901,0.1262847690107367,-30.84536172730545,100,2000
481,22.709975669099755,615.1698296836983,218.17810218978101,2540.0,1.3937011736950515,59922.36593673966,Ezi_3,E(z) RNAi,0.6594839125848255,0.14145342358035107,-30.159872154896053,100,2000
482,22.11626637554585,625.4028384279476,264.43558951965065,2292.0,1.4913449083906307,35319.40229257642,Ezi_3,E(z) RNAi,0.5469480229884296,0.16594665180030033,-30.846118355557508,100,2000
483,21.222627737226276,623.0465328467153,313.37226277372264,1380.0,1.575142091075319,19537.433394160584,Ezi_3,E(z) RNAi,0.42702285060662004,0.16373488106845135,-31.793198594277566,100,2000
484,22.3649373881932,630.4830053667263,149.1788908765653,2059.0,1.3257061162011696,58207.82170542636,Ezi_3,E(z) RNAi,0.8293725792542079,0.17014086854698607,-30.469985403691705,100,2000
485,21.82371794871795,671.6923076923077,267.7852564102564,609.0,1.534311962280276,24906.02564102564,Ezi_3,E(z) RNAi,0.5418129465930008,0.2648888496872621,-31.29896768802756,100,2000
486,21.078362573099415,676.2046783625731,278.1216374269006,1442.0,1.531306580207612,25283.03625730994,Ezi_3,E(z) RNAi,0.5168154422934252,0.2751058171153846,-32.072502661644066,100,2000
487,21.02754491017964,675.3377245508982,179.54131736526946,1116.0,1.5928595187445753,37017.40359281437,Ezi_3,E(z) RNAi,0.7580322038139089,0.2675721290328883,-31.99672250628638,100,2000
488,23.083377308707124,702.2918205804749,276.3656992084433,2397.0,1.4113045681710492,40905.50290237467,Ezi_3,E(z) RNAi,0.5228332044312616,0.330671898616246,-30.15327081719165,100,2000
489,21.229074889867842,698.7511013215859,156.46696035242292,708.0,1.6191727445946051,23606.830396475772,Ezi_3,E(z) RNAi,0.816054749480835,0.31619190496564453,-31.84520207997523,100,2000
490,23.667262969588553,706.2367322599881,205.56529516994632,2446.0,1.3109641290957643,54426.35301132975,Ezi_3,E(z) RNAi,0.6963755346552261,0.3350098664868706,-29.493869623653044,100,2000
491,22.705969049373618,706.7929255711127,186.7656595431098,1726.0,1.3700110676590862,53684.155490051584,Ezi_3,E(z) RNAi,0.7424269162106674,0.33510550675490824,-30.43344788095646,100,2000
492,24.487891737891736,732.3888888888889,231.67806267806267,1993.0,1.3653532672372444,23612.09544159544,Ezi_3,E(z) RNAi,0.6341926980804677,0.3923128557064004,-28.794197996120115,100,2000
493,21.25,749.4814285714285,347.73571428571427,1059.0,1.8092830562309443,17700.455714285716,Ezi_3,E(z) RNAi,0.3512832029937787,0.43544502780794647,-32.23530945863239,100,2000
494,27.097874224977858,751.7869796279894,237.01107174490699,3991.0,1.6534328738636093,26917.792294065544,Ezi_3,E(z) RNAi,0.6224161121496856,0.43402203471518797,-26.256338479861327,100,2000
495,23.872534142640365,751.9433485078401,266.79919069296915,2815.0,1.5340354116198442,31975.672736469398,Ezi_3,E(z) RNAi,0.5495296312336677,0.43604966880504303,-29.51955567115945,100,2000
496,22.22567645365573,765.5411629245826,317.8503166378814,2090.0,1.4521084437539773,27309.085780080597,Ezi_3,E(z) RNAi,0.4254869802089152,0.4679899051516685,-31.276304332060686,100,2000
497,23.171349862258953,777.5548209366391,181.23911845730026,2539.0,1.507180077717587,41496.267217630855,Ezi_3,E(z) RNAi,0.7606330906593384,0.48574945411841775,-30.199764806885675,100,2000
498,22.68548387096774,795.158064516129,192.07903225806453,1180.0,1.6249854225412372,27631.214516129032,Ezi_3,E(z) RNAi,0.7352685056347008,0.5239246267155659,-30.758589708957718,100,2000
499,22.45098039215686,799.9858823529412,646.9396078431373,1647.0,1.5939726034173265,35060.62117647059,Ezi_3,E(z) RNAi,-0.3776764098100216,0.5604480394571405,-31.58001746116281,100,2000
500,23.047540983606556,805.1877049180328,450.5344262295082,1482.0,1.3960875702854347,40620.237704918036,Ezi_3,E(z) RNAi,0.10336499526084886,0.5602255671468623,-30.754602650758308,100,2000
501,22.994628469113696,806.822739480752,230.53267681289168,1972.0,1.7773439028138969,30126.29006266786,Ezi_3,E(z) RNAi,0.6419245568018908,0.5510287034733079,-30.537025516846892,100,2000
502,22.468027941966685,818.9210102095648,257.1461579795809,2306.0,1.5087530653810681,36559.450832885545,Ezi_3,E(z) RNAi,0.577590309233448,0.5783690503857759,-31.137809170335828,100,2000
503,21.51044776119403,826.9880597014925,384.66965174129353,1340.0,1.4306194350499108,29330.059701492537,Ezi_3,E(z) RNAi,0.26601473510596696,0.6029244321044738,-32.282571934660616,100,2000
504,22.83085250338295,823.0561569688768,618.4120433017591,1791.0,1.371241459083587,26445.390392422192,Ezi_3,E(z) RNAi,-0.3063304203355849,0.6080227439599066,-31.242157706800846,100,2000
505,25.143010752688173,832.1333333333333,339.2043010752688,1366.0,1.3641030055998131,20696.344086021505,Ezi_3,E(z) RNAi,0.37762060320986923,0.6113060683863714,-28.610345164473657,100,2000
506,22.710843373493976,849.1190644932672,588.0375620127569,1680.0,1.4626102099173508,35770.91708008505,Ezi_3,E(z) RNAi,-0.2302647218394409,0.6618716335744717,-31.41195086828412,100,2000
507,23.6,852.3549180327869,274.9364754098361,3355.0,1.4470956820689664,37167.881967213114,Ezi_3,E(z) RNAi,0.5362574036558465,0.650728911124044,-30.140911356489575,100,2000
508,22.75287356321839,850.5383141762452,319.088122605364,766.0,1.475924365139801,19876.38888888889,Ezi_3,E(z) RNAi,0.428079088844195,0.6493929572649972,-31.037296661431693,100,2000
509,23.01307901907357,867.4741144414169,315.0397820163488,2336.0,1.3416121078695649,32041.017983651225,Ezi_3,E(z) RNAi,0.43910702061290996,0.6852912605749251,-30.82912609649752,100,2000
510,21.729390681003583,892.0537634408602,379.7956989247312,686.0,1.4444567922641707,21922.28136200717,Ezi_3,E(z) RNAi,0.28224756980327625,0.7414522992560533,-32.27693478038243,100,2000
511,23.86833855799373,119.57366771159874,613.0760188087775,1920.0,1.5372885979136832,26097.243730407525,Ezi_3,E(z) RNAi,-0.33981353999521335,-0.893044962900095,-27.825652869829614,100,2000
512,23.714015151515152,131.70580808080808,419.052398989899,2036.0,1.377448842991446,28722.635101010103,Ezi_3,E(z) RNAi,0.1358596498428728,-0.8783508519890656,-27.77747586998845,100,2000
513,21.805194805194805,144.25174825174824,527.0709290709291,1470.0,1.8591545261662912,19509.290709290708,Ezi_3,E(z) RNAi,-0.12767877835577057,-0.845371975176349,-29.8641067182443,100,2000
514,24.65053380782918,129.59928825622777,598.893950177936,2123.0,1.6212686947105346,20256.614234875444,Ezi_3,E(z) RNAi,-0.30444208917054494,-0.8724689086569353,-27.059479651519368,100,2000
515,24.436950146627566,190.00293255131965,569.6813294232649,1449.0,1.7482260921834818,18219.412512218965,Ezi_3,E(z) RNAi,-0.22894789534821525,-0.7452932301947983,-27.44011050339958,100,2000
516,24.29012760241773,193.8025520483546,354.4231027535259,1898.0,1.4970408292286836,21353.11820013432,Ezi_3,E(z) RNAi,0.29814542878466765,-0.7495994842220817,-27.329693334904093,100,2000
517,23.371970495258168,215.44573234984193,306.59957850368806,2571.0,1.6790404368039393,27940.632771338252,Ezi_3,E(z) RNAi,0.4166272974004843,-0.70619123029029,-28.260834116629283,100,2000
518,21.829710144927535,229.28079710144928,306.9855072463768,824.0,1.531935545350027,20433.931159420288,Ezi_3,E(z) RNAi,0.4166024144724154,-0.6766652838309808,-29.850224190838443,100,2000
519,23.269211195928754,228.7648854961832,392.2819338422392,2477.0,1.5129934844785493,35559.12926208651,Ezi_3,E(z) RNAi,0.2078023588690472,-0.6728375322154359,-28.516001253319853,100,2000
520,23.64814814814815,229.13374485596708,289.7824074074074,2538.0,1.6492332854298506,33420.00565843622,Ezi_3,E(z) RNAi,0.45869185735954443,-0.6779576556547431,-28.009719919033326,100,2000
521,24.217575436739015,237.92006352567495,244.29962943356273,2832.0,1.4978299729231788,31277.104817363685,Ezi_3,E(z) RNAi,0.5705899797425529,-0.6618316943371592,-27.412865738597997,100,2000
522,24.61061381074169,255.33759590792837,285.96547314578004,2189.0,1.5359331876128899,21724.43286445013,Ezi_3,E(z) RNAi,0.4697645684699603,-0.6222690003808482,-27.130838351016514,100,2000
523,28.03308431163287,254.00373532550694,255.53468516542156,2825.0,1.3917704314190191,34053.51334044824,Ezi_3,E(z) RNAi,0.544145512801727,-0.6268442467282294,-23.66571494000925,100,2000
524,23.703125,265.4243421052632,261.140625,1581.0,1.6258725218872612,26137.230263157893,Ezi_3,E(z) RNAi,0.5311929302299587,-0.6021884495707719,-28.04119249442221,100,2000
525,24.588603631809644,265.3688165309956,225.76017532874138,2082.0,1.428522905093376,34739.429555416405,Ezi_3,E(z) RNAi,0.6177798973401862,-0.6043403884135377,-27.11114582260164,100,2000
526,21.803212851405622,278.8072289156627,181.2550200803213,744.0,1.4401130140622143,25886.295180722893,Ezi_3,E(z) RNAi,0.7276026208779074,-0.5782579393869062,-29.886002576106552,100,2000
527,23.5216306156406,280.98169717138103,261.83444259567386,2059.0,1.7445283418606308,29777.331946755407,Ezi_3,E(z) RNAi,0.5305245598010491,-0.5689606317197439,-28.276019696573357,100,2000
528,22.875673029858053,311.7508565834557,293.4204601076848,2432.0,1.6353913433307652,41338.15907978463,Ezi_3,E(z) RNAi,0.4552556406478103,-0.5015030918958916,-29.06536116155838,100,2000
529,23.629374337221634,326.3711558854719,287.08907741251323,2270.0,1.5773674066821606,36367.41145281018,Ezi_3,E(z) RNAi,0.4717166955683991,-0.47067258679046486,-28.35302526143362,100,2000
530,23.662168450442067,356.5463006049325,182.78501628664495,2460.0,1.3482388732977488,54906.70265239647,Ezi_3,E(z) RNAi,0.7289956359853553,-0.4123123173233828,-28.291135417273033,100,2000
531,24.571428571428573,359.00766283524905,163.6409414340449,2124.0,1.260482248966344,53972.64915161467,Ezi_3,E(z) RNAi,0.7760107410512473,-0.40815856999505196,-27.36616436491701,100,2000
532,24.388222464558343,356.2998909487459,234.01308615049072,2336.0,1.4499291684635318,40299.935659760085,Ezi_3,E(z) RNAi,0.6035972736678021,-0.40987907804239687,-27.628523291974545,100,2000
533,23.101954120645708,374.47238742565844,306.4851316907392,1650.0,1.525130201908488,29558.45199660153,Ezi_3,E(z) RNAi,0.42742883652467545,-0.36694180904606655,-29.066985597421617,100,2000
534,22.984150943396227,373.76377358490566,377.6935849056604,1746.0,1.7192789398029193,21345.236226415094,Ezi_3,E(z) RNAi,0.2531005869201135,-0.36434873854002725,-29.271732904470223,100,2000
535,23.396145610278374,398.9213062098501,254.06477516059957,2298.0,1.5248254149986475,48011.90578158458,Ezi_3,E(z) RNAi,0.5573435547143604,-0.3178041883025703,-28.789480377345914,100,2000
536,22.950807071483474,441.10376633358953,197.4619523443505,1639.0,1.5354145924484752,56340.42505764796,Ezi_3,E(z) RNAi,0.6986700979630869,-0.23108140890777795,-29.30605553430727,100,2000
537,23.844897959183672,442.8897959183673,277.09037900874637,2055.0,1.3614520215323331,47358.39533527697,Ezi_3,E(z) RNAi,0.503896235510461,-0.2226735944057181,-28.51789120490418,100,2000
538,23.058536585365854,448.97134146341466,183.08170731707318,1954.0,1.4835482777026228,58566.59634146342,Ezi_3,E(z) RNAi,0.7343857343092977,-0.21512552729501477,-29.20681755740889,100,2000
539,22.787636363636363,461.9410909090909,171.75272727272727,1701.0,1.4815022261204716,52122.12581818182,Ezi_3,E(z) RNAi,0.7629720623964498,-0.18811179689520285,-29.507240725151547,100,2000
540,25.65702479338843,453.4430342384888,326.04929161747344,4021.0,1.425205161154319,49336.891086186544,Ezi_3,E(z) RNAi,0.3847629797535512,-0.1973239701799555,-26.80278582242537,100,2000
541,24.272347535505432,464.21971595655805,279.5563909774436,2741.0,1.3220797135445648,51390.46449456976,Ezi_3,E(z) RNAi,0.49927060320900285,-0.17702432697379356,-28.16546832733888,100,2000
542,23.013833110218652,472.9321731369924,181.2454261490406,2955.0,1.7855199217499123,55197.33511825078,Ezi_3,E(z) RNAi,0.7404653016185134,-0.1641151166372078,-29.33001937343915,100,2000
543,22.40142210730446,537.765352294764,285.12281835811245,1899.0,1.537504021846426,51292.10536522301,Ezi_3,E(z) RNAi,0.4905177058521655,-0.01981910615118765,-30.29138056853222,100,2000
544,24.553142857142856,551.9142857142857,231.62457142857144,2232.0,1.37354032138343,60196.01085714286,Ezi_3,E(z) RNAi,0.6223838447084513,0.007296490405495071,-28.120271538600036,100,2000
545,23.808022922636102,553.1552053486151,211.91977077363896,2475.0,1.2932877062276062,58289.6064947469,Ezi_3,E(z) RNAi,0.6706952887968636,0.008802267034940359,-28.844850715569887,100,2000
546,23.28281327389797,563.5096582466567,191.95690936106985,2467.0,1.558002242669878,58438.19465081723,Ezi_3,E(z) RNAi,0.7202406272510651,0.029737031094339894,-29.379930553035983,100,2000
547,23.355820105820104,575.292328042328,217.13095238095238,945.0,1.474672542833763,57872.4537037037,Ezi_3,E(z) RNAi,0.6594067982466878,0.05632545770444408,-29.378240591580678,100,2000
548,22.539714867617107,580.6985743380856,296.8615071283096,613.0,1.4901486685394882,46382.04073319756,Ezi_3,E(z) RNAi,0.4646273495964577,0.0724498877318791,-30.31259778205315,100,2000
549,22.218832891246684,602.5550397877984,344.7387267904509,1918.0,1.812948151531376,23963.316312997347,Ezi_3,E(z) RNAi,0.34889537905052626,0.12183527615555523,-30.767247872122308,100,2000
550,23.966084275436792,632.7245632065776,279.2353545734841,2425.0,1.4146569470114183,32964.465570400826,Ezi_3,E(z) RNAi,0.5112049157097684,0.18243312954256186,-29.039570282277573,100,2000
551,24.77671755725191,664.074427480916,273.80152671755724,2130.0,1.6409948732045756,24541.373091603054,Ezi_3,E(z) RNAi,0.5265758266392901,0.24900565455543067,-28.327845372757523,100,2000
552,25.115827774408732,689.9636143117041,234.28805336567618,2801.0,1.9826383195356099,25872.285627653124,Ezi_3,E(z) RNAi,0.6249962818878569,0.3019603513383675,-28.02647100871602,100,2000
553,22.709183673469386,710.4115646258504,295.69897959183675,2319.0,1.5730750418747639,27068.198412698413,Ezi_3,E(z) RNAi,0.4760535079340329,0.3491060494420022,-30.579098536667296,100,2000
554,23.673170731707316,714.0058536585366,224.97658536585365,1322.0,1.3700104200503205,25064.479024390243,Ezi_3,E(z) RNAi,0.6493806319105453,0.3527032796880525,-29.538513879977305,100,2000
555,24.059718969555036,725.5070257611242,263.51932084309135,2205.0,1.6631162370795913,34225.32318501171,Ezi_3,E(z) RNAi,0.555807597081784,0.37946424833453984,-29.239106942772725,100,2000
556,23.99882835383714,725.0515524311658,292.2524897480961,2448.0,1.365277317819208,29220.38840070299,Ezi_3,E(z) RNAi,0.48545360392555703,0.38014878456327295,-29.33450836845624,100,2000
557,22.3482428115016,740.408945686901,279.86421725239614,1022.0,1.5331137514847109,23702.220447284344,Ezi_3,E(z) RNAi,0.5167944225918566,0.41218507103076596,-31.02133076503579,100,2000
558,22.701007838745802,763.0828667413214,187.21164613661813,1216.0,1.4077762774441454,30348.969764837628,Ezi_3,E(z) RNAi,0.7450593356001174,0.4552167882891338,-30.628793315383348,100,2000
559,22.789017341040463,793.679190751445,222.23699421965318,748.0,1.7506839481772636,26989.664739884392,Ezi_3,E(z) RNAi,0.6613591782753341,0.5225092450880757,-30.68790440645679,100,2000
560,23.038482095136292,870.67717797969,390.574024585783,2343.0,1.4086238523338543,47608.9337252806,Ezi_3,E(z) RNAi,0.25444983684053635,0.6964797214704037,-30.90928621680178,100,2000
561,22.577429983525537,870.2528830313015,418.9859967051071,1502.0,1.630502142022729,26898.36326194399,Ezi_3,E(z) RNAi,0.18488517046110942,0.6972093448641252,-31.404548732693257,100,2000
562,23.253609541745135,877.738229755179,328.38166980539864,1982.0,1.4539350347264288,36268.40615191463,Ezi_3,E(z) RNAi,0.4071312886688918,0.7079591084777719,-30.639948532465468,100,2000
563,23.51593137254902,896.0533088235294,324.62867647058823,2123.0,1.5124006180421423,29628.96629901961,Ezi_3,E(z) RNAi,0.4175276044869123,0.7468169270422056,-30.434683431216857,100,2000
564,23.054701905347265,899.5808236017209,477.87092808850645,1959.0,1.7657522422474274,38971.48985863553,Ezi_3,E(z) RNAi,0.042703992279607084,0.7631744003829428,-31.10005562338822,100,2000
565,23.053691275167786,889.3758389261745,699.0906040268457,647.0,1.9503236403734499,8254.020134228187,Ezi_3,E(z) RNAi,-0.4994032328443052,0.7541584733073352,-31.34418333708231,100,2000
566,23.058631921824105,891.6726384364821,707.8843648208469,1470.0,1.931899590706754,7119.288273615635,Ezi_3,E(z) RNAi,-0.5207739065234318,0.7595653831183546,-31.358020352948532,100,2000
567,23.57099080694586,899.3329928498467,375.6782431052094,1381.0,1.4434750315209832,22499.44024514811,Ezi_3,E(z) RNAi,0.29280131133562115,0.756757356566522,-30.45472853252297,100,2000
568,26.126993680409267,901.8721035209148,575.4959374059584,4058.0,1.2742418560901794,48347.1947035811,Ezi_3,E(z) RNAi,-0.1960890341997823,0.7737135365874901,-28.157985948953797,100,2000
569,24.341948310139166,904.3523856858847,394.75049701789266,2309.0,1.3526253287054848,34352.34791252485,Ezi_3,E(z) RNAi,0.24645210409709284,0.7685706744338063,-29.724629841711206,100,2000
570,23.29852045256745,128.57441253263707,553.1018276762402,1594.0,1.644548230911675,17324.067885117493,Ezi_3,E(z) RNAi,-0.1924304544857457,-0.8773053624030794,-28.35057961654578,100,2000
571,25.81845623113411,129.72660629581716,536.0457093574817,3066.0,1.4513489708971765,16996.901250539024,Ezi_3,E(z) RNAi,-0.15061679059054855,-0.8758124283275591,-25.813147911015943,100,2000
572,24.320960698689955,155.52729257641923,371.6419213973799,1226.0,1.4807693121114116,19191.804585152837,Ezi_3,E(z) RNAi,0.25347035907914717,-0.8302606366385963,-27.19138788154477,100,2000
573,24.20178870877585,154.36109558412522,633.2202347680268,2404.0,1.4060540206260383,36180.01341531582,Ezi_3,E(z) RNAi,-0.3868157616949336,-0.8176676678191032,-27.63478930830437,100,2000
574,26.069246435845216,159.08757637474542,650.4209097080787,1936.0,1.6249712755168846,26517.14867617108,Ezi_3,E(z) RNAi,-0.4286068055074347,-0.8065791722185148,-25.804861725112925,100,2000
575,26.323126142595978,177.16087751371114,654.5703839122486,3304.0,1.5504689021289433,21596.165447897623,Ezi_3,E(z) RNAi,-0.4375676409929192,-0.7677815797903901,-25.617137389926263,100,2000
576,23.144278606965173,222.38059701492537,415.7653399668325,1511.0,1.592075878174828,19522.47263681592,Ezi_3,E(z) RNAi,0.14990503968038627,-0.6851043257636473,-28.64886459942415,100,2000
577,23.932934131736527,221.50299401197606,334.26586826347307,1535.0,1.5366715126304324,33432.68622754491,Ezi_3,E(z) RNAi,0.34931356596123964,-0.6916698075635304,-27.755009547811234,100,2000
578,24.73497267759563,227.07704918032786,273.48579234972675,2490.0,1.6530781191994837,34255.11912568306,Ezi_3,E(z) RNAi,0.49843843895046436,-0.6832769983316667,-26.895521786602956,100,2000
579,24.179160021265286,233.21212121212122,260.20839978734716,2476.0,1.4604856937746309,34349.47474747475,Ezi_3,E(z) RNAi,0.5313421319829954,-0.6709583704032452,-27.45536280372279,100,2000
580,24.208014142604597,263.7530936947555,356.9263406010607,2095.0,1.6197990690377373,41969.92457277549,Ezi_3,E(z) RNAi,0.29664671275564314,-0.6002274387304234,-27.650838642695888,100,2000
581,24.524064171122994,271.7553475935829,373.74933155080214,1867.0,1.6574479165398235,30404.819518716577,Ezi_3,E(z) RNAi,0.25600117681170453,-0.5821836535547857,-27.382881675894374,100,2000
582,23.49904397705545,298.75143403441683,168.7208413001912,682.0,1.3259793036968242,21571.586998087954,Ezi_3,E(z) RNAi,0.75959446242018,-0.5364205175188888,-28.24171487655116,100,2000
583,25.997672253258845,304.54050279329607,254.86638733705772,3036.0,1.6987701991016375,34855.098230912474,Ezi_3,E(z) RNAi,0.5491302990247706,-0.5190854431972489,-25.8706989128507,100,2000
584,24.725534308211472,297.70753655793027,300.7986501687289,1233.0,1.6789823664283219,21413.660292463443,Ezi_3,E(z) RNAi,0.4362632967305691,-0.5310234294320513,-27.17741032913227,100,2000
585,25.18720152817574,306.26361031518627,184.5062082139446,1393.0,1.4494577124689023,27116.204393505253,Ezi_3,E(z) RNAi,0.7214521681429056,-0.5194720901131451,-26.598704845329614,100,2000
586,26.275536930330016,308.77579884756415,277.1152435830278,2679.0,1.5213756033434176,28715.951807228917,Ezi_3,E(z) RNAi,0.4949559323173305,-0.5087653014815956,-25.63503087698383,100,2000
587,24.988235294117647,317.1349019607843,218.98117647058822,1921.0,1.576289017527183,27750.865098039216,Ezi_3,E(z) RNAi,0.6377949338438316,-0.49429365939457637,-26.87758124927073,100,2000
588,23.4813843733613,323.1908757210278,392.29889879391715,2199.0,1.4817054794818805,36234.217094913474,Ezi_3,E(z) RNAi,0.21400713598530574,-0.4713922361018664,-28.62228043817437,100,2000
589,24.974697469746975,330.016501650165,220.79207920792078,1255.0,1.4548559458148962,26888.918591859187,Ezi_3,E(z) RNAi,0.634215015834531,-0.46670851062977203,-26.93683105410021,100,2000
590,23.94838145231846,343.3578302712161,144.79265091863516,1519.0,1.4075761949837988,29826.716535433072,Ezi_3,E(z) RNAi,0.821108106026315,-0.4426362462216967,-27.912785914990476,100,2000
591,25.44002340550029,344.70977179637214,221.3867758923347,2213.0,1.3051814267318922,43199.00468110006,Ezi_3,E(z) RNAi,0.6337302357789634,-0.43532509482662285,-26.52180384539805,100,2000
592,24.006072874493928,370.5910931174089,242.11943319838056,664.0,1.530859148242923,36396.70850202429,Ezi_3,E(z) RNAi,0.584703646776634,-0.3789264717139287,-28.069033979566967,100,2000
593,26.333557046979866,379.7825503355705,320.1805369127517,2141.0,1.542388228595028,22066.377852348993,Ezi_3,E(z) RNAi,0.3942516220657204,-0.35480031027655423,-25.870492443154223,100,2000
594,25.14647137150466,379.737017310253,291.8295605858855,2164.0,1.565802948520549,56508.94207723036,Ezi_3,E(z) RNAi,0.46364061279225277,-0.35654069615307016,-27.021849182445756,100,2000
595,26.092879256965944,385.84891640866874,175.38513931888545,2047.0,1.2991790302187491,59597.538699690405,Ezi_3,E(z) RNAi,0.7490383729222945,-0.35020885350056563,-25.949973094374997,100,2000
596,24.26993865030675,389.2085889570552,164.49795501022496,1249.0,1.4465886768181262,51920.87014314928,Ezi_3,E(z) RNAi,0.7759120613078159,-0.3436824935849755,-27.77057310444464,100,2000
597,25.281765018607125,385.5598086124402,210.4433811802233,3190.0,1.9084390211821796,42936.64274322169,Ezi_3,E(z) RNAi,0.663216993456581,-0.34881017198658004,-26.80408943252811,100,2000
598,23.61173184357542,404.30633147113593,387.0977653631285,1469.0,1.6568670839321051,17469.50279329609,Ezi_3,E(z) RNAi,0.2321027900556636,-0.2986442931049147,-28.758951754105087,100,2000
599,25.29271523178808,441.06401766004416,293.4701986754967,2772.0,1.2592231989716358,51991.63134657837,Ezi_3,E(z) RNAi,0.4636819433291621,-0.22561367461456305,-27.084475585500172,100,2000
600,25.83511269276394,447.1328588374852,220.4626334519573,1204.0,1.4569043003306135,35879.040332147095,Ezi_3,E(z) RNAi,0.6427669001578991,-0.21687220122175865,-26.4709557889855,100,2000
601,23.93033381712627,529.2815674891147,253.84833091436866,1726.0,1.4236465369972302,47878.894775036286,Ezi_3,E(z) RNAi,0.5664959700116423,-0.03970997900468198,-28.69463377109391,100,2000
602,25.489583333333332,541.3569444444445,223.6263888888889,1999.0,1.3723942170999839,58122.71041666667,Ezi_3,E(z) RNAi,0.6412581817178624,-0.015680255560627798,-27.138200828624203,100,2000
603,24.309158284806777,570.6167284277395,252.33350979354157,2255.0,1.3869841739589401,54241.69931180519,Ezi_3,E(z) RNAi,0.5729369889401412,0.04838740145020082,-28.45330456065136,100,2000
604,24.597363690832832,574.6974236069502,232.80946674655482,2012.0,1.4676065643141623,57523.374475733974,Ezi_3,E(z) RNAi,0.6209909588791973,0.05596931648383796,-28.154368338233915,100,2000
605,23.207860922146637,601.4210128495843,329.8458049886621,1730.0,1.7311883622362785,24770.537414965987,Ezi_3,E(z) RNAi,0.38526775988495543,0.1185645215458917,-29.755718093708342,100,2000
606,24.76892950391645,606.1135770234987,233.43146214099218,1903.0,1.3081144968265581,60713.35966057441,Ezi_3,E(z) RNAi,0.6215465312135178,0.12302777346438809,-28.08952763534602,100,2000
607,24.07756376887038,644.6741280583029,295.32483081728265,2621.0,1.5212282055336346,40029.533576262365,Ezi_3,E(z) RNAi,0.4726163700560604,0.20885409396710597,-28.988573684624384,100,2000
608,24.772108843537413,673.25,311.2250566893424,2099.0,1.3719271942174687,23269.247732426305,Ezi_3,E(z) RNAi,0.4355892918413089,0.27073795572975734,-28.41034621237031,100,2000
609,25.576327433628318,679.1194690265487,275.7212389380531,1445.0,1.7255085014855063,37232.78761061947,Ezi_3,E(z) RNAi,0.5228704095195276,0.2812183435427822,-27.581384952108273,100,2000
610,24.389728096676738,684.5508559919436,152.9546827794562,1438.0,1.889234458377202,32343.05740181269,Ezi_3,E(z) RNAi,0.8237025606432744,0.28571840940427884,-28.632275979327986,100,2000
611,25.58980785296575,712.5020885547201,197.83625730994152,1611.0,1.3285723770641151,54699.709273182954,Ezi_3,E(z) RNAi,0.7157012684562118,0.34794434382100436,-27.582769182521567,100,2000
612,24.856852103120758,721.932157394844,307.76594301221166,1817.0,1.4545392839371816,35343.05156037992,Ezi_3,E(z) RNAi,0.4472758296407999,0.37439474190326827,-28.48543313316345,100,2000
613,28.11401043757527,734.1433159373745,276.2071457246086,3256.0,1.3525787180034077,41246.788438378164,Ezi_3,E(z) RNAi,0.5253141243340615,0.398649393069779,-25.22988310388895,100,2000
614,26.022798742138363,739.7154088050314,204.7067610062893,1778.0,1.5963420791185787,32251.526729559748,Ezi_3,E(z) RNAi,0.7006849134895117,0.4063988949083259,-27.25017108056664,100,2000
615,24.330316742081447,738.3534439416792,301.6872800402212,2388.0,1.4405010804237495,29072.786827551532,Ezi_3,E(z) RNAi,0.4632411490909121,0.40907263382796133,-29.059716074683475,100,2000
616,25.152668597434836,775.0810922631362,248.71659081506,2965.0,1.4529224016638316,39310.31857674803,Ezi_3,E(z) RNAi,0.595313614093494,0.48437707146717224,-28.294770649643713,100,2000
617,25.952362658470996,779.3688052247406,662.5243949289281,3408.0,1.350625950570398,39021.77794852094,Ezi_3,E(z) RNAi,-0.4171938865789293,0.517388806374919,-28.02868344523671,100,2000
618,26.751157894736842,792.6168421052631,641.3170526315789,2973.0,1.4601838475618538,47655.16,Ezi_3,E(z) RNAi,-0.36441503865301794,0.5444344383144477,-27.24796364467337,100,2000
619,23.58189655172414,792.9640804597701,284.78879310344826,975.0,1.5753651566413787,25308.797413793105,Ezi_3,E(z) RNAi,0.5082149476891253,0.5245959602844934,-29.97109311153085,100,2000
620,24.53272727272727,802.680606060606,349.21272727272725,1982.0,1.5221830363993873,28607.694545454546,Ezi_3,E(z) RNAi,0.35117836369469013,0.5490459941954313,-29.133858282583432,100,2000
621,23.811006517016654,801.4511223750906,382.2469225199131,1649.0,1.5067871329437528,27236.49094858798,Ezi_3,E(z) RNAi,0.27024834374195494,0.5483224837012646,-29.89287125099013,100,2000
622,25.99384098544233,801.9115341545353,332.9451287793953,2572.0,1.409712141374704,26714.183090705486,Ezi_3,E(z) RNAi,0.39093804670375865,0.5464779840758909,-27.649752004291226,100,2000
623,24.434679334916865,803.2470308788598,272.2304038004751,673.0,1.9373031501900455,22360.11401425178,Ezi_3,E(z) RNAi,0.5396292888671632,0.5458151155795732,-29.13723758802738,100,2000
624,24.393606393606394,818.8051948051948,366.54545454545456,1320.0,1.5759624424197056,24076.75824175824,Ezi_3,E(z) RNAi,0.3098238972831171,0.5844435662904566,-29.34909945298043,100,2000
625,25.276279581728122,828.9284534947716,396.38855255916343,2113.0,1.244395576158527,35970.44028618602,Ezi_3,E(z) RNAi,0.23745053422432427,0.607766989792409,-28.53800995857859,100,2000
626,25.029698769622403,833.5277895630038,590.1557064064489,2731.0,1.3696506058973164,50829.456088247774,Ezi_3,E(z) RNAi,-0.23648691950734946,0.6287491127167899,-29.04318984822374,100,2000
627,23.32241813602015,841.5894206549118,362.4836272040302,1126.0,1.9183643459074509,22839.83501259446,Ezi_3,E(z) RNAi,0.3212755406894803,0.6328080996830676,-30.4920195194852,100,2000
628,24.91254752851711,853.5844649646931,422.2650733297121,2197.0,1.3336420746527378,39067.008690928844,Ezi_3,E(z) RNAi,0.17575030075953757,0.6618559647139686,-29.01734970108295,100,2000
629,23.879545454545454,854.8227272727273,407.8340909090909,753.0,1.5750617785756025,22946.279545454545,Ezi_3,E(z) RNAi,0.21115479149287086,0.6636580511499874,-30.036416458737577,100,2000
630,23.240458015267176,891.0610687022901,758.8816793893129,869.0,1.9779914324151926,6033.969465648855,Ezi_3,E(z) RNAi,-0.6456301065517951,0.7612023524155134,-31.23811171407408,100,2000
631,24.33225806451613,905.7,365.6258064516129,667.0,1.9667173862238398,19745.164516129033,Ezi_3,E(z) RNAi,0.317823563100486,0.7697662918660013,-29.702326175315715,100,2000
632,26.694512195121952,112.38475609756098,427.69146341463414,2495.0,1.5035307259728075,20774.053048780486,Ezi_3,E(z) RNAi,0.1134289571335747,-0.9190494744879228,-24.742680495885235,100,2000
633,25.843730697961703,129.6899320568252,403.17232859789993,2003.0,1.4657125397375343,24461.95552810377,Ezi_3,E(z) RNAi,0.1745864750666355,-0.8835515176390308,-25.621053701938592,100,2000
634,26.399101307189543,134.08333333333334,378.08496732026146,3462.0,1.8424422427836933,27999.553513071896,Ezi_3,E(z) RNAi,0.23627651636572145,-0.8756213149963414,-25.04902907634664,100,2000
635,25.073561544064095,160.45229424617625,525.8397669337218,1771.0,1.5983241100030816,25364.337946103424,Ezi_3,E(z) RNAi,-0.1236030593337002,-0.8108579313711751,-26.64884915792878,100,2000
636,24.817998656816656,201.35325721961047,582.3049026192075,1886.0,1.68622893611942,21626.233042310276,Ezi_3,E(z) RNAi,-0.2590941024403127,-0.7203485225644028,-27.113177688824628,100,2000
637,25.06908031627133,203.16479400749063,330.08322929671243,2972.0,1.505752976516204,41415.505201831045,Ezi_3,E(z) RNAi,0.35833408895789964,-0.731024330875618,-26.551782072745084,100,2000
638,25.201449275362318,225.94927536231884,341.6289855072464,1026.0,1.4218678300376513,33650.36666666667,Ezi_3,E(z) RNAi,0.3315829771060874,-0.6817506256445843,-26.51073406070718,100,2000
639,24.836483155299916,236.974527526705,368.68529170090386,1587.0,1.5311405434840921,24873.83401807724,Ezi_3,E(z) RNAi,0.2660934738983294,-0.6566726862079548,-26.946821393570552,100,2000
640,25.764437689969604,242.49924012158056,275.53951367781156,2095.0,1.5938422331139925,24958.613221884498,Ezi_3,E(z) RNAi,0.4944293328213931,-0.6502503245399539,-25.920647687558308,100,2000
641,24.519642857142856,244.54642857142858,259.9767857142857,1187.0,1.7837549238613588,24125.90357142857,Ezi_3,E(z) RNAi,0.5326578740038983,-0.6467893149828121,-27.152813917742222,100,2000
642,23.707196029776675,251.04714640198512,262.1786600496278,588.0,1.3223175187988405,24032.707196029776,Ezi_3,E(z) RNAi,0.5277011957656972,-0.6328000222530533,-27.989940006371953,100,2000
643,25.565874730021598,250.5478761699064,342.03959683225344,1771.0,1.4321203965634188,29456.915046796257,Ezi_3,E(z) RNAi,0.3322043337579348,-0.6292471150858279,-26.22977916122679,100,2000
644,27.577147016011644,253.91994177583697,224.32896652110625,1844.0,1.2076802055211358,35475.23289665211,Ezi_3,E(z) RNAi,0.6205168328463271,-0.628825537266978,-24.082217592005176,100,2000
645,26.245238095238093,268.31666666666666,190.3577380952381,2033.0,1.3111078962765836,40347.72261904762,Ezi_3,E(z) RNAi,0.7046171760404139,-0.6000807686988487,-25.42004891295333,100,2000
646,25.026348808030114,277.47302383939774,296.7766624843162,1185.0,1.6178212054203382,21453.2634880803,Ezi_3,E(z) RNAi,0.4447675528600641,-0.574420240581535,-26.803315802724217,100,2000
647,27.238278741168916,285.3018625561978,251.88631984585743,2090.0,1.386464296992478,36545.25240847784,Ezi_3,E(z) RNAi,0.5551476774389656,-0.560290816687204,-24.56148397060078,100,2000
648,26.906115879828327,284.23175965665234,210.34710300429185,2290.0,1.3191054498359747,36800.374463519314,Ezi_3,E(z) RNAi,0.6567444882591031,-0.564971136269887,-24.837923005699786,100,2000
649,25.26799557032115,296.6760797342193,267.1633444075305,2339.0,1.5323172513146932,29428.409745293466,Ezi_3,E(z) RNAi,0.5185154606447036,-0.5351592352055283,-26.58927707470825,100,2000
650,26.069749810462472,289.117513267627,239.66413949962092,1685.0,1.5429998896073005,26938.85746777862,Ezi_3,E(z) RNAi,0.5853170527703921,-0.552863916223306,-25.727539402559145,100,2000
651,25.882245271507017,308.6229408175717,145.90970103721781,1992.0,1.3066285160970652,49159.08053691275,Ezi_3,E(z) RNAi,0.8160706924919605,-0.5166591299376204,-25.86320066688163,100,2000
652,25.975395430579965,318.0035149384886,244.17223198594024,1548.0,1.3045848884904638,28964.780316344462,Ezi_3,E(z) RNAi,0.5761948270958841,-0.49098100706411685,-25.92496012369501,100,2000
653,24.57,328.361,302.655,1359.0,1.789660278024098,22366.459,Ezi_3,E(z) RNAi,0.43374827804374405,-0.46552325791068194,-27.438644194240446,100,2000
654,24.91170431211499,328.03080082135523,190.75359342915812,756.0,1.436702708752551,30423.443531827514,Ezi_3,E(z) RNAi,0.707602606966022,-0.4726770626349025,-26.95544272278451,100,2000
655,25.240316534777175,343.95501874219076,429.2140774677218,2927.0,1.7565232193965339,18210.0583090379,Ezi_3,E(z) RNAi,0.12502642289487675,-0.4249540646664357,-26.979693826909283,100,2000
656,24.672935404742436,339.84873262469335,235.42027800490598,1592.0,1.7226749634030878,27407.99100572363,Ezi_3,E(z) RNAi,0.5990640275982735,-0.4448917952425224,-27.290099878699017,100,2000
657,26.21170935703084,346.90852064819654,206.52901202300052,2455.0,1.4211407974001609,45537.622059592264,Ezi_3,E(z) RNAi,0.6702376720468377,-0.43148545656858617,-25.738897858597227,100,2000
658,26.064578313253012,364.78072289156626,288.5277108433735,2645.0,1.6105424309255123,51790.8486746988,Ezi_3,E(z) RNAi,0.4707297725629318,-0.3886312648176572,-26.049169223010363,100,2000
659,24.496558505408064,370.17699115044246,251.50737463126845,1411.0,1.3247848920866843,32350.781710914453,Ezi_3,E(z) RNAi,0.5616979976120484,-0.37926505072716477,-27.588932697985616,100,2000
660,26.088500563697856,361.6685456595265,200.80890642615557,2328.0,1.6989941555842416,41714.466178128525,Ezi_3,E(z) RNAi,0.6852143754172437,-0.4003279969093616,-25.904704452719503,100,2000
661,25.844961240310077,374.19439475253427,157.66607036374478,2066.0,1.5378157902936576,56225.964818127606,Ezi_3,E(z) RNAi,0.7916352317778625,-0.3760953386686612,-26.136357891992663,100,2000
662,25.54609429978888,386.4679802955665,230.12526389866292,1852.0,1.4978196255124916,37663.62561576354,Ezi_3,E(z) RNAi,0.6151051862918315,-0.3457360204388754,-26.567516355985486,100,2000
663,24.975193798449613,401.35968992248064,192.16744186046512,1590.0,1.5571808638494358,54792.46201550388,Ezi_3,E(z) RNAi,0.7089932418836773,-0.3161596046724112,-27.141012025595916,100,2000
664,26.409313725490197,407.55882352941177,241.896568627451,2764.0,1.4782752052039685,59160.228921568625,Ezi_3,E(z) RNAi,0.5876879211793635,-0.3000571066184631,-25.79019416902693,100,2000
665,25.694267515923567,410.6624203821656,224.3099787685775,1421.0,1.5921680738379833,45298.72399150743,Ezi_3,E(z) RNAi,0.6309382163707384,-0.2944552580202937,-26.493638661969705,100,2000
666,26.040665434380777,427.5924214417745,207.24584103512015,2828.0,1.4349571639262109,48483.19639556377,Ezi_3,E(z) RNAi,0.6738215027661099,-0.2593191473581742,-26.182927674373172,100,2000
667,26.089407191448007,427.22643343051504,139.4363459669582,2474.0,1.4234846702290955,57916.61953352769,Ezi_3,E(z) RNAi,0.8397599538987488,-0.2640092386599049,-26.047881656651047,100,2000
668,24.948,431.79,239.564,1337.0,1.5890369663189745,38579.765,Ezi_3,E(z) RNAi,0.5950040639577847,-0.24850886667122418,-27.33028612341454,100,2000
669,24.750924784217016,448.5918618988903,166.58076448828606,1103.0,1.5816774694456301,46312.025893958074,Ezi_3,E(z) RNAi,0.7747416399277642,-0.21687417762740568,-27.49245935764313,100,2000
670,25.80917237743806,468.615709014233,157.6831839746969,2299.0,1.581009362613982,55895.497100685294,Ezi_3,E(z) RNAi,0.7978400417571456,-0.1746618112394963,-26.49058192997947,100,2000
671,25.44106463878327,491.5194866920152,236.66920152091254,2469.0,1.5730817883935826,51006.64923954372,Ezi_3,E(z) RNAi,0.6060391392242088,-0.12124886338912577,-27.035016819864683,100,2000
672,24.6657824933687,529.7204244031831,233.12997347480106,2198.0,1.474190287198601,53775.211671087534,Ezi_3,E(z) RNAi,0.6172308027934297,-0.039962954778358095,-27.934677593883997,100,2000
673,24.67626321974148,529.7502937720329,269.9447708578143,2246.0,1.5550514190198557,55909.1821386604,Ezi_3,E(z) RNAi,0.527129040979194,-0.0377765391110223,-27.970483647706697,100,2000
674,25.018261964735515,548.7562972292192,294.3809823677582,1998.0,1.605157945676642,50174.859571788416,Ezi_3,E(z) RNAi,0.4685781496889083,0.004181130504605779,-27.723236882168383,100,2000
675,25.298387096774192,560.3185483870968,263.78360215053766,1097.0,1.3575079620053199,54975.094086021505,Ezi_3,E(z) RNAi,0.5442289367190025,0.027085240611774974,-27.443718640736463,100,2000
676,25.82102834541859,582.7241265655899,314.3866183256427,4460.0,1.8262609188066496,48965.16974291365,Ezi_3,E(z) RNAi,0.421859542435979,0.07780536320998133,-27.060122367615296,100,2000
677,26.073992024811698,590.6495347806823,228.650420912716,2705.0,1.3714821475545005,58703.11962782455,Ezi_3,E(z) RNAi,0.6322212990181006,0.08977153248490466,-26.72632662111874,100,2000
678,25.154752553024352,594.4807541241163,304.00706991358993,1724.0,1.6137593882175127,28224.400628436764,Ezi_3,E(z) RNAi,0.44804301949331293,0.10228295974705937,-27.753018684080743,100,2000
679,25.84446564885496,628.3611641221374,335.5138358778626,3214.0,1.8605905252181048,19943.04150763359,Ezi_3,E(z) RNAi,0.37317009397183076,0.17638299239505129,-27.217090657827452,100,2000
680,25.863887493721748,647.5087895529884,135.6514314414867,2708.0,1.3252452549535736,56491.2611752888,Ezi_3,E(z) RNAi,0.8635972544383745,0.20570813850670988,-27.01150257993772,100,2000
681,24.404782993799824,653.0137289636847,314.7993799822852,2754.0,1.5132394426724738,34215.6430469442,Ezi_3,E(z) RNAi,0.42550346793813665,0.22777051626023614,-28.71391172905952,100,2000
682,26.99486007995431,669.2918332381496,287.1399200456882,2413.0,1.360342198060399,40387.88806396345,Ezi_3,E(z) RNAi,0.494269143101159,0.2609213222508202,-26.144045370905438,100,2000
683,25.278592375366568,684.2414467253177,188.76197458455522,2649.0,1.5069846951688646,55074.37096774193,Ezi_3,E(z) RNAi,0.7360417081701907,0.2871293217052189,-27.787296062725268,100,2000
684,25.502538071065988,685.0659898477157,270.8680203045685,643.0,1.6871647885064227,33228.302030456856,Ezi_3,E(z) RNAi,0.5351422068074088,0.29362393988998337,-27.669138493499513,100,2000
685,24.083700440528634,697.3453744493393,371.1189427312775,1390.0,1.5594125713407496,17376.67665198238,Ezi_3,E(z) RNAi,0.2905958614450699,0.3255898691888903,-29.255146052826515,100,2000
686,25.07155322862129,708.5811518324607,151.8307155322862,1702.0,1.663564426489428,30717.547993019198,Ezi_3,E(z) RNAi,0.8280412762574201,0.33692335978372756,-28.03008177594743,100,2000
687,25.75962074735081,710.6112660345789,170.17735638594533,2178.0,1.3832530571257184,55240.67317345231,Ezi_3,E(z) RNAi,0.7832704724593442,0.3423170901408097,-27.371881568139273,100,2000
688,25.311737089201877,724.4460093896714,201.74084507042252,1343.0,1.3701460639860878,32480.664788732396,Ezi_3,E(z) RNAi,0.7069358048622669,0.37364789706013823,-27.906014741858577,100,2000
689,25.829283110571083,733.8572296476307,185.8444714459295,2132.0,1.4196293456913183,38556.767922235726,Ezi_3,E(z) RNAi,0.7464631004069813,0.39281246219250066,-27.40026643632061,100,2000
690,25.325229605618585,738.9319286871961,260.2382495948136,2463.0,1.4595923547667322,35647.802809292276,Ezi_3,E(z) RNAi,0.5647225161776996,0.40792415594990517,-28.014760597112613,100,2000
691,25.266196279666453,751.5503527902501,330.6061577934573,1915.0,1.6264719830173011,26538.279025016036,Ezi_3,E(z) RNAi,0.39333299310503733,0.4389002984553134,-28.204626265962975,100,2000
692,25.129469790382245,771.8520345252774,169.1874229346486,1128.0,1.4186117557828068,26580.230579531442,Ezi_3,E(z) RNAi,0.7897465964133052,0.4729028380937479,-28.20730678373662,100,2000
693,25.032040472175378,775.6981450252952,357.504215851602,952.0,1.8040548734665471,17809.87689713322,Ezi_3,E(z) RNAi,0.32909857022534306,0.4919649087660394,-28.55395831932461,100,2000
694,25.55741127348643,787.9154488517745,210.18684759916493,1293.0,1.4519977910767663,28525.702505219208,Ezi_3,E(z) RNAi,0.690462553319733,0.5095385674809849,-27.88497400889668,100,2000
695,25.16514598540146,790.9470802919708,259.82664233576645,1697.0,1.6918799473872446,23940.766423357665,Ezi_3,E(z) RNAi,0.5691715208158015,0.5188652831644645,-28.349735808830417,100,2000
696,25.62619808306709,785.3650159744409,279.36421725239614,2004.0,1.5741819331301514,24897.59265175719,Ezi_3,E(z) RNAi,0.5209829728850315,0.5080866614872304,-27.894373335476654,100,2000
697,26.42258064516129,832.8649769585253,354.73087557603685,2732.0,1.5592013308237505,42237.1866359447,Ezi_3,E(z) RNAi,0.3396642861993915,0.613771421662962,-27.352729708752438,100,2000
698,25.358309317963496,839.1609029779058,411.4193083573487,2539.0,1.5283016586067355,45884.57732949087,Ezi_3,E(z) RNAi,0.2013396775717835,0.6304635064187236,-28.509344137822925,100,2000
699,26.366645448758753,835.524506683641,252.946530872056,4359.0,1.75573869227201,34499.96371737747,Ezi_3,E(z) RNAi,0.5889561685139022,0.6135761527243451,-27.289939692409085,100,2000
700,26.941955193482688,837.8956211812628,577.510183299389,2245.0,1.3226428756773323,55567.78920570265,Ezi_3,E(z) RNAi,-0.20525366047276195,0.637351981227013,-27.129810865061863,100,2000
701,25.885969815539408,865.5427613191728,337.66014533258806,2294.0,1.5597459266078424,32032.591950810507,Ezi_3,E(z) RNAi,0.3836080418102301,0.6824961175072211,-27.978119221910685,100,2000
702,25.530155083285468,868.6771970132108,621.393452039058,2193.0,1.6301679208325557,22680.85468121769,Ezi_3,E(z) RNAi,-0.31061693003051416,0.7055394627889018,-28.700459278716878,100,2000
703,25.16396629941672,875.0162022034997,376.04342190537915,1943.0,1.3903844836532433,28371.517822423848,Ezi_3,E(z) RNAi,0.29029428914303157,0.7049139960610853,-28.780218761618933,100,2000
704,28.363895486935867,883.3762470308789,407.12589073634206,2779.0,1.4849148441210376,43800.634679334915,Ezi_3,E(z) RNAi,0.21476433670523032,0.7245641807497054,-25.647497090631287,100,2000
705,24.243154435925522,883.4096385542168,485.82803943044905,1089.0,1.6813806068575312,24157.799561883898,Ezi_3,E(z) RNAi,0.022155857507255128,0.7291431749968431,-29.867059812560683,100,2000
706,23.232432432432432,890.5054054054054,783.1324324324324,527.0,1.9650976357943246,5848.7891891891895,Ezi_3,E(z) RNAi,-0.7050202275635873,0.7614150923980718,-31.274687169214992,100,2000
707,24.908212560386474,919.4685990338164,636.1425120772947,2314.0,1.3899683210732745,14206.416062801933,Ezi_3,E(z) RNAi,-0.34335309318199037,0.8147406728154183,-29.512183399674594,100,2000
708,25.44087591240876,144.4934306569343,623.1051094890511,949.0,1.5865523275010336,19452.753284671533,Ezi_3,E(z) RNAi,-0.362715471691312,-0.8392929560332605,-26.349743793698927,100,2000
709,27.79427549194991,215.7567084078712,335.9838998211091,907.0,1.589400607322325,32322.706618962435,Ezi_3,E(z) RNAi,0.34471755788761005,-0.7038014759023286,-23.87647052525015,100,2000
710,25.971324296141816,225.63295099061523,689.3743482794578,2596.0,1.716498123781231,19414.125651720544,Ezi_3,E(z) RNAi,-0.5195421135464737,-0.662370025313171,-26.176061056384636,100,2000
711,26.206619859578737,233.35205616850553,300.9789368104313,1608.0,1.8441996748669163,32190.32998996991,Ezi_3,E(z) RNAi,0.431560290437605,-0.6682944161404738,-25.479536643350624,100,2000
712,28.517341040462426,235.71676300578034,275.1965317919075,778.0,1.929284571305572,26421.306358381502,Ezi_3,E(z) RNAi,0.49481223195009116,-0.6647194277371817,-23.144459541347914,100,2000
713,26.949590422180215,250.56080655324513,326.63579080025204,2188.0,1.635939122988162,26206.03654694392,Ezi_3,E(z) RNAi,0.36990185164964484,-0.630097607194697,-24.826791193838233,100,2000
714,26.632177033492823,258.0406698564593,273.2799043062201,2061.0,1.5181851800328445,30012.465311004784,Ezi_3,E(z) RNAi,0.5009853929278154,-0.617219141217805,-25.10248902884322,100,2000
715,27.433764633394947,258.04929143561304,194.77141096734442,1940.0,1.3734890957398305,37744.59642637092,Ezi_3,E(z) RNAi,0.6931321337644885,-0.6217214605746304,-24.20244290258275,100,2000
716,26.273127753303964,266.03010279001467,338.1923641703377,1884.0,1.7772866616070948,22805.362701908958,Ezi_3,E(z) RNAi,0.3426426202295547,-0.59643493538812,-25.569914383199492,100,2000
717,24.97301587301587,271.5698412698413,318.0857142857143,1571.0,1.4095885980673595,23755.398412698414,Ezi_3,E(z) RNAi,0.39222356029940797,-0.5857855171770705,-26.863474541134888,100,2000
718,29.088676671214188,266.8494770350159,238.67394270122784,3219.0,1.9097417380028512,35247.887676216465,Ezi_3,E(z) RNAi,0.5862587719914505,-0.6004043708831381,-22.632296055984487,100,2000
719,26.621502209131076,280.6701030927835,331.91899852724595,1726.0,1.5774815172263428,23225.25405007364,Ezi_3,E(z) RNAi,0.3589641367009435,-0.5655620016114453,-25.26304193321371,100,2000
720,26.37406296851574,311.96251874062966,170.55772113943027,1657.0,1.4874153327262012,35673.82008995502,Ezi_3,E(z) RNAi,0.7559645385075087,-0.5081099774022805,-25.41357026455824,100,2000
721,25.99608719955282,312.1056456120738,342.09111235327,2212.0,1.6555588971724093,32339.570150922304,Ezi_3,E(z) RNAi,0.3361494781522545,-0.49791734453672376,-26.00722337541923,100,2000
722,25.099236641221374,322.3874045801527,151.7270992366412,807.0,1.6294033017216238,31666.051526717558,Ezi_3,E(z) RNAi,0.8027455304750855,-0.4869651219116531,-26.699919897476327,100,2000
723,25.236051502145923,326.2818311874106,347.5650929899857,982.0,1.4124645125018476,20714.712446351932,Ezi_3,E(z) RNAi,0.323691998579132,-0.4673646271220855,-26.821927423637256,100,2000
724,25.745,350.61083333333335,298.9066666666667,1549.0,1.3884197271250587,22760.9875,Ezi_3,E(z) RNAi,0.444390899776387,-0.41826436853275706,-26.33398172206238,100,2000
725,24.798657718120804,354.91946308724835,151.13199105145415,654.0,1.6093069102743456,28532.08948545861,Ezi_3,E(z) RNAi,0.8063551158883799,-0.417599664554013,-27.109457088448195,100,2000
726,27.163087934560327,350.6267893660532,273.11196319018404,2406.0,1.419545264526802,39986.3154396728,Ezi_3,E(z) RNAi,0.507520097916041,-0.4197072604959421,-24.883596043097526,100,2000
727,26.209243697478993,366.79831932773106,266.3697478991597,1506.0,1.5294856174109899,26178.73361344538,Ezi_3,E(z) RNAi,0.525094146178213,-0.385603547652438,-25.883510389411974,100,2000
728,26.188132164531357,401.1159811193527,131.2097100472016,1757.0,1.409331040340482,46729.728927848955,Ezi_3,E(z) RNAi,0.8581668717299638,-0.3201853233495937,-25.85078516900244,100,2000
729,26.701073492981006,415.9355904211396,163.41205615194053,1488.0,1.362719189957653,46641.048720066065,Ezi_3,E(z) RNAi,0.7803310289417995,-0.28670964586791214,-25.428222285348856,100,2000
730,26.11549037580202,419.1397800183318,314.32080659945007,2556.0,1.43653939946202,51916.46883593034,Ezi_3,E(z) RNAi,0.4111975926041642,-0.271177380677046,-26.213929490847125,100,2000
731,25.64825930372149,432.0174069627851,171.7593037214886,2012.0,1.4967762058650793,54490.08403361344,Ezi_3,E(z) RNAi,0.7609681719751002,-0.2519280335409575,-26.545733883303846,100,2000
732,24.453954496208016,458.21018418201515,212.06067172264355,1276.0,1.5575897459201309,42538.329360780066,Ezi_3,E(z) RNAi,0.6640673563667541,-0.1937349612343251,-27.878920073642213,100,2000
733,26.249409913453974,464.20692368214003,200.36034618410702,1637.0,1.469912030204778,50685.87490165224,Ezi_3,E(z) RNAi,0.6930953530022965,-0.18160342960873366,-26.089020251391034,100,2000
734,26.162764771460424,463.6499442586399,228.80379041248605,1119.0,1.4707739859333324,40624.16833890747,Ezi_3,E(z) RNAi,0.6234438150252386,-0.1811523321285543,-26.20947025698927,100,2000
735,28.760377358490565,475.83396226415095,212.13333333333333,3907.0,1.5855684793962657,51395.565094339625,Ezi_3,E(z) RNAi,0.665043185202632,-0.15610196174642177,-23.63204834014582,100,2000
736,26.38175046554935,475.2129112352576,266.6064556176288,1921.0,1.4821363534785215,38366.65114835506,Ezi_3,E(z) RNAi,0.5316866572226797,-0.15430342156333077,-26.07690471297722,100,2000
737,26.329723225030083,488.0814279983955,256.56357801845166,2929.0,1.5285338589737834,50033.37103890895,Ezi_3,E(z) RNAi,0.5571179469095835,-0.12742991211258403,-26.159728411746386,100,2000
738,25.812896922325354,546.284807034685,311.39032730825596,2387.0,1.4472758946911621,56037.68050806058,Ezi_3,E(z) RNAi,0.42678224486824545,-0.00010492311835230694,-26.94161160686451,100,2000
739,26.929038925249742,545.5773337926283,330.95246296934204,3392.0,1.4425409327231482,53901.68033069239,Ezi_3,E(z) RNAi,0.3788542059295208,-0.0004782065544192138,-25.847632706806564,100,2000
740,26.2150858849888,551.7994772218074,364.9611650485437,2955.0,1.5050101647639336,52429.617251680356,Ezi_3,E(z) RNAi,0.29603204618612744,0.014751383086594627,-26.625229457616204,100,2000
741,26.10403587443946,549.9865470852018,194.36591928251121,1410.0,1.2887429669445145,57160.27174887892,Ezi_3,E(z) RNAi,0.7134419324644106,0.0010470283020163063,-26.51614488723974,100,2000
742,25.579751671442217,575.7803247373448,184.09264565425025,1289.0,1.4335322516891018,49367.15377268386,Ezi_3,E(z) RNAi,0.740293549313439,0.05547780294656279,-27.11452088657366,100,2000
743,25.4546875,579.31484375,205.665625,1660.0,1.6261748900970248,59934.6609375,Ezi_3,E(z) RNAi,0.6877281682589753,0.06426105200223353,-27.278567962326097,100,2000
744,26.204094689699296,591.7280870121562,194.53742802303262,2053.0,1.647119978893466,61063.50927703135,Ezi_3,E(z) RNAi,0.7157833607669708,0.09010655591841821,-26.557065527685467,100,2000
745,26.144385026737968,597.7732620320855,359.0149732620321,1243.0,1.6030737952639877,20281.355080213903,Ezi_3,E(z) RNAi,0.31362693918513074,0.11248576256474752,-26.843505970439164,100,2000
746,25.53387376954256,606.6137811233352,138.97915460335844,1984.0,1.473921758002233,57420.17892298784,Ezi_3,E(z) RNAi,0.8527481628186746,0.11865463371463725,-27.207780050179736,100,2000
747,26.416712479384277,612.7388675096207,316.19406267179767,3097.0,1.876053338545133,34445.05167674546,Ezi_3,E(z) RNAi,0.419419824508376,0.14194556130432767,-26.567927355706885,100,2000
748,25.94755421079173,615.2551689359556,179.3267776096823,2264.0,1.370687065092816,58506.03025718608,Ezi_3,E(z) RNAi,0.754568419825127,0.13941897003898096,-26.87386144806441,100,2000
749,25.82451773490977,611.1275668948351,277.49222153080274,2180.0,1.764808085753267,26850.273802115742,Ezi_3,E(z) RNAi,0.5140371341133296,0.13627238683529552,-27.106131155432703,100,2000
750,26.521495327102805,613.9302180685359,262.1763239875389,2165.0,1.6249523411861158,44668.001246105916,Ezi_3,E(z) RNAi,0.5517060110710987,0.14137339696359907,-26.399394813237222,100,2000
751,26.40984654731458,625.1003836317135,162.76854219948848,1864.0,1.3834099139697134,58391.20012787724,Ezi_3,E(z) RNAi,0.7957444818750263,0.15947083078253832,-26.42399967672663,100,2000
752,27.685314685314687,623.9485060394152,138.7762237762238,2101.0,1.3250004323890763,59586.40940877305,Ezi_3,E(z) RNAi,0.8543855136874887,0.1556394353418351,-25.114555804891275,100,2000
753,26.914110429447852,632.7563540753724,311.4815950920245,3053.0,1.7247394964758294,33074.76336546888,Ezi_3,E(z) RNAi,0.4322763964246221,0.18438158262118143,-26.1321249225583,100,2000
754,28.165687426556993,642.6788092440266,180.55973364669018,3090.0,1.3645639853782834,55546.955346651,Ezi_3,E(z) RNAi,0.7533587158991109,0.1980101351384591,-24.749769247892075,100,2000
755,24.012690355329948,651.3223350253808,148.1751269035533,703.0,1.9199552713892032,41315.553299492385,Ezi_3,E(z) RNAi,0.8332032451369156,0.21455235148103102,-28.891259626782386,100,2000
756,26.612587412587413,651.5440559440559,265.3636363636364,1214.0,1.5792622705768522,24727.987412587412,Ezi_3,E(z) RNAi,0.5463932524227266,0.22180094717473153,-26.43914588448726,100,2000
757,26.164688427299705,654.2826409495549,243.11721068249258,2047.0,1.848193744398099,23873.930267062315,Ezi_3,E(z) RNAi,0.6010235227947278,0.2263573719771501,-26.868367970193553,100,2000
758,26.02113970588235,666.1838235294117,152.88511029411765,1390.0,1.4995778810106069,48342.05606617647,Ezi_3,E(z) RNAi,0.822653092562676,0.24654312117357513,-26.938849100119835,100,2000
759,25.63664596273292,667.9732919254658,189.85527950310558,2009.0,1.6025566261680668,43629.011180124224,Ezi_3,E(z) RNAi,0.7322885941004567,0.2524894485750355,-27.375755827166063,100,2000
760,27.259479956663057,674.4479956663055,140.07367280606718,2303.0,1.7173985889456196,48509.346695557964,Ezi_3,E(z) RNAi,0.8545521123233024,0.2634437470475408,-25.712313282745964,100,2000
761,28.93790476190476,683.7641904761905,168.5729523809524,3433.0,1.4148056928268902,55470.650285714284,Ezi_3,E(z) RNAi,0.78541206789142,0.28497373091584244,-24.10106980009664,100,2000
762,24.83920704845815,705.0154185022027,247.78854625550662,728.0,1.5938164846309404,24578.200440528635,Ezi_3,E(z) RNAi,0.5929505759261524,0.3348473558851972,-28.37078569168037,100,2000
763,28.97893432465923,718.0607187112763,232.79368029739777,2244.0,1.5359735162302972,31382.00371747212,Ezi_3,E(z) RNAi,0.630501548448871,0.36184294922206117,-24.25626565388931,100,2000
764,26.971334068357223,719.810915104741,183.1438809261301,2089.0,1.4041853020807906,52357.203969129,Ezi_3,E(z) RNAi,0.7521402500522134,0.36269948422581844,-26.207466915528407,100,2000
765,27.682986536107713,720.3151774785802,278.07711138310896,2059.0,1.452295865062594,27454.226438188496,Ezi_3,E(z) RNAi,0.5198238138542326,0.36925395105254943,-25.616617996742477,100,2000
766,29.090843547224225,728.4462869502523,171.17519826964673,1887.0,1.4150667140598714,28418.82047584715,Ezi_3,E(z) RNAi,0.781998687263451,0.38044699892511535,-24.10207663630885,100,2000
767,25.919364331959976,757.7239552678046,158.95644496762802,2156.0,1.4799503965612364,27893.781047675104,Ezi_3,E(z) RNAi,0.8138498587682517,0.4421786922583746,-27.356938423483243,100,2000
768,27.511394101876675,757.1481233243968,173.3833780160858,2228.0,1.626134654134333,28028.18565683646,Ezi_3,E(z) RNAi,0.7784975111771506,0.4417936239997109,-25.78107640080939,100,2000
769,27.12027027027027,803.1,241.1527027027027,1931.0,1.6410105062689666,27882.39527027027,Ezi_3,E(z) RNAi,0.6156741589392865,0.5437291275068119,-26.41217969550831,100,2000
770,30.451717902350815,803.6998191681736,307.14177215189875,4107.0,1.5371392624948692,25355.56419529837,Ezi_3,E(z) RNAi,0.45419701904049714,0.5488376630050074,-23.16556293147879,100,2000
771,25.892915980230644,808.3772652388798,257.1812191103789,888.0,1.4976771483383287,23973.846787479408,Ezi_3,E(z) RNAi,0.5767972071789205,0.5559025623819747,-27.677430958177343,100,2000
772,28.71965317919075,817.5628612716763,451.5195086705202,2102.0,1.5855968969188898,43638.25361271676,Ezi_3,E(z) RNAi,0.10175656705322655,0.5867240010690777,-25.125495344336752,100,2000
773,27.606320541760724,822.6352144469525,239.81805869074492,3034.0,1.398221845097166,27202.92460496614,Ezi_3,E(z) RNAi,0.620231681161739,0.585330969787784,-25.99033616364249,100,2000
774,26.476477683956574,835.897466827503,230.97104945717732,2066.0,1.601086421041288,34684.5138721351,Ezi_3,E(z) RNAi,0.6427652167411151,0.6131055690622913,-27.153796560820386,100,2000
775,27.293844367015097,843.4779326364692,373.3786295005807,2115.0,1.5882781875951861,29692.922764227642,Ezi_3,E(z) RNAi,0.294723802320598,0.6374939665444199,-26.540655882956088,100,2000
776,26.552731893265566,866.6670902160101,350.8163913595934,2253.0,1.5034350535001892,34279.47395171537,Ezi_3,E(z) RNAi,0.3514807946357099,0.6856580839047064,-27.331658159653664,100,2000
777,26.72229219143577,866.1977329974811,406.57934508816123,2009.0,1.3008082130319425,34870.46347607053,Ezi_3,E(z) RNAi,0.21497020181930426,0.687873122572054,-27.230473545432655,100,2000
778,27.227634194831015,879.0611332007952,682.2982107355865,2551.0,1.3585041271237792,39219.41550695825,Ezi_3,E(z) RNAi,-0.4589983530693129,0.7312158323419093,-27.114416599659453,100,2000
779,29.475085324232083,889.3883959044368,345.4566552901024,4197.0,1.5840672671325566,30033.75119453925,Ezi_3,E(z) RNAi,0.36609351787704636,0.7338425734741694,-24.479221913712824,100,2000
780,27.19869706840391,884.3934853420195,453.98892508143325,1990.0,1.4828382512850942,25992.17328990228,Ezi_3,E(z) RNAi,0.10013832235425335,0.7294277949801882,-26.874910361825517,100,2000
781,26.9981765134938,898.1425966447848,686.0882567469001,3477.0,1.4718455196310996,45553.20021881838,Ezi_3,E(z) RNAi,-0.4670114201634036,0.7721399424734776,-27.41297539649204,100,2000
782,26.930643127364437,104.43505674653215,474.1551071878941,2514.0,1.8048823982712414,21181.228247162675,Ezi_3,E(z) RNAi,-0.000816766608597308,-0.9333282349575729,-24.538033518797622,100,2000
783,27.843096234309623,127.45118549511855,584.7691771269177,2172.0,1.6695989131093787,18667.410739191073,Ezi_3,E(z) RNAi,-0.27002310397673757,-0.8778427311171845,-23.8419736867344,100,2000
784,26.212847555129436,147.32118887823586,397.8542665388303,1321.0,1.515696304888141,29428.473633748803,Ezi_3,E(z) RNAi,0.18876773152061643,-0.8462419852641262,-25.304724777872,100,2000
785,27.465994962216623,170.41225860621327,681.1192275398824,1515.0,1.6247412871307418,22191.918555835433,Ezi_3,E(z) RNAi,-0.5029952889414495,-0.780639658703723,-24.484824657339438,100,2000
786,27.322519083969464,180.38040712468194,710.5515267175573,2542.0,1.8009622118619233,30009.526081424938,Ezi_3,E(z) RNAi,-0.5743705672155437,-0.7576782798649682,-24.698839146512775,100,2000
787,27.468674281758393,197.22429906542055,293.7601246105919,4398.0,1.5694610669690918,23633.282104534443,Ezi_3,E(z) RNAi,0.44683455030101293,-0.7457742603021597,-24.086601569447257,100,2000
788,26.349938499384994,202.15559655596556,268.32349323493236,2351.0,1.6740380720132353,32324.832103321034,Ezi_3,E(z) RNAi,0.5094197775989922,-0.7367288447191325,-25.19004825220584,100,2000
789,27.38946093276802,208.72804360993337,247.47183525136282,2012.0,1.4341828978299134,33085.40218049667,Ezi_3,E(z) RNAi,0.5608857732848547,-0.7239022611698812,-24.146537161191077,100,2000
790,26.54956169925826,215.71341874578556,261.3425488873904,1904.0,1.4132555874180341,35170.06675657451,Ezi_3,E(z) RNAi,0.5274019135033956,-0.7082064427216002,-25.02738900863761,100,2000
791,27.9638124362895,222.0703363914373,244.58715596330276,2378.0,1.5254758098481238,40122.09378185525,Ezi_3,E(z) RNAi,0.5688270313430719,-0.6956007568362372,-23.61356418397139,100,2000
792,24.91625615763547,241.39408866995075,624.9137931034483,577.0,1.8538990533977566,16457.440886699507,Ezi_3,E(z) RNAi,-0.3607300876826003,-0.6324704007044764,-27.2034041831184,100,2000
793,27.900552486187845,296.83977900552486,218.29558011049724,2078.0,1.4167453810703154,29152.919889502762,Ezi_3,E(z) RNAi,0.638121972502133,-0.537608430973981,-23.89598220909004,100,2000
794,26.557692307692307,296.12948717948717,143.56923076923076,932.0,1.3623709733203628,26318.321794871794,Ezi_3,E(z) RNAi,0.8209705134121734,-0.5434419543430562,-25.142690498492847,100,2000
795,26.996105160662122,296.2103213242454,198.47127555988317,1437.0,1.573916984518396,30974.565725413828,Ezi_3,E(z) RNAi,0.6866026165858041,-0.540100853723668,-24.773430409409706,100,2000
796,27.705194805194804,311.82987012987013,231.7603896103896,1998.0,1.470965003846459,29663.37012987013,Ezi_3,E(z) RNAi,0.6061592870280825,-0.5048545482828846,-24.15878149356716,100,2000
797,28.98959881129272,331.00445765230313,141.64091134224864,2367.0,1.3691425945715956,50712.82714214958,Ezi_3,E(z) RNAi,0.8279903335041889,-0.4691352810113313,-22.825988296908605,100,2000
798,27.698333333333334,330.2266666666667,158.15666666666667,881.0,1.555835680837092,30739.041666666668,Ezi_3,E(z) RNAi,0.7875204712568444,-0.4698517138265984,-24.135342329326562,100,2000
799,26.599358974358974,334.2147435897436,247.72222222222223,1490.0,1.9364256248944198,21681.334401709402,Ezi_3,E(z) RNAi,0.5685769781685266,-0.45618772402854335,-25.36012285807561,100,2000
800,29.65868945868946,377.805698005698,240.0074074074074,2051.0,1.2765170821232854,49292.92250712251,Ezi_3,E(z) RNAi,0.5903339991402989,-0.3636159610838873,-22.438133922421823,100,2000
801,32.08503162333099,381.64792691496837,218.36191145467322,2178.0,1.4962443024981633,42179.26633872101,Ezi_3,E(z) RNAi,0.643558331482823,-0.3566495547113929,-19.9976091419747,100,2000
802,26.229591836734695,395.4295918367347,312.9142857142857,1287.0,1.4662645173991342,24243.86530612245,Ezi_3,E(z) RNAi,0.41307112264061807,-0.3218395482821951,-26.018107119547007,100,2000
803,28.312063808574276,387.5902293120638,380.1455633100698,2458.0,1.5894605779189597,35593.22333000997,Ezi_3,E(z) RNAi,0.24799894422026014,-0.3346721139258646,-23.993557163822157,100,2000
804,27.847146739130434,395.6745923913044,144.65964673913044,1934.0,1.307690042471937,59757.52921195652,Ezi_3,E(z) RNAi,0.8248836297831559,-0.3310061238714055,-24.190305125572213,100,2000
805,27.203031943692473,403.57336220898753,175.97401191120736,2206.0,1.4758089814900845,59424.999458581486,Ezi_3,E(z) RNAi,0.7487665434477733,-0.3123545584451072,-24.90033793747815,100,2000
806,27.70143660212367,401.64584634603375,267.8850718301062,1938.0,1.5576507036630263,40621.30730793254,Ezi_3,E(z) RNAi,0.5236865569101059,-0.3111637001006786,-24.510743378264703,100,2000
807,26.88589211618257,405.93672199170123,407.451244813278,1379.0,1.6415241678240566,20054.887966804978,Ezi_3,E(z) RNAi,0.18238646848008888,-0.29396880977978157,-25.5158452354613,100,2000
808,27.714019851116625,431.8771712158809,187.3045905707196,1951.0,1.2819995154817894,53568.65446650124,Ezi_3,E(z) RNAi,0.7229061375631602,-0.251315903915442,-24.499016126748995,100,2000
809,26.554621848739497,461.4936974789916,183.7689075630252,626.0,1.2366242379660122,55134.50630252101,Ezi_3,E(z) RNAi,0.7335223029364375,-0.1883460535451248,-25.753845786334907,100,2000
810,28.025149700598803,457.2814371257485,292.2502994011976,2035.0,1.508509662522161,48338.63233532934,Ezi_3,E(z) RNAi,0.4677327389620025,-0.1910668789649651,-24.405217857799087,100,2000
811,27.87748344370861,463.2251655629139,254.5485651214128,1309.0,1.4725290773567798,29071.027593818984,Ezi_3,E(z) RNAi,0.5604008501410194,-0.18056171200576143,-24.52562831047691,100,2000
812,27.189059500959694,472.41170825335894,241.50191938579655,1456.0,1.600377480505116,50127.17754318618,Ezi_3,E(z) RNAi,0.5929420460346142,-0.16172091809701472,-25.228659614497534,100,2000
813,27.278985507246375,487.90307971014494,336.58272946859904,3927.0,1.5098546556297923,49070.79679951691,Ezi_3,E(z) RNAi,0.36125767727859337,-0.12318985542367034,-25.310258820715916,100,2000
814,27.273700305810397,502.9729867482161,203.61365953109072,2197.0,1.4164615933302462,53799.22120285423,Ezi_3,E(z) RNAi,0.6876946279927416,-0.09870720434185465,-25.199547469558276,100,2000
815,27.469037656903765,502.7564853556485,265.3410041841004,2748.0,1.5430301834741595,49669.643933054394,Ezi_3,E(z) RNAi,0.5366029254667344,-0.09560866400957269,-25.08092129029714,100,2000
816,27.099939061547836,533.2595978062158,294.56550883607554,1982.0,1.4913219129229642,54881.30530164534,Ezi_3,E(z) RNAi,0.46709538732083344,-0.028852838016699245,-25.589545740711696,100,2000
817,26.346534653465348,537.4779977997799,198.9020902090209,2396.0,1.4889500825309692,59622.93784378438,Ezi_3,E(z) RNAi,0.7015115031623465,-0.02537466219657114,-26.237156353569834,100,2000
818,26.823634204275535,543.5605700712589,181.08432304038004,2142.0,1.6270898621915477,58793.66686460807,Ezi_3,E(z) RNAi,0.74552128598834,-0.013422311192851533,-25.75821868182136,100,2000
819,29.89027777777778,560.5699074074074,177.5162037037037,2625.0,1.3178713691465782,59853.39212962963,Ezi_3,E(z) RNAi,0.7553707567497565,0.02268095286079297,-22.744478613491278,100,2000
820,28.444259567387686,572.9504159733777,167.55940099833612,3948.0,1.3694175119025171,59340.15274542429,Ezi_3,E(z) RNAi,0.7805630636268326,0.0485082079781014,-24.21974654973189,100,2000
821,25.550056242969628,584.1304836895388,153.3273340832396,1141.0,1.393325300723211,52273.332958380204,Ezi_3,E(z) RNAi,0.8161437270904714,0.07151749340989322,-27.133778487565028,100,2000
822,27.85371276122721,597.3299244108492,153.97999110715872,2656.0,1.3953730061026963,59590.213428190305,Ezi_3,E(z) RNAi,0.8154130287377337,0.0997307627721371,-24.875467717561953,100,2000
823,27.414267834793492,603.7271589486859,169.83103879849813,2105.0,1.598744445545988,59468.600750938676,Ezi_3,E(z) RNAi,0.7770422790697582,0.11428896650747422,-25.356368909683127,100,2000
824,27.24505928853755,609.3254281949934,384.030303030303,2028.0,1.5768190522432255,19218.705533596836,Ezi_3,E(z) RNAi,0.25316338314047027,0.13858076321877233,-25.81317879770714,100,2000
825,27.3251454427925,623.2689075630252,226.4460245636716,2187.0,1.5164434519955525,55984.695539754364,Ezi_3,E(z) RNAi,0.6397709529740967,0.15924175052073286,-25.58241703094293,100,2000
826,27.662285714285716,629.0371428571428,245.83485714285715,2107.0,1.5619604313467892,50719.37657142857,Ezi_3,E(z) RNAi,0.5926976999526852,0.1726677047296905,-25.2890552244497,100,2000
827,28.292196007259527,639.5644283121597,254.99546279491832,2805.0,1.5652905273613902,53399.75725952813,Ezi_3,E(z) RNAi,0.5709718999952591,0.19565873484320218,-24.70614226540685,100,2000
828,26.128,642.3786666666666,349.6086666666667,1945.0,1.6359630369401976,18879.791333333334,Ezi_3,E(z) RNAi,0.33959973333640314,0.207101817436115,-26.998511574007836,100,2000
829,28.828532853285328,639.931593159316,148.94824482448246,3113.0,1.4375434293226048,62353.294329432945,Ezi_3,E(z) RNAi,0.8305437642248281,0.19033159217188578,-24.03800558725827,100,2000
830,28.017874875868916,686.8828202581926,206.1385302879841,2410.0,1.3137035942714392,51808.67378351539,Ezi_3,E(z) RNAi,0.693679772560617,0.2937860497089768,-25.078738460991726,100,2000
831,26.37649402390438,707.7350597609561,243.16334661354583,1065.0,1.7158856970711391,24384.131474103586,Ezi_3,E(z) RNAi,0.6044462330921234,0.3403937736358522,-26.836877483436112,100,2000
832,27.784910655195233,731.1548643282595,244.00595632031767,1996.0,1.3506551469436474,26153.08140304434,Ezi_3,E(z) RNAi,0.6039293218432267,0.3904150044166885,-25.508504912144645,100,2000
833,27.102974828375284,745.8855835240274,219.49427917620136,766.0,1.5471520855254093,27072.871853546912,Ezi_3,E(z) RNAi,0.6648977891382106,0.4204224256550728,-26.20936113974698,100,2000
834,28.148373983739837,756.069105691057,214.48170731707316,2812.0,1.5575777551554766,33205.224593495936,Ezi_3,E(z) RNAi,0.6778367200682192,0.44186593288203935,-25.192021793555746,100,2000
835,27.618248175182483,777.1905109489051,309.129197080292,1769.0,1.3615251986563153,26632.350364963502,Ezi_3,E(z) RNAi,0.447587126263022,0.4923782844525322,-25.912111159662487,100,2000
836,31.039280643634644,782.2678655939422,261.1339327969711,2837.0,1.370057856932654,33572.9062943682,Ezi_3,E(z) RNAi,0.5653810320218311,0.5004676229659739,-22.448010600461384,100,2000
837,28.093220338983052,787.5752118644068,246.49046610169492,1322.0,1.4505014012199233,24310.846398305086,Ezi_3,E(z) RNAi,0.6015802191214759,0.5109242979442103,-25.393578673339746,100,2000
838,27.218241042345277,790.514657980456,298.5743756786102,2379.0,1.5460191235611498,25556.869706840393,Ezi_3,E(z) RNAi,0.47430252512775506,0.5201917627573975,-26.34380674660613,100,2000
839,28.747113798790544,800.0648708081363,207.57339197361188,2132.0,1.1919165089536323,45059.37822979659,Ezi_3,E(z) RNAi,0.6976536319441542,0.5353299148283317,-24.73298452311892,100,2000
840,28.91500232234092,804.3734324198792,484.86483975847653,2504.0,1.27397686641811,51288.51416627961,Ezi_3,E(z) RNAi,0.019271205807416036,0.5605104598284749,-24.92750255010222,100,2000
841,30.92299741602067,816.6692506459948,333.90542635658915,2672.0,1.380445768936911,28366.95710594315,Ezi_3,E(z) RNAi,0.38955001669508804,0.5780524019499265,-22.77159919014765,100,2000
842,28.63514239656099,823.7254164427727,440.0999462654487,2167.0,1.1949405992039541,48880.32831810854,Ezi_3,E(z) RNAi,0.1301137226401865,0.5992118009058436,-25.21646095887666,100,2000
843,30.426978417266188,829.5920863309352,273.2136690647482,3872.0,1.7073626007951104,44525.24928057554,Ezi_3,E(z) RNAi,0.5389485975384014,0.6021183209956595,-23.235053425512007,100,2000
844,27.824315722469766,828.008911521324,289.31508593252704,2089.0,1.4492451424418349,42708.8809675366,Ezi_3,E(z) RNAi,0.4994432755717555,0.5996503116273104,-25.8525604081576,100,2000
845,28.76308831306187,845.2659968270756,283.0026441036489,2592.0,1.5635735319569386,36567.569539925964,Ezi_3,E(z) RNAi,0.5160318868141118,0.6361084156425649,-24.964070132990916,100,2000
846,30.059248554913296,859.7157996146435,363.32996146435454,2808.0,1.2311868503567442,26231.046724470136,Ezi_3,E(z) RNAi,0.3203841463952617,0.6715755860224277,-23.81742147682206,100,2000
847,28.14410480349345,866.8436681222707,303.95982532751094,1570.0,1.5452544174437175,21181.052401746725,Ezi_3,E(z) RNAi,0.466168743210607,0.6833447557660564,-25.682107137962248,100,2000
848,25.44047619047619,905.4535714285714,438.45238095238096,1173.0,1.6543682801209334,19553.064285714285,Ezi_3,E(z) RNAi,0.1395620696200397,0.7734475652939654,-28.68464874088167,100,2000
849,27.101571268237937,915.7042648709315,487.21099887766553,2274.0,1.3609095450078834,39928.66835016835,Ezi_3,E(z) RNAi,0.02089944704239488,0.7981391125160922,-27.11930259533462,100,2000
850,28.4119373776908,912.665362035225,672.0753424657535,2931.0,1.3746961610568031,38419.90459882583,Ezi_3,E(z) RNAi,-0.4317582547750476,0.8023242795236882,-26.0306184402493,100,2000
851,27.311276794035415,915.6733457595526,344.3224603914259,2479.0,1.6499796176797585,26683.169617893756,Ezi_3,E(z) RNAi,0.3706145284722566,0.7898362005643116,-26.730233418050805,100,2000
852,27.936058700209642,920.7845911949686,369.85849056603774,2424.0,1.3828218343586365,27004.636268343816,Ezi_3,E(z) RNAi,0.3084518110029497,0.8022170887948674,-26.15472825673428,100,2000
853,27.861702127659573,110.89125295508275,552.743498817967,1143.0,1.7152392985761067,16526.89598108747,Ezi_3,E(z) RNAi,-0.19273630058632407,-0.9150170618052146,-23.727345592183436,100,2000
854,28.498483316481295,110.1071789686552,453.0768452982811,1538.0,1.6346082913656674,24929.39332659252,Ezi_3,E(z) RNAi,0.05114277223555974,-0.9224315768735178,-22.962887669829232,100,2000
855,28.10333333333333,158.11444444444444,291.01944444444445,2232.0,1.5166431516797716,28155.42777777778,Ezi_3,E(z) RNAi,0.45095314488618055,-0.829362298376126,-23.316619412406855,100,2000
856,27.44170403587444,172.74813153961136,332.06203288490286,2123.0,1.9235611202748357,21826.079970104634,Ezi_3,E(z) RNAi,0.3514719756086606,-0.795782092567238,-24.079083093572994,100,2000
857,26.71195184866724,187.81169389509887,338.11006018916595,1635.0,1.5856858510220322,19617.38607050731,Ezi_3,E(z) RNAi,0.3376681443503897,-0.7633029807843185,-24.867216469512215,100,2000
858,27.909653465346533,193.99443069306932,664.022896039604,2404.0,1.4975146727997186,21953.231435643564,Ezi_3,E(z) RNAi,-0.459593400650014,-0.7313133525256209,-24.09924622665972,100,2000
859,28.1359375,188.27890625,683.6,1861.0,1.5464221619916272,19134.8484375,Ezi_3,E(z) RNAi,-0.5078868561562004,-0.7423761169227575,-23.87824982453649,100,2000
860,27.95049504950495,185.6881188118812,262.71947194719473,2306.0,1.5723231564611078,35008.700220022,Ezi_3,E(z) RNAi,0.5220415524526179,-0.7721710582002937,-23.526938799291816,100,2000
861,28.98263386396527,201.65412445730826,318.5969609261939,2144.0,1.7194206837137498,35835.731548480464,Ezi_3,E(z) RNAi,0.38633548785130145,-0.7348809248554867,-22.61874938378883,100,2000
862,28.841048522030118,222.16285554935862,224.53039598438372,2139.0,1.494268403847553,35230.549916341326,Ezi_3,E(z) RNAi,0.6179192972226069,-0.6965534131204374,-22.71148357822448,100,2000
863,26.798319327731093,231.72088835534214,427.62605042016804,1948.0,1.6966599568825524,21242.796518607443,Ezi_3,E(z) RNAi,0.12148363207446433,-0.6644679040308559,-25.04122534127418,100,2000
864,26.78902953586498,235.10267229254572,200.10970464135022,927.0,1.5090050580481775,20851.40787623066,Ezi_3,E(z) RNAi,0.6785504991966638,-0.6703713062440388,-24.776488840448376,100,2000
865,28.58248350329934,242.25854829034193,649.5410917816437,2068.0,1.3610652996742274,32619.614877024596,Ezi_3,E(z) RNAi,-0.4209583105427638,-0.6291796455888424,-23.571011923032383,100,2000
866,29.062240663900415,268.8663900414938,288.4273858921162,2054.0,1.4354822050070537,20595.842323651454,Ezi_3,E(z) RNAi,0.46462141447394933,-0.5932331840754759,-22.727951618715405,100,2000
867,29.923651895355047,267.0720768820075,252.4228510411105,2437.0,1.59944203799987,38964.29951948745,Ezi_3,E(z) RNAi,0.552620857690258,-0.5991307062051736,-21.815325588722004,100,2000
868,28.918837068443366,281.98728043609935,225.45366444579042,2172.0,1.562539104249787,32453.385221078133,Ezi_3,E(z) RNAi,0.6196171696468595,-0.5688737550316845,-22.83659778982084,100,2000
869,28.097602739726028,291.0582191780822,184.7833904109589,1481.0,1.4213333690902379,30178.53852739726,Ezi_3,E(z) RNAi,0.7197595444054572,-0.5518732347054282,-23.63739356420222,100,2000
870,27.060029282576867,311.3953147877013,305.21229868228403,967.0,1.5455235268325604,24627.516837481697,Ezi_3,E(z) RNAi,0.4263598426029458,-0.5015512996833946,-24.89462645729936,100,2000
871,30.553822937625753,317.9964788732394,195.58450704225353,2747.0,1.4611510750440726,49236.58601609658,Ezi_3,E(z) RNAi,0.6950991105370778,-0.49376415347163694,-21.285582820624057,100,2000
872,29.842847548690397,317.3895231699127,140.35527199462726,1937.0,1.3743004727522492,46293.32505036938,Ezi_3,E(z) RNAi,0.8302337706806036,-0.49824849573837127,-21.925218982317364,100,2000
873,28.21656976744186,330.5501453488372,171.9440406976744,1755.0,1.4919779958972705,45311.87790697674,Ezi_3,E(z) RNAi,0.7537959883952501,-0.4683629240609356,-23.635497049364513,100,2000
874,28.585618977020015,338.00667160859894,279.5648628613788,1762.0,1.6549077562957357,23010.682727946627,Ezi_3,E(z) RNAi,0.49088776045894056,-0.4462478775633907,-23.42661127672183,100,2000
875,28.95337837837838,339.44864864864866,313.75135135135133,1875.0,1.4790598895599074,27679.357432432433,Ezi_3,E(z) RNAi,0.40731115127894024,-0.44119789890536765,-23.106605629614148,100,2000
876,28.64423076923077,342.78146853146853,130.59615384615384,1481.0,1.2937354199584699,34103.02097902098,Ezi_3,E(z) RNAi,0.8558023353396644,-0.4446502217424493,-23.19721314059972,100,2000
877,29.760106030483765,345.9244532803181,173.4466534128562,2174.0,1.747000881297222,32025.5155732273,Ezi_3,E(z) RNAi,0.751131081432602,-0.4354664405672575,-22.145702159923008,100,2000
878,28.872811059907836,372.26082949308756,211.34746543778803,1418.0,1.3842446437283367,40673.791705069125,Ezi_3,E(z) RNAi,0.6601142192520029,-0.37710319984344265,-23.16935313860056,100,2000
879,28.328492739108665,375.90485728592887,114.71457185778668,2337.0,1.5986722851951474,49408.47421131698,Ezi_3,E(z) RNAi,0.8968645177801897,-0.37490473276287406,-23.60472582655517,100,2000
880,29.457702582368654,377.70035618878006,425.9523597506679,2741.0,1.3678925217777356,19895.04585930543,Ezi_3,E(z) RNAi,0.13522990020037473,-0.35312118802549597,-22.872041399894297,100,2000
881,29.611650485436893,381.9682259488085,264.6928508384819,1469.0,1.1702064980783227,24032.40776699029,Ezi_3,E(z) RNAi,0.5301922300007618,-0.3533129339929758,-22.53017885939678,100,2000
882,29.063805759457935,388.4952004517222,189.48390739695088,2138.0,1.410773254803715,60640.29305477132,Ezi_3,E(z) RNAi,0.7146984425222096,-0.3437289527107614,-23.005677402896946,100,2000
883,29.25024727992087,403.8150346191889,281.74381800197824,2453.0,1.377426220311937,53698.72057368942,Ezi_3,E(z) RNAi,0.4899065631256285,-0.30572577974399384,-22.986644292082516,100,2000
884,28.5550031075202,421.57551274083283,245.04536979490368,2123.0,1.4352677879967146,43087.2952144189,Ezi_3,E(z) RNAi,0.5809024606992073,-0.26995759663083385,-23.69573702964088,100,2000
885,28.61814345991561,443.9113924050633,204.27988748241913,1692.0,1.5235044210751478,49338.90365682138,Ezi_3,E(z) RNAi,0.6821529016520893,-0.22465750544720575,-23.656777334244232,100,2000
886,29.18047788510422,450.33960345704116,191.40061006609048,2527.0,1.4584872431452982,57775.646670055925,Ezi_3,E(z) RNAi,0.714098422619347,-0.21168243312934332,-23.099966506043852,100,2000
887,29.750452079566003,452.0849909584087,174.95418927064497,2138.0,1.3703470468348877,59764.27064496685,Ezi_3,E(z) RNAi,0.7544646562776731,-0.2089030313327751,-22.515249066117235,100,2000
888,28.51507882111035,466.90164496230295,363.52227553118576,3617.0,1.5386477949872785,44409.200137080195,Ezi_3,E(z) RNAi,0.2939306071902845,-0.16643083762870992,-24.037148044093453,100,2000
889,28.090273363000637,482.4456452638271,160.55816910362364,1932.0,1.6329818391790096,53559.516211061666,Ezi_3,E(z) RNAi,0.7917120017343922,-0.14497551222075544,-24.259740766861782,100,2000
890,28.789590747330962,518.2473309608541,281.13434163701066,2616.0,1.3967714795521313,54135.50978647687,Ezi_3,E(z) RNAi,0.4989700117855336,-0.061641230967046545,-23.832429547568832,100,2000
891,27.066308243727597,556.1102150537635,253.38351254480287,1446.0,1.4763826721836928,57979.47222222222,Ezi_3,E(z) RNAi,0.5693995693204257,0.017520645632766563,-25.648569884594306,100,2000
892,28.062346185397868,553.2157506152585,165.28876127973749,1519.0,1.4681763172459112,54000.844134536506,Ezi_3,E(z) RNAi,0.7848159320152432,0.0062737571454407615,-24.532258257517093,100,2000
893,29.64081931236284,559.2823701536211,297.12801755669346,2232.0,1.4376292647124527,53076.475493782,Ezi_3,E(z) RNAi,0.46253802590875726,0.026828801742454056,-23.13965248266984,100,2000
894,28.193939393939395,561.5181818181818,240.05757575757576,1426.0,1.380323968609852,58378.833333333336,Ezi_3,E(z) RNAi,0.6023691773980906,0.028297544519311657,-24.52246509755684,100,2000
895,27.7758945386064,567.2981795354676,148.954802259887,1925.0,1.504420369500311,55868.826741996236,Ezi_3,E(z) RNAi,0.8257255323806352,0.035372528239637324,-24.84570600881242,100,2000
896,28.47441058079356,570.8067855089132,333.15353651523867,2077.0,1.6109349187144066,40212.26509488212,Ezi_3,E(z) RNAi,0.3751318033409017,0.053482937202272485,-24.39011287229216,100,2000
897,27.76493011435832,589.6003811944091,263.6556543837357,2085.0,1.4926290322559688,57488.604828462514,Ezi_3,E(z) RNAi,0.5464722504310671,0.08956390270158088,-25.075777247882225,100,2000
898,28.585998792999398,612.1671695835848,193.3874471937236,2102.0,1.3850341990873805,59941.80325890163,Ezi_3,E(z) RNAi,0.71994332096633,0.13366107997598675,-24.242660190262104,100,2000
899,28.38108651911469,631.2213279678068,291.87162977867206,2977.0,1.3937410260020662,47163.58430583501,Ezi_3,E(z) RNAi,0.48016578643288876,0.1799868644051572,-24.635380138190516,100,2000
900,31.69987105093488,627.5747904577692,188.84461637653126,4650.0,1.2472920634121634,61622.39458413926,Ezi_3,E(z) RNAi,0.7320722860117999,0.1662914822420054,-21.175067502937306,100,2000
901,27.77215777262181,637.3058004640371,216.1243619489559,2962.0,1.6861731906785358,55674.46542923434,Ezi_3,E(z) RNAi,0.6659604399597621,0.18859535644234504,-25.169794717052554,100,2000
902,28.43438395415473,668.1094555873925,211.79885386819484,2019.0,1.400340733775032,48491.44699140401,Ezi_3,E(z) RNAi,0.6785830407845281,0.2540654550239654,-24.60602442575041,100,2000
903,29.36307837582625,669.7936732766761,168.75212464589234,2611.0,1.3999892012647144,56838.14494806421,Ezi_3,E(z) RNAi,0.7840480936434266,0.2551832827204239,-23.629011396600035,100,2000
904,27.97300050942435,677.4375955170657,254.32603158430973,2391.0,1.4920816264227066,41545.6327050433,Ezi_3,E(z) RNAi,0.5751167926032068,0.27641417446985916,-25.152214316394986,100,2000
905,27.599206349206348,694.3809523809524,157.80820105820106,982.0,1.6007147716613936,30245.9126984127,Ezi_3,E(z) RNAi,0.8124648287769429,0.3069925103265687,-25.46205719613273,100,2000
906,28.598522167487683,697.4981527093596,215.44642857142858,1988.0,1.4998558397173416,46812.02770935961,Ezi_3,E(z) RNAi,0.6715994410849,0.3169730484599349,-24.545569888345884,100,2000
907,30.010886469673405,697.8872472783826,191.41796267496113,3096.0,1.4223530893248972,57680.099922239504,Ezi_3,E(z) RNAi,0.7304304990222068,0.31642798175209874,-23.104381960129356,100,2000
908,27.45412130637636,743.0987558320373,172.02021772939347,1805.0,1.6594742487523035,31455.947122861588,Ezi_3,E(z) RNAi,0.7809045317999048,0.4117425298272006,-25.789260447044697,100,2000
909,28.75892255892256,747.4006734006734,289.12255892255894,1845.0,1.407680414727927,28338.339393939394,Ezi_3,E(z) RNAi,0.49457905435134686,0.42768119463625065,-24.6458855387515,100,2000
910,28.842440801457194,753.764116575592,273.8269581056466,1494.0,1.568428423402315,27340.21402550091,Ezi_3,E(z) RNAi,0.532435572026694,0.44037529855569746,-24.56463798192454,100,2000
911,27.776420605416888,762.1757833244822,297.8491768454594,2203.0,1.3741817491306443,28003.368029739777,Ezi_3,E(z) RNAi,0.4742010462066144,0.4596975411473907,-25.68915473060364,100,2000
912,28.72,769.2723287671233,674.330410958904,2524.0,1.4956401605529377,44293.40602739726,Ezi_3,E(z) RNAi,-0.44676477691290695,0.49655039223733,-25.241827229821677,100,2000
913,27.429660023446658,787.9290738569754,231.27960140679954,2204.0,1.5261162902159682,34005.728604923796,Ezi_3,E(z) RNAi,0.6388339000737566,0.5107973766656801,-26.03924522856718,100,2000
914,30.506821963394344,784.2296173044925,684.0193011647254,3926.0,1.4114597300169964,32899.07587354409,Ezi_3,E(z) RNAi,-0.4694937662682651,0.5290309926356327,-23.517612004003166,100,2000
915,32.16154721274175,786.416761471369,281.5957527493364,3892.0,1.605507870611963,28315.38604474782,Ezi_3,E(z) RNAi,0.5155722916532037,0.5105065450759672,-21.365412848459773,100,2000
916,27.89183937823834,810.9948186528497,429.98251295336786,1772.0,1.3752594591015062,37221.229274611396,Ezi_3,E(z) RNAi,0.15403590429425407,0.5714643642009027,-25.9041353628738,100,2000
917,28.382893226176808,817.560849598163,300.2721010332951,2268.0,1.3921668076559564,26956.845579793342,Ezi_3,E(z) RNAi,0.4719333336897744,0.5779968431754265,-25.272498977242535,100,2000
918,28.98739495798319,844.125450180072,328.61464585834335,2246.0,1.3354402275276356,20900.070228091237,Ezi_3,E(z) RNAi,0.4043210492282783,0.6363067067196804,-24.79314122454331,100,2000
919,29.932639920752848,847.2347696879643,344.64536899455175,2535.0,1.3881127998977165,40747.32639920753,Ezi_3,E(z) RNAi,0.36528908631756707,0.6438710900509454,-23.878499173120943,100,2000
920,28.23446893787575,856.6085504342018,396.3981295925184,1905.0,1.5070461569301774,30431.59051436206,Ezi_3,E(z) RNAi,0.23924989256365503,0.6668401059099343,-25.673196459346276,100,2000
921,28.29816147082334,855.9264588329337,461.29656274980016,1601.0,1.3259810128439415,27107.63309352518,Ezi_3,E(z) RNAi,0.08036656771015704,0.6691272615986064,-25.688622438748148,100,2000
922,29.868157739846968,858.0959387875221,267.54855797527955,2086.0,1.4955753034158008,34622.88993525603,Ezi_3,E(z) RNAi,0.5547011879143853,0.6625960478695598,-23.88288594102119,100,2000
923,29.64403453689168,868.9309262166405,496.7837519623234,2938.0,1.4477152857453375,50319.38697017269,Ezi_3,E(z) RNAi,-0.005631338530794339,0.698926069181254,-24.431133063059367,100,2000
924,29.625,870.4595410628019,695.4094202898551,2084.0,1.3043861245116428,35177.833333333336,Ezi_3,E(z) RNAi,-0.49166373573928746,0.7136390777440267,-24.70450810359488,100,2000
925,29.758381502890174,873.1618497109827,319.39421965317916,2121.0,1.598981870639587,31985.20809248555,Ezi_3,E(z) RNAi,0.42880666923077304,0.6977252133375706,-24.108510698161417,100,2000
926,28.63779069767442,891.589534883721,373.0988372093023,2135.0,1.4551802203426194,36690.15755813954,Ezi_3,E(z) RNAi,0.29858766348625965,0.7401260235140301,-25.358612434932617,100,2000
927,27.921506062539883,935.5666879387364,481.7791959157626,1942.0,1.4850520507079088,34275.039566049774,Ezi_3,E(z) RNAi,0.0355054054994155,0.8402051998819939,-26.359540048313562,100,2000
928,29.67577876668786,98.17800381436746,504.06865861411313,2431.0,1.4533591042031293,19549.79783852511,Ezi_3,E(z) RNAi,-0.07445153239395141,-0.9449319955552663,-21.809343222496256,100,2000
929,28.61597690086622,111.66217516843119,613.1607314725698,1298.0,1.5648332581701376,23170.435996150143,Ezi_3,E(z) RNAi,-0.3405577890287229,-0.9098834859513698,-23.051471865135355,100,2000
930,31.164058283864005,118.93335132218024,335.9633027522936,4477.0,1.400262003577921,35149.17350242849,Ezi_3,E(z) RNAi,0.33835286937162956,-0.9103353523685286,-20.180169438061846,100,2000
931,26.935871743486974,122.08617234468937,443.12825651302603,753.0,1.755360249889188,19335.53106212425,Ezi_3,E(z) RNAi,0.07628874476509817,-0.8974612639642279,-24.55340450206941,100,2000
932,28.13166144200627,132.9843260188088,435.86206896551727,956.0,1.37446517552033,19302.960815047023,Ezi_3,E(z) RNAi,0.09479021832935053,-0.874622047611411,-23.38525824248748,100,2000
933,29.995541401273886,128.93630573248407,422.2114649681529,2598.0,1.9087186388146935,21454.022929936305,Ezi_3,E(z) RNAi,0.12792677253318518,-0.8840313567833539,-21.49061398253543,100,2000
934,28.646073298429318,141.07748691099476,341.57068062827227,1249.0,1.5088573391438924,21867.430366492146,Ezi_3,E(z) RNAi,0.3261010400117317,-0.8627893686167212,-22.779848807935245,100,2000
935,29.17681623931624,145.24412393162393,411.7264957264957,2549.0,1.7895346504821605,32496.593482905984,Ezi_3,E(z) RNAi,0.15466979101328904,-0.8498517075528939,-22.351174258749076,100,2000
936,27.09004739336493,161.45260663507108,496.04502369668245,778.0,1.855846170981815,12322.872037914693,Ezi_3,E(z) RNAi,-0.05062040135097723,-0.8104271367879853,-24.59837070292258,100,2000
937,29.271396895787138,158.6749445676275,358.88337028824833,3246.0,1.736626679421138,30301.058536585366,Ezi_3,E(z) RNAi,0.28489087869513297,-0.8242452662320034,-22.235592220054833,100,2000
938,31.31800467653936,171.95791114575215,293.66134060795014,4190.0,1.731385638425267,27003.57092751364,Ezi_3,E(z) RNAi,0.44539382375453274,-0.7996537895693546,-20.15196714136865,100,2000
939,29.71503957783641,173.9071240105541,367.29445910290235,2426.0,1.5020121602325118,32002.06807387863,Ezi_3,E(z) RNAi,0.26531130102771994,-0.7912616640329502,-21.853871521718144,100,2000
940,29.325315005727376,183.43298969072166,731.3843069873998,2185.0,1.405685592716782,26924.112256586483,Ezi_3,E(z) RNAi,-0.6251622634320326,-0.7499503804294899,-22.732486067817547,100,2000
941,29.3536231884058,201.07246376811594,731.9956521739131,1392.0,1.9517811776939333,18268.39275362319,Ezi_3,E(z) RNAi,-0.6254916352526325,-0.7122839245895523,-22.764430057716677,100,2000
942,29.436003683241253,206.38121546961327,512.4585635359116,2697.0,1.4779779796707198,28357.57320441989,Ezi_3,E(z) RNAi,-0.08782666913723058,-0.7136157253094086,-22.424532487378094,100,2000
943,27.84261715296198,217.368700265252,605.2749778956676,1394.0,1.6425616634630287,19557.23076923077,Ezi_3,E(z) RNAi,-0.314262129397334,-0.6848357752311514,-24.171404226532815,100,2000
944,32.04428649535265,223.52761071623837,299.14324767632587,2964.0,1.5502418531977034,32613.623291416076,Ezi_3,E(z) RNAi,0.4353865400485526,-0.6893167220109884,-19.60647417342595,100,2000
945,28.847432024169184,225.15785498489427,391.5574018126888,1753.0,1.791048947584135,30736.148036253777,Ezi_3,E(z) RNAi,0.20932112861755758,-0.6805337955263824,-22.92474369991982,100,2000
946,29.376673040152962,234.82122370936904,234.43499043977056,1388.0,1.5699149776961645,25142.971319311662,Ezi_3,E(z) RNAi,0.5945138486096448,-0.668973847487671,-22.23097573559539,100,2000
947,29.472849298352653,239.2757779133618,310.14032946918854,1999.0,1.4572567634451226,41187.865161683956,Ezi_3,E(z) RNAi,0.40952050146563246,-0.6551051519141962,-22.244798142254673,100,2000
948,29.384138785625776,285.497521685254,291.08550185873605,2165.0,1.5774942746927356,24194.68153655514,Ezi_3,E(z) RNAi,0.45921505496167114,-0.5575977225034904,-22.465474944709833,100,2000
949,28.489439853076217,297.20110192837467,439.89439853076215,1464.0,1.4433175251032264,15333.583103764922,Ezi_3,E(z) RNAi,0.09578415272463214,-0.5240566809450312,-23.586323813715747,100,2000
950,28.400907715582452,297.19364599092285,380.8540090771558,1729.0,1.7784855378004878,22299.52269288956,Ezi_3,E(z) RNAi,0.24028444914354852,-0.5274773015387045,-23.60076114493437,100,2000
951,30.521182266009852,319.5320197044335,211.46502463054188,1292.0,1.2951585980240288,32846.75369458128,Ezi_3,E(z) RNAi,0.6563334422232889,-0.4895729419408211,-21.343324430571815,100,2000
952,29.340458015267174,324.0641221374046,335.5740458015267,922.0,1.6327508422024128,19820.67328244275,Ezi_3,E(z) RNAi,0.3528815178875908,-0.47275729401423117,-22.695025408271437,100,2000
953,29.923240938166312,337.73418621179815,189.52025586353943,2308.0,1.6008274660145723,42020.96233120114,Ezi_3,E(z) RNAi,0.7112488567196198,-0.4520111323404258,-21.975113665687758,100,2000
954,29.966296928327644,377.43515358361776,278.1928327645051,2806.0,1.424898122887156,49755.77858361775,Ezi_3,E(z) RNAi,0.49685030823484877,-0.36220257940394096,-22.177184374463287,100,2000
955,28.703703703703702,373.1028806584362,126.55555555555556,996.0,1.7357861884885808,34987.19890260631,Ezi_3,E(z) RNAi,0.8676974361179046,-0.3801968646162115,-23.234923375704543,100,2000
956,28.66777777777778,390.09,120.65666666666667,1122.0,1.434826043185594,38383.637777777774,Ezi_3,E(z) RNAi,0.883258797590843,-0.3442979285302574,-23.32073373292799,100,2000
957,31.696010132995568,389.03229892336924,327.43888537048764,2104.0,1.51041351485095,40711.1380620646,Ezi_3,E(z) RNAi,0.37708357730916653,-0.3346099895324546,-20.548372653184884,100,2000
958,27.79284750337382,401.8009446693657,331.96153846153845,1762.0,1.464150603690229,29370.721322537112,Ezi_3,E(z) RNAi,0.3668702904896082,-0.3071377237756494,-24.50024319955128,100,2000
959,30.938437661665805,400.62803931712364,160.15054319710296,2272.0,1.2762040489983306,56616.50129332644,Ezi_3,E(z) RNAi,0.7872887757360121,-0.3195231192821101,-21.135172657700252,100,2000
960,29.891812865497077,404.6017543859649,309.1929824561403,2078.0,1.5262160058998637,47978.308187134506,Ezi_3,E(z) RNAi,0.4227753322177925,-0.3024601497921202,-22.382172223908626,100,2000
961,28.642009132420092,427.5461187214612,299.8904109589041,1412.0,1.6507893314038589,43614.233789954334,Ezi_3,E(z) RNAi,0.4470647273590018,-0.25405744819136655,-23.697671866692506,100,2000
962,28.665641025641026,439.15282051282054,137.56,1271.0,1.6120202517191855,50599.02153846154,Ezi_3,E(z) RNAi,0.8451339583855786,-0.2386556591522465,-23.509529498225934,100,2000
963,28.749069247952345,508.98361876396126,158.70439314966492,1564.0,1.67634527416631,41536.803425167534,Ezi_3,E(z) RNAi,0.7980028790857645,-0.08846307754506455,-23.688116640343566,100,2000
964,28.599892876272094,529.0899839314408,320.22549544724154,2324.0,1.5624356981053644,57067.541510444564,Ezi_3,E(z) RNAi,0.4040128060847412,-0.03625767513438538,-24.10773230440792,100,2000
965,29.440563086548487,529.7617309697602,213.01616266944734,2321.0,1.4278529086558471,58970.80187695516,Ezi_3,E(z) RNAi,0.6664482138118724,-0.04099983251209316,-23.13483343410096,100,2000
966,30.028365384615384,537.5490384615384,256.34615384615387,2480.0,1.3968650520568584,60594.91875,Ezi_3,E(z) RNAi,0.560912167070835,-0.021884321574273446,-22.627655443325338,100,2000
967,30.46808510638298,558.6353631694791,313.7813646368305,3309.0,1.461523551571173,57933.93800440205,Ezi_3,E(z) RNAi,0.42173402963140605,0.026414703262105377,-22.331102610807044,100,2000
968,29.485454545454544,565.0527272727272,204.82848484848486,2308.0,1.5862911405542748,56263.33818181818,Ezi_3,E(z) RNAi,0.6888220467787829,0.03381612644016885,-23.198681101525505,100,2000
969,29.664374140302613,564.0004585052728,275.03805593764326,2869.0,1.6075442855985265,55371.8381476387,Ezi_3,E(z) RNAi,0.5169149674433704,0.03562062797897725,-23.104295513764004,100,2000
970,29.243445692883896,580.4344569288389,251.08988764044943,514.0,1.8702333934981719,35837.4606741573,Ezi_3,E(z) RNAi,0.576616194591723,0.06929611020569615,-23.550596914530963,100,2000
971,30.416193181818183,589.7826704545455,210.6751893939394,2593.0,1.4422796729933727,60086.45928030303,Ezi_3,E(z) RNAi,0.6761457170066543,0.08691737708175906,-22.358679455665253,100,2000
972,29.082138919514883,592.1604189636163,127.44928335170893,2123.0,1.3851823302172395,54660.026460859975,Ezi_3,E(z) RNAi,0.8800010747119056,0.08718170280210802,-23.596332469759023,100,2000
973,28.869281045751634,593.3529411764706,319.69063180827885,613.0,1.4928015520282134,26257.906318082787,Ezi_3,E(z) RNAi,0.40957252934141897,0.10080820444100147,-24.054386753081378,100,2000
974,30.150104821802934,590.2880503144654,280.2830188679245,3219.0,1.4683320570625886,57005.03647798742,Ezi_3,E(z) RNAi,0.5058157078251202,0.09200694521693764,-22.713796835539906,100,2000
975,28.81159420289855,602.880277252678,245.97416509136735,1917.0,1.4067271331794504,56048.89855072464,Ezi_3,E(z) RNAi,0.5906230237441294,0.11688259114977928,-24.051720994235094,100,2000
976,29.92803738317757,607.985046728972,209.82009345794393,2715.0,1.5455109223202512,59206.30841121495,Ezi_3,E(z) RNAi,0.6794441498591666,0.12569639188840842,-22.907142617664206,100,2000
977,29.993725490196077,616.0180392156863,305.4180392156863,1648.0,1.439521545536908,40523.592156862745,Ezi_3,E(z) RNAi,0.446000746681509,0.1483458338527761,-22.988476688951472,100,2000
978,28.791788856304986,630.6737536656891,364.42888563049854,1822.0,1.5054478166898464,19002.9068914956,Ezi_3,E(z) RNAi,0.30254550996240837,0.18300509492857353,-24.313860559908115,100,2000
979,29.764902880107165,637.1694574681849,129.46617548559945,1974.0,1.560485515091822,61024.85130609511,Ezi_3,E(z) RNAi,0.8780404600555343,0.1833225499174067,-23.06788574105207,100,2000
980,28.793396226415094,642.472641509434,163.62169811320754,1355.0,1.494364752559921,59065.79056603774,Ezi_3,E(z) RNAi,0.7947988971783035,0.19659828005357638,-24.10011965482374,100,2000
981,30.77133907595928,642.5583398590446,316.50352388410334,1927.0,1.641761294804105,20933.0125293657,Ezi_3,E(z) RNAi,0.4206227780381988,0.20561013096756087,-22.31427642114861,100,2000
982,29.64613596746078,655.3044741429402,280.965717606043,2082.0,1.4674999367869415,30839.911679256245,Ezi_3,E(z) RNAi,0.5084475128401649,0.2307448063806925,-23.437871685223296,100,2000
983,29.58295380611581,657.1997397527651,203.55757970071568,2013.0,1.6372186360348722,54783.65712426805,Ezi_3,E(z) RNAi,0.6980284252706885,0.2303244997805829,-23.41033244133515,100,2000
984,28.782894736842106,660.9684210526316,138.18684210526317,1074.0,1.8815381958106137,41686.28421052632,Ezi_3,E(z) RNAi,0.8582740037411118,0.23458950812257018,-24.141084508798393,100,2000
985,29.848425196850393,686.8070866141733,305.1476377952756,1317.0,1.633464072458373,20162.527559055117,Ezi_3,E(z) RNAi,0.4513461270562771,0.2993463196022257,-23.372156419330093,100,2000
986,28.124145785876994,697.5979498861047,140.88952164009112,1280.0,1.6608201432572796,29142.470387243735,Ezi_3,E(z) RNAi,0.854084393841674,0.3128838010420987,-24.926744413381343,100,2000
987,29.818941504178273,697.2681058495822,270.224930362117,2005.0,1.5520835215489754,27592.08426183844,Ezi_3,E(z) RNAi,0.5375111205175329,0.31964949351718475,-23.393105012779927,100,2000
988,29.899620184481822,716.4319045035269,316.07162235485623,2178.0,1.4422996183911687,42813.23494302767,Ezi_3,E(z) RNAi,0.42656955729505075,0.36317635172551954,-23.434569255136104,100,2000
989,29.59357696566999,712.7768549280178,299.40642303433003,2159.0,1.5267778874955953,38277.798449612405,Ezi_3,E(z) RNAi,0.4671164681832005,0.35441580344844015,-23.707377370613226,100,2000
990,29.475549255846918,716.570517363572,212.54783841247342,1712.0,1.3454463588942738,30500.86534372785,Ezi_3,E(z) RNAi,0.6799529660549166,0.35750014375913985,-23.729229169255625,100,2000
991,31.563997477931903,712.1623581336696,138.7890920554855,4087.0,1.6089292278734049,41061.50882723834,Ezi_3,E(z) RNAi,0.8601789033291534,0.3438585332106794,-21.533394976610936,100,2000
992,31.23085780080599,769.062751871042,268.2452504317789,2374.0,1.3723936537406842,29368.018998272884,Ezi_3,E(z) RNAi,0.5471020293828082,0.4727080277509861,-22.220825006316904,100,2000
993,30.107361963190183,770.4550102249489,187.04703476482618,2284.0,1.2365459090128386,44564.825664621676,Ezi_3,E(z) RNAi,0.7459288466777616,0.47098840742444237,-23.24714146008312,100,2000
994,29.355458515283843,785.8751091703057,184.12751091703058,1458.0,1.4278616960300443,42078.66288209607,Ezi_3,E(z) RNAi,0.754096623307853,0.5037109331611707,-24.047378053498914,100,2000
995,30.81389252948886,794.673001310616,266.5609436435125,2508.0,1.9670432799275603,24555.4501965924,Ezi_3,E(z) RNAi,0.5529198213563844,0.5272432651691732,-22.72203914627954,100,2000
996,30.248770894788596,794.0825958702065,194.4228121927237,1305.0,1.3231620342179082,31946.78466076696,Ezi_3,E(z) RNAi,0.729439451466724,0.5218203797400862,-23.19466526261284,100,2000
997,29.15310344827586,815.6275862068966,254.29931034482757,1041.0,1.4347353902878468,22969.52827586207,Ezi_3,E(z) RNAi,0.5843210125762415,0.5712274939264925,-24.438099118733085,100,2000
998,29.61318407960199,834.0099502487562,455.589552238806,1916.0,1.5701683292209734,40953.888059701494,Ezi_3,E(z) RNAi,0.0928807309282087,0.6220523978231633,-24.29254028377788,100,2000
999,32.920513849859496,842.1910879164994,261.5933360096347,3435.0,1.4804160851762418,42270.685668406266,Ezi_3,E(z) RNAi,0.5682156091850861,0.62834440956015,-20.769443055540027,100,2000
1000,29.349714285714285,853.46,610.8011428571428,2090.0,1.4124682017031114,31511.614285714284,Ezi_3,E(z) RNAi,-0.28570999355667204,0.6724930402221834,-24.816319764435846,100,2000
1001,30.620985010706637,854.9657387580299,316.66113490364023,2178.0,1.2774190625861832,26313.67665952891,Ezi_3,E(z) RNAi,0.43428960732323474,0.6587554030595955,-23.181121828943585,100,2000
1002,30.41988950276243,871.214364640884,290.12486187845303,2144.0,1.4726014738731428,23309.17182320442,Ezi_3,E(z) RNAi,0.5003122954679176,0.6918877985407852,-23.403719681983024,100,2000
1003,29.735646687697162,877.244164037855,392.9539432176656,1869.0,1.3267293719272797,49321.157097791795,Ezi_3,E(z) RNAi,0.2490403987603742,0.7106752214753407,-24.23729633526309,100,2000
1004,30.48116067561715,889.7912516240797,637.277609354699,2793.0,1.358256837337788,46785.38847986141,Ezi_3,E(z) RNAi,-0.34811044906381816,0.751534731892552,-23.840615437664326,100,2000
1005,29.477239353891335,889.1678903573177,323.7807146353402,2468.0,1.5193677176731,38680.531571218795,Ezi_3,E(z) RNAi,0.41913048916203977,0.7321224135656716,-24.44913075424997,100,2000
1006,28.96772265391512,902.9976090854752,332.01852958756723,2072.0,1.5039223473542385,27033.226539151226,Ezi_3,E(z) RNAi,0.399884928881167,0.7620971731206179,-25.01561641464479,100,2000
1007,28.202216066481995,898.0457063711912,421.43074792243766,1074.0,1.604563443039927,19884.93490304709,Ezi_3,E(z) RNAi,0.18072433831823953,0.7566827257775723,-25.87659095778688,100,2000
1008,31.29015544041451,896.581051073279,433.3626943005181,1805.0,1.4381431565847929,22704.57735011103,Ezi_3,E(z) RNAi,0.15141537513009107,0.7542685123412987,-22.798701579805567,100,2000
1009,33.320907617504055,913.9910858995138,432.9781199351702,2342.0,1.667397798592041,20718.498379254455,Ezi_3,E(z) RNAi,0.15350262194794984,0.7914026256874227,-20.82619137633629,100,2000
1010,29.670485175202156,917.5006738544474,468.96900269541777,1968.0,1.4274310749422905,29541.95552560647,Ezi_3,E(z) RNAi,0.06565801025609952,0.8009383590785681,-24.533577802092616,100,2000
1011,28.854860186418108,123.64314247669773,623.323568575233,1080.0,1.6003208526497357,21492.96537949401,Ezi_3,E(z) RNAi,-0.36463925254777996,-0.8837363137828687,-22.865742935500375,100,2000
1012,32.3026113671275,133.63978494623655,601.8509984639016,2020.0,1.6104447885820456,22311.5222734255,Ezi_3,E(z) RNAi,-0.3114339070922987,-0.8636230560857697,-19.424787023974517,100,2000
1013,30.093984962406015,133.19849624060151,655.3375939849624,2017.0,1.4951918817649716,26475.763157894737,Ezi_3,E(z) RNAi,-0.44236451604431193,-0.8614966661923328,-21.69901256902862,100,2000
1014,30.38658940397351,142.94619205298014,368.9867549668874,1675.0,1.672827846099805,21765.347682119205,Ezi_3,E(z) RNAi,0.25911924801527886,-0.8572094178517167,-21.080040564383932,100,2000
1015,29.077717061323618,170.79477838494233,391.1948998178506,2038.0,1.4572665895314263,24386.00303582271,Ezi_3,E(z) RNAi,0.20661121505046443,-0.79652796832524,-22.510678535981747,100,2000
1016,29.254205607476635,170.53457943925233,262.85607476635516,823.0,1.3854100622419483,21513.179439252337,Ezi_3,E(z) RNAi,0.5207010000492138,-0.8044813658045509,-22.172306265773212,100,2000
1017,30.681844716870987,171.30881494454175,307.1552831290134,2215.0,1.451441364873104,31231.525394045533,Ezi_3,E(z) RNAi,0.4123264552530854,-0.8002651398440096,-20.802862875607886,100,2000
1018,29.50087260034904,182.42233856893543,245.1041303083188,2079.0,1.3720289287783656,25811.134380453754,Ezi_3,E(z) RNAi,0.5649343902791695,-0.7801424547036419,-21.943458881640794,100,2000
1019,29.903636363636362,187.10969696969698,396.33454545454543,1936.0,1.6180681684863898,35599.69757575758,Ezi_3,E(z) RNAi,0.19510899121271819,-0.7614203576338027,-21.746230790655115,100,2000
1020,29.651732377538828,198.14396654719235,437.4653524492234,2141.0,1.8535607054639907,22032.042413381125,Ezi_3,E(z) RNAi,0.09517261634950591,-0.7355108708101137,-22.086944288178362,100,2000
1021,28.85816326530612,205.9918367346939,680.3438775510205,1294.0,1.6054400917972873,23499.410204081632,Ezi_3,E(z) RNAi,-0.49874777060867426,-0.7047708963976759,-23.211676508736353,100,2000
1022,31.52236925015753,198.27914303717705,237.34656584751102,1919.0,1.4123023611076775,32325.207939508506,Ezi_3,E(z) RNAi,0.5849641984137548,-0.7467470795557342,-19.965716456283637,100,2000
1023,33.37728937728938,224.240231990232,357.45940170940173,4763.0,1.8737521799170298,30124.275946275946,Ezi_3,E(z) RNAi,0.2927019076374373,-0.6844244576930749,-18.349043570334935,100,2000
1024,29.537025513378968,234.56751711263223,339.36403235843187,1983.0,1.5387036276040287,30929.359676415683,Ezi_3,E(z) RNAi,0.3376842270701419,-0.6634640674943237,-22.201407408602826,100,2000
1025,30.000654878847413,234.88670595939752,251.20235756385068,2067.0,1.549966925915186,31928.123117223313,Ezi_3,E(z) RNAi,0.5534785045506443,-0.6678628670910423,-21.62825425132038,100,2000
1026,31.344797178130513,239.58553791887124,376.3496472663139,3201.0,1.6667785545056977,21408.585097001764,Ezi_3,E(z) RNAi,0.24748927324781445,-0.6506133181166971,-20.456969838434343,100,2000
1027,31.489304812834224,247.27339572192514,187.22058823529412,1823.0,1.3466054787974528,35944.83622994652,Ezi_3,E(z) RNAi,0.7108882236394669,-0.6451159991172308,-20.101116890433218,100,2000
1028,30.067398119122256,278.8652037617555,239.31191222570533,893.0,1.4120556289006456,30705.05329153605,Ezi_3,E(z) RNAi,0.585489483231509,-0.5747268409346717,-21.69490155342131,100,2000
1029,29.376588021778584,292.1814882032668,348.9310344827586,1520.0,1.8261608094848092,18673.17604355717,Ezi_3,E(z) RNAi,0.3180811229746039,-0.5400034220473742,-22.568135866044997,100,2000
1030,30.424278846153847,297.30528846153845,229.69831730769232,1231.0,1.5498232327695634,24154.955528846152,Ezi_3,E(z) RNAi,0.6102375411644649,-0.5359395583606061,-21.388147305810318,100,2000
1031,30.440361445783132,304.2409638554217,290.42409638554216,2251.0,1.932697828386562,37277.55060240964,Ezi_3,E(z) RNAi,0.46207083068022636,-0.5176420400976444,-21.471637258016724,100,2000
1032,29.612137203166228,308.598944591029,203.04749340369392,594.0,1.6682166246467358,29045.68073878628,Ezi_3,E(z) RNAi,0.6762145269367001,-0.5133888446809527,-22.20493414495102,100,2000
1033,28.938633193863318,329.1994421199442,322.326359832636,979.0,1.5909930330176922,23692.94839609484,Ezi_3,E(z) RNAi,0.38564592577654433,-0.4625686457379562,-23.0975454242057,100,2000
1034,31.085993820803296,334.0808444902163,122.0859938208033,2271.0,1.362073875620287,50087.94902162719,Ezi_3,E(z) RNAi,0.8760482780018644,-0.46368453827242007,-20.715448645515796,100,2000
1035,30.678043230944255,346.7019340159272,241.30602957906711,2247.0,1.4179479485216335,38076.73321956769,Ezi_3,E(z) RNAi,0.5850950174279426,-0.4298885948058787,-21.315525719369774,100,2000
1036,29.653710247349824,345.6855123674912,158.35865724381625,886.0,1.5408364037025848,27709.57597173145,Ezi_3,E(z) RNAi,0.7880432390610956,-0.4368468793451816,-22.232362843934865,100,2000
1037,30.495305164319248,354.21596244131456,211.81455399061034,1364.0,1.4940397366656437,37601.278169014084,Ezi_3,E(z) RNAi,0.6577726194550515,-0.41556032232077744,-21.486603402258435,100,2000
1038,32.098369011213045,358.7487257900102,184.0835881753313,2368.0,1.429887778514077,55665.10346585117,Ezi_3,E(z) RNAi,0.7259390828464247,-0.40747762119141384,-19.864045754288753,100,2000
1039,31.76134699853587,369.13372376769155,255.92776964372865,2520.0,1.387290361385761,41229.35383113714,Ezi_3,E(z) RNAi,0.550789437002803,-0.38118303983623447,-20.326218657772365,100,2000
1040,31.144479781917312,385.4379827351204,133.6365288505225,2606.0,1.2780339366756095,56834.55474784189,Ezi_3,E(z) RNAi,0.8511759503493548,-0.3534558921845804,-20.844643792963762,100,2000
1041,31.831814038286236,403.40701914311757,294.4512306289881,2691.0,1.3500658060334934,51355.97037374658,Ezi_3,E(z) RNAi,0.4587710025589271,-0.30584478960632255,-20.41966038487928,100,2000
1042,29.681159420289855,411.368906455863,150.82608695652175,1010.0,1.6584781619004654,47418.53227931489,Ezi_3,E(z) RNAi,0.810824412848298,-0.2971559469278109,-22.4169658469526,100,2000
1043,30.863445378151262,408.4957983193277,187.99789915966386,1821.0,1.342479470811281,56530.98529411765,Ezi_3,E(z) RNAi,0.7196534744497458,-0.3011334710539727,-21.27163253028578,100,2000
1044,31.01365991521432,401.14130946773435,253.4201601507301,2723.0,1.5300046315354718,52988.193122939236,Ezi_3,E(z) RNAi,0.559046418709656,-0.31304997885490526,-21.178693124644695,100,2000
1045,30.630672926447573,408.9577464788732,136.49765258215962,999.0,1.4418231908457568,43125.69483568075,Ezi_3,E(z) RNAi,0.845730840232839,-0.3031190016769745,-21.441351680566964,100,2000
1046,33.170009551098374,417.55555555555554,266.8073861827443,4221.0,1.667404048812621,46544.74753263292,Ezi_3,E(z) RNAi,0.5273611386735628,-0.27724527324417536,-19.094505614305564,100,2000
1047,30.435983263598327,419.0870292887029,174.73305439330545,1524.0,1.5058758740179041,47611.0719665272,Ezi_3,E(z) RNAi,0.7528208957954565,-0.27930668327036656,-21.71816693859492,100,2000
1048,32.30392156862745,420.7922794117647,224.39276960784315,2123.0,1.363943842992504,48090.58823529412,Ezi_3,E(z) RNAi,0.6313869235812666,-0.2727920179002411,-19.91829185436485,100,2000
1049,31.61591355599214,448.16502946954813,278.6615913555992,2450.0,1.369708777859236,52263.846758349704,Ezi_3,E(z) RNAi,0.5003775792360126,-0.21127266624074326,-20.76668657307442,100,2000
1050,32.023741301678264,454.5264019647974,156.7425296766271,3195.0,1.2965534366917815,59718.80352026197,Ezi_3,E(z) RNAi,0.7991924840191311,-0.20472817499385576,-20.227360222291573,100,2000
1051,31.647872708405394,447.63645797301973,397.2992044275337,3362.0,1.5135518602577436,54827.85160843999,Ezi_3,E(z) RNAi,0.20997860063286344,-0.20555980928922224,-20.881781898594234,100,2000
1052,29.174565560821485,467.4075829383886,172.15718799368088,1621.0,1.5295720521594665,49278.948657188,Ezi_3,E(z) RNAi,0.7623256086856882,-0.1763801778594437,-23.13929476078897,100,2000
1053,30.43483412322275,487.0343601895735,176.58590047393366,2011.0,1.5036557275031728,53611.09123222749,Ezi_3,E(z) RNAi,0.7527812484744436,-0.13424507919518147,-21.950777139732196,100,2000
1054,29.96838458207016,490.49328713728886,356.76310090948465,2746.0,1.5183096116795018,51850.069727154616,Ezi_3,E(z) RNAi,0.3120301984471001,-0.11648098599054679,-22.654929301533425,100,2000
1055,31.085453672587615,518.3283725396063,227.05424867978877,2583.0,1.5614701037613647,52636.76764282285,Ezi_3,E(z) RNAi,0.6313291163892831,-0.06456973576139469,-21.469008625061498,100,2000
1056,29.922389726409826,521.3199329983249,261.3467336683417,2158.0,1.4944602933455888,54703.28252372976,Ezi_3,E(z) RNAi,0.5475999563048501,-0.05621898069046527,-22.685175004151457,100,2000
1057,31.779364049318623,518.2809863724854,202.8741077222583,1935.0,1.7428202757411442,55191.60090850097,Ezi_3,E(z) RNAi,0.6905045665956793,-0.06605993021642464,-20.744607757998217,100,2000
1058,28.872881355932204,528.128813559322,305.76440677966104,735.0,1.7118577506946342,56336.640677966105,Ezi_3,E(z) RNAi,0.4393417557523043,-0.03913997295665206,-23.813362116892037,100,2000
1059,31.230998509687034,526.301043219076,298.5499254843517,1216.0,1.8636626403522254,56534.241430700444,Ezi_3,E(z) RNAi,0.45687146544955337,-0.04343805660284761,-21.44004557297059,100,2000
1060,30.49954421148587,536.1814038286235,276.13400182315405,2760.0,1.4376638172690561,59441.177301731994,Ezi_3,E(z) RNAi,0.5123898627985641,-0.023657626807648047,-22.176692470846852,100,2000
1061,32.53971856559237,575.7939173853836,233.81298229686792,2841.0,1.3961640544064058,58416.924648206994,Ezi_3,E(z) RNAi,0.6185847935701916,0.058424083980725294,-20.217021505163867,100,2000
1062,29.79669193659545,575.762922122674,132.7381116471399,1728.0,1.4892766840669214,48678.38938662991,Ezi_3,E(z) RNAi,0.8659699032038992,0.05251038943809694,-22.833122427820303,100,2000
1063,29.006787330316744,576.4049773755656,358.4230769230769,752.0,1.6905015925179072,22988.29185520362,Ezi_3,E(z) RNAi,0.3136537937318078,0.06688661153203279,-23.90832005854752,100,2000
1064,31.73729674796748,581.723069105691,191.16869918699186,2437.0,1.3219731397876948,59756.80995934959,Ezi_3,E(z) RNAi,0.7233506247469494,0.06860842519113786,-20.985933451657033,100,2000
1065,31.207904487443393,589.2433100041169,175.38863729930011,3026.0,1.4645138036100502,58257.8575545492,Ezi_3,E(z) RNAi,0.7624711292177404,0.08373798622164119,-21.520885681556365,100,2000
1066,28.63006993006993,601.4384615384615,334.3251748251748,1644.0,1.5242573345885841,32015.065734265736,Ezi_3,E(z) RNAi,0.3742902791656666,0.11889941189485498,-24.33922261682175,100,2000
1067,30.270676691729324,604.4022556390977,225.17011278195488,1387.0,1.4846156004843303,56604.707706766916,Ezi_3,E(z) RNAi,0.6416371886888184,0.11894059959019554,-22.571680755535414,100,2000
1068,31.135282121006117,610.6254248810333,358.5078178110129,1945.0,1.5459679442822547,21552.38613188307,Ezi_3,E(z) RNAi,0.315704239434339,0.13991082615453254,-21.895345863056242,100,2000
1069,33.18500720807304,613.1729937530033,131.74963959634792,2754.0,1.4857364792435788,58221.947140797696,Ezi_3,E(z) RNAi,0.8708544502157936,0.1322864346610102,-19.569745773732464,100,2000
1070,29.666666666666668,620.4739229024943,217.4920634920635,622.0,1.6835916464888563,61356.54648526077,Ezi_3,E(z) RNAi,0.661494075035973,0.15277985634956504,-23.22025234053506,100,2000
1071,30.08646112600536,641.4081769436997,275.90281501340485,2177.0,1.5378152378261116,33713.99195710456,Ezi_3,E(z) RNAi,0.5199183113913068,0.2008105643191349,-22.94433568260363,100,2000
1072,31.308402991641003,679.0114386273647,267.8688957325121,2823.0,1.410813358712457,48746.29344478663,Ezi_3,E(z) RNAi,0.5420654425293716,0.280576790663857,-21.839131037694347,100,2000
1073,29.373781148429035,698.1625135427952,350.13542795232934,1126.0,1.5562497234446508,17170.11267605634,Ezi_3,E(z) RNAi,0.34199172009672063,0.3261617065461748,-23.941530342103963,100,2000
1074,30.933701657458563,730.183548189073,137.55125844076122,2043.0,1.5019113454422797,33984.82811540823,Ezi_3,E(z) RNAi,0.8644024994297479,0.3822279158987769,-22.22290606859394,100,2000
1075,28.667213114754098,741.2516393442623,153.20491803278688,1770.0,1.7979095084858114,24593.812295081967,Ezi_3,E(z) RNAi,0.8268290647629442,0.40672598949657623,-24.546342795620994,100,2000
1076,31.943801652892564,740.867217630854,228.8236914600551,2359.0,1.4909126015717546,32675.54435261708,Ezi_3,E(z) RNAi,0.6417183995779348,0.4102896220537209,-21.36334658691318,100,2000
1077,31.45884315906563,748.2463848720801,247.1829810901001,2173.0,1.3619601014209117,36618.23414905451,Ezi_3,E(z) RNAi,0.5972738533423188,0.4270869085642981,-21.89621910525191,100,2000
1078,30.516177202588352,753.7297162767546,192.72672971627676,2467.0,1.2944323348523974,30785.701841712296,Ezi_3,E(z) RNAi,0.7309202190473618,0.435638105657423,-22.789052158768975,100,2000
1079,30.53575297941495,758.930119176598,255.8732394366197,2316.0,1.322293049825768,34496.7903575298,Ezi_3,E(z) RNAi,0.5767139940761639,0.4503732936780127,-22.866234079580757,100,2000
1080,31.69933829611249,756.3945409429281,495.3440860215054,2898.0,1.3895184577333868,47585.83209263854,Ezi_3,E(z) RNAi,-0.009558653288323837,0.4587795849463683,-21.994533672210896,100,2000
1081,30.30098452883263,771.5850914205345,657.5977496483825,883.0,1.4553347056165546,38300.70323488045,Ezi_3,E(z) RNAi,-0.4056633166996022,0.5005310412585513,-23.64766023779911,100,2000
1082,31.52473899228325,798.307762142533,397.0907852927826,2609.0,1.5801861000942468,46038.51475261008,Ezi_3,E(z) RNAi,0.2336882764432855,0.5425285262941739,-22.187210815689422,100,2000
1083,30.916451335055985,801.4220499569337,251.7820844099914,1565.0,1.5234780065462694,26578.894918173988,Ezi_3,E(z) RNAi,0.5895370772764892,0.5407899287542481,-22.623699792384386,100,2000
1084,30.735895846249225,804.7365158090514,225.1556106633602,1940.0,1.372642129758459,37458.81091134532,Ezi_3,E(z) RNAi,0.6549247918649628,0.5463243071730548,-22.782027149434352,100,2000
1085,30.022364217252395,820.1842385516507,225.32374866879658,1168.0,1.3804299093304488,35410.58466453674,Ezi_3,E(z) RNAi,0.6555372769990699,0.5792840669494828,-23.547858951726674,100,2000
1086,31.35686876438987,840.3261703760553,418.6684574059862,1632.0,1.615810629089826,24832.299309286263,Ezi_3,E(z) RNAi,0.18365749517195673,0.6334109690397536,-22.52384753007161,100,2000
1087,31.933478260869567,851.7347826086957,298.79521739130433,2972.0,1.5390169290621896,33760.28391304348,Ezi_3,E(z) RNAi,0.4777987073371981,0.6508421222306378,-21.835327748464348,100,2000
1088,29.869465648854963,867.6312977099236,597.4305343511451,1533.0,1.3936164045075483,29835.774809160306,Ezi_3,E(z) RNAi,-0.25204956897340114,0.7019581138975259,-24.327587083580905,100,2000
1089,31.326947637292466,876.7452107279694,339.13409961685824,1949.0,1.3110358794155041,28449.429118773947,Ezi_3,E(z) RNAi,0.38072618234692257,0.7065192755295897,-22.576803425478456,100,2000
1090,30.831294269156473,879.6915647134579,536.873792659369,1838.0,1.4486000100437217,44180.87636831938,Ezi_3,E(z) RNAi,-0.10304265265443302,0.7242022584660948,-23.33046370797911,100,2000
1091,30.231634679020516,883.6664460622104,573.9437458636664,1877.0,1.5061754742680153,40504.51290536069,Ezi_3,E(z) RNAi,-0.19350617890361732,0.7348150052203299,-23.990029870437542,100,2000
1092,31.111286089238845,904.361154855643,500.9695538057743,2419.0,1.7801486782843983,42855.65091863517,Ezi_3,E(z) RNAi,-0.013536265021080851,0.7747628071983539,-23.088622515218553,100,2000
1093,29.96790626591951,906.3718797758532,362.28833418237394,2332.0,1.5485403220496485,29746.204279164544,Ezi_3,E(z) RNAi,0.32602038263947875,0.7710481644903673,-24.064793188106577,100,2000
1094,30.827197149643705,917.8652019002375,507.0089073634204,2111.0,1.3574094788447717,36398.35154394299,Ezi_3,E(z) RNAi,-0.02742330862698994,0.80391768036897,-23.425825543784672,100,2000
1095,31.124933545986178,920.5050505050505,689.6236044657097,2379.0,1.6478309295505926,34772.6932482722,Ezi_3,E(z) RNAi,-0.4741964614679114,0.8200804915971787,-23.36609252354474,100,2000
1096,33.660928143712574,926.2223053892216,484.58233532934133,1896.0,1.4314346868008918,36050.02994011976,Ezi_3,E(z) RNAi,0.028010225395399546,0.8204737770023869,-20.59216003754429,100,2000
1097,31.134289439374186,93.89308996088657,400.348109517601,1869.0,1.4399479907367356,26451.09778357236,Ezi_3,E(z) RNAi,0.17911545037428578,-0.9600427565036992,-20.206269554017936,100,2000
1098,31.121025641025643,117.00205128205128,390.1876923076923,2637.0,1.524464081174583,27505.26,Ezi_3,E(z) RNAi,0.20551177928411457,-0.9113293886122186,-20.284716121460818,100,2000
1099,31.13888888888889,132.49786324786325,618.2905982905983,1358.0,1.5895267380219198,22564.78311965812,Ezi_3,E(z) RNAi,-0.351741832629611,-0.8651197677180102,-20.60527539522828,100,2000
1100,37.484506132989026,130.7504841833441,348.16010329244676,4820.0,1.940735840215984,39688.36120077469,Ezi_3,E(z) RNAi,0.3092651529793591,-0.8843762311725376,-13.91491452537592,100,2000
1101,31.35575485799701,164.33781763826607,245.14648729446935,1068.0,1.5200925963407401,22272.732436472346,Ezi_3,E(z) RNAi,0.5636290300532989,-0.8187069723358034,-20.027655926069563,100,2000
1102,31.996276595744682,170.92925531914895,231.93617021276594,2388.0,1.4248854168843277,29609.8,Ezi_3,E(z) RNAi,0.5963953419162058,-0.8054022005472824,-19.392793429650787,100,2000
1103,31.55840163934426,209.01639344262296,333.38524590163934,1378.0,1.5373009630876797,25295.133196721312,Ezi_3,E(z) RNAi,0.3506210930936462,-0.7183033392545379,-20.086378457727122,100,2000
1104,31.553389830508475,212.12118644067797,275.41525423728814,1526.0,1.4038354436821734,24491.956779661017,Ezi_3,E(z) RNAi,0.4927072637103713,-0.7150221511164578,-20.029134204092912,100,2000
1105,31.080326752893125,227.5071477195371,282.02450646698435,1921.0,1.4246435373095536,25949.472430224643,Ezi_3,E(z) RNAi,0.47755044011760606,-0.6818210290964716,-20.562371431879292,100,2000
1106,30.65339074273412,236.29386437029063,190.64585575888051,1221.0,1.2614215278317953,26411.566200215286,Ezi_3,E(z) RNAi,0.7017809403891437,-0.6683476612819013,-20.90429679957776,100,2000
1107,30.99921445404556,244.61194029850745,213.955223880597,1770.0,1.4032717536373223,28898.10840534171,Ezi_3,E(z) RNAi,0.645280894855663,-0.6492559210766209,-20.6157688601976,100,2000
1108,30.318181818181817,253.6126893939394,670.1467803030303,1441.0,1.7129938114974093,21294.86268939394,Ezi_3,E(z) RNAi,-0.47064423939251165,-0.6037567304897336,-21.899464901154793,100,2000
1109,31.692052980132452,256.0066225165563,210.10264900662253,1829.0,1.3472309256412014,30480.277483443708,Ezi_3,E(z) RNAi,0.6554618793093776,-0.6251642775926995,-19.956527490523296,100,2000
1110,31.959692898272554,254.06717850287907,336.0767754318618,1620.0,1.469108227154618,37621.501919385795,Ezi_3,E(z) RNAi,0.34701287600873254,-0.6220365805355172,-19.840389755243667,100,2000
1111,31.678691678691678,261.1447811447811,389.5752765752766,2516.0,1.4931191711790233,36685.106782106785,Ezi_3,E(z) RNAi,0.21654506377480498,-0.6038551425797236,-20.212373242513426,100,2000
1112,33.4762323943662,268.54401408450707,305.29357394366195,3085.0,1.3733587604650621,26076.77068661972,Ezi_3,E(z) RNAi,0.4233077564545742,-0.5929163991728668,-18.33406078972581,100,2000
1113,30.6768018018018,292.89977477477476,274.43918918918916,1458.0,1.613656081448879,23159.885135135137,Ezi_3,E(z) RNAi,0.5004427024376323,-0.5427565746474847,-21.176899051257497,100,2000
1114,31.360800470865215,315.9517363154797,158.96880517951737,1939.0,1.3463018065655425,52214.32430841672,Ezi_3,E(z) RNAi,0.7845779640087567,-0.5002315601351098,-20.425778882296637,100,2000
1115,31.579649708090074,342.50375312760633,144.33694745621352,1425.0,1.549904511898474,36325.07839866555,Ezi_3,E(z) RNAi,0.8221452017390818,-0.44442910462001695,-20.278115177692058,100,2000
1116,30.10427807486631,349.47058823529414,190.95989304812835,576.0,1.3912419417697748,31582.326203208555,Ezi_3,E(z) RNAi,0.7085012895992968,-0.42688907201454795,-21.835462084976072,100,2000
1117,31.577925679423185,363.8996117581808,170.52745424292846,2111.0,1.3266003800339885,57337.55019412091,Ezi_3,E(z) RNAi,0.7594597804137482,-0.39727441139701436,-20.384849042220985,100,2000
1118,32.68421052631579,360.7357569180684,239.49158979924036,2148.0,1.4372689797908234,47025.19207813348,Ezi_3,E(z) RNAi,0.5904585513867591,-0.4000397105303306,-19.354420911555888,100,2000
1119,30.843205574912893,354.5252613240418,347.1820557491289,1581.0,1.6398107383326272,21227.564459930312,Ezi_3,E(z) RNAi,0.326482000444555,-0.4070931174823029,-21.309573510944226,100,2000
1120,32.586013272077594,422.2317508933129,126.0974987238387,2387.0,1.3584217472675855,56017.12200102093,Ezi_3,E(z) RNAi,0.8720576685091381,-0.275386461719873,-19.517739979118506,100,2000
1121,32.31885714285714,436.8697142857143,322.0417142857143,2110.0,1.4941505471808856,42157.30171428571,Ezi_3,E(z) RNAi,0.3934560663741413,-0.23286315736393215,-20.080079221800094,100,2000
1122,30.312828207051762,441.450112528132,380.2858214553638,1820.0,1.632966293827382,29373.249062265568,Ezi_3,E(z) RNAi,0.25121315425449864,-0.2197480256319112,-22.17461161521043,100,2000
1123,31.219798657718123,459.7595078299776,219.5480984340045,2092.0,1.389385131572487,52277.034116331095,Ezi_3,E(z) RNAi,0.6458252157592588,-0.18994886209007888,-21.127737789046478,100,2000
1124,32.38322655794991,457.6907396622015,203.4618520675597,2229.0,1.3265588585359585,60816.77577169482,Ezi_3,E(z) RNAi,0.6850559060879411,-0.1952812737031162,-19.937159987948192,100,2000
1125,31.857207615593836,473.8408884859474,248.9011786038078,2680.0,1.4387221010042206,54498.434270172256,Ezi_3,E(z) RNAi,0.5749137188762707,-0.15821145225759903,-20.574644032032882,100,2000
1126,30.779155366137157,474.65168539325845,302.40178225494,2933.0,1.5234550653719676,48167.47423479272,Ezi_3,E(z) RNAi,0.4440284397384531,-0.15340491452553906,-21.72254268171098,100,2000
1127,31.919291338582678,482.37335958005247,143.5702099737533,1913.0,1.3410374400508036,60428.143700787405,Ezi_3,E(z) RNAi,0.8332741120578249,-0.1460813671980199,-20.40919157482142,100,2000
1128,30.16602017067494,496.96819239720713,281.6508921644686,1563.0,1.458627707879392,27892.166795965866,Ezi_3,E(z) RNAi,0.4962940867204315,-0.10699709163887872,-22.38489812303349,100,2000
1129,31.275862068965516,508.6146551724138,348.86724137931037,2754.0,1.5891429951275942,49855.02801724138,Ezi_3,E(z) RNAi,0.33255033079390417,-0.0782676880866966,-21.398664633490164,100,2000
1130,31.58891454965358,508.79484218629716,328.5785219399538,3067.0,1.5028557887591936,54873.967282525016,Ezi_3,E(z) RNAi,0.38221772051989533,-0.07905079268360138,-21.06076861564845,100,2000
1131,32.092174747959675,517.2462794047048,310.17522803648586,2580.0,1.4283023563610597,58032.32741238598,Ezi_3,E(z) RNAi,0.4278172135084066,-0.06207841588886398,-20.562924339944843,100,2000
1132,32.21339950372209,530.1495037220843,189.8951612903226,1849.0,1.304067514173888,58826.49193548387,Ezi_3,E(z) RNAi,0.7230543036057606,-0.041485511766295,-20.33431619893469,100,2000
1133,32.4861641221374,549.4308206106871,248.63788167938932,2759.0,1.6456470561855516,61346.96135496183,Ezi_3,E(z) RNAi,0.5805571166909869,0.003036990469556633,-20.200270755192285,100,2000
1134,31.358285714285714,553.3285714285714,283.6891428571429,2133.0,1.5678276600932297,56732.95828571429,Ezi_3,E(z) RNAi,0.49503071265343146,0.013364962183022744,-21.38525966235575,100,2000
1135,31.919624916275954,552.561955793704,214.7012726054923,1761.0,1.4058105555742633,60237.196918955124,Ezi_3,E(z) RNAi,0.6638252570299685,0.007755979460787543,-20.734790164267682,100,2000
1136,30.336111111111112,573.6194444444444,301.8601851851852,1392.0,1.7209894265903098,52843.47777777778,Ezi_3,E(z) RNAi,0.45190262335787335,0.05769255433883935,-22.49865037383521,100,2000
1137,32.40827338129496,579.9988009592327,146.4418465227818,2170.0,1.3037018046116422,58909.83693045563,Ezi_3,E(z) RNAi,0.8327029965051702,0.06235604946085571,-20.253034418360553,100,2000
1138,31.588691290469676,603.468764249886,262.97081623347015,2862.0,1.5223673415446686,59593.93205654355,Ezi_3,E(z) RNAi,0.5490549796270698,0.11913818420498923,-21.29794955843096,100,2000
1139,32.04306632213609,604.3927648578812,181.03014642549527,1682.0,1.6805293552554872,60003.11111111111,Ezi_3,E(z) RNAi,0.7496634719836524,0.11638826902528265,-20.743894820700977,100,2000
1140,32.4044665012407,615.5007444168734,163.26699751861042,2499.0,1.3824469675442592,61061.54392059553,Ezi_3,E(z) RNAi,0.7938723706871307,0.13906383260057686,-20.397671311110514,100,2000
1141,32.75723830734967,625.5857461024499,180.70824053452117,725.0,1.8720249258770651,63319.561247216036,Ezi_3,E(z) RNAi,0.7518513543082643,0.1615867408802789,-20.10079201506554,100,2000
1142,32.14017929910351,625.6845965770171,350.7123064384678,1572.0,1.5993770899805437,19979.881825590874,Ezi_3,E(z) RNAi,0.3357770481152964,0.17159500402716743,-20.93145889148169,100,2000
1143,31.736388140161726,651.3509433962264,235.9466307277628,2248.0,1.5707577274879452,48290.8679245283,Ezi_3,E(z) RNAi,0.6183636020956831,0.21973011879227689,-21.277822007338557,100,2000
1144,32.60164271047228,662.5282340862423,181.54209445585215,2617.0,1.3866119520744569,59058.50718685832,Ezi_3,E(z) RNAi,0.7522549409102566,0.24044458815946412,-20.38201267030185,100,2000
1145,32.33161239078634,678.9344718030183,150.84193804606832,2971.0,1.4794821287009885,57266.25615567911,Ezi_3,E(z) RNAi,0.8284792994673555,0.27367264683037984,-20.66885260041371,100,2000
1146,33.19263899765075,684.0751761942051,189.58183241973376,1960.0,1.4245660667480446,43093.2670321065,Ezi_3,E(z) RNAi,0.7340015829901023,0.2868793883393661,-19.87376851205705,100,2000
1147,33.36283185840708,685.4727526781555,243.64741499767118,2801.0,1.4359217308993961,42118.27293898463,Ezi_3,E(z) RNAi,0.6017687908075764,0.29297937188602674,-19.77611770325121,100,2000
1148,32.38690148596588,699.8040726472207,236.51898734177215,2377.0,1.3702301926998215,27877.51458447991,Ezi_3,E(z) RNAi,0.620166409344038,0.32313486227448873,-20.79142783894203,100,2000
1149,31.782519280205655,715.4807197943445,156.7681233933162,2275.0,1.5556524806642764,51050.714652956296,Ezi_3,E(z) RNAi,0.8163943818091406,0.3519759267446412,-21.348620576672484,100,2000
1150,30.435047951176983,728.0932868352223,406.9328683522232,1549.0,1.7573377830960022,16726.993025283347,Ezi_3,E(z) RNAi,0.20495786575061903,0.39329669534285294,-23.052460184628174,100,2000
1151,31.66881374127751,760.3011272141707,463.1814278046162,2176.0,1.3808040434582305,30614.95598497048,Ezi_3,E(z) RNAi,0.06941754178846438,0.4652590501016687,-21.99788243760263,100,2000
1152,30.9070796460177,763.8119469026549,239.45575221238937,725.0,1.521014343491508,23433.87610619469,Ezi_3,E(z) RNAi,0.617217475080925,0.4598440147256848,-22.49077609593702,100,2000
1153,31.783090085556115,789.8404630095622,482.33719174635127,2319.0,1.3774876352582257,51015.398590840465,Ezi_3,E(z) RNAi,0.02448797088137966,0.5293817950520321,-22.007253231125908,100,2000
1154,32.11881785283474,780.0627261761158,358.7641737032569,1890.0,1.3789337261117287,37306.45174909529,Ezi_3,E(z) RNAi,0.326283407667771,0.5014001874489122,-21.483526026796685,100,2000
1155,31.44707146695325,810.5846319183235,567.7125201504567,2262.0,1.6099466631202755,38592.528210639444,Ezi_3,E(z) RNAi,-0.18309364546380058,0.5785561818022196,-22.520332136640892,100,2000
1156,32.7007623888183,807.7299872935197,288.4739517153748,2034.0,1.3935453404826514,28930.39072426938,Ezi_3,E(z) RNAi,0.5001464699512057,0.5563754021483809,-20.906704104137354,100,2000
1157,31.388952164009112,820.8223234624146,385.1867881548975,2085.0,1.3139735013607106,30497.013667425967,Ezi_3,E(z) RNAi,0.2643130185294391,0.589872417366855,-22.383987736816103,100,2000
1158,31.862745098039216,823.5412953060012,495.7807486631016,1958.0,1.3548882867656675,36855.12358882947,Ezi_3,E(z) RNAi,-0.006185643188695078,0.6020528301420207,-22.05811256572882,100,2000
1159,32.60370879120879,825.3516483516484,345.2046703296703,1974.0,1.5277385574641402,31485.87019230769,Ezi_3,E(z) RNAi,0.3624648854193624,0.597238601014743,-21.13435352323619,100,2000
1160,32.10290237467019,835.7132805628847,293.44415127528583,1447.0,1.4198940520772028,31080.539138082673,Ezi_3,E(z) RNAi,0.4898349571649905,0.6163555118248882,-21.605162762227284,100,2000
1161,32.328052190121156,842.363466915191,399.7567567567568,2857.0,1.564020655367092,39375.92777260019,Ezi_3,E(z) RNAi,0.2300756365183665,0.6366738878018163,-21.53581503575784,100,2000
1162,32.01362862010222,854.3713798977853,409.9003407155026,1508.0,1.3099112062595102,31219.14139693356,Ezi_3,E(z) RNAi,0.2060446529305926,0.6628734135475252,-21.903456094106136,100,2000
1163,31.95547703180212,858.0763250883392,703.3809187279152,1721.0,1.3764811371133088,38196.31095406361,Ezi_3,E(z) RNAi,-0.5119997353802116,0.687698007790827,-22.34228727856083,100,2000
1164,31.10780984719864,863.2631578947369,680.751273344652,1472.0,1.3429643917788954,36093.75721561969,Ezi_3,E(z) RNAi,-0.45626843401816475,0.697452378333207,-23.179050354466774,100,2000
1165,31.31062874251497,873.5905688622754,371.23802395209583,1663.0,1.482707439537026,29726.930389221558,Ezi_3,E(z) RNAi,0.30194361710426687,0.7016402369344417,-22.622759879658524,100,2000
1166,31.986609534011784,870.9946438136047,456.57900374933047,2238.0,1.5066347120128303,47723.81896089984,Ezi_3,E(z) RNAi,0.09289908559010085,0.701027632528443,-22.045093791625256,100,2000
1167,31.261979166666666,896.6395833333333,392.5265625,2482.0,1.3667683451439079,29964.803645833334,Ezi_3,E(z) RNAi,0.25136519611757646,0.752038702170037,-22.775844109765316,100,2000
1168,31.85563161169882,895.6098319850653,529.7249533291848,2019.0,1.4473831320185508,37112.89110143124,Ezi_3,E(z) RNAi,-0.08449578537315117,0.7577566058139116,-22.350845080027785,100,2000
1169,31.63785757760195,896.8423615337797,673.472915398661,2033.0,1.436231448257304,43656.167985392574,Ezi_3,E(z) RNAi,-0.4362347767117086,0.7686724546678876,-22.753113054712106,100,2000
1170,33.18513931888545,887.7318885448916,504.3157894736842,2616.0,1.6506926976475473,28643.95108359133,Ezi_3,E(z) RNAi,-0.02283217147876826,0.7394949247381783,-20.96290239231268,100,2000
1171,31.16888433981576,104.1525076765609,486.6376663254862,1341.0,1.6044804026641764,24175.2088024565,Ezi_3,E(z) RNAi,-0.03139841817158695,-0.9331805082224722,-20.314526897731426,100,2000
1172,33.468726450640546,118.2449133383572,419.7030896759608,1909.0,1.5401712268871985,25807.71966842502,Ezi_3,E(z) RNAi,0.1333487906148192,-0.9069591220710389,-17.978250298447094,100,2000
1173,33.851736651114564,133.7874546397097,397.6153447382063,2754.0,1.4200412034729382,29660.987039917054,Ezi_3,E(z) RNAi,0.18843539237083284,-0.8750723136411112,-17.6199460164695,100,2000
1174,32.11369863013699,142.22328767123287,331.16712328767125,1092.0,1.4703917305243464,22250.008219178082,Ezi_3,E(z) RNAi,0.3516295314097393,-0.8609196221391797,-19.303058091705722,100,2000
1175,34.31711939355654,143.92608970309539,304.5698041692988,2201.0,1.634785734961574,33991.94504106128,Ezi_3,E(z) RNAi,0.4168324800794072,-0.8588044668988303,-17.072026242429992,100,2000
1176,33.31499202551834,168.6578947368421,341.7081339712919,1524.0,1.393498948739444,26360.85326953748,Ezi_3,E(z) RNAi,0.3275759566032006,-0.803909119246176,-18.204141260211408,100,2000
1177,34.54219143576826,183.46221662468514,287.31297229219143,2062.0,1.5080112230911196,34359.190176322416,Ezi_3,E(z) RNAi,0.4616832726877982,-0.7754537872224019,-16.958632506735988,100,2000
1178,32.476704929101956,198.98041863605673,282.3328831870358,1955.0,1.5580916481406786,26868.080351114113,Ezi_3,E(z) RNAi,0.4749044847994843,-0.7426503247996183,-19.070189404727007,100,2000
1179,30.259550561797752,208.78202247191012,718.1910112359551,1146.0,1.4881895968987642,21855.45168539326,Ezi_3,E(z) RNAi,-0.5911975085925771,-0.6966261582270453,-21.867188638232715,100,2000
1180,32.10372881355932,208.29220338983052,363.25966101694917,1998.0,1.555284186121313,22878.817627118646,Ezi_3,E(z) RNAi,0.2774544120650515,-0.7181218616936813,-19.57609158270849,100,2000
1181,31.7521613832853,222.92867435158502,264.61167146974066,2157.0,1.7113951459721126,34495.312680115276,Ezi_3,E(z) RNAi,0.5198633039930267,-0.6925875549694409,-19.85325604995118,100,2000
1182,35.54898336414048,232.72227356746765,262.31654343807764,2715.0,1.5544452107632798,33843.85120147874,Ezi_3,E(z) RNAi,0.5261176982791869,-0.6717992139785118,-16.08660593161037,100,2000
1183,33.27754108338405,247.72185027388923,320.5295191722459,2207.0,1.3947600138215868,41939.500304321366,Ezi_3,E(z) RNAi,0.38464103311225495,-0.6364601518672359,-18.481647153748547,100,2000
1184,33.204391891891895,250.3778153153153,276.5934684684685,2266.0,1.3994145389208927,31384.145833333332,Ezi_3,E(z) RNAi,0.49234982817825945,-0.6333278115935093,-18.50863254705616,100,2000
1185,33.66901408450704,274.24178403755866,229.12089201877933,1264.0,1.3100814263963494,27598.5117370892,Ezi_3,E(z) RNAi,0.6101157393751204,-0.5851515775431171,-18.064932353995424,100,2000
1186,32.66451612903226,283.44239631336404,301.39539170506913,1377.0,1.5931974861003952,21344.873732718894,Ezi_3,E(z) RNAi,0.4338364412828666,-0.5613637335661701,-19.191122669654757,100,2000
1187,34.55299105040038,297.6325953838907,262.11163447951014,3257.0,1.577216522166614,28886.316062176167,Ezi_3,E(z) RNAi,0.5309162925156612,-0.5333424563333033,-17.301229703644985,100,2000
1188,32.714535901926446,306.62084063047286,220.31173380035025,1567.0,1.4540378513277545,30232.539404553416,Ezi_3,E(z) RNAi,0.6338208386085693,-0.5165908715804046,-19.117543676138204,100,2000
1189,35.81924971580144,320.4304660856385,244.6339522546419,3561.0,1.5738850558255653,38415.47442212959,Ezi_3,E(z) RNAi,0.5751973024395751,-0.4857053418769449,-16.089933137950155,100,2000
1190,34.32116004296456,321.1960257787325,313.09613319011817,2351.0,1.6908042996271226,25826.72126745435,Ezi_3,E(z) RNAi,0.4076919728605053,-0.48013572829139295,-17.67648397906501,100,2000
1191,36.74100475220638,325.29531568228106,183.18024439918534,3731.0,1.4529669787708488,50735.444670739984,Ezi_3,E(z) RNAi,0.7259236207866877,-0.47886347895032255,-15.107492925570604,100,2000
1192,32.08451612903226,344.0916129032258,327.6309677419355,1868.0,1.452871467952882,31268.10322580645,Ezi_3,E(z) RNAi,0.37363922899895874,-0.43046987099534706,-20.008558130340564,100,2000
1193,32.20578778135048,341.9662379421222,225.92202572347267,1723.0,1.4478499753135925,40218.50723472669,Ezi_3,E(z) RNAi,0.6224295066615764,-0.44086733507770803,-19.752521029802487,100,2000
1194,32.677947598253276,351.71233624454146,285.9072052401747,2270.0,1.3940502060791033,41274.56386462882,Ezi_3,E(z) RNAi,0.4762600327647144,-0.4166136145611109,-19.388485096218044,100,2000
1195,32.4076317383404,357.6856450635978,446.9903089036947,2162.0,1.5101270927062358,23365.311932162327,Ezi_3,E(z) RNAi,0.08240730530644425,-0.39458496550567523,-19.881029525689467,100,2000
1196,31.788844621513945,369.34395750332004,293.87450199203187,1975.0,1.5871302820832474,44187.070385126164,Ezi_3,E(z) RNAi,0.4579291638374856,-0.3785464583498709,-20.34703623046793,100,2000
1197,33.97038327526133,373.16085946573753,161.5040650406504,2135.0,1.3904737241811322,58147.875725900114,Ezi_3,E(z) RNAi,0.7821502812075978,-0.378019891300442,-18.0123180500852,100,2000
1198,32.355932203389834,373.17576898932833,191.75392341494037,1977.0,1.4995776753661942,55405.06716886378,Ezi_3,E(z) RNAi,0.7081197540873854,-0.37625571016996995,-19.664758894457822,100,2000
1199,34.14722083124687,377.68703054581874,147.63495242864298,2350.0,1.1978933061615824,55269.2513770656,Ezi_3,E(z) RNAi,0.816393675308082,-0.36916238945104796,-17.833345610781976,100,2000
1200,32.13203463203463,376.78679653679654,177.12554112554113,1223.0,1.3955823121054551,47819.06277056277,Ezi_3,E(z) RNAi,0.7441620485057003,-0.36939720987567093,-19.882480338268515,100,2000
1201,32.38013442867812,384.96415235250186,204.075429424944,1652.0,1.2876153984013605,55254.945481702765,Ezi_3,E(z) RNAi,0.6787428488240237,-0.3503964834776604,-19.695768347799575,100,2000
1202,32.653313550939664,403.57220573689415,365.9767556874382,2386.0,1.5563732247926618,39015.992581602375,Ezi_3,E(z) RNAi,0.28372185708299447,-0.30136249855043573,-19.688455553382216,100,2000
1203,32.96809085992428,417.80421849648457,287.30935640886963,2304.0,1.3556612749872696,53518.215792320174,Ezi_3,E(z) RNAi,0.47719987540522735,-0.2755341828408059,-19.322982292471664,100,2000
1204,32.9547697368421,421.25082236842104,186.8659539473684,1557.0,1.519642549871706,52065.13815789474,Ezi_3,E(z) RNAi,0.723261768917308,-0.2739727308346749,-19.22191498167024,100,2000
1205,31.29700272479564,435.76294277929156,122.11989100817439,503.0,1.3847142168689957,28753.237057220707,Ezi_3,E(z) RNAi,0.8826916564806868,-0.24675852615629923,-20.847382876580536,100,2000
1206,33.532218091697644,441.23915737298637,146.69516728624535,1953.0,1.3055876035502538,55683.97211895911,Ezi_3,E(z) RNAi,0.8228999304513376,-0.23364272600785663,-18.661480139332994,100,2000
1207,33.36527828971618,438.2458532989311,365.32878732030963,3101.0,1.3944912309864064,53547.11094729082,Ezi_3,E(z) RNAi,0.2875996141880428,-0.22742399283936254,-19.092611332360473,100,2000
1208,32.479370249728554,474.34581976112923,330.57817589576547,2218.0,1.4211686281123483,41659.5108577633,Ezi_3,E(z) RNAi,0.3750420292919443,-0.1524205187497537,-20.056656022902963,100,2000
1209,33.10349854227405,490.7594752186589,133.5466472303207,2004.0,1.482954371703301,56610.33381924198,Ezi_3,E(z) RNAi,0.8583580684002907,-0.12876024816649823,-19.240697207053948,100,2000
1210,37.05750130684788,525.1829587036069,302.33298484056456,2945.0,1.5823595992292754,58496.88970203868,Ezi_3,E(z) RNAi,0.4475219208009835,-0.04556285417182271,-15.614556046105058,100,2000
1211,32.01925192519252,536.0588558855885,149.01540154015402,2165.0,1.4765209241409658,56548.008250825085,Ezi_3,E(z) RNAi,0.8234984463556416,-0.03123725316925774,-20.497104756186467,100,2000
1212,33.623382624768944,538.8428835489833,311.5512939001848,2606.0,1.4393038473896376,56001.49584103512,Ezi_3,E(z) RNAi,0.42587370930076984,-0.01591504259106913,-19.106282245436056,100,2000
1213,32.26119402985075,545.9941956882255,228.1865671641791,1611.0,1.3591167372356976,61431.44527363184,Ezi_3,E(z) RNAi,0.6303847116002641,-0.005475289283082496,-20.387992986469595,100,2000
1214,33.48111455108359,545.1653250773994,181.10588235294117,2052.0,1.4617960504731533,59787.10650154799,Ezi_3,E(z) RNAi,0.7455557284111902,-0.009949202450563965,-19.106220139804133,100,2000
1215,31.903311258278144,556.1072847682119,194.9615894039735,1024.0,1.3728457038226896,49332.961589403974,Ezi_3,E(z) RNAi,0.7123724523504875,0.014181130261334607,-20.7382951053645,100,2000
1216,34.03632103104862,564.7065026362038,153.10251903925015,2131.0,1.4507194447451222,59738.3690685413,Ezi_3,E(z) RNAi,0.815384770300031,0.03012823462596126,-18.58178372843927,100,2000
1217,34.86267281105991,558.0493087557604,231.21751152073733,2659.0,1.2604914094447945,61214.8801843318,Ezi_3,E(z) RNAi,0.6237566350017725,0.020436027941554746,-17.83098658142211,100,2000
1218,31.348684210526315,576.172932330827,312.40507518796994,1483.0,1.5971050390683612,52997.34586466166,Ezi_3,E(z) RNAi,0.4262601976157874,0.06375535410777555,-21.50792395953428,100,2000
1219,31.52462245567958,594.5114904793171,298.247537754432,1859.0,1.5370892857294602,41112.85357846356,Ezi_3,E(z) RNAi,0.46212329065073643,0.10206274264563198,-21.376068047140162,100,2000
1220,32.87846889952153,592.622009569378,139.70622009569377,1332.0,1.4410015320937324,53934.692822966506,Ezi_3,E(z) RNAi,0.8500221188974266,0.08890071292973833,-19.81696060426547,100,2000
1221,31.87759815242494,607.4072363356428,117.0554272517321,1549.0,1.378327789859321,53386.110854503466,Ezi_3,E(z) RNAi,0.906440611749642,0.11912939216325946,-20.83926807319947,100,2000
1222,32.35947712418301,622.7559912854031,297.74074074074076,596.0,1.3873638329993792,43912.9477124183,Ezi_3,E(z) RNAi,0.4652298523906109,0.16229472254345256,-20.635830995144,100,2000
1223,31.804587155963304,625.3889908256881,174.28899082568807,1615.0,1.4473090970211908,60971.33027522936,Ezi_3,E(z) RNAi,0.7675520752244303,0.16078995994657563,-21.044720222067554,100,2000
1224,33.60940919037199,633.4201312910285,158.2582056892779,2655.0,1.4696102311514534,61229.74179431072,Ezi_3,E(z) RNAi,0.8073133742901699,0.1770119495235969,-19.24688161187411,100,2000
1225,32.49549180327869,657.7754098360656,155.01844262295083,3130.0,1.3836628289846555,59591.03975409836,Ezi_3,E(z) RNAi,0.8168570839163118,0.22877516002227072,-20.438859861675276,100,2000
1226,33.066172276098115,657.4803194523673,263.6970907016543,2326.0,1.5553379828053167,35245.393040502,Ezi_3,E(z) RNAi,0.5508464469138676,0.23441582573084863,-20.003530700416714,100,2000
1227,33.658597662771285,688.9115191986645,176.79966611018364,1549.0,1.397102334232303,45019.971619365606,Ezi_3,E(z) RNAi,0.7656043877042344,0.2964633630796385,-19.408086445759146,100,2000
1228,33.1104707012488,729.8669548511047,200.9591738712776,2568.0,1.523934295238692,40484.02017291066,Ezi_3,E(z) RNAi,0.7091853594437525,0.38522422035065773,-20.12463184493668,100,2000
1229,31.68984962406015,728.1817042606516,259.43859649122805,2438.0,1.6634653032762636,30860.890350877195,Ezi_3,E(z) RNAi,0.5659503350699269,0.3849904119424439,-21.612925939563166,100,2000
1230,33.52875399361022,733.6517571884984,250.94249201277955,1102.0,1.5046452999667226,24881.769968051118,Ezi_3,E(z) RNAi,0.5871010774131407,0.3961834022302331,-19.781821172062504,100,2000
1231,32.657200811359026,741.0615280594997,187.38674780256932,2096.0,1.4487483721762335,36748.10412440838,Ezi_3,E(z) RNAi,0.7431455703363334,0.4083202208426788,-20.598622617036977,100,2000
1232,33.15487132352941,738.2881433823529,416.2725183823529,2616.0,1.4825121905790042,36932.409007352944,Ezi_3,E(z) RNAi,0.18276591393790165,0.4156040510585577,-20.37875125514711,100,2000
1233,33.12713675213675,744.8050213675214,641.9097222222222,2539.0,1.4187302936705206,24919.81891025641,Ezi_3,E(z) RNAi,-0.3690468119771564,0.4425160542097266,-20.711535339713706,100,2000
1234,32.417142857142856,743.5607142857143,205.5092857142857,1919.0,1.4155326056967399,32712.65642857143,Ezi_3,E(z) RNAi,0.6989569303612257,0.4146949761630827,-20.869842562510815,100,2000
1235,32.18181818181818,746.4419191919192,263.44191919191917,1223.0,1.5265497443132898,23976.52525252525,Ezi_3,E(z) RNAi,0.5573588910144529,0.4241800585919391,-21.18756126356276,100,2000
1236,32.24467245461721,755.8295185477506,678.4206787687451,2024.0,1.3554097031510743,25030.608524072613,Ezi_3,E(z) RNAi,-0.45767501773099806,0.46813374605856684,-21.676976280894856,100,2000
1237,32.728821362799266,773.0386740331492,706.585635359116,2869.0,1.5015273403165936,34565.374769797425,Ezi_3,E(z) RNAi,-0.5254712392140529,0.5064741472750247,-21.286198715349887,100,2000
1238,35.52467811158798,758.9924892703863,707.5831545064377,3366.0,1.5834250976983224,26652.87178111588,Ezi_3,E(z) RNAi,-0.5288498623751998,0.47658668430069073,-18.44424400795002,100,2000
1239,32.562838244137104,779.7510523150933,199.36380036079373,2047.0,1.3726875452526954,33126.396873120866,Ezi_3,E(z) RNAi,0.7163917358383955,0.4915480156004528,-20.838481806798804,100,2000
1240,32.11512027491409,790.2457044673539,214.94329896907217,811.0,1.5599070193739129,24754.017182130585,Ezi_3,E(z) RNAi,0.6789566935870852,0.5148316889861426,-21.341132904978018,100,2000
1241,34.07459459459459,798.9816216216216,686.3335135135135,2323.0,1.3539719277232825,34095.21027027027,Ezi_3,E(z) RNAi,-0.4741919854530112,0.5606613940939884,-20.00251346700532,100,2000
1242,34.979538528515455,808.9625598606879,344.9764910753156,3374.0,1.444401606641785,31779.14192424902,Ezi_3,E(z) RNAi,0.3619323396029466,0.5622792051275829,-18.702984510882274,100,2000
1243,33.277056277056275,808.1583178726036,408.0816326530612,1956.0,1.2533131463234897,31229.750154607296,Ezi_3,E(z) RNAi,0.207435019092159,0.5641895432354169,-20.48191214532646,100,2000
1244,33.160264105642256,819.5528211284513,279.25210084033614,2057.0,1.4310062796277032,47612.991596638654,Ezi_3,E(z) RNAi,0.5234976727080083,0.5810691687180685,-20.475505852733264,100,2000
1245,31.54913728432108,819.642910727682,398.63015753938487,1750.0,1.7294168940164374,26929.412603150788,Ezi_3,E(z) RNAi,0.23133207561729563,0.588132592249681,-22.23669173011142,100,2000
1246,34.53904761904762,827.5628571428572,690.832380952381,2410.0,1.2596684072352533,50196.469047619044,Ezi_3,E(z) RNAi,-0.4833133864000476,0.6218976620555021,-19.64009107471667,100,2000
1247,31.531061022539856,843.497526113249,468.9906542056075,2140.0,1.4743648797363602,41017.545904343046,Ezi_3,E(z) RNAi,0.060703923791794345,0.6430792254302766,-22.423482745354434,100,2000
1248,35.85337039610841,835.7533009034051,388.79082696316885,2010.0,1.329538110370353,22247.400972897845,Ezi_3,E(z) RNAi,0.2564672540364479,0.6219655120322651,-17.97447109933718,100,2000
1249,29.862745098039216,846.2461873638345,245.2549019607843,781.0,1.9323673863450048,21879.479302832246,Ezi_3,E(z) RNAi,0.6084806791521542,0.6360310779655971,-23.820369520718955,100,2000
1250,33.63559742191374,866.9048091224591,385.3024293505206,2429.0,1.34228174949594,46667.562221120475,Ezi_3,E(z) RNAi,0.2670722518812396,0.6882050369214294,-20.292904571566304,100,2000
1251,32.405166553365056,873.242692046227,357.8103331067301,1797.0,1.3794578511116986,35544.20326308633,Ezi_3,E(z) RNAi,0.3347815740054443,0.7001318551179685,-21.510210317567395,100,2000
1252,34.7877620881472,891.3166452717159,660.4458707744972,2739.0,1.15945585713362,47314.205819426614,Ezi_3,E(z) RNAi,-0.4047257966490404,0.7561560143671959,-19.56825166785451,100,2000
1253,33.220567375886525,888.0248226950355,462.09290780141845,1753.0,1.4404619287458773,30805.873758865248,Ezi_3,E(z) RNAi,0.08052702678792256,0.7376856804102625,-20.87549172280479,100,2000
1254,32.685793871866295,927.8930362116992,459.56880222841227,2207.0,1.4673776689190905,34662.81615598886,Ezi_3,E(z) RNAi,0.08934380860338087,0.8225887320296668,-21.54154143377131,100,2000
1255,33.03041825095057,935.2401774397972,472.80735107731306,2014.0,1.7675878366871447,33273.39163498099,Ezi_3,E(z) RNAi,0.057427723793137986,0.8390284796081411,-21.23830422617956,100,2000
1256,34.096,101.136,409.888,1495.0,1.4188479931176137,33072.2312,Ezi_3,E(z) RNAi,0.15623743331490192,-0.9440196045354785,-17.280971460063625,100,2000
1257,36.308973670069854,143.15529285330467,319.81622783449757,2564.0,1.3998305725173295,36050.815690488984,Ezi_3,E(z) RNAi,0.3794604038429794,-0.8595553072211873,-15.096712918941243,100,2000
1258,32.76081424936387,146.66030534351145,402.1374045801527,1065.0,1.416370925891597,23392.701017811705,Ezi_3,E(z) RNAi,0.17822244375638974,-0.8473573420929323,-18.75994520151198,100,2000
1259,32.72669826224329,146.57661927330173,353.38388625592415,940.0,1.6467836548126416,26825.89889415482,Ezi_3,E(z) RNAi,0.29754056711935273,-0.8503470855329883,-18.732615054999485,100,2000
1260,35.21752738654147,147.10485133020345,250.26864893062077,2475.0,1.4765144414145464,33922.99530516432,Ezi_3,E(z) RNAi,0.5499415396353533,-0.8551473663714837,-16.114220226647276,100,2000
1261,35.544056525353284,162.98420615128845,256.1213632585204,3228.0,1.3811891111234826,39827.407730673316,Ezi_3,E(z) RNAi,0.5366666965775213,-0.8209314771396654,-15.848585154633305,100,2000
1262,31.662650602409638,168.6867469879518,438.1780455153949,1032.0,1.8120987126649024,15605.876840696117,Ezi_3,E(z) RNAi,0.09147379442115833,-0.7982974422737339,-19.97759556231677,100,2000
1263,35.03632148377125,192.6595826893354,335.1468315301391,3432.0,1.3961537351469997,23134.26429675425,Ezi_3,E(z) RNAi,0.34521762249306964,-0.7530711441386928,-16.55553157981491,100,2000
1264,31.937369519832984,205.08977035490605,398.54592901878914,1156.0,1.666441573514124,20686.944676409184,Ezi_3,E(z) RNAi,0.19088037018558013,-0.722920462116077,-19.775918707592503,100,2000
1265,33.605980066445184,207.79136212624584,304.89169435215945,1982.0,1.63823308935997,39065.58139534884,Ezi_3,E(z) RNAi,0.4202717926826056,-0.7225447119243908,-17.998935581107048,100,2000
1266,33.03030303030303,210.55916305916307,321.6890331890332,1719.0,1.4922866645181037,34598.50144300144,Ezi_3,E(z) RNAi,0.3793452854192876,-0.7156757553518963,-18.605015748882472,100,2000
1267,35.94739756367663,211.2702104097453,289.95847176079735,2349.0,1.4965941359101387,36584.25415282392,Ezi_3,E(z) RNAi,0.45704413048581505,-0.7159671300067496,-15.650530380687407,100,2000
1268,31.001538461538463,218.36153846153846,737.8,1014.0,1.6150992663582575,19941.213846153845,Ezi_3,E(z) RNAi,-0.6385586022198197,-0.6750538097540402,-21.182110679249,100,2000
1269,36.5242206235012,260.94916067146283,225.6916067146283,2881.0,1.4161576727255167,43840.66043165467,Ezi_3,E(z) RNAi,0.6176213430248687,-0.6136862410305465,-15.16061580601729,100,2000
1270,31.329044117647058,273.19117647058823,662.6580882352941,1048.0,1.8933267330134786,20849.415441176472,Ezi_3,E(z) RNAi,-0.4510234011534128,-0.5624135811854314,-20.945238107563902,100,2000
1271,32.646242774566474,282.60578034682084,260.4,1082.0,1.4678024134730914,21836.492485549134,Ezi_3,E(z) RNAi,0.5341168005231556,-0.5655123100121597,-19.15514386566102,100,2000
1272,34.167088607594934,290.9493670886076,386.27443037974683,2504.0,1.5045690515194787,32262.99848101266,Ezi_3,E(z) RNAi,0.22658852390465856,-0.540444050023186,-17.820360385187875,100,2000
1273,32.06255012028869,299.3231756214916,249.8147554129912,1728.0,1.5014225897963125,28406.47313552526,Ezi_3,E(z) RNAi,0.561131668519095,-0.5304629671344503,-19.78192855868587,100,2000
1274,31.57284299858557,304.16973125884016,187.63083451202263,928.0,1.4200852200771383,27980.88684582744,Ezi_3,E(z) RNAi,0.7136479819575277,-0.523712489584574,-20.20996358741058,100,2000
1275,35.69006957621758,314.6255534471853,230.29917773561039,2286.0,1.498114985662556,33482.26691967109,Ezi_3,E(z) RNAi,0.6098977995796961,-0.4989166301180239,-16.181553038756164,100,2000
1276,36.39482333607231,335.65735414954804,253.26417419884962,3515.0,1.2105166737946955,25004.27732128184,Ezi_3,E(z) RNAi,0.5550806737431793,-0.4527194348216096,-15.576539424796508,100,2000
1277,34.154059040590404,364.5654981549815,101.82287822878229,1403.0,1.3024498883673763,36260.60977859778,Ezi_3,E(z) RNAi,0.9276499985742048,-0.3997964052663222,-17.72478461364131,100,2000
1278,33.57020364415863,383.9657020364416,291.7256162915327,1217.0,1.4691241626315155,26150.49088960343,Ezi_3,E(z) RNAi,0.46415078458699877,-0.3474642537473922,-18.612301290283117,100,2000
1279,31.721784776902886,401.31889763779526,116.26902887139107,938.0,1.5618363064285972,26692.880577427823,Ezi_3,E(z) RNAi,0.8947316501860767,-0.32057365231265145,-20.29910884133254,100,2000
1280,34.04692999608917,405.51271020727415,234.30739147438405,3137.0,1.464163524305317,55741.574892452096,Ezi_3,E(z) RNAi,0.6061052160670011,-0.30480422999489454,-18.13620629733697,100,2000
1281,32.64087152516905,430.1164537941398,238.0510894064613,1729.0,1.4494529865913675,43626.056348610065,Ezi_3,E(z) RNAi,0.5985742708201063,-0.25211043887509954,-19.62992272787465,100,2000
1282,32.57505773672055,440.657428791378,262.1193225558122,1710.0,1.4776150639913412,42322.375673595074,Ezi_3,E(z) RNAi,0.540365145167824,-0.22823573594198232,-19.761477867886814,100,2000
1283,33.1605049594229,463.0126239855726,186.54914337240757,1350.0,1.4792901369186577,47330.817853922454,Ezi_3,E(z) RNAi,0.7267993915389597,-0.18489736508832189,-19.15661560594349,100,2000
1284,32.74792243767313,468.0341643582641,149.11172668513387,1394.0,1.577304552860611,57846.19390581718,Ezi_3,E(z) RNAi,0.8187603345580616,-0.17634622451497017,-19.53916234324703,100,2000
1285,33.919544740973315,473.52394034536894,350.2908163265306,3035.0,1.4495593491800371,56063.82025117739,Ezi_3,E(z) RNAi,0.3267371406303454,-0.15302683728640065,-18.638449739456973,100,2000
1286,34.383293838862556,473.4158767772512,197.79265402843603,2056.0,1.5454993831291115,57501.83234597156,Ezi_3,E(z) RNAi,0.6999658166080631,-0.1620465373352935,-17.98302273423151,100,2000
1287,33.985014409221904,542.7533141210374,199.54870317002883,1994.0,1.2953918322892264,58283.81729106628,Ezi_3,E(z) RNAi,0.7002561739722228,-0.014027829841896877,-18.617327028324947,100,2000
1288,34.73118279569893,545.9596774193549,153.36827956989248,623.0,1.7613711204390075,59777.784946236556,Ezi_3,E(z) RNAi,0.8134921202410954,-0.009844752147089686,-17.82404056050867,100,2000
1289,33.03464755077658,545.442054958184,160.53046594982078,1164.0,1.5415875039997435,55102.17204301075,Ezi_3,E(z) RNAi,0.7959333546093963,-0.01054839734506019,-19.527804579394235,100,2000
1290,33.902411021814004,548.6291618828932,266.54936854190584,2521.0,1.4378298201052955,62066.78358208955,Ezi_3,E(z) RNAi,0.5366619323699122,0.002369787185754868,-18.803800461730827,100,2000
1291,32.37520938023451,565.9145728643216,189.51256281407035,905.0,1.4645991048855904,43942.103852596316,Ezi_3,E(z) RNAi,0.726356342831133,0.03479267025229893,-20.292636764258972,100,2000
1292,33.871696504688835,569.0332480818414,247.07075873827793,3298.0,1.5993024843581563,56353.46717817562,Ezi_3,E(z) RNAi,0.5856855132691654,0.04477535320506054,-18.878885938652537,100,2000
1293,32.86413043478261,576.3945652173913,270.91847826086956,2284.0,1.6968248623884232,58492.99945652174,Ezi_3,E(z) RNAi,0.52780841786726,0.061847206292616086,-19.941187961724545,100,2000
1294,33.8602383531961,590.9832069339111,246.65817984832069,2340.0,1.3655686527408233,60230.01679306609,Ezi_3,E(z) RNAi,0.5881474617420681,0.09157821519633025,-18.96384754995489,100,2000
1295,33.32241490044958,597.6191393705844,194.43416827231857,1930.0,1.37575936851497,61365.90944123314,Ezi_3,E(z) RNAi,0.7164055507935743,0.102719947885205,-19.458528054678116,100,2000
1296,33.256664127951254,596.8118811881188,108.75399847677076,1605.0,1.2834062937729993,50392.61614623001,Ezi_3,E(z) RNAi,0.9260533645240931,0.09605728186600482,-19.414066098656765,100,2000
1297,32.75815217391305,604.9800724637681,281.15579710144925,1312.0,1.500532949750462,52844.21648550725,Ezi_3,E(z) RNAi,0.5046441432431421,0.12341930211438612,-20.15640673893336,100,2000
1298,33.009486847779215,618.5636050021561,254.54549374730487,2897.0,1.5215566205221789,54823.352307028894,Ezi_3,E(z) RNAi,0.5706704178173321,0.15086516567123076,-19.91749705617857,100,2000
1299,33.638689048760995,617.4372501998402,197.73780975219825,1735.0,1.4411865415343446,60886.677058353314,Ezi_3,E(z) RNAi,0.7096301322354641,0.14519149876064308,-19.213232507962083,100,2000
1300,34.61893203883495,618.4490291262136,376.3616504854369,1306.0,1.7101238019333602,17647.17354368932,Ezi_3,E(z) RNAi,0.27251489428962694,0.15765594329761035,-18.460500298528984,100,2000
1301,33.27735644637053,621.0455037919827,148.67497291440952,1207.0,1.29776529561005,50301.201516793066,Ezi_3,E(z) RNAi,0.8299504862947258,0.1500577072035303,-19.52517901167523,100,2000
1302,33.528727272727274,631.1323636363636,202.36872727272728,1732.0,1.4465190339100666,60374.88872727273,Ezi_3,E(z) RNAi,0.6992023608654072,0.17467404117797813,-19.375186874406317,100,2000
1303,33.3,634.6343511450382,219.7969465648855,1613.0,1.4628139548477241,57392.68702290076,Ezi_3,E(z) RNAi,0.6567793657833736,0.18314816319754046,-19.63758686892717,100,2000
1304,33.153076923076924,640.8684615384616,299.28923076923076,1809.0,1.6552651549750066,33205.905384615384,Ezi_3,E(z) RNAi,0.4626359442339636,0.20102983389931683,-19.905259086849085,100,2000
1305,33.86027397260274,645.9280821917808,207.51780821917808,1840.0,1.3376353483932728,58205.76232876712,Ezi_3,E(z) RNAi,0.6875779468072589,0.20653763274131687,-19.09999721946932,100,2000
1306,33.04777704047777,649.8420703384207,123.39349701393498,1926.0,1.5846580155726282,58733.15859323159,Ezi_3,E(z) RNAi,0.893732286044779,0.2100312713877388,-19.82014979685367,100,2000
1307,37.663541387623894,654.1899276721135,137.23734261987678,5032.0,1.4091318475225838,61966.08893651219,Ezi_3,E(z) RNAi,0.8601241616493231,0.22013846151860306,-15.236445255447514,100,2000
1308,32.725746268656714,678.5764925373135,127.6464552238806,1502.0,1.8143820772919863,48848.84328358209,Ezi_3,E(z) RNAi,0.8852251182930282,0.2715744453254636,-20.244414191052215,100,2000
1309,34.271801400381925,707.5607893061745,279.6028007638447,1908.0,1.4966627760373938,24785.2126034373,Ezi_3,E(z) RNAi,0.5152271620982816,0.342180344225407,-18.98674862536375,100,2000
1310,35.70397842211733,728.0411328388402,235.72757923128793,1987.0,1.426771362425149,31445.80579905597,Ezi_3,E(z) RNAi,0.6239619926534521,0.3833525963395834,-17.56860243643169,100,2000
1311,33.45631067961165,749.9002647837599,475.0441306266549,2630.0,1.393846565042316,47304.43909973522,Ezi_3,E(z) RNAi,0.039690565036747394,0.44376742318980655,-20.190204926310084,100,2000
1312,32.865515114127085,756.6187538556446,158.01974090067858,2301.0,1.8583112253670175,27667.417026526837,Ezi_3,E(z) RNAi,0.8160495340999456,0.4398173889800072,-20.4059304276944,100,2000
1313,35.62861026163778,750.818212708121,175.58681617397212,3967.0,1.656381647556282,38060.63166836561,Ezi_3,E(z) RNAi,0.7726627482727015,0.42847579741778685,-17.645330954133897,100,2000
1314,35.59705698184095,761.7326236693801,277.47839699436446,6462.0,1.7997711717804699,33510.00532247965,Ezi_3,E(z) RNAi,0.5240066619652934,0.4576344490323767,-17.84151837347602,100,2000
1315,34.39429175475687,769.5142706131078,720.1448202959831,2365.0,1.3714417778746908,36814.364164904866,Ezi_3,E(z) RNAi,-0.5588950618776168,0.49974927468453445,-19.62586454108347,100,2000
1316,32.07383773928897,776.1923427529626,246.36918869644484,1712.0,1.6225411539265284,27039.557885141294,Ezi_3,E(z) RNAi,0.6011126574804935,0.4866626968342107,-21.374448810846214,100,2000
1317,33.90551611141453,796.99563080284,236.39541234298198,2214.0,1.4079814980412062,45492.11796832332,Ezi_3,E(z) RNAi,0.6268943966486147,0.5304814463708187,-19.600423953208097,100,2000
1318,33.904909881914236,858.4045991298943,281.52765692977005,1859.0,1.3809058284989548,32600.132380360472,Ezi_3,E(z) RNAi,0.5204964619520678,0.6640898468473362,-19.864738285668185,100,2000
1319,33.948249619482496,861.6722475900558,346.3013698630137,2456.0,1.4226195343895316,45635.27803145612,Ezi_3,E(z) RNAi,0.3621797474619073,0.6747958035840211,-19.91368004136942,100,2000
1320,34.17537313432836,886.0472636815921,382.93532338308455,2051.0,1.3695831993657355,36551.93345771144,Ezi_3,E(z) RNAi,0.27413057383857775,0.7289098507807958,-19.81471618050063,100,2000
1321,34.196768060836504,896.0237642585552,404.50665399239546,1482.0,1.4675669335943187,34741.64258555133,Ezi_3,E(z) RNAi,0.22199499063092865,0.7514370083162989,-19.854027123497758,100,2000
1322,35.265274949083505,891.1272912423625,600.5651731160896,2288.0,1.2261996291875348,46856.55855397149,Ezi_3,E(z) RNAi,-0.25818250303091195,0.7523030070823791,-19.01498004742967,100,2000
1323,33.87077426390403,906.0850599781897,487.28298800436204,2321.0,1.4428440333882036,46318.38331515813,Ezi_3,E(z) RNAi,0.020067606012415196,0.7776714140362373,-20.31779519826248,100,2000
1324,33.0,907.5948973242066,458.1580584940884,1867.0,1.5549399597371254,35355.39950217797,Ezi_3,E(z) RNAi,0.09145283381463165,0.7792068375020336,-21.157116736001424,100,2000
1325,34.86500794070937,904.1736368448915,418.16357861302276,2362.0,1.3542799936719139,39034.879301217574,Ezi_3,E(z) RNAi,0.18910712141163977,0.7696157288240855,-19.230408407941397,100,2000
1326,33.25416301489921,913.8098159509202,392.350569675723,2754.0,1.3561946421517643,36451.76555652936,Ezi_3,E(z) RNAi,0.2529261878155131,0.788672981639259,-20.84135498414762,100,2000
1327,32.54620123203286,919.965092402464,566.2320328542095,707.0,1.5683856385036063,15929.509240246407,Ezi_3,E(z) RNAi,-0.1722370632371104,0.8118245599695697,-21.78821232246271,100,2000
1328,32.87910922587487,922.2158006362672,444.7067868504772,2654.0,1.4176035880480147,27912.901908801698,Ezi_3,E(z) RNAi,0.12534224886509526,0.8096217669151029,-21.3104370399942,100,2000
1329,32.931423611111114,932.9704861111111,512.4791666666666,1462.0,1.5675574615977694,20696.10763888889,Ezi_3,E(z) RNAi,-0.03981837001612398,0.8364730802186868,-21.379414474286147,100,2000
1330,33.72055888223553,944.2165668662675,486.1616766467066,1462.0,1.4463698286330575,20971.1876247505,Ezi_3,E(z) RNAi,0.025335078757530605,0.8589531541462385,-20.595192511438153,100,2000
1331,35.727504244482176,121.46646859083192,433.0241935483871,3874.0,1.779234253416093,28941.098047538202,Ezi_3,E(z) RNAi,0.1009522683858377,-0.8993019843875202,-15.747063056061911,100,2000
1332,36.64268250087321,125.18302479916171,471.348934683898,4491.0,1.911871637945954,31315.704505763184,Ezi_3,E(z) RNAi,0.00739626272591809,-0.8891569785279171,-14.892504229681734,100,2000
1333,35.5777968281183,149.2477496785255,341.2768966995285,3343.0,1.6923442123663295,39764.18088298328,Ezi_3,E(z) RNAi,0.3273408514681013,-0.8453259859950089,-15.875353893498747,100,2000
1334,34.08733624454148,145.8231441048035,632.240174672489,868.0,1.7810133194632762,22544.855895196506,Ezi_3,E(z) RNAi,-0.3850100682544675,-0.8358666972361961,-17.719283971454097,100,2000
1335,33.840616966580974,189.02570694087404,320.3611825192802,1044.0,1.452366175800341,20038.78791773779,Ezi_3,E(z) RNAi,0.3811682939846057,-0.7616846176471985,-17.720424627508173,100,2000
1336,33.1129363449692,203.70020533880904,264.4702258726899,751.0,1.7922414968460336,21213.088295687885,Ezi_3,E(z) RNAi,0.518933525258988,-0.7336066911268001,-18.427468903491764,100,2000
1337,33.75234270414993,219.99062918340027,343.52208835341366,1112.0,1.627597556424239,19018.08032128514,Ezi_3,E(z) RNAi,0.32653108232564,-0.6942911603641422,-17.942176824247376,100,2000
1338,35.36898395721925,226.61697860962568,739.2780748663101,2771.0,1.9195063972095943,22666.52807486631,Ezi_3,E(z) RNAi,-0.6416424540822762,-0.6573251888595573,-16.84438732553466,100,2000
1339,33.795306388526726,225.73011734028682,188.14993481095175,949.0,1.238295701019955,29128.402868318124,Ezi_3,E(z) RNAi,0.7071818644797827,-0.6910048046803074,-17.723646453650154,100,2000
1340,34.301690507152145,243.26918075422626,248.9265279583875,1892.0,1.370058212330067,36522.97984395319,Ezi_3,E(z) RNAi,0.5595908753026149,-0.6500801581950211,-17.352659271031087,100,2000
1341,35.37020905923345,259.05923344947735,291.26480836236937,2912.0,1.474221202251458,37235.61280487805,Ezi_3,E(z) RNAi,0.45701009261745007,-0.6139457534680404,-16.390511385912255,100,2000
1342,32.74536256323778,269.0573355817875,177.1214165261383,807.0,1.4903041876310903,24462.089376053962,Ezi_3,E(z) RNAi,0.7370433818306035,-0.5992165981596866,-18.90585863411648,100,2000
1343,34.93046919163369,265.89315997738834,318.215941209723,2257.0,1.4704685534890878,41536.08253250424,Ezi_3,E(z) RNAi,0.3915009287675655,-0.5978159454754421,-16.88710576557174,100,2000
1344,35.747119078104994,276.6357234314981,333.151728553137,1983.0,1.4316962795343064,23213.679257362357,Ezi_3,E(z) RNAi,0.355654161736513,-0.5740313195164537,-16.125425648003095,100,2000
1345,34.788079470198674,286.9216335540839,238.45474613686534,2479.0,1.4948899604666448,37585.88024282561,Ezi_3,E(z) RNAi,0.5881069296897277,-0.5575548522260865,-17.00034383933648,100,2000
1346,34.733001658374796,299.3029297954671,325.216141514649,2053.0,1.3632717618318178,38921.80983969044,Ezi_3,E(z) RNAi,0.37657887437256,-0.5261393618230372,-17.206020801850116,100,2000
1347,35.976659751037346,316.1374481327801,170.19035269709545,2527.0,1.5241377703382268,44811.45902489626,Ezi_3,E(z) RNAi,0.7571125242808052,-0.49915483526792426,-15.824653737393945,100,2000
1348,33.678842177808406,315.62991040661615,367.512749827705,1860.0,1.4758059292186307,26086.722260509992,Ezi_3,E(z) RNAi,0.27414164902263694,-0.4888773343731664,-18.36829559405492,100,2000
1349,34.27304147465438,352.11866359447004,164.96774193548387,1097.0,1.385752634369623,37109.97235023041,Ezi_3,E(z) RNAi,0.7722800378645578,-0.42270815376114657,-17.643047248918855,100,2000
1350,33.62731481481482,360.4791666666667,198.77006172839506,1625.0,1.3615958199179314,51574.79783950617,Ezi_3,E(z) RNAi,0.6901042682570764,-0.40292811872418477,-18.359370265048796,100,2000
1351,36.563235294117646,374.9294117647059,110.42573529411764,1900.0,1.4354192338945917,35800.29338235294,Ezi_3,E(z) RNAi,0.9072734061462735,-0.3771731316518526,-15.361366554568953,100,2000
1352,35.256281407035175,391.52032891731386,390.1521242576519,3149.0,1.8415398243751033,25286.247601644587,Ezi_3,E(z) RNAi,0.2237482535163886,-0.32566046832721973,-17.075191589014757,100,2000
1353,34.80345211581292,387.2271714922049,233.42706013363028,2195.0,1.6118102435263721,42716.104120267264,Ezi_3,E(z) RNAi,0.6070479516063918,-0.3438587674162469,-17.316920926019826,100,2000
1354,33.11398176291793,389.68844984802433,108.22188449848025,905.0,1.696676624450277,24999.449848024316,Ezi_3,E(z) RNAi,0.913653529796862,-0.34583921091749126,-18.857604344303557,100,2000
1355,34.40489130434783,387.20652173913044,169.02445652173913,1379.0,1.311252005544327,49025.61956521739,Ezi_3,E(z) RNAi,0.7646722030246214,-0.3476189550739933,-17.634613268323555,100,2000
1356,34.135101789019124,396.1727328809377,178.40037014188772,1985.0,1.2858364754797105,57846.94818013572,Ezi_3,E(z) RNAi,0.7423187262331525,-0.3279523516006144,-17.946400047973434,100,2000
1357,34.24187107815174,392.4934398174558,342.8305761551626,2124.0,1.5834087208321175,39041.551055333715,Ezi_3,E(z) RNAi,0.33963435494381833,-0.32632026490829513,-18.033509718414507,100,2000
1358,35.05843157355203,397.0,194.82265504869298,2305.0,1.3838860037420593,57402.99077396207,Ezi_3,E(z) RNAi,0.7021775108657369,-0.3252339458467316,-17.046468575258736,100,2000
1359,34.65967365967366,406.4918414918415,170.51048951048952,728.0,1.26484819408282,35449.93939393939,Ezi_3,E(z) RNAi,0.7623102835845303,-0.3063892729626272,-17.446732122694556,100,2000
1360,33.94885745375408,418.8715995647443,143.2372143634385,1368.0,1.6432827979923508,34883.008705114255,Ezi_3,E(z) RNAi,0.8298822744751346,-0.2815566863356328,-18.165075911142786,100,2000
1361,35.20485919381557,428.337382661513,256.55935946990616,2387.0,1.482831262950288,47956.53340695748,Ezi_3,E(z) RNAi,0.5531505374822496,-0.2548200468271212,-17.0831716927296,100,2000
1362,34.28354263053536,466.8189028420357,116.73165895571712,1784.0,1.3982128989879525,53025.1493721084,Ezi_3,E(z) RNAi,0.897925332901645,-0.1807945585712628,-17.95883150646256,100,2000
1363,34.43292682926829,457.3475609756098,293.0939024390244,2192.0,1.5485491307888113,44119.453658536586,Ezi_3,E(z) RNAi,0.46565416112086044,-0.19083061236880694,-17.998763536137282,100,2000
1364,34.82613768961494,491.6690003889537,329.78374173473355,3295.0,1.5646092375017777,56812.357448463634,Ezi_3,E(z) RNAi,0.3781257564931009,-0.11549302976602005,-17.767325517233097,100,2000
1365,34.71563342318059,485.63746630727763,159.58153638814017,1887.0,1.6793151696653261,58001.09770889488,Ezi_3,E(z) RNAi,0.7942945917140913,-0.1381744372587158,-17.643962033612333,100,2000
1366,35.62714285714286,499.87285714285713,340.4092857142857,1824.0,1.4268355926223921,48585.72142857143,Ezi_3,E(z) RNAi,0.3526603428881978,-0.09737295716586003,-17.007321405476127,100,2000
1367,34.82098121085595,529.6236951983299,284.5339248434238,2722.0,1.9769616396867125,60574.05375782881,Ezi_3,E(z) RNAi,0.491385026601874,-0.03713173782594892,-17.843707215240535,100,2000
1368,33.89647577092511,540.4697136563876,330.33810572687224,2292.0,1.501425944447586,57630.49779735683,Ezi_3,E(z) RNAi,0.38000009482458363,-0.011359291128184346,-18.8622459584328,100,2000
1369,34.896285576459235,544.0110950313555,351.49445248432227,2605.0,1.703165307377554,48825.481427882296,Ezi_3,E(z) RNAi,0.3284516672841189,-0.002577249977577134,-17.900926794114078,100,2000
1370,34.12066115702479,546.8595041322315,129.8198347107438,1527.0,1.4534420166623758,48970.75619834711,Ezi_3,E(z) RNAi,0.8711878816164405,-0.009287276403783684,-18.408050014477453,100,2000
1371,34.857075913776946,565.0107778819118,217.3626991565136,2607.0,1.2866875344595932,57608.37628865979,Ezi_3,E(z) RNAi,0.6581266599555797,0.034488348237751154,-17.842677831493567,100,2000
1372,34.10084033613445,567.5313510019392,118.23529411764706,1832.0,1.359540681611064,49697.3839689722,Ezi_3,E(z) RNAi,0.9009085202908524,0.03414473902674042,-18.483048326718382,100,2000
1373,34.61361502347418,565.718779342723,324.8056338028169,2746.0,1.462972290689103,58876.05915492958,Ezi_3,E(z) RNAi,0.39520909385427294,0.04219178714639149,-18.223317193834,100,2000
1374,33.67395626242545,573.3936381709741,203.04771371769382,682.0,1.461181573885465,47173.40159045726,Ezi_3,E(z) RNAi,0.693720339457178,0.051537891076346654,-19.036100214901186,100,2000
1375,34.42305658381809,583.1263881544156,113.00211528291909,2202.0,1.2995582477684526,56010.46218931782,Ezi_3,E(z) RNAi,0.9147474503950581,0.06711487507113456,-18.20685952117566,100,2000
1376,33.97151424287856,591.968515742129,228.52998500749626,1612.0,1.4164548650345423,58856.7736131934,Ezi_3,E(z) RNAi,0.6325808360233312,0.0926358118111088,-18.833152388138807,100,2000
1377,35.39630931458699,597.3286467486819,276.2126537785589,1719.0,1.7369589124574785,60788.10017574693,Ezi_3,E(z) RNAi,0.5162287139836088,0.10683037207636792,-17.486262602462098,100,2000
1378,33.830121341898646,616.6352605281942,228.13490364025697,1951.0,1.4985491132691655,59560.54960742327,Ezi_3,E(z) RNAi,0.6351800628574187,0.14523456755918618,-19.057231588486474,100,2000
1379,34.92025862068966,619.7719827586207,110.91379310344827,3015.0,1.45522255625372,56862.205603448274,Ezi_3,E(z) RNAi,0.9222815223941561,0.14517560843123145,-17.830619549841664,100,2000
1380,34.5960028551035,617.0206995003568,312.67594575303355,2145.0,1.6031065288236759,33082.03426124197,Ezi_3,E(z) RNAi,0.42829034870679994,0.15093675889485536,-18.39871575650387,100,2000
1381,35.56689342403628,629.3274376417233,309.50612244897957,2830.0,1.5908414735411436,36595.572335600904,Ezi_3,E(z) RNAi,0.4368598549173719,0.17701551374861135,-17.465356386078717,100,2000
1382,35.53529772866789,632.2265193370166,140.04972375690608,2056.0,1.4851213006852841,61431.6642111725,Ezi_3,E(z) RNAi,0.8517939331711359,0.17342972346343521,-17.294136919571834,100,2000
1383,34.67628963558921,649.2901088499764,251.42404164694747,2622.0,1.4731003909731495,53677.73355418836,Ezi_3,E(z) RNAi,0.5803381437521777,0.2162473959909068,-18.350407034343256,100,2000
1384,34.521454545454546,652.84,190.30545454545455,1933.0,1.78009297786334,59113.944,Ezi_3,E(z) RNAi,0.7301603309964315,0.22029550380684748,-18.440536013497187,100,2000
1385,35.97036409822184,664.6625740897545,119.10795935647756,3129.0,1.3696760550910239,59249.865791701945,Ezi_3,E(z) RNAi,0.9051932326297059,0.24142259767226504,-16.942183942479723,100,2000
1386,33.87604290822408,671.5250297973778,196.30810488676997,2112.0,1.4409754063343234,52632.933253873656,Ezi_3,E(z) RNAi,0.7167069030594742,0.2604984348375148,-19.156485015000953,100,2000
1387,36.01310438319024,668.6037053773158,135.87980117487572,2597.0,1.254818645691174,58115.06100316313,Ezi_3,E(z) RNAi,0.8644049916276846,0.25079769095158744,-16.93377558884243,100,2000
1388,34.603474706182936,683.7649463464486,330.64026571282574,2485.0,1.470005654260071,35970.31272355646,Ezi_3,E(z) RNAi,0.3887384751322789,0.2943607714919012,-18.638860541785917,100,2000
1389,34.55151774262505,690.6139375801624,134.07054296707994,2954.0,1.5077871316526203,51887.671654553225,Ezi_3,E(z) RNAi,0.8702934100320752,0.29763807119382113,-18.4673073570022,100,2000
1390,34.82016210739615,707.6631205673759,415.403242147923,2353.0,1.4126095865632464,33649.00253292806,Ezi_3,E(z) RNAi,0.18286266626689418,0.35023243519243286,-18.609104929202235,100,2000
1391,35.10204081632653,705.8081632653061,211.12361516034986,2209.0,1.46785524592303,39363.69970845481,Ezi_3,E(z) RNAi,0.6827107110565658,0.33449914874384223,-18.064693733063848,100,2000
1392,34.3848295059151,711.6917188587335,243.51148225469728,1770.0,1.4184156331045912,34916.716075156575,Ezi_3,E(z) RNAi,0.6038331320046533,0.34891293969277126,-18.84237350646705,100,2000
1393,36.696360153256705,731.69061302682,429.7361111111111,2652.0,1.5744324406761159,32678.402298850575,Ezi_3,E(z) RNAi,0.14936740244496072,0.40233127343943664,-16.831927455208216,100,2000
1394,35.022904737116086,763.5158771473191,223.85476314419574,2285.0,1.4321892407471841,37009.035918792295,Ezi_3,E(z) RNAi,0.6553693738859765,0.4583428043122655,-18.354407007698562,100,2000
1395,33.8999227202473,771.2863214837713,595.25,2987.0,1.4313057319068947,35959.69938176198,Ezi_3,E(z) RNAi,-0.25309807398878326,0.49632505271331895,-19.96951947357295,100,2000
1396,34.74842105263158,771.1463157894736,287.14473684210526,2672.0,1.426617485607962,36453.07052631579,Ezi_3,E(z) RNAi,0.5009736230301327,0.47826822051146944,-18.734021199765422,100,2000
1397,35.115932642487046,782.7655440414508,299.5628238341969,2006.0,1.58145185196431,31780.23575129534,Ezi_3,E(z) RNAi,0.4713481688761587,0.5037746449968319,-18.42127424012623,100,2000
1398,34.64459930313589,777.5818815331011,218.73867595818814,1260.0,1.5133939108263108,23924.29268292683,Ezi_3,E(z) RNAi,0.668822562858457,0.4880526537595231,-18.773725938938632,100,2000
1399,33.682156133829,787.8973048327138,545.449814126394,2547.0,1.5488706994140824,26278.593866171002,Ezi_3,E(z) RNAi,-0.1301132607119132,0.5288890395228474,-20.180824533782523,100,2000
1400,33.7323600973236,823.6380778588808,259.9939172749392,1956.0,1.4876260242872983,37167.21472019465,Ezi_3,E(z) RNAi,0.5709004486614517,0.588678206572917,-19.89302979894722,100,2000
1401,33.854645814167434,849.9935602575897,675.3385464581416,1340.0,1.5435275833149056,34567.247470101196,Ezi_3,E(z) RNAi,-0.44390655261548484,0.668851690477865,-20.38069300034146,100,2000
1402,34.618316569613555,888.9798835362626,362.3049232398094,2240.0,1.3834231089983664,44445.35944944415,Ezi_3,E(z) RNAi,0.3248159441208054,0.7339798659544525,-19.355783333539193,100,2000
1403,34.81838905775076,914.1785714285714,376.0440729483283,1736.0,1.2744799428411844,29010.18237082067,Ezi_3,E(z) RNAi,0.2928560549061723,0.7885308511342564,-19.257925301809525,100,2000
1404,34.967045454545456,102.42954545454545,383.86306818181816,2194.0,1.7304922612732467,31754.31306818182,Ezi_3,E(z) RNAi,0.2200161907725533,-0.9427542127391355,-16.38164426061479,100,2000
1405,35.74922791846819,144.4626312538604,266.4904261890056,2092.0,1.4554113299056597,33064.05064854849,Ezi_3,E(z) RNAi,0.5100626496109726,-0.8598449640911426,-15.593963885545584,100,2000
1406,34.945205479452056,158.20319634703196,371.72907153729074,1931.0,1.6249633311613063,20892.00684931507,Ezi_3,E(z) RNAi,0.2534038374043466,-0.8244697964653922,-16.57634506987702,100,2000
1407,34.61276223776224,161.7972027972028,714.1547202797203,1470.0,1.3282109654602567,26417.732517482516,Ezi_3,E(z) RNAi,-0.5844394936887835,-0.7970618565426502,-17.35049603004437,100,2000
1408,35.402417962003454,159.55785837651123,281.29879101899826,2159.0,1.4407381402070998,36144.67818077144,Ezi_3,E(z) RNAi,0.4748190177143732,-0.8267904261678694,-16.01025456849129,100,2000
1409,35.41633064516129,177.74395161290323,370.79334677419354,1573.0,1.5654556875937071,23198.345766129034,Ezi_3,E(z) RNAi,0.25698541933567065,-0.7828332418376848,-16.169945696240802,100,2000
1410,35.65374449339207,172.7101321585903,330.336563876652,1729.0,1.574267226126763,23338.35859030837,Ezi_3,E(z) RNAi,0.35566914018813867,-0.7959029695420302,-15.864802962781475,100,2000
1411,35.221509971509974,180.0462962962963,698.5462962962963,2293.0,1.708996552327719,20918.094729344728,Ezi_3,E(z) RNAi,-0.5450325269305858,-0.7590258347714418,-16.783711522957795,100,2000
1412,34.80012040939193,180.87477423239014,304.7055990367249,2844.0,1.5763429094415322,32024.91149909693,Ezi_3,E(z) RNAi,0.4189431481666792,-0.7799690076172971,-16.713799565416913,100,2000
1413,40.141816143497756,196.2830717488789,543.0661434977578,2686.0,1.7118652996469368,26597.78419282511,Ezi_3,E(z) RNAi,-0.1634368410304743,-0.7333159777068436,-11.723134407302666,100,2000
1414,35.47315035799522,187.6014319809069,266.6968973747017,2073.0,1.4256554776619461,46931.25715990453,Ezi_3,E(z) RNAi,0.5124120168556252,-0.7678053210187331,-16.015774266383602,100,2000
1415,35.89273689273689,219.96440596440596,233.15728715728716,2489.0,1.3858960293572675,40087.857142857145,Ezi_3,E(z) RNAi,0.5966395792239181,-0.7006948150680523,-15.66324995509622,100,2000
1416,34.10934744268078,232.8783068783069,675.4876543209876,1966.0,1.5227506787891125,32396.867724867723,Ezi_3,E(z) RNAi,-0.4850984660984524,-0.647654739892871,-18.045102321880158,100,2000
1417,35.84735202492212,242.42367601246107,671.1619937694704,1105.0,1.6759161337061546,25334.76012461059,Ezi_3,E(z) RNAi,-0.47388493127533393,-0.6275279924126684,-16.333871773529317,100,2000
1418,35.752368919772586,254.50094756790904,198.09917877447884,1947.0,1.3935785041201,33199.66013897663,Ezi_3,E(z) RNAi,0.6847290351470687,-0.6290389700556243,-15.87610134743015,100,2000
1419,37.436265709156196,301.16217833632555,233.9904248952723,2121.0,1.3856416922812085,35678.96110113704,Ezi_3,E(z) RNAi,0.5999678598443197,-0.5274130778358402,-14.394596957854297,100,2000
1420,35.10353327855382,341.13147082990963,302.0657354149548,1502.0,1.426135949227002,39170.08381265407,Ezi_3,E(z) RNAi,0.43600535262240636,-0.4382369293603251,-16.94750528308351,100,2000
1421,34.87135135135135,345.4118918918919,313.0713513513513,1195.0,1.6595485199733029,35970.104864864865,Ezi_3,E(z) RNAi,0.4093530988867078,-0.4284724745351971,-17.207927522263034,100,2000
1422,34.872229465449806,360.6805736636245,304.2405475880052,2043.0,1.7819612848254072,34062.76988265971,Ezi_3,E(z) RNAi,0.4319764907244126,-0.3964083276347564,-17.24746081411663,100,2000
1423,36.61010362694301,366.03562176165804,118.55181347150258,1882.0,1.4793295758472587,40695.75971502591,Ezi_3,E(z) RNAi,0.886796425674863,-0.3956777498017835,-15.294700852576007,100,2000
1424,35.3125,404.1364247311828,267.2244623655914,1937.0,1.5723407412861496,51699.74932795699,Ezi_3,E(z) RNAi,0.5254464858118622,-0.3058332308756896,-16.90729937676076,100,2000
1425,36.24180100055587,412.17954419121736,250.16008893829905,2139.0,1.305839039422861,55637.52751528627,Ezi_3,E(z) RNAi,0.5677407634010498,-0.28965164130565835,-15.983719841842188,100,2000
1426,36.76829836829837,430.1216783216783,114.73799533799534,2489.0,1.37637592048881,55047.78554778555,Ezi_3,E(z) RNAi,0.9003699582259919,-0.25917912113293406,-15.34783784251642,100,2000
1427,35.77159590043924,440.71010248901905,294.96266471449485,1732.0,1.6594943926420513,41123.391654465595,Ezi_3,E(z) RNAi,0.45997590178756687,-0.2262064999688721,-16.60634162313147,100,2000
1428,35.817005545286506,449.9611829944547,380.0573012939002,2172.0,1.6762878801565004,50489.8280961183,Ezi_3,E(z) RNAi,0.25231984503548044,-0.20156419467126552,-16.698884823011213,100,2000
1429,35.720567375886525,448.554609929078,181.4950354609929,970.0,1.4996009794984266,55146.63971631206,Ezi_3,E(z) RNAi,0.7382054681823798,-0.21601403009264863,-16.541472840412574,100,2000
1430,35.968710888610765,459.0882352941176,171.42803504380475,1941.0,1.3563333279435874,60579.637046307886,Ezi_3,E(z) RNAi,0.7635404749397543,-0.19412084833083965,-16.316223587129848,100,2000
1431,36.55722326454034,485.7110694183865,370.55534709193245,3186.0,1.4353824665994488,56617.075797373356,Ezi_3,E(z) RNAi,0.2779387300195826,-0.12583999103840526,-16.067309406507754,100,2000
1432,35.61795407098121,518.5819415448851,137.52713987473905,2259.0,1.6122864672950121,55653.281315240085,Ezi_3,E(z) RNAi,0.8504493478051889,-0.06915768441342107,-16.825076480720796,100,2000
1433,36.386930983847286,524.5484581497798,211.4596182085169,1681.0,1.5630856739659726,59113.04625550661,Ezi_3,E(z) RNAi,0.6698931632778868,-0.05216078668056434,-16.168977188119733,100,2000
1434,36.278062678062675,538.1931623931624,215.21481481481482,2128.0,1.4605295865650958,59468.97606837607,Ezi_3,E(z) RNAi,0.6616053687334718,-0.02283626742021183,-16.328569462889178,100,2000
1435,34.76190476190476,575.7210884353741,288.70942662779396,2587.0,1.6227031319314509,58655.47278911564,Ezi_3,E(z) RNAi,0.48421535882355315,0.06145000793633382,-18.063474400087927,100,2000
1436,35.414146591491544,587.6058431573553,261.31163505894415,2467.0,1.525103799912043,59307.178370066635,Ezi_3,E(z) RNAi,0.5520554730068372,0.0852293094983001,-17.416943480425495,100,2000
1437,35.52517527087317,604.314850223072,238.8591459528362,1901.0,1.2995761483759212,58678.579987253026,Ezi_3,E(z) RNAi,0.6081127249324654,0.11958158012282172,-17.334095004060664,100,2000
1438,35.12948207171315,612.7436918990704,294.05843293492694,2176.0,1.5341734003237204,31843.090305444886,Ezi_3,E(z) RNAi,0.47357198281316415,0.1407428990493762,-17.827460188074717,100,2000
1439,37.120705244122966,618.0311934900542,211.4864376130199,3056.0,1.4621842796111897,62101.94439421338,Ezi_3,E(z) RNAi,0.6760099340042862,0.14727658414378664,-15.750490121519647,100,2000
1440,37.21190068493151,626.2470034246576,121.90282534246575,2791.0,1.2717030925091644,59308.62285958904,Ezi_3,E(z) RNAi,0.8958078579136957,0.15963927456591587,-15.574614106473234,100,2000
1441,37.016452074391985,641.9356223175965,133.60801144492132,1951.0,1.4333640690544254,61947.31473533619,Ezi_3,E(z) RNAi,0.8681980388802168,0.1937819000845198,-15.837652407840544,100,2000
1442,35.98903932946486,643.0315925209542,269.45970341715025,2008.0,1.4592418648116448,34460.47582205029,Ezi_3,E(z) RNAi,0.5357783305974124,0.20394526557427373,-17.039187076329483,100,2000
1443,35.19450980392157,653.6337254901961,170.7192156862745,1709.0,1.4825741856956505,59640.49725490196,Ezi_3,E(z) RNAi,0.7781479737513939,0.2208644042710488,-17.745589860754833,100,2000
1444,35.30571428571429,689.4942857142858,204.11714285714285,1897.0,1.4976460854166547,46102.73642857143,Ezi_3,E(z) RNAi,0.6987791045670741,0.29929360556815676,-17.79721685553214,100,2000
1445,34.99640287769784,739.4676258992806,159.38078108941417,2331.0,1.5841844355738655,41798.54008221994,Ezi_3,E(z) RNAi,0.8115776791590321,0.4033221527275863,-18.21892575699131,100,2000
1446,36.48468468468469,736.1255255255255,134.07207207207207,2217.0,1.7236287508140287,38771.36456456457,Ezi_3,E(z) RNAi,0.8732950550981649,0.39474391437615686,-16.687632099314435,100,2000
1447,37.519074675324674,744.3226461038961,682.9338474025974,3863.0,1.3189101737151476,30891.4200487013,Ezi_3,E(z) RNAi,-0.46949720961061303,0.44388421166314984,-16.36946594219244,100,2000
1448,35.51531151003168,776.1499472016895,316.4223864836325,2196.0,1.2010920618128855,45768.23072861668,Ezi_3,E(z) RNAi,0.4296458195831314,0.4906362932984347,-18.02073955056906,100,2000
1449,36.102586206896554,782.0293103448275,232.56724137931033,2770.0,1.395154523996317,43559.886637931035,Ezi_3,E(z) RNAi,0.6352674153121198,0.49834843651342786,-17.348095012346647,100,2000
1450,35.29218362282879,778.363523573201,331.89888337468983,1870.0,1.394196449291883,39964.02605459057,Ezi_3,E(z) RNAi,0.3919143852684377,0.4962493067439895,-18.27074679638367,100,2000
1451,38.3458064516129,774.3649032258064,734.8030967741936,5862.0,1.6438322266884902,33910.09083870968,Ezi_3,E(z) RNAi,-0.5944613412844949,0.5109711861493338,-15.709122586837019,100,2000
1452,36.518743109151046,792.1708930540243,306.98787210584345,2238.0,1.42261029761069,41408.86934950386,Ezi_3,E(z) RNAi,0.45379369736199937,0.5242777527218547,-17.059505297927004,100,2000
1453,35.94779874213837,800.8729559748427,332.9578616352201,1880.0,1.2477014651973393,37645.88113207547,Ezi_3,E(z) RNAi,0.39080983138020486,0.5443354086371706,-17.692372290658874,100,2000
1454,36.024479166666666,806.5953125,748.2265625,2545.0,1.4835074868243763,39828.552083333336,Ezi_3,E(z) RNAi,-0.625176224045724,0.5804867031482441,-18.155964811881574,100,2000
1455,35.195665261890426,829.2215532811559,636.9295605057195,1901.0,1.5318424702575522,31738.792293798917,Ezi_3,E(z) RNAi,-0.3512791139420607,0.6223331406520736,-18.921447494144665,100,2000
1456,36.49176470588235,832.2203921568628,402.0078431372549,1765.0,1.503743910343379,27664.596078431372,Ezi_3,E(z) RNAi,0.22388324651946268,0.6151953030549424,-17.340748409047166,100,2000
1457,34.36416184971098,852.393063583815,372.59248554913296,752.0,1.6959161933453535,17804.806358381502,Ezi_3,E(z) RNAi,0.29721754144515855,0.6565190257913389,-19.499462117444267,100,2000
1458,37.278824833702885,882.7749445676275,401.5171840354767,2429.0,1.3436586709927534,40901.09423503326,Ezi_3,E(z) RNAi,0.22842640426003213,0.7230227996819176,-16.723561297891166,100,2000
1459,37.05877648940424,895.357856857257,579.8504598160736,3703.0,1.8956996294893975,37043.97600959616,Ezi_3,E(z) RNAi,-0.20720875537688999,0.7601469350514092,-17.209769083060138,100,2000
1460,36.09922822491731,900.9603087100331,378.24862183020946,2249.0,1.3342267661771516,42161.39084895259,Ezi_3,E(z) RNAi,0.2865823295348704,0.7604682119792123,-17.93528462242027,100,2000
1461,37.00830860534125,911.1614243323443,530.673590504451,1967.0,1.3022671805720896,36670.80237388724,Ezi_3,E(z) RNAi,-0.08580339303477591,0.7910255830229675,-17.25183568294233,100,2000
1462,36.36101083032491,919.6064981949459,418.1462093862816,893.0,1.5816903882013236,22015.101083032492,Ezi_3,E(z) RNAi,0.19016635829690398,0.8025491442135746,-17.786437149482687,100,2000
1463,35.95172413793104,943.3686520376176,616.033855799373,1957.0,1.4217505444624492,28898.550470219434,Ezi_3,E(z) RNAi,-0.2925877338499373,0.864648471245421,-18.524113377123516,100,2000
1464,38.09596774193548,115.05645161290323,488.9548387096774,1908.0,1.2732677041251186,28034.1,Ezi_3,E(z) RNAi,-0.03636802195069766,-0.9097347479427151,-13.427166359087003,100,2000
1465,37.284718498659515,120.12439678284183,386.80589812332437,2516.0,1.593020583450318,33203.5308310992,Ezi_3,E(z) RNAi,0.2139776870248673,-0.9048185569276717,-14.127349918170829,100,2000
1466,39.52548209366391,140.98898071625345,640.2403581267217,2892.0,1.7094166687987495,28100.53168044077,Ezi_3,E(z) RNAi,-0.404925703218603,-0.8456788326209543,-12.274907857298231,100,2000
1467,37.62841530054645,158.09426229508196,641.8271857923497,2502.0,1.6373183173726804,31601.164617486338,Ezi_3,E(z) RNAi,-0.40767241295426193,-0.8091097390262637,-14.231636710911815,100,2000
1468,36.64,154.4808695652174,398.9026086956522,1529.0,1.6320826377821807,19922.586086956522,Ezi_3,E(z) RNAi,0.1866458983151429,-0.830831735891692,-14.90309938477727,100,2000
1469,36.31377551020408,159.18112244897958,327.6358418367347,1947.0,1.3612163004455262,35084.95790816326,Ezi_3,E(z) RNAi,0.3613822073674484,-0.8249158704451712,-15.155764588137743,100,2000
1470,36.87591836734694,174.47102040816327,315.3861224489796,2479.0,1.8755514431842004,26136.42693877551,Ezi_3,E(z) RNAi,0.3923731534045074,-0.7929995069534801,-14.629819117896979,100,2000
1471,36.906110283159464,179.81967213114754,682.0581222056632,1291.0,1.6874104244360906,16429.698956780925,Ezi_3,E(z) RNAi,-0.5046977380530593,-0.7604477128993115,-15.07767264830369,100,2000
1472,41.16205533596838,200.13259072942867,264.0528206970895,4071.0,1.8437461934422374,34802.49622709306,Ezi_3,E(z) RNAi,0.5196961782293481,-0.7411832040309312,-10.365847408413629,100,2000
1473,36.50570087189806,200.98256203890006,375.86384976525824,1802.0,1.3221029665068296,28180.901408450703,Ezi_3,E(z) RNAi,0.24610971894658085,-0.7329571120327044,-15.165310530481712,100,2000
1474,37.434070434070435,208.94676494676494,355.57985257985257,1736.0,1.7574311648125736,22924.25389025389,Ezi_3,E(z) RNAi,0.296278763008343,-0.7171295178251205,-14.238357122881077,100,2000
1475,37.7610513739546,236.9557945041816,276.5830346475508,2644.0,1.862328608396076,27404.489844683394,Ezi_3,E(z) RNAi,0.491474434816622,-0.6619290406065197,-13.90672682515639,100,2000
1476,35.26779661016949,237.07344632768363,343.37514124293784,1226.0,1.6643789400430373,23181.716384180792,Ezi_3,E(z) RNAi,0.3280165593766524,-0.6578451573675208,-16.48415620585849,100,2000
1477,35.06728778467909,247.58592132505177,359.6335403726708,1236.0,1.429967604174309,20519.313664596273,Ezi_3,E(z) RNAi,0.28892039266987557,-0.6344825222918599,-16.740511578203034,100,2000
1478,36.999441652707986,251.8782802903406,259.98715801228366,2179.0,1.3540981637807832,38068.82914572865,Ezi_3,E(z) RNAi,0.5330820032074806,-0.6310566963581137,-14.697833883105261,100,2000
1479,38.005065123010134,271.089001447178,187.9819102749638,1728.0,1.2564101361935824,28885.77424023155,Ezi_3,E(z) RNAi,0.7105819049752267,-0.5942179636310951,-13.666666468423898,100,2000
1480,36.816675869685255,292.6581998895638,190.11043622308117,2144.0,1.3425441697658835,38169.436775262286,Ezi_3,E(z) RNAi,0.7068026958542017,-0.5480894338494278,-14.930455478973492,100,2000
1481,36.86800573888092,299.09899569583933,213.98708751793401,1035.0,1.4698031282260466,26210.220946915353,Ezi_3,E(z) RNAi,0.6487908766609909,-0.5329720034124128,-14.930800469347929,100,2000
1482,37.1958762886598,314.5755003032141,211.0691328077623,2059.0,1.3890169860990749,36470.31776834445,Ezi_3,E(z) RNAi,0.656955469892698,-0.500121208470602,-14.651462238069143,100,2000
1483,36.15342763873776,344.67192600652885,339.9385201305767,2347.0,1.5873644941626766,36570.57725788901,Ezi_3,E(z) RNAi,0.34354347021829224,-0.4284926863091152,-15.957070363445446,100,2000
1484,37.02671972711768,371.92552586696985,281.98521887436044,2372.0,1.4859658508563898,42884.3274587834,Ezi_3,E(z) RNAi,0.48718389342549484,-0.37368652921561807,-15.102985075322053,100,2000
1485,37.363939899833056,377.2829716193656,133.32637729549248,1501.0,1.3387521328836391,45216.07595993322,Ezi_3,E(z) RNAi,0.8513778247904251,-0.3708259946818915,-14.597333953933465,100,2000
1486,35.658135283363805,377.19926873857406,264.0274223034735,947.0,1.7859913098546878,28177.28336380256,Ezi_3,E(z) RNAi,0.5314881422985414,-0.36348117204408437,-16.466816187933723,100,2000
1487,37.05392450569203,383.00898741761534,185.06830437387657,2044.0,1.4431336369428047,57592.49131216297,Ezi_3,E(z) RNAi,0.7251198695361034,-0.35562944050690537,-14.991569806382174,100,2000
1488,36.409645554909936,396.02905287623474,306.1243463102847,2152.0,1.8783025767103656,43956.26728646136,Ezi_3,E(z) RNAi,0.42970007702104485,-0.32087820490665075,-15.831622525587406,100,2000
1489,36.82870588235294,406.97976470588236,218.3350588235294,2485.0,1.2711064403540162,54773.564235294114,Ezi_3,E(z) RNAi,0.6452864140613486,-0.3025752006696746,-15.33935763641177,100,2000
1490,36.37796480489671,396.4942616679418,128.99846977811782,1910.0,1.7878993325815766,35105.89441469013,Ezi_3,E(z) RNAi,0.8632440798194028,-0.3300984715302636,-15.642658703066424,100,2000
1491,37.45887445887446,407.3901515151515,146.91287878787878,2336.0,1.5507619734112392,51614.84523809524,Ezi_3,E(z) RNAi,0.8201165685038665,-0.30581309057069084,-14.620974414443296,100,2000
1492,37.88002033553635,411.3457041179461,196.956278596848,2267.0,1.234201984543703,55616.70971021861,Ezi_3,E(z) RNAi,0.6978965255286658,-0.29448615534905564,-14.275952366807125,100,2000
1493,38.29335370511841,431.0030557677616,244.33155080213905,1828.0,1.6425851522902926,46747.0718105424,Ezi_3,E(z) RNAi,0.5832454879363522,-0.24981583053545886,-13.988346145454273,100,2000
1494,37.10066707095209,427.5469981807156,290.7780473013948,2255.0,1.626969490597324,54300.644026682836,Ezi_3,E(z) RNAi,0.46934308441849404,-0.2545194949201801,-15.227639736281425,100,2000
1495,38.23058684054535,441.13633669235327,267.6366330764671,2349.0,1.5905489946882214,51058.06283343213,Ezi_3,E(z) RNAi,0.5268771831776042,-0.22685485640707603,-14.114522117278277,100,2000
1496,36.386657590197416,449.47583390061266,311.85296119809396,1817.0,1.501395186858934,42346.39959155888,Ezi_3,E(z) RNAi,0.41921529414823233,-0.20652790399717702,-16.042034019197764,100,2000
1497,37.14808153477218,479.7517985611511,120.99220623501199,2045.0,1.612287837682151,60371.03836930456,Ezi_3,E(z) RNAi,0.8883451422132769,-0.15293782585224425,-15.143269396875048,100,2000
1498,35.93298969072165,522.010824742268,325.66752577319585,2377.0,1.5265094854075436,54224.750515463915,Ezi_3,E(z) RNAi,0.3902042985589602,-0.05099287541697828,-16.757637434833775,100,2000
1499,36.353846153846156,526.8023668639054,245.5473372781065,2034.0,1.5992883282886492,55174.66272189349,Ezi_3,E(z) RNAi,0.5866131469004046,-0.04538728888948207,-16.252427317418316,100,2000
1500,35.85149572649573,530.9049145299145,262.88034188034186,1487.0,1.7703800930735012,60633.50854700855,Ezi_3,E(z) RNAi,0.5444636985947091,-0.03563944570965327,-16.79035449339115,100,2000
1501,37.52948402948403,554.5485257985258,183.2512285012285,2012.0,1.4544347839133007,59524.285012285014,Ezi_3,E(z) RNAi,0.7409142566536651,0.010221469632109015,-15.092210973227807,100,2000
1502,36.766751484308735,555.3562340966921,253.74809160305344,1673.0,1.6386105275668312,61825.63273960984,Ezi_3,E(z) RNAi,0.5684297651229548,0.016003657028113683,-15.94610419251832,100,2000
1503,36.59404502541757,592.7596223674655,151.74727668845316,1692.0,1.4238142645177114,56889.032679738564,Ezi_3,E(z) RNAi,0.8205503234392497,0.08991553439299427,-16.11697869796938,100,2000
1504,37.410848549946294,602.8088077336198,218.1954887218045,2541.0,1.4441685559173012,62817.37969924812,Ezi_3,E(z) RNAi,0.6585817366071411,0.11519098397486816,-15.417431572409782,100,2000
1505,37.546319796954315,608.8585025380711,186.44098984771574,1966.0,1.434890925970728,61436.100253807104,Ezi_3,E(z) RNAi,0.7367002754525576,0.12626716838717345,-15.262524801976333,100,2000
1506,35.970099667774086,631.3978405315614,261.37126245847173,3433.0,1.9593204912984614,54673.67815614618,Ezi_3,E(z) RNAi,0.5548050825258533,0.1786600228342592,-17.00874714137526,100,2000
1507,36.74062816616008,640.7887537993921,189.11550151975683,2460.0,1.387263286489111,60999.00253292806,Ezi_3,E(z) RNAi,0.7322691361740865,0.19453361095363397,-16.179243875837656,100,2000
1508,36.796232027764006,640.7580565195835,286.8770451165097,2592.0,1.5820781971289553,32736.51958353991,Ezi_3,E(z) RNAi,0.4929969195654804,0.20010513060057522,-16.246183548232146,100,2000
1509,37.96777840587903,636.8417184850198,241.27473148671567,2336.0,1.4090354442674184,55928.239118145844,Ezi_3,E(z) RNAi,0.6043455247169878,0.18912948497977067,-15.0042274550539,100,2000
1510,38.74578754578754,641.0454212454213,114.38058608058608,3259.0,1.313408627905733,57689.02967032967,Ezi_3,E(z) RNAi,0.9151930800360473,0.1907867755700694,-14.0812043778675,100,2000
1511,35.90966796875,660.01123046875,211.25244140625,2397.0,1.4533089625286428,53182.28515625,Ezi_3,E(z) RNAi,0.6793633414506612,0.23681199991146396,-17.102793915646643,100,2000
1512,39.12892184826013,663.2521391899601,192.1774101540217,2369.0,1.4118434167037257,60847.39703365659,Ezi_3,E(z) RNAi,0.7262544578994483,0.24264955179820058,-13.870559515471733,100,2000
1513,36.249526515151516,682.702178030303,298.25189393939394,2553.0,1.5916728269552467,39752.75899621212,Ezi_3,E(z) RNAi,0.46793357149653003,0.2902380810105327,-16.948602633766498,100,2000
1514,37.78647949759882,703.8200960472848,183.43590690801625,3184.0,1.4494054334566324,54513.05097894348,Ezi_3,E(z) RNAi,0.7503368270403721,0.32868105080664356,-15.338832533763416,100,2000
1515,36.85324015247777,766.1683608640407,205.6010165184244,1983.0,1.5104393385286157,30965.79288437103,Ezi_3,E(z) RNAi,0.7002154341822562,0.4629623052292344,-16.51012809675008,100,2000
1516,36.55380710659899,765.4812182741117,247.10152284263958,2372.0,1.621618134583179,36637.380203045686,Ezi_3,E(z) RNAi,0.5985989118409127,0.4638870006250255,-16.85930641425781,100,2000
1517,36.484291187739466,802.7708812260537,364.02605363984674,1959.0,1.4939031160602538,25046.35478927203,Ezi_3,E(z) RNAi,0.31489489330334686,0.5501795155917333,-17.201260213669727,100,2000
1518,36.1555826723612,814.6137888956681,368.8322147651007,2090.0,1.4177659204192263,26790.40634533252,Ezi_3,E(z) RNAi,0.303916302852379,0.5757191871072855,-17.575933621811608,100,2000
1519,36.15568862275449,832.3179096352749,327.11486118671746,2275.0,1.5758871245775499,30512.07240065324,Ezi_3,E(z) RNAi,0.4071901936279243,0.6110828202735048,-17.58319422033349,100,2000
1520,36.46201966041108,847.5326184092941,479.3172475424486,1377.0,1.4035058463048804,33820.455764075065,Ezi_3,E(z) RNAi,0.03568263677607142,0.6523186786735593,-17.51911865909993,100,2000
1521,36.331589274035316,851.0464355788097,448.4630477436233,1802.0,1.582392857871942,26193.57030739045,Ezi_3,E(z) RNAi,0.11143069815363704,0.658034949010156,-17.622689612653446,100,2000
1522,36.45048309178744,880.0501207729469,581.737922705314,2061.0,1.483734798076768,42322.39070048309,Ezi_3,E(z) RNAi,-0.21283927048041895,0.7275947283893851,-17.76880467662472,100,2000
1523,37.5070569785677,892.292733925771,487.65865133298485,2281.0,1.2428315648653505,48715.73078933612,Ezi_3,E(z) RNAi,0.018225367767020106,0.7482957709882487,-16.635495895723217,100,2000
1524,37.364937388193205,910.603458556947,546.592725104353,2021.0,1.335525603713648,22955.732259988075,Ezi_3,E(z) RNAi,-0.12480318364739906,0.7907556875943393,-16.91329894068243,100,2000
1525,37.685427135678395,936.297487437186,685.8653266331659,2386.0,1.4257479830725261,41909.54472361809,Ezi_3,E(z) RNAi,-0.46397203484622895,0.8536021173218398,-16.85418277791225,100,2000
1526,39.82671905697446,110.05933202357564,451.5866404715128,3562.0,1.2741860821829123,25741.776424361495,Ezi_3,E(z) RNAi,0.0547546064039397,-0.9225372534432336,-11.632694369324,100,2000
1527,36.276620370370374,121.42939814814815,368.17997685185185,2203.0,1.7762817859250437,26472.972222222223,Ezi_3,E(z) RNAi,0.259653576963347,-0.9031157785320745,-15.116475194960223,100,2000
1528,42.40925589836661,129.97323049001815,309.6864791288566,3043.0,1.4620498908155446,32666.26225045372,Ezi_3,E(z) RNAi,0.4033633733752806,-0.8882168521635976,-8.939308465659074,100,2000
1529,36.70976616231086,145.6850068775791,651.2448418156808,1006.0,1.5220708280965072,24236.11416781293,Ezi_3,E(z) RNAi,-0.43154033438400974,-0.8350465893870389,-15.120247488393346,100,2000
1530,36.21875,154.52283653846155,695.5168269230769,1238.0,1.7208185855703844,25571.04206730769,Ezi_3,E(z) RNAi,-0.5393093274375367,-0.8136434842026006,-15.696605394582988,100,2000
1531,37.44675925925926,148.62037037037038,292.8912037037037,738.0,1.999818814460838,28500.55324074074,Ezi_3,E(z) RNAi,0.44571733967275895,-0.8494405757256827,-13.943585623464479,100,2000
1532,39.550689862027596,155.44151169766047,297.3353329334133,2396.0,1.5378679447065549,36035.7624475105,Ezi_3,E(z) RNAi,0.43528566755411413,-0.8346172376316783,-11.868246733330572,100,2000
1533,36.696838189708615,176.7241165530068,594.0644761314321,2149.0,1.6052091563714344,20197.91072535648,Ezi_3,E(z) RNAi,-0.2895387004071246,-0.772126526319885,-15.166111962634126,100,2000
1534,38.19083094555874,191.79656160458453,248.53638968481374,2172.0,1.5759570811937502,39528.22693409742,Ezi_3,E(z) RNAi,0.5571294057188112,-0.759883007518781,-13.28947511471118,100,2000
1535,40.29557894736842,215.3343157894737,749.7553684210526,3864.0,1.417738941140447,23473.909894736844,Ezi_3,E(z) RNAi,-0.668045936018091,-0.6807550637045238,-11.892920350665399,100,2000
1536,37.4554565701559,247.81959910913142,220.684855233853,1131.0,1.4647479633181257,26886.286191536747,Ezi_3,E(z) RNAi,0.6290040393046794,-0.6419779702855992,-14.178828275062251,100,2000
1537,39.231807951987996,252.96136534133532,721.0371342835709,4665.0,1.4671910434871138,28453.70930232558,Ezi_3,E(z) RNAi,-0.5952661479126975,-0.6021472873968035,-13.047544493855398,100,2000
1538,37.99882005899705,261.9238938053097,271.6684365781711,2169.0,1.5132494178207494,34676.30383480826,Ezi_3,E(z) RNAi,0.5051539733069146,-0.6089452181058957,-13.746993184558804,100,2000
1539,37.71480406386067,261.95355587808416,341.1611030478955,1768.0,1.6308606362722537,27311.33671988389,Ezi_3,E(z) RNAi,0.33507440316203385,-0.6048772881129223,-14.11828935815035,100,2000
1540,38.12544802867384,289.36081242532856,249.78255675029868,1253.0,1.4174261257734342,27533.140979689368,Ezi_3,E(z) RNAi,0.560534134619151,-0.5516738786115016,-13.685433746579612,100,2000
1541,37.46438911407064,295.3943254198031,279.57440648523453,2118.0,1.8206889644419055,36952.547770700636,Ezi_3,E(z) RNAi,0.48802003297561813,-0.537089447121389,-14.404210351910628,100,2000
1542,37.05482456140351,292.6951754385965,203.46491228070175,1419.0,1.9308789362536043,26448.47587719298,Ezi_3,E(z) RNAi,0.6741195682538244,-0.5472388475081259,-14.709186871222286,100,2000
1543,38.401850627891605,288.38003965631196,224.75809649702578,2028.0,1.4194269865168299,32411.88631857237,Ezi_3,E(z) RNAi,0.6217154837685703,-0.5552070188536626,-13.3743310847669,100,2000
1544,36.59922928709056,302.77456647398844,138.80732177263968,821.0,1.6037931412555666,24089.96146435453,Ezi_3,E(z) RNAi,0.8330362433671432,-0.5294673266267653,-15.117653453612128,100,2000
1545,37.782851817334574,311.4054054054054,266.6766076421249,1419.0,1.4779791743099298,33408.819198508856,Ezi_3,E(z) RNAi,0.5206455493380227,-0.5036736937161232,-14.123562429216022,100,2000
1546,36.02959501557633,313.46495327102804,353.49454828660436,1644.0,1.5397173908694903,27951.505451713394,Ezi_3,E(z) RNAi,0.3083010838696818,-0.4942870854665232,-15.992670630667966,100,2000
1547,35.76640419947507,320.6745406824147,146.63254593175853,606.0,1.6604030659387,31193.42782152231,Ezi_3,E(z) RNAi,0.8150706882211634,-0.49083546471931205,-16.020653783883354,100,2000
1548,35.863117870722434,329.106463878327,234.52471482889734,524.0,1.681851926017971,24690.692015209126,Ezi_3,E(z) RNAi,0.6005133710184869,-0.4677790316200675,-16.062640514529292,100,2000
1549,37.27186512118019,329.5858798735511,131.89462592202318,1213.0,1.407136343207988,32816.387776606956,Ezi_3,E(z) RNAi,0.8517268011117085,-0.4726633447282833,-14.526764577507016,100,2000
1550,38.15977175463623,332.14051355206846,146.84807417974324,1797.0,1.462684501760268,35196.09415121255,Ezi_3,E(z) RNAi,0.8152949207201112,-0.46634482378176145,-13.666238440567668,100,2000
1551,37.783656117146904,330.9168634860652,221.27822390174777,2616.0,1.544299384424164,43080.87765706188,Ezi_3,E(z) RNAi,0.6330482758949165,-0.46466662565404726,-14.131601473490761,100,2000
1552,37.55387713997986,344.26283987915406,157.55287009063443,1311.0,1.5342486432402522,33681.5810674723,Ezi_3,E(z) RNAi,0.7898987777688675,-0.43987097582389734,-14.326438557417184,100,2000
1553,38.31585677749361,344.3152173913044,210.06393861892582,1940.0,1.5381239231309396,33101.62787723785,Ezi_3,E(z) RNAi,0.6613799583926843,-0.4367260873526221,-13.630518216856089,100,2000
1554,37.92275476966031,372.46859004187996,204.2629129827827,2827.0,1.3870442015994038,58076.13959981387,Ezi_3,E(z) RNAi,0.677441539321199,-0.3770026853657553,-14.111280712275914,100,2000
1555,36.85129310344828,391.6163793103448,212.60416666666666,1683.0,1.3738564303945568,47697.66379310345,Ezi_3,E(z) RNAi,0.6582962397443539,-0.33568079076156154,-15.257771427277547,100,2000
1556,38.61890999174236,387.19446738232864,270.20024772914945,3179.0,1.4449801149614736,49711.26548307184,Ezi_3,E(z) RNAi,0.5170330551813616,-0.3417805922070548,-13.547511244089776,100,2000
1557,37.36571428571428,442.64395604395605,196.43164835164836,2753.0,1.3973128552351264,60199.45230769231,Ezi_3,E(z) RNAi,0.7012526012747438,-0.22775031691218517,-14.895142993161421,100,2000
1558,37.5841059602649,445.2172185430464,163.5476821192053,1860.0,1.3547909486071406,56632.208609271525,Ezi_3,E(z) RNAi,0.7819052708165091,-0.22415506461325896,-14.644175899293359,100,2000
1559,36.79580870499731,458.0338527673294,251.64373992477164,2296.0,1.5582047035939501,48217.03224073079,Ezi_3,E(z) RNAi,0.5671415359054646,-0.191739225946141,-15.586210035293767,100,2000
1560,37.583333333333336,469.33456790123455,138.83024691358025,2059.0,1.5105223797868754,59781.85493827161,Ezi_3,E(z) RNAi,0.8439963761365039,-0.17412967998095163,-14.695269431128835,100,2000
1561,36.96642685851319,523.6652278177459,365.5875299760192,2440.0,1.53446863426274,56454.561151079135,Ezi_3,E(z) RNAi,0.2926071468010396,-0.04515430720350766,-15.779867666845135,100,2000
1562,37.505180069067585,533.2205229403058,343.13172175629006,2408.0,1.6247388239539287,58967.21904292057,Ezi_3,E(z) RNAi,0.3481980390221151,-0.02606042228447991,-15.245169033143263,100,2000
1563,36.959361393323654,551.9484760522496,166.44412191582003,1732.0,1.427989301728293,57325.8534107402,Ezi_3,E(z) RNAi,0.7818790307603314,0.003701494222310142,-15.632476508686388,100,2000
1564,37.10896196002579,563.9245647969052,277.69825918762086,1903.0,1.7005060538428671,56123.689232753066,Ezi_3,E(z) RNAi,0.5103779380502589,0.03566619593543896,-15.662837306029871,100,2000
1565,38.3619592875318,569.7684478371501,311.7620865139949,1900.0,1.4843400138965104,59415.43320610687,Ezi_3,E(z) RNAi,0.42739023488314687,0.050106298750269396,-14.47228998336898,100,2000
1566,37.56288032454361,580.7388438133875,216.41734279918865,2309.0,1.4892588474694588,58847.499492900606,Ezi_3,E(z) RNAi,0.661473217451022,0.06800682195757757,-15.188744186073329,100,2000
1567,37.30949948927477,593.4800817160368,205.60572012257404,1199.0,1.2684723213334042,61016.66700715015,Ezi_3,E(z) RNAi,0.6887781530951806,0.09456301585927385,-15.471526529107066,100,2000
1568,36.547014925373134,600.1507462686567,307.16492537313434,1839.0,1.6897649825699692,43220.269402985075,Ezi_3,E(z) RNAi,0.4406568808205169,0.11464383694335578,-16.38391247116259,100,2000
1569,38.924970691676435,604.0369284876905,317.0498241500586,2645.0,1.3956171643201258,31379.86342321219,Ezi_3,E(z) RNAi,0.41671405320771027,0.12352159609318192,-14.031478438424287,100,2000
1570,38.72603670972128,611.8004758667573,270.33208701563564,3879.0,1.7741694846122023,58618.42386131883,Ezi_3,E(z) RNAi,0.5315692458440389,0.13738885116931954,-14.197982179049156,100,2000
1571,37.529014844804315,619.4554655870445,239.65587044534414,1928.0,1.3441697113558808,56180.300269905536,Ezi_3,E(z) RNAi,0.6071586986633952,0.15194216350632028,-15.382326137731539,100,2000
1572,39.628745115067304,614.8245766391663,171.26964828484586,3062.0,1.43473771131352,60601.87147199305,Ezi_3,E(z) RNAi,0.7742206900177733,0.13813523840290265,-13.181198963158913,100,2000
1573,40.25053584186711,650.1445582281495,154.91902834008098,5695.0,1.576456739673698,61692.27077875684,Ezi_3,E(z) RNAi,0.8165734859654998,0.21254657700025792,-12.658008028352597,100,2000
1574,37.5951690821256,690.6830917874396,121.08019323671498,1234.0,1.3295310421314752,51366.04251207729,Ezi_3,E(z) RNAi,0.9020830200200991,0.29705873749548006,-15.40761188926151,100,2000
1575,40.8730525100981,701.1875360646278,198.84824004616272,2223.0,1.375061558137595,39945.801500288515,Ezi_3,E(z) RNAi,0.7124324046198409,0.32397595668815016,-12.262737338660358,100,2000
1576,38.53769950467804,712.1331865712714,603.8728673637864,2197.0,1.510555107588361,37145.68849752339,Ezi_3,E(z) RNAi,-0.2781289988713601,0.3706621488648012,-15.143110324416995,100,2000
1577,37.41472045293701,731.4911535739561,266.2561924982307,1963.0,1.6283057877771747,26125.089879688607,Ezi_3,E(z) RNAi,0.5494670038741774,0.39248527370471264,-15.90780552827183,100,2000
1578,37.96788990825688,736.9648318042813,209.58409785932722,1124.0,1.3687728262333194,26585.2874617737,Ezi_3,E(z) RNAi,0.6885317174776686,0.400898988786087,-15.302000414528806,100,2000
1579,37.70494186046512,739.5537790697674,244.1918604651163,1005.0,1.3803648798770445,23919.607558139534,Ezi_3,E(z) RNAi,0.6040017212573132,0.4084155514929102,-15.617094533690725,100,2000
1580,37.020964360587,784.9671558350803,397.5772187281621,1684.0,1.3924496852095145,37003.927323549964,Ezi_3,E(z) RNAi,0.2315995181104007,0.5141364572563596,-16.64664318546569,100,2000
1581,37.28340675477239,792.2946647087616,321.1590797846304,2456.0,1.3519191640309587,48787.7033773862,Ezi_3,E(z) RNAi,0.4191158733312117,0.5253644206702286,-16.313042474359385,100,2000
1582,36.483870967741936,792.3032258064516,749.4306451612903,2330.0,1.5827432493167304,32453.84247311828,Ezi_3,E(z) RNAi,-0.6290700237091109,0.5500695793234511,-17.649889825151334,100,2000
1583,38.28518123667377,791.6886993603412,457.7985074626866,2301.0,1.4465375372331848,25728.722281449893,Ezi_3,E(z) RNAi,0.08464982058130288,0.5319571417976896,-15.480651922410438,100,2000
1584,39.62007168458781,820.7228195937873,381.06033452807645,2159.0,1.4364124662141033,34047.16308243728,Ezi_3,E(z) RNAi,0.2743824365411969,0.5894820362899045,-14.147409102873404,100,2000
1585,37.31624807790877,843.245515120451,284.45720143516144,2383.0,1.318121357989982,42857.409021014864,Ezi_3,E(z) RNAi,0.512313855252867,0.631944057547392,-16.405976942468357,100,2000
1586,38.103837471783294,843.7838600451468,362.0632054176072,2390.0,1.390437819990861,33211.993792325055,Ezi_3,E(z) RNAi,0.3224076050511864,0.6375727559818811,-15.717568661650937,100,2000
1587,38.37357630979499,851.7847380410022,392.83940774487473,1348.0,1.504285762300672,25346.814350797267,Ezi_3,E(z) RNAi,0.24761181785549735,0.6564177648235787,-15.51342293972155,100,2000
1588,38.22203811101905,853.0820215410108,349.5774647887324,1774.0,1.5183967002416905,28651.372825186412,Ezi_3,E(z) RNAi,0.3535810809720248,0.6566898721020062,-15.615060696705982,100,2000
1589,38.13732833957553,859.0,499.52684144818977,1012.0,1.3659005426009638,17768.902621722846,Ezi_3,E(z) RNAi,-0.01302619241343106,0.6779598979590697,-15.907845838964455,100,2000
1590,37.20190023752969,881.1638954869359,432.53444180522564,2399.0,1.4703890228293623,31475.453087885984,Ezi_3,E(z) RNAi,0.15240573184946604,0.7213736759256406,-16.833965192094617,100,2000
1591,36.12903225806452,915.0810035842294,404.7448028673835,1739.0,1.588809381366994,30222.924014336917,Ezi_3,E(z) RNAi,0.2226673848105607,0.7921203579732634,-17.986340313817827,100,2000
1592,38.444250871080136,921.9425087108013,504.6347270615563,2142.0,1.4530662232542684,38964.11556329849,Ezi_3,E(z) RNAi,-0.02136448326692053,0.812534426158837,-15.819592370923061,100,2000
1593,38.53886427708417,923.7184857027789,707.6943213854208,3081.0,1.5248934424041216,34924.0978654853,Ezi_3,E(z) RNAi,-0.5182328120635924,0.8280316135328716,-15.98571695510315,100,2000
1594,37.82251908396947,938.5229007633587,668.4723282442748,1465.0,1.6486655122057507,31466.43797709924,Ezi_3,E(z) RNAi,-0.4212560761316516,0.8573478555189102,-16.702776029182893,100,2000
1595,37.66478873239436,940.4005633802817,631.3611267605634,2105.0,1.4049782685455936,33867.57802816902,Ezi_3,E(z) RNAi,-0.3303022542587791,0.8592126951606227,-16.820279502069248,100,2000
1596,38.03431101272828,123.77587161040398,409.6397343663531,2126.0,1.5581666288412743,33693.2562257886,Ezi_3,E(z) RNAi,0.15833162302250292,-0.8957067487653775,-13.418722183785121,100,2000
1597,37.55793650793651,157.68650793650792,623.5674603174604,1720.0,1.6336982313759378,21201.588888888888,Ezi_3,E(z) RNAi,-0.36300876205928445,-0.8110329246425008,-14.277832261436686,100,2000
1598,37.9142381348876,166.6894254787677,578.9392173189009,1560.0,1.5007074059211472,23314.269775187346,Ezi_3,E(z) RNAi,-0.25318716592111834,-0.7943971632751219,-13.895904848828494,100,2000
1599,39.488641234462065,170.912558936991,553.2430347192457,3632.0,1.8648386902630816,19154.477925417916,Ezi_3,E(z) RNAi,-0.19002120879378703,-0.7868578975652465,-12.303516344035536,100,2000
1600,38.15079365079365,181.3512767425811,354.1777087646653,4521.0,1.9713805516046707,23853.818150448584,Ezi_3,E(z) RNAi,0.2978828260623294,-0.7760757214249823,-13.426820116546402,100,2000
1601,38.61821366024518,206.69527145359018,330.6935201401051,858.0,1.3843044736994432,28036.423817863397,Ezi_3,E(z) RNAi,0.3570353949632199,-0.7233589777249545,-13.015407787848766,100,2000
1602,38.408307210031346,212.77664576802508,315.80877742946706,1861.0,1.7028251409046467,30499.075235109718,Ezi_3,E(z) RNAi,0.39386851788286803,-0.7112450661799361,-13.227147254563356,100,2000
1603,38.92049883086516,220.62509742790334,333.97194076383477,1908.0,1.4325675829463076,24014.683554169915,Ezi_3,E(z) RNAi,0.34993219501117734,-0.6934506983975117,-12.76421261534503,100,2000
1604,40.32224247948952,241.05925250683683,738.2529626253419,3567.0,1.7229960228418857,20881.652689152234,Ezi_3,E(z) RNAi,-0.6381921582269638,-0.6265380143480592,-11.93857802402821,100,2000
1605,39.3085910652921,252.4893470790378,308.4886597938144,1867.0,1.4643084988498551,33822.784879725084,Ezi_3,E(z) RNAi,0.4144090986080047,-0.6269398690748824,-12.451607632264576,100,2000
1606,37.516129032258064,256.63548387096773,700.5698924731183,1411.0,1.5188459234007037,31325.962365591397,Ezi_3,E(z) RNAi,-0.5449249038729549,-0.5955016817985422,-14.749925251154941,100,2000
1607,37.542099192618224,326.25374855824685,345.8062283737024,1105.0,1.6718631713329013,20762.16032295271,Ezi_3,E(z) RNAi,0.3279598971763902,-0.46743652435946137,-14.513658106153748,100,2000
1608,38.05399239543726,343.5536121673004,291.80912547528516,1831.0,1.6517613354551735,34008.16349809886,Ezi_3,E(z) RNAi,0.46126010322931865,-0.4336395995451796,-13.992365948763009,100,2000
1609,39.08695652173913,351.32674571805006,229.6106719367589,2081.0,1.7398801395495243,37760.947957839264,Ezi_3,E(z) RNAi,0.6140012618763264,-0.420635508508026,-12.907590557732455,100,2000
1610,38.84450704225352,350.92450704225354,194.31661971830985,2107.0,1.3744218523692673,51720.34591549296,Ezi_3,E(z) RNAi,0.7003570467306837,-0.42353031919039674,-13.104403876585671,100,2000
1611,39.029553264604814,354.3340206185567,312.93470790378007,1900.0,1.5953429260759673,44397.237113402065,Ezi_3,E(z) RNAi,0.4102659494459393,-0.40941619972370535,-13.079668904790246,100,2000
1612,39.089697590978986,354.99231163505897,260.78780112762684,2918.0,1.8058541968960518,33730.75294720656,Ezi_3,E(z) RNAi,0.5379381624534598,-0.41101801996579346,-12.95632402649835,100,2000
1613,39.831698113207544,386.4852830188679,111.47622641509435,1820.0,1.5372081752696058,32690.02490566038,Ezi_3,E(z) RNAi,0.905457534161876,-0.35243620675283005,-12.13321227551505,100,2000
1614,39.73869346733668,383.1518704634282,159.9793411501954,2160.0,1.4152129682630428,54107.1189279732,Ezi_3,E(z) RNAi,0.7865265684520348,-0.3567516588972006,-12.275824717555565,100,2000
1615,39.167333867093674,395.54603682946356,151.94635708566852,1845.0,1.5192709936447908,42935.14971977582,Ezi_3,E(z) RNAi,0.8070087688209058,-0.330777990328849,-12.878899288797392,100,2000
1616,37.48439620081411,415.91316146540026,159.35142469470827,945.0,1.3650886361833405,32625.393487109905,Ezi_3,E(z) RNAi,0.7902371799401848,-0.286913259061209,-14.639799479120846,100,2000
1617,38.17016317016317,418.46386946386946,233.3006993006993,1746.0,1.7052727188417622,53383.6216006216,Ezi_3,E(z) RNAi,0.609414145407944,-0.27720307993285187,-14.055411642546652,100,2000
1618,39.46341463414634,427.13550135501356,391.05149051490514,2965.0,1.467108695409154,56305.943476577624,Ezi_3,E(z) RNAi,0.22389126640204693,-0.24959875755917182,-12.989317785761564,100,2000
1619,38.064313725490194,456.1356862745098,278.81882352941176,1740.0,1.4969796285401709,39258.21647058824,Ezi_3,E(z) RNAi,0.5005017059807002,-0.19421261910216114,-14.345404587546433,100,2000
1620,40.39464534075104,470.1380389429764,170.21801112656468,3956.0,1.900945180945891,59072.24687065369,Ezi_3,E(z) RNAi,0.7672204067705148,-0.17058546075613468,-11.926062644071521,100,2000
1621,37.68054729327781,478.2825698988697,231.27424152290303,1972.0,1.593496326155873,52462.46519928614,Ezi_3,E(z) RNAi,0.6183326689790352,-0.14970982847530956,-14.744206722699957,100,2000
1622,37.84619478445982,504.9031399680681,295.5960617349654,2205.0,1.5871130123799964,52759.32943054816,Ezi_3,E(z) RNAi,0.46266655738390816,-0.08920930735504262,-14.749026895146365,100,2000
1623,37.57314814814815,515.9351851851852,349.3462962962963,1432.0,1.6741094359143938,36593.561111111114,Ezi_3,E(z) RNAi,0.3318442209245831,-0.06257712553428973,-15.126707101157265,100,2000
1624,37.32631578947368,531.0609022556391,133.3593984962406,1747.0,1.6365115503945875,51006.306766917296,Ezi_3,E(z) RNAi,0.8614705384925792,-0.04276369792749457,-15.153579577420345,100,2000
1625,39.375525210084035,543.3513655462185,115.83665966386555,2188.0,1.3917563397821535,56351.815126050424,Ezi_3,E(z) RNAi,0.9051644600762454,-0.01753936824776714,-13.123847009503741,100,2000
1626,38.24853458382181,541.8135990621337,251.9706916764361,1212.0,1.8612176574183148,61501.205158264944,Ezi_3,E(z) RNAi,0.5718797729120118,-0.01297910434559657,-14.416431459460007,100,2000
1627,38.68246802106847,542.5259593679458,144.24981188863808,1655.0,1.525980744530369,61382.53724604966,Ezi_3,E(z) RNAi,0.8355710298629668,-0.017667069471834718,-13.849761927120994,100,2000
1628,38.879541108986615,555.1357552581262,127.58986615678776,1406.0,1.6939334442040392,47295.291586998086,Ezi_3,E(z) RNAi,0.8771796770093276,0.008274792406554488,-13.674312994509279,100,2000
1629,38.35480225988701,560.2751412429378,301.02655367231637,2153.0,1.4681163193069593,60980.625988700565,Ezi_3,E(z) RNAi,0.45303727867389454,0.029234817727798124,-14.43396473750984,100,2000
1630,38.49152542372882,575.5057627118645,179.42237288135593,1771.0,1.3394737423865584,53270.79118644068,Ezi_3,E(z) RNAi,0.7516690481632371,0.0547166207699572,-14.196045728117397,100,2000
1631,38.78383287920072,593.4128065395096,294.45186194368756,2723.0,1.44662529004807,57732.560853769304,Ezi_3,E(z) RNAi,0.4713197995945886,0.09955277948513208,-14.108437693603094,100,2000
1632,37.369832402234636,592.8715083798883,181.4245810055866,1282.0,1.526238315920059,49048.23910614525,Ezi_3,E(z) RNAi,0.7479207241031445,0.09187095667723755,-15.378805299091816,100,2000
1633,37.94949494949495,595.6355218855219,121.11952861952862,1576.0,1.5911539724466701,49921.35353535353,Ezi_3,E(z) RNAi,0.8956977139561566,0.09429476296485695,-14.73281182515094,100,2000
1634,41.34969325153374,614.3829973707275,224.77081507449606,2935.0,1.3553152588983985,60319.126643295356,Ezi_3,E(z) RNAi,0.6432432097421839,0.1402904031044956,-11.525892703928434,100,2000
1635,39.83980317113176,606.4040459267359,283.3023510114817,2454.0,1.697858402480328,57847.69436850738,Ezi_3,E(z) RNAi,0.4994645230619439,0.12663234463656803,-13.082296559315104,100,2000
1636,38.67546683837733,656.2388924661944,274.67611075338056,2079.0,1.6036668076525329,28793.686413393432,Ezi_3,E(z) RNAi,0.5238773464323321,0.23244121333582313,-14.403859747351305,100,2000
1637,38.27510651247717,670.9634814363968,341.7638466220329,1991.0,1.5557265618269787,28267.43396226415,Ezi_3,E(z) RNAi,0.36065630843621954,0.26771891832783634,-14.938037619732278,100,2000
1638,38.330275229357795,677.7440366972477,273.155504587156,2772.0,1.4495962661951889,33641.98486238532,Ezi_3,E(z) RNAi,0.5290226992101339,0.2782288240996411,-14.819662546936229,100,2000
1639,38.538492063492065,708.368253968254,644.4837301587302,3067.0,1.6345756275598609,26542.300793650793,Ezi_3,E(z) RNAi,-0.3777726019628229,0.36497175834291573,-15.180569747307615,100,2000
1640,39.70684039087948,741.0980817951502,306.3782120883098,3689.0,1.8973192782069577,27171.39956568947,Ezi_3,E(z) RNAi,0.4518979503054372,0.41531007863727876,-13.698432618687875,100,2000
1641,39.388936170212766,753.5251063829787,259.8246808510638,1828.0,1.3813791446963777,24268.615319148936,Ezi_3,E(z) RNAi,0.5666601098444104,0.4391347209278613,-13.999838325344392,100,2000
1642,38.499310344827585,754.7503448275862,198.89379310344827,1017.0,1.3411027820204615,29936.335172413794,Ezi_3,E(z) RNAi,0.715871206639707,0.43822903600360097,-14.817149410576711,100,2000
1643,38.5428186109238,781.0944032366824,269.236008091706,2236.0,1.5828185541578221,32929.5785569791,Ezi_3,E(z) RNAi,0.5454523167056178,0.49848589191421433,-14.950728429312697,100,2000
1644,38.88740661686233,781.5245464247598,250.01760939167556,2292.0,1.4026118818025555,37188.26040554963,Ezi_3,E(z) RNAi,0.5925165576644609,0.49829796917867064,-14.583482779779587,100,2000
1645,38.4220297029703,791.0043316831683,427.480198019802,1961.0,1.3711244448157545,34670.38366336634,Ezi_3,E(z) RNAi,0.15880779901416386,0.5287500947981112,-15.303460651719213,100,2000
1646,39.74895046179681,785.8832913518052,204.21998320738874,1602.0,1.499585992821899,26053.073887489503,Ezi_3,E(z) RNAi,0.7048915216783753,0.5049623783167998,-13.67918797784261,100,2000
1647,39.31890243902439,802.584756097561,293.9060975609756,2006.0,1.325543740480993,38671.39817073171,Ezi_3,E(z) RNAi,0.4864921324382878,0.545760163318755,-14.278070692949967,100,2000
1648,41.00086805555556,812.2157118055555,746.1809895833334,3157.0,1.7078413064950424,38506.264756944445,Ezi_3,E(z) RNAi,-0.6198120559000739,0.5923951482540153,-13.195995353395915,100,2000
1649,37.21333333333333,841.0533333333333,337.58666666666664,740.0,1.6809072811324466,18836.224,Ezi_3,E(z) RNAi,0.38213548878148385,0.6303299069340762,-16.56815194018708,100,2000
1650,38.77103631532329,848.1089459698849,696.0442869796279,2738.0,1.6064936736769282,48877.101860053146,Ezi_3,E(z) RNAi,-0.49472224518250063,0.6660607157545522,-15.483955275594035,100,2000
1651,38.25364616360178,852.7292327203551,533.2143310082434,1819.0,1.496714372805666,46179.53646163602,Ezi_3,E(z) RNAi,-0.09589104161147988,0.666525370128723,-15.812644685125733,100,2000
1652,39.122594440484676,867.0506058446186,451.4839629365645,1706.0,1.3332015358580158,30003.482537419815,Ezi_3,E(z) RNAi,0.10508788434381766,0.6923717483086289,-14.889462744659575,100,2000
1653,37.785007072135784,869.2758132956153,414.3649222065064,946.0,1.5721091988641849,22030.828854314004,Ezi_3,E(z) RNAi,0.19608724458985605,0.6949689938687378,-16.18797777648554,100,2000
1654,39.15200368493782,882.3173652694611,733.4398894518655,2765.0,1.4690988555129716,33590.210502072776,Ezi_3,E(z) RNAi,-0.5839854375997646,0.741197790960834,-15.265264948928497,100,2000
1655,39.120886075949365,876.2101265822785,464.62848101265826,2055.0,1.4542228282090606,33269.75443037975,Ezi_3,E(z) RNAi,0.0735228255751319,0.7126699800943579,-14.938549901258952,100,2000
1656,39.83091334894613,894.552224824356,426.53817330210774,2813.0,1.2716409640631414,46255.27962529274,Ezi_3,E(z) RNAi,0.167959756678969,0.7496089184362416,-14.242595511891608,100,2000
1657,37.93961179007908,913.4931703810208,677.0941768511861,1742.0,1.425743605961326,27032.900790797987,Ezi_3,E(z) RNAi,-0.4440141468397555,0.8044488792278082,-16.512093668398933,100,2000
1658,38.16996619990343,924.4075325929502,661.4297440849831,2461.0,1.3059473476081458,39472.06180589087,Ezi_3,E(z) RNAi,-0.4049542628229793,0.8268314437950364,-16.29889509355823,100,2000
1659,39.721614227086185,106.21477428180575,329.25102599179206,1701.0,1.368100996995522,25105.116279069767,Ezi_3,E(z) RNAi,0.353915289268834,-0.9377932294089761,-11.571357560114294,100,2000
1660,38.365112994350284,147.67725988700565,588.5409604519774,1959.0,1.53415697148843,17847.905367231637,Ezi_3,E(z) RNAi,-0.27794636371651016,-0.8343997028244967,-13.392964660102045,100,2000
1661,40.06461001164144,156.6839348079162,241.0197904540163,2132.0,1.3578114568527628,42758.501164144356,Ezi_3,E(z) RNAi,0.5731979109666288,-0.8352099574853016,-11.287869059093666,100,2000
1662,39.1248097412481,159.40258751902587,480.7077625570776,1838.0,1.7717808291774295,21925.80898021309,Ezi_3,E(z) RNAi,-0.013252556825774864,-0.8155973689474298,-12.53753169084468,100,2000
1663,38.76286509040334,187.65924895688457,450.39290681502086,1818.0,1.5119295766752976,29145.424895688455,Ezi_3,E(z) RNAi,0.06281302916497022,-0.7570667757973564,-12.956731535618793,100,2000
1664,40.50162513542795,188.55850487540627,278.5557963163597,2278.0,1.5040606663683638,47522.30931744312,Ezi_3,E(z) RNAi,0.48343652406347903,-0.7650432745807458,-11.005437119955538,100,2000
1665,39.953293413173654,200.05209580838323,738.5790419161676,3098.0,1.5200287738071825,20200.659281437125,Ezi_3,E(z) RNAi,-0.6417020764211314,-0.7140041172325899,-12.169646679652693,100,2000
1666,40.173489278752434,204.93762183235867,247.1851851851852,980.0,1.6306289703646946,21855.684210526317,Ezi_3,E(z) RNAi,0.5613001825225057,-0.7319121521245069,-11.34944963385621,100,2000
1667,41.860161870503596,201.18120503597123,214.19604316546761,2887.0,1.2758820714575163,40420.53597122302,Ezi_3,E(z) RNAi,0.6417873374681553,-0.7418156548580337,-9.608733806555321,100,2000
1668,40.002510985561834,213.15003138731953,215.35530445699936,1970.0,1.3230954463321178,40127.68236032643,Ezi_3,E(z) RNAi,0.639747167864041,-0.7162287341465875,-11.508189102525677,100,2000
1669,40.06423173803527,228.74748110831234,755.0484886649874,2603.0,1.5742791725761263,23028.25,Ezi_3,E(z) RNAi,-0.6801127465010685,-0.6518367142507621,-12.17613932625833,100,2000
1670,38.422379032258064,225.84576612903226,324.570564516129,1536.0,1.6455336290206255,21802.632056451614,Ezi_3,E(z) RNAi,0.3732887335641726,-0.6828589066467852,-13.268140189729706,100,2000
1671,40.32098765432099,234.20447530864197,195.72685185185185,1867.0,1.3683134911813462,27540.381944444445,Ezi_3,E(z) RNAi,0.6891795181160976,-0.6724418357586865,-11.236090848953268,100,2000
1672,40.0076124567474,273.6069204152249,283.80207612456746,1818.0,1.302958456148703,26320.260207612457,Ezi_3,E(z) RNAi,0.47622424762489013,-0.5833071638064191,-11.792834332877426,100,2000
1673,41.78358881875564,328.309738503156,262.85888187556355,3366.0,1.6123742539595565,24695.422001803425,Ezi_3,E(z) RNAi,0.531096321914815,-0.46780204325397756,-10.175067733406976,100,2000
1674,40.242093156986776,331.4169062679701,116.62047153536516,2043.0,1.3064979243489196,50349.49741230592,Ezi_3,E(z) RNAi,0.8892227599922926,-0.46961621544382104,-11.54356829670273,100,2000
1675,38.87250996015936,360.09760956175296,248.21513944223108,718.0,1.5797375885602802,25487.187250996016,Ezi_3,E(z) RNAi,0.5690479458378934,-0.4008531576325587,-13.17495365597351,100,2000
1676,39.13859275053305,359.35749822316984,286.0589907604833,2023.0,1.7188075596525385,30189.793887704334,Ezi_3,E(z) RNAi,0.47637592162009046,-0.40024818372999904,-12.953853718424398,100,2000
1677,38.63795620437956,375.1408759124088,298.5343065693431,1748.0,1.3953515478209377,36307.250364963504,Ezi_3,E(z) RNAi,0.44688835868514354,-0.3658612200166621,-13.5233636977431,100,2000
1678,41.1875,371.1793032786885,171.64805327868854,2302.0,1.4180898407930898,54612.41444672131,Ezi_3,E(z) RNAi,0.7571713669870401,-0.3816099129722591,-10.80129183965861,100,2000
1679,38.52531041069723,425.7879656160458,198.40114613180515,1323.0,1.4853629488214128,46348.71919770774,Ezi_3,E(z) RNAi,0.6953138457491008,-0.26358790069808036,-13.681182296687282,100,2000
1680,40.30027051397656,426.7926059513075,269.5761947700631,1432.0,1.3484538460423698,40995.59332732191,Ezi_3,E(z) RNAi,0.5211753069816676,-0.2573280479977297,-11.998914219001165,100,2000
1681,40.41787439613527,439.39694041867955,177.04911433172302,1599.0,1.305018320743323,50132.32769726248,Ezi_3,E(z) RNAi,0.7484675832494365,-0.23577265968107175,-11.807736486098001,100,2000
1682,40.352966841186735,450.826352530541,330.3752181500873,2846.0,1.384337170379306,58134.87347294939,Ezi_3,E(z) RNAi,0.37396037813230887,-0.20255003527952198,-12.103541840362517,100,2000
1683,38.97293343087052,452.46232626188737,142.88734455010973,1700.0,1.4401978507069866,58529.498902706655,Ezi_3,E(z) RNAi,0.8329465187596643,-0.20987989777169402,-13.253870444807703,100,2000
1684,39.541504539559014,451.026588845655,209.7775616083009,1881.0,1.3336559498726055,59402.96952010376,Ezi_3,E(z) RNAi,0.6691370340787532,-0.20908201678894056,-12.764378412684607,100,2000
1685,40.55213764337852,449.41449426485923,294.63555787278415,2444.0,1.4634808574859592,56456.03023983316,Ezi_3,E(z) RNAi,0.46133873207720866,-0.20762119138580504,-11.854773991405565,100,2000
1686,39.34486486486487,463.11243243243246,153.66162162162163,1211.0,1.3012572641595672,60602.51891891892,Ezi_3,E(z) RNAi,0.8072801402684608,-0.18653568499884665,-12.931373289785462,100,2000
1687,39.72784810126582,484.81962025316454,138.03924050632912,2161.0,1.3856151394205203,64215.81962025316,Ezi_3,E(z) RNAi,0.8469506855319922,-0.141124816290652,-12.601995928113489,100,2000
1688,40.345330296127564,488.49020501138955,291.5512528473804,2573.0,1.2879796261267118,55698.53986332574,Ezi_3,E(z) RNAi,0.4714732311674137,-0.12443873394773819,-12.189484339219064,100,2000
1689,39.1986265187533,543.147913365029,234.30216587427364,2982.0,1.9188609850213583,61454.63866877971,Ezi_3,E(z) RNAi,0.6152088141332017,-0.011144361924887547,-13.448679299570962,100,2000
1690,39.29880239520958,555.4023952095808,145.47904191616766,2027.0,1.651108694361025,59695.473053892216,Ezi_3,E(z) RNAi,0.8334126126465289,0.009878102760255025,-13.278396459569848,100,2000
1691,39.33817951959545,569.6289506953224,194.65739570164348,1996.0,1.448576902565484,56455.154867256635,Ezi_3,E(z) RNAi,0.7139903395771536,0.043063933184522396,-13.348692019991283,100,2000
1692,41.745066666666666,571.6154666666666,292.784,2559.0,1.4979924181711408,59502.16,Ezi_3,E(z) RNAi,0.47395139884555326,0.05297698923319705,-11.071624196482759,100,2000
1693,38.75243393602225,577.2566063977747,123.9471488178025,1803.0,1.608552689215459,55554.884561891515,Ezi_3,E(z) RNAi,0.8875589796681558,0.05525514647031082,-13.871446804695012,100,2000
1694,39.78256302521008,574.453781512605,102.06827731092437,1243.0,1.5532251134672623,32928.00105042017,Ezi_3,E(z) RNAi,0.9409188568654345,0.04802179003348783,-12.804424381271858,100,2000
1695,39.60636758321274,585.8632416787265,136.57887120115774,1760.0,1.6179318004515388,49722.3502170767,Ezi_3,E(z) RNAi,0.857209967883583,0.07435053689905691,-13.062389682923126,100,2000
1696,40.08646953405018,583.741935483871,195.8969534050179,2751.0,1.4331853807363262,60261.5873655914,Ezi_3,E(z) RNAi,0.711888075662265,0.07324863951978577,-12.649554696788208,100,2000
1697,39.74900624645088,578.0397501419648,274.3708120386144,2220.0,1.5278764146008836,61152.74730266894,Ezi_3,E(z) RNAi,0.5194481143972607,0.06560602516889036,-13.066235843610635,100,2000
1698,38.239554317548745,600.8830083565459,131.050139275766,614.0,1.5150009284533044,47362.721448467964,Ezi_3,E(z) RNAi,0.8717390115188579,0.10606411115965053,-14.472908705587628,100,2000
1699,39.57247132429614,605.8837330552659,252.6543274244004,2387.0,1.3693062450070157,61475.55995828989,Ezi_3,E(z) RNAi,0.5744414764849812,0.1237533351553668,-13.309422579466592,100,2000
1700,38.70394036208733,604.7667731629393,200.4153354632588,1206.0,1.3921851527391778,61927.83706070288,Ezi_3,E(z) RNAi,0.7022242664633773,0.11835224288435864,-14.108644831878273,100,2000
1701,39.29381443298969,630.2828608247422,222.9278350515464,1932.0,1.4081918143142984,55504.322164948455,Ezi_3,E(z) RNAi,0.6488116127793566,0.17408902431068562,-13.633064699060071,100,2000
1702,40.53678756476684,627.9678756476684,161.07875647668394,2335.0,1.4878667244330555,58659.67098445596,Ezi_3,E(z) RNAi,0.8000296873812869,0.16559339432284914,-12.304700134409181,100,2000
1703,39.895784543325526,630.1071428571429,279.8512880562061,2297.0,1.5157532689547322,37977.88992974239,Ezi_3,E(z) RNAi,0.5094789089420495,0.17700054808565024,-13.1019192055765,100,2000
1704,39.05871091257179,634.676451818762,206.3171665603063,2257.0,1.5319395718977369,62732.32418634333,Ezi_3,E(z) RNAi,0.6897573289401444,0.18250262537610507,-13.86214415661616,100,2000
1705,39.2031914893617,667.018085106383,288.51755319148936,2552.0,1.5146138294780274,27806.59255319149,Ezi_3,E(z) RNAi,0.49071221939153853,0.25623878605522665,-13.929853608625201,100,2000
1706,39.21193866374589,694.3795180722891,325.89813800657174,2158.0,1.5169921882662736,41294.653888280394,Ezi_3,E(z) RNAi,0.40103386899094273,0.31676533832192133,-14.060272357360553,100,2000
1707,39.0599173553719,726.9318181818181,413.71280991735534,804.0,1.7375807093180606,19754.510330578512,Ezi_3,E(z) RNAi,0.18826265504215378,0.3912724693773155,-14.432235598820178,100,2000
1708,40.70169252468265,726.6614950634697,187.35613540197463,1869.0,1.3553748776556664,38164.171368124116,Ezi_3,E(z) RNAi,0.7422449305064129,0.37765674012488026,-12.505583807022006,100,2000
1709,39.8002033553635,741.8530757498729,193.52058973055415,2475.0,1.6041735333189109,41945.81901372649,Ezi_3,E(z) RNAi,0.7281651039785144,0.4104144234331282,-13.466030828938521,100,2000
1710,38.586580086580085,750.952380952381,336.7900432900433,743.0,1.6945649320023701,18651.028138528138,Ezi_3,E(z) RNAi,0.37812053035578863,0.43807795669896943,-14.890070152006707,100,2000
1711,40.74031327287717,770.1846661170651,261.61500412201156,1567.0,1.364551188247974,34538.57873042044,Ezi_3,E(z) RNAi,0.5633766103207758,0.47478827605641705,-12.706896512535295,100,2000
1712,39.833727810650885,786.3591715976331,337.405325443787,2172.0,1.4657240795001312,40430.5100591716,Ezi_3,E(z) RNAi,0.3789534776306147,0.5136572298842192,-13.763103574896164,100,2000
1713,38.83738425925926,790.8888888888889,777.5109953703703,2137.0,1.4286507124341468,37830.881944444445,Ezi_3,E(z) RNAi,-0.697896562088426,0.5486884382644628,-15.326850434242843,100,2000
1714,38.40128205128205,811.7294871794871,780.0519230769231,1905.0,1.5132934724963003,37296.235256410255,Ezi_3,E(z) RNAi,-0.7027354625992323,0.593291860189199,-15.836417612786313,100,2000
1715,39.11960635881908,815.1862225586676,301.8826646479939,1749.0,1.3849945795476728,33473.73202119606,Ezi_3,E(z) RNAi,0.4678038323747118,0.5731018343012226,-14.52986799797862,100,2000
1716,39.02424242424242,824.4439393939394,314.9977272727273,1624.0,1.5386300398403034,36544.117424242424,Ezi_3,E(z) RNAi,0.43631762841267463,0.5936071729274914,-14.672904308576271,100,2000
1717,39.671508379888266,826.1977653631285,273.69441340782123,2324.0,1.3986054169077902,48388.18156424581,Ezi_3,E(z) RNAi,0.5375211026587281,0.5949719732494123,-13.979739862320137,100,2000
1718,40.66427289048474,833.6234290843806,255.32809694793536,2661.0,1.2808159063790538,49646.86535008976,Ezi_3,E(z) RNAi,0.5829608383538618,0.6097617150553309,-12.98898165024223,100,2000
1719,38.95429432446007,852.2742340532395,558.4173782019086,2417.0,1.6395461888199419,31791.662481165244,Ezi_3,E(z) RNAi,-0.15760724765854683,0.6670129177526032,-15.142085152060112,100,2000
1720,39.108558299827685,852.165422171166,759.2659391154509,2268.0,1.4944755404544112,36311.68581275129,Ezi_3,E(z) RNAi,-0.6491889638062044,0.6783621616175635,-15.239429689772841,100,2000
1721,39.303051809794184,856.8303761533002,406.3073101490419,1781.0,1.3759257654142676,36326.52235628105,Ezi_3,E(z) RNAi,0.2149804684464116,0.6679650965336894,-14.617864848034074,100,2000
1722,38.89677419354839,857.2975806451612,333.0233870967742,1605.0,1.3793021338367226,26581.148387096775,Ezi_3,E(z) RNAi,0.3943739232589947,0.664733544804474,-14.933777065550778,100,2000
1723,39.38865918487891,857.7182516243355,318.69344359125813,2075.0,1.3880265367337246,30195.964559952747,Ezi_3,E(z) RNAi,0.4294726915949125,0.664808336930133,-14.425336250179015,100,2000
1724,38.8923275306254,872.936170212766,376.107027724049,2005.0,1.4849240496202152,36618.4912959381,Ezi_3,E(z) RNAi,0.28996191661318527,0.7005800053213107,-15.045011767149767,100,2000
1725,40.7794695481336,870.0004911591355,343.4690569744597,2809.0,1.4708658992968318,30931.23231827112,Ezi_3,E(z) RNAi,0.3696433111280617,0.6924491196272236,-13.107036120757925,100,2000
1726,40.35060177917321,876.0800627943485,361.65253793825224,2413.0,1.5044376877028307,44351.04971219257,Ezi_3,E(z) RNAi,0.32554291763043475,0.7064641974250674,-13.579215132509624,100,2000
1727,41.75293427230047,887.0017605633802,390.6461267605634,2291.0,1.4555871072578173,34515.82100938967,Ezi_3,E(z) RNAi,0.2553000589147063,0.7314457595290238,-12.250096495798466,100,2000
1728,39.232009925558316,904.205334987593,502.38585607940445,1981.0,1.435081955530786,37801.76488833747,Ezi_3,E(z) RNAi,-0.017036076839922254,0.774571059478941,-14.969202599840855,100,2000
1729,37.5929648241206,901.9849246231156,332.3040201005025,550.0,1.503028988014461,24324.389447236183,Ezi_3,E(z) RNAi,0.39909463940242196,0.7600159088765925,-16.38737319516391,100,2000
1730,40.36536430834213,952.2022175290391,669.6605068637804,2217.0,1.326366701578525,38565.07814149947,Ezi_3,E(z) RNAi,-0.4232663902919046,0.8866174782806437,-14.207568210113166,100,2000
1731,42.123422159887795,119.226507713885,377.5329593267882,2022.0,1.5548089610691351,31074.970546984572,Ezi_3,E(z) RNAi,0.2365998975517456,-0.9072335457272569,-9.27401629544719,100,2000
1732,40.28736413043478,121.07608695652173,511.453125,1878.0,1.3707933283753742,24033.220108695652,Ezi_3,E(z) RNAi,-0.09104026803548937,-0.8955797170785077,-11.284309190070758,100,2000
1733,40.043214556482184,128.72100075815013,257.8976497346475,1571.0,1.3514545705359968,24840.007581501137,Ezi_3,E(z) RNAi,0.5300397117274791,-0.8938914479474697,-11.23613998938724,100,2000
1734,44.15086887835703,126.60821484992101,541.220905739863,4948.0,1.2827375774350183,19921.041074249606,Ezi_3,E(z) RNAi,-0.1635415143833585,-0.8820334203194303,-7.476830420193082,100,2000
1735,44.353313353313354,149.4831834831835,473.98001998001996,4677.0,1.9360278336648185,23024.18781218781,Ezi_3,E(z) RNAi,0.0025423784084115386,-0.8371087397508394,-7.267170752631124,100,2000
1736,41.73413897280967,143.15911379657604,308.8298086606244,1732.0,1.9242052650569674,31212.50956696878,Ezi_3,E(z) RNAi,0.4063343180956662,-0.8601411736318656,-9.65781261243594,100,2000
1737,42.90005151983514,142.79855744461616,280.9835136527563,2856.0,1.5026158129458196,38500.68985059248,Ezi_3,E(z) RNAi,0.47446056743442555,-0.8625074150134139,-8.455757165065457,100,2000
1738,39.75379061371841,157.88303249097473,352.7335740072202,1953.0,1.7053355312795133,25095.050541516244,Ezi_3,E(z) RNAi,0.29986018221942445,-0.8262130897984385,-11.742880592175126,100,2000
1739,40.61395126612518,168.2608695652174,366.303392259914,2588.0,1.5604570626595102,39468.443860487336,Ezi_3,E(z) RNAi,0.26733235271667755,-0.8032849903777319,-10.93474635956261,100,2000
1740,37.99629629629629,239.37777777777777,298.7,628.0,1.945824578213701,21360.237037037037,Ezi_3,E(z) RNAi,0.43750302799145535,-0.6554852263224326,-13.707397828585094,100,2000
1741,39.60356536502547,240.22920203735146,313.46519524618,1576.0,1.5924073902810945,24468.365025466894,Ezi_3,E(z) RNAi,0.4014171673736413,-0.6528058575124212,-12.121534062228449,100,2000
1742,39.66525423728814,261.78601694915255,255.47669491525423,738.0,1.8649127926138735,21396.955508474577,Ezi_3,E(z) RNAi,0.5447691708595614,-0.6101608087215478,-12.059791494493005,100,2000
1743,40.2017937219731,280.2652146060218,388.0512491992313,2004.0,1.6539401355768935,38337.386290839204,Ezi_3,E(z) RNAi,0.22151577385652987,-0.5630906866908304,-11.751893619923408,100,2000
1744,41.24731182795699,282.0284178187404,309.90860215053766,1618.0,1.4710705929733565,22405.68356374808,Ezi_3,E(z) RNAi,0.4128824935414439,-0.563827020218129,-10.61429445758965,100,2000
1745,39.078066914498145,293.7174721189591,134.46096654275092,502.0,1.806572368795936,20945.304832713755,Ezi_3,E(z) RNAi,0.8430676428805046,-0.5490217752138984,-12.602836208530647,100,2000
1746,42.465796019900495,289.9589552238806,143.0597014925373,2249.0,1.6814706870234108,29729.146766169153,Ezi_3,E(z) RNAi,0.8217640609011969,-0.5565195795494176,-9.213241845882699,100,2000
1747,40.35198702351987,369.7031630170316,253.61638280616384,1880.0,1.7279379873832077,29305.270072992702,Ezi_3,E(z) RNAi,0.5564597354224312,-0.380039074401861,-11.734654792905808,100,2000
1748,40.95368421052632,378.8750877192982,217.27929824561403,1844.0,1.5603021812852482,47757.65052631579,Ezi_3,E(z) RNAi,0.6459993180164787,-0.36256293961277786,-11.118305014561976,100,2000
1749,42.02405498281787,384.053264604811,199.4885452462772,2219.0,1.3010320168036504,59929.68270332188,Ezi_3,E(z) RNAi,0.6898814630215022,-0.3525341031932192,-10.043083988986602,100,2000
1750,42.30715935334873,395.9321016166282,262.57228637413397,2947.0,1.292459185928953,52390.13071593534,Ezi_3,E(z) RNAi,0.5362699354525648,-0.3235532462011499,-9.879181742464425,100,2000
1751,39.46587537091988,408.26350148367953,336.6961424332344,1971.0,1.4447802008845725,39367.66528189911,Ezi_3,E(z) RNAi,0.3556767155456888,-0.29299308613514397,-12.855024158012291,100,2000
1752,41.40952380952381,400.16491228070174,297.20250626566417,2383.0,1.3990714205523502,52979.574436090224,Ezi_3,E(z) RNAi,0.4517955349713356,-0.3125330805481561,-10.83453097030813,100,2000
1753,41.907791279485345,442.64188706218727,411.2898498927806,3455.0,1.4758017087401716,58262.13045032166,Ezi_3,E(z) RNAi,0.17537705105435197,-0.2153337207577548,-10.622638668020357,100,2000
1754,41.557377049180324,455.7191256830601,193.62841530054644,1077.0,1.2546017491457826,58810.86666666667,Ezi_3,E(z) RNAi,0.7089665488536816,-0.19998769578007036,-10.744083538700117,100,2000
1755,40.98839137645108,468.8756218905473,103.23714759535655,2225.0,1.4426650013215223,57928.77501381979,Ezi_3,E(z) RNAi,0.931069937110818,-0.17713620387850304,-11.244032436232743,100,2000
1756,40.07963936889557,475.16228399699474,150.5251690458302,1842.0,1.4027674722536232,62589.122464312546,Ezi_3,E(z) RNAi,0.8157516496593251,-0.1610047483584678,-12.233304030823497,100,2000
1757,39.56438791732909,466.7329093799682,375.88235294117646,1039.0,1.5440801760255136,25752.06359300477,Ezi_3,E(z) RNAi,0.2636368635528523,-0.1659978767394923,-13.002847777874699,100,2000
1758,40.06719367588933,516.6462450592885,118.42753623188406,1867.0,1.5862894724913696,48411.55138339921,Ezi_3,E(z) RNAi,0.8970546359475937,-0.07435607233281083,-12.345376591731245,100,2000
1759,40.92760180995475,528.0065816536405,383.489921842863,2771.0,1.3459741581140534,56665.057589469354,Ezi_3,E(z) RNAi,0.24906722013482518,-0.034831745678466475,-11.855817999504794,100,2000
1760,40.145925457991154,537.2299431459254,269.68730259001893,1895.0,1.45878671959218,58700.24636765635,Ezi_3,E(z) RNAi,0.5282099706817511,-0.021722334507864538,-12.525821917956158,100,2000
1761,39.77249451353328,540.9378200438917,288.89392831016823,1894.0,1.862092437620396,59514.601316752014,Ezi_3,E(z) RNAi,0.4814483834082315,-0.012707494882636339,-12.935850060500549,100,2000
1762,39.1530612244898,550.3233908948195,216.2708006279435,1651.0,1.7290096184351722,60578.38540031397,Ezi_3,E(z) RNAi,0.6598151664456819,0.0031234146453114064,-13.495820689267234,100,2000
1763,40.70283533260633,546.1444929116685,308.041439476554,2283.0,1.6303275815477234,57994.84405670665,Ezi_3,E(z) RNAi,0.43492692106143704,-0.0004891477124938648,-12.047095057834909,100,2000
1764,40.232575201760824,553.7975055025679,197.1496698459281,1672.0,1.4533683799804331,51276.63022743947,Ezi_3,E(z) RNAi,0.7068406316896438,0.00944026753812488,-12.404040939170883,100,2000
1765,39.5734649122807,552.3366228070175,269.80263157894734,1381.0,1.5846745153376933,60367.961622807015,Ezi_3,E(z) RNAi,0.5289287412148433,0.010507844609946249,-13.149367210072938,100,2000
1766,40.835443037974684,566.5443037974684,205.35443037974684,1186.0,1.670049825351785,50215.056386651326,Ezi_3,E(z) RNAi,0.6876011618856566,0.03711096664183233,-11.854455898038502,100,2000
1767,40.44690265486726,583.3259587020649,239.83726647000984,2726.0,1.4516877872333982,58986.34611602753,Ezi_3,E(z) RNAi,0.6043162205239823,0.07489728993504863,-12.342846420892101,100,2000
1768,39.61652892561983,596.0776859504132,231.48429752066116,903.0,1.562913211905909,61956.823140495864,Ezi_3,E(z) RNAi,0.6256059720116893,0.10161342616281188,-13.205737798624561,100,2000
1769,44.15361890694239,593.2226735598227,254.26994091580502,3936.0,1.4056776194411726,62659.43353028065,Ezi_3,E(z) RNAi,0.5696366276769094,0.09686942602067217,-8.687635037477804,100,2000
1770,40.731380753138076,600.9665271966527,141.53221757322174,1465.0,1.3140196658179462,51345.41841004184,Ezi_3,E(z) RNAi,0.846082699750867,0.10686475386068017,-11.99453033348233,100,2000
1771,41.306045340050375,616.2443324937028,195.70906801007555,2054.0,1.4868196841705266,61159.472292191436,Ezi_3,E(z) RNAi,0.7144946981093889,0.14258534422889269,-11.539357853349273,100,2000
1772,40.62440997977073,623.5084288604181,296.3068105192178,2014.0,1.5150512715450015,32956.57518543493,Ezi_3,E(z) RNAi,0.468765621834319,0.1638773101279114,-12.371690123411511,100,2000
1773,41.279342723004696,622.3667840375587,250.68368544600938,2678.0,1.613780936961183,62190.329225352114,Ezi_3,E(z) RNAi,0.5803501979957473,0.1588160755989707,-11.655675220017649,100,2000
1774,40.229583975346685,622.8597842835131,260.0693374422188,975.0,1.5151188030628495,62903.91063174114,Ezi_3,E(z) RNAi,0.5574145487089102,0.16040133004722312,-12.718864466082799,100,2000
1775,40.74908088235294,641.3483455882352,298.6939338235294,1551.0,1.7189506146886568,22735.763786764706,Ezi_3,E(z) RNAi,0.46410304382176015,0.2020744640130181,-12.310175764931522,100,2000
1776,43.97739065974796,655.5207561156412,112.68458117123795,3246.0,1.2726560548378663,60168.216827279466,Ezi_3,E(z) RNAi,0.9202867710689673,0.22160782157605197,-8.896322108813166,100,2000
1777,40.95143487858719,662.8625827814569,173.658940397351,2297.0,1.3700446119738976,58103.43929359823,Ezi_3,E(z) RNAi,0.7715471956344244,0.24076402584071865,-12.023512257367237,100,2000
1778,40.89428658722884,673.9450045829515,252.23984112435076,4132.0,1.836839046342196,39641.409410326916,Ezi_3,E(z) RNAi,0.5799548647427819,0.26893689999321757,-12.216616698553402,100,2000
1779,41.11959423384944,677.3742658836092,187.55419113721302,2550.0,1.6551835258294958,50814.294180459154,Ezi_3,E(z) RNAi,0.7384983262389726,0.27252476071308873,-11.921723548627511,100,2000
1780,43.1342094782955,677.5639187574671,216.3815213062525,3316.0,1.6495794128956545,39197.28395061728,Ezi_3,E(z) RNAi,0.6679506442251752,0.27460608155286503,-9.943926217172681,100,2000
1781,39.62789526686807,697.2321248741189,304.63293051359517,2582.0,1.6665237639527195,35022.16112789527,Ezi_3,E(z) RNAi,0.4532677049430889,0.32162786145186595,-13.627259945221283,100,2000
1782,40.47856315179606,697.9571263035921,153.00231749710312,2078.0,1.419275536732547,43615.43916570104,Ezi_3,E(z) RNAi,0.8244270770712434,0.3144382041484648,-12.588814359088211,100,2000
1783,41.76046511627907,699.3308139534884,171.31511627906977,2041.0,1.2693792867966431,48756.49593023256,Ezi_3,E(z) RNAi,0.7796939834333068,0.3184339171685848,-11.334527446920198,100,2000
1784,40.40572792362769,746.8162291169451,248.20763723150358,803.0,1.875446295510228,21983.59427207637,Ezi_3,E(z) RNAi,0.594645931866961,0.4241599910169751,-12.945854868374553,100,2000
1785,40.664433617539586,756.6845310596833,393.0401948842875,1991.0,1.7377864210362086,34224.11510353228,Ezi_3,E(z) RNAi,0.24082236445209526,0.4535648782051047,-12.902129013425352,100,2000
1786,42.360136603539274,780.5395839801304,749.1542999068612,4253.0,1.3320331603710922,41250.58304874263,Ezi_3,E(z) RNAi,-0.6291886472544643,0.5250004945883535,-11.73364539004497,100,2000
1787,40.1821259309411,815.509817197021,260.583615436696,1742.0,1.4176640215778005,34065.56668923493,Ezi_3,E(z) RNAi,0.5689010672950345,0.5714187277546867,-13.416634850679571,100,2000
1788,41.76622807017544,819.936403508772,606.6469298245614,2697.0,1.5322630714101455,36445.761403508775,Ezi_3,E(z) RNAi,-0.277795776755023,0.6008265062450657,-12.281624149452888,100,2000
1789,42.509079524107705,827.1415153412648,342.4539762053851,2281.0,1.722198565094673,29705.56793988729,Ezi_3,E(z) RNAi,0.3692873781264776,0.6009703788080925,-11.231631936963126,100,2000
1790,41.32865956253505,828.7655636567582,466.8794167134044,2111.0,1.3021929618826307,28551.383623107122,Ezi_3,E(z) RNAi,0.06486863398635667,0.6116004034009344,-12.573618854556535,100,2000
1791,40.25321637426901,843.8245614035088,314.83801169590646,2032.0,1.2343711285813506,31827.126315789475,Ezi_3,E(z) RNAi,0.43798718679966986,0.6349523578729435,-13.50909458595634,100,2000
1792,40.04951856946355,850.3803301237964,300.06602475928474,1883.0,1.3368854024509502,28268.399587345255,Ezi_3,E(z) RNAi,0.4745757081638291,0.648084860387689,-13.716366690023762,100,2000
1793,41.9867740080506,868.3352501437607,426.50028752156413,2106.0,1.3115761430808797,33581.11213341,Ezi_3,E(z) RNAi,0.16631191699227643,0.6936926695273615,-11.998290624471423,100,2000
1794,40.70350271336951,869.3014306857425,394.69610261470154,2618.0,1.3743567557777647,39777.63344844598,Ezi_3,E(z) RNAi,0.24421979342796707,0.6939108136521106,-13.244911908193814,100,2000
1795,40.21148825065274,875.3054830287206,479.69451697127937,1883.0,1.3275291624100924,33095.33746736292,Ezi_3,E(z) RNAi,0.03658595715251156,0.711616649629462,-13.863805173516084,100,2000
1796,41.50375234521576,903.5914634146342,405.93527204502817,2780.0,1.4008538164475628,42461.54596622889,Ezi_3,E(z) RNAi,0.21897831494748798,0.7677169524575815,-12.57440271623284,100,2000
1797,40.77865168539326,895.447191011236,337.96067415730334,1231.0,1.3322417471088803,24641.31235955056,Ezi_3,E(z) RNAi,0.3848084715269806,0.746417990652855,-13.186756520333596,100,2000
1798,41.04771273979341,931.2129857353665,617.6733890801771,2413.0,1.4047526379411948,40160.13231677324,Ezi_3,E(z) RNAi,-0.2974191568804073,0.8388478580743153,-13.389222478156327,100,2000
1799,40.3554347826087,935.8586956521739,463.26630434782606,2223.0,1.396107977953285,38541.914673913045,Ezi_3,E(z) RNAi,0.08079936557663081,0.8398511124398345,-13.903451203529471,100,2000
1800,41.51866295264624,959.8278551532034,525.8785515320334,2085.0,1.4335118424046633,27686.051253481895,Ezi_3,E(z) RNAi,-0.07086083848989344,0.8946039531145324,-12.899611144673052,100,2000
1801,42.890017931858935,140.9121338912134,264.7818290496115,2230.0,1.5275313866818392,32875.98804542737,Ezi_3,E(z) RNAi,0.5139891958827094,-0.8674660063286126,-8.439103348137394,100,2000
1802,41.091917591125195,154.6418383518225,270.86687797147385,941.0,1.5016481705482263,24388.486529318543,Ezi_3,E(z) RNAi,0.5000095532482272,-0.8378380961195648,-10.291126281835197,100,2000
1803,39.92137592137592,166.3955773955774,285.95823095823096,649.0,1.6873631545265662,24890.142506142507,Ezi_3,E(z) RNAi,0.46385459575156407,-0.8119017591434444,-11.520229976726988,100,2000
1804,40.20470588235294,209.27058823529413,232.20705882352942,731.0,1.9012962899653278,21216.32705882353,Ezi_3,E(z) RNAi,0.598245505332996,-0.7235318217969258,-11.314054353834543,100,2000
1805,42.15,248.70763888888888,289.1951388888889,2012.0,1.381115369426163,26140.41736111111,Ezi_3,E(z) RNAi,0.46137144886533,-0.6360992923147708,-9.573259481664138,100,2000
1806,41.24886191198786,248.85280728376327,512.9476479514416,1612.0,1.5715736020863011,31171.03262518968,Ezi_3,E(z) RNAi,-0.08624755633878389,-0.6228953262532493,-10.75558987672725,100,2000
1807,39.69138276553106,265.18036072144287,127.38877755511022,801.0,1.9252391771726196,17874.84368737475,Ezi_3,E(z) RNAi,0.8584870630185681,-0.6103044488194984,-11.884417140944109,100,2000
1808,42.74806892453951,264.6524064171123,239.58288770053477,2073.0,1.4313632480736158,39487.22578728461,Ezi_3,E(z) RNAi,0.5838498969998818,-0.6049398065910838,-8.966723427218227,100,2000
1809,41.18914728682171,269.2046511627907,214.48062015503876,790.0,1.416878842139163,33226.73178294574,Ezi_3,E(z) RNAi,0.6455929499915689,-0.5966869598723784,-10.509494324656885,100,2000
1810,42.714155251141555,277.0429223744292,216.00365296803653,1563.0,1.4974623307369643,34433.664840182646,Ezi_3,E(z) RNAi,0.6423795592900456,-0.5798663649678738,-9.012839699716771,100,2000
1811,42.584529874942106,275.0991199629458,231.5308012968967,2653.0,1.4654339797071327,46249.79666512274,Ezi_3,E(z) RNAi,0.6042488519831932,-0.583118855646221,-9.155388790824446,100,2000
1812,41.3381679389313,303.89541984732824,221.1824427480916,1653.0,1.3606198149019821,29318.1,Ezi_3,E(z) RNAi,0.6314849308629111,-0.5222922553118207,-10.48586895975054,100,2000
1813,41.765342960288805,297.2936221419976,351.3315282791817,1953.0,1.3893387274643436,37119.229843561974,Ezi_3,E(z) RNAi,0.31250887308003117,-0.5288690721285133,-10.199712142503252,100,2000
1814,45.36168132942326,310.7116324535679,154.08748778103617,2965.0,1.506661366361338,40065.9560117302,Ezi_3,E(z) RNAi,0.7961383871465022,-0.5115901871806663,-6.401193765752247,100,2000
1815,41.93134872417983,324.1518833535844,278.17800729040096,2107.0,1.3204112573631974,33099.33839611179,Ezi_3,E(z) RNAi,0.4933274837778925,-0.4757878402667888,-10.032505985116856,100,2000
1816,42.252941176470586,322.8058823529412,140.06941176470588,1291.0,1.6145447282014898,32912.26588235294,Ezi_3,E(z) RNAi,0.8312564009042631,-0.4866198609479212,-9.533112472518397,100,2000
1817,42.784863349684656,354.5767344078486,302.35669236159777,1800.0,1.441089862153977,43971.00770847933,Ezi_3,E(z) RNAi,0.4361608605587657,-0.40948101332511877,-9.311930980030489,100,2000
1818,41.84615384615385,371.0377358490566,307.6342525399129,1670.0,1.5459839234503188,30651.17198838897,Ezi_3,E(z) RNAi,0.42433578175844366,-0.37406662929600665,-10.31276626909191,100,2000
1819,41.54364089775561,374.80299251870326,234.6209476309227,2561.0,1.5008014488773298,52752.98004987531,Ezi_3,E(z) RNAi,0.6032847948713671,-0.3702459562473569,-10.53637590872163,100,2000
1820,40.645390070921984,396.98345153664303,226.81796690307328,657.0,1.633539992666232,44751.716312056735,Ezi_3,E(z) RNAi,0.6238524239229941,-0.32338390872425904,-11.49963013856712,100,2000
1821,43.33645781943759,391.28120374938334,237.7888505180069,2564.0,1.5582333079822763,56048.880118401576,Ezi_3,E(z) RNAi,0.5966164339049256,-0.3348966448161774,-8.803113820472504,100,2000
1822,41.94095238095238,410.92857142857144,309.06714285714287,2411.0,1.2710093500151314,52757.10476190476,Ezi_3,E(z) RNAi,0.42346757474246477,-0.2888825951477546,-10.354288551277492,100,2000
1823,42.68287526427061,418.55602536997884,209.7642706131078,2203.0,1.280160564862513,57011.690274841436,Ezi_3,E(z) RNAi,0.6670124766492365,-0.2783307197482383,-9.513511919550929,100,2000
1824,42.614320987654324,417.33975308641976,280.1358024691358,2496.0,1.4328586522532047,54516.52197530864,Ezi_3,E(z) RNAi,0.49469885531913427,-0.27686855370162455,-9.666248725395235,100,2000
1825,43.004654771140416,468.2199379363848,360.477501939488,3072.0,1.5613253357801746,56964.58688906129,Ezi_3,E(z) RNAi,0.3014286044701324,-0.16368873188452016,-9.548291703529564,100,2000
1826,42.78818827708703,486.1283303730018,106.05106571936057,2605.0,1.3340931026815448,59009.186944937836,Ezi_3,E(z) RNAi,0.9253191671942991,-0.14015498505552848,-9.505958134784294,100,2000
1827,41.575520833333336,506.828125,127.91840277777777,1409.0,1.669841359143704,55279.174479166664,Ezi_3,E(z) RNAi,0.873172042884073,-0.09474329217145971,-10.815856631488046,100,2000
1828,41.24735964424681,511.18788215675374,247.98832684824902,2104.0,1.5924192093928426,52539.26236798221,Ezi_3,E(z) RNAi,0.579591923527597,-0.0785220009834926,-11.309351624677916,100,2000
1829,43.27515923566879,533.6509554140127,252.4656050955414,2002.0,1.564344597648206,60268.9076433121,Ezi_3,E(z) RNAi,0.5701141535032459,-0.030327740108867185,-9.362933620101813,100,2000
1830,43.456031567080046,549.2367531003382,251.93122886133034,2293.0,1.542294896713401,63278.952085682075,Ezi_3,E(z) RNAi,0.5724526203658107,0.0028925751518629195,-9.233951538302215,100,2000
1831,40.31100082712986,561.5856079404466,107.4656741108354,1544.0,1.5157312798542912,40168.60628618693,Ezi_3,E(z) RNAi,0.926855983427683,0.0208846317268776,-12.239366376756358,100,2000
1832,43.66603343465046,563.9190729483282,242.67059270516717,3564.0,1.4189532054344784,61212.60980243161,Ezi_3,E(z) RNAi,0.5960886338724156,0.03368254940994042,-9.061845815045487,100,2000
1833,41.18434852763211,566.2698668818072,334.7672448567971,2894.0,1.4586735084319524,53325.075433642596,Ezi_3,E(z) RNAi,0.37084593689786827,0.043989544309043005,-11.666981971036357,100,2000
1834,42.17409587888982,590.9201009251472,223.46089150546678,1519.0,1.3564705269425092,57823.051303616485,Ezi_3,E(z) RNAi,0.6448946566421079,0.09016652387543078,-10.620728884045356,100,2000
1835,41.13513513513514,625.1095305832148,146.21977240398294,1793.0,1.33877159517095,56289.47724039829,Ezi_3,E(z) RNAi,0.8362060434916092,0.15864320008409427,-11.678076002074157,100,2000
1836,41.087765957446805,641.3306737588653,251.86436170212767,1809.0,1.7566827201385289,46043.48670212766,Ezi_3,E(z) RNAi,0.5787156411903815,0.19933918870177347,-11.91268327275828,100,2000
1837,43.120088954781316,643.4625648628614,171.94848035581913,3248.0,1.3478563822020464,59839.789103039286,Ezi_3,E(z) RNAi,0.7744439086200512,0.1992943238718623,-9.787304310783455,100,2000
1838,42.119565217391305,653.5781573498965,203.28312629399585,2389.0,1.4694956864171689,55731.014492753624,Ezi_3,E(z) RNAi,0.6984248576905239,0.2226737060236843,-10.861244920026174,100,2000
1839,42.72788732394366,653.4861971830986,286.4867605633803,2592.0,1.3583247242494014,30740.08281690141,Ezi_3,E(z) RNAi,0.4947772962927972,0.22727918713084505,-10.35699971285321,100,2000
1840,42.050363738108565,655.517627308338,257.65025181869055,2386.0,1.7136317225667477,42779.94124230554,Ezi_3,E(z) RNAi,0.5654905747974361,0.2299453791715853,-11.005192611987034,100,2000
1841,40.74533582089552,677.9598880597015,141.02891791044777,1488.0,1.621411685664283,41041.37406716418,Ezi_3,E(z) RNAi,0.8524080981933051,0.27108888105254403,-12.239586156409402,100,2000
1842,42.92992552471225,684.7511848341233,170.17941773865945,3530.0,1.3818719213289286,56278.5605958023,Ezi_3,E(z) RNAi,0.7815057212500165,0.28727362329590966,-10.114483407864341,100,2000
1843,40.49548387096774,683.7767741935484,203.96387096774194,1100.0,1.4423486025221586,38818.138064516126,Ezi_3,E(z) RNAi,0.6987612068410425,0.2871250821732285,-12.588007598075201,100,2000
1844,41.72132848988064,686.634665282823,342.3596263622211,2249.0,1.337288858413825,41824.12662169175,Ezi_3,E(z) RNAi,0.36022508522233365,0.3012102802476626,-11.545432810320172,100,2000
1845,42.97901459854015,692.4625912408759,185.1934306569343,1384.0,1.289943287986924,44260.0,Ezi_3,E(z) RNAi,0.7452691527145561,0.30459069226803215,-10.110235399684711,100,2000
1846,41.498245614035085,690.9561403508771,237.3,859.0,1.7081301579270443,24182.126315789475,Ezi_3,E(z) RNAi,0.6176435987466542,0.304370450021727,-11.651284912966027,100,2000
1847,42.01347935973041,704.5631844987363,230.37278854254424,2856.0,1.494795382279216,51704.034119629316,Ezi_3,E(z) RNAi,0.635496581828757,0.3330032506752334,-11.17325056672503,100,2000
1848,42.06997742663657,710.2974040632054,281.37189616252823,2234.0,1.4235997669682716,30913.98137697517,Ezi_3,E(z) RNAi,0.5110561660554429,0.3481771410899066,-11.200071092121952,100,2000
1849,40.95073891625616,745.3152709359606,120.99384236453201,1053.0,1.3700572299603186,25015.577586206895,Ezi_3,E(z) RNAi,0.9058990872787125,0.4136271751513301,-12.236189771047137,100,2000
1850,42.27322704782848,772.0714678394722,236.42990654205607,2409.0,1.5874054855224033,49427.268829026936,Ezi_3,E(z) RNAi,0.6251372482888178,0.47737251694058225,-11.148759509479461,100,2000
1851,41.22997237569061,768.646408839779,399.59737569060775,1852.0,1.661278558007182,31972.30455801105,Ezi_3,E(z) RNAi,0.22556350188757746,0.47946580950707696,-12.38515887643021,100,2000
1852,41.71105527638191,778.8793969849246,787.4346733668342,591.0,1.8875802400893826,32284.90703517588,Ezi_3,E(z) RNAi,-0.7229873166134674,0.5236611522532433,-12.425148543429962,100,2000
1853,41.399003623188406,794.9180253623189,512.6829710144928,2549.0,1.6292537787290235,44731.5955615942,Ezi_3,E(z) RNAi,-0.04947437087646467,0.5420334745643816,-12.446595118356157,100,2000
1854,41.62550724637681,804.9756521739131,313.57971014492756,2075.0,1.3898728916704655,37969.96695652174,Ezi_3,E(z) RNAi,0.438492843120202,0.552011834180129,-12.00422507812155,100,2000
1855,39.725212464589234,805.7053824362606,343.5099150141643,531.0,1.506782575281746,31832.532577903683,Ezi_3,E(z) RNAi,0.36529276756480344,0.5552804639886966,-13.944517327790606,100,2000
1856,44.10099502487562,804.1925373134328,778.7293532338308,2533.0,1.3950873483138702,45475.4895522388,Ezi_3,E(z) RNAi,-0.7000133396163168,0.5771781432714309,-10.109665692801968,100,2000
1857,41.56503642039542,813.8928199791883,408.05098855359,1268.0,1.60115853558667,22106.18938605619,Ezi_3,E(z) RNAi,0.20786579597750743,0.5764816464278555,-12.21328548160055,100,2000
1858,42.867302052785924,817.233870967742,288.024926686217,1808.0,1.231430592877915,34101.09164222874,Ezi_3,E(z) RNAi,0.5018452488270471,0.5766984074292831,-10.771716563494671,100,2000
1859,42.11080203987019,837.3069077422346,763.974501622624,2585.0,1.422890879668747,44468.70143718127,Ezi_3,E(z) RNAi,-0.6617046429656712,0.6469571890426407,-12.193005621588796,100,2000
1860,43.31666666666667,858.4395061728395,382.53395061728395,2159.0,1.314509634594135,33259.57098765432,Ezi_3,E(z) RNAi,0.27326046364598455,0.670056391456386,-10.579877532740568,100,2000
1861,44.116089613034625,900.9607942973523,389.19348268839104,2547.0,1.3021557295979111,37774.57892057027,Ezi_3,E(z) RNAi,0.25977213858719184,0.7611585470631295,-9.932207634957031,100,2000
1862,40.85856992639327,925.5583596214511,446.6203995793901,2204.0,1.4423353646531545,40106.65299684543,Ezi_3,E(z) RNAi,0.12085711967226986,0.8169208987629495,-13.344700716172554,100,2000
1863,40.21868787276342,935.7435387673956,521.6918489065606,728.0,1.413313036780221,20387.838966202784,Ezi_3,E(z) RNAi,-0.06220357664095977,0.842973071245458,-14.113106624817242,100,2000
1864,42.180531975099036,134.4470854555744,365.4391624221845,2230.0,1.5085133965179236,34062.30503678551,Ezi_3,E(z) RNAi,0.26720607751287284,-0.8754597457453743,-9.253062444175441,100,2000
1865,47.968417553191486,130.64527925531914,456.2307180851064,4136.0,1.5257622527411137,26727.691489361703,Ezi_3,E(z) RNAi,0.044727004157233186,-0.8782934970878118,-3.5662961224216687,100,2000
1866,43.30960648148148,142.25983796296296,346.1707175925926,2356.0,1.3731263310728035,37728.29803240741,Ezi_3,E(z) RNAi,0.3148789802789249,-0.8598952350033099,-8.126168720943063,100,2000
1867,41.42360430950049,148.35749265426054,444.47306562193927,2666.0,1.5661027649856902,33309.18168462292,Ezi_3,E(z) RNAi,0.07469411179519359,-0.8412327825939462,-10.156046767372537,100,2000
1868,42.22995461422088,170.5446293494705,614.9742813918306,1109.0,1.8959857035888195,17761.65658093797,Ezi_3,E(z) RNAi,-0.34113972887947785,-0.7840636796108671,-9.638424855254954,100,2000
1869,43.355442176870746,182.05612244897958,259.3395691609977,2148.0,1.4102591264676083,44222.25793650794,Ezi_3,E(z) RNAi,0.5300296730402199,-0.7800022753183282,-8.105603070250218,100,2000
1870,42.03168316831683,184.20990099009902,318.7207920792079,1223.0,1.490259112365519,29915.535643564355,Ezi_3,E(z) RNAi,0.38484120621380624,-0.7719934292861792,-9.511113309807357,100,2000
1871,43.627684964200476,201.6909307875895,509.0612569610183,3553.0,1.7675588135103484,23628.774065234687,Ezi_3,E(z) RNAi,-0.07986251110821185,-0.7237144513447022,-8.212864085895006,100,2000
1872,43.846846846846844,204.61972498814603,340.8601232811759,3510.0,1.6292921052483076,33219.69559032717,Ezi_3,E(z) RNAi,0.3320005750366033,-0.7271626582159038,-7.792563655127211,100,2000
1873,41.896362388469456,202.41729581331504,463.15717227179135,1931.0,1.4865578763767369,17764.7302676733,Ezi_3,E(z) RNAi,0.03254008567294031,-0.7248241241599054,-9.889036006397454,100,2000
1874,42.24033149171271,207.11049723756906,484.29834254143645,2300.0,1.4882975097017463,27243.077348066297,Ezi_3,E(z) RNAi,-0.01889312967211354,-0.71359049954896,-9.587418504826637,100,2000
1875,42.50379362670713,208.12594840667677,378.72306525037936,1586.0,1.3995058367222717,31123.59559939302,Ezi_3,E(z) RNAi,0.23956733167203237,-0.7175093991880532,-9.194933039253272,100,2000
1876,44.83709411117226,209.2988442487617,322.8822234452394,2565.0,1.6165190134856426,33967.85470555861,Ezi_3,E(z) RNAi,0.37630797152649764,-0.7182098540542365,-6.795547878058493,100,2000
1877,40.742382271468145,226.6426592797784,208.69529085872577,967.0,1.6759175536104887,24079.382271468145,Ezi_3,E(z) RNAi,0.6569379788502496,-0.6878229842292598,-10.805468040872697,100,2000
1878,44.57031717534411,239.75882704967086,715.0643327348893,4826.0,1.4469867589477323,24755.252543387192,Ezi_3,E(z) RNAi,-0.581536434657445,-0.6306183742865896,-7.6570541600870925,100,2000
1879,44.126666666666665,234.73166666666665,290.24833333333333,1114.0,1.662436775210836,21712.376666666667,Ezi_3,E(z) RNAi,0.4578635387793919,-0.6658397106970966,-7.550796176606845,100,2000
1880,44.99768946395564,249.62707948243994,271.1039741219963,2911.0,1.4672759024475635,33832.56330868762,Ezi_3,E(z) RNAi,0.5057020432347787,-0.6351601956371833,-6.705992789365936,100,2000
1881,43.30625,271.2583333333333,136.88333333333333,753.0,1.4802302028971537,22062.83125,Ezi_3,E(z) RNAi,0.8356410739116047,-0.596764372519875,-8.301981245723077,100,2000
1882,41.911818738518065,355.99693815064296,162.9699938763013,1935.0,1.4111565358468914,47048.39375382731,Ezi_3,E(z) RNAi,0.7774043213570476,-0.41449414983424027,-10.014891737102715,100,2000
1883,43.09422975119111,383.31498147167815,142.40762308099522,2282.0,1.3671723723566076,53184.013234515616,Ezi_3,E(z) RNAi,0.8295343419588095,-0.35739243078658045,-8.898815618526342,100,2000
1884,42.59957020057307,386.56160458452723,304.2249283667622,1795.0,1.57991379596223,41041.31948424069,Ezi_3,E(z) RNAi,0.4337049167079905,-0.3411400290059825,-9.607428264967567,100,2000
1885,42.53003120124805,400.22971918876755,176.454368174727,3134.0,1.2875739820297072,57438.74453978159,Ezi_3,E(z) RNAi,0.7473260317650574,-0.31934861653816204,-9.562764864291083,100,2000
1886,42.526162790697676,399.293023255814,100.16453488372093,2058.0,1.477219879738211,42198.086627906974,Ezi_3,E(z) RNAi,0.9339823872543531,-0.3257455522937325,-9.467765089923034,100,2000
1887,42.89041095890411,407.0716543730242,235.70969441517386,2274.0,1.3128446726732248,58899.4583772392,Ezi_3,E(z) RNAi,0.602751052397108,-0.30133335757516,-9.299799014217932,100,2000
1888,41.746125461254614,410.9749077490775,262.8132841328413,1845.0,1.606842631645686,47914.18376383764,Ezi_3,E(z) RNAi,0.5366768752155597,-0.2914520023868602,-10.491242713990019,100,2000
1889,42.67096285064443,421.5890826383624,450.4184988627748,3008.0,1.5369914660271529,53746.14670204701,Ezi_3,E(z) RNAi,0.07821526814344426,-0.2579849456169767,-9.837565173250795,100,2000
1890,42.2047619047619,437.5083333333333,147.57261904761904,2021.0,1.359460241206596,55403.52916666667,Ezi_3,E(z) RNAi,0.8204808664263543,-0.24148823289765664,-9.9775119338819,100,2000
1891,42.078194532739985,439.9198982835346,119.39224411951685,1938.0,1.4508183005487179,56241.13795295614,Ezi_3,E(z) RNAi,0.8896118461075777,-0.23796924984778434,-10.076857254259885,100,2000
1892,44.06246514221974,441.66313441160065,399.3915225878416,2055.0,1.3422350282316775,60151.333519241496,Ezi_3,E(z) RNAi,0.20442715656981725,-0.21809209391570972,-8.449751096479943,100,2000
1893,41.141891891891895,445.63513513513516,222.1903153153153,1114.0,1.5310272423039297,36731.77027027027,Ezi_3,E(z) RNAi,0.6383957536267049,-0.21985651544035678,-11.161392408891032,100,2000
1894,42.90205371248025,451.84676145339654,174.19747235387047,2511.0,1.4969132871862623,60818.320168509745,Ezi_3,E(z) RNAi,0.756263501979398,-0.2093593186199021,-9.361979851892443,100,2000
1895,42.86305147058823,456.84329044117646,317.1985294117647,2638.0,1.3561649079491729,59825.114430147056,Ezi_3,E(z) RNAi,0.40660105471810915,-0.1904553428228989,-9.597233375558247,100,2000
1896,42.141503046716316,458.8178740690589,266.0162491536899,1870.0,1.5456964353840437,55080.11103588355,Ezi_3,E(z) RNAi,0.5320016648981258,-0.1891991260013549,-10.26122525016001,100,2000
1897,43.281920903954806,497.67909604519775,136.24802259887005,2287.0,1.4083745539094576,61854.750847457624,Ezi_3,E(z) RNAi,0.8521752859369169,-0.11376862723805226,-9.089064552972452,100,2000
1898,43.107920792079206,527.5004950495049,234.73118811881187,2434.0,1.5206988333873679,59493.08663366337,Ezi_3,E(z) RNAi,0.6131124766991725,-0.04447248781823665,-9.48718127949445,100,2000
1899,43.03052631578947,535.1884210526316,337.66789473684213,2448.0,1.5181456576202172,52854.615263157895,Ezi_3,E(z) RNAi,0.3616851366840885,-0.02213710144684422,-9.719640190000355,100,2000
1900,46.71528751753156,528.9989481065919,138.14971949509118,3690.0,1.3443734496579245,59539.017531556805,Ezi_3,E(z) RNAi,0.8495831478585849,-0.04681812840148092,-5.763724858345263,100,2000
1901,43.40112044817927,542.866106442577,128.4829131652661,2153.0,1.4377456827774522,57582.314845938374,Ezi_3,E(z) RNAi,0.8741693637028782,-0.01781619814815638,-9.112506756527068,100,2000
1902,43.79320318148952,550.3810556760665,231.5365148228489,1828.0,1.5212991805530214,60974.29718004338,Ezi_3,E(z) RNAi,0.6224431443422356,0.004160321166708503,-8.87505482304691,100,2000
1903,41.80878414568827,589.1049812533477,329.3101231922871,2290.0,1.57118337429253,37833.87734333155,Ezi_3,E(z) RNAi,0.38571108235504203,0.09239451361692641,-11.112710281725263,100,2000
1904,41.1609081934847,591.1352418558737,347.79763079960514,1321.0,1.8825418515714558,24178.90325765054,Ezi_3,E(z) RNAi,0.3405993227917523,0.09778697046833984,-11.790622115218326,100,2000
1905,43.73603856970671,595.1570912012857,163.79188429087986,2873.0,1.300490827461855,58655.97950984331,Ezi_3,E(z) RNAi,0.7912095849063809,0.09577650100777446,-8.99822684685531,100,2000
1906,41.973977695167285,607.3695167286245,114.74126394052044,1730.0,1.5832244510766262,49185.04089219331,Ezi_3,E(z) RNAi,0.9120732505202123,0.11898886258953079,-10.73992345197,100,2000
1907,43.12972658522397,631.6649214659686,193.16114019778942,2440.0,1.5357486982553834,60010.88132635253,Ezi_3,E(z) RNAi,0.7217456972405905,0.17534905602184958,-9.764494263720053,100,2000
1908,42.4261407579273,630.5104408352669,176.51430781129156,1711.0,1.5342566225016185,58295.72544470224,Ezi_3,E(z) RNAi,0.7624142164263878,0.1719212426063712,-10.443298044174469,100,2000
1909,42.47000431592576,674.0755287009064,235.25420802762193,2928.0,1.524652365028309,45301.94173500216,Ezi_3,E(z) RNAi,0.6215311154165903,0.26824746768857555,-10.620040014687774,100,2000
1910,42.37747524752475,691.7877475247525,269.9962871287129,2147.0,1.6570282491257324,31630.9900990099,Ezi_3,E(z) RNAi,0.5376724004483837,0.3080360986229578,-10.815884482654283,100,2000
1911,42.62107396149949,708.2998986828774,251.9143870314083,2329.0,1.4047905261484408,46797.465045592704,Ezi_3,E(z) RNAi,0.5830192953514535,0.34222136545584836,-10.605286099196078,100,2000
1912,43.13121629718394,714.3798681845417,129.62013181545836,1888.0,1.4448913062082833,52768.005991611746,Ezi_3,E(z) RNAi,0.882733573135285,0.34814463941168583,-9.962226155655515,100,2000
1913,43.97868797868798,710.7395937395937,617.5211455211455,3454.0,1.3713618883792278,46918.531468531466,Ezi_3,E(z) RNAi,-0.31164065923116924,0.3685155924079595,-9.714579942581267,100,2000
1914,41.74293059125964,726.6709511568123,318.4766066838046,2306.0,1.4873382691116643,36135.46735218509,Ezi_3,E(z) RNAi,0.4213270491190495,0.38524444686808623,-11.628881487756125,100,2000
1915,43.739206279982554,732.8482337549062,234.3872655909289,2923.0,1.4694680749438545,44043.697775839515,Ezi_3,E(z) RNAi,0.627537533625891,0.39358888933529834,-9.547955931891131,100,2000
1916,41.75718015665797,745.329634464752,163.49281984334203,1873.0,1.56745520028668,33737.74216710183,Ezi_3,E(z) RNAi,0.8018820809603584,0.4161140262870686,-11.483119258474701,100,2000
1917,43.11133102424542,752.4334487877288,207.9792182088075,2573.0,1.349077332971281,37446.327065809004,Ezi_3,E(z) RNAi,0.6934683439024725,0.43384365695702654,-10.208743506981968,100,2000
1918,44.14150943396226,753.715212264151,225.2193396226415,2493.0,1.632284557276217,31489.785966981133,Ezi_3,E(z) RNAi,0.6513552486747602,0.4375795882733675,-9.204522800415319,100,2000
1919,42.923863055697495,757.4547777210015,274.73939703628,2488.0,1.3936562033691657,33245.37250894226,Ezi_3,E(z) RNAi,0.5304064563253714,0.4484036668218718,-10.496897474322303,100,2000
1920,42.237169517884915,765.042768273717,363.75738724727836,1635.0,1.4511629848804597,29455.127527216173,Ezi_3,E(z) RNAi,0.31304010597656573,0.4697189227515255,-11.320852774834293,100,2000
1921,43.16787439613527,768.1358695652174,217.41425120772948,2149.0,1.5285572580645608,29290.260869565216,Ezi_3,E(z) RNAi,0.6714148887900044,0.46788666828305336,-10.216989981335956,100,2000
1922,44.88461538461539,781.9171087533157,390.079575596817,1963.0,1.4605304898887397,35272.47281167109,Ezi_3,E(z) RNAi,0.2497257242828601,0.5072545215131166,-8.763351324172945,100,2000
1923,44.82638010956595,790.0842815002107,788.6540244416351,3156.0,1.4317818783195915,51344.38010956595,Ezi_3,E(z) RNAi,-0.725239255045395,0.5476579260866401,-9.349159480976759,100,2000
1924,42.364402021336325,803.1757439640651,525.9702414373947,2060.0,1.4100038602832576,36179.56878158338,Ezi_3,E(z) RNAi,-0.08145122796036286,0.5604231136307185,-11.525719744190866,100,2000
1925,44.63600590260698,825.8391539596655,305.1455976389572,2508.0,1.4492011993727536,41712.42547958682,Ezi_3,E(z) RNAi,0.4605069032386411,0.5960563779588626,-9.053522208262052,100,2000
1926,43.68324216807559,834.178518150174,288.0691198408752,2421.0,1.2773989920362758,42857.69318746892,Ezi_3,E(z) RNAi,0.5028557636690765,0.612855584308051,-10.012979056676294,100,2000
1927,43.42882991556092,838.1031363088058,396.9475271411339,2093.0,1.4518545999760994,39767.3009650181,Ezi_3,E(z) RNAi,0.23663772969400076,0.6275038464173126,-10.417217874014852,100,2000
1928,43.84159779614325,851.1604683195592,750.7217630853994,1909.0,1.4554396117276323,38266.979338842975,Ezi_3,E(z) RNAi,-0.6283571722557912,0.6757600174007743,-10.492312765844204,100,2000
1929,42.67578947368421,859.1726315789474,472.19947368421055,2479.0,1.4076474878009824,41564.22894736842,Ezi_3,E(z) RNAi,0.053855660527439175,0.6767855543952224,-11.335712707504712,100,2000
1930,42.651119402985074,883.205223880597,419.3345771144279,2020.0,1.4693131937495303,37791.75310945274,Ezi_3,E(z) RNAi,0.18483174950797343,0.7250070613276891,-11.375105321975624,100,2000
1931,42.365634365634364,893.5904095904095,410.05994005994006,1529.0,1.7417764022116047,31258.606393606395,Ezi_3,E(z) RNAi,0.20821915707865046,0.7466253781489387,-11.683974645363335,100,2000
1932,41.901770416904625,926.7698458023987,631.8977727013136,2443.0,1.3036040310101116,32715.60022844089,Ezi_3,E(z) RNAi,-0.3325295141939847,0.8301954647367114,-12.53803206571667,100,2000
1933,43.39185216295674,944.5963880722386,656.2847543049139,5879.0,1.5339239221743004,38857.606047879046,Ezi_3,E(z) RNAi,-0.3910412141807341,0.8696424463948682,-11.138670510656468,100,2000
1934,42.96506550218341,109.91703056768559,467.48908296943233,589.0,1.9469463056675878,8280.017467248908,Ezi_3,E(z) RNAi,0.015815247720147863,-0.9219011442534137,-8.513838761180125,100,2000
1935,44.038327526132406,150.98815331010454,321.4724738675958,1816.0,1.547402144285594,28965.16585365854,Ezi_3,E(z) RNAi,0.3759029513320622,-0.8426934903271472,-7.395901439439548,100,2000
1936,42.11136890951276,156.05568445475637,633.907192575406,820.0,1.8916919590210601,22393.69837587007,Ezi_3,E(z) RNAi,-0.3884359691703273,-0.8138827839939051,-9.731901467066734,100,2000
1937,43.30671641791045,149.79179104477612,579.2305970149254,1856.0,1.592833649354229,16779.761194029852,Ezi_3,E(z) RNAi,-0.2550335584081672,-0.8303895840168078,-8.446843677126552,100,2000
1938,42.42696629213483,161.70195150798344,447.78296865759904,2396.0,1.4906168402126037,29306.584861028976,Ezi_3,E(z) RNAi,0.06747313691930978,-0.812566380974127,-9.201844802648978,100,2000
1939,43.24650077760498,160.91601866251943,545.6601866251945,1678.0,1.314086296230663,16928.99066874028,Ezi_3,E(z) RNAi,-0.17213433015958057,-0.8085938152865177,-8.502457058956466,100,2000
1940,42.3578811369509,164.1485788113695,326.22868217054264,1968.0,1.4736151078209496,34719.388242894056,Ezi_3,E(z) RNAi,0.3651376311839727,-0.8143558074600047,-9.12668432588302,100,2000
1941,43.02504911591355,163.06041257367386,465.6311394891945,2507.0,1.4837016836084143,31634.832514734775,Ezi_3,E(z) RNAi,0.023878153547983505,-0.8086349093558001,-8.63073835791225,100,2000
1942,43.63855421686747,169.8714859437751,343.7469879518072,567.0,1.853814266414739,18215.726907630524,Ezi_3,E(z) RNAi,0.3226367812756519,-0.8011275457098518,-7.887296291404667,100,2000
1943,43.68421052631579,174.20184481823114,311.023331524688,2518.0,1.6234269958121834,34510.88768312534,Ezi_3,E(z) RNAi,0.4030138301596915,-0.7937758210605679,-7.815189960235585,100,2000
1944,46.105533596837944,196.03320158102767,603.4403162055336,3582.0,1.4778022447117702,28976.962450592884,Ezi_3,E(z) RNAi,-0.31123530643989217,-0.7303247273293709,-5.8343553152824725,100,2000
1945,44.50539811066127,191.59649122807016,454.44669365721995,2150.0,1.6516593440837357,16872.011470985155,Ezi_3,E(z) RNAi,0.05313556507812134,-0.7483918416197122,-7.2325987977677215,100,2000
1946,42.49052132701422,210.03870458135862,397.4399684044234,1592.0,1.5208251208977734,29654.20300157978,Ezi_3,E(z) RNAi,0.1938845490044654,-0.7123497817011513,-9.238136859755727,100,2000
1947,42.93841642228739,248.5796676441838,228.60508308895405,1400.0,1.4326619388320507,25208.21016617791,Ezi_3,E(z) RNAi,0.6096540623412321,-0.6398599892394303,-8.708403386674647,100,2000
1948,43.30947255113025,257.18622174381056,196.33100107642628,2233.0,1.529478098186581,41488.814316469325,Ezi_3,E(z) RNAi,0.6892127560580987,-0.6233573992212423,-8.325883830313472,100,2000
1949,43.734394124847,261.4920440636475,647.4687882496941,3209.0,1.4256885004367945,27073.372501019992,Ezi_3,E(z) RNAi,-0.4146570972819029,-0.5881574323412297,-8.481460067672216,100,2000
1950,42.55123216601816,273.8080415045396,200.7302204928664,991.0,1.3906312678974702,26359.322957198445,Ezi_3,E(z) RNAi,0.6795475294624433,-0.5876492657758159,-9.145691569604637,100,2000
1951,44.21972203838518,288.6168100595632,238.85638649900727,1822.0,1.367732401295713,36325.62541363335,Ezi_3,E(z) RNAi,0.5872092117874073,-0.5538467707916419,-7.574982789239307,100,2000
1952,43.464646464646464,298.2171717171717,197.59027777777777,1996.0,1.497165933520637,35436.875,Ezi_3,E(z) RNAi,0.688844720150297,-0.535750684276646,-8.310658088531127,100,2000
1953,43.85770750988142,310.9169960474308,140.0592885375494,979.0,1.4048803830188072,27404.276679841896,Ezi_3,E(z) RNAi,0.8304900795989434,-0.5119718244834903,-7.88825132092547,100,2000
1954,43.59956474428727,331.1849836779108,125.7671381936888,1299.0,1.739042391840426,49509.32535364527,Ezi_3,E(z) RNAi,0.8668115163805354,-0.46955922176732623,-8.196811283378068,100,2000
1955,43.370565045992116,343.796320630749,167.26938239159,945.0,1.1742123406887532,38961.68199737188,Ezi_3,E(z) RNAi,0.7660703222957939,-0.44026373119625906,-8.520404920890016,100,2000
1956,44.881513204853675,347.4403997144897,202.56959314775162,1753.0,1.476247971280486,41765.41755888651,Ezi_3,E(z) RNAi,0.6799103217143772,-0.43044339880233096,-7.0660412132282175,100,2000
1957,44.812956648806626,361.2089624939114,123.96444227959084,2427.0,1.409703614106707,55313.16999512908,Ezi_3,E(z) RNAi,0.8732064191456137,-0.40560297613051344,-7.082414552373201,100,2000
1958,43.05813953488372,364.91472868217056,147.99922480620154,1588.0,1.3696731690224453,38634.80930232558,Ezi_3,E(z) RNAi,0.8146317785252986,-0.39632430195426216,-8.87986996630822,100,2000
1959,44.102607709750565,364.05385487528343,219.29988662131518,2255.0,1.4017498287010028,46190.94160997732,Ezi_3,E(z) RNAi,0.6400644671766584,-0.3940422916087255,-7.921955663599363,100,2000
1960,45.60097919216646,366.78518971848223,260.28335373317015,2352.0,1.8405213248715673,33020.51101591187,Ezi_3,E(z) RNAi,0.5399344269270849,-0.3858415671964269,-6.484220459458598,100,2000
1961,45.18393898609242,374.15702108568865,187.17676087931807,2624.0,1.4025578571730763,57362.31224764468,Ezi_3,E(z) RNAi,0.7193506858331475,-0.374333053667228,-6.8344019160053975,100,2000
1962,42.78927203065134,369.09578544061304,363.00766283524905,754.0,1.5703164975115362,18887.164750957854,Ezi_3,E(z) RNAi,0.2886789667117029,-0.37500997177216844,-9.432574096048953,100,2000
1963,43.48042024832856,384.61127029608406,173.09646609360075,1420.0,1.386943278521345,35708.90066857688,Ezi_3,E(z) RNAi,0.7545084810490392,-0.3528547832780965,-8.555499725990117,100,2000
1964,44.36382393397524,402.6801925722146,249.4786795048143,1904.0,1.4259520324331196,50165.72764786795,Ezi_3,E(z) RNAi,0.5687569319876242,-0.30989726003090534,-7.828860265443467,100,2000
1965,43.91268656716418,412.1216417910448,140.18507462686568,1618.0,1.4051853373589795,52450.97014925373,Ezi_3,E(z) RNAi,0.8368774189025809,-0.29606021694974805,-8.17471957014299,100,2000
1966,44.74047954866008,423.7968970380818,176.46638457921955,2481.0,1.3111777512095235,56377.69957686883,Ezi_3,E(z) RNAi,0.7488494521495181,-0.2690550495924737,-7.431820730226839,100,2000
1967,45.01275917065391,423.0622009569378,144.01913875598086,1642.0,1.446722426545682,52228.037480063795,Ezi_3,E(z) RNAi,0.8282142577790046,-0.2724912274320024,-7.116358603622395,100,2000
1968,42.504782146652495,430.21041445270987,161.63443145589798,1179.0,1.3369886368798014,41105.24760892667,Ezi_3,E(z) RNAi,0.7855811150065257,-0.25624424065613505,-9.670524338221611,100,2000
1969,44.233285917496445,433.67377904220007,249.95542911332385,2536.0,1.4841412640482643,57271.86723565671,Ezi_3,E(z) RNAi,0.5696408959972585,-0.2437508518190875,-8.064514209741972,100,2000
1970,43.51529140219273,433.92613964223887,206.1863819965378,2160.0,1.3156161215237294,56913.89728793999,Ezi_3,E(z) RNAi,0.6767837739274629,-0.2457412748641724,-8.728444669668164,100,2000
1971,44.42212189616253,443.1518058690745,131.14221218961626,2178.0,1.4540980189875343,57925.7618510158,Ezi_3,E(z) RNAi,0.8610610994699586,-0.23037999479951143,-7.758584836708344,100,2000
1972,44.65942928039702,444.54466501240694,191.07382133995037,2005.0,1.3798420582946516,59157.96153846154,Ezi_3,E(z) RNAi,0.7144707851000582,-0.22395137179787505,-7.601163251301855,100,2000
1973,45.10320114667941,451.640707118968,151.94123268036313,2621.0,1.4744431079129268,61190.75441949355,Ezi_3,E(z) RNAi,0.810715441696727,-0.2110661281220909,-7.1322302416361865,100,2000
1974,42.80594795539034,464.3628252788104,122.1732342007435,1625.0,1.3327110860018356,51381.71747211896,Ezi_3,E(z) RNAi,0.8844204001030684,-0.1856585362622174,-9.435025522314682,100,2000
1975,44.76345840130506,468.58510059815114,223.41653072321915,2349.0,1.4106466044924417,60593.56552474171,Ezi_3,E(z) RNAi,0.6369025880122807,-0.17079941194498927,-7.618781114487852,100,2000
1976,44.20180106426525,476.52599263200983,310.15677445763407,3007.0,1.6510907386453466,56279.65411379452,Ezi_3,E(z) RNAi,0.4251339814330757,-0.14886171569379436,-8.316033556164065,100,2000
1977,44.441949354992836,473.28236980410895,187.99187768752986,2641.0,1.2847957344223908,60374.43430482561,Ezi_3,E(z) RNAi,0.7239156077962394,-0.1628233411334069,-7.911686548324518,100,2000
1978,42.739401496259354,504.6620947630923,377.1234413965087,1129.0,1.7814787379071786,28291.39152119701,Ezi_3,E(z) RNAi,0.2630995421861382,-0.08498738617254176,-9.957319120067368,100,2000
1979,43.56974961676035,552.0444557996934,159.71435871231478,2336.0,1.3787501767159733,60039.222278998466,Ezi_3,E(z) RNAi,0.7983375604219713,0.0035662709531418813,-9.014011923180426,100,2000
1980,45.77113283496262,544.4525589419206,144.93789534215065,2223.0,1.6069676429858584,60668.6354226567,Ezi_3,E(z) RNAi,0.8339942280413071,-0.0134657939376992,-6.768503242616717,100,2000
1981,43.75884433962264,560.340212264151,179.0943396226415,2078.0,1.449515457070897,58836.0100235849,Ezi_3,E(z) RNAi,0.7514536054992369,0.022382701949779538,-8.877207079852944,100,2000
1982,43.387997208653175,565.9853454291696,121.21144452198186,1749.0,1.52545756783331,56170.33984647592,Ezi_3,E(z) RNAi,0.8934957104396639,0.03108566362668097,-9.194471754012227,100,2000
1983,47.04911242603551,558.7011834319527,130.5,2313.0,1.4465552317877326,59423.79940828402,Ezi_3,E(z) RNAi,0.8702697791003684,0.016108217614605458,-5.520469044338391,100,2000
1984,43.22510822510822,585.3448773448773,284.8492063492063,1687.0,1.4531491362973612,58290.93867243867,Ezi_3,E(z) RNAi,0.49427577357437147,0.08181975637659433,-9.627936873724948,100,2000
1985,44.2929194956353,588.5329776915615,149.003879728419,2679.0,1.4670484468990859,60810.33414161009,Ezi_3,E(z) RNAi,0.8269632072706572,0.08079643207004494,-8.400458959011132,100,2000
1986,43.43676355066771,596.8428908091123,192.76355066771407,1590.0,1.464090415451166,57577.34564021995,Ezi_3,E(z) RNAi,0.7204142106050062,0.10104111994920695,-9.339531284968778,100,2000
1987,43.4986301369863,603.3561643835617,176.90319634703195,1335.0,1.3135778317789493,54717.44292237443,Ezi_3,E(z) RNAi,0.7596629286006684,0.11402214397760435,-9.279732001190617,100,2000
1988,43.56341348420556,607.6237623762377,299.02781706742104,2685.0,1.5068849765346435,58719.8882602546,Ezi_3,E(z) RNAi,0.4610467517648671,0.13016815059257314,-9.382551934878173,100,2000
1989,41.578680203045685,609.8832487309645,97.71319796954315,629.0,1.6765011121112352,35605.682741116754,Ezi_3,E(z) RNAi,0.9539166323001023,0.12336685478963383,-11.122332810961929,100,2000
1990,43.029755579171095,618.8687566418704,310.90541976620614,2430.0,1.5123071430925958,33659.47130712008,Ezi_3,E(z) RNAi,0.43272193340503673,0.15483849567940133,-9.969028555374983,100,2000
1991,42.84797507788162,642.0380062305296,215.05607476635515,1961.0,1.44556089159216,53259.54953271028,Ezi_3,E(z) RNAi,0.6688451976587977,0.19873871769662244,-10.108693043458523,100,2000
1992,41.74264705882353,650.1191176470588,188.73823529411766,1259.0,1.6499433599155093,62031.19411764706,Ezi_3,E(z) RNAi,0.7337955124118545,0.21445304838130186,-11.20824854591762,100,2000
1993,44.7796881247501,670.1535385845661,156.5217912834866,3286.0,1.3261729845032377,60293.642143142744,Ezi_3,E(z) RNAi,0.8139615756038976,0.25535786377293523,-8.19837144412616,100,2000
1994,43.807794508414524,675.458813108946,297.2378210806023,3128.0,1.6295911907563256,39174.40788308237,Ezi_3,E(z) RNAi,0.46991478288057875,0.2747819729373526,-9.364684796376999,100,2000
1995,43.9455216989843,669.2465373961219,120.37211449676823,1479.0,1.6123564376093433,52417.92890120037,Ezi_3,E(z) RNAi,0.902379781258795,0.25133259064518265,-8.984122261426315,100,2000
1996,44.85603615235636,736.4286636539703,177.93415106520337,1828.0,1.3076245608793433,33415.49774047773,Ezi_3,E(z) RNAi,0.7659394405751327,0.39798038287649984,-8.37238423112236,100,2000
1997,43.910817031070195,750.8279631760645,147.61162255466053,2072.0,1.528568684971125,44924.84810126582,Ezi_3,E(z) RNAi,0.8411087103936263,0.4269438257426956,-9.328114412570983,100,2000
1998,45.307731434384536,751.6724313326552,288.2227873855544,2516.0,1.3487266144471577,37372.57019328586,Ezi_3,E(z) RNAi,0.49701671645550594,0.43686268359171265,-8.110460487632594,100,2000
1999,42.80896686159844,765.4093567251462,413.6237816764133,1274.0,1.417027425226407,18662.673489278754,Ezi_3,E(z) RNAi,0.19101541857989135,0.47338026507259134,-10.812855225863977,100,2000
2000,44.144715447154475,769.9195121951219,287.6585365853659,1541.0,1.49831105109348,24014.346341463413,Ezi_3,E(z) RNAi,0.49960818896540826,0.4757489337353522,-9.33429510525513,100,2000
2001,44.272401433691755,773.1230585424133,787.4623655913979,1049.0,1.123973815557916,29998.645161290322,Ezi_3,E(z) RNAi,-0.7234432059582827,0.5114011319687939,-9.844441793632853,100,2000
2002,44.41917670682731,778.7294176706828,349.81024096385545,2734.0,1.543485378759965,39501.12198795181,Ezi_3,E(z) RNAi,0.3480748029904932,0.4981289142871681,-9.167517369102264,100,2000
2003,43.515316205533594,785.0029644268775,404.08152173913044,2643.0,1.5454115760155518,48358.03606719367,Ezi_3,E(z) RNAi,0.21566420321466362,0.5146350572015843,-10.160614104966236,100,2000
2004,42.58413461538461,779.2956730769231,310.00961538461536,691.0,1.3876963434465153,20006.014423076922,Ezi_3,E(z) RNAi,0.4455289709382604,0.4970288244934358,-10.954525292896491,100,2000
2005,44.46221786064769,785.9906771344455,321.5520117762512,2968.0,1.5357960181839094,27383.46565260059,Ezi_3,E(z) RNAi,0.41771668626528435,0.5119906900447988,-9.113512057082872,100,2000
2006,44.427540983606555,799.7809836065574,281.26295081967214,1853.0,1.2711815642236701,32787.45901639344,Ezi_3,E(z) RNAi,0.5172360249641796,0.5390869230828308,-9.144148692684453,100,2000
2007,43.816684961580684,796.5076838638859,349.34961580680573,2560.0,1.443846716482514,34673.75521405049,Ezi_3,E(z) RNAi,0.3503800419402623,0.5360250709733865,-9.829380408036336,100,2000
2008,43.50130890052356,810.0765706806283,217.85274869109946,1983.0,1.3889511472090292,33367.28664921466,Ezi_3,E(z) RNAi,0.6731153771433427,0.5573881640204339,-10.02554301871563,100,2000
2009,44.141880341880345,811.3789173789174,361.3931623931624,2488.0,1.3846833931533542,36360.65071225071,Ezi_3,E(z) RNAi,0.321886532368135,0.5684472273050067,-9.569446136484125,100,2000
2010,42.9106463878327,813.0,441.8013307984791,1423.0,1.6812524547702574,17072.945817490494,Ezi_3,E(z) RNAi,0.1251994021233087,0.5765326672586144,-10.907014870764655,100,2000
2011,43.82542472173404,829.2888107791447,322.3749267721148,2136.0,1.5751027835035232,38045.90802577622,Ezi_3,E(z) RNAi,0.4185688838311086,0.6044031653813122,-9.897346353920085,100,2000
2012,44.665091553455404,839.761961015948,369.8670998227998,2110.0,1.5149627360868523,36963.705847607795,Ezi_3,E(z) RNAi,0.3030229235205437,0.6294903007201891,-9.152584503336158,100,2000
2013,43.80661460725769,838.1943040881947,724.6214974735875,2669.0,1.2565541751551002,38455.841984382176,Ezi_3,E(z) RNAi,-0.5653348304932364,0.646593667749978,-10.45082627840678,100,2000
2014,44.126074498567334,865.8973256924546,761.9126074498568,2661.0,1.3760836458355925,30269.287488061127,Ezi_3,E(z) RNAi,-0.6547724788454194,0.707846043843666,-10.27157399915783,100,2000
2015,43.728320194057005,908.0563978168587,420.8083687083081,2202.0,1.479643508949266,35853.75257731959,Ezi_3,E(z) RNAi,0.18286566695306616,0.7781158751867778,-10.38356525634677,100,2000
2016,44.292513634110065,905.9241447694596,441.5741199801686,2541.0,1.265222481703747,37463.867129400096,Ezi_3,E(z) RNAi,0.1318991084676846,0.774768437156057,-9.838236602953536,100,2000
2017,44.078505684894424,907.9057931781267,584.796426637791,2174.0,1.3710950931109962,36980.06605305902,Ezi_3,E(z) RNAi,-0.21850380007648018,0.7872521313452885,-10.238605285656725,100,2000
2018,45.574592074592076,929.263986013986,435.02564102564105,2035.0,1.3515102850192122,34242.30303030303,Ezi_3,E(z) RNAi,0.14946685425043338,0.8241920154767426,-8.626659260531198,100,2000
2019,47.989990900818924,101.73339399454049,360.79890809827117,4011.0,1.1717871823821102,30768.254170457993,Ezi_3,E(z) RNAi,0.2763822672414016,-0.9454745108034271,-3.3275003736823763,100,2000
2020,44.28020014295926,180.37741243745532,357.93352394567546,1880.0,1.6193919171824651,29170.3037884203,Ezi_3,E(z) RNAi,0.28860863978343376,-0.777892217933784,-7.29888102536453,100,2000
2021,45.01779359430605,191.1432384341637,761.5862989323844,1700.0,1.3606072804293914,18107.169928825624,Ezi_3,E(z) RNAi,-0.6986158206058775,-0.7316464192604079,-7.103999972737817,100,2000
2022,44.940946803318695,213.64080039043435,254.11664226451927,2469.0,1.421566504001662,34910.15617374329,Ezi_3,E(z) RNAi,0.5448977348805915,-0.7129110223279428,-6.620068272093455,100,2000
2023,45.130963972736126,219.3904576436222,228.17088607594937,2494.0,1.2390087372157725,42334.062804284324,Ezi_3,E(z) RNAi,0.6087794514665084,-0.702139611113678,-6.416891480528406,100,2000
2024,44.79382470119522,232.175796812749,329.20169322709165,2475.0,1.503966322045268,38814.350099601594,Ezi_3,E(z) RNAi,0.36235474120789757,-0.669041482729968,-6.923892300918872,100,2000
2025,43.96355604638321,237.5753727222529,462.31529541689673,2138.0,1.5704725225424305,37260.63003865268,Ezi_3,E(z) RNAi,0.036920620426385664,-0.6498534980125059,-7.939361996308911,100,2000
2026,46.31748466257669,241.03169734151328,192.76226993865032,2294.0,1.2641134987640517,45043.25255623722,Ezi_3,E(z) RNAi,0.6968698827081017,-0.6580044013090347,-5.25893666122488,100,2000
2027,42.91935483870968,247.8405017921147,336.923835125448,1408.0,1.5282135778089967,29399.31810035842,Ezi_3,E(z) RNAi,0.34449656664526573,-0.6351917234571806,-8.860863415679198,100,2000
2028,45.35768556399766,262.15371127995326,303.583284628872,2098.0,1.5706128944650155,38862.13617767388,Ezi_3,E(z) RNAi,0.42703707379430966,-0.6065613621629166,-6.428989075943775,100,2000
2029,43.56318407960199,273.99203980099503,324.96616915422885,1334.0,1.7332119990685073,21092.516417910447,Ezi_3,E(z) RNAi,0.3754910525933832,-0.5800863524438971,-8.290226842512112,100,2000
2030,44.59090909090909,301.15987460815046,261.68260188087777,1636.0,1.4980073368695117,23798.905956112852,Ezi_3,E(z) RNAi,0.5321711145851418,-0.5257693644971628,-7.274733325956078,100,2000
2031,44.73337028824834,328.86141906873615,239.0260532150776,2275.0,1.5698934033445864,33182.5332594235,Ezi_3,E(z) RNAi,0.5894549388949486,-0.46797780714819437,-7.197266309758234,100,2000
2032,44.96415270018622,349.15875232774675,179.85009310986965,2550.0,1.4175345903471421,54720.10102420857,Ezi_3,E(z) RNAi,0.7356294292677636,-0.4280868976275062,-6.960694260715556,100,2000
2033,44.56983240223464,343.37895716945997,250.36033519553072,2238.0,1.739256117775322,25138.98603351955,Ezi_3,E(z) RNAi,0.56267533698628,-0.4363546487595604,-7.42397957779842,100,2000
2034,45.294182217343575,356.3309549945115,233.64818880351262,2328.0,1.3522803518205855,42838.24643249177,Ezi_3,E(z) RNAi,0.6044328820701297,-0.4096819319010414,-6.7223458392707585,100,2000
2035,44.934954007884365,361.12286465177397,198.75427069645204,1909.0,1.5997360341804674,45478.21222076216,Ezi_3,E(z) RNAi,0.6901533039407626,-0.4014736344845694,-7.05395517824936,100,2000
2036,44.13483146067416,377.9948927477017,125.77221654749745,1300.0,1.4669153843858431,28253.12257405516,Ezi_3,E(z) RNAi,0.8698943476238685,-0.3696935710355994,-7.8194099416116245,100,2000
2037,47.76135488837567,396.00846805234795,225.95150115473442,1886.0,1.3021498530591926,55796.58506543495,Ezi_3,E(z) RNAi,0.6258883231852077,-0.3254621291685158,-4.379336453850954,100,2000
2038,45.54058441558441,405.73160173160176,153.32142857142858,2223.0,1.4025368292041664,54852.39826839827,Ezi_3,E(z) RNAi,0.8042989954507336,-0.30892311989009436,-6.541763540269812,100,2000
2039,43.95846645367412,425.61182108626195,86.52555910543131,788.0,1.493077038647602,19722.92012779553,Ezi_3,E(z) RNAi,0.96910067595844,-0.2703745683390447,-8.10711395704839,100,2000
2040,44.644121365360306,445.4911504424779,277.02022756005056,1914.0,1.419774331341864,53433.53666245259,Ezi_3,E(z) RNAi,0.5041808030076143,-0.21697692538982805,-7.727486888461094,100,2000
2041,44.697744360902256,456.6458646616541,134.80225563909775,1617.0,1.4010339187731693,57504.55563909774,Ezi_3,E(z) RNAi,0.8529951299670182,-0.20137954584134465,-7.533061438673229,100,2000
2042,44.7556338028169,455.3323943661972,214.45281690140845,1804.0,1.3860142141609648,56660.32605633803,Ezi_3,E(z) RNAi,0.6579644220197891,-0.19958881965025654,-7.5706685682607215,100,2000
2043,44.63022113022113,456.9060196560197,390.0835380835381,2015.0,1.3756384206218353,33710.32371007371,Ezi_3,E(z) RNAi,0.22821512093299012,-0.18610637317192147,-7.921724544224169,100,2000
2044,45.28407026044821,465.3791641429437,333.22107813446394,1988.0,1.4837565611028651,51761.11932162326,Ezi_3,E(z) RNAi,0.36794389882501743,-0.17130401989006927,-7.225116587392385,100,2000
2045,44.619448698315466,476.58116385911177,125.04517611026034,1722.0,1.4146978617938777,58922.2404287902,Ezi_3,E(z) RNAi,0.8781945219417127,-0.15941389691314167,-7.6663430185880586,100,2000
2046,43.84979054458408,542.0754039497307,207.3123877917415,2132.0,1.3831967661691722,61466.126271693596,Ezi_3,E(z) RNAi,0.6811817257821642,-0.014954731773622831,-8.760068580273789,100,2000
2047,44.322784810126585,556.0715189873417,287.326582278481,2009.0,1.6641858847192843,62473.18164556962,Ezi_3,E(z) RNAi,0.48627267872510105,0.019520533003585472,-8.434657787380466,100,2000
2048,44.72417107160019,567.2340221047573,274.0634310427679,2728.0,1.4947141827492112,60210.621335896205,Ezi_3,E(z) RNAi,0.5194713885288491,0.0425721592504249,-8.054277792012321,100,2000
2049,44.75470552519733,561.1718275652702,216.20947176684882,2070.0,1.4853189922588015,58917.86035215543,Ezi_3,E(z) RNAi,0.6606670135078883,0.02630399121241722,-7.93071953953541,100,2000
2050,46.01313628899836,576.1806239737274,141.63875205254516,2479.0,1.5080434021443145,59186.141215106734,Ezi_3,E(z) RNAi,0.8441671675851812,0.05403250879117549,-6.629357941661546,100,2000
2051,43.620427881297445,604.5231193926846,237.53002070393376,1805.0,1.434040741283968,58019.38578329883,Ezi_3,E(z) RNAi,0.6113564684701025,0.12000808099384064,-9.237929680693135,100,2000
2052,44.504430811179276,611.7382413087935,207.37150647580094,1850.0,1.657353416145322,60600.78050443081,Ezi_3,E(z) RNAi,0.6856438262615647,0.13366797649624718,-8.340428446448115,100,2000
2053,46.003962357602774,616.4754829123328,135.2451708766716,2500.0,1.5448825228346796,54322.65626547796,Ezi_3,E(z) RNAi,0.8624811662975131,0.13962645860811906,-6.766395796167991,100,2000
2054,44.26186291739894,623.381956649092,271.09431751611015,2177.0,1.5175357390463338,55813.19917984769,Ezi_3,E(z) RNAi,0.5304541258652127,0.1621802657314737,-8.702203913162862,100,2000
2055,45.194847775175646,645.944262295082,230.56487119437938,2587.0,1.439268353013179,52170.137236533956,Ezi_3,E(z) RNAi,0.6311393747584457,0.20798333043623152,-7.7944650307692385,100,2000
2056,43.87916666666667,644.9166666666666,184.4625,549.0,1.8452990194284935,63992.504166666666,Ezi_3,E(z) RNAi,0.7439100554401628,0.2031234503172774,-9.048834589641402,100,2000
2057,50.57845601436266,653.4768402154399,181.52926391382405,3878.0,1.4841828439193687,58453.474326750445,Ezi_3,E(z) RNAi,0.7516363465987816,0.22126477437024028,-2.3747759127964514,100,2000
2058,46.41845979614949,669.4841449603624,262.2338618346546,2832.0,1.8266860069636228,29520.152321630805,Ezi_3,E(z) RNAi,0.5551837921913123,0.2600367317057677,-6.689974029136408,100,2000
2059,45.45915201654602,662.870734229576,273.86246122026887,1358.0,1.8635231912644938,33717.99689762151,Ezi_3,E(z) RNAi,0.5262881665926282,0.24659157089292005,-7.6415620617748345,100,2000
2060,46.64940239043825,690.5517928286853,197.23837981407704,2027.0,1.534335128659609,42570.361221779545,Ezi_3,E(z) RNAi,0.7156524430015132,0.3012354514855937,-6.448538627580177,100,2000
2061,45.436745406824144,709.8278215223097,307.550656167979,2414.0,1.2955729248933148,33795.2467191601,Ezi_3,E(z) RNAi,0.4469433600159767,0.3487092062405317,-7.864583896961385,100,2000
2062,44.80213903743316,715.166963755199,475.27153891859774,2168.0,1.3453379562921057,33708.349376114085,Ezi_3,E(z) RNAi,0.03680384291630334,0.36976502709900894,-8.727605320707596,100,2000
2063,45.47062937062937,718.2125874125874,291.9216783216783,2065.0,1.3677075757187849,31312.903496503495,Ezi_3,E(z) RNAi,0.48574967853907247,0.36569589741921815,-7.839368500660655,100,2000
2064,45.32996632996633,726.9135802469136,301.4270482603816,2301.0,1.4155855878240984,33272.47923681257,Ezi_3,E(z) RNAi,0.46306144557758366,0.38480510229756293,-8.021297663745663,100,2000
2065,44.18518518518518,729.7957516339869,201.17919389978215,2282.0,1.5478894225384587,44792.12037037037,Ezi_3,E(z) RNAi,0.7086106186124244,0.38516548051205435,-9.050024958030207,100,2000
2066,43.3689111747851,747.6296561604585,747.8760744985674,2034.0,1.6476152306617051,29732.06088825215,Ezi_3,E(z) RNAi,-0.6282402896520671,0.4547260493871452,-10.612292669008092,100,2000
2067,45.5140931372549,759.0471813725491,341.3578431372549,1965.0,1.3911829836449807,39820.28676470588,Ezi_3,E(z) RNAi,0.36745670233590966,0.4556606244996446,-7.995630307491801,100,2000
2068,45.14742628685657,776.4272863568216,274.0364817591204,2484.0,1.4739439736322886,39725.71364317841,Ezi_3,E(z) RNAi,0.5333756570740009,0.48885411521566824,-8.336447170208679,100,2000
2069,44.94092039800995,782.5080845771145,229.57462686567163,2123.0,1.7246479909976236,41009.19154228856,Ezi_3,E(z) RNAi,0.6425983056811404,0.49926150518826495,-8.507678204167298,100,2000
2070,44.46284691136974,789.5613249776186,256.8755595344673,1441.0,1.5175294782731976,27401.026857654433,Ezi_3,E(z) RNAi,0.576247629812936,0.5158790740499137,-9.043784380977101,100,2000
2071,45.48131370328426,796.7678369195924,421.09682899207246,2103.0,1.4034663134442367,46147.17270668177,Ezi_3,E(z) RNAi,0.17479219975763116,0.5407288662723835,-8.255650176161836,100,2000
2072,42.73994638069705,805.0187667560322,373.97855227882036,508.0,1.3699941869763568,20039.90616621984,Ezi_3,E(z) RNAi,0.290667190405939,0.5555943054636387,-10.965711887429165,100,2000
2073,43.979667282809615,798.4269870609982,378.4121996303142,762.0,1.5140635872383181,20028.84842883549,Ezi_3,E(z) RNAi,0.27937628001071135,0.541796433569709,-9.709331995121673,100,2000
2074,45.460732984293195,821.0272251308901,349.19685863874344,1357.0,1.4980931343870645,35832.61465968587,Ezi_3,E(z) RNAi,0.3523713612715951,0.5883367371547557,-8.267837840004923,100,2000
2075,45.070943861813696,845.4077729796422,410.45280690931526,1980.0,1.5078740559459831,43353.46082665022,Ezi_3,E(z) RNAi,0.20406231819748233,0.643877724424974,-8.816690788380782,100,2000
2076,44.976476738107685,860.453214845792,779.8118139048614,2282.0,1.575885231193859,40440.22164140094,Ezi_3,E(z) RNAi,-0.6989431247068679,0.6972700902748488,-9.425273705935709,100,2000
2077,45.03409090909091,895.8131818181819,570.2595454545454,2647.0,1.3402435715705792,43443.70818181818,Ezi_3,E(z) RNAi,-0.18372771123078147,0.7606232713703722,-9.224009489077517,100,2000
2078,44.892857142857146,916.8565848214286,703.98046875,2318.0,1.4733891149861293,32710.036272321428,Ezi_3,E(z) RNAi,-0.5096152615376763,0.8132248868735321,-9.603965841360285,100,2000
2079,45.70742601898381,913.4835287548856,497.91233947515354,2244.0,1.3031497761184347,37693.48632049135,Ezi_3,E(z) RNAi,-0.0054918311529073005,0.7941537308347846,-8.51950472630493,100,2000
2080,44.290095525389646,961.2006033182504,465.22121669180495,2371.0,1.4662020117129466,30485.12669683258,Ezi_3,E(z) RNAi,0.07768007553956213,0.8940553321299638,-10.056728157941613,100,2000
2081,46.06764091858037,82.72693110647181,315.42087682672235,2736.0,1.3454300098340195,31815.71064718163,Ezi_3,E(z) RNAi,0.38619244262189034,-0.9886520795057462,-5.128814048373457,100,2000
2082,46.19626926196269,113.77818329278183,496.9890510948905,3273.0,1.4542831497097306,17760.54176804542,Ezi_3,E(z) RNAi,-0.05613927657220985,-0.9119396421065145,-5.332685926959577,100,2000
2083,44.30061349693251,117.36196319018404,391.47852760736197,784.0,1.7294725168494853,18451.21063394683,Ezi_3,E(z) RNAi,0.20233876053707922,-0.910391378309784,-7.108046713860361,100,2000
2084,44.78745387453875,117.65313653136532,344.4774907749077,1653.0,1.5118383995324722,24881.09003690037,Ezi_3,E(z) RNAi,0.3173910257053185,-0.9124765912526651,-6.563226275785247,100,2000
2085,46.22113502935421,149.27592954990214,305.8238747553816,2383.0,1.3739856773876151,30669.44227005871,Ezi_3,E(z) RNAi,0.41408319122366666,-0.8472326306908753,-5.187702047139894,100,2000
2086,47.47960444993819,152.76761433868975,253.8399258343634,1966.0,1.4799609728317553,39128.25339925834,Ezi_3,E(z) RNAi,0.5415406027120759,-0.8427717543129597,-3.8757992321219774,100,2000
2087,46.40915805022156,162.13638601674052,241.56129985228952,2531.0,1.43215994812767,43616.67749876908,Ezi_3,E(z) RNAi,0.5722152242950318,-0.8235006984964748,-4.962428563943149,100,2000
2088,45.96532663316583,179.54824120603016,779.5688442211056,3005.0,1.7245749223712912,19407.461809045228,Ezi_3,E(z) RNAi,-0.7433976354313885,-0.7553387961645006,-6.139931626890402,100,2000
2089,49.38258164852255,183.51477449455678,546.1772939346812,1850.0,1.6531070650367299,6905.805598755832,Ezi_3,E(z) RNAi,-0.17192235819635926,-0.7603085743652994,-2.4432736956103085,100,2000
2090,44.68516355140187,193.38317757009347,327.9369158878505,2280.0,1.38432462982225,32418.468457943924,Ezi_3,E(z) RNAi,0.3628841877673694,-0.7518730555424161,-6.900146929391525,100,2000
2091,47.88509816543289,187.74348245896363,745.235275185066,4995.0,1.4917081708207571,22443.689411007403,Ezi_3,E(z) RNAi,-0.6588299965680326,-0.7398211657151026,-4.204735906687766,100,2000
2092,46.37418709354677,198.36418209104554,390.45972986493246,2415.0,1.646971576619247,44178.14607303652,Ezi_3,E(z) RNAi,0.2101851812529143,-0.7376297479807601,-5.306369564115215,100,2000
2093,44.68269230769231,225.36858974358975,316.25,551.0,1.6644878313957776,20000.410256410258,Ezi_3,E(z) RNAi,0.3936038062080769,-0.684311131152332,-6.995819711367453,100,2000
2094,45.21460317460318,234.05142857142857,221.80698412698413,1913.0,1.3972653329578668,26042.492698412698,Ezi_3,E(z) RNAi,0.6253246954518004,-0.6712290835950094,-6.3747097071385,100,2000
2095,46.098637602179835,243.5177111716621,302.1662125340599,2439.0,1.4157375071919585,31058.346049046322,Ezi_3,E(z) RNAi,0.42927033391380953,-0.6463946128361447,-5.6234184679548775,100,2000
2096,45.427991886409735,242.56186612576064,364.16430020283974,1378.0,1.544123729280996,21603.907707910752,Ezi_3,E(z) RNAi,0.277469544943872,-0.6448640267558252,-6.3686161458715915,100,2000
2097,45.32818791946309,260.9214765100671,284.6906040268456,1984.0,1.5173584703838545,26624.675167785233,Ezi_3,E(z) RNAi,0.47319521210568105,-0.6102796413997663,-6.430629301581227,100,2000
2098,45.011830985915495,281.99887323943665,280.43718309859156,2203.0,1.7044039900717767,38940.24281690141,Ezi_3,E(z) RNAi,0.48500071083597085,-0.5655619170678285,-6.812726681976827,100,2000
2099,47.47728860936408,291.4640111809923,276.8721174004193,1895.0,1.3827680900395651,41761.50593990216,Ezi_3,E(z) RNAi,0.49434532108001794,-0.5455571905841248,-4.374731444094465,100,2000
2100,46.649853372434016,312.35894428152494,186.27800586510264,2054.0,1.4227383498896071,42883.54604105572,Ezi_3,E(z) RNAi,0.7174578514191374,-0.5062105522566145,-5.1589698350975794,100,2000
2101,45.496153846153845,326.94175824175824,382.2241758241758,2164.0,1.479026110103956,34393.182417582415,Ezi_3,E(z) RNAi,0.23885034178026454,-0.46381122986009693,-6.607663209433937,100,2000
2102,47.08857808857809,330.94172494172494,207.38170163170165,2003.0,1.2827760943075652,41788.230186480185,Ezi_3,E(z) RNAi,0.6670349719732303,-0.46534719975159755,-4.80938969811816,100,2000
2103,44.51226158038147,340.81607629427793,139.8950953678474,955.0,1.412413157614716,41643.07356948229,Ezi_3,E(z) RNAi,0.8328680979089111,-0.4481916202590227,-7.334323197915303,100,2000
2104,43.816964285714285,336.20982142857144,222.4404761904762,1070.0,1.6729429721195377,30812.366071428572,Ezi_3,E(z) RNAi,0.6305366642698202,-0.4532640917784372,-8.117639732376055,100,2000
2105,45.55773955773956,353.14578214578216,258.7903357903358,1911.0,1.3710787729373621,29312.309582309583,Ezi_3,E(z) RNAi,0.5426863539667977,-0.4150254625101295,-6.479591017149261,100,2000
2106,44.88133874239351,353.8473630831643,289.5238336713996,2453.0,1.5544437189930258,45426.35953346856,Ezi_3,E(z) RNAi,0.4675148826662896,-0.411761676089742,-7.196910066491789,100,2000
2107,46.9941141848146,349.08887580929957,272.3743378457916,2163.0,1.4301092015884644,30348.45615067687,Ezi_3,E(z) RNAi,0.5091672154945917,-0.42288657893482606,-5.046586516796239,100,2000
2108,44.39244951712028,374.82089552238807,456.1624231782265,1579.0,1.535676899159186,23923.66900790167,Ezi_3,E(z) RNAi,0.061058166558482174,-0.35741372210468714,-7.965580846151518,100,2000
2109,48.70033482142857,370.22154017857144,144.94252232142858,2251.0,1.4296676480345305,52937.74609375,Ezi_3,E(z) RNAi,0.8224480305908224,-0.38513830659307113,-3.25177240589872,100,2000
2110,46.385547785547786,379.53006993006994,261.8941724941725,2610.0,1.5070161012990975,52392.85268065268,Ezi_3,E(z) RNAi,0.5368328942509033,-0.3585538242842973,-5.74465694281821,100,2000
2111,46.32739156268568,388.2067736185383,285.9827688651218,2324.0,1.671375742757694,41381.35353535353,Ezi_3,E(z) RNAi,0.47845057423399506,-0.33865501686103683,-5.862293291786791,100,2000
2112,45.11577424023155,378.98263386396525,99.49782923299566,883.0,1.386633105110705,23974.83502170767,Ezi_3,E(z) RNAi,0.9342631000634429,-0.3690941481688216,-6.8088419202046495,100,2000
2113,45.63627304434479,389.6576980568012,210.35774788241156,2400.0,1.4953445703670007,57117.80368709517,Ezi_3,E(z) RNAi,0.6636397245205692,-0.33992500881081966,-6.463424911301111,100,2000
2114,45.07015985790409,394.1278863232682,162.4031971580817,1391.0,1.292239890720994,42954.862344582594,Ezi_3,E(z) RNAi,0.781305169392221,-0.3331575883236483,-6.984447747630334,100,2000
2115,44.62841530054645,404.3360655737705,213.64344262295083,957.0,1.3369094857347903,51023.33469945355,Ezi_3,E(z) RNAi,0.656571972751973,-0.30842893644768365,-7.524897580694493,100,2000
2116,49.23525179856115,408.64724220623503,340.7340527577938,5889.0,1.6173509649912123,50240.617745803356,Ezi_3,E(z) RNAi,0.3457915553383193,-0.2918706342672043,-3.092070802843395,100,2000
2117,46.17253521126761,422.07142857142856,258.2062374245473,2326.0,1.5123248297161365,51718.95221327968,Ezi_3,E(z) RNAi,0.5486740626963376,-0.268012808689014,-6.09650228577506,100,2000
2118,45.47856806406029,425.43099387658975,305.9062647197362,2538.0,1.353696352454507,57368.380593499765,Ezi_3,E(z) RNAi,0.4321531382692485,-0.2581005312915565,-6.861636338405667,100,2000
2119,45.90013805798436,430.2797975149563,291.94845835250806,2626.0,1.567397141342601,58052.12057063967,Ezi_3,E(z) RNAi,0.46663425653009605,-0.2485580798018514,-6.4389097779443745,100,2000
2120,46.21478463329453,442.3352735739232,262.604772991851,2082.0,1.3258010092082457,56077.26833527358,Ezi_3,E(z) RNAi,0.5392491745047125,-0.22452921840420026,-6.128106425271994,100,2000
2121,45.99088838268793,455.7625284738041,229.55410022779043,2168.0,1.604953624696937,57531.98804100228,Ezi_3,E(z) RNAi,0.6210291786221134,-0.19779153168312125,-6.355817818693787,100,2000
2122,47.262574988463314,471.6677434240886,110.4656206737425,2641.0,1.2600146739528397,61014.58237194278,Ezi_3,E(z) RNAi,0.9135452011898106,-0.170717296930472,-4.98837369545781,100,2000
2123,46.56054054054054,475.6621621621622,209.28702702702702,2268.0,1.5276438445341873,60344.16594594595,Ezi_3,E(z) RNAi,0.6719474304374022,-0.15650323211630945,-5.8278501916583,100,2000
2124,45.48790601243953,482.1935038009675,228.03109882515548,1755.0,1.4874676607190993,60596.93227366966,Ezi_3,E(z) RNAi,0.6265067192555822,-0.14149673132365126,-6.94601857368346,100,2000
2125,46.50905797101449,484.1201690821256,143.34057971014494,2249.0,1.3160781893869535,63313.20108695652,Ezi_3,E(z) RNAi,0.8339101488447214,-0.142262050065166,-5.825122009384465,100,2000
2126,49.30129198966408,534.9095607235142,243.68372093023257,2589.0,1.2532799812910795,60965.24134366925,Ezi_3,E(z) RNAi,0.5916737998448942,-0.028105251301347223,-3.3300669193232935,100,2000
2127,45.84902411021814,549.8214695752009,267.2215843857635,2125.0,1.5233286601871976,60487.242250287025,Ezi_3,E(z) RNAi,0.5350615554612492,0.0050389539817756734,-6.862128813111255,100,2000
2128,45.889870435806834,563.1737338044759,256.04004711425205,2343.0,1.5541670506083565,59784.302709069496,Ezi_3,E(z) RNAi,0.5633114376061383,0.032879484994909225,-6.8522823679477725,100,2000
2129,47.5413948820873,561.8916206723533,190.9252383341696,2616.0,1.3721613007097397,58383.81133968891,Ezi_3,E(z) RNAi,0.7225895097632362,0.026402000326849473,-5.114755234157705,100,2000
2130,45.85585585585586,579.1975975975976,117.31471471471471,1980.0,1.377754838024292,56370.197597597595,Ezi_3,E(z) RNAi,0.9038999535205428,0.05906515493775366,-6.766295690707018,100,2000
2131,45.76724137931034,586.417487684729,180.70812807881774,1125.0,1.5016774774965769,42627.837438423645,Ezi_3,E(z) RNAi,0.7492233457664392,0.07812204595120176,-6.958787168575192,100,2000
2132,45.14006791171477,597.4219015280136,130.02631578947367,1556.0,1.3597854922149024,48099.089134125636,Ezi_3,E(z) RNAi,0.8739961816745601,0.09867150512660028,-7.559483563309215,100,2000
2133,44.67667436489607,612.594688221709,161.64087759815243,1189.0,1.4536879777287106,57414.47575057737,Ezi_3,E(z) RNAi,0.7976250778765115,0.132859645908316,-8.11370283923398,100,2000
2134,47.432502596054,608.2009345794393,278.8245067497404,2546.0,1.365889616578797,60275.785046728975,Ezi_3,E(z) RNAi,0.5105212415313962,0.1302627151331488,-5.490088194575861,100,2000
2135,47.1054813450023,619.5310916628282,288.8217411331184,2709.0,1.4694190833937313,53037.506218332564,Ezi_3,E(z) RNAi,0.4868036443504953,0.15500782729468443,-5.867857675382162,100,2000
2136,45.8206106870229,646.4651717557252,128.03912213740458,2404.0,1.2610561385015713,59334.666030534354,Ezi_3,E(z) RNAi,0.8821024090570568,0.20318786328484473,-7.041839190623378,100,2000
2137,47.43462075383899,634.3369008841322,239.63983248022336,2921.0,1.4036818995912759,56148.49976733364,Ezi_3,E(z) RNAi,0.6081542512152891,0.18376038520480864,-5.526948409671924,100,2000
2138,46.10883720930232,657.68,214.60744186046512,1463.0,1.447690909198585,30965.488372093023,Ezi_3,E(z) RNAi,0.6709687566481799,0.23210624297896998,-6.9000381760929415,100,2000
2139,44.808484848484845,656.5248484848485,376.88848484848484,1047.0,1.4788475164063684,17293.266666666666,Ezi_3,E(z) RNAi,0.2737154274611491,0.2389890442163456,-8.400076237455465,100,2000
2140,45.458333333333336,665.815625,139.26979166666666,1278.0,1.5481235953532273,42810.932291666664,Ezi_3,E(z) RNAi,0.8558966923330975,0.24511385651462247,-7.48345853599335,100,2000
2141,45.85363984674329,672.6206896551724,202.04904214559386,1725.0,1.5134345964963938,38973.23831417625,Ezi_3,E(z) RNAi,0.7026944183918695,0.263253889562751,-7.189862756274302,100,2000
2142,46.694063926940636,683.510502283105,148.53698630136986,2738.0,1.41475671840794,57703.17214611872,Ezi_3,E(z) RNAi,0.8343824758192473,0.28340634737805104,-6.319033956527782,100,2000
2143,46.62940857297884,689.508952794357,227.31090613130766,2403.0,1.5101345721948596,38519.574606619644,Ezi_3,E(z) RNAi,0.6419814164450959,0.30074445466088884,-6.502743052180968,100,2000
2144,47.28947368421053,684.1411483253588,260.84736842105264,2571.0,1.3100263231214624,41077.12583732057,Ezi_3,E(z) RNAi,0.559544393083776,0.2912314972936152,-5.866653691875705,100,2000
2145,46.35294117647059,689.9124331550802,113.79545454545455,1840.0,1.2896578916160988,45812.367647058825,Ezi_3,E(z) RNAi,0.9198363961811113,0.2950582856876247,-6.638158552277147,100,2000
2146,45.90607161390763,714.7088738972496,190.60871821484173,2286.0,1.3622302696119934,45815.75557861962,Ezi_3,E(z) RNAi,0.7334787151731863,0.35238308200169155,-7.2650114952888885,100,2000
2147,45.98814722395508,719.1285090455397,207.65003119151592,1952.0,1.3658608550669715,45398.72613849033,Ezi_3,E(z) RNAi,0.6920624914198312,0.3627948095186335,-7.21921977914981,100,2000
2148,45.289002557544755,742.6464194373401,273.31649616368287,1910.0,1.5065899700464205,27937.066496163683,Ezi_3,E(z) RNAi,0.53290258134571,0.41674754515736034,-8.080050436076554,100,2000
2149,48.77024070021882,752.267896217568,746.1609878086903,4403.0,1.5877764192725916,45000.52641450453,Ezi_3,E(z) RNAi,-0.6237511682821029,0.464561357118378,-5.2244878321767345,100,2000
2150,46.40642201834862,787.2211009174312,801.8403669724771,2561.0,1.4603535162720838,51971.935779816515,Ezi_3,E(z) RNAi,-0.7577065635638273,0.5423215492458882,-7.776015307992388,100,2000
2151,45.03270509977827,808.6169623059867,386.74556541019956,2321.0,1.4554610313270628,28489.25332594235,Ezi_3,E(z) RNAi,0.2596516180962296,0.5640232450034912,-8.701118937379292,100,2000
2152,46.23616657159156,813.8288648031945,275.5470621791215,2315.0,1.3890926163506494,37731.77923559612,Ezi_3,E(z) RNAi,0.5321497936460176,0.5687394185528165,-7.37573716125538,100,2000
2153,45.840796019900495,815.2752902155887,332.57269209508013,2366.0,1.4570199093483711,35238.52459922609,Ezi_3,E(z) RNAi,0.3926771685663073,0.5751101702020389,-7.847524361470867,100,2000
2154,45.30551053484603,817.4019448946516,372.29983792544573,1901.0,1.6572585523291754,26844.03889789303,Ezi_3,E(z) RNAi,0.2955877443741919,0.581933693014113,-8.439817700290135,100,2000
2155,44.93631436314363,832.0826558265583,383.6639566395664,2009.0,1.4637498682282697,34444.17005420054,Ezi_3,E(z) RNAi,0.26874649802636585,0.6139051804444318,-8.872775616887218,100,2000
2156,45.05736137667304,840.3588272785214,352.6940726577438,2023.0,1.3780611842320094,39081.51688973869,Ezi_3,E(z) RNAi,0.345092039965158,0.629776330808034,-8.74078559978225,100,2000
2157,45.6828729281768,848.7060773480663,276.6375690607735,2412.0,1.4644332450788193,28580.01104972376,Ezi_3,E(z) RNAi,0.5317897264764977,0.6432032382268109,-8.048010611136647,100,2000
2158,44.827646544181974,852.5459317585302,395.7944006999125,1719.0,1.420144110126941,42297.10323709536,Ezi_3,E(z) RNAi,0.24041149400486006,0.6582589240900452,-9.065668616699718,100,2000
2159,46.33235509904622,862.2736610418195,371.5465884079237,2155.0,1.3341530087848439,30300.47615553925,Ezi_3,E(z) RNAi,0.30039694862198507,0.677624367994661,-7.563354227733235,100,2000
2160,46.715894868585735,866.2027534418022,398.7271589486859,1217.0,1.999002449560299,38094.464330413015,Ezi_3,E(z) RNAi,0.23413172101158475,0.6875763871286289,-7.22716626237883,100,2000
2161,44.82590051457976,884.5874785591767,434.2349914236707,1825.0,1.4286107911550456,24233.872212692968,Ezi_3,E(z) RNAi,0.14844844409726443,0.7288307922432931,-9.22369292751165,100,2000
2162,46.60290166577109,887.0886620096722,484.48253627082215,2430.0,1.408870592898369,36940.38903815153,Ezi_3,E(z) RNAi,0.025628682158448157,0.7370766857937645,-7.518175969992015,100,2000
2163,45.148648648648646,893.543918918919,325.00844594594594,917.0,1.459427198348048,22017.18412162162,Ezi_3,E(z) RNAi,0.41637051394624014,0.7416426362666084,-8.794120290424665,100,2000
2164,44.67519908987486,949.4704209328783,474.97667804323095,2448.0,1.4267074730564209,34041.86234357224,Ezi_3,E(z) RNAi,0.05302659307816571,0.8695961262184055,-9.644308481443566,100,2000
2165,45.55567010309279,99.3020618556701,340.7979381443299,1294.0,1.479279657866037,21331.765979381442,Ezi_3,E(z) RNAi,0.3251804477480107,-0.9518322479369619,-5.728514104930525,100,2000
2166,45.68739400791407,152.68343697003957,626.5206331260599,2397.0,1.703469902136665,17573.671565856417,Ezi_3,E(z) RNAi,-0.3705907458165847,-0.8214768345023513,-6.13526059133293,100,2000
2167,45.695995145631066,162.1868932038835,381.50060679611653,2251.0,1.6067306667391563,22019.361650485436,Ezi_3,E(z) RNAi,0.22972107575562273,-0.8153296997407702,-5.851317960448988,100,2000
2168,45.57741935483871,170.81096774193549,409.92451612903227,1829.0,1.5048967018861228,26361.878064516128,Ezi_3,E(z) RNAi,0.1607248274269295,-0.7952936476188671,-6.034634871285,100,2000
2169,46.64988814317673,176.2695749440716,249.49552572706935,1332.0,1.4237539760262254,27475.702460850112,Ezi_3,E(z) RNAi,0.5537306343822392,-0.7928905859224347,-4.779314802996275,100,2000
2170,46.84654950707244,172.5636519502786,689.9335619374197,2983.0,1.5075564468747826,25555.89069867124,Ezi_3,E(z) RNAi,-0.5244811061874457,-0.7754009691852133,-5.122708656668436,100,2000
2171,48.16743708269132,181.819209039548,271.0693374422188,2657.0,1.7005133549173215,43970.940934771446,Ezi_3,E(z) RNAi,0.5012918520854268,-0.7797964263633471,-3.307555952040687,100,2000
2172,46.10906040268456,226.3993288590604,169.5771812080537,873.0,1.5758472679534359,18385.40268456376,Ezi_3,E(z) RNAi,0.7526476327700513,-0.6905585127227446,-5.388928469157577,100,2000
2173,46.853119584055456,240.1754766031196,347.0684575389948,2652.0,1.3819128180361755,49515.107019064126,Ezi_3,E(z) RNAi,0.3191494503463339,-0.6509303411068514,-4.914002548652768,100,2000
2174,48.24775653531018,246.4408895825205,744.6504096761607,4099.0,1.511840563991735,27882.15840811549,Ezi_3,E(z) RNAi,-0.6535163578939294,-0.6146307040379464,-4.039289504650249,100,2000
2175,44.611971104231166,257.359133126935,364.9638802889577,1465.0,1.6145681500237703,19297.930856553146,Ezi_3,E(z) RNAi,0.27649384419511747,-0.6132562483749752,-7.235535102451067,100,2000
2176,47.04266666666667,262.3213333333333,254.31666666666666,2058.0,1.5128553156437927,26926.112,Ezi_3,E(z) RNAi,0.5476227321451927,-0.6090320714996242,-4.6827767368191004,100,2000
2177,46.774549098196395,285.1623246492986,176.93787575150301,1255.0,1.550875819365826,30199.99098196393,Ezi_3,E(z) RNAi,0.738518099818043,-0.5647678131619047,-4.930842982477479,100,2000
2178,45.74271844660194,297.7621359223301,152.8373786407767,708.0,1.7605669257832766,26029.655339805824,Ezi_3,E(z) RNAi,0.7983402323271516,-0.5392851790760855,-5.974921623956696,100,2000
2179,46.26278409090909,296.71022727272725,227.86860795454547,1736.0,1.545764093436883,39918.14488636364,Ezi_3,E(z) RNAi,0.614631263534863,-0.537199429647528,-5.545442418219558,100,2000
2180,47.866962305986696,320.44068736141907,163.0310421286031,2416.0,1.4035598489192223,45751.18070953437,Ezi_3,E(z) RNAi,0.7748856690818355,-0.4903009414423294,-3.9399581139152886,100,2000
2181,46.503144654088054,327.832285115304,131.34591194968553,738.0,1.4184961312035878,45006.80503144654,Ezi_3,E(z) RNAi,0.8529274738397252,-0.47636891643370916,-5.288942819669479,100,2000
2182,47.65871934604905,326.458446866485,192.2506811989101,1801.0,1.3938773197198826,37967.25068119891,Ezi_3,E(z) RNAi,0.7037697135838763,-0.4757798188374853,-4.2051507041143665,100,2000
2183,47.842907385697536,338.2438452520516,231.34153966393123,3527.0,1.6473588752812958,39499.94958968347,Ezi_3,E(z) RNAi,0.6088745349628597,-0.4483823663183687,-4.109748789706522,100,2000
2184,46.7299880525687,374.3303464755078,243.63560334528077,2247.0,1.4790163971897494,49020.805256869775,Ezi_3,E(z) RNAi,0.5811755132110235,-0.3706968292777839,-5.359777768152618,100,2000
2185,47.924257425742574,402.069801980198,109.21633663366336,2432.0,1.4947128144419455,49239.56633663367,Ezi_3,E(z) RNAi,0.9119965591567398,-0.31926061591820243,-4.09042537111246,100,2000
2186,46.1622691292876,402.25725593667545,273.79023746701847,1093.0,1.4253120240007089,40782.3654353562,Ezi_3,E(z) RNAi,0.5092216287526778,-0.3093847362416009,-6.059500508431967,100,2000
2187,46.872673849167484,414.5812928501469,222.22380019588638,2494.0,1.306037557571819,59247.911361410384,Ezi_3,E(z) RNAi,0.6362430652250901,-0.28606135681083744,-5.3259676902052036,100,2000
2188,47.136865342163354,416.27704194260485,114.13520971302428,2124.0,1.3615280530450358,50626.65286975718,Ezi_3,E(z) RNAi,0.9008998300095563,-0.28867385335693774,-4.931893942229479,100,2000
2189,48.42558486809358,418.77849676455946,155.38427078148334,2420.0,1.4842943224517404,56006.298158287704,Ezi_3,E(z) RNAi,0.8001051411046145,-0.28094975146560197,-3.703367321301016,100,2000
2190,47.395328338475096,428.1088585279859,129.86690171881887,2677.0,1.2435178833023641,59188.08505949758,Ezi_3,E(z) RNAi,0.8631787479877824,-0.26252364663644323,-4.733068856441271,100,2000
2191,47.05522088353413,464.33584337349396,197.62449799196787,2680.0,1.4258219140592818,62578.51104417671,Ezi_3,E(z) RNAi,0.6997405898073796,-0.18133495289645896,-5.280346453398323,100,2000
2192,47.35796178343949,467.73694267515924,258.2885350318471,1992.0,1.308347293895586,53967.522929936305,Ezi_3,E(z) RNAi,0.5514903403263149,-0.17057936529000184,-5.0651829660808545,100,2000
2193,45.84966777408638,470.3239202657807,138.62126245847176,1406.0,1.300166063953439,59598.30481727575,Ezi_3,E(z) RNAi,0.8445497772253594,-0.1719710360564919,-6.4320626784395785,100,2000
2194,46.03888334995015,474.456630109671,241.90279162512462,2381.0,1.3833245189458905,57995.54486540379,Ezi_3,E(z) RNAi,0.592042528613062,-0.15719831715867538,-6.386356719331758,100,2000
2195,47.52549217566885,477.766279656739,292.20747097425544,2373.0,1.4143035756674047,54567.44472488642,Ezi_3,E(z) RNAi,0.46913724300742476,-0.1472265062262169,-4.974028249623409,100,2000
2196,45.78334376956794,501.014402003757,278.26424546023793,1958.0,1.7671606514146851,50594.72010018785,Ezi_3,E(z) RNAi,0.5048060722545762,-0.09844692763429419,-6.777071801672172,100,2000
2197,47.57840036150023,514.7704473565296,272.8011748757343,2565.0,1.4492694522577807,51861.53366470854,Ezi_3,E(z) RNAi,0.519081804005205,-0.06940253930652729,-5.021562202668335,100,2000
2198,46.729405630865486,551.4327424400417,305.8915537017727,2229.0,1.4583084579054666,57590.39937434828,Ezi_3,E(z) RNAi,0.4405214292849968,0.010712325758730268,-6.035700024301946,100,2000
2199,47.384443736053555,569.3563914568059,310.5543512910424,4018.0,1.4438618017599125,53161.16863245139,Ezi_3,E(z) RNAi,0.4302931991658978,0.04922317082973948,-5.446959209986382,100,2000
2200,47.3185595567867,565.9983379501385,102.5573407202216,2214.0,1.4985075369571095,52011.12243767313,Ezi_3,E(z) RNAi,0.9391410394086086,0.030066409641091862,-5.240576166719734,100,2000
2201,46.2864,597.0288,291.8504,1754.0,1.5638823450472348,61302.8384,Ezi_3,E(z) RNAi,0.4779047006998105,0.10717145066153932,-6.614849572180063,100,2000
2202,49.85216797541823,607.7333560942301,182.56094230112666,3803.0,1.3813784466094503,60261.5349948788,Ezi_3,E(z) RNAi,0.7460871625221208,0.12373255887711099,-2.9480942735362845,100,2000
2203,46.007303712720635,629.3396226415094,207.59403530127815,1926.0,1.4262747613354858,56769.90261716372,Ezi_3,E(z) RNAi,0.6862593583318028,0.17124146473133073,-6.897201014143079,100,2000
2204,45.27662517289073,628.6224066390041,114.25034578146611,1015.0,1.5031132916535797,45018.89349930844,Ezi_3,E(z) RNAi,0.9146713809307594,0.16432420468827824,-7.508351902986938,100,2000
2205,46.9737753587333,632.3325086590796,256.3839683325087,2681.0,1.5241371108196637,58036.5611083622,Ezi_3,E(z) RNAi,0.5670419184605928,0.1804463964233085,-6.0020378216765735,100,2000
2206,47.93802966101695,638.4078389830509,189.083156779661,2442.0,1.508611616275588,59596.07097457627,Ezi_3,E(z) RNAi,0.7321589026138167,0.18953381114165313,-4.9738452025383495,100,2000
2207,46.3859649122807,647.8459429824561,274.32127192982455,2360.0,1.3960517511332335,35043.12006578947,Ezi_3,E(z) RNAi,0.5241686055505268,0.2145717655347248,-6.664663149681502,100,2000
2208,47.278148854961835,637.8206106870228,296.38692748091603,2887.0,1.7788674308321624,32756.74427480916,Ezi_3,E(z) RNAi,0.46949743606434646,0.1944630344579068,-5.7663593357472465,100,2000
2209,46.73522727272727,665.8971590909091,183.5153409090909,2305.0,1.4927290289526711,61222.91306818182,Ezi_3,E(z) RNAi,0.7476080799538154,0.24784812538254308,-6.262356047502195,100,2000
2210,47.053171641791046,668.2154850746268,341.0485074626866,1422.0,1.407657253218329,18580.507462686568,Ezi_3,E(z) RNAi,0.36220029826422806,0.2618790491784382,-6.14986490397353,100,2000
2211,48.298792116973935,677.9116338207248,128.6026700572155,2077.0,1.3523918060689353,42656.81881754609,Ezi_3,E(z) RNAi,0.8827964680076297,0.27032437023741607,-4.670426685358784,100,2000
2212,49.62933884297521,681.5611570247934,186.23429752066116,3077.0,1.3054996798911502,55278.85619834711,Ezi_3,E(z) RNAi,0.74198150736814,0.2814425606245763,-3.4244974690167993,100,2000
2213,49.03744201457919,674.4638833664678,111.35288270377734,3794.0,1.2749758811411027,57359.73989396952,Ezi_3,E(z) RNAi,0.9247848895634156,0.26197994749430054,-3.8985141202768077,100,2000
2214,46.48996763754045,680.8459546925567,276.93139158576054,2172.0,1.5654879632437255,38673.84595469256,Ezi_3,E(z) RNAi,0.5199632462835357,0.28512326897848306,-6.6752204915063516,100,2000
2215,46.50720461095101,686.3890489913545,331.342939481268,1000.0,1.4946406934472583,19656.79250720461,Ezi_3,E(z) RNAi,0.3871583976703108,0.3000858887389857,-6.744938405889542,100,2000
2216,47.30923694779116,696.5200803212851,316.2484939759036,2371.0,1.4846984933221326,36300.3609437751,Ezi_3,E(z) RNAi,0.4247697954266896,0.320834359616359,-5.958139080423194,100,2000
2217,46.651575931232095,715.6618911174785,223.3679083094556,2249.0,1.3712603326848292,43720.167335243554,Ezi_3,E(z) RNAi,0.6533619755822904,0.3563103946046442,-6.563823857576217,100,2000
2218,46.53403141361257,740.5638743455497,213.08324607329843,2460.0,1.5496053740438491,35002.958638743454,Ezi_3,E(z) RNAi,0.6801813096462299,0.4088409671847235,-6.752441147387778,100,2000
2219,46.30389308541545,740.4392794886694,325.77571179546777,2067.0,1.4325549470561212,31551.273097036606,Ezi_3,E(z) RNAi,0.4043604690760454,0.4150709619615358,-7.123536092763601,100,2000
2220,47.84901960784314,750.3053921568627,251.42843137254903,2677.0,1.3711141365002635,41403.64264705883,Ezi_3,E(z) RNAi,0.5869727197465993,0.4318433508042412,-5.518418402059709,100,2000
2221,46.46456256921373,759.016057585825,762.5221483942414,2277.0,1.3731003140396032,27122.415282392027,Ezi_3,E(z) RNAi,-0.6633418821478306,0.4798840575041421,-7.57343352966349,100,2000
2222,47.07266721717589,763.5986787778695,201.70520231213874,1631.0,1.5134651633273388,25632.226259289844,Ezi_3,E(z) RNAi,0.7095512852656314,0.4573299393408763,-6.277214035772758,100,2000
2223,46.09904912836767,772.6671949286846,804.242472266244,1765.0,1.3417864354445543,41947.3470681458,Ezi_3,E(z) RNAi,-0.764547644849729,0.511409377972672,-8.037320102950247,100,2000
2224,47.06202090592335,770.8459930313588,317.10034843205574,2016.0,1.416410705969674,21297.188850174218,Ezi_3,E(z) RNAi,0.4276027472370991,0.47944414782976663,-6.457069081364985,100,2000
2225,48.561939905113334,781.7738534528203,242.7079599367422,2480.0,1.3990073546889237,50299.36636794939,Ezi_3,E(z) RNAi,0.6103957696407767,0.49847867672482726,-4.900682528485021,100,2000
2226,48.23845327604726,777.9720730397422,257.6170784103115,2377.0,1.257794778473494,42639.99570354458,Ezi_3,E(z) RNAi,0.573655316357248,0.4912254443435162,-5.2300506695724565,100,2000
2227,47.94857142857143,778.905306122449,336.59183673469386,1843.0,1.4984252214934308,23597.792653061224,Ezi_3,E(z) RNAi,0.3804282512768542,0.4977676618922302,-5.6221554941450975,100,2000
2228,45.781127129750985,797.9056356487549,208.02883355176934,1018.0,1.3021741362553745,26155.557011795543,Ezi_3,E(z) RNAi,0.6963475944359221,0.5308735694781805,-7.692371309660302,100,2000
2229,45.707681849082256,801.0951733514615,264.6961250849762,1782.0,1.4091984688242698,31799.345343303874,Ezi_3,E(z) RNAi,0.5578663993313029,0.5409446516348195,-7.847664010528909,100,2000
2230,47.556,790.4057142857143,218.8617142857143,2144.0,1.2658304458904837,39953.208,Ezi_3,E(z) RNAi,0.6693330453710127,0.5155111694060954,-5.905808571484968,100,2000
2231,45.92015209125475,828.4429657794677,477.4619771863118,810.0,1.4236333189649397,20903.87452471483,Ezi_3,E(z) RNAi,0.03893354756268552,0.6115557117633066,-7.994344506211817,100,2000
2232,47.00182648401827,848.9150684931507,292.0401826484018,1412.0,1.2578094542698994,25784.17077625571,Ezi_3,E(z) RNAi,0.49410211303432394,0.6445467348851635,-6.749093707867026,100,2000
2233,47.48219178082192,866.8953424657534,334.2893150684931,2625.0,1.4861409609782112,30167.3802739726,Ezi_3,E(z) RNAi,0.3918860911230264,0.6853442132316481,-6.3823694425221476,100,2000
2234,46.04920049200492,872.5621156211562,356.2656826568266,1409.0,1.6558283379778767,30411.615006150063,Ezi_3,E(z) RNAi,0.3384782098170105,0.6986900399783822,-7.86203177138173,100,2000
2235,47.268998793727384,874.1194209891436,384.89927623642944,1966.0,1.3560268522791723,38685.53679131484,Ezi_3,E(z) RNAi,0.26849743784484104,0.7036720832856234,-6.683415275779673,100,2000
2236,46.252450980392155,878.3848039215686,403.0735294117647,1032.0,1.4051507705927107,21850.763480392157,Ezi_3,E(z) RNAi,0.22430128203816113,0.7138120766346046,-7.737141021353729,100,2000
2237,48.761969904240765,887.3194254445964,343.9746922024624,2431.0,1.6057538306559733,26311.491792065663,Ezi_3,E(z) RNAi,0.36952880827522083,0.7294834598405684,-5.183625860889478,100,2000
2238,47.15393700787401,895.6031496062992,619.7192913385827,3240.0,1.3709780895673782,43388.46220472441,Ezi_3,E(z) RNAi,-0.30479968712958205,0.7630422885747248,-7.165518525765222,100,2000
2239,47.08408163265306,902.3269387755103,705.1987755102041,4268.0,1.473469848194434,28866.948571428573,Ezi_3,E(z) RNAi,-0.513564521849644,0.7823143726994106,-7.365286107304222,100,2000
2240,48.24731182795699,916.4556451612904,438.375,1059.0,1.4409953450232122,27751.09677419355,Ezi_3,E(z) RNAi,0.14041437777145038,0.797079999305391,-5.914965591796118,100,2000
2241,46.16936353829558,927.0075512405609,511.55663430420714,1245.0,1.4518736107093155,37964.66882416397,Ezi_3,E(z) RNAi,-0.037992666202510295,0.8237951149329887,-8.120294262676552,100,2000
2242,48.580213903743314,939.8551693404635,520.2780748663101,2955.0,1.279933973235514,47404.10561497326,Ezi_3,E(z) RNAi,-0.05849518141566634,0.8517238248769596,-5.763726587513837,100,2000
2243,47.23285899094437,936.4314359637775,630.8117723156533,1966.0,1.4039956960266446,27789.986416558862,Ezi_3,E(z) RNAi,-0.3292475450797915,0.8507830485987533,-7.238197026197497,100,2000
2244,47.02878787878788,110.81818181818181,317.01060606060605,873.0,1.5692401970489687,19221.801515151514,Ezi_3,E(z) RNAi,0.3841572872207122,-0.928625237822181,-4.264398917756324,100,2000
2245,46.791666666666664,120.03571428571429,263.12400793650795,1348.0,1.6030648850004594,27127.4126984127,Ezi_3,E(z) RNAi,0.5166544675461071,-0.9120697476875979,-4.464999177319683,100,2000
2246,47.809447558046436,123.48959167333867,276.17213771016816,3282.0,1.5779693579753693,37863.738190552445,Ezi_3,E(z) RNAi,0.4849449489271269,-0.9039417443855416,-3.475241797237082,100,2000
2247,47.78947368421053,131.18979266347688,398.76342371079215,2264.0,1.5733275400733413,28982.931419457735,Ezi_3,E(z) RNAi,0.18541394595707006,-0.8804465367850545,-3.6749795138267842,100,2000
2248,49.154845154845155,137.3136863136863,294.6013986013986,1496.0,1.7057190853612647,35274.86613386613,Ezi_3,E(z) RNAi,0.44075031171944556,-0.8733778993942259,-2.199591875089517,100,2000
2249,48.83878504672897,144.63668224299064,359.0893691588785,2541.0,1.7687997828454298,25656.454439252335,Ezi_3,E(z) RNAi,0.28340225911895933,-0.8540395927730522,-2.6212483889032754,100,2000
2250,48.914433880726016,148.03327571305098,451.02333621434747,3203.0,1.6258288666604641,28592.26058772688,Ezi_3,E(z) RNAi,0.05861963642882784,-0.8414923483330488,-2.6723899770292476,100,2000
2251,46.44843049327354,146.00448430493273,334.0807174887892,687.0,1.6290243147094976,19509.903587443947,Ezi_3,E(z) RNAi,0.3447078840715374,-0.8525808902544636,-4.984825473088598,100,2000
2252,47.702429149797574,170.09564777327935,333.41295546558706,2410.0,1.4406453146145655,35419.43927125506,Ezi_3,E(z) RNAi,0.347932441283193,-0.8012156275000994,-3.8112390427972116,100,2000
2253,47.36159844054581,173.1130604288499,369.56140350877195,1447.0,1.5047804372987916,22652.959064327486,Ezi_3,E(z) RNAi,0.2596602063169948,-0.7926967374581098,-4.2075930853353825,100,2000
2254,47.11129032258064,179.6209677419355,672.4887096774194,1077.0,1.7815718650726227,16991.3,Ezi_3,E(z) RNAi,-0.48131893705569295,-0.7613492005823129,-4.859883281786161,100,2000
2255,47.77437641723356,226.01133786848072,202.58049886621316,1180.0,1.4716574518326617,25547.502267573695,Ezi_3,E(z) RNAi,0.6718420587080691,-0.6894712676036203,-3.763719119813146,100,2000
2256,47.480070859167405,232.81665190434012,727.7174490699734,1813.0,1.620638550524276,25008.742249778566,Ezi_3,E(z) RNAi,-0.6129723180905113,-0.6446777164528383,-4.7397823996032,100,2000
2257,46.81132075471698,297.02410901467505,179.72117400419287,1243.0,1.5359908892555856,27410.14570230608,Ezi_3,E(z) RNAi,0.7324906464484129,-0.5393018469420282,-4.937564460204264,100,2000
2258,49.455371459112776,307.5408872260823,167.72528059861037,2252.0,1.3667259503767368,49286.575628006416,Ezi_3,E(z) RNAi,0.7625386554605589,-0.5175384093671391,-2.3139468193046895,100,2000
2259,46.1875,316.33372641509436,116.25943396226415,1107.0,1.5660212398788793,24598.899764150945,Ezi_3,E(z) RNAi,0.8890916134940623,-0.5017713852910715,-5.5468824807654755,100,2000
2260,45.768768768768766,336.1981981981982,150.993993993994,572.0,1.7713462786452563,28028.45045045045,Ezi_3,E(z) RNAi,0.8053946159211125,-0.4573940701455278,-6.0761755398682595,100,2000
2261,48.559691011235955,373.1081460674157,204.92907303370785,1842.0,1.3115831477186481,40796.23314606742,Ezi_3,E(z) RNAi,0.6758231449006371,-0.37552259203218985,-3.477405809047511,100,2000
2262,46.053879310344826,381.26508620689657,154.50215517241378,695.0,1.6167274371063596,31511.355603448275,Ezi_3,E(z) RNAi,0.799789100289237,-0.3610467183453743,-5.947445610951135,100,2000
2263,46.68355416991427,381.35697583788,224.41855027279814,1698.0,1.5113026278143014,45448.20576773188,Ezi_3,E(z) RNAi,0.6286739752827752,-0.35681496561358006,-5.405798280724454,100,2000
2264,47.97188995215311,384.22727272727275,312.70334928229664,1987.0,1.6475742560168252,39663.358253588514,Ezi_3,E(z) RNAi,0.41278436996001444,-0.34559207764517363,-4.237907895642621,100,2000
2265,46.3499245852187,387.3559577677225,121.37707390648568,956.0,1.47140733964879,29252.865761689292,Ezi_3,E(z) RNAi,0.8812643874988748,-0.3499605462661749,-5.630385247673509,100,2000
2266,47.571077225774715,403.17560255779637,200.94736842105263,2354.0,1.2617172646082413,57022.19626168224,Ezi_3,E(z) RNAi,0.6875602877094005,-0.3116152291038443,-4.562413458428729,100,2000
2267,48.4171322160149,407.4941030415891,167.08255741775295,1938.0,1.52273705889292,58940.006207324644,Ezi_3,E(z) RNAi,0.7707272330778852,-0.30434878143399546,-3.6884420029538987,100,2000
2268,47.620253164556964,429.4873417721519,189.4769850402762,2142.0,1.439439167740085,58696.39413118527,Ezi_3,E(z) RNAi,0.7173744478400352,-0.25614432040250024,-4.58757789959477,100,2000
2269,47.732016210739616,439.8758865248227,333.1170212765957,2521.0,1.5888398626727678,55832.4138804458,Ezi_3,E(z) RNAi,0.36650439602167384,-0.2256994027923226,-4.691052062046502,100,2000
2270,47.25086865879083,446.0687977762335,310.8790826963169,1845.0,1.7260354207144548,54349.904794996524,Ezi_3,E(z) RNAi,0.42134251549395496,-0.21377347665023594,-5.165182059090178,100,2000
2271,47.01869806094183,460.77839335180056,273.4861495844875,2043.0,1.6835784918292203,56818.453601108034,Ezi_3,E(z) RNAi,0.5138350006910297,-0.18455054112940217,-5.400044561626871,100,2000
2272,48.84917257683215,464.59810874704493,152.37541371158392,2637.0,1.327995001740494,59784.48226950355,Ezi_3,E(z) RNAi,0.8104993409673558,-0.1833713264320357,-3.430523586402707,100,2000
2273,47.15378221113882,487.18536990856194,125.88029925187033,1558.0,1.532752507092882,58262.32003325021,Ezi_3,E(z) RNAi,0.876844891544025,-0.13672494980893146,-5.168833834233226,100,2000
2274,48.02163461538461,509.2079326923077,99.52524038461539,1898.0,1.296231106473222,45388.61899038462,Ezi_3,E(z) RNAi,0.9428030008552806,-0.09125656589598241,-4.342189296794004,100,2000
2275,47.8038513210927,513.320644872369,323.76802507836993,2740.0,1.566263902039579,51909.86654724586,Ezi_3,E(z) RNAi,0.3942445862421111,-0.06955524523790246,-4.8551640158498515,100,2000
2276,48.08874566187407,511.58948934060487,303.3450669310858,2376.0,1.4838453793916733,51113.3406048587,Ezi_3,E(z) RNAi,0.44411415559926937,-0.0744238384014192,-4.53881198804428,100,2000
2277,47.61745635910224,542.0912718204489,283.5596009975062,2358.0,1.4762163386666365,55429.5132169576,Ezi_3,E(z) RNAi,0.49455804641987156,-0.01049734310642847,-5.088136566343387,100,2000
2278,48.871875,539.8286458333333,353.5260416666667,2288.0,1.3958346592003175,56676.36666666667,Ezi_3,E(z) RNAi,0.3231628899165475,-0.01128114836912375,-3.9138722267515575,100,2000
2279,49.27255029201817,551.5879299156392,202.64828033744323,1859.0,1.4218097118579283,60702.76768332252,Ezi_3,E(z) RNAi,0.6932109399115896,0.005109211883344678,-3.36357136404375,100,2000
2280,47.01855287569573,594.2325293753865,273.5813234384663,2021.0,1.3943578692704586,58629.6827458256,Ezi_3,E(z) RNAi,0.522430936703868,0.10015804011951612,-5.850352202516035,100,2000
2281,50.4936170212766,590.9814589665654,238.39878419452887,5232.0,1.5716186805543038,61220.23495440729,Ezi_3,E(z) RNAi,0.6083147407663696,0.091219144770889,-2.320208835651677,100,2000
2282,47.034100596760446,602.000852514919,312.3537936913896,1632.0,1.4616085957363454,38660.37084398977,Ezi_3,E(z) RNAi,0.42804973297016957,0.11896612124181294,-5.909643428690309,100,2000
2283,51.93713938657759,615.9544488308534,104.73064075311267,4260.0,1.3085446652141364,57965.98724567264,Ezi_3,E(z) RNAi,0.9371136931891781,0.13679866378765326,-0.793218118832165,100,2000
2284,46.99877750611247,610.5256723716382,262.1882640586797,1082.0,1.560385041362965,60409.56112469437,Ezi_3,E(z) RNAi,0.5513932474507464,0.134259830338179,-5.910779125287291,100,2000
2285,48.45911602209945,605.9104972375691,150.49668508287292,2137.0,1.3386044889951485,55542.708287292815,Ezi_3,E(z) RNAi,0.8244473615659622,0.11798494005239601,-4.2947638445545095,100,2000
2286,48.20658547586829,625.9133964817321,150.39377537212448,2687.0,1.3235931471710471,61574.692828146144,Ezi_3,E(z) RNAi,0.8260232745838545,0.16065016391194842,-4.614618779434572,100,2000
2287,48.76691176470588,641.3867647058823,158.1514705882353,1783.0,1.3178426508745675,54326.31323529412,Ezi_3,E(z) RNAi,0.8080584927067553,0.19411147927543837,-4.116208868119173,100,2000
2288,47.24801950030469,661.2705667276051,229.69713589274832,2181.0,1.5390589894664537,35758.50578915296,Ezi_3,E(z) RNAi,0.634271234931286,0.2406444431003849,-5.791902378631754,100,2000
2289,47.87844611528822,664.8220551378446,245.390350877193,2064.0,1.4559603095229268,32503.27192982456,Ezi_3,E(z) RNAi,0.5960954673700392,0.24913037595674026,-5.193144328335073,100,2000
2290,46.778195488721806,672.5889724310777,170.47994987468672,1141.0,1.5012827613199193,47480.606516290725,Ezi_3,E(z) RNAi,0.7799546047268382,0.2613727760994249,-6.2256011517982515,100,2000
2291,47.646394984326015,695.9442006269593,158.19122257053291,1985.0,1.4149268337480656,50586.38934169279,Ezi_3,E(z) RNAi,0.8115737254810449,0.3104952090380775,-5.42075053853457,100,2000
2292,48.438223938223935,706.1,120.47760617760618,2968.0,1.3508436397826893,55466.04517374517,Ezi_3,E(z) RNAi,0.904546899141395,0.3299922987630146,-4.615861185396604,100,2000
2293,47.282902137232846,703.7969628796401,292.62542182227224,2223.0,1.3879080266500434,34049.8790776153,Ezi_3,E(z) RNAi,0.48306842700480757,0.334996208264857,-5.979377002801542,100,2000
2294,48.042590431738624,704.1796966161027,238.27946324387398,2085.0,1.4388731356656974,40660.799299883314,Ezi_3,E(z) RNAi,0.6161025670958515,0.3326848238781195,-5.152804612396878,100,2000
2295,48.94285714285714,725.1020408163265,172.30367346938775,1631.0,1.356120404846721,33550.22693877551,Ezi_3,E(z) RNAi,0.7789589889521638,0.3735219039082167,-4.2403295791573825,100,2000
2296,47.964524765729585,716.7730923694779,251.61378848728248,1820.0,1.4834103912321952,30544.5562248996,Ezi_3,E(z) RNAi,0.5843003488340681,0.36031906862389307,-5.290066644074983,100,2000
2297,48.40938919737506,744.8430085815245,234.99697122665322,2480.0,1.4337997162618807,37110.701161029785,Ezi_3,E(z) RNAi,0.6268255231206441,0.41924691642887946,-4.919017741043774,100,2000
2298,48.18958207147183,763.5899454875832,229.9297395517868,2240.0,1.5077337407125475,30462.136886735312,Ezi_3,E(z) RNAi,0.6404683621886329,0.4589467567399772,-5.1956860388126955,100,2000
2299,48.07039440838742,770.5102346480279,607.7798302546181,2376.0,1.5170181918900922,32279.210184722917,Ezi_3,E(z) RNAi,-0.28385635290368194,0.4954947942014256,-5.812241631314585,100,2000
2300,48.31124314442413,777.6668190127971,817.3318098720292,2723.0,1.3184713519624978,38588.59140767824,Ezi_3,E(z) RNAi,-0.7962591587057568,0.5228460402901232,-5.858421698436821,100,2000
2301,47.85730858468678,788.5788863109049,335.17865429234337,1765.0,1.486553698900985,30711.447795823668,Ezi_3,E(z) RNAi,0.38452722684939533,0.5183225584192164,-5.744266740831989,100,2000
2302,47.99770378874857,808.9265212399541,346.99942594718715,2142.0,1.400482441030075,45538.74397244547,Ezi_3,E(z) RNAi,0.3569417821612215,0.5624135556065561,-5.6873198580617625,100,2000
2303,47.49263406010607,814.143193871538,416.02887448438423,2024.0,1.3093853066908618,37319.920447849145,Ezi_3,E(z) RNAi,0.18833971593668908,0.5775188306856167,-6.296579191991675,100,2000
2304,48.96206896551724,822.7241379310345,293.00431034482756,1777.0,1.4061705219274736,26016.316379310345,Ezi_3,E(z) RNAi,0.49000413920096597,0.58874239821414,-4.70175063502478,100,2000
2305,49.01136842105263,855.1351578947368,325.26947368421054,3209.0,1.248727479872259,28458.928842105262,Ezi_3,E(z) RNAi,0.41317966024969377,0.6597467948342526,-4.802228374285974,100,2000
2306,47.91352201257862,859.9418238993711,302.3333333333333,1515.0,1.3869971534214034,25553.01650943396,Ezi_3,E(z) RNAi,0.46963666563043827,0.6686706507741678,-5.8875025173545765,100,2000
2307,48.52513966480447,860.5083798882681,399.80307262569835,1011.0,1.7152567583935634,34464.194134078214,Ezi_3,E(z) RNAi,0.2311165650721494,0.6755035307821469,-5.400080013136169,100,2000
2308,46.53500660501982,871.0620871862616,527.4702774108322,1113.0,1.5688703893299947,18011.607661822985,Ezi_3,E(z) RNAi,-0.0806432908620105,0.7053645827397157,-7.585954940784056,100,2000
2309,47.33009153318078,891.8792906178489,362.74599542334096,2092.0,1.2593112788273197,31428.28318077803,Ezi_3,E(z) RNAi,0.3238920452922478,0.7402830899163497,-6.6544215774642765,100,2000
2310,47.20032976092333,896.5647155812036,502.7848309975268,1603.0,1.3167491698265845,21961.706512778237,Ezi_3,E(z) RNAi,-0.01854072896398551,0.7583519236556551,-6.975668664571089,100,2000
2311,47.370174110522335,911.6570779712339,399.7479182437547,1856.0,1.5833321233446431,25553.682816048447,Ezi_3,E(z) RNAi,0.23463866743595307,0.7846095402223163,-6.727455993636269,100,2000
2312,48.4343163538874,941.2754691689008,462.16219839142093,1901.0,1.5512925123594676,36010.323056300265,Ezi_3,E(z) RNAi,0.08383700107364533,0.8514019807596542,-5.841503581520669,100,2000
2313,47.57105719237435,125.71923743500867,429.5675909878683,1522.0,1.3433728533180906,16207.028596187176,Ezi_3,E(z) RNAi,0.10965988065363219,-0.8903426150309266,-3.91359176778559,100,2000
2314,49.3,156.46184210526314,576.0026315789473,2946.0,1.5883651024948826,26946.86096491228,Ezi_3,E(z) RNAi,-0.24670895503027213,-0.8163026579091675,-2.472042444527922,100,2000
2315,48.90936329588015,178.03595505617977,303.4134831460674,1774.0,1.4581757591182374,38057.37378277154,Ezi_3,E(z) RNAi,0.4218776024821571,-0.785997148356693,-2.5934537277504646,100,2000
2316,51.41868932038835,182.31553398058253,466.72330097087377,1722.0,1.4964991109287644,6931.751213592233,Ezi_3,E(z) RNAi,0.022455056669326012,-0.7674332182884714,-0.30345607827329957,100,2000
2317,49.88621794871795,192.08226495726495,529.1020299145299,2941.0,1.6344967927473468,24152.079594017094,Ezi_3,E(z) RNAi,-0.12956552338408023,-0.7430120440099028,-1.9471107622424242,100,2000
2318,49.35347261434218,195.61151891586675,266.0367024280068,2169.0,1.4812391651742414,43758.34726143422,Ezi_3,E(z) RNAi,0.5145182319961794,-0.7506542814867236,-2.1617257674841,100,2000
2319,48.406469760900144,215.43319268635724,332.14697609001405,1658.0,1.295351367559344,33845.583684950776,Ezi_3,E(z) RNAi,0.3540282815805553,-0.704563089177576,-3.258505088076788,100,2000
2320,47.205940594059406,225.17425742574258,408.55511551155115,1767.0,1.6955095687453365,35977.701650165014,Ezi_3,E(z) RNAi,0.16766827002020301,-0.6793853687919775,-4.587733752074179,100,2000
2321,45.96212121212121,225.375,452.93939393939394,1320.0,1.8538952206826032,19034.420454545456,Ezi_3,E(z) RNAi,0.05905518381668662,-0.6764071059462168,-5.887904313711175,100,2000
2322,49.28991596638655,227.15406162464987,760.4393090569561,3527.0,1.4750457809603958,21795.086367880485,Ezi_3,E(z) RNAi,-0.6934383894954721,-0.654858164567937,-2.9519044303819655,100,2000
2323,49.31686046511628,269.14941860465115,201.91860465116278,2106.0,1.2651241770857666,40019.78197674418,Ezi_3,E(z) RNAi,0.6763115124468133,-0.5974700128451542,-2.36588782859603,100,2000
2324,47.81478016838167,269.97661365762394,175.40598690364826,1324.0,1.3473081052506757,30985.558465855942,Ezi_3,E(z) RNAi,0.7412597795906879,-0.5972448680171553,-3.837486534567894,100,2000
2325,48.182110337439745,275.98232458489554,259.82860203535085,2323.0,1.5820679463748117,39335.77182645956,Ezi_3,E(z) RNAi,0.5350328667809683,-0.5795624478788228,-3.5963239552796793,100,2000
2326,48.41712877387554,269.8231669747381,377.2704867529267,1932.0,1.6678229247851182,40606.799137399874,Ezi_3,E(z) RNAi,0.2471873381633405,-0.5859290136957545,-3.4878733678042266,100,2000
2327,47.98987854251012,282.8778677462888,221.2672064777328,1873.0,1.537478782384865,37422.267206477736,Ezi_3,E(z) RNAi,0.62986808278725,-0.567076625181313,-3.763430943850132,100,2000
2328,48.42393617021276,308.45106382978724,277.668085106383,2206.0,1.3650283169545878,45083.31595744681,Ezi_3,E(z) RNAi,0.49351831131640456,-0.5092652538129303,-3.486373478745058,100,2000
2329,48.3563829787234,309.968085106383,262.29432624113474,841.0,1.7047464296481054,21764.909574468085,Ezi_3,E(z) RNAi,0.531245927088777,-0.5069158214453136,-3.539754893463787,100,2000
2330,50.284454244762955,332.42061742006615,115.48676957001102,2302.0,1.2908984495100693,52241.243109151044,Ezi_3,E(z) RNAi,0.8920352872601456,-0.46746734982414084,-1.5032347111254865,100,2000
2331,50.25189478377173,338.1101203744984,131.6749888542131,2705.0,1.2375525770474762,56776.90771288453,Ezi_3,E(z) RNAi,0.8527913350879872,-0.4543965815923924,-1.5752894097713366,100,2000
2332,49.79889502762431,345.7038674033149,115.79779005524861,2092.0,1.245745955217233,52853.93867403315,Ezi_3,E(z) RNAi,0.8921542262021076,-0.43911525244434313,-2.0339756490665195,100,2000
2333,48.864145658263304,355.2829131652661,165.61834733893556,1793.0,1.4132448107180071,55268.66526610644,Ezi_3,E(z) RNAi,0.7708554792273994,-0.4158141933571555,-3.0635244273494493,100,2000
2334,50.359190556492415,367.1973018549747,226.11073636874647,2098.0,1.3161750385465973,56968.18943226532,Ezi_3,E(z) RNAi,0.6235851512037296,-0.38689809456664037,-1.684558408443941,100,2000
2335,49.36625734116391,417.6150560597971,197.21729845168178,2235.0,1.2697932287543998,58343.63000533903,Ezi_3,E(z) RNAi,0.697639736004418,-0.28101297867561204,-2.8112591069303647,100,2000
2336,49.53302845528455,416.8943089430894,269.2667682926829,2352.0,1.4045958448689408,54602.99034552846,Ezi_3,E(z) RNAi,0.5212514968286046,-0.27839523449322334,-2.7324481449923184,100,2000
2337,48.34150417827298,426.4568245125348,375.19554317548744,2065.0,1.5722935301362782,45595.91977715877,Ezi_3,E(z) RNAi,0.26262829993413295,-0.2518962938045496,-4.089104959688285,100,2000
2338,48.0309963099631,426.97564575645754,359.35276752767527,1645.0,1.6083359958648284,43984.29003690037,Ezi_3,E(z) RNAi,0.3014384820718281,-0.25170516924224595,-4.381484876198762,100,2000
2339,49.10414902624894,431.3124470787468,115.7688399661304,1464.0,1.5130278634256114,40202.28958509737,Ezi_3,E(z) RNAi,0.8978906321910727,-0.2564897316505208,-3.0173758717623045,100,2000
2340,49.16804888694893,440.3461370580533,177.60584897424707,2723.0,1.3954650053528783,59832.44172850284,Ezi_3,E(z) RNAi,0.7471428631657442,-0.2336520169261379,-3.0615180319192845,100,2000
2341,50.201197053407,442.4806629834254,206.7780847145488,2705.0,1.5084173069231643,60548.53867403315,Ezi_3,E(z) RNAi,0.6758824903674843,-0.22740886570915508,-2.072172758797244,100,2000
2342,48.51487826871055,447.1064021641118,291.53742110009017,2674.0,1.4081909336193004,56847.17222723174,Ezi_3,E(z) RNAi,0.4687460102846812,-0.21266590376990002,-3.880414639357177,100,2000
2343,48.65959004392386,457.07467057101024,182.92020497803807,1645.0,1.3144527673605535,59431.3308931186,Ezi_3,E(z) RNAi,0.7352442010025269,-0.19766164795746166,-3.6330537974300725,100,2000
2344,49.628233970753655,457.8127109111361,247.6119235095613,2149.0,1.250890631859525,57953.176602924636,Ezi_3,E(z) RNAi,0.5769581816744636,-0.19235021005482145,-2.7480639719354514,100,2000
2345,48.4712401055409,462.8944591029024,309.6833773087071,2365.0,1.4705384599062234,56873.0802110818,Ezi_3,E(z) RNAi,0.4253786416068319,-0.1779386866689725,-4.000059072507554,100,2000
2346,47.642717178314825,470.4846505551927,171.5199216198563,1834.0,1.4633369317501987,57896.11822338341,Ezi_3,E(z) RNAi,0.7640362912145853,-0.16971828775745368,-4.680839901962145,100,2000
2347,50.12136409227683,471.5712136409228,275.10882647943833,2328.0,1.4085994323004591,56360.76780341023,Ezi_3,E(z) RNAi,0.5105687031613453,-0.1614096781110379,-2.335830620448128,100,2000
2348,48.45596133190118,486.5418904403867,376.48496240601503,2201.0,1.33271170371424,33395.417293233084,Ezi_3,E(z) RNAi,0.26344716212424935,-0.12363922217989887,-4.178889107017092,100,2000
2349,48.96402877697842,497.655704008222,322.5924974306269,2285.0,1.5001265672206725,52757.93165467626,Ezi_3,E(z) RNAi,0.39608203114300733,-0.10303324232969124,-3.6406929400558283,100,2000
2350,49.14912280701754,502.25807940904895,389.5438596491228,2590.0,1.390717442639637,48594.80240073869,Ezi_3,E(z) RNAi,0.23252344747696885,-0.08935327270162441,-3.5551143460348342,100,2000
2351,49.13815789473684,538.241028708134,264.4348086124402,2091.0,1.4408942420814956,58238.379784688994,Ezi_3,E(z) RNAi,0.5411066625177148,-0.019802843359345124,-3.5304678259752222,100,2000
2352,49.01758241758242,546.5245421245421,218.48717948717947,1755.0,1.3936975195072085,61254.117216117214,Ezi_3,E(z) RNAi,0.6541112025077127,-0.004781352500938585,-3.621333172230159,100,2000
2353,49.43888166449935,559.9876462938881,226.64174252275683,2320.0,1.651853537776839,61012.627438231466,Ezi_3,E(z) RNAi,0.635042495751371,0.024413257235064822,-3.255668144922126,100,2000
2354,49.60102564102564,558.254358974359,161.05333333333334,2606.0,1.7319072718207762,60626.166666666664,Ezi_3,E(z) RNAi,0.7954540910979042,0.01693513555392423,-3.0053962048020466,100,2000
2355,49.40083382966051,563.9386539606909,294.47528290649194,2100.0,1.4535032556653606,58587.27814175104,Ezi_3,E(z) RNAi,0.46928233631302874,0.036752879748276346,-3.3921401212329485,100,2000
2356,46.95369545859305,576.2885129118433,231.75779162956366,1500.0,1.6880031708182566,44582.08904719501,Ezi_3,E(z) RNAi,0.623606522549639,0.05946546940611941,-5.8022274848154325,100,2000
2357,48.731517509727624,580.1973318510284,264.76653696498056,2169.0,1.2959336050585692,58624.591995553084,Ezi_3,E(z) RNAi,0.5430716063199599,0.06972040305286242,-4.079009629255502,100,2000
2358,47.9669360764144,601.5319617927994,332.5194709772226,1645.0,1.5774848229814835,29196.282145481262,Ezi_3,E(z) RNAi,0.3786608400007916,0.1191352817044331,-5.0005316022757,100,2000
2359,50.14887436456064,625.174655047204,164.9448075526507,3334.0,1.2966379017242307,61544.58351488744,Ezi_3,E(z) RNAi,0.790355421210392,0.15992725458505186,-2.6881062193402983,100,2000
2360,48.91777188328913,649.441834028041,257.9200454717696,3111.0,1.3728254234990573,52460.786282682835,Ezi_3,E(z) RNAi,0.5644087503662352,0.21704910206677197,-4.117678188755633,100,2000
2361,50.00097751710655,671.6148582600196,291.7375366568915,3084.0,1.6599915616916778,39363.52003910069,Ezi_3,E(z) RNAi,0.48310471547974876,0.26630938414669214,-3.1516786532769743,100,2000
2362,47.98700842696629,716.0737359550562,717.4185393258427,3460.0,1.5430682609170467,27783.845856741573,Ezi_3,E(z) RNAi,-0.5557966751794147,0.3856840093710463,-5.849599818546324,100,2000
2363,50.13669064748201,735.6164914222468,455.9557277255119,2202.0,1.4275561071736038,43020.47260653016,Ezi_3,E(z) RNAi,0.08541670558886105,0.41231590876634394,-3.4378168798596107,100,2000
2364,48.38834951456311,765.1781838949172,349.7886921758995,2198.0,1.5454798318296357,44531.57795545403,Ezi_3,E(z) RNAi,0.34721973788363747,0.4692471201737767,-5.152644833723876,100,2000
2365,49.47033492822967,764.8698564593301,258.91052631578947,2610.0,1.4291706718160098,40342.83732057416,Ezi_3,E(z) RNAi,0.5696193146601047,0.4633574843130335,-3.9556155056370557,100,2000
2366,51.12430011198208,754.7989921612542,269.8152295632699,2622.0,1.574333803366365,38307.60470324748,Ezi_3,E(z) RNAi,0.5422592404086048,0.4425136503693743,-2.281379868703418,100,2000
2367,48.329405162738496,763.4130190796858,303.16329966329965,2225.0,1.4724191386289451,31232.306397306398,Ezi_3,E(z) RNAi,0.4612181324959026,0.46279273045172786,-5.147142334068903,100,2000
2368,49.42823418319169,769.9924457034939,365.39376770538246,2528.0,1.3018660817756798,53580.47686496695,Ezi_3,E(z) RNAi,0.3093420653229333,0.4804248720208839,-4.14857921471404,100,2000
2369,49.22200956937799,777.1818181818181,298.8574162679426,2857.0,1.3876144345067425,33155.07511961723,Ezi_3,E(z) RNAi,0.47266507798571333,0.4919244886711558,-4.295573836368376,100,2000
2370,51.46350364963504,790.6866527632951,265.11678832116786,2278.0,1.388364652983465,48243.505213764336,Ezi_3,E(z) RNAi,0.5561318503048831,0.5188058136951001,-2.057306894082707,100,2000
2371,51.180494905385736,786.0753275109171,317.35407569141194,3867.0,1.7376355525745042,29624.52438136827,Ezi_3,E(z) RNAi,0.4279775473124541,0.5119780580297111,-2.3902974453669685,100,2000
2372,48.471458773784356,814.8062015503876,318.95419309372795,1843.0,1.4143211270302827,26484.683579985907,Ezi_3,E(z) RNAi,0.4259697328468046,0.5733433632624876,-5.1982116627169574,100,2000
2373,48.391304347826086,811.6602254428342,304.69565217391306,1621.0,1.246874146787567,23972.11272141707,Ezi_3,E(z) RNAi,0.46065941591789783,0.565809243266779,-5.2498684515253515,100,2000
2374,48.23113658070678,821.3027698185291,388.5893027698185,1410.0,1.5882424722038244,37339.92359121299,Ezi_3,E(z) RNAi,0.2559692390534205,0.5912159355641176,-5.547801157235497,100,2000
2375,52.79078303425775,821.3393148450244,473.69331158238174,3335.0,1.140354814320199,28131.93189233279,Ezi_3,E(z) RNAi,0.0476677876274767,0.5962338438150161,-1.0950746480220133,100,2000
2376,48.44718962322421,827.4169240271773,765.4175416924027,2160.0,1.4433133128517257,28734.27115503397,Ezi_3,E(z) RNAi,-0.6659087936415781,0.6259877322940866,-5.825117747789093,100,2000
2377,49.05922693266833,833.7356608478804,257.4775561097257,2259.0,1.6924419336439303,25386.377805486285,Ezi_3,E(z) RNAi,0.577683587717901,0.6101860767868668,-4.5971570275279205,100,2000
2378,48.1423487544484,831.0658362989324,279.1814946619217,911.0,1.4574208437387748,24852.987544483985,Ezi_3,E(z) RNAi,0.5243894821426729,0.605735146194673,-5.532254572755257,100,2000
2379,50.45507246376812,831.2376811594203,369.1976811594203,2234.0,1.3855545903833748,42266.40115942029,Ezi_3,E(z) RNAi,0.30408089258558735,0.6113085873320916,-3.3330551004971625,100,2000
2380,49.84908424908425,839.8212454212454,319.1340659340659,1781.0,1.3149025474438976,32159.958241758242,Ezi_3,E(z) RNAi,0.4271804842117113,0.6267293475017439,-3.905178185698425,100,2000
2381,48.9599818099136,847.7589813551614,790.7139608913143,2681.0,1.311442053428958,39418.331514324695,Ezi_3,E(z) RNAi,-0.7264771289015289,0.6708464973375969,-5.4126633503724975,100,2000
2382,50.169064748201436,874.5851318944844,370.0017985611511,2248.0,1.2456065434744104,32922.221822541964,Ezi_3,E(z) RNAi,0.30498136082350635,0.7038277380101639,-3.7662489725564043,100,2000
2383,50.00813008130081,881.7181571815718,357.81029810298105,1152.0,1.3478991645055636,25959.762872628726,Ezi_3,E(z) RNAi,0.3352922447482418,0.7183408182118876,-3.9359422270979607,100,2000
2384,49.020282728948985,897.1266133988937,517.3570989551322,1982.0,1.2543462180214968,22371.732022126613,Ezi_3,E(z) RNAi,-0.054174162392958025,0.7604040559630505,-5.175903978171512,100,2000
2385,49.655196629213485,945.9101123595506,503.1636235955056,2064.0,1.3675899635891808,30713.592696629214,Ezi_3,E(z) RNAi,-0.016210284811780995,0.8636621286844144,-4.68769878260111,100,2000
2386,48.60862865947612,958.2917308680021,492.3944530046225,2537.0,1.37244710721933,35730.3343605547,Ezi_3,E(z) RNAi,0.010969217273010035,0.8894478159089834,-5.762503651171471,100,2000
2387,49.34116693679093,962.435170178282,479.0583468395462,1555.0,1.2634766048269588,29149.367098865478,Ezi_3,E(z) RNAi,0.043881182914398575,0.8975235900341905,-5.027212096645378,100,2000
2388,51.792272243885144,113.7904998227579,289.4140375753279,3781.0,1.662576205644071,42539.136830911026,Ezi_3,E(z) RNAi,0.45188258221736466,-0.9238407833966995,0.5236524219608754,100,2000
2389,49.82902938557435,137.5146927871772,307.9252003561888,1468.0,1.2681504680759168,42072.837934105075,Ezi_3,E(z) RNAi,0.40815186920690794,-0.8721759793539097,-1.5428052245506336,100,2000
2390,47.94294605809129,145.52282157676348,411.48651452282155,1204.0,1.474205500230619,17476.477178423236,Ezi_3,E(z) RNAi,0.1552221444581765,-0.8491346216463262,-3.5858046890438544,100,2000
2391,51.971830985915496,168.67981220657276,318.92206572769953,1589.0,1.5629708118763799,23848.573708920187,Ezi_3,E(z) RNAi,0.3832928701138194,-0.8050405589270895,0.4810892717556925,100,2000
2392,48.9706445437141,184.49202297383536,317.58902361199745,2050.0,1.6234706480182775,44154.16528398213,Ezi_3,E(z) RNAi,0.3876101000447887,-0.7714063985711805,-2.5717283820196712,100,2000
2393,49.69708491761724,200.92268694550063,235.4404309252218,2099.0,1.4437575678328232,29882.18884664132,Ezi_3,E(z) RNAi,0.589752574264121,-0.7410853340662398,-1.797641831738666,100,2000
2394,51.470396523628466,201.8261814231396,249.91200434546442,2254.0,1.306951188687406,43313.01086366105,Ezi_3,E(z) RNAi,0.5543883210061662,-0.7383106044494276,-0.04554383450338406,100,2000
2395,47.361666666666665,213.27333333333334,239.59166666666667,853.0,1.5043064344696648,28302.398333333334,Ezi_3,E(z) RNAi,0.5804162088432918,-0.7145148257610368,-4.179902580415188,100,2000
2396,49.313764183522444,227.27479033053774,746.7992106561421,2724.0,1.3530382691062446,25331.506660088802,Ezi_3,E(z) RNAi,-0.6600465179914504,-0.6553868782649742,-2.9113513187857905,100,2000
2397,50.553907586993724,225.3405590416429,286.5812892184826,2031.0,1.4732162837020786,45113.717626925274,Ezi_3,E(z) RNAi,0.46619899380397656,-0.6860388651023115,-1.0873270441504204,100,2000
2398,48.3649946638207,237.2966915688367,257.2081109925293,1190.0,1.4433263716684817,22985.100320170757,Ezi_3,E(z) RNAi,0.5388866515967121,-0.6622418300327246,-3.2796949710340257,100,2000
2399,47.974264705882355,321.6029411764706,306.5680147058824,818.0,1.6658869237451985,18095.341911764706,Ezi_3,E(z) RNAi,0.42365749678004105,-0.4795448174031025,-4.016650073511535,100,2000
2400,49.42282842785355,322.16439339554915,145.5010768126346,1760.0,1.5092584798643602,44408.13926776741,Ezi_3,E(z) RNAi,0.817899621371931,-0.48762310308744394,-2.3679226524017025,100,2000
2401,48.0272034820457,328.1229597388466,319.07399347116433,1274.0,1.6104801313082313,18674.82916213275,Ezi_3,E(z) RNAi,0.39348047805319464,-0.46491396108594396,-4.001388256375435,100,2000
2402,51.18516723218614,357.2796897721764,209.3974793989336,2453.0,1.3658315884987329,52562.0319922443,Ezi_3,E(z) RNAi,0.6638321493348589,-0.4090133651481491,-0.8041746298436934,100,2000
2403,51.607861488067385,355.30042115114645,181.03088441740758,2559.0,1.4435944793802513,59558.62470753393,Ezi_3,E(z) RNAi,0.7331268534162516,-0.41486827015428107,-0.3392211897528554,100,2000
2404,49.64123376623377,367.81872294372295,171.66612554112555,2653.0,1.4476591285059481,56503.39935064935,Ezi_3,E(z) RNAi,0.7568807395224344,-0.3887167029676074,-2.3363026914067575,100,2000
2405,50.23562855337966,379.452937460518,131.57801642451042,2229.0,1.6478216348644557,48104.89829437777,Ezi_3,E(z) RNAi,0.8557638204225964,-0.366203990516095,-1.730852919867928,100,2000
2406,50.59229651162791,383.2267441860465,165.37427325581396,1790.0,1.3593943037363048,46828.20348837209,Ezi_3,E(z) RNAi,0.773296595349072,-0.3562020055198999,-1.429312632800439,100,2000
2407,49.49509001636661,392.25368248772503,174.92307692307693,1543.0,1.356799484874771,52305.02291325696,Ezi_3,E(z) RNAi,0.7505263460562526,-0.3364018945712107,-2.5689327238119546,100,2000
2408,49.43420427553444,407.99477434679335,296.4479809976247,2509.0,1.494813329855146,52768.20570071259,Ezi_3,E(z) RNAi,0.4541373726368052,-0.29581451123224,-2.8353602492721492,100,2000
2409,50.55619930475087,434.8986095017381,313.2479721900348,2349.0,1.3709989105450175,59550.84125144844,Ezi_3,E(z) RNAi,0.4147962978295554,-0.2374426894806574,-1.8251758340442876,100,2000
2410,49.32633420822397,454.82764654418196,165.9501312335958,1468.0,1.3911560134607646,61193.23709536308,Ezi_3,E(z) RNAi,0.7766276680911945,-0.20342890770687516,-2.9374465855683383,100,2000
2411,51.07950651130911,463.59835503769705,233.61960246744346,2102.0,1.3547039756284025,60909.20493488691,Ezi_3,E(z) RNAi,0.6115828203209346,-0.18080366652873325,-1.29875750660986,100,2000
2412,49.99796885578876,480.38794854434667,392.69465132024374,1882.0,1.731525226302507,35218.76641841571,Ezi_3,E(z) RNAi,0.2233626578075687,-0.13582187330099937,-2.63647468266786,100,2000
2413,49.5071599045346,483.291169451074,319.89498806682576,1209.0,1.3601222522707344,48110.74821002386,Ezi_3,E(z) RNAi,0.40173229271857447,-0.13382926634343517,-3.0457401150734995,100,2000
2414,49.542048293089096,493.37468776019983,109.31723563696919,1475.0,1.4744165277149062,40569.141548709405,Ezi_3,E(z) RNAi,0.917785424799183,-0.12445864450945454,-2.780676064792935,100,2000
2415,50.126544524925436,502.6872603323392,127.2228376651044,2780.0,1.3929783193473606,60561.361312313595,Ezi_3,E(z) RNAi,0.8745761350512853,-0.10355513320544607,-2.250051566687006,100,2000
2416,49.13742926434923,538.6903799514955,231.56750202101858,1740.0,1.4642565879111153,61598.629749393695,Ezi_3,E(z) RNAi,0.6215786709905649,-0.02073924838318908,-3.491478121940311,100,2000
2417,52.826810477657936,536.975654853621,332.2428351309707,4598.0,1.7064945118208779,49609.86132511556,Ezi_3,E(z) RNAi,0.3750532383748413,-0.018565928787921293,0.07735953500267101,100,2000
2418,50.93458445040214,552.71581769437,241.63056300268096,2328.0,1.4850492296551385,61962.446648793564,Ezi_3,E(z) RNAi,0.5978722263242151,0.009775045625073364,-1.7542567058791576,100,2000
2419,50.2691466083151,583.3711159737418,285.69978118161924,2789.0,1.5056961357409202,60451.96717724289,Ezi_3,E(z) RNAi,0.49204336878692656,0.07770927890656587,-2.578355123749006,100,2000
2420,49.58974358974359,586.6917113893858,215.58735837805605,2067.0,1.6330039717663132,52170.53786523554,Ezi_3,E(z) RNAi,0.6638641689039524,0.0807458546060289,-3.1809921773200927,100,2000
2421,49.06288532675709,591.0579531442663,323.40258939580764,2215.0,1.4566153060277132,36423.49506781751,Ezi_3,E(z) RNAi,0.40027823627664616,0.09627297122340805,-3.8578307072559355,100,2000
2422,50.574376199616125,588.9697696737044,305.69769673704417,2732.0,1.5766109762118021,58569.4141074856,Ezi_3,E(z) RNAi,0.44346826551586993,0.09080834366014612,-2.317096041106133,100,2000
2423,49.66252452583388,604.2936559843034,245.8306082406802,2040.0,1.401002998385395,60908.431000654025,Ezi_3,E(z) RNAi,0.5910085102748139,0.12004104688051975,-3.205511832776317,100,2000
2424,50.06259699948267,619.9896533885153,247.36420072426282,2368.0,1.3553630280532556,58886.453181583034,Ezi_3,E(z) RNAi,0.5882923185535616,0.1536172806352063,-2.8602970196472697,100,2000
2425,49.26773333333333,621.6250666666666,358.5466666666667,2428.0,1.7681800013234168,24244.0144,Ezi_3,E(z) RNAi,0.3162852257506785,0.16351080665312523,-3.8001544964106415,100,2000
2426,50.66613672496025,634.4144144144144,219.35135135135135,2422.0,1.535488439536754,58453.10863804982,Ezi_3,E(z) RNAi,0.6578059550793585,0.1827794640943461,-2.270261849305747,100,2000
2427,51.986556359875905,662.3805584281282,107.57911065149948,1314.0,1.3598395025176293,57341.39296794209,Ezi_3,E(z) RNAi,0.9332133554520272,0.23600594958827226,-0.903936276079051,100,2000
2428,49.84843624699278,672.4538893344026,225.84442662389736,2069.0,1.8944658885178518,39126.6680032077,Ezi_3,E(z) RNAi,0.6444331338173477,0.2642990384055368,-3.2243822064595378,100,2000
2429,50.53873377900118,670.9834840739285,318.8725914274479,3219.0,1.6735947421697464,31367.237907982697,Ezi_3,E(z) RNAi,0.4166487429927732,0.26653087218028015,-2.6458389784186807,100,2000
2430,49.75896964121435,678.278748850046,305.4388224471021,1428.0,1.2987299503165333,33348.65133394664,Ezi_3,E(z) RNAi,0.4500125572412199,0.28131394261728926,-3.4333463257672605,100,2000
2431,49.80639823496966,683.2890237175951,345.48207391064534,2313.0,1.5095292349760199,31428.45449531164,Ezi_3,E(z) RNAi,0.35233858016684616,0.29431166869508774,-3.4530502667520295,100,2000
2432,50.07310267857143,689.4720982142857,288.59151785714283,2288.0,1.569811752065968,34609.73046875,Ezi_3,E(z) RNAi,0.4919857219960908,0.3042240900911162,-3.1358265137976318,100,2000
2433,49.63208046585495,694.3668607728957,353.2482795129698,2264.0,1.6773713804514168,40731.70407623081,Ezi_3,E(z) RNAi,0.3340642676618253,0.31839097233667557,-3.6744674274368805,100,2000
2434,50.33024214322514,700.0242143225141,256.07779495105615,2326.0,1.554606354288227,40529.63781555899,Ezi_3,E(z) RNAi,0.5722599696306692,0.3248625813939907,-2.873483198563605,100,2000
2435,50.143436391282314,705.5235681702991,213.16979219462746,2570.0,1.5069794648261845,48071.72782564622,Ezi_3,E(z) RNAi,0.6776410641187718,0.3341192856834294,-3.025002821519685,100,2000
2436,49.552429667519185,708.2225063938619,170.8925831202046,799.0,1.802248305229224,31799.22250639386,Ezi_3,E(z) RNAi,0.7812941847266455,0.3374351825859774,-3.5720684109436434,100,2000
2437,50.072514619883044,734.3824561403509,199.73099415204678,1246.0,1.3553165281885466,29967.63859649123,Ezi_3,E(z) RNAi,0.7124417446188136,0.39490976473510164,-3.176384389049531,100,2000
2438,51.54302670623145,761.63353115727,245.98516320474778,963.0,1.3323552581574583,24850.231454005934,Ezi_3,E(z) RNAi,0.6010339562225868,0.4557231291213315,-1.8558078818582757,100,2000
2439,50.08453085376162,811.3626373626373,206.37109044801352,1507.0,1.2770621505686226,28383.18512256974,Ezi_3,E(z) RNAi,0.7012829137330696,0.5595176254768799,-3.4322963317030286,100,2000
2440,49.71033776867963,812.4866939611054,259.71494370522004,2282.0,1.5222842541473018,46873.47338792221,Ezi_3,E(z) RNAi,0.5707999990381543,0.5649885296941848,-3.877200117506341,100,2000
2441,50.09496021220159,855.5957559681698,352.08647214854113,2578.0,1.466497418956459,27154.727320954906,Ezi_3,E(z) RNAi,0.3475728131344582,0.6622834596563563,-3.7538401086763784,100,2000
2442,53.01883910386965,851.5682281059063,396.87067209775967,2840.0,1.4489117901986028,41750.99236252546,Ezi_3,E(z) RNAi,0.23768932936443732,0.6562947255440725,-0.8725822365035469,100,2000
2443,49.797766749379655,872.0849875930521,418.99937965260546,1974.0,1.375695441895546,38934.23945409429,Ezi_3,E(z) RNAi,0.18489611415037066,0.7013164177001348,-4.190583302165038,100,2000
2444,49.66187050359712,890.6235011990408,423.2901678657074,835.0,1.3769974636942888,24691.112709832134,Ezi_3,E(z) RNAi,0.17562130130983267,0.741111782017841,-4.394378502803917,100,2000
2445,49.79144385026738,907.1806298276887,455.08615567439097,2108.0,1.4593631408005487,33934.450980392154,Ezi_3,E(z) RNAi,0.09889605482105446,0.7782679645787038,-4.360530702871422,100,2000
2446,49.084780388151174,912.7722165474975,467.1317671092952,1237.0,1.409389324597122,29074.96731358529,Ezi_3,E(z) RNAi,0.06978651978032047,0.7908860968268678,-5.101157732865467,100,2000
2447,50.4198347107438,945.9520661157025,572.3625344352618,2367.0,1.4958271833377217,30404.38567493113,Ezi_3,E(z) RNAi,-0.18557306488574232,0.8677469641785747,-4.010020587402337,100,2000
2448,49.103975535168196,961.9388379204893,507.5816513761468,1924.0,1.390433568886281,25914.725993883792,Ezi_3,E(z) RNAi,-0.025961371185956428,0.8981075790832294,-5.298512094556173,100,2000
2449,52.332244008714596,117.14379084967321,388.4466230936819,2273.0,1.3634982295275602,32645.427559912852,Ezi_3,E(z) RNAi,0.20972200203941904,-0.9109732611915038,0.9280712184121711,100,2000
2450,51.072300045187525,128.2214188883868,495.4274740171713,2809.0,1.446158754252175,26781.055128784454,Ezi_3,E(z) RNAi,-0.051375706917811126,-0.8811819079128023,-0.5034340860218407,100,2000
2451,49.5389369592089,141.12237330037084,502.23485784919654,2756.0,1.4338182279491736,17547.484548825712,Ezi_3,E(z) RNAi,-0.06717883537070579,-0.8532784324868494,-2.088832916589446,100,2000
2452,50.00848303393214,150.812874251497,659.2355289421158,2666.0,1.478334129208987,19214.803393213573,Ezi_3,E(z) RNAi,-0.4507960553966097,-0.8235497505554673,-1.848933953459877,100,2000
2453,49.20391061452514,159.0,462.9050279329609,542.0,1.6264883501365086,18999.377094972067,Ezi_3,E(z) RNAi,0.030264057048533743,-0.8174094306948325,-2.4348040159446,100,2000
2454,50.38510028653295,172.55014326647566,350.9031518624642,2171.0,1.5828750256018413,32974.412607449856,Ezi_3,E(z) RNAi,0.30528016962592996,-0.7949514331899559,-1.1588048034998693,100,2000
2455,51.46622889305816,168.82223264540337,474.66275797373356,2821.0,1.4314226813031372,34267.53893058161,Ezi_3,E(z) RNAi,0.0021305389881636216,-0.7957609146847885,-0.2203742323364608,100,2000
2456,49.368489583333336,189.04296875,221.32161458333334,1016.0,1.338228797193623,26957.958333333332,Ezi_3,E(z) RNAi,0.6235231960670431,-0.7672452478352763,-2.0684606968038537,100,2000
2457,51.568766066838045,203.27442159383034,279.6947300771208,2023.0,1.3666836901879884,38455.723650385604,Ezi_3,E(z) RNAi,0.48159104175428213,-0.7335031281624249,0.01057731555128072,100,2000
2458,50.392857142857146,235.30128205128204,228.67032967032966,1476.0,1.5251937071781907,25708.222527472528,Ezi_3,E(z) RNAi,0.6085946934780575,-0.6681293750214474,-1.2093145049857341,100,2000
2459,50.480578139114726,257.95663956639567,292.3441734417344,1424.0,1.6396425042127323,22878.020776874437,Ezi_3,E(z) RNAi,0.4542523921664283,-0.6161259282991395,-1.2778759916856401,100,2000
2460,51.36204744069913,270.9344569288389,162.48189762796505,1920.0,1.313245188984224,33296.70287141074,Ezi_3,E(z) RNAi,0.7729445766781402,-0.5959208455470387,-0.2772584182851716,100,2000
2461,51.04804612427931,291.6604740550929,264.8910954516336,2134.0,1.5322915845549485,32976.447789878286,Ezi_3,E(z) RNAi,0.5236715366855562,-0.5458029068475359,-0.7896287834617866,100,2000
2462,50.749682337992375,298.9733163913596,191.09339263024142,1899.0,1.491937563913596,40021.96696315121,Ezi_3,E(z) RNAi,0.7047750372553268,-0.5344592217151172,-1.020068629975576,100,2000
2463,51.25895316804408,299.0027548209366,216.63774104683196,1815.0,1.3881831800491964,34130.06611570248,Ezi_3,E(z) RNAi,0.6422560948229665,-0.5329199172515312,-0.5429470197057995,100,2000
2464,51.86936339522546,381.69827586206895,216.1916445623342,2057.0,1.6237534329600154,42997.16578249337,Ezi_3,E(z) RNAi,0.6488170264695097,-0.3565235092695884,-0.21085251822006512,100,2000
2465,53.007268951194185,383.2632398753894,111.6588785046729,2445.0,1.241152599159296,40812.26375908619,Ezi_3,E(z) RNAi,0.9047598199727387,-0.3592036490621956,1.0529097217276941,100,2000
2466,50.62171052631579,388.6217105263158,190.6359649122807,1280.0,1.4019731304925238,38300.45723684211,Ezi_3,E(z) RNAi,0.7118257828827934,-0.34323598775724107,-1.4497841206810023,100,2000
2467,53.13828502415459,392.31280193236717,297.4088164251208,2102.0,1.467342904459323,51911.038647343,Ezi_3,E(z) RNAi,0.4507377281299627,-0.32918718141100256,0.920374914174829,100,2000
2468,49.256140350877196,404.56666666666666,312.64122807017543,1548.0,1.7850289988693488,45931.179824561405,Ezi_3,E(z) RNAi,0.41427833918661383,-0.30219547720875295,-3.022177754587574,100,2000
2469,51.14253773057574,401.89379541643376,186.42034656232534,2223.0,1.3014629382579006,57603.393515930686,Ezi_3,E(z) RNAi,0.7230200035993146,-0.3151613871813037,-0.968428607555083,100,2000
2470,51.11700288184438,404.78962536023056,241.621325648415,2281.0,1.4295688387516459,59659.68933717579,Ezi_3,E(z) RNAi,0.5881080208246614,-0.3058010781639068,-1.072981163944803,100,2000
2471,50.72626176218991,433.2912745936698,147.07356715141145,2915.0,1.3725262398228382,60104.94097519247,Ezi_3,E(z) RNAi,0.8213990385365275,-0.25045150606373623,-1.441220100889744,100,2000
2472,49.276556776556774,440.25824175824175,101.4065934065934,709.0,1.4428762005654778,23617.738095238095,Ezi_3,E(z) RNAi,0.9336333647131283,-0.238232133032365,-2.8571187019040707,100,2000
2473,50.870783847980995,442.258432304038,247.81567695961996,2878.0,1.436337852625381,58919.58717339668,Ezi_3,E(z) RNAi,0.5754269416328666,-0.22551200359080525,-1.453324567124973,100,2000
2474,49.7710843373494,452.4061962134251,273.10327022375213,863.0,1.4030720711942548,57047.984509466434,Ezi_3,E(z) RNAi,0.5142103793341737,-0.20241336232778107,-2.6189624715056894,100,2000
2475,50.13261093911249,486.76367389060886,182.81940144478844,2212.0,1.3894011471034324,58325.19607843137,Ezi_3,E(z) RNAi,0.7374508455638606,-0.13432000703652602,-2.2600352375425743,100,2000
2476,51.24199084668192,485.65446224256294,209.55034324942793,2169.0,1.5076868148197917,59642.66533180778,Ezi_3,E(z) RNAi,0.671950694226501,-0.1351370550020662,-1.1804572416732242,100,2000
2477,51.33056234718826,488.3374083129584,230.7799511002445,2612.0,1.3781050618377668,59879.57017114914,Ezi_3,E(z) RNAi,0.6201687646804028,-0.12818874612696052,-1.127567519999495,100,2000
2478,50.9124755062051,557.3226649248857,279.60809928151536,1815.0,1.3498368790658006,56688.47485303723,Ezi_3,E(z) RNAi,0.5052275672282645,0.02179251571930596,-1.8395457268471844,100,2000
2479,52.61674579197238,594.6741476046612,258.312473025464,3864.0,1.8497518333820964,62614.625377643504,Ezi_3,E(z) RNAi,0.5598145127560068,0.10026049099801426,-0.2345292502097749,100,2000
2480,53.02961538461538,614.6573076923077,89.47076923076924,2976.0,1.2113220321206488,58506.463461538464,Ezi_3,E(z) RNAi,0.9743730927550447,0.1331595256906255,0.3227693784045016,100,2000
2481,50.86125145744268,617.3614457831326,212.89545277885736,3099.0,1.4946749719015917,58578.206373882625,Ezi_3,E(z) RNAi,0.6724779556047937,0.1460288701312511,-2.0095419623764172,100,2000
2482,51.30881801125704,633.4521575984991,133.48217636022514,3212.0,1.312513559246763,60508.64765478424,Ezi_3,E(z) RNAi,0.8679040850332596,0.17578038370190252,-1.516612606978292,100,2000
2483,51.14739364889155,658.6488915518274,277.0179748352307,2142.0,1.4421018385125979,38334.07849011384,Ezi_3,E(z) RNAi,0.5182695910669064,0.237808213889674,-1.9430788145436821,100,2000
2484,50.69002579535684,663.2110920034394,196.8847807394669,2763.0,1.582325301811423,54410.23043852107,Ezi_3,E(z) RNAi,0.7146975986380255,0.24291740503374348,-2.315297611338565,100,2000
2485,49.98108511697362,683.1513190642111,241.97312095569936,2513.0,1.4249919785945158,40043.20607267297,Ezi_3,E(z) RNAi,0.6056657051509251,0.2880511874479392,-3.148043035644747,100,2000
2486,49.301886792452834,698.1006289308176,142.5566037735849,544.0,1.468694241979481,28665.85534591195,Ezi_3,E(z) RNAi,0.849977187108474,0.314206194549685,-3.7529270969120248,100,2000
2487,52.23339483394834,712.619003690037,273.700184501845,2816.0,1.513482258303337,41094.44095940959,Ezi_3,E(z) RNAi,0.5299572240623451,0.35276143129776916,-1.034923986538999,100,2000
2488,50.17919580419581,724.6590909090909,281.23426573426576,1626.0,1.3275744381614218,31223.00699300699,Ezi_3,E(z) RNAi,0.5123200447467742,0.37886649824061247,-3.1391639927963624,100,2000
2489,51.40730492529054,750.1228555617045,296.7996679579413,2414.0,1.609514520251997,37500.71776425014,Ezi_3,E(z) RNAi,0.4759050370624769,0.43409574828385167,-2.0164610165594326,100,2000
2490,50.13127646702964,804.7011494252873,362.98971566848155,2040.0,1.4983958128710995,31712.068360556565,Ezi_3,E(z) RNAi,0.31752015755318386,0.5543368497109851,-3.559572515774576,100,2000
2491,49.31623931623932,809.5641025641025,471.46666666666664,802.0,1.5506397510334546,18357.574358974358,Ezi_3,E(z) RNAi,0.05234835571709473,0.5709596792576617,-4.52709327226696,100,2000
2492,54.67263115087434,808.0345668971127,282.6449776331842,3703.0,1.686961541956825,32933.27165514437,Ezi_3,E(z) RNAi,0.514370390457817,0.5568487552030619,1.0713080451107828,100,2000
2493,50.13627254509018,815.2830661322645,783.8251503006012,2438.0,1.465184093966891,37817.414328657316,Ezi_3,E(z) RNAi,-0.7117687057596946,0.6011756784355899,-4.118220399643384,100,2000
2494,50.97206349206349,820.9136507936508,519.2907936507936,1881.0,1.3058654623657,27446.544761904763,Ezi_3,E(z) RNAi,-0.06395440168301036,0.5979415398288024,-2.969551261789462,100,2000
2495,51.17067583046965,833.5744558991981,400.163802978236,2074.0,1.32809785961497,45676.264604811,Ezi_3,E(z) RNAi,0.22844429266706534,0.6180843261112563,-2.664185127608029,100,2000
2496,51.04500978473581,835.1232876712329,306.76810176125247,1347.0,1.3354325548431218,27324.379647749513,Ezi_3,E(z) RNAi,0.45713180447874024,0.6160027147967182,-2.677903906835816,100,2000
2497,50.453596287703014,844.5951276102088,385.0104408352668,1199.0,1.2921707285710973,21990.60324825986,Ezi_3,E(z) RNAi,0.2662630692047663,0.6407162670454902,-3.3994140400200408,100,2000
2498,50.79063936481404,867.4935227747598,722.2152110321772,2917.0,1.3268362577425992,30372.069786878394,Ezi_3,E(z) RNAi,-0.5575270272948797,0.7090108850750951,-3.5626327287632193,100,2000
2499,50.69484412470024,866.4916067146283,787.7086330935252,2286.0,1.565080055209377,30462.091726618706,Ezi_3,E(z) RNAi,-0.7178872836439321,0.7106488924754606,-3.737213358217545,100,2000
2500,57.191278856724075,881.7328691828509,482.1832172957127,5111.0,1.7172504839164355,25628.931843165996,Ezi_3,E(z) RNAi,0.030871763042287448,0.7255953269828301,3.0910784576674786,100,2000
2501,50.5962441314554,873.4032863849766,696.5408450704225,2627.0,1.3795982535531888,21599.179812206574,Ezi_3,E(z) RNAi,-0.49429784786640996,0.7201367117336233,-3.744746245593305,100,2000
2502,47.85403726708075,890.6024844720497,533.7888198757764,952.0,1.802857623076714,18132.316770186335,Ezi_3,E(z) RNAi,-0.09481886577931509,0.7474247918071284,-6.340755189302797,100,2000
2503,50.05984555984556,902.1872586872587,378.36100386100384,744.0,1.3593058586019346,22124.127413127415,Ezi_3,E(z) RNAi,0.28634869526366336,0.763193639328599,-3.9790362478881036,100,2000
2504,50.6066610455312,937.462478920742,596.9304384485666,3008.0,1.5325506806220102,29455.27360876897,Ezi_3,E(z) RNAi,-0.2462648447931488,0.8510536458470479,-3.8253879534535287,100,2000
2505,51.593801881571665,95.4327614831212,342.15384615384613,2335.0,1.5842421893464729,34437.18539014942,Ezi_3,E(z) RNAi,0.3215887088009739,-0.9599647289431783,0.320925850860327,100,2000
2506,50.74398249452954,114.67286652078775,330.109409190372,1334.0,1.4759146650746278,21973.36433260394,Ezi_3,E(z) RNAi,0.3523425816616881,-0.9196196534831526,-0.5786604755857852,100,2000
2507,51.1519090170593,124.10316815597075,313.81640942323315,1469.0,1.3210281605217506,43329.95369618197,Ezi_3,E(z) RNAi,0.39284218870255105,-0.9004380459725309,-0.18209771970287392,100,2000
2508,51.838125,136.101875,592.059375,2277.0,1.467139403008769,14748.58625,Ezi_3,E(z) RNAi,-0.28736178609287966,-0.8587931759603804,0.11458140393959582,100,2000
2509,53.91360691144708,155.45032397408207,457.4179265658747,2005.0,1.658166601442415,22172.260259179267,Ezi_3,E(z) RNAi,0.04344541688560377,-0.8252642423706857,2.293716092356483,100,2000
2510,51.78872366790582,164.46964064436185,445.9349442379182,1971.0,1.342361957156642,33555.67224287485,Ezi_3,E(z) RNAi,0.07215259527746465,-0.8067004810215375,0.1528370236083063,100,2000
2511,50.245,164.35,261.935,598.0,1.4965736607400275,27675.4125,Ezi_3,E(z) RNAi,0.5224863975847658,-0.8175757536585254,-1.1596361573691283,100,2000
2512,53.18459729570841,179.2586713697825,764.8500881834215,3627.0,1.859391984137133,17093.026455026455,Ezi_3,E(z) RNAi,-0.7074133965604107,-0.7567527220158728,1.098734219540681,100,2000
2513,51.34949679780421,173.2451967063129,744.2644098810613,2023.0,1.8007467527771348,18395.84812442818,Ezi_3,E(z) RNAi,-0.6574228390569162,-0.7707817464276959,-0.6902496020213533,100,2000
2514,50.69601013299557,172.31348955034832,589.3229892336922,2592.0,1.6313865178633102,16188.759974667511,Ezi_3,E(z) RNAi,-0.27826563025105167,-0.7817075471613588,-1.1462083925011513,100,2000
2515,52.76061381074169,189.99693094629157,728.9964194373401,2571.0,1.4767256808357694,23717.77851662404,Ezi_3,E(z) RNAi,-0.6189504235631964,-0.7359146428662658,0.6835213958334023,100,2000
2516,50.82058823529412,186.89117647058825,800.464705882353,549.0,1.83284477915253,20784.914705882355,Ezi_3,E(z) RNAi,-0.7940680094702,-0.7384337494318631,-1.3356786880501943,100,2000
2517,51.12754650132861,228.79716563330382,191.52524357838794,1447.0,1.4131387527054802,30697.713906111603,Ezi_3,E(z) RNAi,0.6990743963460013,-0.6841411917415579,-0.40609593289782,100,2000
2518,52.125920964501006,227.29135967849967,366.00066979236436,1829.0,1.5912387897774927,38017.792364367044,Ezi_3,E(z) RNAi,0.27194573913771647,-0.6772866645876852,0.3784619934119391,100,2000
2519,53.27406764960971,241.122289679098,758.83434518647,1941.0,1.357359195694109,26521.7328707719,Ezi_3,E(z) RNAi,-0.688597516602136,-0.6251227655775184,0.9871303671525453,100,2000
2520,50.73888888888889,253.4138888888889,321.2324074074074,1528.0,1.470172357418557,26327.5,Ezi_3,E(z) RNAi,0.3832475701334124,-0.6241496857750625,-1.0404892619905226,100,2000
2521,52.815516188149054,279.1007941356139,209.56139279169213,1915.0,1.3261995474691146,45324.53145998778,Ezi_3,E(z) RNAi,0.6582542811336511,-0.57577426094149,1.0895982904702635,100,2000
2522,52.142857142857146,293.08210947930576,167.94592790387182,1838.0,1.2974808493822592,41240.501335113484,Ezi_3,E(z) RNAi,0.7610344282279422,-0.5483516529237258,0.42200352265118823,100,2000
2523,51.80416976917349,313.7014147431124,239.8324646314222,1604.0,1.48769130007694,33975.443037974685,Ezi_3,E(z) RNAi,0.5864581902184725,-0.5002213807936496,-0.07640069048771636,100,2000
2524,52.63877822045153,320.5239043824701,124.93426294820718,1826.0,1.4085191108788724,49526.721779548476,Ezi_3,E(z) RNAi,0.8681189278724937,-0.4922852692128352,0.8793405766688309,100,2000
2525,51.76380813953488,343.84375,282.0036337209302,1716.0,1.2981072561936418,25838.420058139534,Ezi_3,E(z) RNAi,0.48523906586623267,-0.43348636522611694,-0.2713158970014078,100,2000
2526,49.66265060240964,357.56385542168675,149.72289156626505,599.0,1.4548098081212615,33560.065060240966,Ezi_3,E(z) RNAi,0.8099080133654681,-0.4118588435507975,-2.2527749638515076,100,2000
2527,54.779381443298966,376.32082474226803,194.43546391752577,3184.0,1.246785525263946,57849.00371134021,Ezi_3,E(z) RNAi,0.7017009381305366,-0.3692286854727038,2.7445751022737213,100,2000
2528,50.8507347254447,388.5351894818252,268.94044856921886,1687.0,1.5097168309170008,44802.09667440062,Ezi_3,E(z) RNAi,0.5201702647828059,-0.33890412797172764,-1.3187064810435203,100,2000
2529,53.91882556131261,386.0474956822107,202.2098445595855,1686.0,1.347400280768989,45893.89464594128,Ezi_3,E(z) RNAi,0.6833191827718967,-0.3480363942962972,1.8414705084730159,100,2000
2530,50.56335616438356,393.94349315068496,239.97602739726028,1061.0,1.6602159748401193,61937.068493150684,Ezi_3,E(z) RNAi,0.5914188987644111,-0.3290384552863187,-1.587984129539123,100,2000
2531,53.178491744756805,393.8768406961178,281.77242302543505,2850.0,1.386295611540254,55098.77911646586,Ezi_3,E(z) RNAi,0.4891109419775166,-0.32675180432292916,0.9749236464815709,100,2000
2532,52.53678756476684,398.5518134715026,213.66269430051813,2382.0,1.3711073830873155,57437.81658031088,Ezi_3,E(z) RNAi,0.656119669663807,-0.32071013815820626,0.40290538579284174,100,2000
2533,51.42498347653668,409.16721744877725,280.9444811632518,1998.0,1.3544154499156136,55870.94712491738,Ezi_3,E(z) RNAi,0.49215387059456206,-0.29419270479637727,-0.8290978189414275,100,2000
2534,51.296551724137935,420.264367816092,234.00574712643677,2041.0,1.4666757855194317,57215.575287356325,Ezi_3,E(z) RNAi,0.6077702891969878,-0.27322596954532774,-0.9360643361071155,100,2000
2535,52.66161342717921,414.31727125067675,178.03465078505684,2472.0,1.3703942575773689,60974.834325933945,Ezi_3,E(z) RNAi,0.7443614476945162,-0.2891303374138271,0.5192622414571062,100,2000
2536,50.93325387365912,426.1299165673421,101.70917759237187,1023.0,1.3978916939518373,29454.30989272944,Ezi_3,E(z) RNAi,0.9319533947968901,-0.26834317490968784,-1.1531674425427951,100,2000
2537,50.98871527777778,446.0217013888889,138.09461805555554,1464.0,1.4024646089894208,58968.377604166664,Ezi_3,E(z) RNAi,0.8442163468890611,-0.2238089617613156,-1.2104341538322103,100,2000
2538,50.72772988505747,449.19755747126436,326.30890804597703,1816.0,1.6252091917424003,58218.57974137931,Ezi_3,E(z) RNAi,0.38377531915411023,-0.20618387035925045,-1.7182518329892602,100,2000
2539,50.64459161147903,448.2759381898455,221.31567328918322,731.0,1.484308590076636,53871.32229580574,Ezi_3,E(z) RNAi,0.6406840763499513,-0.21420416054875913,-1.6665624137006532,100,2000
2540,51.99603174603175,449.21746031746034,193.06349206349208,1589.0,1.6241094205428317,54507.433333333334,Ezi_3,E(z) RNAi,0.7098893394151491,-0.21381467924544462,-0.28286233243453296,100,2000
2541,50.649919828968464,461.9962586851951,125.4762159273116,2320.0,1.5202701267934315,55498.370390165685,Ezi_3,E(z) RNAi,0.8761574989199497,-0.1904597906194373,-1.5872674814596053,100,2000
2542,50.43952802359882,460.97758112094397,360.7622418879056,2072.0,1.6483208234819853,44247.97640117994,Ezi_3,E(z) RNAi,0.30023140749929533,-0.17906870078312254,-2.089400632735341,100,2000
2543,50.60371819960861,461.30430528375734,391.00391389432485,1450.0,1.6213234903615334,29754.646771037183,Ezi_3,E(z) RNAi,0.22623648047211264,-0.1766268602663078,-1.9642529946777287,100,2000
2544,51.17467532467533,462.5571428571429,208.05584415584417,2036.0,1.49330356380858,62374.39675324675,Ezi_3,E(z) RNAi,0.674080611599444,-0.18449815567656813,-1.168007063545339,100,2000
2545,52.31468023255814,471.57921511627904,179.98110465116278,1871.0,1.3607427812045756,59155.27180232558,Ezi_3,E(z) RNAi,0.743386772294012,-0.16686141634213092,-0.02321322696794681,100,2000
2546,52.595685840707965,469.7146017699115,322.46847345132744,2398.0,1.4728560303074028,57469.31360619469,Ezi_3,E(z) RNAi,0.3945267488833881,-0.16262188460261195,0.08532108316538967,100,2000
2547,52.524687294272546,482.2712310730744,150.66491112574062,3870.0,1.738956797044546,61315.14581961817,Ezi_3,E(z) RNAi,0.8158445004449482,-0.14574045469651242,0.18751475187782773,100,2000
2548,51.0041011619959,535.580997949419,313.0075187969925,1816.0,1.5308613778806026,38315.21872863978,Ezi_3,E(z) RNAi,0.4220443336248154,-0.02266349545552193,-1.7165031698145938,100,2000
2549,52.09477611940299,539.0835820895522,131.39328358208957,1659.0,1.3366685742298796,55027.92611940298,Ezi_3,E(z) RNAi,0.8667712789205766,-0.025654634707920954,-0.4098028793227755,100,2000
2550,51.0,549.7639569049951,123.74632713026445,1310.0,1.3318729549249766,47018.0763956905,Ezi_3,E(z) RNAi,0.8861967937959314,-0.0033186132123862455,-1.530995508672639,100,2000
2551,51.983395822174614,559.1703267273701,261.354579539368,2267.0,1.5191592576233384,60545.949651847885,Ezi_3,E(z) RNAi,0.550021990314727,0.0246895522969528,-0.7519632093375108,100,2000
2552,52.4350821409645,563.6947535771066,204.60572337042925,2397.0,1.319999337120468,60806.40593534711,Ezi_3,E(z) RNAi,0.6892120664202903,0.0310730278464737,-0.24434314442468974,100,2000
2553,52.32506596306069,566.6089709762533,146.42163588390503,2258.0,1.360077559189978,60565.81266490765,Ezi_3,E(z) RNAi,0.8318099247608084,0.033934546296824575,-0.2911913144430045,100,2000
2554,53.20245398773006,570.8331288343559,274.67484662576686,2108.0,1.2445571409497842,60534.81717791411,Ezi_3,E(z) RNAi,0.518188920836131,0.050347139156906584,0.4110460416223134,100,2000
2555,52.71542940320233,580.5509461426492,321.8842794759825,1838.0,1.4937518809018775,44202.41484716157,Ezi_3,E(z) RNAi,0.40328877063834057,0.07379694991664532,-0.1679730399688708,100,2000
2556,52.77445811364968,593.4686584651436,127.60046865846515,2118.0,1.4777991508630512,51531.81253661394,Ezi_3,E(z) RNAi,0.879650137621452,0.09015350178023951,0.09123195940873785,100,2000
2557,53.847015970860184,622.5169515270384,265.77780891005887,4650.0,1.4516181782831041,56284.81899691791,Ezi_3,E(z) RNAi,0.5433816885435272,0.1600980345326446,0.8924739468311031,100,2000
2558,52.62300628322861,624.6848719188014,230.6911551474142,2958.0,1.4998186514093137,57750.216046399226,Ezi_3,E(z) RNAi,0.6294026964428412,0.16269107324680165,-0.2948206821899646,100,2000
2559,51.60606060606061,641.4990723562153,283.59616573902287,2122.0,1.4916563787598587,28660.916512059368,Ezi_3,E(z) RNAi,0.5010336799084862,0.20160442179760674,-1.4348337130515603,100,2000
2560,53.35784716516023,656.1138044371405,95.17296631059983,2796.0,1.3156084121622693,58092.64050944947,Ezi_3,E(z) RNAi,0.9631587305579457,0.22193149819295743,0.5040429459773108,100,2000
2561,48.643962848297214,661.6780185758514,742.2941176470588,580.0,1.9786004752271305,7425.300309597524,Ezi_3,E(z) RNAi,-0.620279815982786,0.2710784463309073,-5.040420379340333,100,2000
2562,51.97819850831899,661.7687894434882,150.73952954675846,2049.0,1.4463373016808407,57873.69076305221,Ezi_3,E(z) RNAi,0.8275383776737846,0.2371892626603498,-0.9643779058282504,100,2000
2563,51.76751269035533,668.3309644670051,211.71269035532995,1345.0,1.346858765714265,40138.513705583755,Ezi_3,E(z) RNAi,0.678742140008658,0.25470259288069363,-1.273685617172731,100,2000
2564,53.47073256221521,679.1149667017174,155.260778128286,3548.0,1.447918968724644,58631.07711181213,Ezi_3,E(z) RNAi,0.8176159985288829,0.2744660884057013,0.4639784055551175,100,2000
2565,50.903081232492994,730.3725490196078,217.0778711484594,2308.0,1.512173521499402,37338.416806722686,Ezi_3,E(z) RNAi,0.6697178560039758,0.38736146625787926,-2.3540631884538996,100,2000
2566,52.06069200226886,723.5155984117981,783.1406693136698,2148.0,1.2725186837035432,34114.98638684061,Ezi_3,E(z) RNAi,-0.7161699515450919,0.4053789546546813,-1.8834902278325814,100,2000
2567,51.56079955580233,738.3359244863965,256.2109938922821,2164.0,1.5146438854190774,35783.33870072182,Ezi_3,E(z) RNAi,0.5744650357552696,0.4066111207786558,-1.772298194227787,100,2000
2568,53.85402397260274,753.3775684931506,215.6404109589041,3551.0,1.5394479121956248,28788.664811643837,Ezi_3,E(z) RNAi,0.6747495513470116,0.4363775669401002,0.521084733611616,100,2000
2569,50.7299880525687,769.889486260454,464.3781362007168,2012.0,1.4804771770963752,33148.77359617682,Ezi_3,E(z) RNAi,0.06706867274421868,0.48592179111065414,-2.9706673527305014,100,2000
2570,50.77777777777778,793.5544554455446,354.08910891089107,1171.0,1.6170265575270286,23996.113311331133,Ezi_3,E(z) RNAi,0.33856500137299905,0.5300486761970749,-2.8643195035784785,100,2000
2571,50.68031573754317,807.6147015293537,629.339911198816,2465.0,1.5006064306413769,41023.73606314751,Ezi_3,E(z) RNAi,-0.33417707921925277,0.5759132983042083,-3.3545115753640005,100,2000
2572,51.66020730058585,807.7332131590807,766.8512843623254,2865.0,1.4687296632599893,30856.516448850834,Ezi_3,E(z) RNAi,-0.670729215254043,0.5841016898546814,-2.5475408296036406,100,2000
2573,51.351150202976996,800.97699594046,332.93166441136674,1733.0,1.2596157555813834,32882.491204330174,Ezi_3,E(z) RNAi,0.3908369719484015,0.5446677804549116,-2.2894385215658843,100,2000
2574,53.2780269058296,810.7777065983344,394.41191543882127,1883.0,1.3681928806120738,42032.832158872516,Ezi_3,E(z) RNAi,0.24100780197009897,0.5691347793411041,-0.47275492716440937,100,2000
2575,54.952879581151834,839.2565445026178,646.3376963350786,2597.0,1.8974229180742137,6532.17277486911,Ezi_3,E(z) RNAi,-0.37369777244075464,0.644427201351933,0.7899952879807586,100,2000
2576,51.723118279569896,849.808064516129,569.5354838709677,2233.0,1.3944673428596543,37181.91505376344,Ezi_3,E(z) RNAi,-0.18501816921220082,0.662485557106461,-2.378975480435834,100,2000
2577,52.55024311183144,844.8500810372772,372.17828200972446,1586.0,1.211685163963404,27390.158833063208,Ezi_3,E(z) RNAi,0.29768049749687764,0.6405355456009874,-1.2875419806344084,100,2000
2578,52.13525132275132,852.5198412698413,757.3184523809524,4975.0,1.488890618300882,27227.68253968254,Ezi_3,E(z) RNAi,-0.6444361621403547,0.6791006320580686,-2.211572967016174,100,2000
2579,51.65907241659886,850.6729048006509,413.6240846216436,1531.0,1.3277380238174685,38458.96582587469,Ezi_3,E(z) RNAi,0.19663022391668905,0.6553407610368853,-2.2503388371048914,100,2000
2580,52.066072754268745,854.1061618411285,436.48255382331104,1593.0,1.2985200283007998,25389.96585003712,Ezi_3,E(z) RNAi,0.1409104100423182,0.6639859671685087,-1.883596075994248,100,2000
2581,52.74235403151066,870.0658016682113,347.44439295644116,2897.0,1.3910914230666527,42485.951807228914,Ezi_3,E(z) RNAi,0.359883988674776,0.692904582931184,-1.149436574073782,100,2000
2582,50.9,875.9658536585366,472.9829268292683,692.0,1.7325030847019367,19114.726829268293,Ezi_3,E(z) RNAi,0.05302573457803539,0.7127161459969147,-3.1691695361275123,100,2000
2583,51.3919028340081,893.7141700404858,320.0534412955466,1605.0,1.6334285241349538,25166.351417004047,Ezi_3,E(z) RNAi,0.42849130549016645,0.7417655179478104,-2.5452643518782594,100,2000
2584,52.83222866611433,893.2970173985087,404.9395194697597,3376.0,1.4549568587819701,34453.59734879868,Ezi_3,E(z) RNAi,0.2207021031891736,0.7457803027228791,-1.2100348778453167,100,2000
2585,53.70455965021861,922.053091817614,396.59775140537164,2045.0,1.28266121250761,29925.51905059338,Ezi_3,E(z) RNAi,0.24301838560347733,0.8066521773791759,-0.42421755710081044,100,2000
2586,52.26578947368421,928.7312865497076,659.3198830409357,4166.0,1.4168620419561886,26008.198830409357,Ezi_3,E(z) RNAi,-0.39954449882287046,0.8360362634555629,-2.2150969931404205,100,2000
2587,51.84753146176186,929.1389157792836,495.97725072604067,2623.0,1.4372902736616067,37066.91093901258,Ezi_3,E(z) RNAi,0.0002624956354277952,0.8274850466571011,-2.4298055183406078,100,2000
2588,53.96395705521472,149.30138036809817,406.7338957055215,1725.0,1.5454713811191332,20489.78834355828,Ezi_3,E(z) RNAi,0.16708694566749882,-0.8413039376306144,2.4283874178473326,100,2000
2589,50.94072657743786,154.17686424474186,625.6548757170173,1518.0,1.5733465665131257,24010.06500956023,Ezi_3,E(z) RNAi,-0.36838797485083585,-0.8183025887595424,-0.8859121278341391,100,2000
2590,52.57471264367816,165.23867478025693,279.184584178499,1921.0,1.6483491151450522,43143.12981744422,Ezi_3,E(z) RNAi,0.48032043664754287,-0.8146684255697664,1.1454240999520806,100,2000
2591,55.384481760277936,188.17834394904457,747.3925883034163,2866.0,1.508048120782465,21348.036479444123,Ezi_3,E(z) RNAi,-0.6641025755083518,-0.7387145798624768,3.290426218827186,100,2000
2592,53.513174404015054,178.22772898368882,225.11041405269762,1958.0,1.3810926640720966,29151.133626097868,Ezi_3,E(z) RNAi,0.6135228605515879,-0.7900692682008376,2.1079159411060147,100,2000
2593,52.536352800953516,184.55303933253873,366.6102502979738,2065.0,1.7754641318206692,29964.71811680572,Ezi_3,E(z) RNAi,0.2676252085111446,-0.7684239195946666,0.9322514763169139,100,2000
2594,51.32970027247956,195.4032697547684,333.0217983651226,558.0,1.6039497305613974,20819.179836512263,Ezi_3,E(z) RNAi,0.3505537308431155,-0.7472220510249978,-0.268844746856054,100,2000
2595,55.5755258126195,203.95666029318036,344.3843212237094,2334.0,1.4377834342292413,27024.10579987253,Ezi_3,E(z) RNAi,0.3232978867534342,-0.7282887801146827,3.93385414105785,100,2000
2596,52.13059701492537,198.1007462686567,205.94402985074626,742.0,1.332328309998041,25110.22014925373,Ezi_3,E(z) RNAi,0.6617509892007569,-0.7487884744604392,0.682375546928057,100,2000
2597,52.67598684210526,219.4375,246.72313596491227,2180.0,1.332014761757341,44232.15570175439,Ezi_3,E(z) RNAi,0.5633547045130347,-0.7009147666595367,1.1046491946045052,100,2000
2598,51.19104084321476,221.76021080368906,260.52569169960475,1021.0,1.3798912792435851,24612.650856389988,Ezi_3,E(z) RNAi,0.5297310309351784,-0.6951746152639597,-0.4054359835733621,100,2000
2599,52.16194331983806,227.63427800269906,317.5796221322537,1869.0,1.4930626636818674,28686.837381916328,Ezi_3,E(z) RNAi,0.3904781681277809,-0.6793466368433642,0.47407430330540734,100,2000
2600,53.39878950907868,219.3369199731002,222.10154673839946,1819.0,1.4781961316723278,33845.13786146604,Ezi_3,E(z) RNAi,0.623606991866152,-0.7025436842041002,1.8586753675128946,100,2000
2601,51.310554290053155,255.47000759301443,168.49810174639333,1588.0,1.3340645961955153,28399.5801063022,Ezi_3,E(z) RNAi,0.7571970713947853,-0.6285652794850823,-0.2841486002192539,100,2000
2602,52.967289719626166,259.39719626168227,239.61565420560748,1252.0,1.6680667109821563,23462.047897196262,Ezi_3,E(z) RNAi,0.5833929362355599,-0.6160748105898717,1.2701120858431452,100,2000
2603,51.413502109704645,270.9338959212377,331.7538677918425,926.0,1.6407908629056354,27797.675105485232,Ezi_3,E(z) RNAi,0.35865358443504736,-0.586162013312619,-0.43816225233335615,100,2000
2604,52.769113149847094,301.7859327217125,305.61850152905197,1645.0,1.564812084816453,28962.75229357798,Ezi_3,E(z) RNAi,0.42465673828839257,-0.5218411450269895,0.8461867994966923,100,2000
2605,52.89628077527502,315.77632268203246,199.130958617077,2165.0,1.2915607477123299,52849.757464641174,Ezi_3,E(z) RNAi,0.6862087230985172,-0.49813367262020947,1.0597681546724687,100,2000
2606,51.855286473715296,317.3904311872416,331.010632014176,2064.0,1.628052479709016,37551.732427643234,Ezi_3,E(z) RNAi,0.3635447923502342,-0.48709405376380654,-0.15211218970083706,100,2000
2607,51.85672082717873,387.2909896602659,145.34711964549484,873.0,1.3908967468606022,33193.011816838996,Ezi_3,E(z) RNAi,0.8225780534866114,-0.34867709720913964,-0.15347717008263828,100,2000
2608,55.19184222321829,374.0708202599731,152.4074406095921,2771.0,1.563789300044921,55256.01210219633,Ezi_3,E(z) RNAi,0.8044139174928995,-0.37644890880667525,3.2173470641912374,100,2000
2609,50.908256880733944,391.80937818552496,86.7940876656473,1181.0,1.4341106257921965,26418.754332313965,Ezi_3,E(z) RNAi,0.9661874122973806,-0.34242070049515183,-1.0437145164762427,100,2000
2610,50.05820105820106,395.6666666666667,327.8095238095238,551.0,1.7576757301013597,22261.84656084656,Ezi_3,E(z) RNAi,0.3765630673380085,-0.3203018250434938,-2.2091384351002574,100,2000
2611,51.42686567164179,430.1208955223881,164.6417910447761,914.0,1.3743513771341827,40305.55223880597,Ezi_3,E(z) RNAi,0.7781893168305027,-0.25619698773031985,-0.7519695660529209,100,2000
2612,55.994619523443504,484.4196771714066,326.1183704842429,3503.0,1.2899323426634934,53103.972713297466,Ezi_3,E(z) RNAi,0.3865568359822884,-0.13101581426733744,3.4300643389407384,100,2000
2613,52.251076040172165,481.22309899569586,167.59540889526542,1611.0,1.3836061240263877,54490.35868005739,Ezi_3,E(z) RNAi,0.774338779262222,-0.1470023095529317,-0.10380029643948774,100,2000
2614,52.58175294720656,484.050743208611,248.10968733982574,2403.0,1.3907660495941736,57991.28959507945,Ezi_3,E(z) RNAi,0.5774673207727961,-0.1363253953642357,0.11632975118217814,100,2000
2615,52.30648769574944,479.59209545115584,115.54735272184936,1565.0,1.384412943770498,56949.012677106635,Ezi_3,E(z) RNAi,0.9016176183095885,-0.15348230927879647,0.02240804254662976,100,2000
2616,52.59924892703863,485.4860515021459,275.47103004291847,2294.0,1.479256181058761,57538.09763948498,Ezi_3,E(z) RNAi,0.5105957177851939,-0.13168570368627608,0.0946592159241888,100,2000
2617,54.30809275911027,490.0274491244676,338.2522479886417,2505.0,1.5564006139972755,51605.26360624704,Ezi_3,E(z) RNAi,0.3572351317915261,-0.11836518453159162,1.709415034357228,100,2000
2618,53.550879062333514,504.53915823122003,295.2264251465104,2119.0,1.2686597782062536,53322.72136387853,Ezi_3,E(z) RNAi,0.46350244030763244,-0.08989299703227671,0.9572468965249925,100,2000
2619,53.44530120481928,551.3031325301205,141.2698795180723,2456.0,1.4624296166189414,60887.77156626506,Ezi_3,E(z) RNAi,0.8434030052488182,0.0009930906071999868,0.8871151919940274,100,2000
2620,51.63487544483986,565.064768683274,115.78149466192171,1629.0,1.3105847180538217,54281.81850533808,Ezi_3,E(z) RNAi,0.9067010532115625,0.02886861392282336,-0.937730328504891,100,2000
2621,53.08762322015334,576.2984665936473,103.45071193866374,2098.0,1.4230118646244212,55652.691675794085,Ezi_3,E(z) RNAi,0.9376195203060382,0.05213351993933357,0.4925945848514175,100,2000
2622,51.948406676783,573.5204855842185,126.86115326251897,1803.0,1.6387267120189668,56188.54931714719,Ezi_3,E(z) RNAi,0.8801422505963534,0.047548630403442704,-0.6666160459528214,100,2000
2623,53.60121920243841,584.4389128778257,177.01397002794005,5005.0,1.817539640874538,60112.72796545593,Ezi_3,E(z) RNAi,0.7581115442043802,0.0737450058539304,0.8864467324555321,100,2000
2624,53.68191721132898,597.9771241830065,276.82625272331154,2788.0,1.5299085759696878,61760.228213507624,Ezi_3,E(z) RNAi,0.5147177734259207,0.10838204695790021,0.7962703007339655,100,2000
2625,51.970618034447824,603.1702127659574,296.39614994934146,2435.0,1.7117824600606273,60349.31762917933,Ezi_3,E(z) RNAi,0.4671691501834878,0.12057657191681459,-0.9570816874213364,100,2000
2626,53.80913399396812,608.4429125376993,318.3089185695821,2831.0,1.489058564945111,51035.86342093925,Ezi_3,E(z) RNAi,0.413881540584061,0.13310181175667024,0.8361507643335528,100,2000
2627,52.41154700222058,628.820873427091,92.06587712805329,1677.0,1.2957140329652335,51520.59955588453,Ezi_3,E(z) RNAi,0.9689603753169174,0.1635203661411233,-0.34631402799235644,100,2000
2628,55.009467040673215,626.3036465638148,179.14971949509118,3975.0,1.593797532294201,57459.76788218794,Ezi_3,E(z) RNAi,0.7556499455889034,0.16319010528705302,2.150826967497153,100,2000
2629,52.130339539978095,634.6631982475355,335.96276013143483,2209.0,1.4234148534718347,23612.273274917854,Ezi_3,E(z) RNAi,0.37241343248851533,0.19004426789536533,-0.9532022598624792,100,2000
2630,53.20738137082601,646.7930579964851,216.15377855887522,2650.0,1.349235014483284,54744.10676625659,Ezi_3,E(z) RNAi,0.6664436633523005,0.20902142887962283,0.2332337617721052,100,2000
2631,53.6865671641791,648.7611940298508,108.8768656716418,885.0,1.741475681453679,40160.057835820895,Ezi_3,E(z) RNAi,0.9291312664512579,0.2070383872739172,0.8403635670794856,100,2000
2632,53.19917653113742,671.9541945445188,274.5506948018528,2430.0,1.5638935113872838,48166.515697375195,Ezi_3,E(z) RNAi,0.5251826162389786,0.26606560812309366,0.06691706934319797,100,2000
2633,52.35290889132821,678.2403951701427,363.1536772777168,2197.0,1.5937866211246974,42973.65203073546,Ezi_3,E(z) RNAi,0.30874632396294466,0.2845786155441301,-0.9117006685281481,100,2000
2634,54.131271878646444,683.0682613768962,225.15285880980164,2268.0,1.4940517917111602,47993.98424737456,Ezi_3,E(z) RNAi,0.6468157522832914,0.2869343547644392,1.0234988054553469,100,2000
2635,53.66188769414576,713.7305854241338,195.71385902031062,2003.0,1.4999441478044773,43046.73954599761,Ezi_3,E(z) RNAi,0.7208971493202827,0.35064676326209976,0.4876487798347853,100,2000
2636,53.25197740112994,714.8101694915255,293.8706214689266,2294.0,1.5548651387151127,33995.67514124294,Ezi_3,E(z) RNAi,0.48073241798479893,0.3586062952231679,-0.04904202127304558,100,2000
2637,51.76005961251863,717.9649776453056,344.1371087928465,1569.0,1.322980464594603,28189.91132637854,Ezi_3,E(z) RNAi,0.3579188441486356,0.3682239310511024,-1.6146508053100277,100,2000
2638,52.68443627450981,717.5287990196078,160.2628676470588,1933.0,1.3787635891671057,49214.5625,Ezi_3,E(z) RNAi,0.8079170210954667,0.3566985574172339,-0.4581298825345286,100,2000
2639,52.10446780551906,756.4047306176084,319.18528252299603,1799.0,1.4451783325320633,28767.843626806833,Ezi_3,E(z) RNAi,0.4215301570575243,0.44879287147696756,-1.3685706737728083,100,2000
2640,53.37226775956284,783.8176229508197,205.68579234972677,1860.0,1.4325203804469593,30668.10655737705,Ezi_3,E(z) RNAi,0.7011285252339798,0.5007391130429084,-0.05083180817630506,100,2000
2641,52.18724832214765,821.9107382550336,357.7912751677852,1826.0,1.4570314955941266,40294.540268456374,Ezi_3,E(z) RNAi,0.3313759426004559,0.590765975376242,-1.555127606741486,100,2000
2642,52.616216216216216,827.5776061776062,413.7397683397683,1590.0,1.4589643360244242,37331.00617760618,Ezi_3,E(z) RNAi,0.19481645772919132,0.6060842533972852,-1.2154628373000023,100,2000
2643,52.42390670553936,838.9072886297376,351.5265306122449,2188.0,1.4606754569122153,42308.781341107875,Ezi_3,E(z) RNAi,0.34783257852847305,0.6266659178070748,-1.3679282390341427,100,2000
2644,53.672886297376095,840.0204081632653,475.5737609329446,2056.0,1.320659312650564,32179.50670553936,Ezi_3,E(z) RNAi,0.044298779780249875,0.6362018044870805,-0.27833385691314305,100,2000
2645,53.21582733812949,838.7673860911272,710.6570743405276,907.0,1.7897245794467054,8738.618705035971,Ezi_3,E(z) RNAi,-0.5311459765404881,0.6470794775735127,-1.026087980059927,100,2000
2646,53.06687402799378,838.8543286677035,287.04250907205807,2353.0,1.4846763278863353,38953.48418869881,Ezi_3,E(z) RNAi,0.5056509960068771,0.622839675533231,-0.6438880878054007,100,2000
2647,52.50189873417722,857.8658227848101,379.5848101265823,2103.0,1.421740464400683,39316.68670886076,Ezi_3,E(z) RNAi,0.280414337161905,0.6687292371361315,-1.3890704652566086,100,2000
2648,53.87132644956314,862.0079428117554,561.4551231135822,1707.0,1.4542997255559484,21726.77760127085,Ezi_3,E(z) RNAi,-0.16444061221388417,0.6880617734531309,-0.26178525760720817,100,2000
2649,53.3681519357195,886.6537618699781,707.0485756026296,3210.0,1.337101154768746,28373.62746530314,Ezi_3,E(z) RNAi,-0.5191466595088239,0.7490304687483391,-1.0307230008105321,100,2000
2650,54.83611383709519,880.5201177625123,725.1772980045796,6784.0,1.5125448484909576,24138.719005561008,Ezi_3,E(z) RNAi,-0.5639264181055319,0.7370012267076884,0.435170308293614,100,2000
2651,52.96881798404641,900.5511240029007,433.686004350979,1684.0,1.2249936524579537,32008.94996374184,Ezi_3,E(z) RNAi,0.15082499667696703,0.7629141997594215,-1.1339731201946606,100,2000
2652,55.04606393949811,897.7497421794432,762.6387074596081,9182.0,1.9666252182820518,12404.55173599175,Ezi_3,E(z) RNAi,-0.6544734446393303,0.7759193049878046,0.5400189561602744,100,2000
2653,53.669059583632446,903.4005743000718,476.3050969131371,1757.0,1.3505690032550015,36609.253409906676,Ezi_3,E(z) RNAi,0.046701872455407134,0.7714554096548258,-0.4968129225105571,100,2000
2654,50.360774818401936,934.8498789346247,427.67554479418885,655.0,1.5720438780478871,23962.893462469732,Ezi_3,E(z) RNAi,0.16781202870145218,0.8357196235144118,-3.850123564188202,100,2000
2655,56.647748303516344,91.71499074645281,297.4818013571869,2919.0,1.6508943819933535,26314.1468229488,Ezi_3,E(z) RNAi,0.4306625755751512,-0.9704349149960013,5.443420166509945,100,2000
2656,53.862989323843415,154.89991103202846,356.20284697508896,2640.0,1.470613770250935,50814.15880782918,Ezi_3,E(z) RNAi,0.29113165665548846,-0.8322745510003264,2.3719342974155637,100,2000
2657,53.62433297758805,149.28601921024546,306.51334044823903,1402.0,1.4642101829533392,31518.260405549627,Ezi_3,E(z) RNAi,0.4123753209990586,-0.8471175578364725,2.2145489858715024,100,2000
2658,53.91348314606741,166.4314606741573,254.43370786516854,2404.0,1.4241374715168853,42111.85786516854,Ezi_3,E(z) RNAi,0.5409729631404361,-0.813541131676577,2.511214742162089,100,2000
2659,53.967372134038804,171.1931216931217,377.2804232804233,1601.0,1.5071172556106633,32254.381834215168,Ezi_3,E(z) RNAi,0.24062218606634223,-0.796299566067904,2.394928503498008,100,2000
2660,56.17144293614882,188.4007038712921,435.2202111613876,3061.0,1.8463506190945724,28654.94017094017,Ezi_3,E(z) RNAi,0.09994747490266498,-0.756233306210486,4.468268136361324,100,2000
2661,53.37049180327869,179.71256830601092,198.72459016393444,1194.0,1.5509257680911004,23126.358469945357,Ezi_3,E(z) RNAi,0.678200438221634,-0.7884239556346312,1.9933293100484306,100,2000
2662,52.714285714285715,185.37375415282392,780.8455149501661,1146.0,1.5370372653981779,15069.15780730897,Ezi_3,E(z) RNAi,-0.7461560903324571,-0.7427883438880216,0.5877369327538275,100,2000
2663,53.04374572795626,193.14490772385508,310.0615174299385,1829.0,1.3714057112686246,41280.8967874231,Ezi_3,E(z) RNAi,0.4065944150977543,-0.7533512635972629,1.4816102230249726,100,2000
2664,52.27825409197194,236.09353078721745,717.3850350740452,2368.0,1.597573532140673,20650.946999220578,Ezi_3,E(z) RNAi,-0.5874807528046384,-0.6382478845155264,0.060281786430309126,100,2000
2665,53.681693989071036,239.5389344262295,307.3025956284153,1734.0,1.5099446060982709,35674.01775956284,Ezi_3,E(z) RNAi,0.41641429279730935,-0.6545314483591715,1.9665624864325792,100,2000
2666,53.36760482481333,256.62722573233776,366.45433658816773,2088.0,1.4652298770671657,45644.59218839747,Ezi_3,E(z) RNAi,0.2727726215785029,-0.6146680977740189,1.5206402787726603,100,2000
2667,55.05197505197505,260.57328482328484,178.94490644490645,2403.0,1.3422207727643631,38464.32328482329,Ezi_3,E(z) RNAi,0.7319556233244215,-0.6170487370883235,3.4269322935151294,100,2000
2668,52.70518713066316,275.48522652659227,182.78266579120157,1833.0,1.418380891079153,34775.60275771504,Ezi_3,E(z) RNAi,0.723555966021727,-0.585032270724918,1.0250578465677336,100,2000
2669,54.14198782961461,279.0757268424611,267.6544962812711,1806.0,1.4409746613332794,42449.4306964165,Ezi_3,E(z) RNAi,0.5160667774739598,-0.5724686452261092,2.3432652065490203,100,2000
2670,53.60344827586207,281.63793103448273,166.3872679045093,1029.0,1.6182315711504054,27956.774535809018,Ezi_3,E(z) RNAi,0.7640879601685167,-0.5728452343370125,1.9231334491919299,100,2000
2671,53.92432770481551,297.16385240775486,352.7886178861789,1835.0,1.447113152161662,40814.93746091307,Ezi_3,E(z) RNAi,0.30889945961723897,-0.5289735500603775,1.9578035234171196,100,2000
2672,53.11289198606272,335.5560975609756,145.64738675958188,1904.0,1.4011880585718173,58926.05644599303,Ezi_3,E(z) RNAi,0.8184169723179511,-0.4590187902067894,1.2767730569354967,100,2000
2673,54.21212121212121,350.13825757575756,144.12357954545453,2576.0,1.4102273240046,56983.954071969696,Ezi_3,E(z) RNAi,0.8231080456351507,-0.42798994966907944,2.3287319137017946,100,2000
2674,53.54656488549618,357.0676844783715,124.46717557251908,2339.0,1.472289053643365,56521.047328244276,Ezi_3,E(z) RNAi,0.8716771452793406,-0.4143452823372593,1.6644719449242444,100,2000
2675,53.834450402144775,354.89544235924933,255.33243967828417,1920.0,1.3033240381051283,34622.95643431635,Ezi_3,E(z) RNAi,0.5512416912934359,-0.4114320691331488,1.7955040309397532,100,2000
2676,53.63285340314136,360.5425392670157,268.73560209424085,2024.0,1.476244268206737,32406.079188481675,Ezi_3,E(z) RNAi,0.5188118032126432,-0.3986135728121971,1.55804988464957,100,2000
2677,55.82451923076923,363.0402644230769,187.81490384615384,2130.0,1.4058085056890706,59719.30408653846,Ezi_3,E(z) RNAi,0.7170230947519167,-0.39793476559524066,3.8427975476882423,100,2000
2678,53.51652173913043,377.31652173913045,80.27304347826087,1330.0,1.3028149424715345,27390.145217391306,Ezi_3,E(z) RNAi,0.9811813529052391,-0.37369592454457523,1.6215882209716312,100,2000
2679,54.507836990595614,379.1573667711599,289.7617554858934,1940.0,1.4301741813159787,40105.996865203764,Ezi_3,E(z) RNAi,0.4685795855593011,-0.35768315420759533,2.3438752792214075,100,2000
2680,53.78863775198534,392.79596823457547,255.21258399511302,2109.0,1.3915658754285567,55872.005497861945,Ezi_3,E(z) RNAi,0.5540425369127095,-0.3305845909085532,1.6220313275546232,100,2000
2681,53.63436830835118,397.754817987152,120.45985010706639,2466.0,1.5145062397797275,42236.86937901499,Ezi_3,E(z) RNAi,0.8841764915230763,-0.32777618913727713,1.6200942862561263,100,2000
2682,54.64572333685322,406.5923970432946,225.46515311510032,2329.0,1.421475987801697,59353.11087645195,Ezi_3,E(z) RNAi,0.6277592474403981,-0.3028610216824673,2.469905738758186,100,2000
2683,55.16217590238943,409.4128113879004,319.65887137773257,2368.0,1.2195326019002488,56665.63091001525,Ezi_3,E(z) RNAi,0.3974065416834316,-0.29140947060347766,2.858673089308162,100,2000
2684,54.23438466295609,413.9239332096475,126.84539270253556,2010.0,1.2873087004878923,46857.91651205937,Ezi_3,E(z) RNAi,0.8696159494737048,-0.2929094339361983,2.157569194730762,100,2000
2685,53.921495327102804,414.0934579439252,248.48598130841123,1315.0,1.337087981677947,56744.01214953271,Ezi_3,E(z) RNAi,0.5719143953363071,-0.2855366644692994,1.6915060644943196,100,2000
2686,52.628975265017665,421.1554770318021,245.47703180212014,505.0,1.5359307470327768,60028.62190812721,Ezi_3,E(z) RNAi,0.5797496372183286,-0.2706538522591786,0.37895422698902337,100,2000
2687,56.45993031358885,428.25319396051106,243.7520325203252,2277.0,1.3311611864759734,58229.24332171893,Ezi_3,E(z) RNAi,0.5844302016599829,-0.255583626017873,4.188113173810088,100,2000
2688,53.36451612903226,426.76935483870966,205.50483870967741,1526.0,1.397974553871124,51597.514516129035,Ezi_3,E(z) RNAi,0.6779503283239257,-0.2609768581272136,1.1457059256664621,100,2000
2689,53.67395104895105,429.39597902097904,326.8951048951049,1604.0,1.3767942457094116,54357.1756993007,Ezi_3,E(z) RNAi,0.3810222161909278,-0.2483721698207786,1.2939910679119961,100,2000
2690,53.92680695333943,427.17291857273557,301.9954254345837,1374.0,1.4573773269686041,58834.77859103385,Ezi_3,E(z) RNAi,0.4418160475882307,-0.2545485091716665,1.5855799701012856,100,2000
2691,53.2234993614304,438.56257982120053,126.79948914431674,1899.0,1.3874108757152719,55990.84291187739,Ezi_3,E(z) RNAi,0.8713611853681802,-0.24035680696581274,1.0636599158407662,100,2000
2692,54.346545866364664,433.44563986409963,292.0560588901472,2428.0,1.4639214271578413,60884.59173272933,Ezi_3,E(z) RNAi,0.46655629666308585,-0.24173668019757888,1.9966322985961682,100,2000
2693,54.60108378491038,443.6002501042101,158.14130887869945,2981.0,1.3413926148994337,61386.10212588579,Ezi_3,E(z) RNAi,0.7949818671318247,-0.22779266689090494,2.3849271863633845,100,2000
2694,53.49463087248322,446.1785234899329,263.4221476510067,2270.0,1.7386809939630459,52424.690604026844,Ezi_3,E(z) RNAi,0.5374821889465085,-0.2162302316027226,1.137706786973098,100,2000
2695,54.41907894736842,453.99276315789473,316.86315789473684,1867.0,1.4382345509183192,55112.79934210526,Ezi_3,E(z) RNAi,0.4072003858864266,-0.19647185139233114,1.9687527792381232,100,2000
2696,52.94144144144144,462.2123552123552,335.18146718146716,1840.0,1.3427945574402878,54254.12226512226,Ezi_3,E(z) RNAi,0.36291456469296546,-0.1778912288717902,0.44042494899017015,100,2000
2697,53.799180327868854,461.3377049180328,260.1131147540984,1554.0,1.4597899790985804,55562.79754098361,Ezi_3,E(z) RNAi,0.5465830140190189,-0.1840791127307324,1.395284800422374,100,2000
2698,53.220988900100906,462.6760847628658,139.52774974772956,1303.0,1.4102542768781756,48572.89101917255,Ezi_3,E(z) RNAi,0.8418042180933905,-0.18818064294106818,0.963864047117589,100,2000
2699,55.20542168674699,471.0198795180723,239.68493975903615,2490.0,1.5813158389835271,57492.37228915663,Ezi_3,E(z) RNAi,0.5972172257509203,-0.16459134048965973,2.7944943293904956,100,2000
2700,54.33061446438282,480.6753670473083,194.12615551930398,2443.0,1.3471995646374006,61233.20609026645,Ezi_3,E(z) RNAi,0.7093629860112636,-0.14662602306718597,1.9442876311460253,100,2000
2701,54.77672479150872,486.1925701288855,133.15390447308567,3208.0,1.3382225161510786,61467.44048521607,Ezi_3,E(z) RNAi,0.8589554573162321,-0.13836816524053497,2.4482822912279403,100,2000
2702,53.37180185084377,498.2814371257485,278.7338051170386,2297.0,1.2540367271474995,57979.913990201414,Ezi_3,E(z) RNAi,0.5034544203332094,-0.1041950565819112,0.8199643620723194,100,2000
2703,53.808344795965155,516.1182943603851,337.55524988537366,2536.0,1.390336658979058,54676.54241173773,Ezi_3,E(z) RNAi,0.3606685296992851,-0.06274834933599183,1.1225594132056074,100,2000
2704,53.546343975283214,520.211122554068,358.07415036045313,2388.0,1.5367114772993986,57874.96858908342,Ezi_3,E(z) RNAi,0.3107203178735569,-0.05283580648928399,0.8210162007596153,100,2000
2705,53.436546009594416,525.7950283471434,374.4723070213694,2791.0,1.4487778402573606,56174.350196249456,Ezi_3,E(z) RNAi,0.2709557808524685,-0.03997876991700078,0.6718162224431694,100,2000
2706,53.96061734965407,521.0596061734965,317.7354976051091,2338.0,1.717813131115719,50590.86162852581,Ezi_3,E(z) RNAi,0.4095035664317548,-0.05334848347148646,1.28303241547912,100,2000
2707,53.76658595641646,529.8411622276029,222.3685230024213,2825.0,1.4690804243495514,60378.95399515738,Ezi_3,E(z) RNAi,0.6434944297564875,-0.0401143859519385,1.1790311096697508,100,2000
2708,52.34265734265734,530.666083916084,118.3409090909091,758.0,1.6759500665605795,35206.77097902098,Ezi_3,E(z) RNAi,0.8981592062744135,-0.044362778283585924,-0.11716235481956261,100,2000
2709,53.97932330827068,545.7525062656641,253.51503759398497,1930.0,1.4669229059311248,60034.13157894737,Ezi_3,E(z) RNAi,0.5683158002775937,-0.004372723857647753,1.2990349311843161,100,2000
2710,53.210649960845736,552.0164447924824,340.0642129992169,1696.0,1.3843801855919369,38491.916209866875,Ezi_3,E(z) RNAi,0.35690447870734787,0.013974939133682529,0.40066265976749094,100,2000
2711,53.602318548387096,561.4485887096774,357.77520161290323,2435.0,1.5427990697074112,53351.438508064515,Ezi_3,E(z) RNAi,0.31417996209685994,0.03512091485979241,0.7383016873510115,100,2000
2712,53.550524934383205,563.9501312335958,167.10236220472441,2163.0,1.541002457775709,61798.080708661415,Ezi_3,E(z) RNAi,0.7810147435854264,0.02946362249617307,0.9172810490548287,100,2000
2713,53.61549006168609,578.877998629198,141.64976010966416,1865.0,1.4170793770980181,57749.12337217272,Ezi_3,E(z) RNAi,0.8442970276192641,0.0598428047753099,0.9638365412624026,100,2000
2714,54.86663124335813,612.0223166843783,153.3788522848034,2271.0,1.4501563181089416,60769.92295430393,Ezi_3,E(z) RNAi,0.8177793895234224,0.1312362679662058,2.088483388525731,100,2000
2715,54.85095669687815,612.9667673716012,285.88569989929505,3113.0,1.6042765145824482,41146.91037260826,Ezi_3,E(z) RNAi,0.4935332367466132,0.14089089009903089,1.903387606535162,100,2000
2716,52.604606525911706,632.5585412667946,358.2725527831094,715.0,1.426359945415926,17329.072936660268,Ezi_3,E(z) RNAi,0.31766993577556124,0.18684407246741452,-0.4998296161175091,100,2000
2717,52.89409368635438,649.1466395112017,153.25254582484726,939.0,1.4726937539784661,60880.21384928717,Ezi_3,E(z) RNAi,0.8205501585547541,0.21041346827741436,-0.009076092698748539,100,2000
2718,51.355555555555554,659.0277777777778,336.31666666666666,615.0,1.9301789380801064,18208.26388888889,Ezi_3,E(z) RNAi,0.37316133507724514,0.24203698385867334,-1.8105891039591029,100,2000
2719,54.587752053771474,664.6034353995519,166.16430171769977,1827.0,1.3812045048836392,41430.89917849141,Ezi_3,E(z) RNAi,0.789966560936513,0.24414483053546276,1.6162484232846523,100,2000
2720,57.094729344729345,683.8582621082621,99.01638176638177,4071.0,1.7615640562684172,43971.91951566951,Ezi_3,E(z) RNAi,0.955576862947034,0.2813686223762375,4.1425174465023815,100,2000
2721,54.43675889328063,702.7672924901186,154.34584980237153,2497.0,1.4763121631534801,56238.672924901184,Ezi_3,E(z) RNAi,0.8214172798180506,0.324878817670899,1.3513843348876478,100,2000
2722,53.382877526753866,715.6284185493461,178.54696789536266,2018.0,1.3913251043506645,45334.53507728894,Ezi_3,E(z) RNAi,0.7630392268512065,0.35370367434539296,0.22377713167755786,100,2000
2723,52.07982740021575,717.5577130528587,141.78209277238403,1078.0,1.415524302048897,31400.799352750808,Ezi_3,E(z) RNAi,0.8531520967292594,0.3556903078416691,-1.0396473025377588,100,2000
2724,52.43560606060606,717.8863636363636,327.5984848484849,573.0,1.726241717449493,21458.382575757576,Ezi_3,E(z) RNAi,0.39838977338864967,0.3671075678285427,-0.9180951005628444,100,2000
2725,51.422939068100355,725.4856630824373,400.01075268817203,755.0,1.715533465584344,16990.216845878138,Ezi_3,E(z) RNAi,0.22166737548762327,0.38748715040273995,-2.047227181998899,100,2000
2726,54.354755784061695,761.8853470437018,379.4714652956298,2309.0,1.3350610382906107,39323.04524421594,Ezi_3,E(z) RNAi,0.2743367289933387,0.46397714308327154,0.7875886342819811,100,2000
2727,53.24611398963731,777.6901554404145,270.959585492228,2370.0,1.5742576272623912,43672.7103626943,Ezi_3,E(z) RNAi,0.5409668050007566,0.49142969098447087,-0.238210504600886,100,2000
2728,53.47014456316782,794.7045883092395,504.77686989314896,1937.0,1.528040466215851,37082.50911376493,Ezi_3,E(z) RNAi,-0.030172789394796395,0.5412100172069041,-0.36489395373483546,100,2000
2729,53.04970178926441,800.9165009940358,215.02717031146454,1823.0,1.678387145222935,32916.40026507621,Ezi_3,E(z) RNAi,0.6793977538810871,0.5377530883558863,-0.44277690340556575,100,2000
2730,52.874439461883405,802.5381165919282,379.7255605381166,1347.0,1.4667902369761319,23736.20538116592,Ezi_3,E(z) RNAi,0.2764084986045279,0.5507072306526821,-0.8301288975380459,100,2000
2731,54.958866544789764,803.6412248628885,810.3281535648995,2512.0,1.3649729845464709,48716.319012797074,Ezi_3,E(z) RNAi,-0.7774183567192559,0.5779027867518405,0.7103524580660192,100,2000
2732,52.62765055131467,816.8456318914334,333.4351145038168,1518.0,1.5972405823278628,31873.957591178965,Ezi_3,E(z) RNAi,0.3906509651263468,0.578559285056286,-1.0670913256952161,100,2000
2733,52.50509461426492,819.509461426492,384.94614264919943,912.0,1.5367199417399915,40344.499272197965,Ezi_3,E(z) RNAi,0.2647550142054784,0.5872112030076684,-1.2632527488954821,100,2000
2734,54.336348219332955,821.31995477671,280.5336348219333,2262.0,1.2794272849320456,42038.556811758055,Ezi_3,E(z) RNAi,0.5204177464895741,0.5850668328119872,0.6928741915434955,100,2000
2735,54.47741147741148,866.6007326007326,471.982905982906,1978.0,1.4151960388174438,38816.505494505494,Ezi_3,E(z) RNAi,0.05484352082076893,0.6927054929195982,0.44105505422921,100,2000
2736,54.526992287917736,863.9241645244216,328.0064267352185,1195.0,1.494783721131621,31914.775064267353,Ezi_3,E(z) RNAi,0.40704675102826315,0.6786946206658013,0.6802872644651359,100,2000
2737,54.88445615355664,874.6774557771923,551.4117425668047,3543.0,1.8200536600504986,27734.25178773052,Ezi_3,E(z) RNAi,-0.1390242899268357,0.7145184511142166,0.7212128183368165,100,2000
2738,54.85481425322214,888.1512509476877,612.3153904473086,3499.0,1.3334320022607136,34969.144427596664,Ezi_3,E(z) RNAi,-0.2871936618576424,0.7467739272495728,0.569727227576486,100,2000
2739,54.41910447761194,902.6901492537313,504.91164179104476,2106.0,1.3757957198242736,35954.95820895522,Ezi_3,E(z) RNAi,-0.023361385951649827,0.7715946391024919,0.21973453378175378,100,2000
2740,57.196328403875576,109.68944416114228,341.8368179500255,2559.0,1.4104359981871608,38986.834268230494,Ezi_3,E(z) RNAi,0.32329185193813026,-0.9295279399608045,5.875736486440275,100,2000
2741,56.03793103448276,116.1727969348659,359.555938697318,3384.0,1.5786203535238994,34402.36283524904,Ezi_3,E(z) RNAi,0.28035676371628315,-0.914683534199589,4.673253501371498,100,2000
2742,54.63763440860215,142.28387096774193,578.1881720430108,1591.0,1.713028045544126,14264.989247311827,Ezi_3,E(z) RNAi,-0.25301119998264354,-0.8463842987265633,2.9106274569957833,100,2000
2743,55.438769587928036,143.24782356355195,626.2832269297736,2159.0,1.4783583087985013,25258.3604178758,Ezi_3,E(z) RNAi,-0.370661691756079,-0.8415490383731583,3.6481691184217127,100,2000
2744,54.7,165.6344262295082,583.7737704918032,1050.0,1.7135455157602921,18632.993442622952,Ezi_3,E(z) RNAi,-0.2651372591922895,-0.7962471166111915,2.8872409146030122,100,2000
2745,55.79913606911447,165.6927645788337,620.9600431965442,2471.0,1.6376488238824394,22590.19654427646,Ezi_3,E(z) RNAi,-0.35614941816534706,-0.7939706380998388,3.939521117397021,100,2000
2746,54.378768844221106,171.32035175879398,725.5131909547739,3005.0,1.7929759390255224,16822.30904522613,Ezi_3,E(z) RNAi,-0.6116654565604085,-0.7759472159267203,2.369018259861228,100,2000
2747,54.41771394374626,178.86056253740276,298.1956912028725,2083.0,1.4486320888758073,42517.3776181927,Ezi_3,E(z) RNAi,0.4346869448629087,-0.7844987935091584,2.9186264453029978,100,2000
2748,54.45673505798394,187.28590544157004,604.1512042818912,2957.0,1.4637498270346159,32391.22033898305,Ezi_3,E(z) RNAi,-0.3135776659053393,-0.7488840151888569,2.54539846692969,100,2000
2749,54.93337446020975,184.5200493522517,670.2405922270203,2210.0,1.4482224547132732,14486.632942628008,Ezi_3,E(z) RNAi,-0.4755148667602719,-0.7509705712125438,2.948449583493968,100,2000
2750,54.150805270863835,187.57393850658858,278.87042459736455,1749.0,1.5467943823490988,38542.22035139092,Ezi_3,E(z) RNAi,0.48256247527026486,-0.7670263665542255,2.6465801679845242,100,2000
2751,54.131768953068594,208.72382671480145,306.43080625752106,2049.0,1.419477746082499,34821.41877256318,Ezi_3,E(z) RNAi,0.4165080808435988,-0.7203175553627315,2.5216450286638903,100,2000
2752,55.719085394307044,242.6854876341577,244.51003266448905,2723.0,1.2466076342766437,36137.99953336444,Ezi_3,E(z) RNAi,0.5703005871974793,-0.6514243835217021,4.072106061240866,100,2000
2753,54.43527315914489,249.75059382422802,721.5314726840855,2775.0,1.6846989220352486,27895.284441805226,Ezi_3,E(z) RNAi,-0.5967317386027948,-0.6088579768554572,2.166029709031747,100,2000
2754,54.77495107632094,258.38845401174166,735.9520547945206,1821.0,1.630374708861549,33288.97847358121,Ezi_3,E(z) RNAi,-0.631455429825405,-0.5895965702873216,2.458484917821302,100,2000
2755,55.873372781065086,303.1579881656805,269.4284023668639,2102.0,1.4080642089114797,39594.337869822484,Ezi_3,E(z) RNAi,0.513313437467368,-0.5209781264045058,3.991201668578995,100,2000
2756,55.77777777777778,328.8151561699949,157.27188940092165,2323.0,1.3127101542663169,52733.22990271377,Ezi_3,E(z) RNAi,0.7895126168724846,-0.4727099180557095,3.9497903430634125,100,2000
2757,52.77740303541315,341.9173693086003,158.35919055649242,791.0,1.4724070810591037,33285.40640809444,Ezi_3,E(z) RNAi,0.7877268035337379,-0.44471755023370585,0.9038867806263156,100,2000
2758,55.74840948525159,359.42799305957203,157.06246385193754,2132.0,1.3221389943766082,51789.76229034124,Ezi_3,E(z) RNAi,0.7920505079302811,-0.407414605696942,3.8174502979913427,100,2000
2759,54.29510961214165,386.3035413153457,239.83305227655987,961.0,1.530944345223176,58891.68634064081,Ezi_3,E(z) RNAi,0.591252769292959,-0.34531819930450736,2.169688493592801,100,2000
2760,53.10133843212237,402.54110898661565,147.45697896749522,738.0,1.5332639474793341,34511.05162523901,Ezi_3,E(z) RNAi,0.8184195540910959,-0.31601271058751834,1.0370579724728373,100,2000
2761,54.891993957703924,414.16238670694867,161.88972809667675,1630.0,1.4788945082531058,58680.41163141994,Ezi_3,E(z) RNAi,0.7838593254946409,-0.290375413832205,2.770405251049894,100,2000
2762,54.92359249329759,420.51608579088474,138.2828418230563,1045.0,1.2597673937648475,41069.72654155496,Ezi_3,E(z) RNAi,0.8420571027122636,-0.27818167555086837,2.8101932155308376,100,2000
2763,54.448867115737904,427.19350887936315,342.60869565217394,1921.0,1.5019727219824655,54065.87936313533,Ezi_3,E(z) RNAi,0.3424155054350382,-0.2521591642439954,2.056615960186548,100,2000
2764,53.437639198218264,434.71158129175944,191.1391982182628,1219.0,1.4662355154895883,52526.79621380846,Ezi_3,E(z) RNAi,0.7136352574871614,-0.2448611292551811,1.2100676155282173,100,2000
2765,54.25177725118483,440.14395734597156,366.22748815165875,1901.0,1.3650679695811028,49591.95201421801,Ezi_3,E(z) RNAi,0.285466155941553,-0.22317110147748886,1.786224050096223,100,2000
2766,54.5030487804878,447.1361788617886,233.0076219512195,2369.0,1.459546746779288,60332.791666666664,Ezi_3,E(z) RNAi,0.6119818042875995,-0.2159334987387741,2.1810452246106564,100,2000
2767,54.82878581173261,444.1643929058663,338.08663028649386,1822.0,1.6004309847011362,53610.27557980901,Ezi_3,E(z) RNAi,0.3546048521999139,-0.21621245880956652,2.3849749896894537,100,2000
2768,55.46672542970472,454.2481269281622,173.36051123843103,2719.0,1.356320621437723,61245.797267518734,Ezi_3,E(z) RNAi,0.7584350421179153,-0.20419334297843417,3.1955624956205995,100,2000
2769,55.067961165048544,494.37216828478967,240.76375404530745,1566.0,1.4230458287530654,58879.593042071196,Ezi_3,E(z) RNAi,0.5961221421916492,-0.11471175835776737,2.576931105265487,100,2000
2770,53.458032240133406,516.289605336298,389.43413007226235,2295.0,1.6144956097794112,47996.07392996109,Ezi_3,E(z) RNAi,0.23370801794489227,-0.05939426772384371,0.7065867964479438,100,2000
2771,56.79168657429527,546.3053033922599,352.62589584328714,2905.0,1.489612536586117,56574.88867654085,Ezi_3,E(z) RNAi,0.3257719070713174,0.0025414171217936765,3.9851763372717386,100,2000
2772,55.711229946524064,545.3994652406417,227.12459893048128,2330.0,1.3468925763537396,61387.505347593586,Ezi_3,E(z) RNAi,0.6328777468945042,-0.0066348798472781745,3.0652290185570052,100,2000
2773,56.06125,553.88125,180.9475,1939.0,1.5043987214432317,59188.085,Ezi_3,E(z) RNAi,0.746455688041433,0.008799780426503201,3.4445754139407896,100,2000
2774,54.596536241180246,566.3232841565106,184.03720333547145,2231.0,1.5982178926107113,60923.13085311097,Ezi_3,E(z) RNAi,0.7397209751688638,0.03551037258147405,1.9340370821870962,100,2000
2775,56.02348643006263,576.7969728601253,350.07254697286015,2469.0,1.4362569236552498,54133.60908141962,Ezi_3,E(z) RNAi,0.3340406058134173,0.0674377265800401,3.117358399745868,100,2000
2776,54.300632911392405,575.925105485232,239.84862869198312,2356.0,1.5930726198603287,57221.629746835446,Ezi_3,E(z) RNAi,0.6037593490405748,0.059210075325419664,1.5357375624665366,100,2000
2777,55.53004115226337,621.2411522633745,139.04197530864198,1582.0,1.376342899217953,52728.801646090535,Ezi_3,E(z) RNAi,0.8534766957129931,0.15008138638494772,2.738786944322854,100,2000
2778,55.396282973621105,629.0377697841726,280.6468824940048,2243.0,1.2790158946367203,32578.559352517987,Ezi_3,E(z) RNAi,0.5074168201326823,0.17487771818843867,2.401086988582179,100,2000
2779,55.18911685994647,621.4272970561998,347.53166815343445,1741.0,1.7940482113023117,19638.583407671722,Ezi_3,E(z) RNAi,0.34321433805710666,0.16249683699524886,2.1356764934004246,100,2000
2780,55.34474885844749,627.9634703196347,364.458904109589,593.0,1.1587766772126227,19454.84931506849,Ezi_3,E(z) RNAi,0.3022171297619236,0.17741781790549016,2.248029704257881,100,2000
2781,55.1010387157696,632.6841359773371,252.0155807365439,2656.0,1.408948175287946,57161.20349386214,Ezi_3,E(z) RNAi,0.5777336075479309,0.18100372793469366,2.129467504050254,100,2000
2782,55.43095866314864,633.8135444151276,146.25681618293754,1550.0,1.5524419440524124,60729.51011433597,Ezi_3,E(z) RNAi,0.836650501225362,0.17731784159579211,2.58825625126952,100,2000
2783,55.74521158129176,675.619153674833,258.4155902004454,2957.0,1.426036339408559,40245.731848552336,Ezi_3,E(z) RNAi,0.5649082734893973,0.27297241819748996,2.620818703057239,100,2000
2784,55.01674364896074,671.1397228637413,242.4162817551963,2185.0,1.3603755546917848,38053.54330254041,Ezi_3,E(z) RNAi,0.6037720902146637,0.2624885076146384,1.927533249506304,100,2000
2785,54.54518430439953,696.910820451843,223.84423305588584,2315.0,1.6401691894559935,41763.2824019025,Ezi_3,E(z) RNAi,0.650933193843541,0.31639280150213156,1.3923694744973005,100,2000
2786,54.85923217550274,707.6447288238878,374.9439366240097,1874.0,1.4221734467606733,35685.620353443024,Ezi_3,E(z) RNAi,0.2818279813754381,0.3480060666258247,1.4806556472679873,100,2000
2787,55.013584117032394,718.4686520376175,215.93782654127483,2331.0,1.4812582420290195,51869.291013584116,Ezi_3,E(z) RNAi,0.6717088737446442,0.36193054047781925,1.7979864567738133,100,2000
2788,54.80484920165583,740.4033116499113,359.5422826729746,1959.0,1.4999227593664197,36353.81017149616,Ezi_3,E(z) RNAi,0.32169066806762125,0.4170028705939457,1.3351244555565955,100,2000
2789,56.18978525827046,740.6952988972722,229.7736506094022,2301.0,1.5077373190436234,29052.731282646546,Ezi_3,E(z) RNAi,0.6393129757901335,0.4101538175959103,2.881868057914822,100,2000
2790,55.20493358633776,787.0215053763441,424.2428842504744,1818.0,1.4381540263326549,37831.03921568627,Ezi_3,E(z) RNAi,0.16641980162319148,0.520188672231487,1.4968271211930144,100,2000
2791,56.81761686030802,805.7581734666306,835.4115104025939,4816.0,1.5600764316974072,40453.98027560119,Ezi_3,E(z) RNAi,-0.8386747685743827,0.5838786877889686,2.530483512399748,100,2000
2792,54.2469512195122,816.4931402439024,407.9832317073171,1704.0,1.3713757455365134,42897.125,Ezi_3,E(z) RNAi,0.2081675476267475,0.5821172620518307,0.45986325528050287,100,2000
2793,54.53986332574032,816.8376993166287,574.5643507972666,2040.0,1.4657635800050748,38728.280182232345,Ezi_3,E(z) RNAi,-0.19951547934186908,0.592458961986768,0.5426272640387566,100,2000
2794,55.98441247002398,822.2571942446043,266.628896882494,2147.0,1.313516825117567,41181.369304556356,Ezi_3,E(z) RNAi,0.5545067123727563,0.5862765587370407,2.355211333666986,100,2000
2795,56.58102001291156,825.4525500322789,295.68560361523566,2067.0,1.284289484074842,34458.550677856685,Ezi_3,E(z) RNAi,0.483600519136107,0.594772987945942,2.904586343677302,100,2000
2796,55.734682080924856,856.1023121387283,364.16531791907516,2206.0,1.3874109786533235,37119.27283236994,Ezi_3,E(z) RNAi,0.31802745838796764,0.6641015236537806,1.868983501164415,100,2000
2797,57.186949559647715,857.4227381905524,793.5760608486789,3362.0,1.462650859828715,35762.20136108887,Ezi_3,E(z) RNAi,-0.7328661832617109,0.6916873808244797,2.7780717258042955,100,2000
2798,54.08050847457627,903.4745762711865,386.0,543.0,1.759220648594405,25534.478813559323,Ezi_3,E(z) RNAi,0.2677260738099565,0.7664095812824836,0.027675962866950954,100,2000
2799,56.28826392644673,900.9167117360736,462.21200648999456,2327.0,1.2860587974029531,41262.92861005949,Ezi_3,E(z) RNAi,0.0810227347145498,0.7653629576199474,2.148431194464486,100,2000
2800,55.88621997471555,918.4020227560051,505.72629582806576,1889.0,1.279794224162435,41893.07016434892,Ezi_3,E(z) RNAi,-0.024319973760169922,0.8051710441416533,1.632833868731737,100,2000
2801,53.93275488069414,934.1626898047722,510.6117136659436,655.0,1.4516134978589392,46671.52494577006,Ezi_3,E(z) RNAi,-0.035228731915317946,0.8390613931323092,-0.37989676530887095,100,2000
2802,54.61106454316848,131.40067057837385,293.6630343671417,1717.0,1.5674122982307481,44735.90695725063,Ezi_3,E(z) RNAi,0.44264022407462633,-0.8860068294401916,3.2777096904071854,100,2000
2803,54.943661971830984,127.79107981220658,303.7887323943662,626.0,1.592585231231444,49109.025821596246,Ezi_3,E(z) RNAi,0.41761797272608137,-0.8931210844169692,3.6097742828850627,100,2000
2804,56.50278035217794,150.564874884152,548.6742354031511,2734.0,1.4357876352880923,31812.39202965709,Ezi_3,E(z) RNAi,-0.18023371552138145,-0.8304062203964475,4.784862260144415,100,2000
2805,57.7080118694362,145.11810089020773,379.4605341246291,1986.0,1.4276431328888022,36467.01068249258,Ezi_3,E(z) RNAi,0.23355070894596186,-0.8517735808638409,6.220740915869321,100,2000
2806,55.02482269503546,156.73108747044918,388.5206855791962,2308.0,1.4416453344748468,39546.87825059101,Ezi_3,E(z) RNAi,0.2121520293105923,-0.8264962474559905,3.4870406034927512,100,2000
2807,55.03596559812353,171.1188428459734,599.0672400312744,1806.0,1.5151692618474262,18908.68100078186,Ezi_3,E(z) RNAi,-0.30220594088303576,-0.7836627777021912,3.185523003420151,100,2000
2808,55.181472081218274,237.28807106598984,778.6370558375635,2696.0,1.474670540913486,26814.446065989847,Ezi_3,E(z) RNAi,-0.7373234674087348,-0.6321468406002213,2.882608982819761,100,2000
2809,55.65081839438815,243.87529228371005,228.34138737334374,1566.0,1.2725692637722026,29600.089633671083,Ezi_3,E(z) RNAi,0.6099520310085256,-0.6498188512691276,4.02011152908689,100,2000
2810,56.26335040234089,244.24213606437453,320.8639356254572,1702.0,1.6165799164884445,33496.935625457205,Ezi_3,E(z) RNAi,0.38352689729485423,-0.6436972572060589,4.515328362056927,100,2000
2811,55.650735294117645,265.2377450980392,259.1727941176471,1925.0,1.308759458969448,39422.26102941176,Ezi_3,E(z) RNAi,0.5359058564596786,-0.602467833342361,3.909308997063185,100,2000
2812,54.87613636363636,277.325,246.76988636363637,2226.0,1.4867959326295237,39843.59715909091,Ezi_3,E(z) RNAi,0.5670636591779494,-0.5774023434132068,3.109513684228716,100,2000
2813,55.79842931937173,290.0196335078534,184.39921465968587,1102.0,1.4029868419009444,28794.505235602093,Ezi_3,E(z) RNAi,0.7205522242510274,-0.5539097515976312,4.067238062535452,100,2000
2814,55.42479108635097,303.15389972144845,177.00974930362116,1758.0,1.569659447030779,42797.33913649025,Ezi_3,E(z) RNAi,0.7395078209679955,-0.5263186582607196,3.658580437871592,100,2000
2815,55.11982330204307,303.89342904472664,225.98343456653782,2233.0,1.491739569886226,41949.77912755384,Ezi_3,E(z) RNAi,0.6196951959373349,-0.5219195478264222,3.289680825583389,100,2000
2816,55.65786240786241,345.5110565110565,330.12530712530713,1999.0,1.5453540296632773,28480.254914004912,Ezi_3,E(z) RNAi,0.3675611503257892,-0.42712660191409735,3.556719540914976,100,2000
2817,56.03458382180539,365.60140679953105,289.31594372801874,2068.0,1.3259691791013173,35738.623094958966,Ezi_3,E(z) RNAi,0.4687695401373171,-0.38661724055879976,3.9168858449343134,100,2000
2818,56.18075980392157,373.203431372549,120.90379901960785,1876.0,1.233176577254591,51203.833946078434,Ezi_3,E(z) RNAi,0.8814584457269783,-0.3801085530010325,4.248706188113019,100,2000
2819,58.58527918781726,394.0390862944162,243.14111675126904,2903.0,1.405535414613493,61943.564467005075,Ezi_3,E(z) RNAi,0.583655868682011,-0.32859374221464854,6.429593840628648,100,2000
2820,56.53409090909091,399.2005928853755,171.07065217391303,2530.0,1.4082847208528735,61443.94861660079,Ezi_3,E(z) RNAi,0.7603946434607469,-0.32175273871555754,4.45142882176669,100,2000
2821,57.64588656106285,436.57026060296374,316.7787429739397,2626.0,1.4790691021093112,56863.07511497189,Ezi_3,E(z) RNAi,0.40624518860005887,-0.2336213985486283,5.254398748821423,100,2000
2822,57.05485986881336,438.99403697078117,214.3887895050686,2626.0,1.5480699230558042,62055.66785927251,Ezi_3,E(z) RNAi,0.6570052169859464,-0.2343584152963344,4.783655522562114,100,2000
2823,57.69403973509934,446.4894039735099,245.94039735099338,2103.0,1.3872598984015871,60948.49205298013,Ezi_3,E(z) RNAi,0.5802771406536398,-0.21654444160253594,5.357971815095304,100,2000
2824,56.43093636833937,452.722710812209,207.0336264873254,2384.0,1.3494964137630838,62165.98292809105,Ezi_3,E(z) RNAi,0.6759168958587418,-0.20549908913388726,4.122666715004129,100,2000
2825,54.139575971731446,458.59363957597174,276.5406360424028,780.0,1.5635021653272254,47495.69964664311,Ezi_3,E(z) RNAi,0.506194375310854,-0.1889835086856897,1.7243228252107556,100,2000
2826,57.37928082191781,507.07876712328766,115.03852739726027,1438.0,1.391643681086681,45551.44691780822,Ezi_3,E(z) RNAi,0.9046669417494013,-0.09483635850942329,5.00311426700307,100,2000
2827,53.89127686472819,526.4664981036663,140.25410872313526,979.0,1.6860236312607537,59906.93173198483,Ezi_3,E(z) RNAi,0.8442447129973853,-0.05204722930728045,1.4181180768578088,100,2000
2828,54.178109452736315,533.207960199005,284.04278606965175,1385.0,1.4209851581571364,37489.64378109453,Ezi_3,E(z) RNAi,0.49276908702047795,-0.02937293802998253,1.5018247839736247,100,2000
2829,56.85260115606936,556.7502890173411,213.11213872832369,2150.0,1.4279391953860618,61686.36473988439,Ezi_3,E(z) RNAi,0.6679207316546998,0.016780672972307897,4.185894149547082,100,2000
2830,53.68852459016394,566.4489281210592,324.109709962169,1023.0,1.6172894011798389,36111.21437578815,Ezi_3,E(z) RNAi,0.39690634785451917,0.04384792762196521,0.849879713612431,100,2000
2831,55.52280701754386,560.979649122807,230.84421052631578,1993.0,1.5571937494926964,60682.01052631579,Ezi_3,E(z) RNAi,0.6248053174545312,0.02681604644475155,2.819600323473516,100,2000
2832,58.66796305298979,557.5109382596014,244.87894992707828,3114.0,1.4069299865647904,63186.225571220224,Ezi_3,E(z) RNAi,0.5902170529639619,0.02024815615835318,5.958826146322259,100,2000
2833,56.1061320754717,570.844929245283,258.8867924528302,2311.0,1.4470971970351554,59531.73054245283,Ezi_3,E(z) RNAi,0.5568224780285953,0.04948312689105139,3.3344724346564405,100,2000
2834,54.64523809523809,581.5130952380953,88.30595238095238,1116.0,1.3899497537974432,38473.31904761905,Ezi_3,E(z) RNAi,0.9750266570542785,0.062396220087458376,2.051614104481942,100,2000
2835,56.07688679245283,609.3080188679245,253.3004716981132,2593.0,1.3305758159404775,58471.295283018866,Ezi_3,E(z) RNAi,0.5730395915278719,0.13121568737535738,3.1825278265871617,100,2000
2836,54.35,612.0357142857143,273.0261904761905,599.0,1.6427804411045508,45277.916666666664,Ezi_3,E(z) RNAi,0.5249465395369333,0.13815956046653688,1.4217068033547804,100,2000
2837,56.636107986501685,611.4949381327334,367.669853768279,2567.0,1.830108454068432,28465.602924634422,Ezi_3,E(z) RNAi,0.29326519565056697,0.14247934984906863,3.5908884752220303,100,2000
2838,58.58993902439025,618.9786585365854,160.3826219512195,2000.0,1.5107887130199404,61077.78506097561,Ezi_3,E(z) RNAi,0.8010873661668976,0.14650738242134476,5.779521846672488,100,2000
2839,55.65710286913926,619.1728481455564,302.73058082575227,1954.0,1.6423594253818175,25266.31140657803,Ezi_3,E(z) RNAi,0.45271390116853905,0.15510765007267713,2.667467258993902,100,2000
2840,54.45650438946528,629.781324820431,316.7677573822825,1674.0,1.5640906928856642,25905.510774142058,Ezi_3,E(z) RNAi,0.4190633448385488,0.17853975391768895,1.4134915963842403,100,2000
2841,55.76056338028169,643.6760563380282,189.04627766599597,2418.0,1.3845192246561924,57448.43561368209,Ezi_3,E(z) RNAi,0.7325754171133705,0.20082742856189562,2.830918309061424,100,2000
2842,55.32448377581121,650.76401179941,231.34513274336283,2646.0,1.3675030632452236,51814.010324483774,Ezi_3,E(z) RNAi,0.6295197103913379,0.21838409161574734,2.317873038385436,100,2000
2843,56.263675476336815,648.1438229870928,145.30547019053472,2185.0,1.3981786084791683,60735.79532882606,Ezi_3,E(z) RNAi,0.839924578860844,0.20784040285037308,3.3738356510134935,100,2000
2844,56.67268817204301,665.2141935483871,225.04344086021504,2816.0,1.3217154091632153,56113.64,Ezi_3,E(z) RNAi,0.6458951502643064,0.2488577099528715,3.625244612438891,100,2000
2845,55.633670033670036,672.9010101010101,177.9111111111111,1903.0,1.6045483230832536,53610.59730639731,Ezi_3,E(z) RNAi,0.7617623684136732,0.26253126350334677,2.619441037140227,100,2000
2846,55.4859649122807,684.9415204678363,303.17894736842106,2182.0,1.36899567400635,35171.60409356725,Ezi_3,E(z) RNAi,0.4559680494926892,0.29543922104138876,2.2739783504850095,100,2000
2847,56.20942140296979,695.2980030721966,139.14080901177675,2382.0,1.4234036114297026,53392.078341013825,Ezi_3,E(z) RNAi,0.8581322167901448,0.3080804905097754,3.1682992885589343,100,2000
2848,56.98863021115322,706.1949106659448,282.30806713589607,2260.0,1.3475137998601487,46882.66865186789,Ezi_3,E(z) RNAi,0.5084510139351164,0.33958751032871004,3.731145355696242,100,2000
2849,56.23101433882103,710.4710568242167,229.39936271906532,2281.0,1.2530009040658696,44829.81837493362,Ezi_3,E(z) RNAi,0.6382293896519604,0.3456539414682116,3.025490665925041,100,2000
2850,55.84973544973545,725.0148148148148,814.258201058201,2247.0,1.3477584990814429,43584.707407407404,Ezi_3,E(z) RNAi,-0.7922412865333451,0.4103989595996336,1.8614344508337766,100,2000
2851,56.89715189873418,750.2678006329114,834.5502373417721,3114.0,1.2321714829834964,44847.01384493671,Ezi_3,E(z) RNAi,-0.8402380956894532,0.4654497555281838,2.798226930946022,100,2000
2852,55.4690338563171,784.9603633360858,281.6804293971924,1566.0,1.5598428273801375,34779.54417836499,Ezi_3,E(z) RNAi,0.5152023303294118,0.507573799915185,1.946728057468917,100,2000
2853,56.45024021962938,783.0487302676732,332.0926561427591,1862.0,1.3613430260884827,28849.339052848318,Ezi_3,E(z) RNAi,0.39168984072530133,0.5064093661790543,2.8711299748305095,100,2000
2854,57.30385164051355,792.0665715644318,250.90252020922492,2422.0,1.1900789380957106,46735.280551592965,Ezi_3,E(z) RNAi,0.5909957360062625,0.5209725423787064,3.796182339066526,100,2000
2855,56.97482376636455,817.3021148036254,628.4788519637463,2425.0,1.3893132962782542,39051.27039274925,Ezi_3,E(z) RNAi,-0.33144668534757094,0.5965759417684457,2.9083674004129705,100,2000
2856,56.35475234270415,913.764390896921,624.7101740294511,3584.0,1.3316512486551686,31460.19544846051,Ezi_3,E(z) RNAi,-0.3158395160636027,0.8021410136506233,1.9677313771273006,100,2000
2857,57.180947312400214,950.8802554550292,512.9175093134646,2319.0,1.2924575041982298,42029.53166577967,Ezi_3,E(z) RNAi,-0.03977540650237188,0.8748821983850363,2.8090058012661885,100,2000
2858,56.39737991266376,136.25327510917032,483.10043668122273,2686.0,1.4565634518040982,23436.78360019408,Ezi_3,E(z) RNAi,-0.020689255705925613,-0.8647192654695564,4.809990621800779,100,2000
2859,57.94266337854501,164.65721331689272,267.8803945745993,2217.0,1.3761970463444566,33308.76572133169,Ezi_3,E(z) RNAi,0.5079335322556797,-0.8165216358950564,6.529482596549876,100,2000
2860,55.0622009569378,181.5425837320574,318.96937799043064,1388.0,1.5841683831340638,34090.23444976076,Ezi_3,E(z) RNAi,0.3840192317131468,-0.777574704989495,3.52800317564661,100,2000
2861,56.93465727098014,232.5419602818706,330.54260089686096,2087.0,1.4356797196995377,30916.909032671363,Ezi_3,E(z) RNAi,0.35906254237428636,-0.6680947969077897,5.213944644285249,100,2000
2862,56.662,261.9313333333333,323.174,1872.0,1.5258923642065028,34421.52066666666,Ezi_3,E(z) RNAi,0.37904216873044727,-0.6058240912992009,4.851424582717463,100,2000
2863,57.71649484536083,286.8485824742268,293.65399484536084,1953.0,1.6878073774968532,32305.792525773195,Ezi_3,E(z) RNAi,0.4529374115267353,-0.5543614801011956,5.858919277881803,100,2000
2864,56.67988165680473,376.53846153846155,137.18934911242604,1993.0,1.3315249969956064,54796.95680473373,Ezi_3,E(z) RNAi,0.8418189999074135,-0.3720512013304347,4.716147167671785,100,2000
2865,57.03623188405797,376.26509661835746,264.0144927536232,1988.0,1.504528245722574,46429.26690821256,Ezi_3,E(z) RNAi,0.5313971132650648,-0.36531947907216167,4.914308530120621,100,2000
2866,55.0631970260223,389.9089219330855,131.70446096654274,852.0,1.4040655739319183,32810.25464684015,Ezi_3,E(z) RNAi,0.8561323354840666,-0.34385544655699796,3.0612652952387194,100,2000
2867,57.175414364640886,408.8273480662983,189.10082872928177,1957.0,1.550382737718798,56634.23756906077,Ezi_3,E(z) RNAi,0.7169010827218703,-0.3001713734816027,5.037664383006273,100,2000
2868,55.7376,424.7344,174.048,859.0,1.3103160525539828,42553.2128,Ezi_3,E(z) RNAi,0.7547991236645719,-0.26711456124597244,3.565101008333343,100,2000
2869,57.60958904109589,437.43778538812785,170.40810502283105,2186.0,1.239176513864105,59977.832762557075,Ezi_3,E(z) RNAi,0.7645427988361777,-0.24021017767082498,5.398805145576375,100,2000
2870,56.08252427184466,475.41990291262135,332.9805825242718,573.0,1.473883779881634,43462.354368932036,Ezi_3,E(z) RNAi,0.36916602201677384,-0.14981910500426543,3.5397091807509824,100,2000
2871,57.676102340773,506.68263473053895,138.12411540555254,2111.0,1.4305839235926483,58731.94393032118,Ezi_3,E(z) RNAi,0.8481382320615352,-0.09434824913127171,5.272307716548319,100,2000
2872,56.82299651567944,521.3658536585366,111.36724738675959,1862.0,1.3406776420590976,40055.25714285715,Ezi_3,E(z) RNAi,0.9145991179420854,-0.06457285614089536,4.403259485319893,100,2000
2873,56.87356979405034,575.324942791762,190.91933638443936,2218.0,1.325193522012183,61557.65675057208,Ezi_3,E(z) RNAi,0.7234660851039041,0.055127321263723994,4.172065917672768,100,2000
2874,55.870860927152314,587.7549668874173,222.48079470198675,1895.0,1.4917515600799671,57323.766225165564,Ezi_3,E(z) RNAi,0.6470450351641142,0.08345723514617687,3.087850763035391,100,2000
2875,57.83291976840364,595.0777502067824,289.36393713813067,1698.0,1.4523897407173538,61062.157981803146,Ezi_3,E(z) RNAi,0.4838283316665497,0.10294973991210377,4.9412943075297875,100,2000
2876,55.916134913400185,635.8760255241568,232.0218778486782,1315.0,1.4156097712145406,55482.407474931635,Ezi_3,E(z) RNAi,0.626876762822425,0.18666626771556594,2.958877609402222,100,2000
2877,57.48720032507111,635.073953677367,122.75294595692807,3130.0,1.5618426862537875,59428.08370581065,Ezi_3,E(z) RNAi,0.8942534283414467,0.1786665109044665,4.669720933848211,100,2000
2878,57.863090472377905,635.9039231385108,162.22658126501202,1741.0,1.5474311684584119,53168.306645316254,Ezi_3,E(z) RNAi,0.7976960888679139,0.18271576736164485,4.993288140308202,100,2000
2879,56.90059750135796,650.9760999456817,162.0097772949484,2416.0,1.3159316549637312,59560.83269961977,Ezi_3,E(z) RNAi,0.7992265782218424,0.21485035627422833,3.9802459776722827,100,2000
2880,55.85895221646517,661.2492803684513,128.07887161773172,2065.0,1.477142007834685,45846.88773747841,Ezi_3,E(z) RNAi,0.8829546058509055,0.2348026350899084,2.9465315221495842,100,2000
2881,56.7723292469352,679.8690893169877,285.3397548161121,2671.0,1.6395836990045205,41974.05998248686,Ezi_3,E(z) RNAi,0.4992899892054259,0.28359879826950696,3.5998201032514885,100,2000
2882,57.31189948263119,688.1714708056171,111.52328159645232,1665.0,1.3824146027239756,39942.0169992609,Ezi_3,E(z) RNAi,0.9252511272482151,0.2912928486413444,4.3294503601378835,100,2000
2883,56.44617706237425,692.2625754527163,170.0689134808853,2501.0,1.6057437835884276,50822.92354124749,Ezi_3,E(z) RNAi,0.7822346206285411,0.3033898216256117,3.376488852255463,100,2000
2884,58.4408296055307,701.3428222854819,264.97559983733225,2971.0,1.4446057921131643,51145.01667344449,Ezi_3,E(z) RNAi,0.5505468555175692,0.3282475748171365,5.22144232804132,100,2000
2885,57.33409961685824,722.7800766283525,200.0007662835249,1707.0,1.4107595502444934,36482.07356321839,Ezi_3,E(z) RNAi,0.7109932303059316,0.370226261231015,4.123941489019984,100,2000
2886,56.77504105090312,725.2375478927203,352.9830322933771,2162.0,1.4255846306121045,43187.91461412151,Ezi_3,E(z) RNAi,0.33673541739882507,0.38428526677196606,3.3646754692084926,100,2000
2887,56.38776837996096,728.6642810670137,827.2628497072219,2052.0,1.4204168015226657,34993.60052049447,Ezi_3,E(z) RNAi,-0.8238300801648997,0.4189382274204183,2.370841946435931,100,2000
2888,56.639083386378104,748.7498408656907,246.54996817313813,1906.0,1.3046397247416843,38617.817950350094,Ezi_3,E(z) RNAi,0.5987847521023519,0.4283074282469479,3.2829544864924856,100,2000
2889,56.20192307692308,764.8735207100592,355.00961538461536,1644.0,1.3505459204667987,31593.49778106509,Ezi_3,E(z) RNAi,0.33439919649956384,0.468954968775551,2.655355650179864,100,2000
2890,57.453255425709514,772.1940734557596,291.8117696160267,2936.0,1.325335231670505,45058.59307178631,Ezi_3,E(z) RNAi,0.4895557908306376,0.4809375160925988,3.961277860760646,100,2000
2891,57.10530035335689,789.243109540636,236.9625441696113,1782.0,1.3929021598346827,32488.459363957598,Ezi_3,E(z) RNAi,0.6249274094947646,0.5141439617402441,3.624642196257156,100,2000
2892,57.41925465838509,790.0360248447205,300.01801242236024,2241.0,1.434945089361047,28713.344099378883,Ezi_3,E(z) RNAi,0.4706515846335444,0.5194733685536708,3.8568143416686596,100,2000
2893,56.241773002014774,804.5493619879113,653.9153794492948,3514.0,1.5883279012095572,25135.586299529885,Ezi_3,E(z) RNAi,-0.394543826489151,0.5708312377129001,2.1864156937318953,100,2000
2894,56.93726741095162,802.7198298777246,621.0356193514089,2211.0,1.4738402227937804,45972.68261562999,Ezi_3,E(z) RNAi,-0.3141940838471713,0.5650375399791341,2.9293245583869094,100,2000
2895,57.214774281805745,810.5554035567716,294.0889192886457,1870.0,1.34733791590045,32284.498632010946,Ezi_3,E(z) RNAi,0.4865210328033882,0.5629048498357268,3.5905767938170854,100,2000
2896,58.53858784893268,804.9748221127531,411.81609195402297,2306.0,1.392776676081727,45738.06896551724,Ezi_3,E(z) RNAi,0.19801244225865355,0.5577969444659061,4.785506442651325,100,2000
2897,56.576350093109866,846.9906890130354,338.33985102420854,1401.0,1.3371972408842134,29181.68994413408,Ezi_3,E(z) RNAi,0.3806297412443225,0.6431804363475058,2.7737722224626182,100,2000
2898,57.025500196155356,855.3440564927422,719.4692036092586,3322.0,1.4776722328377834,32726.422518634758,Ezi_3,E(z) RNAi,-0.5516277327033285,0.682978918761316,2.7166039973663274,100,2000
2899,57.04845300642148,856.8832457676591,502.9772329246935,2037.0,1.3213391350780188,30911.50963222417,Ezi_3,E(z) RNAi,-0.021664862942708862,0.6737804978403779,3.0059659898353672,100,2000
2900,56.235884567126725,861.6348808030112,456.4667503136763,1839.0,1.308390502240253,34412.887076537016,Ezi_3,E(z) RNAi,0.09248556649236694,0.6812298093272935,2.235728727260131,100,2000
2901,57.056179775280896,890.1573033707865,629.2191011235955,671.0,1.6732264886899566,7858.775280898876,Ezi_3,E(z) RNAi,-0.3284388148097971,0.752044127611504,2.743107013099845,100,2000
2902,56.56191950464396,934.4148606811145,543.3209494324045,2407.0,1.435676038078486,28865.580495356036,Ezi_3,E(z) RNAi,-0.11527493815064538,0.8415043695010533,2.2073650975584087,100,2000
2903,56.35494433529797,937.2239685658153,525.8958742632612,1905.0,1.3952486660682397,40913.11263916176,Ezi_3,E(z) RNAi,-0.07244087700910284,0.8464909772299163,2.012778823490464,100,2000
2904,55.619281045751634,941.6143790849674,500.79411764705884,821.0,1.5556468316497498,27282.99836601307,Ezi_3,E(z) RNAi,-0.010712125069148315,0.8544045881879254,1.2938060525498685,100,2000
2905,58.385724090597115,940.0576527110501,429.522306108442,2385.0,1.4208571727735675,25951.550446122168,Ezi_3,E(z) RNAi,0.16361378417215544,0.8469943694781388,4.154894901897769,100,2000
2906,55.21900826446281,1008.5909090909091,547.8760330578513,568.0,1.8423332487167912,10195.173553719009,Ezi_3,E(z) RNAi,-0.12151238319092883,1.0,0.6086064891057248,100,2000
2907,58.87343215507411,159.16077537058152,286.4897377423033,2286.0,1.569271555305542,44830.88654503991,Ezi_3,E(z) RNAi,0.46202114597999056,-0.827167692882508,7.455434465882405,100,2000
2908,58.61505768063145,191.7753491196114,247.95264116575592,2106.0,1.4391738719556084,34216.78809957499,Ezi_3,E(z) RNAi,0.5584985625968013,-0.759813503785381,7.135423288641519,100,2000
2909,56.67657992565056,205.86059479553904,238.96468401486987,894.0,1.4377833881225888,23782.18215613383,Ezi_3,E(z) RNAi,0.5814338152150875,-0.7302971822868936,5.160734701158994,100,2000
2910,58.305150631681244,210.30660835762876,256.5971817298348,2771.0,1.5992291824637865,39453.75072886297,Ezi_3,E(z) RNAi,0.5385680165772484,-0.7197838571799631,6.7521808771473175,100,2000
2911,58.79764453961456,224.98447537473234,202.8634903640257,2149.0,1.2545573554072096,35524.004282655245,Ezi_3,E(z) RNAi,0.6710501193932157,-0.6915654970643973,7.262585476525196,100,2000
2912,55.78703703703704,272.9259259259259,311.64699074074076,1063.0,1.6804818245376738,25266.369212962964,Ezi_3,E(z) RNAi,0.4079842209339497,-0.5830398499046462,3.953851778745694,100,2000
2913,57.08064516129032,297.2741935483871,316.52846299810244,1312.0,1.5474196943740313,22627.624288425046,Ezi_3,E(z) RNAi,0.3976440002551893,-0.5308058583834852,5.15921860739688,100,2000
2914,58.20157384987893,308.18825665859566,210.31900726392251,1986.0,1.3927314374671742,45360.99818401937,Ezi_3,E(z) RNAi,0.658309021556823,-0.5136379833989823,6.376579916232949,100,2000
2915,58.65137614678899,325.9633027522936,134.3348623853211,2085.0,1.2976197399321625,54097.060206422015,Ezi_3,E(z) RNAi,0.8454538223798815,-0.4800954830370755,6.8617629591902585,100,2000
2916,56.99440298507463,357.73942786069654,223.38308457711443,2109.0,1.448550210768017,53471.66355721393,Ezi_3,E(z) RNAi,0.629616447277211,-0.4071840109050253,4.985927525968549,100,2000
2917,60.74537246049661,387.03927765237023,211.04920993227992,2869.0,1.3089357031129816,57266.476297968395,Ezi_3,E(z) RNAi,0.6617311330575684,-0.3453613319584605,8.65353924359215,100,2000
2918,57.73836477987421,391.02201257861634,225.65660377358492,1957.0,1.3638971975985976,50900.93396226415,Ezi_3,E(z) RNAi,0.6262517848272886,-0.3360444400037097,5.614794481326157,100,2000
2919,59.16845703125,386.88427734375,157.34814453125,2462.0,1.3328225392293875,55774.9541015625,Ezi_3,E(z) RNAi,0.7931579846242152,-0.348799682811469,7.144527367913753,100,2000
2920,57.798808432630615,403.9761686526123,351.49770852428964,2489.0,1.7071179653494062,55655.92300641613,Ezi_3,E(z) RNAi,0.3191142501987232,-0.30115279993079136,5.4736789699698605,100,2000
2921,59.38468899521531,403.2511961722488,154.14976076555024,2439.0,1.2801498387521688,58713.311004784686,Ezi_3,E(z) RNAi,0.8020681487567098,-0.31406631110326577,7.3095768331375055,100,2000
2922,57.85373961218836,413.6426592797784,345.06260387811636,2172.0,1.7128876896691885,56492.04542936288,Ezi_3,E(z) RNAi,0.3355034256951068,-0.28090151274446307,5.5040849581806555,100,2000
2923,58.62920592193809,422.20457604306864,192.150067294751,1820.0,1.4362987633787831,53388.597577388966,Ezi_3,E(z) RNAi,0.7103189658706563,-0.27144682012956434,6.442509516957742,100,2000
2924,58.47517730496454,438.2495164410058,142.52804642166345,1923.0,1.3938263048149557,57482.29916183108,Ezi_3,E(z) RNAi,0.8328300938028572,-0.24007966003999215,6.296627345096951,100,2000
2925,57.586666666666666,443.92296296296297,290.3106172839506,2447.0,1.4233946769343606,58581.445925925924,Ezi_3,E(z) RNAi,0.4715121590241562,-0.21946207568192044,5.203589531243082,100,2000
2926,58.855442176870746,464.9795918367347,267.89569160997735,2165.0,1.310805154567982,59917.72222222222,Ezi_3,E(z) RNAi,0.5277618022747987,-0.1758242693385761,6.429468875007032,100,2000
2927,57.351351351351354,464.6821386603995,362.2849588719154,2001.0,1.4551362079151875,32951.40070505288,Ezi_3,E(z) RNAi,0.2967299788415616,-0.17102759861518047,4.807974871268236,100,2000
2928,58.39275500476644,466.84842707340323,169.28503336510963,1346.0,1.376313122035448,46750.78646329838,Ezi_3,E(z) RNAi,0.7692349793522202,-0.1775263303000817,6.084194435276885,100,2000
2929,58.932101847229156,467.2301547678482,198.27508736894657,2493.0,1.4540264943209327,61577.368447329005,Ezi_3,E(z) RNAi,0.6983059407169998,-0.175036586529417,6.585881041460517,100,2000
2930,57.87807183364839,468.14744801512285,211.94612476370511,1863.0,1.2896908371431859,62223.42816635161,Ezi_3,E(z) RNAi,0.664909951812158,-0.1722991207568778,5.51161349957232,100,2000
2931,58.31831395348837,492.0765503875969,164.4467054263566,2399.0,1.3160577261496111,57851.44670542636,Ezi_3,E(z) RNAi,0.7827459390469311,-0.1239856592921682,5.930747805305316,100,2000
2932,57.41411764705882,537.1464705882353,144.80588235294118,2061.0,1.5867656799107,58766.97823529412,Ezi_3,E(z) RNAi,0.8338008296337993,-0.02897517392148352,4.899209905427028,100,2000
2933,57.97,553.319375,152.45375,2003.0,1.6616811093535186,58141.72625,Ezi_3,E(z) RNAi,0.8161511408063251,0.005972125643778137,5.3909546705250975,100,2000
2934,59.83352735739231,558.1658905704307,195.98079161816065,2212.0,1.4238581265937422,59526.41152502911,Ezi_3,E(z) RNAi,0.709934630512004,0.018834557898854243,7.183519390504294,100,2000
2935,57.23905882352941,570.8649411764706,313.2767058823529,2750.0,1.5307923161002874,54324.78494117647,Ezi_3,E(z) RNAi,0.4237020142748411,0.05266999198449862,4.399089526106508,100,2000
2936,58.228873239436616,563.771629778672,131.13732394366198,2344.0,1.5251946544960902,59118.073440643864,Ezi_3,E(z) RNAi,0.8690135476599488,0.027043189993264605,5.641320945522601,100,2000
2937,58.30528375733855,573.5665362035226,155.9872798434442,2413.0,1.3700921584354278,59944.4271037182,Ezi_3,E(z) RNAi,0.808841404041174,0.049372379728336524,5.653524424224166,100,2000
2938,57.288937809576225,583.4667033571822,267.23665382498626,2351.0,1.4874141155166953,61152.98679141442,Ezi_3,E(z) RNAi,0.5372179534291801,0.0768996870495604,4.464231198523223,100,2000
2939,58.77317290552585,579.6118538324421,285.4465240641711,3135.0,1.568134267357886,58518.89349376114,Ezi_3,E(z) RNAi,0.49239029759379593,0.06973668643271513,5.938611087795181,100,2000
2940,57.656416321703134,597.6073329390892,189.07746895328208,2138.0,1.2658904893914447,58401.47723240686,Ezi_3,E(z) RNAi,0.7294459283484924,0.10256273623646361,4.882075909846328,100,2000
2941,57.988677303139475,597.5393721049923,149.937210499228,2307.0,1.370749795882074,60156.13381369017,Ezi_3,E(z) RNAi,0.8252357280804725,0.10016347076629062,5.263667313476361,100,2000
2942,60.574971164936564,607.7315455594003,300.33708189158017,4406.0,1.7111471312045912,49689.87745098039,Ezi_3,E(z) RNAi,0.4578010358298863,0.13059719238919776,7.626889617741156,100,2000
2943,58.58224245873648,602.038702333523,333.48719408081956,2424.0,1.4800947337467478,30830.39783722254,Ezi_3,E(z) RNAi,0.37629564914252245,0.12034926434464199,5.611783145293664,100,2000
2944,57.82931135962331,611.5155974102413,219.2001177163037,2145.0,1.6423707222019297,57748.184226015306,Ezi_3,E(z) RNAi,0.6566407928489428,0.13397182564832688,4.970277085952482,100,2000
2945,56.27533460803059,611.8030592734226,337.66539196940727,690.0,1.3528131548775553,24838.757170172084,Ezi_3,E(z) RNAi,0.3667221129339471,0.1414040987020193,3.266720447021285,100,2000
2946,57.742283950617285,608.8989197530864,169.8858024691358,1828.0,1.3905313931352825,61289.99151234568,Ezi_3,E(z) RNAi,0.7771640354757519,0.12554563086032755,4.953941625973549,100,2000
2947,57.14833333333333,613.245,199.57583333333332,1475.0,1.4244343459738547,53337.82833333333,Ezi_3,E(z) RNAi,0.7047873082084248,0.1365248110735735,4.30809109512407,100,2000
2948,59.394766780432306,630.0870307167236,208.8503981797497,2236.0,1.52300565312556,54375.147326507395,Ezi_3,E(z) RNAi,0.6831957538829021,0.173005659223592,6.4860787662695145,100,2000
2949,58.63711151736746,641.5904936014625,243.3107861060329,1574.0,1.560894631688962,46121.50182815357,Ezi_3,E(z) RNAi,0.5996176178611552,0.19952782595391572,5.646403390921975,100,2000
2950,57.04371584699454,660.1296572280179,297.7605563835072,2401.0,1.5390112400943603,35830.85394932936,Ezi_3,E(z) RNAi,0.4675835824314525,0.24220598495504753,3.9221890833556117,100,2000
2951,60.35936952714536,655.5436077057793,262.41506129597195,3823.0,1.6930013097718328,41611.840280210155,Ezi_3,E(z) RNAi,0.553778354894326,0.2304085709244128,7.297629359615989,100,2000
2952,57.65488215488215,666.3097643097643,361.9433221099888,2172.0,1.4646887389830112,35559.50561167228,Ezi_3,E(z) RNAi,0.3109042645982163,0.2590952613392221,4.431990005120333,100,2000
2953,61.10091743119266,677.4297591743119,211.89879587155963,4554.0,1.1289124354997135,52577.53153669725,Ezi_3,E(z) RNAi,0.678862018617904,0.27419197098211323,8.0287416589697,100,2000
2954,57.12742718446602,681.5151699029126,349.65169902912623,2068.0,1.4874776842639017,31131.12196601942,Ezi_3,E(z) RNAi,0.34199528215259156,0.2908210401854643,3.8686822019599347,100,2000
2955,58.203367003367006,689.9872053872053,250.4835016835017,1790.0,1.3066333695752392,33899.947474747474,Ezi_3,E(z) RNAi,0.5852654926675198,0.3031848875425176,5.040456495877841,100,2000
2956,57.65732368896926,688.8444846292948,362.31735985533453,1389.0,1.579376953825343,22007.60397830018,Ezi_3,E(z) RNAi,0.31147962597679935,0.30719107325642403,4.3579691677963766,100,2000
2957,56.51367924528302,698.5108490566038,319.6575471698113,2613.0,1.4669185698454013,43499.487735849056,Ezi_3,E(z) RNAi,0.416531678474519,0.32534478627422225,3.235253405368418,100,2000
2958,58.448299791811245,707.4941013185288,168.09507286606524,3507.0,1.4328173367836616,58981.23351839001,Ezi_3,E(z) RNAi,0.7880675334050056,0.3357845940669477,5.329710121675554,100,2000
2959,58.90023752969121,706.8349168646081,306.35095011876484,2084.0,1.3272262318747376,30865.283847980998,Ezi_3,E(z) RNAi,0.44964328746830473,0.34235298437017336,5.6104190418242865,100,2000
2960,57.627422480620154,722.718992248062,313.16618217054264,2580.0,1.466659525777328,37523.78972868217,Ezi_3,E(z) RNAi,0.43401756186780416,0.3766228179641078,4.27549683350248,100,2000
2961,57.787234042553195,725.9083924349882,229.56796690307328,2076.0,1.4923063727959271,36089.34988179669,Ezi_3,E(z) RNAi,0.6388335837232335,0.3786080621529688,4.529429947463385,100,2000
2962,58.50106044538706,731.227465535525,265.6039236479321,2484.0,1.4049643108049028,41761.86002120891,Ezi_3,E(z) RNAi,0.5509859366473866,0.39203835519556396,5.180105501151317,100,2000
2963,57.225833333333334,772.3733333333333,365.8016666666667,1643.0,1.5643625634794704,35469.13333333333,Ezi_3,E(z) RNAi,0.308479046701047,0.48558429562513483,3.6404287414874545,100,2000
2964,58.237135278514586,804.5920424403183,264.19045092838195,2187.0,1.2935932107985784,49732.35596816976,Ezi_3,E(z) RNAi,0.5592996942931892,0.5484665543340319,4.670550329959681,100,2000
2965,57.03125,822.3881048387096,455.4430443548387,2309.0,1.3492547588003294,46553.19455645161,Ezi_3,E(z) RNAi,0.0923923745753834,0.5974498341952299,3.164723931647515,100,2000
2966,59.29502369668246,828.7482227488151,404.6001184834123,2128.0,1.4036948270270153,43515.23874407583,Ezi_3,E(z) RNAi,0.21724405118677947,0.608103147415519,5.470819921475766,100,2000
2967,57.087214225232856,828.8255715495343,488.2658763759526,1483.0,1.4006779043540019,19431.112616426755,Ezi_3,E(z) RNAi,0.01248466820157601,0.6130760030474445,3.157801067549954,100,2000
2968,57.61607142857143,832.9665178571429,741.4955357142857,1132.0,1.9377768437933591,9201.466517857143,Ezi_3,E(z) RNAi,-0.6070189797931951,0.6365142683857237,3.35500133157948,100,2000
2969,56.77629063097514,849.9980879541109,231.76290630975143,880.0,1.4977053224712944,23804.730401529636,Ezi_3,E(z) RNAi,0.6416737311401166,0.6434528249150473,3.097275762537876,100,2000
2970,59.672974284328,848.2906356137797,379.4565744784085,2555.0,1.4653416999471138,50248.649199417756,Ezi_3,E(z) RNAi,0.2800743112682018,0.6483468193853392,5.814409637305076,100,2000
2971,57.90057636887608,858.835734870317,341.2190201729107,953.0,1.3946688989179936,32285.14265129683,Ezi_3,E(z) RNAi,0.37436287190299566,0.6686255766125553,4.054433202152907,100,2000
2972,58.35,874.8,337.8715909090909,1318.0,1.357344332329324,28648.014772727274,Ezi_3,E(z) RNAi,0.38361052063927614,0.7024930519732187,4.454217666037259,100,2000
2973,57.84834368530021,886.2075569358178,438.02277432712214,2501.0,1.3071826167464227,35332.32091097308,Ezi_3,E(z) RNAi,0.13924799637194174,0.7325999902728573,3.7884506492695564,100,2000
2974,58.35706914344685,889.9855521155831,555.171310629515,1292.0,1.528174520518879,18018.72342621259,Ezi_3,E(z) RNAi,-0.14722293713706103,0.747417829014136,4.137463768647571,100,2000
2975,56.82781456953642,124.19867549668874,331.6788079470199,504.0,1.4416530992274519,21960.135761589405,Ezi_3,E(z) RNAi,0.3491143718636014,-0.899163165812157,5.4710397532259805,100,2000
2976,58.313615502294745,132.75981642019377,238.09994900560937,2228.0,1.44473348352211,37709.82304946456,Ezi_3,E(z) RNAi,0.5787094817157865,-0.8862839853968617,7.0453599189820295,100,2000
2977,59.130485893416925,134.16927899686522,309.16144200626957,2993.0,1.4144088573292424,52937.290752351095,Ezi_3,E(z) RNAi,0.40487837854426734,-0.8791740183377407,7.768321778531252,100,2000
2978,58.65583284968079,148.22402785838653,297.72780034822983,2156.0,1.3984016240097998,43197.33604178758,Ezi_3,E(z) RNAi,0.43379322452917,-0.8498531299143979,7.260619502505627,100,2000
2979,58.457355466514024,161.82312535775614,525.321121923297,2200.0,1.5505323774813748,31168.188895248997,Ezi_3,E(z) RNAi,-0.12233805076062987,-0.8077207995337125,6.730756525650463,100,2000
2980,59.05859590934218,162.2653399668325,348.52128247650637,2224.0,1.5678549878458554,41927.857379767825,Ezi_3,E(z) RNAi,0.31040465737005896,-0.8169667231991812,7.552305956955671,100,2000
2981,59.56834143706105,171.257698541329,383.60886007563477,2392.0,1.3374355224832144,48130.17017828201,Ezi_3,E(z) RNAi,0.22512174834355925,-0.7957562253283845,7.987704443604926,100,2000
2982,58.47782925215089,188.90800794176042,261.017868960953,1863.0,1.3894333740459823,37351.644606221045,Ezi_3,E(z) RNAi,0.5263322952481129,-0.7651782183349376,6.991474215429093,100,2000
2983,59.46597812879708,187.31409477521262,296.0255164034022,2058.0,1.5140352987016983,42731.883353584446,Ezi_3,E(z) RNAi,0.4405433001873522,-0.7665529734074259,7.941072971588284,100,2000
2984,60.29819879919947,191.7885256837892,281.3829219479653,2009.0,1.608189559504747,37833.034689793196,Ezi_3,E(z) RNAi,0.4766744913140797,-0.7578456849377306,8.77656913591855,100,2000
2985,56.91793313069909,204.33637284701115,410.99898682877404,1126.0,1.468717657404214,18510.046605876392,Ezi_3,E(z) RNAi,0.1602807110189901,-0.723628190670762,5.191400883337266,100,2000
2986,57.93126022913257,249.8330605564648,253.71194762684124,747.0,1.4310643668380665,32401.348608837972,Ezi_3,E(z) RNAi,0.5482455876126628,-0.6356295511672341,6.248618790466928,100,2000
2987,57.69258589511754,283.65641952983725,232.17088607594937,1427.0,1.3884617337490472,39897.318264014466,Ezi_3,E(z) RNAi,0.6032053563208601,-0.56471653412438,5.922908912036881,100,2000
2988,58.26731198808638,343.1973194341028,122.18540580789278,1979.0,1.5111128409165402,38935.63067758749,Ezi_3,E(z) RNAi,0.8763306871065168,-0.4440327474712116,6.434825665247104,100,2000
2989,59.84460310793784,346.61318773624527,211.2532549349013,2769.0,1.2432211317344404,55109.694246115076,Ezi_3,E(z) RNAi,0.6585598478144865,-0.43159872222342466,7.888847329611664,100,2000
2990,57.274428274428274,351.7047817047817,110.0,660.0,1.3417671654381986,31727.205821205822,Ezi_3,E(z) RNAi,0.9067199514434114,-0.4265932193996844,5.428546133885938,100,2000
2991,58.848885793871865,362.5933147632312,172.84888579387186,1755.0,1.2704046886959532,43559.62743732591,Ezi_3,E(z) RNAi,0.7536140368986133,-0.39972917506055206,6.887427377863844,100,2000
2992,59.751773049645394,363.61250805931655,130.5145067698259,1945.0,1.4523512733739836,56451.39974210187,Ezi_3,E(z) RNAi,0.8572917002167555,-0.39998918654591953,7.839982369798882,100,2000
2993,58.95799011532125,363.500823723229,259.02553542009883,1507.0,1.5176854565403295,40990.07578253707,Ezi_3,E(z) RNAi,0.5427576044464084,-0.392823699614434,6.8853577592038775,100,2000
2994,59.44668117519043,373.98639825897715,218.07236126224157,2367.0,1.4937739167400528,45787.07780195865,Ezi_3,E(z) RNAi,0.6436822309478114,-0.37281207205473765,7.390063275957665,100,2000
2995,58.875454545454545,374.85,168.03181818181818,1358.0,1.307789335329836,31657.96,Ezi_3,E(z) RNAi,0.766214528341874,-0.3738590366660399,6.8787063848676055,100,2000
2996,60.01369081574444,378.0507701083856,247.1346263548203,2198.0,1.3170523951753526,57883.02110667427,Ezi_3,E(z) RNAi,0.5728200091302778,-0.3624616304047791,7.906903047294932,100,2000
2997,58.4908306364617,415.0064724919094,233.68500539374327,2333.0,1.5341235705686864,59491.02265372168,Ezi_3,E(z) RNAi,0.6081869705789058,-0.2844090649907579,6.276301423511903,100,2000
2998,58.76265182186235,424.11082995951415,151.90182186234819,2377.0,1.3705776396868847,60346.37044534413,Ezi_3,E(z) RNAi,0.8089517218762934,-0.26969974111329587,6.620019570105342,100,2000
2999,58.824786324786324,420.75925925925924,312.93518518518516,1692.0,1.470200710148413,54576.722934472935,Ezi_3,E(z) RNAi,0.4146028842390257,-0.26756468599634897,6.491431742103778,100,2000
3000,59.59428307976026,447.4209313047487,262.29137851544493,2740.0,1.7254322252824168,56846.38450899032,Ezi_3,E(z) RNAi,0.5403145560355438,-0.2136006256495644,7.2345483850549215,100,2000
3001,60.02875557759048,457.5845314823996,282.4947942488845,2992.0,1.7463137552778778,54468.523549826474,Ezi_3,E(z) RNAi,0.4915381272613919,-0.19075018871770666,7.609397506479219,100,2000
3002,58.43641791044776,475.9982089552239,278.0865671641791,2034.0,1.3528180967697927,58927.13492537313,Ezi_3,E(z) RNAi,0.5035499225481381,-0.1517332818037329,5.960504638064258,100,2000
3003,58.30128956623681,480.4015240328253,210.86459554513482,2171.0,1.5933642834262447,60391.24325908558,Ezi_3,E(z) RNAi,0.6683664626003067,-0.14621628779635043,5.894861301290511,100,2000
3004,59.36493374108053,482.6472986748216,262.2354740061162,2350.0,1.3955946789445801,56054.69877675841,Ezi_3,E(z) RNAi,0.5427824914025356,-0.138455684171928,6.8864779293121146,100,2000
3005,59.461470717745485,494.30074856891235,218.2170849845883,2628.0,1.3019362407205546,60850.86437692647,Ezi_3,E(z) RNAi,0.6512875682303352,-0.1161321606171738,6.998938976799565,100,2000
3006,58.62515262515262,504.6978021978022,252.55921855921855,2080.0,1.5245487784251621,53920.67582417582,Ezi_3,E(z) RNAi,0.567925885808378,-0.09197773116898333,6.08448074511184,100,2000
3007,58.112463768115944,518.6011594202898,146.20521739130436,2041.0,1.5307926671679022,58085.228985507245,Ezi_3,E(z) RNAi,0.8291470931901885,-0.06845287920966503,5.658335722608811,100,2000
3008,59.48960973137354,525.2529143436391,347.3497212366954,2507.0,1.7775502818360893,59956.166751140394,Ezi_3,E(z) RNAi,0.3372848348887927,-0.04265509606442863,6.760695541686275,100,2000
3009,59.53297362110312,531.4736211031175,226.8441247002398,2159.0,1.5989002334090632,61763.578537170266,Ezi_3,E(z) RNAi,0.6326320350734729,-0.03633184544460211,6.934261496253093,100,2000
3010,58.71612903225807,544.2182795698925,239.83118279569894,1239.0,1.4293935044992185,54189.71397849463,Ezi_3,E(z) RNAi,0.6016918589951898,-0.008400296500508775,6.058150889375973,100,2000
3011,58.75017895490336,577.9742304939156,126.87186828919113,1628.0,1.4525136831162389,52710.333571939875,Ezi_3,E(z) RNAi,0.880391302894294,0.05710002756171417,6.1200795417728955,100,2000
3012,60.67141500474834,586.2435897435897,237.7355175688509,2978.0,1.595795698305441,61768.58689458689,Ezi_3,E(z) RNAi,0.6095956549409369,0.08114737312211151,7.874332729874148,100,2000
3013,59.64777105118327,596.936158503027,169.68574573472756,2317.0,1.469510358615598,62068.41882223445,Ezi_3,E(z) RNAi,0.7768568302139949,0.10002730120348735,6.9000090052001894,100,2000
3014,61.266415500538216,607.534983853606,133.67384284176535,2277.0,1.3312987868573067,56816.141011840686,Ezi_3,E(z) RNAi,0.865692038399388,0.12057363934828369,8.528079615842373,100,2000
3015,58.647274633123686,625.961215932914,326.6823899371069,2473.0,1.5525948520552855,31282.741614255767,Ezi_3,E(z) RNAi,0.39453276034209517,0.17099225850801392,5.6046787451782265,100,2000
3016,60.033149171270715,637.1740331491712,79.60055248618785,2060.0,1.2076801869994003,54547.61878453039,Ezi_3,E(z) RNAi,1.0,0.18067717297995967,7.262708082758728,100,2000
3017,60.68292682926829,639.8398727465535,137.0201484623542,2614.0,1.479840631858969,63113.18080593849,Ezi_3,E(z) RNAi,0.8596408447615742,0.18967965954016064,7.8314558860848535,100,2000
3018,59.07520891364903,684.5136490250696,238.74596100278552,2708.0,1.6688929986106675,39995.86629526463,Ezi_3,E(z) RNAi,0.6136283669493563,0.2908375168302979,5.945476384874766,100,2000
3019,61.250103519668734,732.8252587991718,837.1370600414078,3131.0,1.269258457942445,45194.89316770186,Ezi_3,E(z) RNAi,-0.8477356424786714,0.42841965559825024,7.206725996216171,100,2000
3020,60.5150351887396,765.2284069097889,333.2207293666027,2291.0,1.6229420904092375,20371.37555982086,Ezi_3,E(z) RNAi,0.387738390885344,0.46848712915213153,6.994578307312139,100,2000
3021,58.677065767284994,771.256323777403,385.7672849915683,1572.0,1.4061522545583565,33978.27487352445,Ezi_3,E(z) RNAi,0.2595354418442004,0.4843630302602149,5.0703707805799425,100,2000
3022,59.40229226361031,784.0481375358166,597.0103151862464,2030.0,1.3322190152513513,41005.9329512894,Ezi_3,E(z) RNAi,-0.25663475847514294,0.5238371587479327,5.487440330331694,100,2000
3023,58.9855421686747,786.0008032128515,372.4441767068273,1531.0,1.4018894816869332,27631.448995983937,Ezi_3,E(z) RNAi,0.29311813163508327,0.5150520991040226,5.345837353751946,100,2000
3024,59.58456375838926,785.8885906040268,385.08322147651006,1800.0,1.4609249700593607,35116.43691275168,Ezi_3,E(z) RNAi,0.26217511489283485,0.5155457892633277,5.929377169883672,100,2000
3025,59.08514335360556,793.8201563857515,795.8579496090356,2730.0,1.353000283551115,51069.4574283232,Ezi_3,E(z) RNAi,-0.7426642101748538,0.5561467853465438,4.887875414879709,100,2000
3026,59.276455026455025,796.5046296296297,284.73809523809524,1929.0,1.380173262496841,45024.89087301587,Ezi_3,E(z) RNAi,0.5084716235636608,0.532405610839694,5.711358233894586,100,2000
3027,58.822646657571624,795.512960436562,458.2223738062756,982.0,1.2615485828860584,16827.160982264664,Ezi_3,E(z) RNAi,0.08380693503268999,0.5402892680487525,5.043252365247547,100,2000
3028,58.71032504780115,807.9110898661568,799.0879541108986,1281.0,1.256231397273612,34194.025812619504,Ezi_3,E(z) RNAi,-0.7496363260187779,0.5863910500849026,4.461488936692966,100,2000
3029,58.35243055555556,808.2829861111111,240.22569444444446,726.0,1.4812532465910289,25419.3125,Ezi_3,E(z) RNAi,0.6181969567349737,0.554959703607796,4.8034629837514515,100,2000
3030,59.89103362391034,822.2459526774595,308.453300124533,1971.0,1.3726590535969734,40173.846201743465,Ezi_3,E(z) RNAi,0.4521301957408663,0.588692419484734,6.209374326057429,100,2000
3031,59.31648477886272,821.2274554853533,329.9092475588742,2120.0,1.2869754179664166,41010.94543365882,Ezi_3,E(z) RNAi,0.3995513164560571,0.5877525214182748,5.611346297502017,100,2000
3032,58.93740795287187,821.2437407952872,388.06921944035344,1705.0,1.6012920105526625,38411.64359351988,Ezi_3,E(z) RNAi,0.2572077454798569,0.5911378182231963,5.159252444497234,100,2000
3033,59.07201850016518,824.3581103402709,764.4886025768087,4087.0,1.3476905251056057,24062.642550379915,Ezi_3,E(z) RNAi,-0.6638678419891852,0.6194858881879486,4.811122892282064,100,2000
3034,58.55172413793103,892.1903448275862,338.61793103448275,990.0,1.4559744035405684,27144.14068965517,Ezi_3,E(z) RNAi,0.38293377523887484,0.7396370738253737,4.596359281520542,100,2000
3035,60.9462829736211,892.0268585131895,702.8925659472422,4153.0,1.7777912213217109,15710.6345323741,Ezi_3,E(z) RNAi,-0.5086409955381275,0.7603085581389102,6.5344533835084135,100,2000
3036,58.890160183066364,897.5766590389017,411.2471395881007,611.0,1.3056337494366086,27518.016018306636,Ezi_3,E(z) RNAi,0.2055301672032046,0.7553179316435348,4.82551210745298,100,2000
3037,57.63302752293578,894.4357798165138,407.01376146788994,715.0,1.7657544638495775,28956.302752293577,Ezi_3,E(z) RNAi,0.21568709134800734,0.7483641497658298,3.5842904523056447,100,2000
3038,61.77584629460201,899.224153705398,387.2031107044831,1638.0,1.4360328541717562,29827.465690759378,Ezi_3,E(z) RNAi,0.26447837165626265,0.7574672693488336,7.735788170801889,100,2000
3039,56.87234042553192,911.822695035461,520.5212765957447,504.0,1.407046911053626,17213.031914893618,Ezi_3,E(z) RNAi,-0.06096855867218165,0.7919952935406955,2.622574154493428,100,2000
3040,59.16933760683761,912.6367521367522,533.553952991453,2312.0,1.2505141969785207,33711.39797008547,Ezi_3,E(z) RNAi,-0.09281853936203532,0.794500066207324,4.900461111449786,100,2000
3041,59.386546184738954,918.4367469879518,657.4051204819277,3098.0,1.3747283210988928,18085.928714859438,Ezi_3,E(z) RNAi,-0.39555947141376746,0.8140158514080866,4.942731731191628,100,2000
3042,58.88294797687861,930.9790462427745,511.75939306358384,2009.0,1.5667179826081423,43413.14739884393,Ezi_3,E(z) RNAi,-0.0382623756749666,0.8323717401223316,4.579560565346071,100,2000
3043,57.38148984198646,951.9119638826185,527.7223476297968,697.0,1.5384844885770153,23391.56659142212,Ezi_3,E(z) RNAi,-0.07594236046692893,0.8779382382906014,2.987494433660771,100,2000
3044,58.72259941804074,127.34917555771096,343.3540252182347,1383.0,1.482339617712331,25764.835111542194,Ezi_3,E(z) RNAi,0.32074247002266687,-0.891755154330203,7.340540869718247,100,2000
3045,58.920121951219514,144.72987804878048,343.0439024390244,1951.0,1.4404826202259584,34994.60975609756,Ezi_3,E(z) RNAi,0.3226507770465452,-0.8546926455095311,7.47983880917112,100,2000
3046,59.002962085308056,150.83412322274881,666.635663507109,2448.0,1.6427551950465755,18273.954976303317,Ezi_3,E(z) RNAi,-0.46893198775580835,-0.823012393226731,7.136131383916954,100,2000
3047,57.58393753485778,170.80870050195205,656.3731176798661,2409.0,1.7761904421231165,16826.057445621864,Ezi_3,E(z) RNAi,-0.44248905788482107,-0.781001836782701,5.662631271039764,100,2000
3048,59.00807453416149,169.78012422360248,481.13291925465836,2148.0,1.6301215831850835,30320.057142857142,Ezi_3,E(z) RNAi,-0.013663195264534522,-0.7932895546932067,7.310075185755835,100,2000
3049,58.897944199706316,214.34361233480178,546.9552129221732,1705.0,1.7687344465109023,31308.589574155652,Ezi_3,E(z) RNAi,-0.1718138671554773,-0.6944261739797012,6.967088233812454,100,2000
3050,61.55819968960166,236.40817382307296,258.8416968442835,2454.0,1.2647617073275814,32637.722193481633,Ezi_3,E(z) RNAi,0.5347921249696168,-0.6639472843008241,9.914371559616662,100,2000
3051,57.978190630048466,239.30290791599353,270.88610662358644,1639.0,1.7115290029795,28068.147011308563,Ezi_3,E(z) RNAi,0.5055152979579765,-0.657103405276701,6.309513547748139,100,2000
3052,59.14212454212454,251.9106227106227,390.8835164835165,1655.0,1.833482881637984,27606.838827838827,Ezi_3,E(z) RNAi,0.21265406437761825,-0.6232797516592447,7.280380649821076,100,2000
3053,60.06508875739645,312.9674556213018,141.57692307692307,1248.0,1.4399290024027707,34573.08678500986,Ezi_3,E(z) RNAi,0.8268651923577053,-0.5073922224395055,8.310206369234649,100,2000
3054,58.72107279693486,318.8352490421456,288.2061302681992,1622.0,1.3808091036842391,29488.641379310346,Ezi_3,E(z) RNAi,0.46838425357347346,-0.48642983904953896,6.762457743776864,100,2000
3055,59.06822742474916,318.2127090301003,343.62408026755855,1791.0,1.5503799531767,34025.17190635452,Ezi_3,E(z) RNAi,0.3327074128806602,-0.484560192676063,7.042184935679579,100,2000
3056,59.57221081451061,339.1848049281314,140.47227926078028,1834.0,1.4760103372846025,55929.83436002738,Ezi_3,E(z) RNAi,0.831304647034226,-0.4515289645691103,7.730305530011613,100,2000
3057,59.2013201320132,365.7953795379538,233.26798679867986,1888.0,1.4476185447664685,54257.23102310231,Ezi_3,E(z) RNAi,0.6059499560338573,-0.3894119569346862,7.153262463805994,100,2000
3058,59.84256329113924,386.5134493670886,177.40981012658227,1627.0,1.5247888613421088,45561.495253164554,Ezi_3,E(z) RNAi,0.7440308830376061,-0.3484291981770168,7.794711443328836,100,2000
3059,59.11651376146789,403.1211009174312,136.2119266055046,1441.0,1.4389118882154794,39089.27889908257,Ezi_3,E(z) RNAi,0.8459629070118264,-0.3153800327467795,7.064345951801705,100,2000
3060,59.856776180698155,405.2941478439425,254.4306981519507,2287.0,1.3602858070674528,54179.256160164274,Ezi_3,E(z) RNAi,0.5567657503216865,-0.303922706231465,7.648964185404445,100,2000
3061,58.70505617977528,416.91011235955057,111.6067415730337,548.0,1.527106448426433,30363.20786516854,Ezi_3,E(z) RNAi,0.9070971632225229,-0.2873850205702154,6.6372592193037505,100,2000
3062,59.6742671009772,415.88816503800217,329.60966340933766,2150.0,1.4522263566225475,58728.61997828447,Ezi_3,E(z) RNAi,0.37346765526109604,-0.2769888204957559,7.336414694715707,100,2000
3063,60.80706781279847,432.8022922636103,337.38204393505254,2811.0,1.691265625328745,60036.65807067813,Ezi_3,E(z) RNAi,0.355560616941631,-0.2404488691681247,8.40241827503398,100,2000
3064,59.219325153374236,432.6319018404908,224.09509202453987,1849.0,1.4159108086540952,59049.24156441718,Ezi_3,E(z) RNAi,0.6328221152796576,-0.2473556538006001,6.95738458167925,100,2000
3065,60.29698492462312,438.13819095477385,197.16884422110553,2381.0,1.3393798229450498,58964.82814070352,Ezi_3,E(z) RNAi,0.6990849436536426,-0.23715351140297125,8.050249007038332,100,2000
3066,58.906976744186046,451.90783807062877,118.44358311800173,1503.0,1.4979414436360217,43547.919035314386,Ezi_3,E(z) RNAi,0.8926788436804618,-0.212327303053489,6.712579624902219,100,2000
3067,60.182999458581484,458.775311315647,313.0086626962642,2521.0,1.4010114408788974,54936.45154304277,Ezi_3,E(z) RNAi,0.4169341945142886,-0.18644940170375868,7.721343603073684,100,2000
3068,59.73889227023737,474.14242239805236,141.42300669507,1979.0,1.3983922172612089,54520.56177723676,Ezi_3,E(z) RNAi,0.8379056176788064,-0.16356240505302988,7.440679974180249,100,2000
3069,59.55274012964054,483.8243959929287,230.67884502062464,2136.0,1.3975319231238754,61140.938715380085,Ezi_3,E(z) RNAi,0.6200942429118947,-0.13776261983398075,7.109902967494975,100,2000
3070,59.53567181926278,497.40428061831153,268.2235434007134,2064.0,1.4497187606800597,57308.0451843044,Ezi_3,E(z) RNAi,0.5291025599134522,-0.10662752624880045,6.999938081180808,100,2000
3071,59.40973630831643,515.8113590263691,370.65872210953347,2371.0,1.4329270050785992,59422.768762677486,Ezi_3,E(z) RNAi,0.27961198345420857,-0.06145380854949012,6.683419791668477,100,2000
3072,59.28146214099217,523.444908616188,283.79007832898174,2246.0,1.3305795499448358,54323.328981723236,Ezi_3,E(z) RNAi,0.4927271640437034,-0.05017833641989744,6.638385094603535,100,2000
3073,59.19603267211202,525.4480746791132,311.5320886814469,1210.0,1.4853315679130585,32478.200700116686,Ezi_3,E(z) RNAi,0.42496174285516375,-0.044306010735536194,6.511397242129732,100,2000
3074,60.13046314416177,526.4911937377691,128.43574690150032,1848.0,1.5721414290763565,53399.38030006523,Ezi_3,E(z) RNAi,0.8731538585324057,-0.05263061478133302,7.6720074090198125,100,2000
3075,58.24320827943079,540.5847347994826,289.3143596377749,1134.0,1.5385908707889677,33144.77360931436,Ezi_3,E(z) RNAi,0.4803434308676653,-0.013302286401586483,5.53540738933291,100,2000
3076,58.787203102278234,548.8948133785749,275.17498788172566,2692.0,1.4520748943725084,54863.170625302955,Ezi_3,E(z) RNAi,0.5154975655074379,0.003614663780909133,6.0691134237511974,100,2000
3077,60.5705361790734,539.518479958355,341.0447683498178,2356.0,1.5005495770562436,57909.01509630401,Ezi_3,E(z) RNAi,0.3536568034977985,-0.012577456991797797,7.801417563409402,100,2000
3078,60.266304347826086,553.4993961352657,259.4897342995169,2120.0,1.2443484196904753,59784.16183574879,Ezi_3,E(z) RNAi,0.5541874189112839,0.012544194812529774,7.552355136534231,100,2000
3079,60.67762512266928,560.4622178606477,335.33856722276744,2675.0,1.4110166825257924,43978.50441609421,Ezi_3,E(z) RNAi,0.36900791355628915,0.03177444212762759,7.845036637135365,100,2000
3080,59.78048780487805,572.7749445676275,225.82760532150775,2182.0,1.446210479176375,61577.751662971175,Ezi_3,E(z) RNAi,0.6378516026941365,0.05172112439537102,7.043770237596114,100,2000
3081,60.657860824742265,569.1423969072165,244.05992268041237,2078.0,1.6235971595789762,62929.909149484534,Ezi_3,E(z) RNAi,0.5929854425665815,0.045029253735490826,7.910514156646499,100,2000
3082,60.845840605002905,584.9592786503781,193.02036067481095,2151.0,1.4806696570320363,62646.706806282724,Ezi_3,E(z) RNAi,0.7189499214132888,0.0758306416449912,8.109185618474122,100,2000
3083,60.407725321888414,586.6540772532189,348.3716738197425,2762.0,1.4476120669112245,54374.850214592276,Ezi_3,E(z) RNAi,0.3388430981616448,0.08840007698460006,7.4704619480728525,100,2000
3084,60.36857562408223,595.2716593245227,252.04698972099854,1825.0,1.4566881885569132,61931.70558002937,Ezi_3,E(z) RNAi,0.5751666532741071,0.10123026932410006,7.523095793230716,100,2000
3085,59.27697095435685,601.9870331950208,268.62344398340247,2780.0,1.4345281492717998,59932.84543568465,Ezi_3,E(z) RNAi,0.535043385030147,0.11650425808571696,6.388056169896053,100,2000
3086,60.59966311061201,611.1594609769792,183.321729365525,2119.0,1.4168497477144653,57997.791690061764,Ezi_3,E(z) RNAi,0.7444212035928481,0.13116356862064382,7.786823105015117,100,2000
3087,60.36173393124066,624.5874439461884,87.95216741405082,1395.0,1.2977905642200405,39647.94020926757,Ezi_3,E(z) RNAi,0.9787259162338038,0.154309608054354,7.623258548335457,100,2000
3088,61.88614800759013,627.6475332068311,153.3178368121442,2751.0,1.300072754143811,60451.96821631878,Ezi_3,E(z) RNAi,0.8189424478311882,0.16461766293862024,9.055338850813982,100,2000
3089,59.31774125579435,639.8217446270544,299.53434471133585,2903.0,1.5926238014225442,38700.785082174465,Ezi_3,E(z) RNAi,0.4618922824014733,0.19900109040154224,6.262458182299007,100,2000
3090,59.44176013805004,673.5806729939603,156.39603106125972,1708.0,1.5521340536163855,53393.499568593616,Ezi_3,E(z) RNAi,0.8144543506038642,0.2627684000637227,6.452206218827328,100,2000
3091,59.92894280762565,671.4823801270942,312.3298671288273,2111.0,1.43187468209971,27480.37723859041,Ezi_3,E(z) RNAi,0.4326682377941711,0.26728619034141654,6.750835027165756,100,2000
3092,60.5422943221321,720.6853997682502,298.75724217844726,2269.0,1.3970505570726903,38588.0191193511,Ezi_3,E(z) RNAi,0.4691404080354018,0.37147488293490927,7.21528435300597,100,2000
3093,59.471822541966425,717.5575539568346,272.6924460431655,2117.0,1.585264781207961,39458.42565947242,Ezi_3,E(z) RNAi,0.5327297569336473,0.3632915356628592,6.188067011487092,100,2000
3094,59.366204162537166,726.1907829534192,334.27601585728445,2267.0,1.3469898607617754,43144.00792864222,Ezi_3,E(z) RNAi,0.38257626638479403,0.3852590865367824,5.976076122100537,100,2000
3095,59.540672782874616,735.2868501529052,246.6097859327217,2089.0,1.4024735290017802,37295.2366972477,Ezi_3,E(z) RNAi,0.597739421206769,0.3996108202696542,6.2298508635855185,100,2000
3096,60.410335917312665,742.0645994832041,277.3720930232558,2341.0,1.430191186985265,35739.3984496124,Ezi_3,E(z) RNAi,0.522895016141169,0.4158500376026848,7.038059148000329,100,2000
3097,59.19053876478318,763.4671484888305,435.8107752956636,1774.0,1.2568525250442797,41303.667542706964,Ezi_3,E(z) RNAi,0.13653792318980829,0.47063513954625913,5.547325602981694,100,2000
3098,58.86773455377574,766.0489702517162,868.2508009153318,2966.0,1.6366065150673115,23874.718077803205,Ezi_3,E(z) RNAi,-0.9216813419788502,0.501073742708467,4.67329947916145,100,2000
3099,59.856512141280355,781.9652317880794,309.7334437086093,2225.0,1.4043903012004333,32894.54304635762,Ezi_3,E(z) RNAi,0.44633232464051864,0.5028334897287385,6.309084432559288,100,2000
3100,59.7380410022779,791.5785876993166,276.8952164009112,580.0,1.4142610745363282,44456.205011389524,Ezi_3,E(z) RNAi,0.527339756648209,0.521447846772813,6.199392432893092,100,2000
3101,58.619217081850536,806.0213523131673,220.7464412811388,1405.0,1.6114310234692772,28132.82918149466,Ezi_3,E(z) RNAi,0.6657217781007789,0.5490136990362045,5.10231230434708,100,2000
3102,60.183559950556244,810.0920889987639,372.07231149567366,1978.0,1.3761557783848033,41844.369592089,Ezi_3,E(z) RNAi,0.2956186529796283,0.5664342764338361,6.463071642089815,100,2000
3103,60.76224328593997,832.0837282780411,344.4399684044234,1657.0,1.2801637544618694,32641.255924170615,Ezi_3,E(z) RNAi,0.3647016753742396,0.6117609447853194,7.002255681064774,100,2000
3104,58.51672862453532,871.542750929368,526.492565055762,880.0,1.3366774359798266,16409.934944237917,Ezi_3,E(z) RNAi,-0.0782526712121071,0.7064206965602191,4.395295182063798,100,2000
3105,60.454507160909856,898.1836562763269,658.6701769165965,3216.0,1.3090046233003207,27640.320134793597,Ezi_3,E(z) RNAi,-0.39999859616924094,0.7708898148685923,6.077397559687576,100,2000
3106,60.905699481865284,897.5113989637306,495.7119170984456,2615.0,1.3621711967682955,37142.95129533679,Ezi_3,E(z) RNAi,-0.0012062653964853842,0.7600633120802376,6.735293191419409,100,2000
3107,59.588976377952754,909.0876640419948,586.1002624671916,2320.0,1.2850485989473877,32986.29868766404,Ezi_3,E(z) RNAi,-0.22166089641465836,0.7899613469654445,5.26614369579903,100,2000
3108,61.09665427509294,89.96778190830236,338.86988847583643,2142.0,1.344342353037858,37014.9498141264,Ezi_3,E(z) RNAi,0.3292375468214268,-0.9717436792691704,9.846265992659312,100,2000
3109,60.54383202099738,108.91601049868767,286.6818897637795,2404.0,1.5448782454718593,41496.95275590551,Ezi_3,E(z) RNAi,0.4582220772820542,-0.9343336608514341,9.295021246606133,100,2000
3110,60.77275431290898,130.22129684711481,290.72456870910173,2202.0,1.5871068882919035,36107.41939321832,Ezi_3,E(z) RNAi,0.44973650994370207,-0.8886474827375768,9.447023189501238,100,2000
3111,59.39644444444444,154.53866666666667,698.0764444444444,1806.0,1.4334369659572057,19504.065777777778,Ezi_3,E(z) RNAi,-0.545638905167138,-0.8132937117252312,7.477674468943533,100,2000
3112,58.005141388174806,153.19794344473007,325.7223650385604,588.0,1.6617000601914922,20563.449871465295,Ezi_3,E(z) RNAi,0.36560782431875394,-0.8376327304461846,6.558038312164484,100,2000
3113,60.837465564738295,150.21074380165288,268.1831955922865,1055.0,1.4923387557381047,20333.79614325069,Ezi_3,E(z) RNAi,0.5062284589018355,-0.8473023786156196,9.472603526434774,100,2000
3114,59.536757301107755,161.24572004028198,409.6686807653575,1323.0,1.8136476715041452,18627.036253776434,Ezi_3,E(z) RNAi,0.1606784286479277,-0.8156128906551217,7.95719024815461,100,2000
3115,60.05878712871287,164.29826732673268,316.3347772277228,1885.0,1.4664359153348645,33353.38118811881,Ezi_3,E(z) RNAi,0.38931232794559034,-0.8144782953915368,8.586014690365367,100,2000
3116,61.7911415196255,159.31688872884408,588.1764494058336,3843.0,1.6417501064572246,24179.49333813468,Ezi_3,E(z) RNAi,-0.27635089324485496,-0.8094192023142358,9.99411758118832,100,2000
3117,60.29900124843945,270.1828963795256,274.6011235955056,1974.0,1.469094572274161,36044.58926342073,Ezi_3,E(z) RNAi,0.4984591520691728,-0.5909948197132051,8.52151288682964,100,2000
3118,60.785353535353536,275.73737373737373,233.70454545454547,955.0,1.4557994690491616,39037.40151515151,Ezi_3,E(z) RNAi,0.598919042622273,-0.5814996546516527,9.040437622408703,100,2000
3119,60.94390243902439,281.44878048780487,256.7792682926829,1974.0,1.6183749236130125,40342.096951219515,Ezi_3,E(z) RNAi,0.5428213730497842,-0.5679837167225128,9.150776726466844,100,2000
3120,61.13638873550524,280.4467145223633,319.3434566537824,2244.0,1.5538968154931254,43290.487023743786,Ezi_3,E(z) RNAi,0.38962954494314106,-0.5665128241113127,9.268151141673933,100,2000
3121,60.3707015130674,285.88583218707015,194.59078404401652,1780.0,1.5119026837309086,35036.24277854196,Ezi_3,E(z) RNAi,0.6953220015705783,-0.5621077202735977,8.64063511574846,100,2000
3122,60.64801255230125,299.734309623431,147.7097280334728,2239.0,1.4032870685985555,46976.74843096234,Ezi_3,E(z) RNAi,0.8109781171356703,-0.5352651940539795,8.9300581928034,100,2000
3123,61.53159173754557,313.1506682867558,124.79526123936816,1941.0,1.2970548708259062,45165.6439854192,Ezi_3,E(z) RNAi,0.8679460228672222,-0.5079582854562614,9.797135439589042,100,2000
3124,59.835588633288225,326.8538565629229,275.07916102841676,1803.0,1.366569041786964,37197.68200270636,Ezi_3,E(z) RNAi,0.5010396397960957,-0.47007217836660053,7.866393908034695,100,2000
3125,60.736363636363635,338.03076923076924,198.8146853146853,1729.0,1.3587845411536068,45401.95664335664,Ezi_3,E(z) RNAi,0.6884327522665248,-0.4506186282687358,8.825149098323585,100,2000
3126,60.691158156911584,348.6519302615193,184.7054794520548,1911.0,1.2927819359267636,53039.79078455791,Ezi_3,E(z) RNAi,0.723667627359778,-0.4287738948150387,8.761827211341412,100,2000
3127,61.297662976629766,347.8610086100861,153.47478474784748,2023.0,1.4747260697722429,54670.44526445265,Ezi_3,E(z) RNAi,0.8000502695611742,-0.4322574499956211,9.410175756305811,100,2000
3128,61.36162127929069,348.78340721975934,231.79797340088663,1912.0,1.4939674552375515,35445.840405319825,Ezi_3,E(z) RNAi,0.6084161879494285,-0.4257733421857465,9.372762754573913,100,2000
3129,60.69316688567674,374.0886990801577,183.1425755584757,1807.0,1.38173607473424,51156.3876478318,Ezi_3,E(z) RNAi,0.7291756175450395,-0.37459870641719817,8.680017076551671,100,2000
3130,61.30089485458613,387.1241610738255,260.1135346756152,2141.0,1.383950957181352,60835.23378076062,Ezi_3,E(z) RNAi,0.5416509098306046,-0.34234732526436906,9.147218169132657,100,2000
3131,60.77133479212254,408.6870897155361,172.35010940919037,1197.0,1.5030761325855786,52434.6761487965,Ezi_3,E(z) RNAi,0.7578787187724396,-0.3014102526603696,8.655049128742846,100,2000
3132,61.773,413.119,140.177,1480.0,1.4528026428465646,41414.706,Ezi_3,E(z) RNAi,0.8369123075794496,-0.29380319468111327,9.68212502303404,100,2000
3133,60.185031185031185,426.8953568953569,283.008316008316,1816.0,1.572600958629421,58712.93485793486,Ezi_3,E(z) RNAi,0.4882505533290724,-0.25618990001663944,7.8685199723869275,100,2000
3134,60.64953664700927,426.592249368155,208.36225779275483,1517.0,1.6033579272958562,58637.56276326875,Ezi_3,E(z) RNAi,0.6709243744313558,-0.26113699801113577,8.427691760667322,100,2000
3135,62.38294573643411,442.02894056847543,128.19121447028425,2268.0,1.2618574572652161,53132.35555555556,Ezi_3,E(z) RNAi,0.8681581987818556,-0.23281507964853787,10.209611516927232,100,2000
3136,61.95973154362416,450.1055928411633,220.91185682326622,2715.0,1.2923104863785815,60166.12706935123,Ezi_3,E(z) RNAi,0.6417612364296295,-0.21024194482806258,9.642840797511084,100,2000
3137,60.14295628036086,454.3095072866065,295.648160999306,1726.0,1.4141393062036758,58980.83136710618,Ezi_3,E(z) RNAi,0.4591284541911822,-0.19697772107879874,7.718140178545134,100,2000
3138,62.05608912792931,455.6941990011525,237.0783711102574,3302.0,1.453182035901908,58262.51133307722,Ezi_3,E(z) RNAi,0.6025633648690414,-0.1973867384524698,9.700069790655242,100,2000
3139,59.80687679083095,463.2825214899714,329.134670487106,2417.0,1.6665725580296462,48046.64985673352,Ezi_3,E(z) RNAi,0.37776526590507586,-0.17590694981405586,7.30979297658309,100,2000
3140,60.64887176664832,486.2674738580077,193.1601541001651,2429.0,1.4199222426745792,62189.42322509631,Ezi_3,E(z) RNAi,0.712079225240994,-0.13470594021693694,8.24485785101443,100,2000
3141,59.95996518711923,483.1026979982594,310.0844212358573,1510.0,1.5110607956253883,37476.86771105309,Ezi_3,E(z) RNAi,0.42570128742543045,-0.13472102845268952,7.419940923518816,100,2000
3142,61.78653846153846,488.0782051282051,178.2673076923077,2042.0,1.4230399103434759,59366.54294871795,Ezi_3,E(z) RNAi,0.7486458135137777,-0.13169343884239648,9.395094724049876,100,2000
3143,60.82144997004194,507.18573996405036,219.81545835829837,2165.0,1.410367765561135,61275.865787896946,Ezi_3,E(z) RNAi,0.6482241263156756,-0.08854204915679698,8.313452548638253,100,2000
3144,61.112637362637365,506.7135989010989,153.37293956043956,1719.0,1.4464284736290545,56318.08379120879,Ezi_3,E(z) RNAi,0.8108092088422629,-0.09337802402322337,8.689585669650825,100,2000
3145,61.21137787056367,524.1210855949896,329.46711899791234,2312.0,1.454207771632738,52641.29331941545,Ezi_3,E(z) RNAi,0.3809724763035762,-0.04608821164276711,8.508703974466904,100,2000
3146,61.30161943319838,529.5587044534414,209.45242914979758,2755.0,1.5500251064419046,59779.893724696354,Ezi_3,E(z) RNAi,0.6750662492345685,-0.04140690937301439,8.73117221370763,100,2000
3147,60.55221674876847,561.4906403940887,169.49556650246305,2578.0,1.5796961099979185,61201.616256157635,Ezi_3,E(z) RNAi,0.7749747608584041,0.0244055538825525,7.924219209068916,100,2000
3148,61.2413620430646,562.3355032548823,274.550826239359,2747.0,1.785814801848427,54115.57135703555,Ezi_3,E(z) RNAi,0.5179073948841655,0.032270076249880875,8.478713917559084,100,2000
3149,60.88384512683578,557.5816644414775,375.55095683133067,2594.0,1.6329998124700393,56696.31330663106,Ezi_3,E(z) RNAi,0.27039749066962626,0.027949251538096576,8.010520870930854,100,2000
3150,60.9390243902439,569.4689024390244,208.65121951219513,2246.0,1.643920067167814,60855.16463414634,Ezi_3,E(z) RNAi,0.6796685543352095,0.04368629696835202,8.234996808224679,100,2000
3151,61.20356234096692,581.3816793893129,211.38613231552162,1919.0,1.3523805483294353,61825.17111959287,Ezi_3,E(z) RNAi,0.6737622486359354,0.06925991306555357,8.455928891654246,100,2000
3152,60.52398081534772,596.8129496402878,121.61690647482014,2169.0,1.4767241545121736,59033.26618705036,Ezi_3,E(z) RNAi,0.8944940042581011,0.09699933344782985,7.836933328071247,100,2000
3153,60.42446524064171,599.9351604278074,219.9077540106952,1964.0,1.4456606802282406,58237.260695187164,Ezi_3,E(z) RNAi,0.6541353509467687,0.10932646983979044,7.603578735827085,100,2000
3154,61.001884126236455,611.287800282619,117.41968911917098,2731.0,1.4121478062307553,60802.716439001415,Ezi_3,E(z) RNAi,0.9057228819136542,0.12764059177943943,8.271286092765159,100,2000
3155,60.701225740551585,616.2747701736466,278.3799795709908,2513.0,1.476887945295078,37904.743105209396,Ezi_3,E(z) RNAi,0.5121055716592988,0.1475577427038861,7.751879607970942,100,2000
3156,60.41775147928994,622.6224852071006,291.08520710059173,1136.0,1.3640861287940307,30340.371597633137,Ezi_3,E(z) RNAi,0.4814304532250109,0.16183006039451553,7.431061651475773,100,2000
3157,60.0324851109908,623.2365998917163,225.65349214943151,2439.0,1.7763538298062174,59860.48781808338,Ezi_3,E(z) RNAi,0.6416153964338462,0.1593648028224921,7.125814141842071,100,2000
3158,60.04304429195259,640.0430442919526,259.19151590767314,2289.0,1.7001064387617446,38967.09669369931,Ezi_3,E(z) RNAi,0.5606433737904111,0.19715243591784337,7.0376223166670115,100,2000
3159,62.05412115193644,637.2924528301887,218.70804369414103,2482.0,1.324324931901233,57769.41161866931,Ezi_3,E(z) RNAi,0.6595384166314395,0.18896496028454068,9.108750408179333,100,2000
3160,61.0267753201397,639.2130384167637,103.88940628637951,1078.0,1.3980005443535917,39492.463329452854,Ezi_3,E(z) RNAi,0.9406854302533338,0.18643469947720925,8.218980159602658,100,2000
3161,61.13099730458221,646.722371967655,173.50835579514825,2165.0,1.2505534891881396,59876.822102425875,Ezi_3,E(z) RNAi,0.7707905082973152,0.2064694167489416,8.210537570548958,100,2000
3162,60.41913282863042,657.9724707501721,240.88713007570544,1889.0,1.4313544640679952,42554.89745354439,Ezi_3,E(z) RNAi,0.6066281843216694,0.23434936831746223,7.376209353029886,100,2000
3163,60.12636612021858,672.2670765027323,108.21379781420765,1884.0,1.367937855494119,48646.89822404372,Ezi_3,E(z) RNAi,0.9322908484384673,0.2571930001124967,7.201684563939814,100,2000
3164,60.1764705882353,677.6857962697273,123.91104734576757,1712.0,1.3621720253145526,47225.60401721664,Ezi_3,E(z) RNAi,0.8942303884793521,0.2696583886522641,7.213822358424238,100,2000
3165,61.40734557595993,679.4457429048414,186.13299944351698,2212.0,1.3751341426729111,49400.14357262103,Ezi_3,E(z) RNAi,0.7420559475489117,0.2770094075571716,8.360693850098606,100,2000
3166,61.79839849269901,688.3221855864343,310.44229863400847,2848.0,1.4515828629347063,35141.31040979746,Ezi_3,E(z) RNAi,0.4383967768211472,0.30311598068017864,8.565858329208965,100,2000
3167,61.50286123032904,679.7804005722461,165.91559370529328,1940.0,1.3886819760563582,51839.213161659514,Ezi_3,E(z) RNAi,0.7915596366474467,0.2765583724019023,8.480444066807415,100,2000
3168,60.66890756302521,684.086274509804,327.4033613445378,2198.0,1.355516638591095,39897.29075630252,Ezi_3,E(z) RNAi,0.3966077927809877,0.2950490511770727,7.429380844020102,100,2000
3169,60.614792899408286,702.8378698224852,185.06627218934912,2009.0,1.5111618024793436,49259.74615384615,Ezi_3,E(z) RNAi,0.7462165481456553,0.326845513005376,7.490600054688166,100,2000
3170,59.852112676056336,708.413145539906,128.56572769953053,652.0,1.570495514470069,33635.826291079815,Ezi_3,E(z) RNAi,0.8848718632414296,0.33547629939402324,6.780006175274615,100,2000
3171,60.27145359019264,717.6252189141857,405.4956217162872,1919.0,1.328707510873232,38502.78166958552,Ezi_3,E(z) RNAi,0.2076980186495594,0.37109868517193867,6.820856544558424,100,2000
3172,60.00335570469799,759.1023489932886,482.83053691275165,2312.0,1.5665619192529232,35023.44407158837,Ezi_3,E(z) RNAi,0.021166631440305617,0.46404044505840947,6.315867935907534,100,2000
3173,60.858379715522574,767.5893630179345,400.3314780457638,1932.0,1.4227468805368682,30961.52752009895,Ezi_3,E(z) RNAi,0.22364097576783015,0.4773957281630574,7.24576508112353,100,2000
3174,61.18478260869565,776.6400255754476,219.0460358056266,1894.0,1.3609551258878696,32105.970588235294,Ezi_3,E(z) RNAi,0.6679324230193537,0.4862539319940218,7.769076162531256,100,2000
3175,60.637515842839036,785.3656527249683,399.39860583016474,2007.0,1.5905211960581431,32304.31495564005,Ezi_3,E(z) RNAi,0.2271008154598284,0.5152632132744681,6.966126566992635,100,2000
3176,61.29148514851485,841.4879207920792,751.4221782178217,3369.0,1.3006453876630157,23042.76,Ezi_3,E(z) RNAi,-0.630761018542503,0.6552923658557395,6.989201345316616,100,2000
3177,60.875366568914956,842.9912023460411,793.5073313782991,1948.0,1.5779477943280245,16036.274926686217,Ezi_3,E(z) RNAi,-0.7336632126667972,0.6609228423636047,6.515218084691135,100,2000
3178,60.90435563538392,843.7126178715761,707.2716659182757,2788.0,1.2778195167087552,25896.25954198473,Ezi_3,E(z) RNAi,-0.5225549688751008,0.6574900180801504,6.649961066433669,100,2000
3179,62.794765840220386,858.4586776859504,331.08310376492193,3423.0,1.9153882545617926,40482.614784205696,Ezi_3,E(z) RNAi,0.3991315066897214,0.6672723462859089,8.962578539462825,100,2000
3180,62.36031927023945,853.1510832383125,473.2508551881414,2190.0,1.5270351194864127,38170.2251995439,Ezi_3,E(z) RNAi,0.05082800364810147,0.6641432005206511,8.367676931990466,100,2000
3181,60.63080495356037,859.515479876161,293.5356037151703,1569.0,1.2336138600860822,29704.45588235294,Ezi_3,E(z) RNAi,0.49110457050577594,0.6673462773086403,6.842173037089879,100,2000
3182,61.227659574468085,853.8709219858156,309.55248226950357,1836.0,1.5426012440854306,33280.4,Ezi_3,E(z) RNAi,0.4515283572376758,0.656232330822726,7.4379647874614605,100,2000
3183,59.721661054994385,866.7867564534231,318.4410774410774,1199.0,1.4218025537722874,27346.466891133558,Ezi_3,E(z) RNAi,0.43063239927724983,0.6842877449975058,5.877269184136914,100,2000
3184,60.29032258064516,874.0028050490884,452.7405329593268,1142.0,1.3851657712467533,24598.08134642356,Ezi_3,E(z) RNAi,0.10241210718608573,0.7074294219773001,6.253107270224,100,2000
3185,61.19766688269605,886.6791963707064,450.8457550226831,2034.0,1.4499945959313616,34520.69410239792,Ezi_3,E(z) RNAi,0.10788559341483928,0.7343698259644755,7.120074608170327,100,2000
3186,59.713701431492844,908.8936605316974,418.4539877300613,860.0,1.5939753120027873,24883.68711656442,Ezi_3,E(z) RNAi,0.1886378553451551,0.7798824547712602,5.601842720236881,100,2000
3187,60.81194690265487,80.86283185840708,324.14269911504425,1105.0,1.2934623148809725,24508.101769911504,Ezi_3,E(z) RNAi,0.36468059745131365,-0.9920188259936635,9.610740778745594,100,2000
3188,59.43055555555556,112.64087301587301,299.81150793650795,751.0,1.6694446574224409,27617.218253968254,Ezi_3,E(z) RNAi,0.42633711238849026,-0.9256383411740654,8.152718998739019,100,2000
3189,62.128033472803345,131.3857740585774,326.2648535564854,3257.0,1.3459930809630418,44057.90251046025,Ezi_3,E(z) RNAi,0.362825332557815,-0.8841042744122386,10.753779602029276,100,2000
3190,61.74232690935047,145.3518915060671,242.14061384725196,1792.0,1.545737399810759,29387.191291934334,Ezi_3,E(z) RNAi,0.5696432962885278,-0.8591629171747056,10.426516071233962,100,2000
3191,61.123449131513645,147.674317617866,316.5862282878412,1922.0,1.5943844169644126,40975.776674937966,Ezi_3,E(z) RNAi,0.38759408937616247,-0.8499206040143354,9.706414750394096,100,2000
3192,62.60636758321274,178.49252291365173,467.83502170767,2610.0,1.4487726388799027,44866.75542691751,Ezi_3,E(z) RNAi,0.019449362155690597,-0.7754436079071865,10.895647273617996,100,2000
3193,61.4119170984456,177.90673575129534,268.5492227979275,718.0,1.8387989122587285,21738.98445595855,Ezi_3,E(z) RNAi,0.507163249414954,-0.7881921229164981,9.95319384670529,100,2000
3194,61.17843866171004,183.59293680297398,548.3909541511772,2043.0,1.4796856396890505,27121.51920693928,Ezi_3,E(z) RNAi,-0.17736867772218723,-0.7599284798440272,9.349466231769682,100,2000
3195,62.145879732739424,228.03229398663697,376.8073496659243,1221.0,1.5642366051954233,21181.453229398663,Ezi_3,E(z) RNAi,0.2455170261671995,-0.6750101117576787,10.382299758488422,100,2000
3196,61.15243472124206,302.2399435426958,130.32392378263938,1755.0,1.37311821161842,36452.164431898374,Ezi_3,E(z) RNAi,0.8536939607983434,-0.5309185659329061,9.447838780207661,100,2000
3197,62.538687561214495,301.666013712047,165.4417238001959,1330.0,1.428981767199138,30911.48971596474,Ezi_3,E(z) RNAi,0.7677017138978013,-0.5301081055050952,10.791961074150265,100,2000
3198,62.414028553693356,316.7603972687772,158.79888268156424,1938.0,1.363742731571345,42845.98820608318,Ezi_3,E(z) RNAi,0.7849589238658079,-0.49829055764486474,10.624734346111971,100,2000
3199,61.0571817562968,350.68345813478555,324.12321307011575,1745.0,1.3301204476002446,25369.203539823007,Ezi_3,E(z) RNAi,0.38257800703919354,-0.41639893485366064,8.946091140879041,100,2000
3200,62.50870406189555,351.531914893617,136.95986460348163,2508.0,1.4340855694152435,55526.21808510638,Ezi_3,E(z) RNAi,0.8407097148289957,-0.4253695523453571,10.629548508629881,100,2000
3201,65.89868951612904,367.02620967741933,236.45816532258064,2661.0,1.4602868670956886,57749.14264112903,Ezi_3,E(z) RNAi,0.5982043955294352,-0.3865535753696292,13.842435570053482,100,2000
3202,60.54631578947368,402.4694736842105,215.54631578947368,1349.0,1.4778639316772118,45922.933684210526,Ezi_3,E(z) RNAi,0.6517459047453871,-0.31218563035584945,8.396807269443862,100,2000
3203,61.958730158730155,403.0895238095238,122.76571428571428,2124.0,1.5531690372726625,43685.72126984127,Ezi_3,E(z) RNAi,0.8788621439169673,-0.3162020078784977,9.923519376327235,100,2000
3204,62.66627771295216,413.610268378063,296.6021003500583,2061.0,1.3683243973591068,58498.510501750294,Ezi_3,E(z) RNAi,0.4540939924795735,-0.2837297133049327,10.377497237289518,100,2000
3205,61.64364035087719,417.6030701754386,119.25657894736842,1214.0,1.536002126982718,36320.50219298246,Ezi_3,E(z) RNAi,0.8884117682971677,-0.28544428823591483,9.563890430103534,100,2000
3206,62.0233918128655,423.174269005848,164.14327485380116,1971.0,1.2739957600002072,57743.15087719298,Ezi_3,E(z) RNAi,0.7789196904206184,-0.2709682487860404,9.868539279811714,100,2000
3207,61.06022501654533,426.8544010589014,268.54731965585705,1770.0,1.3096843529676556,43902.98544010589,Ezi_3,E(z) RNAi,0.5236384405968817,-0.25710468573522416,8.76198828818523,100,2000
3208,62.125127681307454,425.35546475995915,131.96680286006128,2537.0,1.3906108997749067,51164.1455566905,Ezi_3,E(z) RNAi,0.8578151719499307,-0.2681694642375919,10.003285890136524,100,2000
3209,62.28673139158576,438.4336569579288,233.11650485436894,1937.0,1.3624454681629505,60980.14110032363,Ezi_3,E(z) RNAi,0.6111174222393305,-0.23443610143543736,9.993888084932593,100,2000
3210,62.71505114466634,469.0535801266439,222.85679493424257,2816.0,1.3039901778600147,61369.50852411106,Ezi_3,E(z) RNAi,0.6382524110358501,-0.16970181156012953,10.331817805008711,100,2000
3211,60.97770700636943,504.0843949044586,357.05732484076435,1593.0,1.3778586571577756,36223.15525477707,Ezi_3,E(z) RNAi,0.3121209346068907,-0.08724423169740347,8.307990426911552,100,2000
3212,60.83755588673621,511.1177347242921,240.7332339791356,836.0,1.2872901120285833,55344.72429210134,Ezi_3,E(z) RNAi,0.5972882410024625,-0.07894760007622348,8.290056238133495,100,2000
3213,60.300586510263926,517.0874877810362,390.72238514174,2428.0,1.5971687337513263,56925.161779081136,Ezi_3,E(z) RNAi,0.23058833307147686,-0.05756811449352539,7.544789921471299,100,2000
3214,63.14010823812387,519.9771497294047,249.07937462417317,2159.0,1.439546351096281,53395.90318701143,Ezi_3,E(z) RNAi,0.5774407295523158,-0.059549510260007654,10.552246720568462,100,2000
3215,61.67590361445783,543.2210843373495,193.85301204819277,2018.0,1.2615504790033238,59973.068072289156,Ezi_3,E(z) RNAi,0.7141483979969461,-0.013157093327762603,9.078951012045579,100,2000
3216,62.75,553.7004761904761,223.1695238095238,2829.0,1.4264555637328014,62820.077142857146,Ezi_3,E(z) RNAi,0.643086863015842,0.010897113216771004,10.080922116960267,100,2000
3217,62.885202738283304,573.2622432859399,266.98630858346496,2488.0,1.6104433541683894,59017.04739336493,Ezi_3,E(z) RNAi,0.537139642657446,0.05515633211242443,10.09518614261544,100,2000
3218,62.006602641056425,571.1638655462185,304.3673469387755,2063.0,1.3885423474941392,58265.01620648259,Ezi_3,E(z) RNAi,0.44551374786715137,0.05282865930877767,9.176771661678004,100,2000
3219,61.2022022022022,580.4914914914915,252.11911911911912,1429.0,1.4998615527750838,61908.25325325326,Ezi_3,E(z) RNAi,0.574009938194076,0.0697093570734244,8.40646916613916,100,2000
3220,62.040523690773064,594.9507481296758,279.7724438902743,2241.0,1.5534052878768512,59500.17394014962,Ezi_3,E(z) RNAi,0.507282996078827,0.10215636273033679,9.16133228165316,100,2000
3221,60.763705103969755,615.5047258979206,100.66446124763705,1402.0,1.7289623708447746,60564.84971644612,Ezi_3,E(z) RNAi,0.9470107263366416,0.13566894830350096,8.039908273092408,100,2000
3222,61.63154651879236,618.124460874923,359.5841035120148,2030.0,1.5422308503773563,27339.53419593346,Ezi_3,E(z) RNAi,0.3134793203308941,0.15619248073275327,8.574082120880739,100,2000
3223,64.29061102831595,616.3482364629906,208.74565325384998,2559.0,1.2418103235043603,60677.43864878291,Ezi_3,E(z) RNAi,0.6825292631938256,0.14372567168860706,11.428353621184144,100,2000
3224,64.23201046663759,650.6916703009158,130.31487134757958,2820.0,1.2120379142442195,61388.619276057565,Ezi_3,E(z) RNAi,0.8767597302266579,0.2124694231157398,11.352333486847172,100,2000
3225,61.21953255425709,664.2762938230384,251.23539232053423,1720.0,1.3655811222228573,42776.96243739566,Ezi_3,E(z) RNAi,0.5817157158821389,0.24840003083998985,8.142363312442981,100,2000
3226,62.33090441491642,665.5833690527218,171.97299614230604,2837.0,1.5841431963829213,56243.50964423489,Ezi_3,E(z) RNAi,0.7757926427024007,0.24662653862091788,9.34875876947227,100,2000
3227,63.049899193548384,666.8941532258065,88.93346774193549,2277.0,1.2022084555969426,55941.84879032258,Ezi_3,E(z) RNAi,0.9791154110889959,0.24464033080329117,10.167505776064552,100,2000
3228,61.726141078838175,670.6117368109069,268.1108476585655,2288.0,1.555550255637894,33139.3669235329,Ezi_3,E(z) RNAi,0.5408309609261712,0.2628923506514669,8.606432655035505,100,2000
3229,61.829520295202954,673.6413284132841,230.52619926199262,1852.0,1.571089042488343,45906.53800738008,Ezi_3,E(z) RNAi,0.6330190017996933,0.2671892469004453,8.746746409716366,100,2000
3230,61.87642896026129,687.5166031573217,264.59989112683724,2199.0,1.382153370572168,38362.34621665759,Ezi_3,E(z) RNAi,0.5505419191359859,0.29875484642550987,8.704116499603579,100,2000
3231,62.37939110070258,686.1100702576113,342.1967213114754,2123.0,1.4016998826437759,36286.98419203747,Ezi_3,E(z) RNAi,0.36053026561903967,0.30023186130173474,9.11446952681451,100,2000
3232,62.59075907590759,689.7821782178218,121.71221122112212,1822.0,1.3066432885556196,47584.78745874587,Ezi_3,E(z) RNAi,0.9004053905803295,0.29535485457759547,9.590061530295444,100,2000
3233,61.336495535714285,742.3783482142857,314.01395089285717,2197.0,1.4115310971460233,33067.18470982143,Ezi_3,E(z) RNAi,0.4332326945750973,0.41863874730714845,7.91718570296635,100,2000
3234,61.14905660377359,788.218396226415,664.3504716981132,2471.0,1.5346292664656604,34949.641981132074,Ezi_3,E(z) RNAi,-0.421177944897581,0.536629040928253,7.135648577181982,100,2000
3235,61.32183908045977,803.4750957854407,401.06513409961684,503.0,1.6307662703465142,23393.88888888889,Ezi_3,E(z) RNAi,0.22421812122577545,0.5539978782217447,7.58728474505817,100,2000
3236,61.91534090909091,816.2647727272728,462.30625,2169.0,1.6136404119177057,40279.60397727273,Ezi_3,E(z) RNAi,0.07517576769246159,0.5848178827240875,8.060822509010059,100,2000
3237,62.595419847328245,855.2099236641221,335.9503816793893,656.0,1.2098041796194348,48707.1641221374,Ezi_3,E(z) RNAi,0.38700455232212727,0.6606208305924868,8.7680832638435,100,2000
3238,61.5360824742268,849.553264604811,437.6615120274914,928.0,1.549111933291604,18896.0412371134,Ezi_3,E(z) RNAi,0.1376967568786187,0.6544098770452522,7.6002268703426665,100,2000
3239,63.259464450600184,854.7396121883656,730.0369344413666,2823.0,1.435489531898829,35613.059556786706,Ezi_3,E(z) RNAi,-0.5775498465838217,0.6823440328808514,8.939308505700716,100,2000
3240,60.405913978494624,888.3440860215054,399.9623655913978,565.0,1.4862473307217994,27603.040322580644,Ezi_3,E(z) RNAi,0.23253438402490856,0.7349820830231626,6.386548105304755,100,2000
3241,64.20990712074304,115.49411764705883,349.51145510835914,2510.0,1.5154528472823885,44490.0866873065,Ezi_3,E(z) RNAi,0.30487233043494655,-0.9166511371421143,12.860066679725215,100,2000
3242,61.2524719841793,156.92089650626235,394.6156888595913,1895.0,1.4972930559854314,38658.24258404746,Ezi_3,E(z) RNAi,0.19722941740988298,-0.825694649014094,9.706363010630596,100,2000
3243,65.35115864527629,171.4590017825312,691.0490196078431,3259.0,1.292873104318943,30608.386363636364,Ezi_3,E(z) RNAi,-0.5273369435971835,-0.7775587852944725,13.38410647915368,100,2000
3244,60.8,203.9469387755102,396.7877551020408,719.0,1.77769590090565,17666.075510204082,Ezi_3,E(z) RNAi,0.19502568686947463,-0.7252501488137938,9.092584593018678,100,2000
3245,61.76610169491526,250.78813559322035,345.44406779661017,825.0,1.8198821374275356,20272.89322033898,Ezi_3,E(z) RNAi,0.3237847558466249,-0.6282752179080233,9.96513218100062,100,2000
3246,62.63515850144092,253.1020172910663,203.21325648414987,2031.0,1.3354841760530685,39053.023054755045,Ezi_3,E(z) RNAi,0.6720433057153128,-0.6315331580794675,11.004815923958368,100,2000
3247,62.43962485345838,245.24736225087926,223.21922626025793,1162.0,1.8001955131202279,23252.056271981244,Ezi_3,E(z) RNAi,0.6225598905252219,-0.6471377543221273,10.810673061273619,100,2000
3248,60.29213483146067,256.1011235955056,298.63483146067415,536.0,1.504018195154741,22783.550561797754,Ezi_3,E(z) RNAi,0.43870540137634384,-0.6196503807199846,8.531982544457506,100,2000
3249,63.33287004864489,381.9200833912439,232.0813064628214,1859.0,1.3702209543701338,46718.4169562196,Ezi_3,E(z) RNAi,0.6099093311640293,-0.3550508731735643,11.23189756981835,100,2000
3250,63.34421768707483,376.8537414965986,199.47891156462586,1934.0,1.5913647219383587,47498.936734693874,Ezi_3,E(z) RNAi,0.6893680380200664,-0.3677387673203689,11.301231512822092,100,2000
3251,62.646341463414636,387.0357723577236,126.39024390243902,1464.0,1.3588405430422155,40378.534146341466,Ezi_3,E(z) RNAi,0.8689271381755288,-0.35023614899396704,10.660716623872851,100,2000
3252,64.63185041908446,395.21985815602835,167.4294003868472,1939.0,1.4279822718480106,57414.990973565444,Ezi_3,E(z) RNAi,0.7690201473543332,-0.33039610019980636,12.567128147657506,100,2000
3253,62.01578073089701,404.906146179402,200.52574750830564,1513.0,1.5992281205839043,53335.58139534884,Ezi_3,E(z) RNAi,0.6886655559171275,-0.30784273628050485,9.876889633371455,100,2000
3254,61.91469916222391,403.93602437166794,306.7006854531607,1603.0,1.669873526419899,49284.35795887281,Ezi_3,E(z) RNAi,0.42873996987865337,-0.30379137930876854,9.64587851632374,100,2000
3255,62.10113107119095,431.748502994012,180.8157019294744,1896.0,1.484059697210614,56071.123087159016,Ezi_3,E(z) RNAi,0.7386811763074479,-0.2517146481113499,9.896447038939002,100,2000
3256,65.70970827355332,431.45863223338114,283.10234337637496,2734.0,1.5141981255352965,58686.17551410808,Ezi_3,E(z) RNAi,0.48830658240110125,-0.2464093137715967,13.377654751864512,100,2000
3257,62.39680729760547,497.7480045610034,234.9908779931585,2310.0,1.5441610629362639,59921.29817559863,Ezi_3,E(z) RNAi,0.6104536421886615,-0.10778953967348393,9.901587933154609,100,2000
3258,62.7914156626506,495.4051204819277,203.2281626506024,1609.0,1.5324723386709063,55982.118222891564,Ezi_3,E(z) RNAi,0.688036328347567,-0.11461617323223006,10.343942473858682,100,2000
3259,63.57880285557386,505.0323997803405,166.4332784184514,2109.0,1.3489523247670325,57691.38495332235,Ezi_3,E(z) RNAi,0.778725965290773,-0.09619365797028268,11.145019810933675,100,2000
3260,63.34935469514909,540.491766800178,176.8500222518914,2793.0,1.493972025242124,61190.680462839344,Ezi_3,E(z) RNAi,0.7555776532570047,-0.019947831807630934,10.782926341406181,100,2000
3261,63.44189602446483,550.4044342507646,162.63302752293578,1563.0,1.3038058318421197,56548.52599388379,Ezi_3,E(z) RNAi,0.7910290763609973,0.0003802298973270002,10.859874827944836,100,2000
3262,61.93142144638404,556.5361596009975,319.1302992518703,1930.0,1.592096643667386,42071.3042394015,Ezi_3,E(z) RNAi,0.4084141207567775,0.022473419908711323,9.132398638059087,100,2000
3263,62.94281217208814,571.0057712486883,367.6227701993704,2334.0,1.6208960564445043,60551.66579223505,Ezi_3,E(z) RNAi,0.2906838485040779,0.05614528935460106,10.03415121059269,100,2000
3264,62.82774193548387,584.1090322580645,315.23483870967743,1902.0,1.2877684722209992,58523.70451612903,Ezi_3,E(z) RNAi,0.41976978201553083,0.08107765601835881,9.940617268673684,100,2000
3265,62.92003105590062,586.9712732919255,175.06055900621118,1689.0,1.4347044923367676,63258.65838509317,Ezi_3,E(z) RNAi,0.7630334885500123,0.07910248123933461,10.19910911852039,100,2000
3266,64.4729862475442,587.1380157170923,158.1498035363458,2374.0,1.2734093074987427,61184.18614931238,Ezi_3,E(z) RNAi,0.804428938160967,0.07849446669895643,11.77270733716508,100,2000
3267,64.08526764566557,606.621980104216,245.40644244433918,2697.0,1.3741589326295056,60930.02415916627,Ezi_3,E(z) RNAi,0.592159616707365,0.12508850266245797,11.209818332772429,100,2000
3268,63.506724045185585,604.9472834857451,199.0613232920925,2251.0,1.5013282373854087,59058.081764389455,Ezi_3,E(z) RNAi,0.705479510724248,0.1188394963130428,10.695068247405509,100,2000
3269,61.09378960709759,629.5145754119138,389.68567807351076,1034.0,1.6057503614969009,17361.049429657796,Ezi_3,E(z) RNAi,0.24056119492275774,0.182223120178298,7.960154261478429,100,2000
3270,64.02094717668488,633.8925318761384,235.70173041894353,2685.0,1.3349565839682573,55711.1985428051,Ezi_3,E(z) RNAi,0.617716075539942,0.1827058628623368,11.06570972393235,100,2000
3271,64.4966838614591,649.5025792188651,151.8117170228445,3508.0,1.3752366549937003,62393.453574060426,Ezi_3,E(z) RNAi,0.8240670775374503,0.21117404654505623,11.594046245200431,100,2000
3272,63.37375083277815,694.765489673551,156.26049300466354,1971.0,1.389697112417029,53294.17854763491,Ezi_3,E(z) RNAi,0.8161763976290692,0.3079835819881922,10.312900630264203,100,2000
3273,62.29130211013896,690.6968605249614,220.64642305712815,2401.0,1.4554432517536469,43733.171384457026,Ezi_3,E(z) RNAi,0.6583266387625217,0.3030082227041888,9.16340408560012,100,2000
3274,62.04653937947494,714.1312649164678,176.78997613365155,1107.0,1.4068446325618411,43869.0107398568,Ezi_3,E(z) RNAi,0.767215724293083,0.35047138895442176,8.894635939730087,100,2000
3275,64.75409836065573,733.8139974779319,258.54728877679696,2043.0,1.3145017939433363,39260.61727616646,Ezi_3,E(z) RNAi,0.5684102641968027,0.3971948844095343,11.43323335989787,100,2000
3276,62.418970448045755,750.3379408960915,721.7812202097235,2536.0,1.542952535315479,43349.60057197331,Ezi_3,E(z) RNAi,-0.5642485667320366,0.45913762926029844,8.461247517051937,100,2000
3277,63.334871794871795,769.7969230769231,264.67384615384617,2387.0,1.358139563928491,42810.25794871795,Ezi_3,E(z) RNAi,0.5558001488972455,0.4743016358179606,9.884985858079126,100,2000
3278,62.6785464709993,779.0097833682739,250.11111111111111,1836.0,1.4357541367924889,29811.458420684834,Ezi_3,E(z) RNAi,0.5920536021114675,0.49311139473968857,9.215866224215482,100,2000
3279,63.0152027027027,799.3969594594595,377.9442567567568,1489.0,1.4750685898978293,31202.07179054054,Ezi_3,E(z) RNAi,0.28053153177386814,0.5439770579581429,9.323396257577116,100,2000
3280,63.799706529713866,797.3176815847395,415.7593543653705,1954.0,1.6105401204516332,32079.61188554659,Ezi_3,E(z) RNAi,0.18783981099545333,0.5417272431398341,10.067465976836857,100,2000
3281,63.2213691618682,814.7683941138836,612.2271273192579,1946.0,1.4300512797144922,19720.131797824695,Ezi_3,E(z) RNAi,-0.2918562226344872,0.5902790241031577,9.183805338449332,100,2000
3282,61.042338709677416,829.8326612903226,277.82862903225805,867.0,1.5028415586982151,25459.15120967742,Ezi_3,E(z) RNAi,0.5275822878116094,0.6031201012122027,7.373507713004372,100,2000
3283,61.736377025036816,913.6215022091311,403.95139911634755,874.0,1.272437329221045,28120.911634756994,Ezi_3,E(z) RNAi,0.22443975918692138,0.789147077460191,7.626755888643842,100,2000
3284,63.00990099009901,95.08292079207921,309.97710396039605,2214.0,1.6230679441646678,30884.686881188118,Ezi_3,E(z) RNAi,0.40028519020009656,-0.9624833055148261,11.778498133816214,100,2000
3285,65.02754491017964,103.17904191616766,299.5568862275449,2155.0,1.2558309432023465,34958.77065868263,Ezi_3,E(z) RNAi,0.42631839595903154,-0.945797657054693,13.781899385494597,100,2000
3286,62.05295315682281,114.71486761710794,312.19348268839104,692.0,1.4584767891967514,22501.87983706721,Ezi_3,E(z) RNAi,0.39616214161847574,-0.9204808457168777,10.752571760344082,100,2000
3287,64.81367924528301,139.3125,461.37735849056605,1356.0,1.557153448002055,18680.53891509434,Ezi_3,E(z) RNAi,0.0326561013232034,-0.8593842198343791,13.243171626680919,100,2000
3288,61.886178861788615,140.3069105691057,256.010162601626,762.0,1.685077480890244,19739.184959349594,Ezi_3,E(z) RNAi,0.5353635989023715,-0.8691248615713759,10.569980083009362,100,2000
3289,63.24862745098039,143.68627450980392,545.3090196078431,1726.0,1.6263020268676984,26496.87843137255,Ezi_3,E(z) RNAi,-0.17247166939813252,-0.845225624087047,11.558084003412802,100,2000
3290,61.78032036613272,244.7437070938215,333.8924485125858,625.0,1.6926239066546185,21126.20137299771,Ezi_3,E(z) RNAi,0.35165726512479867,-0.6418359655703696,10.014226268391155,100,2000
3291,62.423376623376626,256.7220779220779,172.47012987012988,587.0,1.6459652687656554,22693.046753246752,Ezi_3,E(z) RNAi,0.7475267773552674,-0.6255844213169055,10.819396377122821,100,2000
3292,63.48287671232877,259.34589041095893,215.86986301369862,512.0,1.867820548996557,22749.455479452055,Ezi_3,E(z) RNAi,0.6414770957063876,-0.6174769539638421,11.815594297501903,100,2000
3293,64.09876543209876,257.5968867418143,259.02952227589907,2178.0,1.3783854124511479,39260.45571658615,Ezi_3,E(z) RNAi,0.5357269640481341,-0.6187152572092093,12.383231210946754,100,2000
3294,63.88844621513944,294.7250996015936,286.88579017264277,1788.0,1.277089555040876,39970.60026560425,Ezi_3,E(z) RNAi,0.4700060084864872,-0.537903571277788,12.012760020525896,100,2000
3295,63.360644728005376,304.216924110141,225.7770315648086,1745.0,1.3475772145750158,36982.50100738751,Ezi_3,E(z) RNAi,0.6201983007438236,-0.5211814407080153,11.529616939050747,100,2000
3296,63.91338582677165,311.8166479190101,269.7570303712036,2168.0,1.4915874561578888,42794.25084364454,Ezi_3,E(z) RNAi,0.5130590592429576,-0.5024288871230798,12.001551073118726,100,2000
3297,62.789264413518886,350.85089463220675,122.52882703777335,821.0,1.6979712963643605,37223.07753479125,Ezi_3,E(z) RNAi,0.8759836270592589,-0.4276524069614299,10.930508077365857,100,2000
3298,62.824742268041234,366.9209621993127,145.19931271477662,820.0,1.405032984256378,32917.52577319588,Ezi_3,E(z) RNAi,0.8215609665995551,-0.39206212107894534,10.883351888401677,100,2000
3299,63.825340014316396,373.8768790264853,156.9226914817466,1848.0,1.4491117999768839,49864.683607730854,Ezi_3,E(z) RNAi,0.7933254897293682,-0.3765395812610526,11.845778386227074,100,2000
3300,64.24465008675536,398.6847888953152,235.1654135338346,2173.0,1.3418060833397996,60512.574320416425,Ezi_3,E(z) RNAi,0.6034675214637828,-0.3191016054519581,12.083267468150169,100,2000
3301,61.300567107750474,443.3837429111531,367.02457466918713,843.0,1.9817997822338536,27130.35538752363,Ezi_3,E(z) RNAi,0.28370956009123893,-0.2161623582676514,8.823042871103887,100,2000
3302,64.80788177339902,492.5917487684729,257.2506157635468,1991.0,1.4021736814111492,59548.73399014778,Ezi_3,E(z) RNAi,0.5556252558039787,-0.11748864605683196,12.30210913374777,100,2000
3303,62.78,516.656,112.486,876.0,1.9210426202402586,34129.748,Ezi_3,E(z) RNAi,0.9115324364070709,-0.07451278650986548,10.374703765874862,100,2000
3304,62.737906772207566,560.065963060686,348.9613016710642,1469.0,1.4166394852804478,48085.27792436236,Ezi_3,E(z) RNAi,0.33563437783691463,0.03172950822528975,9.889550833162502,100,2000
3305,64.74056877539176,560.3900174114916,149.00580383052815,2111.0,1.3899014468206277,56127.603598374924,Ezi_3,E(z) RNAi,0.825038432501443,0.020906614297535375,12.141961140499127,100,2000
3306,63.17116060961313,574.594958968347,172.20691676436107,2108.0,1.3993801268627934,61133.8898007034,Ezi_3,E(z) RNAi,0.7691982485335003,0.05253688374871546,10.49555332558942,100,2000
3307,64.72083981337481,587.6570762052877,114.98522550544324,1510.0,1.4591858947806675,52662.71928460342,Ezi_3,E(z) RNAi,0.9101072801437966,0.07711487536114303,12.07296098661562,100,2000
3308,63.72681196147998,604.2412569690827,152.44703497212367,2404.0,1.6004025486588516,60852.8170299037,Ezi_3,E(z) RNAi,0.8195200024502001,0.11464727691200882,10.976015580480542,100,2000
3309,65.31302116741502,607.7190506735086,81.04425914047467,1882.0,1.3648178055484184,58014.233483001924,Ezi_3,E(z) RNAi,0.994502872348914,0.11796127587019622,12.640064782991885,100,2000
3310,63.16479190101237,616.6737907761529,338.24015748031496,2178.0,1.436732045547374,33472.61642294713,Ezi_3,E(z) RNAi,0.36561799620465196,0.15187822862220735,10.138986662408335,100,2000
3311,63.36883749239197,619.1533779671333,171.35362142422397,2097.0,1.5626370462850072,52546.44004869142,Ezi_3,E(z) RNAi,0.774233947858016,0.14754739576109954,10.544036518229994,100,2000
3312,63.454861111111114,637.3673611111111,341.43888888888887,1756.0,1.5696583624625982,28358.789583333335,Ezi_3,E(z) RNAi,0.35915733564003793,0.19621119341307747,10.355256771704795,100,2000
3313,63.75107091861019,650.1118514992861,229.7463112803427,2578.0,1.4580646362438714,52711.43169919086,Ezi_3,E(z) RNAi,0.6333656651502533,0.2169618614562876,10.74861069502856,100,2000
3314,63.32077502691066,649.5069967707212,276.40635091496233,2322.0,1.6668382935947499,33435.63939720129,Ezi_3,E(z) RNAi,0.5191270728125839,0.21835863536235767,10.261819992273779,100,2000
3315,64.76744186046511,666.3221177634834,122.83374567046017,2351.0,1.260525415523638,55790.85155863434,Ezi_3,E(z) RNAi,0.8961022146881952,0.24538704165783476,11.844436805876384,100,2000
3316,64.52776044915782,687.6144728633811,199.58265751715533,2003.0,1.301282072436879,50075.535246412976,Ezi_3,E(z) RNAi,0.7096696255244392,0.29523422587570747,11.43666811993156,100,2000
3317,64.8172521120498,697.0920409070698,135.23877278790573,2762.0,1.3764143474831738,58497.97421076034,Ezi_3,E(z) RNAi,0.8677765739426249,0.31174535493284483,11.774919600494798,100,2000
3318,64.32127351664255,724.642547033285,241.01881331403763,1760.0,1.5296160295553236,30937.538350217077,Ezi_3,E(z) RNAi,0.6107054461751023,0.3766152806229064,11.053330242325593,100,2000
3319,63.81626319056487,744.0484171322161,875.7212911235258,2271.0,1.6125851331047405,37099.27684667908,Ezi_3,E(z) RNAi,-0.9414348359280462,0.4546057570558546,9.68661573624047,100,2000
3320,65.67523479980227,771.2842313395946,875.976272862086,2875.0,1.5127500811913737,33034.496786950076,Ezi_3,E(z) RNAi,-0.940262364523842,0.5127372285547416,11.453408971776284,100,2000
3321,62.25365344467641,782.7985386221294,845.5939457202505,1284.0,1.5539620923799893,45761.65553235908,Ezi_3,E(z) RNAi,-0.8651305484410429,0.5355245585712365,8.031136572273915,100,2000
3322,64.1251282051282,784.6830769230769,288.3635897435897,2321.0,1.366121969528198,44455.994358974356,Ezi_3,E(z) RNAi,0.49880239589995967,0.5074304824280316,10.595317103495823,100,2000
3323,63.30143112701252,788.7692307692307,229.99552772808588,1503.0,1.504889482024771,25190.12969588551,Ezi_3,E(z) RNAi,0.6419300928373302,0.5127763468318074,9.83107137483045,100,2000
3324,63.26752767527675,817.9249692496925,286.9956949569496,2030.0,1.3993939055550653,37452.11931119311,Ezi_3,E(z) RNAi,0.5043519121097089,0.5782616529957727,9.627337660859915,100,2000
3325,65.58896551724138,820.9163218390804,835.2514942528736,2958.0,1.5636822953133995,33479.018850574714,Ezi_3,E(z) RNAi,-0.8373052953085122,0.6162706891947056,11.25085880769955,100,2000
3326,62.02920723226704,837.9568845618916,386.1710709318498,969.0,1.4874063079886812,26030.589707927676,Ezi_3,E(z) RNAi,0.26295031891959075,0.6267056683033498,8.19705183882646,100,2000
3327,63.87264957264957,852.7008547008547,391.9786324786325,1502.0,1.4109783299382828,28791.682905982907,Ezi_3,E(z) RNAi,0.24970655419750742,0.6585078149709187,9.983475760689117,100,2000
3328,63.32371134020619,854.4536082474227,747.181443298969,1141.0,1.8603938819521302,15325.905154639175,Ezi_3,E(z) RNAi,-0.6195298991614153,0.6827228509735204,8.98301082660803,100,2000
3329,63.27429805615551,862.7473002159827,364.85313174946003,746.0,1.4237591315551281,28092.300215982723,Ezi_3,E(z) RNAi,0.31676218497580155,0.6783719891518174,9.385279097648215,100,2000
3330,63.46294184720639,877.9384264538198,392.7491448118586,1160.0,1.3740458071516337,29923.91904218928,Ezi_3,E(z) RNAi,0.24949153452765693,0.7123895934285716,9.487696196453996,100,2000
3331,64.34929197572488,914.26028320971,544.4935940660822,1861.0,1.4351834853119854,29178.17194875253,Ezi_3,E(z) RNAi,-0.1195005019393316,0.7986319941836213,10.061182647964635,100,2000
3332,62.94471544715447,924.8252032520326,416.6951219512195,1523.0,1.3517448700087316,31166.204878048782,Ezi_3,E(z) RNAi,0.19398743175614586,0.8137919259823923,8.78131698047956,100,2000
3333,63.732283464566926,943.4548758328286,522.6589945487583,2024.0,1.4531777855684649,38469.837674136885,Ezi_3,E(z) RNAi,-0.06412744929726477,0.8596506035336398,9.373118737971488,100,2000
3334,63.88612099644128,108.37900355871886,337.88790035587186,807.0,1.5004826749428615,34993.359430604985,Ezi_3,E(z) RNAi,0.33285103029634233,-0.932502625282107,12.574859044426617,100,2000
3335,63.84009840098401,115.70971709717097,331.8929889298893,1297.0,1.4457030306010843,31909.453874538747,Ezi_3,E(z) RNAi,0.34800859934684825,-0.9172096991571569,12.51163653227718,100,2000
3336,65.2572463768116,125.08876811594203,360.71557971014494,3768.0,1.8575188417350725,25692.51947463768,Ezi_3,E(z) RNAi,0.2780821575224577,-0.8955288791472091,13.860987298914196,100,2000
3337,64.01294964028777,130.97194244604316,345.91870503597124,1779.0,1.758995786720647,31589.008633093526,Ezi_3,E(z) RNAi,0.31469005773555025,-0.8838402459260258,12.615422390144701,100,2000
3338,63.72610921501707,169.97184300341297,599.0008532423208,1495.0,1.5473684060654025,26288.965017064846,Ezi_3,E(z) RNAi,-0.30214408617683386,-0.7860503988241737,11.879561644365559,100,2000
3339,67.40169332079022,171.0376293508937,268.92803386641583,3156.0,1.511169069946108,26624.661806208842,Ezi_3,E(z) RNAi,0.5057646224451129,-0.8027808987190851,15.965620524440766,100,2000
3340,63.938835666912304,172.36993367722917,348.89019896831246,1639.0,1.3809951244718177,35505.290346352245,Ezi_3,E(z) RNAi,0.3101563288879656,-0.7953534524752045,12.397975906662246,100,2000
3341,63.213213213213216,177.97747747747746,579.6261261261261,1739.0,1.5689755023350898,22954.012012012012,Ezi_3,E(z) RNAi,-0.25419362319836925,-0.7700924645796503,11.363978374773602,100,2000
3342,64.91090269636577,180.12778429073856,386.0199296600234,2084.0,1.4181837211825126,34047.230949589684,Ezi_3,E(z) RNAi,0.2197922911047372,-0.7766554770603289,13.29729401148689,100,2000
3343,63.781439139206455,194.59314055144586,217.70544720914594,1773.0,1.5958261241268783,30672.44586415602,Ezi_3,E(z) RNAi,0.6326998566506012,-0.7555086056443632,12.33021555961195,100,2000
3344,64.29556898288016,216.9939577039275,315.63645518630415,2467.0,1.4817995021161285,30517.2361530715,Ezi_3,E(z) RNAi,0.39449556549347253,-0.7020699282087937,12.645941230888873,100,2000
3345,64.57377049180327,263.12349726775955,297.2601092896175,2130.0,1.4894862767045234,44661.483606557376,Ezi_3,E(z) RNAi,0.44252239970045215,-0.6047174165787327,12.791633823420796,100,2000
3346,64.72589129164231,322.3056691992987,257.4091174751607,2029.0,1.5445787347581035,41631.927527761545,Ezi_3,E(z) RNAi,0.543972009956917,-0.48075826985540193,12.79417055986692,100,2000
3347,63.32970027247956,360.3923705722071,290.1076294277929,1003.0,1.8563787960199423,21858.882833787466,Ezi_3,E(z) RNAi,0.46646651597132305,-0.39763123133546596,11.22852812897274,100,2000
3348,64.21947194719472,357.2417491749175,217.04207920792078,1603.0,1.546403929548376,40309.18564356436,Ezi_3,E(z) RNAi,0.6450824728344517,-0.408558828572372,12.220583130440588,100,2000
3349,65.35971223021583,375.021582733813,130.70195272353547,2285.0,1.3732304830618909,54083.08376156218,Ezi_3,E(z) RNAi,0.8575717463380808,-0.37559818903087694,13.409175636967419,100,2000
3350,65.66745843230404,414.208432304038,203.50653206650833,2189.0,1.2776007005686287,61752.03147268409,Ezi_3,E(z) RNAi,0.6819751367028237,-0.28779939658080234,13.49343435761422,100,2000
3351,63.16951672862454,455.51152416356877,381.06022304832715,1650.0,1.7914976313291742,32230.872862453532,Ezi_3,E(z) RNAi,0.2501545157123122,-0.18946684365373223,10.633473855269472,100,2000
3352,64.66615620214395,453.84609494640125,270.6385911179173,1607.0,1.4110594550440785,57579.69984686064,Ezi_3,E(z) RNAi,0.5202954937829223,-0.1993754372373291,12.274249314629508,100,2000
3353,66.00142857142858,459.5966666666667,207.41714285714286,2616.0,1.4484190823138414,61391.02904761905,Ezi_3,E(z) RNAi,0.6754057512642717,-0.1907429446941835,13.669435008966374,100,2000
3354,64.71404958677687,473.26694214876034,234.8280991735537,1589.0,1.3723314766984767,60206.51818181818,Ezi_3,E(z) RNAi,0.6092258590283277,-0.16000852509771424,12.301576129841763,100,2000
3355,63.502248875562216,479.1896551724138,380.3463268365817,1677.0,1.5331678240383937,29692.421289355323,Ezi_3,E(z) RNAi,0.2534672841150838,-0.13899207411095904,10.887250472984832,100,2000
3356,65.078231292517,481.2687074829932,127.19290573372206,2428.0,1.4366509461888335,56579.93343051506,Ezi_3,E(z) RNAi,0.8731898407127145,-0.14914127472768235,12.773805060166623,100,2000
3357,65.06286043829296,506.6349480968858,183.96597462514418,2033.0,1.3428642451778376,60378.58419838524,Ezi_3,E(z) RNAi,0.7359167269529996,-0.09175321637681888,12.601667930644233,100,2000
3358,64.31960049937578,520.0994590095713,233.1918435289222,3203.0,1.6624704417689016,61541.05493133583,Ezi_3,E(z) RNAi,0.6163299754987857,-0.060196033926162684,11.751250581119393,100,2000
3359,64.79432624113475,515.2340425531914,220.83333333333334,1071.0,1.5011605832239032,64069.09929078014,Ezi_3,E(z) RNAi,0.6462540273141757,-0.07128472392930651,12.257885098643904,100,2000
3360,65.36970567121321,515.7903804737975,168.15506101938263,1661.0,1.5430949710621986,57645.44867193108,Ezi_3,E(z) RNAi,0.7752185381773424,-0.07313093758970768,12.89747218296921,100,2000
3361,63.93170103092783,526.0889175257732,263.00773195876286,1940.0,1.4632288118885448,52072.48389175258,Ezi_3,E(z) RNAi,0.543753347189113,-0.04570221470849156,11.305750059522133,100,2000
3362,64.26415094339623,528.7070979335131,380.64375561545376,2699.0,1.5488449086380354,56121.884546271336,Ezi_3,E(z) RNAi,0.2560130676386376,-0.03333182966364767,11.481788403012558,100,2000
3363,66.90904283447911,533.7414066631412,192.41142252776308,2961.0,1.6270796570137671,59984.461660497094,Ezi_3,E(z) RNAi,0.7170346242519445,-0.03342556256087914,14.345832912696196,100,2000
3364,64.56832971800434,534.763557483731,185.34490238611713,812.0,1.6942879014235461,61502.80260303688,Ezi_3,E(z) RNAi,0.7344041216835668,-0.031669407821572126,12.010553280886683,100,2000
3365,64.38227146814404,544.7783933518006,207.70581717451523,2195.0,1.35711092542876,61932.47202216066,Ezi_3,E(z) RNAi,0.680339168942633,-0.009016450755649719,11.762670655099221,100,2000
3366,64.6969696969697,550.3863636363636,239.0787878787879,1865.0,1.6919108123327469,60354.01212121212,Ezi_3,E(z) RNAi,0.6039243647247388,0.004758405849918823,12.019096326457344,100,2000
3367,65.86283704572098,558.8868698710434,120.25732708089097,2102.0,1.224254898289991,54625.666471277844,Ezi_3,E(z) RNAi,0.8952972935119152,0.016050503092410073,13.305357548540584,100,2000
3368,63.79940119760479,568.1347305389221,185.97005988023952,1383.0,1.4002884468000445,62968.72255489022,Ezi_3,E(z) RNAi,0.7350839702565948,0.039553119606981824,11.128308921814615,100,2000
3369,64.31083844580778,569.0552147239264,291.1226993865031,968.0,1.5868666994312601,43980.132924335376,Ezi_3,E(z) RNAi,0.47778377750020984,0.04758329126022853,11.504719551448112,100,2000
3370,64.35781383432963,593.201537147737,202.58070025619128,1770.0,1.4591150334027714,62227.489325362934,Ezi_3,E(z) RNAi,0.6960864021406461,0.09399092156659261,11.581347094431798,100,2000
3371,64.32975871313673,622.9276139410188,131.06613047363717,1600.0,1.4285315957213793,54213.33869526363,Ezi_3,E(z) RNAi,0.8730839799104648,0.15328326644262869,11.542766436011455,100,2000
3372,64.57854769814902,640.0707166587565,189.90745135263407,2523.0,1.3912812309025324,58585.42952064547,Ezi_3,E(z) RNAi,0.7302040809412327,0.19324974083793212,11.659923332680044,100,2000
3373,66.12198649951785,670.9705882352941,241.77000964320155,2614.0,1.447303463128632,49785.309546769524,Ezi_3,E(z) RNAi,0.6053110216936866,0.26217112107528684,13.034085362697802,100,2000
3374,67.67506172839506,709.3195061728395,232.71506172839506,2698.0,1.4171369181369493,36369.39061728395,Ezi_3,E(z) RNAi,0.6300054935197823,0.34347162311505075,14.469187605931197,100,2000
3375,64.19834710743801,719.8465171192444,190.14403778040142,1148.0,1.7272827559642845,32365.41794569067,Ezi_3,E(z) RNAi,0.734903817473787,0.36344955392238765,11.010403048123244,100,2000
3376,64.38272157564906,717.7032229185318,511.5483437779767,2691.0,1.7650339728020823,37359.421217547,Ezi_3,E(z) RNAi,-0.05187109955961211,0.3774096140373764,10.798786480015508,100,2000
3377,64.69457659372027,723.9115128449096,117.24928639391057,1259.0,1.3742113703807872,34461.478591817315,Ezi_3,E(z) RNAi,0.9135802278461058,0.36792231191821934,11.584371141303627,100,2000
3378,65.40950347036839,729.0608649225841,277.2359850507208,2309.0,1.447788806706808,43669.226908702614,Ezi_3,E(z) RNAi,0.5223536209236155,0.38813712509796994,12.081217167790491,100,2000
3379,65.15514905149051,741.2987804878048,214.32452574525746,1794.0,1.683372126494182,31909.596205962058,Ezi_3,E(z) RNAi,0.6771388916744803,0.41061565189349003,11.864520407910213,100,2000
3380,63.4954954954955,772.2871621621622,237.41554054054055,1150.0,1.3110265327303563,25555.6768018018,Ezi_3,E(z) RNAi,0.6226787637300419,0.47804370790099204,10.071407659528269,100,2000
3381,65.04504504504504,776.7927927927927,301.2348777348777,2084.0,1.4117803015912989,44894.29858429859,Ezi_3,E(z) RNAi,0.4667754825701689,0.49134662084559166,11.525688470465859,100,2000
3382,65.41311475409836,817.9016393442623,407.02098360655737,1825.0,1.3397252810412619,38088.3737704918,Ezi_3,E(z) RNAi,0.210584023395189,0.5851477297900365,11.622411862593388,100,2000
3383,64.41279069767442,822.8270348837209,367.7238372093023,1784.0,1.3693896359932027,36703.154796511626,Ezi_3,E(z) RNAi,0.30709194211618995,0.5933822640526949,10.654784744144756,100,2000
3384,65.41118591403418,830.3764888658726,672.7752459865354,2533.0,1.5933184581478275,36852.203003625065,Ezi_3,E(z) RNAi,-0.4390205634330612,0.6270833169188095,11.245012633200133,100,2000
3385,67.02390216787104,889.1928849360756,394.82267926625906,2665.0,1.5279399519018952,33373.64480266815,Ezi_3,E(z) RNAi,0.2451510048109251,0.7365446130044409,13.008079069766644,100,2000
3386,63.837084673097536,911.7095391211146,620.3751339764201,1450.0,1.6664373243973913,19728.309753483387,Ezi_3,E(z) RNAi,-0.3053868127238122,0.797561742447767,9.462383306177301,100,2000
3387,66.04257206208426,925.1547671840354,632.4962305986696,2836.0,1.3601037654493777,30503.78359201774,Ezi_3,E(z) RNAi,-0.33416981858228034,0.826959878349314,11.607308996766356,100,2000
3388,65.28024316109422,931.7647416413374,575.1063829787234,2270.0,1.2368085346783244,27031.393313069908,Ezi_3,E(z) RNAi,-0.19326949520717385,0.837746757633997,10.894692831203358,100,2000
3389,64.09044368600682,96.54607508532423,326.0529010238908,874.0,1.4926860676924263,27827.70648464164,Ezi_3,E(z) RNAi,0.36103361952792756,-0.9584271709161755,12.83393180469809,100,2000
3390,66.34486373165619,143.99475890985326,341.3134171907757,2395.0,1.4815268759030675,36343.34433962264,Ezi_3,E(z) RNAi,0.32681634149370375,-0.8563067263854922,14.909182526595146,100,2000
3391,65.16954732510288,190.10452674897118,266.40246913580245,1534.0,1.3282421217159162,41167.916049382715,Ezi_3,E(z) RNAi,0.5132136642376477,-0.7622665525790543,13.672358743550134,100,2000
3392,64.97286012526096,197.3820459290188,450.14822546972863,1793.0,1.516201251274139,39116.324982602644,Ezi_3,E(z) RNAi,0.0639804799112349,-0.7361483912025011,13.220612932145919,100,2000
3393,65.80617807389461,202.64324651726227,349.3579648697759,1999.0,1.4859811185518856,42657.48334342823,Ezi_3,E(z) RNAi,0.3110089407488692,-0.7307296332932167,14.162629679335765,100,2000
3394,64.92661691542288,215.29850746268656,364.82835820895525,1825.0,1.5159192650242743,35069.76803482587,Ezi_3,E(z) RNAi,0.27398510031057777,-0.7028460746272561,13.220988914228855,100,2000
3395,65.00967458223396,233.76341248900616,208.70976253298153,1310.0,1.3088365248993539,28745.305189094106,Ezi_3,E(z) RNAi,0.6573045454623649,-0.6724548195172271,13.437635945573142,100,2000
3396,64.1214953271028,257.4929906542056,330.00467289719626,711.0,1.6753727031672305,18584.595794392524,Ezi_3,E(z) RNAi,0.3620093252351584,-0.6148445481650661,12.317269486045703,100,2000
3397,66.14013950538998,278.46544071020924,209.0875079264426,1842.0,1.202427730849329,43126.71655041217,Ezi_3,E(z) RNAi,0.6593341342626147,-0.5770601842925404,14.4168724503607,100,2000
3398,66.70546318289786,287.2648456057007,231.3521377672209,1963.0,1.3317604820015334,44797.7351543943,Ezi_3,E(z) RNAi,0.605422289321778,-0.5570002466728947,14.924586440894132,100,2000
3399,66.35114133074308,312.412821758135,213.06556580864498,2341.0,1.2204871979325427,52747.38319572608,Ezi_3,E(z) RNAi,0.6518431351503398,-0.5044079713465166,14.508402586925442,100,2000
3400,65.78388998035363,363.33595284872297,256.848231827112,2485.0,1.4999917233213602,54464.631139489196,Ezi_3,E(z) RNAi,0.548056181458257,-0.39325136043088915,13.7145009635516,100,2000
3401,64.32004429678848,376.72757475083057,281.60908084163896,1161.0,1.5236547540314718,31496.506090808416,Ezi_3,E(z) RNAi,0.48834445793385717,-0.3632654823878527,12.174440912960115,100,2000
3402,65.91950464396285,374.9362229102167,265.1547987616099,2204.0,1.524476891606721,58380.870588235295,Ezi_3,E(z) RNAi,0.5284930219446888,-0.3680241217978718,13.800574535462033,100,2000
3403,65.39714993804213,387.15799256505574,291.0446096654275,1934.0,1.5855223598097663,43415.22552664189,Ezi_3,E(z) RNAi,0.46593810552749493,-0.34046200319407527,13.20452808444228,100,2000
3404,66.5832482124617,391.53013278855974,220.3079673135853,2425.0,1.3917697578246444,59716.91113381001,Ezi_3,E(z) RNAi,0.6393509291452204,-0.3352045591182691,14.46461727220047,100,2000
3405,65.65153538050734,408.9626168224299,228.0166889185581,1918.0,1.5430861089882149,61254.110146862484,Ezi_3,E(z) RNAi,0.6216398664035152,-0.2975774485916425,13.464452497874873,100,2000
3406,68.52716823406479,404.89707419017765,213.06530825496344,2513.0,1.2966884759373136,60645.757575757576,Ezi_3,E(z) RNAi,0.6579560134313245,-0.30709178534158665,16.372534081704103,100,2000
3407,66.2918918918919,409.7432432432432,187.31216216216217,1858.0,1.2611378354612122,55871.516216216216,Ezi_3,E(z) RNAi,0.7213134535711716,-0.29825434029464504,14.15323822582586,100,2000
3408,65.84215328467154,412.4954379562044,154.6514598540146,1478.0,1.4808542667715445,61683.78193430657,Ezi_3,E(z) RNAi,0.8014334277328441,-0.29426934704985963,13.73519585982848,100,2000
3409,65.96134167140421,421.58953951108583,239.1591813530415,2074.0,1.4682504153038647,58257.82660602615,Ezi_3,E(z) RNAi,0.5952032422595412,-0.26999523472358067,13.717696613293242,100,2000
3410,65.74534501642935,434.5306681270537,328.8986856516977,2127.0,1.535966469986963,53520.96330777656,Ezi_3,E(z) RNAi,0.3764238013093595,-0.23721489285744268,13.345477759706668,100,2000
3411,65.21630960608155,437.5535590877678,208.42225293711127,1996.0,1.4456061068818502,62347.182446440915,Ezi_3,E(z) RNAi,0.6714896966700161,-0.23771614964632537,12.957395422458688,100,2000
3412,67.10899390243902,443.2568597560976,244.9466463414634,1619.0,1.2873420273903553,55592.48780487805,Ezi_3,E(z) RNAi,0.5824686701125801,-0.22342944054336977,14.785012752723077,100,2000
3413,66.4138418079096,442.0861581920904,143.92655367231637,1696.0,1.3761576794520627,48965.63700564972,Ezi_3,E(z) RNAi,0.8296384811533042,-0.23175647719147985,14.220547781437531,100,2000
3414,65.13619099294628,456.21649484536084,166.64026044492675,2297.0,1.468364733750599,58564.041779707,Ezi_3,E(z) RNAi,0.7749854506711056,-0.2003113475234064,12.86675849162247,100,2000
3415,66.19260400616332,453.2532100667694,302.8464304057524,2306.0,1.4463646880646377,55690.912686183874,Ezi_3,E(z) RNAi,0.4414236823748998,-0.19877217423787785,13.762280276340661,100,2000
3416,66.10839160839161,468.6878121878122,277.6458541458542,2380.0,1.3494781449071325,57223.52647352647,Ezi_3,E(z) RNAi,0.5041230852768144,-0.16729850735960783,13.657634185143024,100,2000
3417,66.36607142857143,487.35136554621846,329.45588235294116,2274.0,1.4169694870143665,54054.41491596639,Ezi_3,E(z) RNAi,0.3785527405237623,-0.1244937304356748,13.787375597579299,100,2000
3418,65.17565561603166,505.80554181098466,386.5729836714498,2568.0,1.697764791169142,55173.7298367145,Ezi_3,E(z) RNAi,0.2399836792929122,-0.08184016074166023,12.463078840691281,100,2000
3419,66.46945469454694,507.10865108651086,261.51824518245184,2942.0,1.621964413424802,58332.90569905699,Ezi_3,E(z) RNAi,0.5461359495136209,-0.08626102123586121,13.909362468126375,100,2000
3420,64.2603305785124,515.7334710743802,154.8595041322314,768.0,1.6628979110426187,44241.61776859504,Ezi_3,E(z) RNAi,0.8077586239076309,-0.07402698336820002,11.804976119001168,100,2000
3421,65.64341441027995,534.1519045433686,279.3946764570904,2897.0,1.3172958918587918,55752.37173015145,Ezi_3,E(z) RNAi,0.5041750727779724,-0.0275438644059679,12.969703576462003,100,2000
3422,65.76236979166667,542.0013020833334,131.82096354166666,2055.0,1.6308112078529713,52165.818359375,Ezi_3,E(z) RNAi,0.8658786472844153,-0.019306169694041975,13.247326443541887,100,2000
3423,65.7831715210356,553.53786407767,183.57346278317152,1922.0,1.3023127640728287,62046.88673139158,Ezi_3,E(z) RNAi,0.7399782808316262,0.008289270671074878,13.164297593344756,100,2000
3424,66.8962962962963,564.3837037037038,192.1037037037037,1258.0,1.7187147238804408,61798.77481481482,Ezi_3,E(z) RNAi,0.7198149883971527,0.03192705184908462,14.230138480638757,100,2000
3425,66.13616071428571,570.6177455357143,354.96205357142856,2147.0,1.640406557645249,57952.36216517857,Ezi_3,E(z) RNAi,0.3216360143072845,0.05461072860667682,13.244671104017513,100,2000
3426,64.92888888888889,585.3833333333333,298.1533333333333,2576.0,1.6292307848128258,60029.38222222222,Ezi_3,E(z) RNAi,0.46165485105325343,0.08282657965825457,12.058882930678166,100,2000
3427,65.35585585585585,588.2992277992278,262.4028314028314,1943.0,1.317321415457793,62722.44980694981,Ezi_3,E(z) RNAi,0.5493454005840235,0.08698902333681513,12.520864731032695,100,2000
3428,66.92896174863388,595.779433681073,136.91405861897664,2635.0,1.4564018776690388,59091.742672627915,Ezi_3,E(z) RNAi,0.8569678241713679,0.09572301699417918,14.226167059636794,100,2000
3429,65.7969489742241,597.850078905839,179.60862703840084,2469.0,1.6771822190074355,61881.97790636507,Ezi_3,E(z) RNAi,0.7526136679190758,0.1025938080662332,13.03361639452121,100,2000
3430,65.91264367816092,602.6488505747127,262.14367816091954,2414.0,1.4511853796290122,60682.324712643676,Ezi_3,E(z) RNAi,0.550927411455419,0.11759075681976983,13.029583302114773,100,2000
3431,65.50550206327372,598.4580467675378,345.9972489683631,1796.0,1.6545615197108783,31638.78060522696,Ezi_3,E(z) RNAi,0.3454208652325701,0.1134821035721727,12.531378380985792,100,2000
3432,65.62727745965643,613.4888079125456,228.65278500780843,2411.0,1.3661786114800505,62096.42581988547,Ezi_3,E(z) RNAi,0.6336138571065257,0.13878302891229932,12.749679676640675,100,2000
3433,67.1800731261426,621.1151736745886,101.69058500914076,3073.0,1.3542772309718516,60949.09186471663,Ezi_3,E(z) RNAi,0.9448522007206497,0.14774373087481196,14.43602750754043,100,2000
3434,65.33974358974359,638.9320512820512,292.7173076923077,2282.0,1.6065177982008383,29517.035256410258,Ezi_3,E(z) RNAi,0.4785008801152828,0.19675378347413175,12.295974129709585,100,2000
3435,66.52160072760346,636.6152796725785,121.93224192814915,2935.0,1.4519601775808275,60710.403365165985,Ezi_3,E(z) RNAi,0.8963383343356253,0.1819730139599851,13.699894706270342,100,2000
3436,66.56017191977077,635.2932187201528,164.42550143266476,2687.0,1.4108271648491564,60448.10506208214,Ezi_3,E(z) RNAi,0.7922490958198543,0.18160290734442452,13.689614095511303,100,2000
3437,65.99248120300751,646.8940533151059,246.33424470266576,1872.0,1.5923682534645967,48532.39507860561,Ezi_3,E(z) RNAi,0.5925476664303477,0.21106989479983307,12.980047363910984,100,2000
3438,65.35483870967742,662.1155913978495,105.14516129032258,538.0,1.5808246013509972,29973.99193548387,Ezi_3,E(z) RNAi,0.9391148185483975,0.23539749297777468,12.468206589622852,100,2000
3439,66.96432748538011,685.7578947368421,145.03508771929825,2099.0,1.2547073887760318,57646.79824561404,Ezi_3,E(z) RNAi,0.843044286257516,0.28814618804442693,13.94791288755826,100,2000
3440,65.7417551704863,698.4700950251537,281.745108999441,2155.0,1.4374947963411602,37191.680268306314,Ezi_3,E(z) RNAi,0.509292874872471,0.3231389962854583,12.510970059684809,100,2000
3441,64.99074074074075,726.824074074074,208.59259259259258,1253.0,1.456928849133195,26679.022633744855,Ezi_3,E(z) RNAi,0.690210589616445,0.3794044977053055,11.756116738294843,100,2000
3442,66.73719512195122,744.8585365853659,248.91341463414633,1952.0,1.3885734455876504,36619.48231707317,Ezi_3,E(z) RNAi,0.5927140605694086,0.42021559885812443,13.391158315099915,100,2000
3443,65.06811332127788,759.3737191078964,660.049427365883,1992.0,1.5550227650897905,42222.15009041591,Ezi_3,E(z) RNAi,-0.4125706233358467,0.4748740212932381,11.157347768800697,100,2000
3444,64.72333333333333,753.9883333333333,200.45166666666665,875.0,1.8647388898057213,25570.74,Ezi_3,E(z) RNAi,0.7119332498939195,0.4368837867229616,11.407319105381667,100,2000
3445,66.6923076923077,763.352090862158,252.9246257098606,2286.0,1.3753075516450333,43041.61280330408,Ezi_3,E(z) RNAi,0.5841202754142929,0.4598995914647068,13.278873699734369,100,2000
3446,68.7903893951947,780.4830157415079,849.0588235294117,3447.0,1.7014681438870205,50801.745650372824,Ezi_3,E(z) RNAi,-0.8737825889303867,0.5308320330858722,14.571291912184506,100,2000
3447,67.49202898550725,788.9985507246377,325.9268115942029,1875.0,1.4547255810714843,30170.071014492754,Ezi_3,E(z) RNAi,0.40714283945643115,0.5188270923350919,13.90051823695002,100,2000
3448,65.80451127819549,805.2625795257375,430.9994216310006,2068.0,1.2861480992477374,36024.60555234239,Ezi_3,E(z) RNAi,0.1510598558437426,0.5595696739172082,12.026346007905921,100,2000
3449,65.92155870445345,804.9974696356276,495.9519230769231,2334.0,1.7359090422312697,46038.70597165992,Ezi_3,E(z) RNAi,-0.007928366229205897,0.5627498986244905,12.06280057119573,100,2000
3450,65.45464480874317,813.9300546448087,317.44699453551914,2160.0,1.5264245308813054,43526.77213114754,Ezi_3,E(z) RNAi,0.4295522594464898,0.5715107532720016,11.789709895987322,100,2000
3451,66.89775051124744,833.3220858895705,287.79447852760734,1246.0,1.3240946952654489,24515.12781186094,Ezi_3,E(z) RNAi,0.5034051845432461,0.6111813778591664,13.204611687395861,100,2000
3452,64.12158054711246,837.6702127659574,332.6550151975684,1002.0,1.5843600059332865,25611.56838905775,Ezi_3,E(z) RNAi,0.3939052029631884,0.6230237475507019,10.357516883411797,100,2000
3453,65.79148936170213,841.7055319148936,351.27659574468083,1718.0,1.7305381809866194,28902.81361702128,Ezi_3,E(z) RNAi,0.34859134990316476,0.6327182492810346,11.990445018478525,100,2000
3454,66.04618937644342,857.4930715935335,414.35912240184757,1142.0,1.3941494795600027,22965.05427251732,Ezi_3,E(z) RNAi,0.19524146210387805,0.6700374230118697,12.1127634254063,100,2000
3455,65.69171270718232,881.1348066298342,407.614364640884,1312.0,1.5593699639796264,27010.130386740333,Ezi_3,E(z) RNAi,0.21331422977025527,0.7200818346147977,11.6870244264367,100,2000
3456,66.94796650717703,880.5281100478469,475.3642344497608,2156.0,1.4077229061324399,37192.78169856459,Ezi_3,E(z) RNAi,0.04745364526603413,0.7227029036687915,12.860320474015658,100,2000
3457,65.02289452166804,894.7702371218315,441.74080130825837,1717.0,1.592804907061052,34190.04987735078,Ezi_3,E(z) RNAi,0.13069422562009558,0.751133604922438,10.929414946726709,100,2000
3458,65.82317979197623,909.8320950965825,493.44650817236254,1831.0,1.4592134832181236,28295.848439821693,Ezi_3,E(z) RNAi,0.005139384959431226,0.786252667775245,11.614035053832659,100,2000
3459,65.95806745670009,918.1996353691887,710.8213309024612,4023.0,1.6378999573874446,22511.839106654512,Ezi_3,E(z) RNAi,-0.526329306850313,0.8166375639517018,11.447996790196413,100,2000
3460,67.59283154121864,139.38637992831542,326.6243727598566,2033.0,1.741809002834909,42744.26666666667,Ezi_3,E(z) RNAi,0.362459146642071,-0.8669758199501374,16.19111107804477,100,2000
3461,66.23779327837667,169.33481293595435,484.14584654407105,2087.0,1.586635058170482,39144.934051997465,Ezi_3,E(z) RNAi,-0.021087339462642962,-0.7940133046440068,14.53746897400923,100,2000
3462,67.52955082742317,193.3386524822695,392.8735224586288,2091.0,1.464184198512284,35182.68144208038,Ezi_3,E(z) RNAi,0.20388474719587912,-0.7480580149056363,15.862776438101235,100,2000
3463,64.2930648769575,272.7539149888143,222.95973154362417,767.0,1.7321576814970454,24482.2774049217,Ezi_3,E(z) RNAi,0.6250094628386089,-0.5884584085742265,12.571667180276748,100,2000
3464,64.78508771929825,290.00584795321635,411.6169590643275,847.0,1.8515957500969336,23485.244152046784,Ezi_3,E(z) RNAi,0.16441343292128607,-0.540773244130732,12.768828877146866,100,2000
3465,67.14912774338774,286.5239167135622,310.5424873382105,2194.0,1.499217999415022,44325.48227349466,Ezi_3,E(z) RNAi,0.41155472206474086,-0.5540118257988353,15.271398528260278,100,2000
3466,67.31847133757962,291.62941517081646,273.008685581934,2165.0,1.3113755460016205,39208.98262883613,Ezi_3,E(z) RNAi,0.5037554636063164,-0.5452829026857768,15.470611930765713,100,2000
3467,66.85649546827794,316.37361530715003,186.2306143001007,2287.0,1.389781738076763,51429.70694864048,Ezi_3,E(z) RNAi,0.7177819019578624,-0.4975017918809592,15.034062372010666,100,2000
3468,67.12199036918138,333.37506688068487,186.3649010165864,2179.0,1.338343483932366,51507.608881754946,Ezi_3,E(z) RNAi,0.7185772393823997,-0.46122223725998013,15.242053641071578,100,2000
3469,66.80194174757281,335.1223300970874,120.64563106796116,1410.0,1.5596929661566536,34275.077669902916,Ezi_3,E(z) RNAi,0.8795407490308405,-0.46128620888156024,14.998562927885345,100,2000
3470,66.12477823772916,338.5150798344175,279.5304553518628,1937.0,1.4739163063696732,39043.33530455352,Ezi_3,E(z) RNAi,0.4908987174274111,-0.44489247249157715,14.110633668010664,100,2000
3471,66.03431763766959,358.50438946528334,182.46368715083798,1632.0,1.4182332742318875,51962.45490822027,Ezi_3,E(z) RNAi,0.7297909740975317,-0.407845673699607,14.074539416104159,100,2000
3472,68.3854961832061,361.5381679389313,195.3854961832061,2401.0,1.3357049706153035,56642.31515812432,Ezi_3,E(z) RNAi,0.698359034696723,-0.4006114783643254,16.399260980745098,100,2000
3473,67.08487084870849,358.46273062730626,151.7328413284133,1680.0,1.4959659450370608,44498.19557195572,Ezi_3,E(z) RNAi,0.8049985473590182,-0.40969874995418887,15.163779678188035,100,2000
3474,66.04916792738275,368.5590015128593,212.66717095310136,1739.0,1.5783437087557484,38004.699697428136,Ezi_3,E(z) RNAi,0.6565335014214198,-0.38465422431152796,14.01759100261151,100,2000
3475,67.01858224363386,387.64074328974533,272.97935306262906,1764.0,1.399355406918748,53797.1445285616,Ezi_3,E(z) RNAi,0.5101798917657436,-0.3404619315507774,14.846985688029108,100,2000
3476,67.50182386659719,391.94059405940595,248.11516414799374,2398.0,1.516315467840177,58319.98488796248,Ezi_3,E(z) RNAi,0.5713177381866175,-0.33271896073955554,15.346917290821722,100,2000
3477,67.16634920634921,414.4,282.92317460317463,1905.0,1.3770488720104104,57377.520634920635,Ezi_3,E(z) RNAi,0.4876124066798775,-0.2828009279226362,14.89203730425632,100,2000
3478,66.46174678402167,427.33581584292483,144.07921462423832,1773.0,1.3383656821487906,52240.53419092756,Ezi_3,E(z) RNAi,0.8282888766345662,-0.26321482785850403,14.318003028031995,100,2000
3479,67.40860215053763,425.09438470728793,193.13859020310633,1983.0,1.4415261660180752,60538.442054958185,Ezi_3,E(z) RNAi,0.7080657510640544,-0.2651610836064966,15.21086355700865,100,2000
3480,66.3254875588433,435.97579018157364,163.2595830531271,1815.0,1.5866185960556165,47486.60524546066,Ezi_3,E(z) RNAi,0.7819171692050209,-0.2436779361736583,14.12854565831222,100,2000
3481,66.82352941176471,432.73933102652825,357.7710495963091,2036.0,1.6601900798527616,45378.815455594005,Ezi_3,E(z) RNAi,0.30563751059026645,-0.23936390603534574,14.393474234792635,100,2000
3482,69.7667161961367,443.73551263001485,214.57578008915306,2004.0,1.5207055390379203,57169.34621099554,Ezi_3,E(z) RNAi,0.6568250441299646,-0.22414008099081506,17.479205451660718,100,2000
3483,66.94046417759839,461.5650857719475,190.14076690211908,2429.0,1.4010993616735594,58787.92179616549,Ezi_3,E(z) RNAi,0.7178169928534262,-0.18753291119879156,14.623500569208773,100,2000
3484,66.77477477477477,460.24974974974975,323.2997997997998,2653.0,1.7649061860758213,51209.34584584585,Ezi_3,E(z) RNAi,0.3918255529475776,-0.18266267053736096,14.295193308680325,100,2000
3485,65.83919902912622,477.18325242718447,201.22026699029126,2209.0,1.4194786896910248,61505.48300970874,Ezi_3,E(z) RNAi,0.691736450049774,-0.15358324142710733,13.45567413117574,100,2000
3486,64.66351606805293,486.10964083175804,314.11909262759923,730.0,1.4365806482188677,46300.2854442344,Ezi_3,E(z) RNAi,0.41601202110040236,-0.1280393915887209,12.108259447353369,100,2000
3487,64.63970588235294,497.6936274509804,374.5906862745098,654.0,1.5699788926823353,26296.019607843136,Ezi_3,E(z) RNAi,0.26877505601849694,-0.09984038873706047,11.969520507000908,100,2000
3488,67.1505981703026,525.9936664320901,218.46516537649543,1790.0,1.2521938355435747,62234.90781140042,Ezi_3,E(z) RNAi,0.6527551965595131,-0.04845020263590749,14.580828428615689,100,2000
3489,65.6083950617284,531.5056790123457,365.74074074074076,2534.0,1.5469256898411006,58061.88493827161,Ezi_3,E(z) RNAi,0.29266930766989163,-0.028210993589913635,12.835282825263072,100,2000
3490,66.33001049317943,524.2481636935992,346.30010493179435,2390.0,1.4864172192929086,58420.53410283316,Ezi_3,E(z) RNAi,0.33976780795826866,-0.044809382259624275,13.605757108781148,100,2000
3491,67.3042492917847,537.8577903682719,222.53201133144475,2371.0,1.456623551509136,61197.430028328614,Ezi_3,E(z) RNAi,0.6435860998937395,-0.02290439093805019,14.689367495523385,100,2000
3492,66.72994269340974,550.054441260745,109.8202005730659,1643.0,1.4631155340215314,47761.43696275072,Ezi_3,E(z) RNAi,0.9202552239781379,-0.0033875422470852623,14.2153367876667,100,2000
3493,66.83220466516178,564.9623777276147,207.24604966139955,1661.0,1.4236174984516117,60960.27163280662,Ezi_3,E(z) RNAi,0.6827927714483817,0.03403415175264657,14.145098998502633,100,2000
3494,67.21481092436974,562.0152310924369,244.72268907563026,2526.0,1.5692978217234108,61088.32983193277,Ezi_3,E(z) RNAi,0.5908731515445957,0.029910442693269257,14.490625049702615,100,2000
3495,65.70540265035677,567.5443425076453,229.0316004077472,1400.0,1.4127338637400733,62029.20998980632,Ezi_3,E(z) RNAi,0.6296469594368219,0.04079025536905623,12.982266150115798,100,2000
3496,67.27684964200478,570.9647971360382,126.0799522673031,2099.0,1.5412626237109,51419.33711217184,Ezi_3,E(z) RNAi,0.8818415071639174,0.042162820924978694,14.671326217898482,100,2000
3497,65.29871794871795,578.6769230769231,139.1846153846154,1009.0,1.3583973420785416,38822.78076923077,Ezi_3,E(z) RNAi,0.8502838658272043,0.059356607239265724,12.65075952862501,100,2000
3498,66.73691860465117,577.6925872093024,236.6424418604651,1853.0,1.5378654063718782,63156.13735465116,Ezi_3,E(z) RNAi,0.6116879663626213,0.06288622662615784,13.970004653572303,100,2000
3499,66.64608599779493,585.5600882028666,218.8263506063947,2717.0,1.7852505527219675,62325.2210584344,Ezi_3,E(z) RNAi,0.6558133493691727,0.07864240782274745,13.87499248413556,100,2000
3500,69.24105120072497,585.0557317625736,199.46896239238785,2863.0,1.3608721326291466,62744.83461712732,Ezi_3,E(z) RNAi,0.7031495341688527,0.07646921817532792,16.495926515850158,100,2000
3501,70.19851333624835,590.4473108876257,309.25491910800173,3827.0,1.5272472530411672,57921.54962833406,Ezi_3,E(z) RNAi,0.43480388398391034,0.094308139761208,17.297468691457937,100,2000
3502,65.55345911949685,597.7358490566038,229.73515024458422,1796.0,1.50920542210744,59647.18238993711,Ezi_3,E(z) RNAi,0.6299228310881466,0.10523847510871231,12.727627126001188,100,2000
3503,67.96520423600604,605.1961674230963,111.95310136157337,2540.0,1.5354152472035327,60917.56631366616,Ezi_3,E(z) RNAi,0.9186794507477092,0.1143804798630097,15.26196184934679,100,2000
3504,67.86506622516556,627.5,87.91970198675497,1598.0,1.529076203382875,53990.22682119205,Ezi_3,E(z) RNAi,0.9789766946458416,0.1605757331182358,15.116761083852651,100,2000
3505,67.15932914046121,628.5283018867924,133.18029350104823,627.0,1.3086535171792844,55719.00628930818,Ezi_3,E(z) RNAi,0.8682720606390701,0.16537389694192584,14.350779206843939,100,2000
3506,66.77771010962242,634.5876979293545,308.10231425091354,2090.0,1.5180033861534077,30233.394640682094,Ezi_3,E(z) RNAi,0.44055478695018313,0.18838329618604566,13.729280411555848,100,2000
3507,66.30475382003395,651.3684210526316,310.6120543293718,2873.0,1.663222784167155,46008.489813242784,Ezi_3,E(z) RNAi,0.4355237351175305,0.2243235565731707,13.196589501786363,100,2000
3508,66.39319092122831,651.9866488651535,207.30774365821094,1976.0,1.5788474361692526,45057.378504672895,Ezi_3,E(z) RNAi,0.6884002564518046,0.2196869088152904,13.412541569966777,100,2000
3509,65.49961089494164,657.0972762645914,193.4863813229572,1734.0,1.5570049172300704,43102.19221789883,Ezi_3,E(z) RNAi,0.7225684959753766,0.22978622977257257,12.519072507695427,100,2000
3510,66.50734214390602,672.8362701908958,198.8509544787078,1672.0,1.4179629742106616,47229.59030837005,Ezi_3,E(z) RNAi,0.7104771462292332,0.26367948686236753,13.466991012145904,100,2000
3511,68.15028901734104,676.9069889647924,226.3037309511298,2502.0,1.3970312213382905,48709.76142932212,Ezi_3,E(z) RNAi,0.6435514818288091,0.2739584893147742,15.061758831336249,100,2000
3512,67.04251497005988,688.0329341317365,238.94910179640718,2088.0,1.4653452152269202,35739.98502994012,Ezi_3,E(z) RNAi,0.6133413203984706,0.2984149572376318,13.900608047170692,100,2000
3513,66.22541603630863,701.4417549167928,163.19515885022693,862.0,1.5814534356709717,38024.434190620275,Ezi_3,E(z) RNAi,0.7996374579290089,0.3226468795579991,13.13333334053678,100,2000
3514,66.79005524861878,726.6008287292817,306.72444751381215,1943.0,1.479834227250897,35153.363950276245,Ezi_3,E(z) RNAi,0.4500143377662005,0.3845992685085342,13.433061174744672,100,2000
3515,66.72453044963005,736.2083096186682,233.76664769493453,2105.0,1.5170365434468807,44608.91064314172,Ezi_3,E(z) RNAi,0.6292133298428493,0.4008883166206789,13.426666973274635,100,2000
3516,66.61027397260274,736.3157534246575,338.99383561643833,1821.0,1.5435820181054336,35019.431506849316,Ezi_3,E(z) RNAi,0.3716786744889955,0.40718374797904944,13.180036192867995,100,2000
3517,66.27277747101049,768.0469353948095,289.2446162341248,2188.0,1.3225692139065754,40613.75317504141,Ezi_3,E(z) RNAi,0.4955393898801159,0.4720063333244522,12.797948696911426,100,2000
3518,65.95,825.5825301204819,518.2072289156627,1988.0,1.4705573113551242,35672.48554216867,Ezi_3,E(z) RNAi,-0.06103616314025839,0.6079482121226853,11.993902968214748,100,2000
3519,66.22160148975792,821.022346368715,339.14525139664806,821.0,1.3304980773473822,22850.58100558659,Ezi_3,E(z) RNAi,0.3769130936085465,0.587897647470881,12.50552297017392,100,2000
3520,66.46293800539084,828.9535040431267,304.8908355795148,1920.0,1.4402918036375456,35486.18396226415,Ezi_3,E(z) RNAi,0.46127431438760325,0.6028442649993975,12.763085797217784,100,2000
3521,66.68631178707224,825.6739543726236,470.2300380228137,1311.0,1.4176755385799469,35945.32699619772,Ezi_3,E(z) RNAi,0.056391300536633215,0.6053823974130417,12.790091441856035,100,2000
3522,66.36734693877551,832.3767660910518,569.4275248560963,2446.0,1.6361109254060735,35194.67870225013,Ezi_3,E(z) RNAi,-0.18594883467363787,0.625398853434622,12.324076828237729,100,2000
3523,66.52246971473232,854.4888628370458,666.7487299726456,3663.0,1.418578048206233,42855.23290347792,Ezi_3,E(z) RNAi,-0.4226787202732223,0.6781838240303246,12.282536425999908,100,2000
3524,66.83743523316062,889.6619170984455,464.12629533678756,2070.0,1.351322528582166,37644.29080310881,Ezi_3,E(z) RNAi,0.07556292237658879,0.741539677777916,12.73308682473099,100,2000
3525,66.89625850340136,889.6445578231293,374.9013605442177,831.0,1.975689378350942,27124.23469387755,Ezi_3,E(z) RNAi,0.29393840178377895,0.7363586609225845,12.903905349717675,100,2000
3526,68.12837837837837,924.0301455301455,551.7344074844075,2618.0,1.2416205736700403,26509.089916839916,Ezi_3,E(z) RNAi,-0.13658671247228338,0.8199193778825977,13.798214039699474,100,2000
3527,67.0543970988214,77.17225747960109,321.4841341795104,1714.0,1.436812000043093,30355.20852221215,Ezi_3,E(z) RNAi,0.37092546770613244,-1.0,15.868931472722565,100,2000
3528,68.49627659574467,80.10425531914893,308.1968085106383,2388.0,1.4019701066270005,34672.30425531915,Ezi_3,E(z) RNAi,0.40363587911698007,-0.9945006758598208,17.31758376249735,100,2000
3529,68.41038696537679,92.17413441955193,340.45773930753563,2459.0,1.4893730683684674,44914.320773930755,Ezi_3,E(z) RNAi,0.3254764434140036,-0.9668920824549104,17.150518892219353,100,2000
3530,66.2081589958159,151.44979079497907,510.06276150627616,1334.0,1.5877088580721248,18229.271966527198,Ezi_3,E(z) RNAi,-0.08570175873863684,-0.8306740770392463,14.535633911455406,100,2000
3531,66.910349373764,152.1179960448253,465.17336849044165,1954.0,1.4734934430670241,25909.493737640078,Ezi_3,E(z) RNAi,0.02420661731899676,-0.8318316374229648,15.29188234176793,100,2000
3532,67.60622837370242,175.2401384083045,359.7557093425606,1770.0,1.5224690345442093,32280.726643598617,Ezi_3,E(z) RNAi,0.2837425827580484,-0.7885772105357352,16.042034455457923,100,2000
3533,68.04295220810647,181.7652752571083,323.3145795523291,2078.0,1.4237465627015395,38424.634603750754,Ezi_3,E(z) RNAi,0.3733621818685562,-0.7767547727957897,16.50246815583907,100,2000
3534,66.6590909090909,185.85227272727272,592.7948863636364,2155.0,1.58066627474572,38092.045454545456,Ezi_3,E(z) RNAi,-0.2859128240982606,-0.752508539668169,14.76675698726774,100,2000
3535,65.13920454545455,208.30397727272728,292.38352272727275,572.0,1.672495637727397,17537.477272727272,Ezi_3,E(z) RNAi,0.4508294947015825,-0.7219431701151617,13.548048226117302,100,2000
3536,67.48500999333777,216.98467688207862,346.4570286475683,1879.0,1.4762153858730451,36396.17188540973,Ezi_3,E(z) RNAi,0.31905294206515733,-0.7002895399565332,15.796726958954906,100,2000
3537,69.64558404558404,252.6980056980057,190.44216524216523,2312.0,1.4434578151839772,38797.71054131054,Ezi_3,E(z) RNAi,0.7032536854947578,-0.6330804489061985,18.0325804902305,100,2000
3538,68.66918510523476,262.943335132218,212.62169454937938,2240.0,1.3333658856506818,37412.510523475445,Ezi_3,E(z) RNAi,0.6496501703111663,-0.609951971761684,16.99381256095907,100,2000
3539,66.93174287607687,280.4970178926441,244.9118621603711,1864.0,1.481273817042052,40856.613651424785,Ezi_3,E(z) RNAi,0.5717866703837471,-0.5706548741032915,15.156676250168815,100,2000
3540,68.04960460100646,272.9590222861251,328.3608914450036,1718.0,1.9345944833898068,37726.97843278217,Ezi_3,E(z) RNAi,0.36704445279599107,-0.5819164696761671,16.195259941158724,100,2000
3541,68.65676567656766,292.07343234323434,405.5742574257426,2209.0,1.9132503882364453,24240.671617161715,Ezi_3,E(z) RNAi,0.1793286217992771,-0.5366826510102154,16.641090193184453,100,2000
3542,69.26211180124224,301.87142857142857,261.91987577639753,2005.0,1.286489705158375,46905.48757763975,Ezi_3,E(z) RNAi,0.5315672148888537,-0.5240584221513561,17.393612463937643,100,2000
3543,67.97564276048715,353.6698240866035,240.33694181326118,1747.0,1.311653064878612,45175.132611637346,Ezi_3,E(z) RNAi,0.5878216166080033,-0.41480856224126716,15.959550559249237,100,2000
3544,71.52952952952953,381.2887887887888,258.86786786786786,2827.0,1.4519764260583352,56845.90940940941,Ezi_3,E(z) RNAi,0.544284488577977,-0.35479365432949095,19.39702782090029,100,2000
3545,67.45663956639567,402.92953929539294,143.66327913279133,1810.0,1.423613915351636,52725.439024390245,Ezi_3,E(z) RNAi,0.8276894037855809,-0.3152984746967328,15.395715677196293,100,2000
3546,68.04683479155945,404.5486361296963,297.89346371590324,2332.0,1.47950732503778,56805.55429747813,Ezi_3,E(z) RNAi,0.4503185910047336,-0.3029477052201749,15.786957656627223,100,2000
3547,66.80271186440677,434.5498305084746,104.11322033898306,1916.0,1.4951862456372023,38300.85898305085,Ezi_3,E(z) RNAi,0.9265813793843543,-0.25012670699269157,14.684777630832016,100,2000
3548,69.7246443322625,462.6149609912804,173.43184947223497,2591.0,1.3462594413929028,59535.08214777421,Ezi_3,E(z) RNAi,0.7587733659092106,-0.18623631881019231,17.42508440517993,100,2000
3549,70.6971916971917,477.6019536019536,313.64265364265367,3282.0,1.46367468880074,52245.84126984127,Ezi_3,E(z) RNAi,0.4165980788806063,-0.14617280986838288,18.171183934235216,100,2000
3550,67.38475665748393,484.01285583103765,212.88797061524335,1451.0,1.3483551716242412,56629.422405876954,Ezi_3,E(z) RNAi,0.6636273291276185,-0.1383294211841073,14.963552793407032,100,2000
3551,67.05070569785677,496.58285415577626,341.2749607945635,2252.0,1.8295156554136645,52642.5859905907,Ezi_3,E(z) RNAi,0.3502344837993976,-0.1041133997363819,14.42604676674253,100,2000
3552,67.98477157360406,492.8229695431472,181.08819796954316,1863.0,1.4303256684673853,57709.85152284264,Ezi_3,E(z) RNAi,0.7420379720935844,-0.12136355839201707,15.573748152930591,100,2000
3553,67.90673981191223,501.326802507837,225.02272727272728,1653.0,1.3625841450229106,63318.854231974925,Ezi_3,E(z) RNAi,0.6350716254351267,-0.10068943743047698,15.411921655319546,100,2000
3554,68.32833957553059,518.0362047440699,178.1067415730337,1911.0,1.4084017137346772,57408.60611735331,Ezi_3,E(z) RNAi,0.7510020891483973,-0.06774455030587401,15.836028539842104,100,2000
3555,67.86059143029571,516.741701870851,194.07664453832226,2004.0,1.3754101762176512,59608.55461677731,Ezi_3,E(z) RNAi,0.7118316642121905,-0.06958879331616408,15.352613799008353,100,2000
3556,67.46188747731398,535.4954627949184,252.76134301270417,1346.0,1.4305244251691966,55571.32940108893,Ezi_3,E(z) RNAi,0.5694434957700487,-0.026199972138743255,14.817046869050131,100,2000
3557,66.80847457627118,551.6762711864407,140.1135593220339,853.0,1.5028600912633892,40303.50677966102,Ezi_3,E(z) RNAi,0.846219718064898,0.0018195573093298112,14.25039440029525,100,2000
3558,67.81556195965418,559.8345821325648,298.41383285302595,2335.0,1.5304148161927025,47313.663976945245,Ezi_3,E(z) RNAi,0.4593188439367524,0.028358393270478066,15.0313677316651,100,2000
3559,68.23434343434343,578.7050505050505,184.81683501683503,1790.0,1.2546945705644625,63376.08013468014,Ezi_3,E(z) RNAi,0.738593140527211,0.06206894558728959,15.52902328121823,100,2000
3560,66.65225837785333,586.529383195726,364.77950461389025,2394.0,1.5685348232695995,54392.803302574066,Ezi_3,E(z) RNAi,0.29865912885334445,0.08912545908249037,13.69479064895063,100,2000
3561,68.29646017699115,602.3578539823009,213.66758849557522,2581.0,1.3925397638007178,62003.28816371682,Ezi_3,E(z) RNAi,0.6695459321954806,0.11419231516996375,15.475181341723726,100,2000
3562,68.45283018867924,594.7536687631027,294.59538784067087,1199.0,1.476815896285889,56609.18448637317,Ezi_3,E(z) RNAi,0.4709727489401698,0.10263716219503283,15.55566576005819,100,2000
3563,67.33100436681222,596.4069868995633,285.15545851528384,1499.0,1.468049582130197,56604.74497816594,Ezi_3,E(z) RNAi,0.4941894177719819,0.10561182595178553,14.440114627099376,100,2000
3564,68.24540152534769,611.326155226559,91.40376850605652,2719.0,1.4476337556999592,61669.4419021983,Ezi_3,E(z) RNAi,0.9693784003705042,0.12627506059643223,15.547265520633346,100,2000
3565,67.11372812920592,617.942799461642,144.4407806191117,1816.0,1.3992826952785138,58337.53633916555,Ezi_3,E(z) RNAi,0.8400120029361322,0.14344032799205175,14.326748799169948,100,2000
3566,67.60803167420815,616.1006787330317,307.2471719457014,2233.0,1.5427102909614918,35703.82692307692,Ezi_3,E(z) RNAi,0.44142233327133495,0.148900920906462,14.623012595230009,100,2000
3567,68.44389027431421,626.3329177057357,348.77680798004985,2022.0,1.5498436672135545,30103.018703241894,Ezi_3,E(z) RNAi,0.3404536729132195,0.17313030292455212,15.372258953797939,100,2000
3568,68.06621480709072,634.7101147028154,145.29457768508863,2389.0,1.533623711690511,61492.42544316997,Ezi_3,E(z) RNAi,0.8390289029059403,0.17926686676014736,15.221614307300811,100,2000
3569,67.04736842105264,643.3280701754386,263.4798245614035,1475.0,1.5409418623814557,25814.54298245614,Ezi_3,E(z) RNAi,0.5503451795483245,0.2044586611925705,14.025443224670354,100,2000
3570,68.2059659090909,660.610321969697,140.78125,2457.0,1.2340906955482958,58123.715435606064,Ezi_3,E(z) RNAi,0.8517882818670954,0.23426161646115795,15.279684268305246,100,2000
3571,68.98382204246714,662.0141557128412,254.34782608695653,2585.0,1.5240915445672112,38635.67997977755,Ezi_3,E(z) RNAi,0.5739263137215969,0.24380999260590097,15.910326374774002,100,2000
3572,69.56717850287907,670.0575815738963,183.7658349328215,2533.0,1.3921608034097013,57234.17994241843,Ezi_3,E(z) RNAi,0.7472052267106377,0.2569040753158549,16.555103074999664,100,2000
3573,67.93450028232637,665.1575381140599,216.01242236024845,2158.0,1.3525596026231752,45174.06662902315,Ezi_3,E(z) RNAi,0.6679626281231823,0.24829798113200163,14.898504741140655,100,2000
3574,69.1228354978355,690.827922077922,107.16720779220779,2193.0,1.5800460063547848,53986.35335497835,Ezi_3,E(z) RNAi,0.9360546688855955,0.2967946317765007,16.136816568031662,100,2000
3575,67.14608009024252,708.2989283699943,207.91257755217146,2132.0,1.3864419208161873,37444.228990411735,Ezi_3,E(z) RNAi,0.6906432191829242,0.33986051120040583,13.974766996929503,100,2000
3576,67.91021505376344,703.5650537634409,842.8903225806451,2419.0,1.5944360787971603,35959.38440860215,Ezi_3,E(z) RNAi,-0.8637713929235175,0.3663777892423963,13.95824990729011,100,2000
3577,66.6858432036097,759.2820078962211,443.6565143824027,2133.0,1.5439093225548124,36049.128595600676,Ezi_3,E(z) RNAi,0.11703736824453315,0.4622136344394905,13.046852070293106,100,2000
3578,66.82886334610473,760.2924648786718,372.2726692209451,1812.0,1.4214181937401373,40029.53575989783,Ezi_3,E(z) RNAi,0.2918147843291068,0.4602545688191808,13.27601832139041,100,2000
3579,67.72821846553965,792.556566970091,401.92457737321195,1021.0,1.384890860863375,24599.098829648894,Ezi_3,E(z) RNAi,0.22137407130117293,0.5308010450592668,14.02936464787446,100,2000
3580,67.93377483443709,811.3562913907285,302.37483443708607,1039.0,1.4728651087681786,24741.45165562914,Ezi_3,E(z) RNAi,0.4662638325360189,0.5651690447258768,14.296412063084645,100,2000
3581,67.68139841688654,849.1708443271768,367.16490765171505,1921.0,1.3688670390265958,38087.681398416884,Ezi_3,E(z) RNAi,0.3101934243527069,0.6495741016106773,13.835234135730829,100,2000
3582,67.4405684754522,846.3669250645995,566.8914728682171,1374.0,1.4470348004402034,17921.674418604653,Ezi_3,E(z) RNAi,-0.17881939697925975,0.6551062026245846,13.35329446104285,100,2000
3583,69.04620123203286,866.512320328542,779.9132443531828,2573.0,1.360200915355961,21323.689425051336,Ezi_3,E(z) RNAi,-0.6988590609429448,0.7103769771519335,14.623734808662604,100,2000
3584,67.52562907735322,872.3970177073626,377.5768872320596,1376.0,1.6349214632679436,30237.466915191053,Ezi_3,E(z) RNAi,0.28624725643379323,0.6997226227235149,13.588078589464203,100,2000
3585,64.48375451263539,891.4981949458484,642.6173285198556,515.0,1.7989578945073132,6093.815884476534,Ezi_3,E(z) RNAi,-0.36116323181874677,0.7557311756973539,10.149303086923311,100,2000
3586,71.01425942962281,911.6099356025759,625.2355105795768,3163.0,1.528357627754587,23726.610395584175,Ezi_3,E(z) RNAi,-0.31730954313017046,0.79768164076259,16.633749911186868,100,2000
3587,68.74845360824742,913.5175257731959,640.3329896907217,2485.0,1.2018756789415121,29519.63969072165,Ezi_3,E(z) RNAi,-0.35412776332389617,0.8026051853272582,14.342585317484719,100,2000
3588,70.48576620230163,90.64930345245305,320.64324651726224,2362.0,1.469497663843679,39324.08419139915,Ezi_3,E(z) RNAi,0.37386535369736595,-0.9712724223290159,19.255885094711374,100,2000
3589,66.22714681440443,252.28254847645428,283.4681440443213,553.0,1.7397437021426436,19719.094182825484,Ezi_3,E(z) RNAi,0.47555613592249246,-0.6286280343654709,14.498860726557211,100,2000
3590,67.57046979865771,274.7973154362416,401.4697986577181,974.0,1.5150753990841086,23330.326174496644,Ezi_3,E(z) RNAi,0.18823439186015944,-0.5737830315149967,15.618210282488107,100,2000
3591,68.94679802955665,290.62857142857143,189.9192118226601,2317.0,1.3570793381197226,48153.045320197045,Ezi_3,E(z) RNAi,0.7070449538749741,-0.5521968715917743,17.206543051339665,100,2000
3592,67.56496815286624,312.53566878980894,330.3484076433121,1752.0,1.466032789380728,42726.887898089175,Ezi_3,E(z) RNAi,0.36479967080665565,-0.49737494040070196,15.574670150777777,100,2000
3593,68.33932135728543,313.5775116433799,150.50565535595476,1906.0,1.5445917261883872,36720.966733200265,Ezi_3,E(z) RNAi,0.8050290425233115,-0.5055158391611099,16.571126600932075,100,2000
3594,69.43418590143482,345.01684341859016,178.74734872114786,2041.0,1.6472904729504465,46120.00436681222,Ezi_3,E(z) RNAi,0.7379846900072569,-0.4368087663062751,17.524531617009174,100,2000
3595,67.80796864794252,361.97322011757024,275.22795558458523,1733.0,1.3801569404519438,37075.773350751144,Ezi_3,E(z) RNAi,0.5029761443068348,-0.39508411170543734,15.72010375571135,100,2000
3596,68.96558843771507,373.98692360633174,246.02684101858225,1785.0,1.3447430778312495,50746.922918100485,Ezi_3,E(z) RNAi,0.575236958406655,-0.3711300197352515,16.873836872395984,100,2000
3597,69.27923458540043,379.2360028348689,210.39404677533665,1771.0,1.5815556782655589,43457.11197732105,Ezi_3,E(z) RNAi,0.6627940982481093,-0.3619841356527699,17.214482793551795,100,2000
3598,67.79175550817342,382.43354655294957,168.98294243070362,1724.0,1.3915657284139085,43028.984363894815,Ezi_3,E(z) RNAi,0.7643629781673207,-0.35756112110781224,15.768182651204441,100,2000
3599,70.76249328318109,400.94250403009136,196.26007522837185,2355.0,1.5339505578948016,60024.38850080602,Ezi_3,E(z) RNAi,0.6988186032907111,-0.3164809198034545,18.642263526489245,100,2000
3600,69.41189931350114,407.5606407322654,164.1195652173913,2148.0,1.3980689790392804,54615.45881006865,Ezi_3,E(z) RNAi,0.7779237366878564,-0.30422511006097497,17.30968203151552,100,2000
3601,68.99810366624526,425.55309734513276,208.93868520859672,2055.0,1.438428121268073,61095.29203539823,Ezi_3,E(z) RNAi,0.6694210577063822,-0.26325996260336804,16.778985881071236,100,2000
3602,67.43580683156655,437.63133097762073,186.21495877502946,2487.0,1.652981586550973,61560.218492343934,Ezi_3,E(z) RNAi,0.7258405676536712,-0.23881450583389774,15.204476162681232,100,2000
3603,69.20424671385237,446.75328614762384,258.0758341759353,2308.0,1.2842905036662509,57315.122345803844,Ezi_3,E(z) RNAi,0.5505605098993274,-0.2151981626672772,16.85198990032191,100,2000
3604,69.55124653739612,459.05263157894734,224.82686980609418,2029.0,1.6468743172808868,62202.532548476454,Ezi_3,E(z) RNAi,0.6327495857467222,-0.19087397511174997,17.19922326476862,100,2000
3605,68.36944818304173,485.51816958277254,228.16016150740242,1940.0,1.454844431456879,61877.4266487214,Ezi_3,E(z) RNAi,0.626345635513045,-0.13423037586243358,15.92400190511745,100,2000
3606,67.61241217798595,489.8266978922717,168.32669789227165,1118.0,1.5324129131493471,41794.22599531616,Ezi_3,E(z) RNAi,0.773074404349589,-0.12849411679353395,15.227505330629668,100,2000
3607,69.38344370860928,495.55894039735097,212.5662251655629,2304.0,1.6418312759409601,62651.05430463576,Ezi_3,E(z) RNAi,0.6651729553157648,-0.11370172010880764,16.92369406583815,100,2000
3608,67.2248322147651,505.8691275167785,358.6543624161074,512.0,1.5105042694488022,31326.020134228187,Ezi_3,E(z) RNAi,0.3083124909032504,-0.08329931453714634,14.5470530386919,100,2000
3609,70.51714446318157,513.3850477796515,216.91287240022484,2299.0,1.6415145441416648,60286.826306913994,Ezi_3,E(z) RNAi,0.6557106828486761,-0.07541371447683021,17.99181999387868,100,2000
3610,68.05725567620928,526.004935834156,205.5172754195459,1662.0,1.5880039035996716,61504.1549851925,Ezi_3,E(z) RNAi,0.6844431422809849,-0.049166104862497284,15.503685830822448,100,2000
3611,68.53183962264151,519.7387971698113,288.6698113207547,2002.0,1.3277607959551458,53834.05306603773,Ezi_3,E(z) RNAi,0.4805125615657244,-0.057736165927527505,15.895078830979756,100,2000
3612,68.9526285384171,536.5644136337377,349.9000577700751,2127.0,1.6128878654653234,57680.99768919699,Ezi_3,E(z) RNAi,0.33176430669735324,-0.018308010470250546,16.1823081683182,100,2000
3613,67.88896321070234,547.0642140468227,306.8180602006689,1771.0,1.6214755960902731,41650.49765886288,Ezi_3,E(z) RNAi,0.4379045604262488,0.001599944582512114,15.1372900868232,100,2000
3614,68.452865064695,557.0166358595194,212.53419593345657,943.0,1.4759677359224772,63516.038817005545,Ezi_3,E(z) RNAi,0.6693198285192381,0.017399853378473162,15.78590983395084,100,2000
3615,68.57273706896552,575.6896551724138,254.18588362068965,2164.0,1.338955281077696,58055.24137931035,Ezi_3,E(z) RNAi,0.5686129004901728,0.059638127105446026,15.79055654158411,100,2000
3616,68.59165256627186,615.2481669486746,191.8127467569092,2308.0,1.7589615012421012,58292.26677946983,Ezi_3,E(z) RNAi,0.7238872942257373,0.14043380812690587,15.754320215999016,100,2000
3617,68.20534458509142,620.5928270042194,238.28481012658227,2348.0,1.5530688865855,61478.68213783404,Ezi_3,E(z) RNAi,0.61050224563549,0.15451240361741503,15.291689608731218,100,2000
3618,68.92390011890606,619.3894173602854,118.34898929845423,2117.0,1.3240674538383184,59972.486920332936,Ezi_3,E(z) RNAi,0.9039618507741165,0.14503524474977114,16.164764132062146,100,2000
3619,68.6543352601156,624.4612716763006,217.67109826589595,2258.0,1.4451892375646354,60442.23410404624,Ezi_3,E(z) RNAi,0.6612086653485267,0.16157985777934591,15.753492868319356,100,2000
3620,68.14026162790698,634.5239825581396,203.02834302325581,1837.0,1.6429891202338742,49188.08212209302,Ezi_3,E(z) RNAi,0.697713785075361,0.18219905725339403,15.223858471021742,100,2000
3621,69.46407663650878,639.6152208621608,176.99361362426822,2275.0,1.3446567336840558,61482.134113890366,Ezi_3,E(z) RNAi,0.7617664752127562,0.19156894567730554,16.56315774879768,100,2000
3622,69.34352159468439,685.778073089701,128.2784053156146,1825.0,1.398976537020381,50874.635215946844,Ezi_3,E(z) RNAi,0.8840505953426627,0.28724038971697397,16.34804563655213,100,2000
3623,68.190990990991,687.8522522522522,327.7111111111111,2042.0,1.44358889576345,37446.67267267267,Ezi_3,E(z) RNAi,0.3960823052934368,0.303155567101117,14.938329609114632,100,2000
3624,69.64946808510638,697.7031914893618,179.23723404255318,2508.0,1.6516316457653317,50886.10638297872,Ezi_3,E(z) RNAi,0.7601176201572255,0.3156210647852866,16.54984508440964,100,2000
3625,67.65419501133786,704.5969387755102,824.7726757369614,2194.0,1.5465613081594987,35134.92970521542,Ezi_3,E(z) RNAi,-0.8193597075528389,0.3675326879316527,13.721481214121141,100,2000
3626,68.71428571428571,723.1228070175439,290.1484962406015,1947.0,1.307069943620576,40131.84899749373,Ezi_3,E(z) RNAi,0.4903481763428492,0.3762377331124718,15.389803355628558,100,2000
3627,68.34179265658747,744.804535637149,520.3277537796977,2173.0,1.3893064569434213,36099.39686825054,Ezi_3,E(z) RNAi,-0.07157692658368531,0.43576089860899625,14.655424851157278,100,2000
3628,67.07364074328974,746.3537508602891,349.63454920853405,1639.0,1.4591875738784383,37251.872677219544,Ezi_3,E(z) RNAi,0.3462984353798517,0.4292150880801655,13.596199849151589,100,2000
3629,67.4933943089431,752.9415650406504,270.4253048780488,2484.0,1.5206537768671304,38281.47103658537,Ezi_3,E(z) RNAi,0.5405965988602388,0.43870524826907564,14.093106741680828,100,2000
3630,67.33631618195376,764.5197613721103,406.38031319910516,1683.0,1.5284077265200555,21063.879940343028,Ezi_3,E(z) RNAi,0.20861501551090234,0.47124305107124353,13.726422570594139,100,2000
3631,67.17571884984025,789.9222577209798,434.790202342918,1169.0,1.5557942348083589,21004.651757188498,Ezi_3,E(z) RNAi,0.14076320444433787,0.5270720739484089,13.444520651556715,100,2000
3632,70.27856701667696,808.6670784434837,518.2711550339716,1853.0,1.2043100541283072,41355.891908585545,Ezi_3,E(z) RNAi,-0.062324015471249994,0.5718969359347752,16.37940519661305,100,2000
3633,68.6208651399491,825.5122985581,356.20271416454625,1467.0,1.4658353657653138,29880.73282442748,Ezi_3,E(z) RNAi,0.3354553974090675,0.5984771543326388,14.868230338563677,100,2000
3634,68.69869595058339,836.238846945779,389.7666437886067,1726.0,1.5006239776313473,39094.33424845573,Ezi_3,E(z) RNAi,0.254017553700153,0.6232962823454975,14.867780243627621,100,2000
3635,68.92349726775956,869.4043715846994,526.4590163934427,1005.0,1.8031224685513298,16703.10382513661,Ezi_3,E(z) RNAi,-0.07834166160805589,0.7019324928524504,14.809249737418298,100,2000
3636,69.49802594472645,877.6520022560632,454.99548787366047,2219.0,1.4151360817154417,42281.500282007895,Ezi_3,E(z) RNAi,0.0971083365385641,0.7154113232851449,15.445616010322425,100,2000
3637,67.42302878598248,887.171464330413,520.857321652065,1382.0,1.6642910736000631,17049.46558197747,Ezi_3,E(z) RNAi,-0.0634519081570385,0.7395018706948091,13.255903180632679,100,2000
3638,70.28786964393483,902.9209414604708,463.4260712130356,3398.0,1.4484177343738942,28722.07905853953,Ezi_3,E(z) RNAi,0.07814405844455496,0.7698103898748967,16.13966438844386,100,2000
3639,68.08181818181818,920.2916666666666,507.50757575757575,1931.0,1.3643658213060377,26387.460606060606,Ezi_3,E(z) RNAi,-0.02858934526578405,0.8093936206299077,13.819746044262345,100,2000
3640,69.22930255895635,105.57952834922227,328.59508278976415,2635.0,1.40601869750096,39463.66031108881,Ezi_3,E(z) RNAi,0.35539465490078914,-0.9389718248646945,17.939104899111584,100,2000
3641,67.54141414141414,130.82626262626263,288.68888888888887,722.0,1.6406990008541684,21845.11919191919,Ezi_3,E(z) RNAi,0.45473955749199435,-0.8874250703347506,16.21615295862111,100,2000
3642,70.1736066623959,205.09929532351057,228.36963484945548,1789.0,1.301017671646619,37005.0999359385,Ezi_3,E(z) RNAi,0.6072762550863529,-0.7324340910929257,18.673533389737656,100,2000
3643,69.78337236533957,218.83021077283374,412.2324355971897,2326.0,1.6446292630349693,19950.20901639344,Ezi_3,E(z) RNAi,0.15818409205740558,-0.6925432970164108,18.00633231693608,100,2000
3644,68.3320537428023,246.04990403071017,374.9942418426104,1838.0,1.4411211269062694,43796.02111324376,Ezi_3,E(z) RNAi,0.25112895179891837,-0.6366320024501486,16.50994815632103,100,2000
3645,69.88249845392703,243.62894248608535,259.19727891156464,2041.0,1.5091100181703396,39970.90785405071,Ezi_3,E(z) RNAi,0.5343758415796205,-0.6484619362545465,18.213819980877233,100,2000
3646,68.79430604982207,295.77793594306047,372.45480427046266,1615.0,1.3771609520436374,42287.326690391455,Ezi_3,E(z) RNAi,0.26063271161704926,-0.5306882413112604,16.80768709141931,100,2000
3647,69.51910408432147,323.65744400527007,104.51910408432147,911.0,1.3822527656881434,28808.722002635048,Ezi_3,E(z) RNAi,0.9182439862467393,-0.4866547702293028,17.774601865956953,100,2000
3648,68.7844522968198,337.90812720848055,305.7844522968198,1016.0,1.5437624141902213,22013.266195524146,Ezi_3,E(z) RNAi,0.42659469546821804,-0.4446542647286704,16.739400379358415,100,2000
3649,68.74431426602344,352.50103376981394,162.7553411440386,1735.0,1.4727431854058006,51616.31495520331,Ezi_3,E(z) RNAi,0.7776220005943817,-0.4217694995775225,16.829488519461208,100,2000
3650,68.73420479302833,413.9891067538126,130.02178649237473,653.0,1.4681195133975034,32139.23093681917,Ezi_3,E(z) RNAi,0.8618047942337905,-0.2924818923249335,16.653090740759822,100,2000
3651,70.31234413965088,433.20947630922694,300.64401496259353,2052.0,1.4575472538038057,55095.840399002496,Ezi_3,E(z) RNAi,0.4454763078086852,-0.24162932797686276,17.952349615162532,100,2000
3652,70.53279164248404,443.8049912942542,198.30179918746373,2091.0,1.3583760836900165,62009.14103308183,Ezi_3,E(z) RNAi,0.6966578027135952,-0.2249245958686461,18.26545815275628,100,2000
3653,69.2125322997416,457.86498708010333,241.56589147286823,2021.0,1.7121211244462873,58305.14018087855,Ezi_3,E(z) RNAi,0.5917034553876024,-0.19244497039473152,16.8435163437735,100,2000
3654,68.27300380228137,471.62281368821294,149.1718631178707,1478.0,1.4087609585044336,48255.229657794676,Ezi_3,E(z) RNAi,0.818749409733663,-0.16842880113029157,15.973511735370394,100,2000
3655,71.87579169598874,485.3089373680507,291.52603800140747,3660.0,1.8673688018080596,49127.35362420831,Ezi_3,E(z) RNAi,0.4712347020427623,-0.13099779596513883,19.351532681003533,100,2000
3656,69.04218852999341,544.3197099538563,364.1621621621622,2102.0,1.6681878458219308,59158.98417930125,Ezi_3,E(z) RNAi,0.29737081226285644,-0.000940367818076826,16.227822130192763,100,2000
3657,69.19514472455649,546.1998132586368,172.28197945845005,1269.0,1.3920988281808813,55484.91970121382,Ezi_3,E(z) RNAi,0.7671188544737386,-0.007991525093628549,16.61516030633811,100,2000
3658,69.61693811074919,549.585016286645,225.2013029315961,2039.0,1.652677688908566,62517.987622149834,Ezi_3,E(z) RNAi,0.6378222938250011,0.002284481195871324,16.959145242161412,100,2000
3659,69.13543003851092,574.091784338896,306.3806161745828,2128.0,1.9748339639669767,49317.27342747112,Ezi_3,E(z) RNAi,0.44075970166826495,0.059242787168253486,16.293153442297893,100,2000
3660,71.0326774420239,597.0302178496135,247.75158116654956,3638.0,1.589661634007522,59673.54532677442,Ezi_3,E(z) RNAi,0.585765581527474,0.10481170581944776,18.18658705443511,100,2000
3661,69.26386349786715,674.2736136502133,167.31505179768433,2004.0,1.5630011605589378,55684.00792199878,Ezi_3,E(z) RNAi,0.7877480732025124,0.2649476055660114,16.258210766478314,100,2000
3662,69.26367869615832,685.778230500582,159.73515715948778,2093.0,1.4613466771070973,54441.27823050058,Ezi_3,E(z) RNAi,0.8070608675147313,0.28905383635223525,16.228738672409207,100,2000
3663,69.50322118826055,683.5204008589835,185.19613457408732,1821.0,1.422320804725805,53459.11596277738,Ezi_3,E(z) RNAi,0.7445954246003816,0.28570685262612483,16.443951563707202,100,2000
3664,69.9796285200719,715.5338526063512,395.3469143199521,2044.0,1.3422397644734383,40655.01437986818,Ezi_3,E(z) RNAi,0.23237083892985688,0.36612249369807026,16.548753335180947,100,2000
3665,68.80998851894374,733.1561423650976,373.02812858783005,2001.0,1.5120919592522293,44712.588978185995,Ezi_3,E(z) RNAi,0.28816491996807114,0.4024215099681767,15.347693849769584,100,2000
3666,69.89962264150944,743.942641509434,872.3101886792452,2010.0,1.6732174780235392,42413.49660377359,Ezi_3,E(z) RNAi,-0.9331105294111548,0.45422763408815925,15.77457190971451,100,2000
3667,71.13200498132005,740.1108343711084,888.9975093399751,2272.0,1.367995364669055,32839.13325031133,Ezi_3,E(z) RNAi,-0.9742095246512363,0.4470241755055282,16.99893308179267,100,2000
3668,69.82709950599859,742.1439661256175,278.27522935779814,1771.0,1.3906435034055415,34061.82215949189,Ezi_3,E(z) RNAi,0.5206630396491816,0.416139853098187,16.453361106614963,100,2000
3669,69.4891156462585,753.8959183673469,387.06666666666666,1729.0,1.4229541620688395,38129.857142857145,Ezi_3,E(z) RNAi,0.2551759313227959,0.4474808612584136,15.939264466209508,100,2000
3670,70.40849194729137,801.1691068814056,321.5739385065886,1983.0,1.4573048359793506,29166.007320644218,Ezi_3,E(z) RNAi,0.4185932944833939,0.5445612516213936,16.78138084299519,100,2000
3671,70.6128279883382,801.8,420.82332361516035,2129.0,1.4547033088975216,43738.23673469388,Ezi_3,E(z) RNAi,0.17572295139933036,0.5516310335030317,16.859074756647033,100,2000
3672,68.44424131627056,825.4497257769652,262.9469835466179,769.0,1.7685322347948476,26147.210237659965,Ezi_3,E(z) RNAi,0.5636938731597319,0.5929655685924768,14.808812598534303,100,2000
3673,70.33311125916056,831.8980679546969,342.327781479014,1839.0,1.4250212200885024,40005.31379080613,Ezi_3,E(z) RNAi,0.3698316888240414,0.6113126339234278,16.57633764075365,100,2000
3674,70.43482688391039,116.84928716904277,343.5280040733198,2561.0,1.5302238210658028,43916.975050916495,Ezi_3,E(z) RNAi,0.3195886726799453,-0.9140598512154666,19.08788268972846,100,2000
3675,69.72727272727273,145.7080965909091,372.53409090909093,1793.0,1.4523955458930449,25974.43963068182,Ezi_3,E(z) RNAi,0.25050789134211815,-0.8508269358943505,18.24662391462823,100,2000
3676,72.33148831488315,146.94956949569496,504.5024600246002,2410.0,1.5311837306610065,17557.429274292743,Ezi_3,E(z) RNAi,-0.07240815267587153,-0.8405506735165998,20.681075217540823,100,2000
3677,70.4232121922626,174.50879249706918,444.4513481828839,2012.0,1.7559335614432943,17864.53810082063,Ezi_3,E(z) RNAi,0.07639477222251179,-0.7852336834499395,18.7552114640943,100,2000
3678,72.73255813953489,183.86821705426357,578.1434108527131,780.0,1.898852928115402,5861.674418604651,Ezi_3,E(z) RNAi,-0.25020209223805556,-0.7575418274447719,20.86525667135905,100,2000
3679,70.32846207376478,193.32567849686848,358.23799582463465,1669.0,1.488552220377466,37701.72233820459,Ezi_3,E(z) RNAi,0.288645892198254,-0.7500623228566935,18.705165300533594,100,2000
3680,69.44747899159664,248.58543417366946,388.85994397759106,1726.0,1.642192528604834,40584.7037815126,Ezi_3,E(z) RNAi,0.21735740335184084,-0.6304152983662481,17.59942048942085,100,2000
3681,72.15689045936396,290.3597173144876,252.8650176678445,1725.0,1.3233075237342256,38198.33922261484,Ezi_3,E(z) RNAi,0.552959036681647,-0.5491178580969014,20.338552722149373,100,2000
3682,69.94041095890411,302.23150684931505,295.3,1691.0,1.4027377070743794,39352.85479452055,Ezi_3,E(z) RNAi,0.44989171212963885,-0.521360737494531,18.028815933195276,100,2000
3683,71.18622950819672,354.6727868852459,210.18360655737706,1807.0,1.4899971051038354,38367.172459016394,Ezi_3,E(z) RNAi,0.6616786988466474,-0.41438411162401456,19.204563116713743,100,2000
3684,70.28,368.466,170.19533333333334,1815.0,1.346109150841507,50880.562666666665,Ezi_3,E(z) RNAi,0.7604645376893633,-0.38727066851645453,18.301992336501556,100,2000
3685,69.08089668615985,373.48830409356725,144.44249512670567,1270.0,1.4869694413417818,32969.649122807015,Ezi_3,E(z) RNAi,0.8238299263652593,-0.37804992029799234,17.11826844099818,100,2000
3686,71.63026952315134,398.0953697304769,229.42985487214926,2250.0,1.6664642767007076,61360.08984105045,Ezi_3,E(z) RNAi,0.6174451981761835,-0.32063606210372686,19.478022318237123,100,2000
3687,70.66175024582104,397.84365781710915,154.3677482792527,1319.0,1.37177384567417,45726.48574237955,Ezi_3,E(z) RNAi,0.801144772507363,-0.32550791689879977,18.604527276780217,100,2000
3688,69.5908750934929,447.1810022438295,178.55198204936426,1692.0,1.4988321685169128,59694.96559461481,Ezi_3,E(z) RNAi,0.7452212347724236,-0.21886796829616617,17.33694001136243,100,2000
3689,71.00358790363916,467.9436186570989,215.2824192721681,2881.0,1.440492679882833,62330.821629933365,Ezi_3,E(z) RNAi,0.6566935586656126,-0.17244622103738672,18.63354642787867,100,2000
3690,70.2113475177305,469.9198581560284,324.01418439716315,1780.0,1.7407653694515721,55035.38794326241,Ezi_3,E(z) RNAi,0.39070706269422883,-0.16196687682920052,17.698237382592566,100,2000
3691,71.01174934725849,505.4967362924282,195.59007832898172,1870.0,1.3644994664932635,60723.85966057441,Ezi_3,E(z) RNAi,0.7073746545446271,-0.0934679746070598,18.53977367361034,100,2000
3692,71.02502979737783,508.2109654350417,238.12872467222886,2056.0,1.364223870970389,57990.788438617405,Ezi_3,E(z) RNAi,0.6034414316225465,-0.08522486757270742,18.49053409424772,100,2000
3693,70.86051873198848,519.3867435158502,360.31527377521616,2210.0,1.5079686012136655,57545.75965417868,Ezi_3,E(z) RNAi,0.3051313605491326,-0.054339457147272396,18.135047308223406,100,2000
3694,72.65189873417721,535.5727848101266,207.5759493670886,2329.0,1.4198087658559062,61242.60654008439,Ezi_3,E(z) RNAi,0.6800244597721683,-0.028602542896116634,20.063451092144064,100,2000
3695,71.18481295365717,557.3724176437744,132.21663874930206,2593.0,1.4351781242649384,45034.701284198774,Ezi_3,E(z) RNAi,0.8659116985329527,0.013547867441211725,18.617402596927263,100,2000
3696,70.21947674418605,551.8798449612403,348.1371124031008,2663.0,1.549356710402997,56263.93701550388,Ezi_3,E(z) RNAi,0.3370887007987553,0.014272577465888281,17.39971214335678,100,2000
3697,70.0864553314121,560.0220941402498,311.9913544668588,1502.0,1.712873884738169,40608.109510086455,Ezi_3,E(z) RNAi,0.4260939863354778,0.029557756266205937,17.284580390467468,100,2000
3698,72.69528178243775,568.2005242463958,194.30144167758846,1998.0,1.3638011596705506,62168.81192660551,Ezi_3,E(z) RNAi,0.7146720508396609,0.04023848214433956,20.01345791838324,100,2000
3699,70.91050847457628,590.2589830508474,231.4149152542373,1784.0,1.3517110892785522,61219.60406779661,Ezi_3,E(z) RNAi,0.625301731642874,0.08942355210164177,18.107748449077206,100,2000
3700,70.20087336244542,593.109794135995,273.04553961322523,2131.0,1.4082663497700323,61151.79226450405,Ezi_3,E(z) RNAi,0.5236019742203,0.09790042827885692,17.33627655459182,100,2000
3701,69.03791469194313,608.3279620853081,133.38388625592418,1324.0,1.413545205360388,55947.461611374405,Ezi_3,E(z) RNAi,0.8664320352145156,0.12230508606972634,16.297218131948995,100,2000
3702,71.00387972841901,606.854510184287,237.7972841901067,1502.0,1.4525917831671247,63813.42289039767,Ezi_3,E(z) RNAi,0.6107786096729659,0.12519612448625317,18.13714754278523,100,2000
3703,71.44321462945139,610.2372473532242,266.25794032723775,2499.0,1.5681096064432625,55194.09143407122,Ezi_3,E(z) RNAi,0.5413440863709389,0.13405679284350858,18.529366803782665,100,2000
3704,70.37382140876318,616.4803105934553,251.68275097060456,2286.0,1.6381545502066963,57052.43871325569,Ezi_3,E(z) RNAi,0.577432725836927,0.1465272441853973,17.457212521784044,100,2000
3705,72.92905198776758,612.8678899082569,207.90030581039755,2604.0,1.646633474171091,63279.40611620795,Ezi_3,E(z) RNAi,0.6843433942679682,0.13631493988128973,20.07953585351426,100,2000
3706,70.35372848948374,648.0506692160612,164.5114722753346,1345.0,1.4737190851215234,53006.80210325048,Ezi_3,E(z) RNAi,0.7928718711344906,0.20885141436087817,17.440016717914318,100,2000
3707,70.92516129032258,660.9587096774194,231.92322580645163,1907.0,1.493010633284373,45492.53290322581,Ezi_3,E(z) RNAi,0.6287348606105034,0.24027954647996097,17.88334507324845,100,2000
3708,70.86724482988659,668.2121414276185,270.0420280186791,1766.0,1.4020358297073956,40489.392928619076,Ezi_3,E(z) RNAi,0.535919646094154,0.25795096687516894,17.75314655155036,100,2000
3709,70.39692307692307,674.6317948717949,118.94564102564102,1283.0,1.3848508090263718,43558.981538461536,Ezi_3,E(z) RNAi,0.906152007645546,0.2629311431784087,17.450736947295155,100,2000
3710,70.75415282392026,682.6794019933554,293.2059800664452,2068.0,1.348775428419675,38062.209856035435,Ezi_3,E(z) RNAi,0.48018362028220496,0.29014929191367034,17.562207479908565,100,2000
3711,73.74881676808654,691.0949966193374,195.0338066260987,3648.0,1.4730462197936212,56547.52197430696,Ezi_3,E(z) RNAi,0.7210068787124364,0.30246410166594195,20.651634251476622,100,2000
3712,71.1497769279796,698.9235181644359,142.79477374123647,1880.0,1.3839425714270297,54587.7253027406,Ezi_3,E(z) RNAi,0.8493864989887401,0.3161341887742506,18.091747817164475,100,2000
3713,69.85416666666667,730.3708333333333,246.98916666666668,1528.0,1.4818807958599756,30838.226666666666,Ezi_3,E(z) RNAi,0.596456298349904,0.38922010076345726,16.559380159726985,100,2000
3714,71.28181818181818,736.4175324675325,294.9461038961039,1887.0,1.353990544266429,38162.48766233766,Ezi_3,E(z) RNAi,0.47947832092867526,0.40489517868465463,17.906466995567428,100,2000
3715,72.28558096126925,747.0153989734018,844.3831077928138,2693.0,1.3260931925614416,53381.32337844144,Ezi_3,E(z) RNAi,-0.8645628953460115,0.45919002735707304,18.185188529396655,100,2000
3716,71.17723880597015,762.3650497512438,872.622512437811,2178.0,1.3492486185712496,43485.333333333336,Ezi_3,E(z) RNAi,-0.9326598114489447,0.49355619259730954,16.98966268842588,100,2000
3717,70.72222222222223,765.1146384479717,269.78483245149914,1767.0,1.750531669872442,33106.45238095238,Ezi_3,E(z) RNAi,0.5429602816538264,0.46466109212555495,17.281666398108342,100,2000
3718,71.34151957022256,772.0560245587106,303.1358403683807,1674.0,1.542357269006993,32703.049117421335,Ezi_3,E(z) RNAi,0.4617916056249771,0.4813968389292438,17.835711036438255,100,2000
3719,69.68651092690278,774.0195930670686,668.3255463451394,1690.0,1.7506381780563665,32077.63074604371,Ezi_3,E(z) RNAi,-0.43187053942693665,0.5066293885987623,15.715942872574814,100,2000
3720,70.22417982989064,791.7108140947752,824.5820170109356,2000.0,1.489359605732965,35940.44471445929,Ezi_3,E(z) RNAi,-0.8131372327002224,0.5533839165113943,15.997917290335664,100,2000
3721,71.12239408204438,822.0813718897108,370.34633490248825,2001.0,1.5043702913103612,36905.87424344318,Ezi_3,E(z) RNAi,0.3006049796961072,0.5919914713631644,17.363569218860206,100,2000
3722,70.58328782086292,842.8623702894594,326.8629164391043,2234.0,1.3568192183515944,42105.10977607864,Ezi_3,E(z) RNAi,0.408406381014609,0.63381338821658,16.80893946011828,100,2000
3723,72.07512953367876,845.0,465.32901554404145,810.0,1.431061679914656,19481.748704663212,Ezi_3,E(z) RNAi,0.06964968668659499,0.6463680122909576,18.119850284391532,100,2000
3724,70.45226615236258,857.4484088717454,698.7174541947927,1838.0,1.620581748874475,13519.149469623915,Ezi_3,E(z) RNAi,-0.5007371274261445,0.6863693088218206,16.162220698375904,100,2000
3725,71.46528973034997,870.7532989099254,465.6597819850832,2249.0,1.2819931595811185,38984.50315547906,Ezi_3,E(z) RNAi,0.07054562762860273,0.7013232037577288,17.422752450746515,100,2000
3726,72.13930605903677,891.2682547902641,439.21853961677886,2381.0,1.30061732006384,45068.65095805282,Ezi_3,E(z) RNAi,0.13661548364816456,0.7435689714366316,18.06075434268915,100,2000
3727,69.44059869036482,898.5855940130964,414.0916744621141,1387.0,1.4330147738102406,29941.56969130028,Ezi_3,E(z) RNAi,0.19860491364692345,0.7577110052551272,15.368911312658526,100,2000
3728,70.84108527131782,899.9302325581396,504.2480620155039,978.0,1.98600156559607,19471.798449612405,Ezi_3,E(z) RNAi,-0.021966630495502626,0.7657878691808018,16.651748698236332,100,2000
3729,70.75135135135135,155.60337837837838,347.2371621621622,1861.0,1.5986455332889555,36117.37432432432,Ezi_3,E(z) RNAi,0.3130734972464808,-0.8311680265458898,19.269062620580087,100,2000
3730,68.49740932642487,176.720207253886,653.1796200345423,1043.0,1.9612388993016254,14380.85664939551,Ezi_3,E(z) RNAi,-0.4343130064718297,-0.7684954036525162,16.56010363726098,100,2000
3731,71.41620111731844,198.58156424581006,242.5435754189944,2623.0,1.6795639103839435,32302.17430167598,Ezi_3,E(z) RNAi,0.5721510022172889,-0.7455123785008819,19.920317424728154,100,2000
3732,70.6798780487805,190.4268292682927,622.3871951219512,745.0,1.9053461667612437,11788.045731707318,Ezi_3,E(z) RNAi,-0.3580484027110342,-0.741014042747735,18.734966455923697,100,2000
3733,71.0412067696836,201.3841059602649,573.1604120676968,1675.0,1.5474319413837017,37156.983811626196,Ezi_3,E(z) RNAi,-0.23684266386366915,-0.7204740680198713,19.12109940397137,100,2000
3734,70.81492764661081,208.84006092916985,491.0921553693831,1650.0,1.7330522439838583,24272.08073115004,Ezi_3,E(z) RNAi,-0.03548783434057712,-0.7093014035738513,18.97263695902309,100,2000
3735,72.87721441661576,231.90653634697617,327.98411728772146,1995.0,1.44570395420164,35489.737324373855,Ezi_3,E(z) RNAi,0.3652369631278576,-0.6694820382531561,21.161751156564577,100,2000
3736,69.62215477996965,262.82397572078906,238.94688922610015,875.0,1.5571186762299012,23269.99544764795,Ezi_3,E(z) RNAi,0.5852090100902887,-0.6086818585858962,17.914152319688583,100,2000
3737,70.69094922737307,294.79470198675494,167.98233995584988,637.0,1.3810376630112173,25813.37748344371,Ezi_3,E(z) RNAi,0.7610057954544103,-0.5445612297096648,18.96415454329778,100,2000
3738,71.88513513513513,298.8329238329238,206.49570024570025,2062.0,1.567687942034631,38212.58538083538,Ezi_3,E(z) RNAi,0.6670086328757003,-0.5337170989827168,20.096397840351415,100,2000
3739,73.64,314.06688524590163,267.247868852459,1968.0,1.2753845503020471,43610.21442622951,Ezi_3,E(z) RNAi,0.5193213697660051,-0.497702355694003,21.72366175025634,100,2000
3740,72.00310880829015,321.439378238342,198.15751295336787,1260.0,1.2261530691369251,32309.260103626944,Ezi_3,E(z) RNAi,0.6889114613971208,-0.48596973205299043,20.14859640509188,100,2000
3741,71.6041802743305,343.5290659699543,253.5643370346179,1800.0,1.3759268274356256,44513.83278902678,Ezi_3,E(z) RNAi,0.5547665394757302,-0.4356532364679129,19.605667513398203,100,2000
3742,71.18689105403011,370.9185119574845,111.44729849424269,1382.0,1.3454973444116731,33395.13197519929,Ezi_3,E(z) RNAi,0.9044092089661435,-0.38541925080445605,19.27430931006228,100,2000
3743,72.95156081808396,371.5182992465016,183.40850376749194,2153.0,1.1895296924047933,58985.672766415504,Ezi_3,E(z) RNAi,0.7283198082933129,-0.3799778350641023,20.94666611553903,100,2000
3744,72.19345661450924,377.8719772403983,229.02204836415362,1778.0,1.4355909821853663,45287.99146514936,Ezi_3,E(z) RNAi,0.6171037843968517,-0.3637988618829505,20.109916068335167,100,2000
3745,69.26916524701873,390.89267461669505,139.87904599659285,847.0,1.6964945597321615,32259.470187393526,Ezi_3,E(z) RNAi,0.8361497830230731,-0.34118221931313863,17.25356866144986,100,2000
3746,73.7275390625,388.31787109375,236.83935546875,2471.0,1.4860280052936814,59281.51513671875,Ezi_3,E(z) RNAi,0.5986577299341358,-0.34105234762142356,21.598955038383536,100,2000
3747,71.49717159019485,390.708359522313,182.55185417976116,1872.0,1.2656489599220804,55217.50911376493,Ezi_3,E(z) RNAi,0.7316901367711324,-0.33909886489782737,19.428646993177153,100,2000
3748,71.61050724637681,415.85778985507244,146.76902173913044,1367.0,1.3488004640345734,52471.161231884056,Ezi_3,E(z) RNAi,0.820931603021827,-0.2875088648516564,19.502062640942952,100,2000
3749,73.20068027210884,413.8582766439909,187.2233560090703,1201.0,1.4364422429660737,45011.6462585034,Ezi_3,E(z) RNAi,0.7217833698598968,-0.2894304904871732,21.048216303010875,100,2000
3750,71.815877251501,424.815877251501,123.93795863909273,1935.0,1.4532394753166142,45164.14276184123,Ezi_3,E(z) RNAi,0.877402366423907,-0.26971308577366115,19.705864947292355,100,2000
3751,71.20462633451957,445.1334519572954,159.94365361803085,1972.0,1.373060054747199,54956.91518386714,Ezi_3,E(z) RNAi,0.7906248075606557,-0.22429725744764883,18.98093076265009,100,2000
3752,70.95304568527919,450.63769035532994,135.7982233502538,1876.0,1.3866512430367701,45631.669416243654,Ezi_3,E(z) RNAi,0.8500852726592156,-0.21394881632036,18.741081614151625,100,2000
3753,71.46533864541833,451.28605577689245,316.8948207171315,1798.0,1.622974420618937,53499.06932270916,Ezi_3,E(z) RNAi,0.40689528725587865,-0.20212048600541754,19.023990154755353,100,2000
3754,71.578125,463.945625,264.881875,1911.0,1.339391507865416,54581.76375,Ezi_3,E(z) RNAi,0.5350334463259139,-0.17811138877642996,19.15933713831319,100,2000
3755,73.5173501577287,473.58675078864354,196.75709779179812,2833.0,1.370700101350229,60376.03289770167,Ezi_3,E(z) RNAi,0.7024001998081562,-0.16145734107239096,21.151503191091294,100,2000
3756,71.11364843335103,485.9984067976633,242.67498672331385,2263.0,1.3882237736466432,58855.325013276684,Ezi_3,E(z) RNAi,0.5908447582988692,-0.13234904925927793,18.648355337255254,100,2000
3757,71.92804232804232,498.3925925925926,256.25820105820105,1411.0,1.492004382994752,62260.183068783066,Ezi_3,E(z) RNAi,0.5584176671686536,-0.10511895192251997,19.403906634935552,100,2000
3758,70.71563981042654,495.832769126608,280.50914014895056,1845.0,1.7009918571934572,43740.21394719025,Ezi_3,E(z) RNAi,0.4988979317380109,-0.10919050868934344,18.16972037197732,100,2000
3759,70.91231231231231,500.98138138138137,301.1867867867868,2103.0,1.556547999779352,55882.50870870871,Ezi_3,E(z) RNAi,0.4486297319263821,-0.09701313333491646,18.323087971802053,100,2000
3760,74.08932806324111,503.1604743083004,212.26403162055337,2036.0,1.6066461212753382,61241.18260869565,Ezi_3,E(z) RNAi,0.6664020619064142,-0.09746828880901703,21.604292669377827,100,2000
3761,71.49624866023579,523.7068595927117,235.06966773847802,2233.0,1.6224883544927844,58159.87459807074,Ezi_3,E(z) RNAi,0.6119522451721511,-0.052339801951285625,18.91333134367214,100,2000
3762,70.55633802816901,541.8881064162754,323.1721439749609,1521.0,1.6331929528261346,38802.20657276995,Ezi_3,E(z) RNAi,0.39752813749187754,-0.008480150342582093,17.801585850890646,100,2000
3763,71.79479597871082,550.8988764044943,199.93435836782967,2185.0,1.3818744876400637,60771.784742755764,Ezi_3,E(z) RNAi,0.6997435108626957,0.003646410141108003,19.16425695695304,100,2000
3764,71.55521091811414,550.0539702233251,156.97518610421835,1950.0,1.320140178583314,57103.109801488834,Ezi_3,E(z) RNAi,0.804830277605354,-0.0006346853455767576,18.981417104077522,100,2000
3765,71.77295660948536,565.7855701311806,369.9419778002018,2536.0,1.580742732741775,58544.27951564077,Ezi_3,E(z) RNAi,0.28463712609663805,0.04520670626197543,18.878932844215342,100,2000
3766,72.83878937615812,563.1883878937616,181.63928350833848,2311.0,1.3866107288570708,57755.262507720814,Ezi_3,E(z) RNAi,0.7453305135009227,0.02881687451745729,20.189752152021256,100,2000
3767,71.47572218807622,579.5531653349724,150.81929932390904,1968.0,1.3874923491530908,52468.84388444991,Ezi_3,E(z) RNAi,0.8218485183377369,0.061941632806664204,18.810172573824644,100,2000
3768,69.86334056399133,578.6637744034707,322.2169197396963,1244.0,1.609354375266304,47952.27548806941,Ezi_3,E(z) RNAi,0.4023009621282976,0.06991475577630468,16.985773855723977,100,2000
3769,70.08594815825376,582.3165075034107,126.88949522510232,996.0,1.6057458719510171,39062.088676671214,Ezi_3,E(z) RNAi,0.8806031538896266,0.06644697089427831,17.44110993413726,100,2000
3770,72.44118952507768,593.3311140701287,180.02352418996892,3102.0,1.6036518754291953,62866.81225033289,Ezi_3,E(z) RNAi,0.7512803346114727,0.09302552043745838,19.692532586394435,100,2000
3771,72.69019607843137,621.9843137254902,307.46862745098036,1715.0,1.7180006373385641,39955.7862745098,Ezi_3,E(z) RNAi,0.441255094263731,0.16150241522343745,19.685025083861802,100,2000
3772,71.53668143771542,629.5278188084687,295.4903988183161,2538.0,1.5002389815409842,40494.44362383062,Ezi_3,E(z) RNAi,0.4710739805759119,0.17689627242465167,18.52110647277192,100,2000
3773,73.88906009244992,653.9619928094504,151.08012326656393,2451.0,1.33131144731267,58138.337955829484,Ezi_3,E(z) RNAi,0.8261259188280787,0.22071356270669118,20.972241163442973,100,2000
3774,70.42857142857143,664.730612244898,384.93673469387755,1672.0,1.5303814378881981,40086.71496598639,Ezi_3,E(z) RNAi,0.2544873616277774,0.25714493666657945,17.182075543472266,100,2000
3775,71.76592082616179,709.6282271944923,189.72805507745267,1029.0,1.4273102186848896,34115.06196213425,Ezi_3,E(z) RNAi,0.735224374033983,0.34168146976158575,18.612908460184656,100,2000
3776,71.28920863309352,721.9007194244605,277.03669064748203,1773.0,1.7146208174106707,35415.15467625899,Ezi_3,E(z) RNAi,0.522350958369499,0.3728933323753514,17.985280222034874,100,2000
3777,72.08381782945736,725.8798449612403,842.2703488372093,2694.0,1.2809393574168388,50923.892441860466,Ezi_3,E(z) RNAi,-0.8607896289407244,0.4139774161671559,18.057352007827348,100,2000
3778,72.6867469879518,729.7993975903614,342.060843373494,1994.0,1.5004894165579503,38781.030120481926,Ezi_3,E(z) RNAi,0.3637238131767835,0.39350313160791406,19.27459705736331,100,2000
3779,71.77641509433963,755.9051886792453,298.88301886792453,2704.0,1.4656858022206163,44739.67735849057,Ezi_3,E(z) RNAi,0.4711306047336947,0.44669956561189705,18.330404060663454,100,2000
3780,70.13424657534246,797.4424657534247,337.23150684931505,966.0,1.323719504696991,22318.858904109587,Ezi_3,E(z) RNAi,0.3800258512340007,0.537511827839041,16.500061283115258,100,2000
3781,70.79910714285714,793.6324404761905,683.8883928571429,1663.0,1.4983477284414282,38718.609375,Ezi_3,E(z) RNAi,-0.46866603993837064,0.5493756539929138,16.742867756191444,100,2000
3782,69.45027932960893,810.2849162011173,847.6324022346369,1173.0,1.8012001342506962,22458.022346368714,Ezi_3,E(z) RNAi,-0.8683217289990092,0.5943321826729417,15.132467108451124,100,2000
3783,72.73340587595212,811.7801958650707,307.8073993471164,1198.0,1.3404071547834804,25047.071817192602,Ezi_3,E(z) RNAi,0.45298208251267535,0.5664214776352554,19.087767095499032,100,2000
3784,72.77605066206102,816.9539435808866,341.63960852043755,2204.0,1.5368661298892232,32355.70236039148,Ezi_3,E(z) RNAi,0.3705203740727194,0.579409804269752,19.070520163512,100,2000
3785,71.6473372781065,821.4674556213017,297.0295857988166,1126.0,1.4422508687871876,23047.621301775147,Ezi_3,E(z) RNAi,0.4800046009687142,0.5864583952248767,17.982558796196088,100,2000
3786,72.5207026348808,832.6081137599331,649.198243412798,2919.0,1.2833229402468582,45151.85529067336,Ezi_3,E(z) RNAi,-0.3811887823412339,0.6305364231697077,18.376536213698614,100,2000
3787,71.48979591836735,848.743328100471,388.6789638932496,1499.0,1.3392966152841834,33305.359497645215,Ezi_3,E(z) RNAi,0.2574989417989124,0.6499301664574078,17.618058236294857,100,2000
3788,71.50227272727273,876.5159090909091,698.6340909090909,992.0,1.9199781037818162,7834.579545454545,Ezi_3,E(z) RNAi,-0.49927464569682356,0.7270496001511904,17.14802434708166,100,2000
3789,73.7640866873065,103.16904024767801,346.37708978328175,2260.0,1.1894052392750165,44046.42476780186,Ezi_3,E(z) RNAi,0.31170105632028045,-0.9430560130796893,22.459680076800623,100,2000
3790,74.35062713797035,159.40136830102622,371.51710376282784,2149.0,1.3962757000474075,34906.622006841506,Ezi_3,E(z) RNAi,0.2538896890733786,-0.8216395667871579,22.825046882511216,100,2000
3791,72.0040206777714,184.4744399770247,512.8104537622056,2960.0,1.4391040986409074,26284.823664560598,Ezi_3,E(z) RNAi,-0.09025840218642478,-0.7600207211882835,20.21664300678634,100,2000
3792,73.14984227129338,187.9171924290221,329.7397476340694,1625.0,1.6521544045324739,40209.79889589905,Ezi_3,E(z) RNAi,0.35802912026297107,-0.7632230763060437,21.58051855971182,100,2000
3793,72.99286669638876,188.4302273740526,546.095853767276,2815.0,1.6652470708267824,26350.921533660276,Ezi_3,E(z) RNAi,-0.1714650730839401,-0.7496553700058047,21.15038446974107,100,2000
3794,71.53813038130382,213.15129151291512,287.349938499385,1955.0,1.5740760163369933,35725.18634686347,Ezi_3,E(z) RNAi,0.4634515840222142,-0.7118459203415848,19.936901081126535,100,2000
3795,70.17913385826772,271.6062992125984,152.29133858267716,695.0,1.437632290194409,21196.860236220473,Ezi_3,E(z) RNAi,0.7978766959501944,-0.5949383950431559,18.550225123688975,100,2000
3796,73.45093457943925,278.28660436137073,401.0373831775701,1639.0,1.5960871071281306,25083.434579439254,Ezi_3,E(z) RNAi,0.18950681816349446,-0.5663213914076671,21.487412669350803,100,2000
3797,72.33865248226951,323.915780141844,151.88209219858157,1344.0,1.5602280269109967,36780.24645390071,Ezi_3,E(z) RNAi,0.8023327893417227,-0.48335237151775834,20.5338416221868,100,2000
3798,72.00650195058518,359.35240572171654,136.73732119635892,1836.0,1.4704964000449843,38314.5611183355,Ezi_3,E(z) RNAi,0.8417447196955468,-0.40862959825862877,20.101191321519778,100,2000
3799,72.54851228978008,370.3764553686934,158.22121604139716,1111.0,1.6221602166151423,33670.67141009056,Ezi_3,E(z) RNAi,0.789890954193831,-0.3838689201732378,20.57906949795894,100,2000
3800,73.4796626984127,396.05902777777777,258.84722222222223,2315.0,1.4280687453171264,54647.29315476191,Ezi_3,E(z) RNAi,0.545306614512242,-0.3232707269035886,21.297365069348317,100,2000
3801,72.87578237843043,412.3750601829562,270.5560905151661,2412.0,1.4099044205663303,53697.34135772749,Ezi_3,E(z) RNAi,0.5177304538888734,-0.2877923704122066,20.623777276605765,100,2000
3802,72.08134715025906,452.0844559585492,273.9678756476684,2511.0,1.4147429587775415,56842.59844559585,Ezi_3,E(z) RNAi,0.5120094577242682,-0.20288777435393368,19.691156229626372,100,2000
3803,71.4777031154551,461.0720830788027,350.2816127061698,1956.0,1.5034483967888577,51706.88210140501,Ezi_3,E(z) RNAi,0.32582895019132274,-0.1793184984655597,18.96146805968253,100,2000
3804,72.90802764486975,467.3833067517278,237.8001063264221,2268.0,1.3166106837758715,59928.93567251462,Ezi_3,E(z) RNAi,0.6015393396054967,-0.17232942383021643,20.511613810679393,100,2000
3805,72.91450216450217,476.78246753246754,227.24891774891776,1240.0,1.2660251550357304,61962.02705627705,Ezi_3,E(z) RNAi,0.6279850260049473,-0.1528861139299974,20.499628791350503,100,2000
3806,71.67486631016043,517.2224598930482,322.7251336898396,1301.0,1.3528510598910608,58012.358288770054,Ezi_3,E(z) RNAi,0.39698720869327864,-0.06111801488072188,19.00384684919841,100,2000
3807,73.59793148028442,547.884938590821,182.54621848739495,1891.0,1.3152103368887267,55923.17647058824,Ezi_3,E(z) RNAi,0.7420962168573622,-0.00377278436557249,20.999358873308665,100,2000
3808,71.26971608832808,559.3028391167193,324.1001577287066,1567.0,1.5649344764571522,39344.638801261826,Ezi_3,E(z) RNAi,0.39640690492445874,0.028730091807789737,18.455067915645543,100,2000
3809,72.53911564625851,564.3333333333334,148.8860544217687,1470.0,1.5795423083265734,39514.009353741494,Ezi_3,E(z) RNAi,0.8255701882258268,0.029368813688340323,19.92730984600385,100,2000
3810,72.44182825484765,581.1509695290858,219.28254847645428,1897.0,1.569444456830021,62258.497229916895,Ezi_3,E(z) RNAi,0.6543886161977486,0.06930467502980098,19.68499363014493,100,2000
3811,73.2293997965412,573.9593082400813,236.86164801627672,2459.0,1.3116225771452914,59962.93082400814,Ezi_3,E(z) RNAi,0.6108859944933458,0.054981688710020515,20.474758429891097,100,2000
3812,73.47677386421644,580.9076059213885,268.86881061766206,2543.0,1.3607620986182694,59217.84175599796,Ezi_3,E(z) RNAi,0.5330078775752811,0.07165199601555128,20.658544808152598,100,2000
3813,71.33560477001704,589.328790459966,167.68143100511074,753.0,1.3199965257139201,62448.27086882453,Ezi_3,E(z) RNAi,0.7812258051075853,0.0837675643451894,18.615935660572163,100,2000
3814,74.4702743902439,589.2073170731708,322.2751524390244,2232.0,1.4959048172586904,57166.6006097561,Ezi_3,E(z) RNAi,0.40284284552337835,0.09244455504674831,21.557049158084553,100,2000
3815,72.724,609.0942857142857,150.39657142857143,2087.0,1.333662695279954,57536.51485714286,Ezi_3,E(z) RNAi,0.8248339248315977,0.12494759488872309,19.959352076108914,100,2000
3816,73.63451776649747,624.3510998307953,191.0414551607445,1506.0,1.4095972645254204,59107.17766497462,Ezi_3,E(z) RNAi,0.7263628797483075,0.1598456365250276,20.767422871475233,100,2000
3817,72.2818853974122,629.2504621072088,228.00739371534195,1607.0,1.72450807299761,52705.109981515714,Ezi_3,E(z) RNAi,0.6362172324596882,0.17241914708698514,19.351901698571524,100,2000
3818,72.12210733628754,639.2968980797637,246.68340718857706,2467.0,1.5420256570923572,52011.282127031016,Ezi_3,E(z) RNAi,0.5911730405085927,0.19492724982372778,19.134815418420885,100,2000
3819,71.7981072555205,649.8801261829653,186.32965299684543,993.0,1.4287497386099695,47243.526813880126,Ezi_3,E(z) RNAi,0.7395890931348004,0.2140227276989315,18.850844728738736,100,2000
3820,73.36786855317207,661.9178457325422,196.74167047010496,2628.0,1.4934171716695621,56287.02145139206,Ezi_3,E(z) RNAi,0.7148977290768428,0.2403150095449922,20.366939062769546,100,2000
3821,71.11222222222223,730.2166666666667,861.24,1210.0,1.495993956104603,41367.265555555554,Ezi_3,E(z) RNAi,-0.9069279121848611,0.4243159993679111,17.047339400586665,100,2000
3822,71.248,749.7866666666666,256.972,991.0,1.6097773181971504,28731.08133333333,Ezi_3,E(z) RNAi,0.5733039684294736,0.43122638682772685,17.8752051270596,100,2000
3823,71.14838709677419,758.5376344086021,313.6516129032258,854.0,1.5492559736766116,19781.449462365592,Ezi_3,E(z) RNAi,0.43516061677105555,0.4531624124192548,17.67497488503281,100,2000
3824,73.58539603960396,779.2889851485148,403.94616336633663,1877.0,1.4283489811440755,45319.493193069306,Ezi_3,E(z) RNAi,0.2155318515619915,0.5026558967482762,19.92870996444597,100,2000
3825,76.11052843888665,782.9786204114562,870.776119402985,4040.0,1.6918136499216747,27963.43122226704,Ezi_3,E(z) RNAi,-0.9267911133065482,0.5374613461744613,21.855722303231985,100,2000
3826,72.03760282021152,799.1092831962397,642.3243243243244,2030.0,1.5779528072093583,34440.98883666275,Ezi_3,E(z) RNAi,-0.3665797535789699,0.5586721781927222,18.015030218034596,100,2000
3827,71.93697478991596,806.9516806722689,353.1995798319328,696.0,1.3721082357633803,21514.182773109245,Ezi_3,E(z) RNAi,0.34156817743941015,0.5587319851331081,18.250677473709217,100,2000
3828,72.67125984251969,831.5167322834645,702.2898622047244,2708.0,1.47750361748049,30783.840059055117,Ezi_3,E(z) RNAi,-0.5112024167048382,0.6312703140638196,18.464166814486262,100,2000
3829,73.17217716781036,887.573300062383,406.30255770430443,1932.0,1.408729844620624,28632.558951965064,Ezi_3,E(z) RNAi,0.2169295080066116,0.7337960554841634,19.147373869594944,100,2000
3830,72.7989107666527,892.4227063259322,709.041055718475,2881.0,1.4977162766899603,26569.224130708,Ezi_3,E(z) RNAi,-0.5236969006986629,0.7615936655983342,18.37795596436007,100,2000
3831,70.03752759381898,950.1633554083885,581.3532008830022,1008.0,1.5283633246140584,19882.264900662252,Ezi_3,E(z) RNAi,-0.2073548519011088,0.8773920027656485,15.582064478870308,100,2000
3832,76.7174913693901,96.90046029919448,336.2428078250863,2209.0,1.391211770059749,37736.65707710011,Ezi_3,E(z) RNAi,0.33608145389748234,-0.9569918753353175,25.446918928384704,100,2000
3833,76.98454332552693,131.81498829039813,349.5508196721311,2910.0,1.2997967708250673,31435.65761124122,Ezi_3,E(z) RNAi,0.30581934490074625,-0.8817380675731972,25.57953246575694,100,2000
3834,73.52041295166589,165.51806663538244,431.06475832942283,2576.0,1.5884829380944212,40135.954950727355,Ezi_3,E(z) RNAi,0.108554651072017,-0.8051632817354186,21.899505447780186,100,2000
3835,74.12392362411082,196.79371022089106,586.4601272931486,3322.0,1.6948040671575677,44326.91950580307,Ezi_3,E(z) RNAi,-0.2697059959098189,-0.7294777266788073,22.202591195712174,100,2000
3836,72.39800117577896,235.0922986478542,277.7577895355673,1990.0,1.488777696145987,40551.4456202234,Ezi_3,E(z) RNAi,0.48837733019357743,-0.6655850871144112,20.734809188057582,100,2000
3837,75.47203389830509,245.43389830508474,266.00254237288135,1673.0,1.395677724462063,28103.75338983051,Ezi_3,E(z) RNAi,0.5178235472960495,-0.6441783656665132,23.788694910127447,100,2000
3838,72.65865011636927,274.9627618308767,425.59813809154383,1508.0,1.7500653881533172,35263.68813033359,Ezi_3,E(z) RNAi,0.12917707162977177,-0.5720019451199199,20.675529538930036,100,2000
3839,73.47810650887574,358.12485207100593,185.33372781065088,1988.0,1.3429660101069363,59626.129585798815,Ezi_3,E(z) RNAi,0.7227202847827503,-0.40843578835706773,21.51595939683763,100,2000
3840,71.5828729281768,381.4088397790055,113.27900552486187,501.0,1.4348974314150464,29917.447513812156,Ezi_3,E(z) RNAi,0.9006190082410639,-0.36293132352125657,19.632614461482234,100,2000
3841,74.22857142857143,393.0842857142857,166.6042857142857,977.0,1.2938208494264938,34391.75428571428,Ezi_3,E(z) RNAi,0.7708709960690581,-0.334929841146265,22.172023905861067,100,2000
3842,72.78722121760096,400.1163351416516,284.13261000602773,1991.0,1.681821523355194,49157.21398432791,Ezi_3,E(z) RNAi,0.4836913665486806,-0.3131622702038006,20.559523974618287,100,2000
3843,73.19089147286822,419.4583333333333,310.09496124031006,2354.0,1.6272695818033063,52696.90697674418,Ezi_3,E(z) RNAi,0.42142732203148525,-0.2703993692112133,20.865394169281345,100,2000
3844,74.19394376351839,416.7483777937996,200.29920692141312,1781.0,1.3032861543042111,58140.019466474405,Ezi_3,E(z) RNAi,0.6899687764273728,-0.28250379363802747,22.01532286861476,100,2000
3845,73.38709677419355,423.9529569892473,108.63844086021506,1817.0,1.4224235519703765,43722.95094086022,Ezi_3,E(z) RNAi,0.9147861630524525,-0.27242468999398184,21.29917829945397,100,2000
3846,74.43734015345268,421.85805626598466,158.66624040920715,1919.0,1.296311233051422,51703.57672634271,Ezi_3,E(z) RNAi,0.7922022327590079,-0.2740017591379491,22.293717096391234,100,2000
3847,74.34079084287201,430.4302809573361,287.76118626430804,2267.0,1.413871283222324,58468.42767950052,Ezi_3,E(z) RNAi,0.4768115203057939,-0.24827180536392857,22.00630457840093,100,2000
3848,73.9059040590406,459.2189421894219,198.90467404674047,2030.0,1.3861477558435291,60158.780442804426,Ezi_3,E(z) RNAi,0.6961924048086523,-0.19198212156152894,21.585812431728215,100,2000
3849,73.99008059516429,479.4767513949163,269.07873527588345,1920.0,1.453675314491025,52970.85244885307,Ezi_3,E(z) RNAi,0.5257823075055454,-0.14471870639594464,21.5136368378528,100,2000
3850,76.08903821923562,476.40613187736244,332.61486770264594,3185.0,1.2862799940623044,52818.933641327174,Ezi_3,E(z) RNAi,0.37006938273717194,-0.14759085001156969,23.543226604102344,100,2000
3851,74.09962168978562,487.37704918032784,259.2944514501892,1950.0,1.3391925548724992,56346.50756620429,Ezi_3,E(z) RNAi,0.5502515519619109,-0.12842801531953862,21.60881017348558,100,2000
3852,74.9784592917123,502.6725082146769,317.9288061336254,3430.0,1.4432057862414673,61254.5688207375,Ezi_3,E(z) RNAi,0.4077541720588991,-0.09241054845186958,22.362502006949285,100,2000
3853,74.22878069797501,504.39250323136577,275.5674278328307,2743.0,1.4977456911689375,56319.55191727704,Ezi_3,E(z) RNAi,0.5115489839328875,-0.09118907652179664,21.66017242754191,100,2000
3854,72.23352165725048,527.6751412429378,271.33709981167607,1376.0,1.7169758515830231,54088.62335216573,Ezi_3,E(z) RNAi,0.5234486348920233,-0.04177769036173218,19.591718172731902,100,2000
3855,74.54903364352184,525.8289191123837,193.4101646385111,1676.0,1.2072525235175198,58936.45669291339,Ezi_3,E(z) RNAi,0.7140449992247537,-0.050192490928587574,22.01120432144856,100,2000
3856,73.65509433962264,525.1192452830188,179.22188679245284,1577.0,1.4153333216402812,55053.801509433964,Ezi_3,E(z) RNAi,0.7487262090577911,-0.052531011234397296,21.137463910690258,100,2000
3857,75.80404984423676,543.2348909657321,376.9682242990654,4183.0,1.7419472076139135,60932.72741433022,Ezi_3,E(z) RNAi,0.2659371303363969,-0.002467165706862895,22.977232135816493,100,2000
3858,73.48820445609437,560.0327653997379,289.4790301441678,1943.0,1.6803221853736399,43027.60747051114,Ezi_3,E(z) RNAi,0.4811836089140662,0.028307255499318007,20.714514333806093,100,2000
3859,74.1097271648873,573.3392645314353,209.61447212336893,2082.0,1.4902028686417508,61207.91577698695,Ezi_3,E(z) RNAi,0.6775295544515716,0.05209434045350214,21.391353983420103,100,2000
3860,75.79202586206897,580.8728448275862,189.3125,2631.0,1.439200279984271,62538.03879310345,Ezi_3,E(z) RNAi,0.7277119566487769,0.06700771217021484,23.0737063709212,100,2000
3861,75.10006373486297,606.6392606755895,121.88081580624602,1882.0,1.31528607337561,55058.70936902486,Ezi_3,E(z) RNAi,0.8944566610423701,0.11808333371615798,22.37945385824601,100,2000
3862,74.49392523364486,604.1098130841121,223.91822429906543,2711.0,1.4612315676388459,62745.14439252336,Ezi_3,E(z) RNAi,0.6445558995899985,0.1185658919238255,21.653838277120173,100,2000
3863,74.41338395823446,626.7864261983864,141.35026103464642,2767.0,1.4740023927252894,61443.473184622686,Ezi_3,E(z) RNAi,0.8481402860926517,0.16218164833962811,21.600411511072295,100,2000
3864,73.95434916718075,630.6440468846391,159.89697717458358,2072.0,1.3996658383949203,61345.90129549661,Ezi_3,E(z) RNAi,0.8030039686904367,0.17147727220834574,21.10510298914818,100,2000
3865,72.45886889460154,637.3457583547557,129.97429305912596,1032.0,1.4823093823803224,58553.4588688946,Ezi_3,E(z) RNAi,0.8766869454197324,0.1840381949662866,19.62457192033277,100,2000
3866,74.43574297188755,637.879016064257,190.3644578313253,2366.0,1.3837560658273456,57086.580823293174,Ezi_3,E(z) RNAi,0.7289125009239978,0.18867207500706584,21.523872463797446,100,2000
3867,72.86855482933915,652.1016702977487,215.49310094408133,1835.0,1.5769935333660767,41257.81771968047,Ezi_3,E(z) RNAi,0.6683558789596571,0.2204512826958409,19.87720674388217,100,2000
3868,73.61961722488039,652.9800637958533,245.6682615629984,1585.0,1.4189047847939689,44241.512759170655,Ezi_3,E(z) RNAi,0.5945585631360779,0.22407045139915716,20.587445867823135,100,2000
3869,74.5550289626119,672.1132174828857,107.53712480252764,2286.0,1.3954285773370843,56464.2280147446,Ezi_3,E(z) RNAi,0.9338957331319859,0.2569305987110555,21.631621782255536,100,2000
3870,72.21704087507196,680.0149683362118,254.9476108232585,2044.0,1.4693373946899657,40709.147380541166,Ezi_3,E(z) RNAi,0.5736400151690864,0.2822699287362187,19.082068262107384,100,2000
3871,73.33223140495868,677.2429752066116,202.30413223140496,1515.0,1.3805432912397935,48447.115702479336,Ezi_3,E(z) RNAi,0.7022976407369692,0.273329180774462,20.272643324458826,100,2000
3872,71.83381294964029,726.7762589928058,695.3179856115108,1677.0,1.8328937007223849,37522.343884892085,Ezi_3,E(z) RNAi,-0.5010657344035694,0.407415174387864,17.988684808943972,100,2000
3873,73.81844052361981,750.3136027319294,864.3682413204325,2569.0,1.8299209930908957,46511.211155378485,Ezi_3,E(z) RNAi,-0.9132624003037871,0.4673896330950402,19.681843405005864,100,2000
3874,72.38031914893617,773.7140957446809,743.6921542553191,1973.0,1.5970926689969198,21555.974069148935,Ezi_3,E(z) RNAi,-0.6163571522063855,0.5103426199085601,18.31621273750376,100,2000
3875,75.84160905091137,769.1426775612822,864.9666876178504,2426.0,1.4764997880288675,31907.2256442489,Ezi_3,E(z) RNAi,-0.9134871825185088,0.5076076643291259,21.640751377110362,100,2000
3876,73.45210084033613,784.1921568627452,349.7103641456583,2150.0,1.548572502967851,46186.585994397756,Ezi_3,E(z) RNAi,0.3485979776603212,0.5099880076434293,19.846922314612243,100,2000
3877,75.37699680511182,790.9001597444089,854.0183706070287,2053.0,1.5778613852987993,31452.16693290735,Ezi_3,E(z) RNAi,-0.8852506038234111,0.5533891598043863,21.116505292388993,100,2000
3878,72.30273660205245,800.0957810718359,619.1550741163056,1954.0,1.4156000201514556,47827.564994298744,Ezi_3,E(z) RNAi,-0.30980882535707266,0.5594427791354482,18.3059025196048,100,2000
3879,72.35828025477707,790.8678343949044,839.8996815286624,852.0,1.4546598321717796,28133.686305732484,Ezi_3,E(z) RNAi,-0.8506888503447886,0.5524842267528325,18.115629886140056,100,2000
3880,73.48295926849543,796.233582709892,356.3458021612635,1432.0,1.4760073216067386,29786.341645885288,Ezi_3,E(z) RNAi,0.3331543667428494,0.536059268801746,19.828849147726217,100,2000
3881,74.83949880668258,801.596062052506,462.63066825775655,2020.0,1.3035700163504442,47316.56861575179,Ezi_3,E(z) RNAi,0.0733745260023626,0.5536371494079071,21.033956566407255,100,2000
3882,73.94039351851852,802.8223379629629,697.2013888888889,2066.0,1.3686570995620337,39504.55324074074,Ezi_3,E(z) RNAi,-0.5006503859582458,0.5697712424045995,19.836441192529918,100,2000
3883,76.89667673716012,806.0876132930514,330.0320241691843,2111.0,1.3266499978334239,36764.64229607251,Ezi_3,E(z) RNAi,0.3981991637990492,0.5555889116566948,23.242326027771526,100,2000
3884,74.06842105263158,818.3164473684211,324.77763157894736,1867.0,1.440932163584258,38852.217763157896,Ezi_3,E(z) RNAi,0.41187628841161383,0.5813536745551551,20.379441645512813,100,2000
3885,73.73657474600871,845.6516690856314,342.16545718432513,1804.0,1.2368741993311065,32073.45863570392,Ezi_3,E(z) RNAi,0.3711291757556108,0.640669118789567,19.933601917432867,100,2000
3886,74.24137931034483,849.129817444219,458.815415821501,808.0,1.5532690648126564,18227.456389452334,Ezi_3,E(z) RNAi,0.0858586785120683,0.654818507394076,20.280330822444213,100,2000
3887,76.99621570482498,884.9508041627247,496.3878902554399,3182.0,1.3733543619935051,38972.219016083254,Ezi_3,E(z) RNAi,-0.0037374829915592933,0.7334231855039519,22.867214904318885,100,2000
3888,71.50119904076739,891.8681055155876,641.5827338129496,965.0,1.7180504328433834,6358.083932853717,Ezi_3,E(z) RNAi,-0.35862658510306344,0.7565116623636421,17.16675270352664,100,2000
3889,74.18693982074264,120.96158770806659,360.88476312419976,1870.0,1.4404690082767235,35760.79321382842,Ezi_3,E(z) RNAi,0.2773696166912256,-0.9042589168601518,22.80432864810257,100,2000
3890,76.35836693548387,114.05594758064517,319.0226814516129,2417.0,1.35825223039705,41123.41784274193,Ezi_3,E(z) RNAi,0.37936344665053245,-0.9213888463286769,25.051547426099447,100,2000
3891,73.9034090909091,139.77272727272728,357.34090909090907,507.0,1.3133254123888158,21905.090909090908,Ezi_3,E(z) RNAi,0.2872884389029551,-0.8643347406231683,22.46180949772065,100,2000
3892,75.50679267572357,159.70112226816303,335.43945658594214,2103.0,1.492942127017237,41102.264619019494,Ezi_3,E(z) RNAi,0.3422057707774908,-0.823071804551995,24.02545527918987,100,2000
3893,73.80531914893616,166.53191489361703,350.6872340425532,1120.0,1.4868727585833668,27409.42021276596,Ezi_3,E(z) RNAi,0.3053437929224472,-0.8076326270162955,22.281828414380442,100,2000
3894,73.9935608499678,280.97939471989696,240.00193174500967,1856.0,1.3436513487854544,42927.556342562784,Ezi_3,E(z) RNAi,0.5838154617471509,-0.5698575750716096,22.22298155937608,100,2000
3895,75.10132774283717,271.7393431167016,314.63941299790355,1687.0,1.3296214345557733,40313.67784765898,Ezi_3,E(z) RNAi,0.4005268127437662,-0.5852583531185034,23.26826479489229,100,2000
3896,75.1101243339254,346.09295441089404,160.02368265245707,2024.0,1.3626550290556185,52740.10301953819,Ezi_3,E(z) RNAi,0.7838656341633199,-0.4355513545687857,23.22029414008186,100,2000
3897,75.14983713355049,388.05816658911124,211.1084225221033,2593.0,1.5514258695447245,56706.667752443,Ezi_3,E(z) RNAi,0.6616126018302326,-0.34307960994670816,23.054400424394245,100,2000
3898,73.96463547334059,416.81882480957563,240.58541893362352,2207.0,1.3454892570861088,57770.31991294886,Ezi_3,E(z) RNAi,0.5913741425207426,-0.2800324043366682,21.735237450315722,100,2000
3899,76.67134708205353,417.04563405002193,213.60903905221588,2760.0,1.4068061395979676,58300.83150504607,Ezi_3,E(z) RNAi,0.657405757425428,-0.2810842422668982,24.475009880172436,100,2000
3900,74.16110581506196,420.47569113441375,171.3069590085796,1321.0,1.564816674208218,44663.82650142993,Ezi_3,E(z) RNAi,0.7611735825808188,-0.276224000226892,22.006287844275377,100,2000
3901,73.344,425.72654545454543,349.87054545454544,1773.0,1.7037292759544125,31562.70690909091,Ezi_3,E(z) RNAi,0.3244913767932014,-0.25473269968334433,20.947463178390493,100,2000
3902,74.74636803874093,429.13014527845036,138.9412832929782,1967.0,1.3029278085848082,51597.08716707022,Ezi_3,E(z) RNAi,0.8409590095916251,-0.25962294755232374,22.602965485968824,100,2000
3903,75.03668069753458,451.84726398075765,184.09921828021646,2089.0,1.3225911859845285,62122.9248346362,Ezi_3,E(z) RNAi,0.7319376482945958,-0.20855383636689762,22.760015198871812,100,2000
3904,74.51194029850747,465.7507462686567,138.79850746268656,932.0,1.299949989366204,32956.03880597015,Ezi_3,E(z) RNAi,0.8437318135369833,-0.18150867683049476,22.245223917079926,100,2000
3905,76.43179049939098,464.92570036540803,182.36419001218027,2023.0,1.4864342124537397,55196.84957369062,Ezi_3,E(z) RNAi,0.7370453584819487,-0.1807429784037181,24.11318866189211,100,2000
3906,73.10777385159011,472.3083038869258,369.7111307420495,1407.0,1.6026794808978542,32732.487632508833,Ezi_3,E(z) RNAi,0.279014181916166,-0.1542157290959344,20.529261409404896,100,2000
3907,75.71869539895167,489.432731508445,208.03610949330226,2069.0,1.4841842602872175,59413.89108910891,Ezi_3,E(z) RNAi,0.6758370225952361,-0.12698616452481137,23.28524721757553,100,2000
3908,74.81123058542413,507.52568697729987,295.10872162485066,2082.0,1.7696225324681707,58380.37514934289,Ezi_3,E(z) RNAi,0.46392755964227006,-0.08337401117356968,22.20753709085804,100,2000
3909,75.28801681850035,516.6103714085494,203.30974071478627,1769.0,1.4120528005541317,57467.01681850035,Ezi_3,E(z) RNAi,0.6892039515420989,-0.0692826445333804,22.768850614493914,100,2000
3910,75.6029411764706,517.1941176470589,332.706862745098,3213.0,1.3473042852316583,59789.98137254902,Ezi_3,E(z) RNAi,0.37254400484145656,-0.06057442180549111,22.91946929349355,100,2000
3911,74.5828025477707,546.0238853503184,146.2404458598726,1511.0,1.4083123319378803,52866.30573248408,Ezi_3,E(z) RNAi,0.8308281685321242,-0.00982915703555487,22.03604692327731,100,2000
3912,74.36699941280094,557.1984732824427,228.58837345860246,2163.0,1.466478176100442,61242.43276570758,Ezi_3,E(z) RNAi,0.6300226405644611,0.01875638012534342,21.679251935011678,100,2000
3913,74.21739130434783,559.2421404682274,210.95250836120402,2410.0,1.6959788649895922,62242.717056856185,Ezi_3,E(z) RNAi,0.6733218048393654,0.02209830573664129,21.544878067743625,100,2000
3914,75.55421686746988,576.2137853740544,334.82908377696833,4975.0,1.6223225798079237,54759.36564864108,Ezi_3,E(z) RNAi,0.37125457764655656,0.06545662362906834,22.66905275656636,100,2000
3915,75.56460369163952,570.2725298588491,125.51357220412595,1364.0,1.8723586021585947,36599.43865363735,Ezi_3,E(z) RNAi,0.8831583178329097,0.040713547206471246,22.96207168269163,100,2000
3916,74.53045186640472,586.1630648330059,162.33398821218074,897.0,1.443208234938299,62799.94106090373,Ezi_3,E(z) RNAi,0.79409506676937,0.07672889403356109,21.828146381978556,100,2000
3917,75.12068102153229,593.8002003004507,135.30946419629444,2328.0,1.5015240200028284,57681.723585378066,Ezi_3,E(z) RNAi,0.8607407822882702,0.09146764873388902,22.426520854682366,100,2000
3918,74.49583648750946,601.7085541256624,164.92884178652537,1565.0,1.3386572252884514,60849.73656320969,Ezi_3,E(z) RNAi,0.788772733819511,0.11004207282914003,21.73785230540254,100,2000
3919,75.34977238239757,616.834597875569,129.56676783004553,1575.0,1.3454252991979778,56315.06525037936,Ezi_3,E(z) RNAi,0.8763191774911865,0.14027841886359038,22.585137077197146,100,2000
3920,74.4120541205412,628.6660516605166,206.23677736777367,2402.0,1.3617418619723776,59406.646371463714,Ezi_3,E(z) RNAi,0.6894557871459033,0.16993265886239817,21.511339736767994,100,2000
3921,79.73339399454049,621.4058234758871,151.39353958143766,2914.0,1.3726070920645257,61967.64058234759,Ezi_3,E(z) RNAi,0.8231883899246466,0.15132071144918569,26.925932152879938,100,2000
3922,75.06517311608961,621.7866598778004,239.21079429735235,2542.0,1.5622709363502774,61159.65274949084,Ezi_3,E(z) RNAi,0.6082953593305327,0.1571624920764656,22.14628611877754,100,2000
3923,74.70206896551724,628.3662068965517,119.00620689655173,1815.0,1.5682431650324444,60041.52137931035,Ezi_3,E(z) RNAi,0.9029307408489236,0.16426567265377012,21.911798927908748,100,2000
3924,74.9092970521542,660.7573696145125,126.60695389266817,1658.0,1.274380717533042,46258.16250944822,Ezi_3,E(z) RNAi,0.8864703168021602,0.2338067869289584,22.00025849206817,100,2000
3925,72.4022770398482,674.1669829222011,135.561669829222,777.0,1.6477771848444243,34759.41366223909,Ezi_3,E(z) RNAi,0.8654480462353265,0.2629121377378576,19.436799769440867,100,2000
3926,76.06808510638298,681.5556231003039,172.2516717325228,2059.0,1.3156140179369016,54961.15440729483,Ezi_3,E(z) RNAi,0.7761281426852964,0.28081668260922776,23.031638212496276,100,2000
3927,73.81064730792498,706.6781609195402,755.0090744101633,2123.0,1.4015237071411983,32409.808227465215,Ezi_3,E(z) RNAi,-0.6484941004114984,0.3679950437387427,19.958397111291433,100,2000
3928,75.48775510204082,724.3605442176871,830.4238095238095,2012.0,1.4019971039750279,35073.54897959184,Ezi_3,E(z) RNAi,-0.8319055918138161,0.4100779337328164,21.481252804868106,100,2000
3929,77.48375116063139,727.6318477251625,866.5979572887651,3032.0,1.3856875898506067,48482.210770659236,Ezi_3,E(z) RNAi,-0.9202305838490801,0.41915692186299647,23.420821974285445,100,2000
3930,75.41737488196412,737.9678942398489,877.4003777148253,1561.0,1.4578690719022753,40711.87346553352,Ezi_3,E(z) RNAi,-0.9459796770622031,0.4418150430022989,21.306050985928934,100,2000
3931,73.95897832817337,799.8188854489164,306.74303405572755,1585.0,1.5086438132652633,28475.740712074305,Ezi_3,E(z) RNAi,0.45479229248455577,0.5408514693122715,20.35500365276002,100,2000
3932,72.35131894484412,809.2649880095923,803.7218225419664,1147.0,1.755019637366064,24601.86690647482,Ezi_3,E(z) RNAi,-0.7609269272344306,0.5896456722835952,18.092015410692753,100,2000
3933,74.05709487825357,837.6624685138539,372.66918555835434,1700.0,1.4277300344425923,26568.642317380352,Ezi_3,E(z) RNAi,0.2959422709217918,0.6253865066962541,20.24279326048945,100,2000
3934,75.65234822451318,174.9770904925544,323.04352806414664,2339.0,1.5807701434871024,32632.663802978237,Ezi_3,E(z) RNAi,0.3735548263026076,-0.7911966150177961,24.13504653905889,100,2000
3935,75.07510862818125,191.0018621973929,315.4463066418374,1970.0,1.4452582256501283,32472.320918684047,Ezi_3,E(z) RNAi,0.3932107088831085,-0.757452547652722,23.51330195131598,100,2000
3936,76.06990740740741,193.05,414.38425925925924,3418.0,1.7232924627947075,19661.126851851852,Ezi_3,E(z) RNAi,0.15119410183879634,-0.7473715126817642,24.377064865601525,100,2000
3937,76.08685162846804,249.86731001206272,245.6164053075995,1946.0,1.4354591027447317,33798.486731001205,Ezi_3,E(z) RNAi,0.5680098849627806,-0.6358913183300832,24.414133427589306,100,2000
3938,77.38422391857506,277.3718647764449,210.4543802253726,3324.0,1.3845433666935825,33214.103598691385,Ezi_3,E(z) RNAi,0.6558843693702114,-0.5792326387108797,25.662857101622848,100,2000
3939,74.22767857142857,297.8776785714286,409.0080357142857,1377.0,1.8042754113098476,26316.95625,Ezi_3,E(z) RNAi,0.1712926233955112,-0.5240617566426307,22.188085711038624,100,2000
3940,77.01666666666667,299.20972222222224,217.8125,932.0,1.2252467092386223,24211.606944444444,Ezi_3,E(z) RNAi,0.6393212379207196,-0.5322234823227456,25.212428004939312,100,2000
3941,76.75208734746307,361.5979447655748,239.48426461143225,1926.0,1.6405813729400758,45122.05266538214,Ezi_3,E(z) RNAi,0.5904080396485036,-0.3978805702223418,24.71027231715709,100,2000
3942,76.44499178981937,379.7739463601533,192.52107279693487,2255.0,1.325450597759638,57798.20142309798,Ezi_3,E(z) RNAi,0.7065531398037779,-0.3618149443567641,24.400802054246256,100,2000
3943,76.35862913096695,385.56915544675644,155.281517747858,1277.0,1.5024096284413555,32682.62423500612,Ezi_3,E(z) RNAi,0.7980800736078999,-0.351599526548246,24.34161582306227,100,2000
3944,75.3414760914761,411.6185031185031,254.1689189189189,2223.0,1.550545682628055,52861.0077962578,Ezi_3,E(z) RNAi,0.5577807579005911,-0.2903332764442197,23.11256485949872,100,2000
3945,77.58252427184466,417.6767561393489,131.36093660765277,2112.0,1.4004255645295922,52483.85836664763,Ezi_3,E(z) RNAi,0.8587460103607527,-0.2844733731614154,25.48723717330533,100,2000
3946,74.3473491773309,431.8641072516758,185.63315051797684,1932.0,1.3712139571504431,58782.76477757465,Ezi_3,E(z) RNAi,0.7268633153784951,-0.2511012788647311,22.136152298440834,100,2000
3947,76.47362924281984,436.1399477806788,236.6939947780679,2232.0,1.309106155370008,56615.28302872062,Ezi_3,E(z) RNAi,0.6021694251039804,-0.239020007556475,24.18394096646894,100,2000
3948,75.65743243243243,449.1702702702703,228.76283783783785,1789.0,1.3775918535480207,57784.045945945945,Ezi_3,E(z) RNAi,0.6224451880735928,-0.21168510956976228,23.333757734092586,100,2000
3949,76.03937007874016,464.49081364829397,119.41994750656168,527.0,1.455457813299694,35444.16535433071,Ezi_3,E(z) RNAi,0.8910728692440983,-0.18530274565733884,23.801204002374632,100,2000
3950,76.86500283607488,473.3199092456041,212.76290414066932,2380.0,1.4433224646894114,62316.95575723199,Ezi_3,E(z) RNAi,0.6631990243966237,-0.1610794377242044,24.479953984953056,100,2000
3951,77.48823529411764,505.68131487889275,257.4657439446367,3888.0,1.413896637349254,58958.14325259515,Ezi_3,E(z) RNAi,0.5559285875751114,-0.08945960004131759,24.93796916537366,100,2000
3952,75.26379137412236,527.481444332999,316.88515546639917,2445.0,1.7409294089575678,54843.28335005015,Ezi_3,E(z) RNAi,0.41194895512839835,-0.03954274370127486,22.565479182831155,100,2000
3953,75.70168539325843,530.7134831460675,284.3842696629213,2309.0,1.6779572187905014,52593.52808988764,Ezi_3,E(z) RNAi,0.49170699800141193,-0.03451841513665421,23.033245037074153,100,2000
3954,75.25014310246137,534.0045792787636,252.909559244419,2094.0,1.3182977706041954,55918.81511161992,Ezi_3,E(z) RNAi,0.5689599304198298,-0.029315394526231997,22.610093793882683,100,2000
3955,76.69333333333333,535.7692753623188,222.67014492753623,2113.0,1.2794854414186638,59251.74608695652,Ezi_3,E(z) RNAi,0.643083116165795,-0.027283713496268458,24.0852604969577,100,2000
3956,75.25842696629213,547.4044943820224,215.24157303370785,1040.0,1.602990383372643,63791.893258426964,Ezi_3,E(z) RNAi,0.6620382755925398,-0.002900564579342957,22.620445857267086,100,2000
3957,75.41022443890274,552.4482543640897,361.8547381546135,2145.0,1.472652177731641,62867.93204488778,Ezi_3,E(z) RNAi,0.30353782510199756,0.01631381952375066,22.571299969208823,100,2000
3958,74.16568483063328,622.561119293078,275.99705449189986,1692.0,1.6899262571607312,31945.08910162003,Ezi_3,E(z) RNAi,0.5183152924966876,0.16092911402667287,21.198041787853214,100,2000
3959,75.22194719471948,617.2788778877888,322.3787128712871,1658.0,1.5205412475948066,30137.465346534653,Ezi_3,E(z) RNAi,0.4044443615766742,0.15234218180042092,22.21392236080534,100,2000
3960,75.66123778501628,625.6065146579805,101.19739413680782,1788.0,1.249643709650227,58174.23713355049,Ezi_3,E(z) RNAi,0.9463322610498577,0.1573584831574546,22.90260999606994,100,2000
3961,75.27473426001636,646.2551103843009,259.18724448078495,1688.0,1.482396564714222,39490.588716271464,Ezi_3,E(z) RNAi,0.5610214263240485,0.21051532318285981,22.248270298681135,100,2000
3962,76.47790055248619,668.8839779005525,215.11049723756906,815.0,1.819430986724893,28563.74861878453,Ezi_3,E(z) RNAi,0.6703922794084705,0.25625782480920645,23.4304146669497,100,2000
3963,76.73185840707964,687.7168141592921,108.52920353982302,1471.0,1.4140751817490411,46929.597345132745,Ezi_3,E(z) RNAi,0.9324937167446989,0.29029139933098613,23.75457302091128,100,2000
3964,75.55307640297498,703.4509803921569,308.59702501690333,1801.0,1.270786105019366,38992.01487491548,Ezi_3,E(z) RNAi,0.4438747629282629,0.33538440636740763,22.27174384740772,100,2000
3965,75.77177914110429,754.2601226993866,273.3791411042945,2577.0,1.8608230010532754,25721.362576687116,Ezi_3,E(z) RNAi,0.5334307848148787,0.441748644353017,22.36328572439909,100,2000
3966,75.49520153550864,797.2975047984645,492.5745361484325,1803.0,1.2991203219687022,48417.60012795906,Ezi_3,E(z) RNAi,-0.00019892201113425045,0.5461980916153193,21.666584872256223,100,2000
3967,75.22741433021807,819.938733125649,356.62928348909657,1341.0,1.4463576091260963,23637.191069574248,Ezi_3,E(z) RNAi,0.33402383514923395,0.5866594437760404,21.49299716591409,100,2000
3968,76.21102661596959,881.1425855513309,484.49049429657794,2058.0,1.4747269973549224,36571.20405576679,Ezi_3,E(z) RNAi,0.025131526215568023,0.7246072893725377,22.10979910209346,100,2000
3969,76.82850241545894,84.05169082125605,314.6661835748792,2862.0,1.528836404604643,29168.059903381643,Ezi_3,E(z) RNAi,0.38803959665026655,-0.9856459031244406,25.628327687315718,100,2000
3970,76.11094224924013,147.32674772036475,380.0851063829787,1665.0,1.384330459915061,20597.76367781155,Ezi_3,E(z) RNAi,0.23211579279654204,-0.8468920484210021,24.61532046745448,100,2000
3971,77.35788827501534,207.70288520564765,347.02946593001843,2033.0,1.5185119036175767,35074.70841006753,Ezi_3,E(z) RNAi,0.3170097457535408,-0.7199860139495476,25.700123867131566,100,2000
3972,76.61728395061728,236.44899285250162,352.3762183235867,1781.0,1.5605929957493891,36126.159194282,Ezi_3,E(z) RNAi,0.3058274967686785,-0.6583578880589123,24.855877004429075,100,2000
3973,76.79782608695652,255.15289855072464,307.8949275362319,1664.0,1.3698483278902303,34724.59275362319,Ezi_3,E(z) RNAi,0.4159317142817416,-0.6210194215008948,25.02914737745938,100,2000
3974,76.21128451380552,271.0300120048019,281.29411764705884,1180.0,1.5747493622959279,23344.212484993997,Ezi_3,E(z) RNAi,0.48208887503345954,-0.5886861103312837,24.42243975823763,100,2000
3975,76.39506172839506,271.4950029394474,294.8230452674897,2027.0,1.5632818215221673,44919.104644326864,Ezi_3,E(z) RNAi,0.44900725050501,-0.5869127582934303,24.587675000284534,100,2000
3976,76.94221105527639,291.8643216080402,198.80904522613065,601.0,1.5011455812027477,23949.904522613066,Ezi_3,E(z) RNAi,0.6853461962156437,-0.5489899385551604,25.186584306126704,100,2000
3977,78.76037873270211,298.3634377276038,188.07064821558632,1933.0,1.3707899544894373,31973.004369992716,Ezi_3,E(z) RNAi,0.7120530569265837,-0.5357310399910652,26.996295306220375,100,2000
3978,78.93307522123894,312.91924778761063,193.8058628318584,2256.0,1.3246926046595906,45374.06028761062,Ezi_3,E(z) RNAi,0.698978669589631,-0.5043466146958788,27.112709480017557,100,2000
3979,76.70479233226837,351.41341853035146,199.0,1929.0,1.2446942787755784,47902.23897763578,Ezi_3,E(z) RNAi,0.6888190790363056,-0.42194216195874645,24.74811206878823,100,2000
3980,77.42720510095643,395.3618490967056,200.1673751328374,2457.0,1.6286082018177472,57930.0265674814,Ezi_3,E(z) RNAi,0.6888673663897782,-0.3281126447621061,25.32084976381688,100,2000
3981,76.49849849849849,402.3413413413413,213.56256256256256,1445.0,1.565868479859478,56131.85985985986,Ezi_3,E(z) RNAi,0.6565472141083957,-0.3124574390976981,24.351807532115174,100,2000
3982,76.93138686131387,395.3313868613139,303.7829683698297,2364.0,1.4667418041166014,53488.36885644769,Ezi_3,E(z) RNAi,0.43526902983210936,-0.322207105729708,24.69514657201111,100,2000
3983,77.09347442680776,429.20576131687244,203.5220458553792,2015.0,1.3937162393716873,59131.32333921223,Ezi_3,E(z) RNAi,0.6828968046715072,-0.25572106679879636,24.868781921576613,100,2000
3984,76.58703843255464,438.3978899773926,278.22230595327807,1599.0,1.5425695997570836,56836.31273549359,Ezi_3,E(z) RNAi,0.5006785120464634,-0.23180784083129968,24.237635715714788,100,2000
3985,77.17283120376597,443.57700067249493,170.53261600537996,1761.0,1.4057379735934388,54765.51983860121,Ezi_3,E(z) RNAi,0.7645885049209504,-0.2269638052646883,24.94106139230223,100,2000
3986,78.36757254721327,447.81943804698295,262.55320128972824,2533.0,1.4373080276212749,57798.45416858591,Ezi_3,E(z) RNAi,0.5396466569528016,-0.21259896179670812,26.006043990840652,100,2000
3987,76.4195278969957,447.75214592274676,346.43937768240346,2305.0,1.6719903174344803,55074.625,Ezi_3,E(z) RNAi,0.33433749412340474,-0.20792007829469683,23.952999518660548,100,2000
3988,75.95997286295794,463.42740841248303,296.83514246947084,1731.0,1.4819024364807594,50822.78086838534,Ezi_3,E(z) RNAi,0.4567815052234172,-0.17734276167665486,23.50281724726115,100,2000
3989,77.31147540983606,494.49497620306715,245.41406663141194,2392.0,1.437311019017889,60403.655208884185,Ezi_3,E(z) RNAi,0.5846853544566228,-0.11402001165441622,24.814053178006006,100,2000
3990,79.86451879388683,492.2593969434118,334.37959520859147,3315.0,1.5288222741607687,57768.77736472532,Ezi_3,E(z) RNAi,0.36678828435438127,-0.11364125667943048,27.263007350047303,100,2000
3991,75.94787379972566,524.2167352537723,155.74074074074073,867.0,1.5350032468961405,33682.587105624145,Ezi_3,E(z) RNAi,0.806129754157521,-0.05579355593129731,23.462730294328495,100,2000
3992,79.47698072805139,554.9646680942184,195.8345824411135,2574.0,1.4356390120345763,61874.61188436831,Ezi_3,E(z) RNAi,0.7100247604206098,0.01213957147115674,26.837824413281112,100,2000
3993,80.76867469879518,554.9092369477912,213.86465863453816,4219.0,1.7361563733021632,61710.583534136545,Ezi_3,E(z) RNAi,0.6658890528858374,0.01307025799683914,28.107077328785792,100,2000
3994,77.70431472081218,586.2747461928934,206.71129441624365,2321.0,1.5494281819326947,63170.02664974619,Ezi_3,E(z) RNAi,0.6854805740332077,0.0795488584188786,24.94593854599968,100,2000
3995,74.73155216284987,589.6577608142494,302.0,1083.0,1.7531426238490542,48887.16030534351,Ezi_3,E(z) RNAi,0.452495056894463,0.09223840603719835,21.842242404512618,100,2000
3996,76.37813072693952,594.1435552840562,278.33292608430054,2042.0,1.7926988338980097,51821.219914477704,Ezi_3,E(z) RNAi,0.5107119697952558,0.10045553316729738,23.503374526169893,100,2000
3997,76.10268948655256,617.3814180929095,313.40586797066015,503.0,1.5872102500236385,31333.40586797066,Ezi_3,E(z) RNAi,0.42640955139254233,0.15204999073838588,23.10557003641776,100,2000
3998,77.12631578947368,625.1663157894736,172.04526315789474,2300.0,1.381282269357926,61835.14263157895,Ezi_3,E(z) RNAi,0.772899786584526,0.1605148862044392,24.280280828242923,100,2000
3999,76.96641791044776,624.5492537313432,345.05037313432837,3439.0,1.843586650572004,32138.343656716417,Ezi_3,E(z) RNAi,0.34943180241341043,0.16917221640003843,23.905421412162937,100,2000
4000,77.20551144325081,634.816907986922,285.4866884633349,3015.0,1.4710245163814306,39350.32601588043,Ezi_3,E(z) RNAi,0.4958916901478805,0.18764411237439949,24.18461370926103,100,2000
4001,76.53144835545297,662.9953837276399,255.0796306982112,2232.0,1.3677092577251784,43381.34045008656,Ezi_3,E(z) RNAi,0.5721786555464108,0.24600032472906852,23.453676782987557,100,2000
4002,77.92868462757528,659.2091917591125,224.9677760169044,2644.0,1.5280896304054137,38669.438985736924,Ezi_3,E(z) RNAi,0.6456225437993275,0.23619709296448832,24.90144887471746,100,2000
4003,76.59559748427672,687.6408805031447,379.15911949685534,1836.0,1.4038186985675787,44862.604402515724,Ezi_3,E(z) RNAi,0.27012610045917995,0.30573203185758646,23.279050428876772,100,2000
4004,77.51680883090818,717.1169091821375,270.2433517310587,2766.0,1.4857346983146682,38764.09633718013,Ezi_3,E(z) RNAi,0.5386433483369721,0.36234140904078527,24.237494976184763,100,2000
4005,76.13133640552995,715.389400921659,329.1889400921659,1199.0,1.5520397849818062,44637.02995391705,Ezi_3,E(z) RNAi,0.3942644940447473,0.36204458360591985,22.783906982032548,100,2000
4006,75.75150060024009,728.9459783913566,889.5834333733493,1223.0,1.4497811429331535,24332.163265306124,Ezi_3,E(z) RNAi,-0.9763953481858805,0.4232730879327524,21.655314609589936,100,2000
4007,75.77167019027485,749.6596194503171,722.2572233967583,1631.0,1.391033141928862,40798.11346018323,Ezi_3,E(z) RNAi,-0.5654964740525239,0.45781501188185225,21.815551138291752,100,2000
4008,75.74006908462867,776.0544041450777,828.4412780656304,1403.0,1.4831900935931162,26199.508635578582,Ezi_3,E(z) RNAi,-0.82363420173174,0.5202460589313262,21.56172681012147,100,2000
4009,76.91053467443092,841.6585494970884,420.08205399682373,2207.0,1.2811847022178464,46299.26627845421,Ezi_3,E(z) RNAi,0.1801561726113592,0.6366659095601404,23.023256942465608,100,2000
4010,77.41358024691358,99.00102880658436,321.44958847736626,1595.0,1.7057369239884244,25894.23353909465,Ezi_3,E(z) RNAi,0.37242463831837624,-0.9533585170795841,26.154478446619592,100,2000
4011,79.09695945945946,152.2793918918919,491.0706081081081,4357.0,1.8001364744783024,20982.536824324325,Ezi_3,E(z) RNAi,-0.03920054180832344,-0.8299056220912006,27.44537990434199,100,2000
4012,77.33835457705678,203.42062572421784,429.25724217844726,2004.0,1.3784674133792738,38853.833140208575,Ezi_3,E(z) RNAi,0.11547515517817541,-0.724380694568378,25.59187240664197,100,2000
4013,77.19755102040817,240.3534693877551,286.07836734693876,1575.0,1.61178380970148,28039.8293877551,Ezi_3,E(z) RNAi,0.46834722582486044,-0.6538466062712749,25.506147312832013,100,2000
4014,75.96636299929924,321.7519271198318,407.3812193412754,1694.0,1.911370814169235,30684.296426068675,Ezi_3,E(z) RNAi,0.17684872242484317,-0.4732110211001481,23.848289451561612,100,2000
4015,77.80425963488844,327.3580121703854,184.65415821501014,1252.0,1.2759400984822231,32361.40365111562,Ezi_3,E(z) RNAi,0.722335774022818,-0.4740796751313441,25.94669108979575,100,2000
4016,77.80633147113593,334.04034761018,246.69770328988207,1932.0,1.373398689457246,44888.81067659838,Ezi_3,E(z) RNAi,0.5709271292484477,-0.4562467410519704,25.84839159236985,100,2000
4017,77.36958234830576,342.39164696611505,186.2253743104807,1516.0,1.3835868840761911,40044.37037037037,Ezi_3,E(z) RNAi,0.7194860562485661,-0.44192038278379997,25.459348009348517,100,2000
4018,77.52761795166859,394.1777905638665,333.06846950517837,2043.0,1.9059460597430788,44141.45281933257,Ezi_3,E(z) RNAi,0.3635151546311586,-0.32297528275397125,25.25852392814879,100,2000
4019,77.0389876880985,430.2469220246238,363.88508891928865,2044.0,1.5465490816377527,32429.08413132695,Ezi_3,E(z) RNAi,0.2904795068646102,-0.24425431632747596,24.609601091056447,100,2000
4020,78.1418439716312,434.47730496453903,299.8645390070922,1721.0,1.3692387852730252,59107.545390070925,Ezi_3,E(z) RNAi,0.44744564585788726,-0.23891266626284924,25.77850119998392,100,2000
4021,77.68756423432683,441.28006166495373,313.4095580678314,2354.0,1.4603019047016486,56156.68550873587,Ezi_3,E(z) RNAi,0.41474573961686456,-0.2236224114198524,25.28429079079244,100,2000
4022,81.04437446321214,465.7970226166619,225.24133982250214,4402.0,1.4856609150382043,61056.189521900946,Ezi_3,E(z) RNAi,0.6321486364233813,-0.17637848086539676,28.669012930466323,100,2000
4023,79.5358807082945,464.2008387698043,310.24231127679406,2696.0,1.5806080547424386,53197.42963653309,Ezi_3,E(z) RNAi,0.42400863021500235,-0.17489377440402543,27.059273774771725,100,2000
4024,79.12715623459833,489.76490882207986,282.4647609659931,2405.0,1.418412592977065,55798.29226219813,Ezi_3,E(z) RNAi,0.4936861967158559,-0.12196144252769636,26.59919137338464,100,2000
4025,77.79659675504551,513.390977443609,350.7127028096557,3682.0,1.4934173446602728,59893.46022952117,Ezi_3,E(z) RNAi,0.32821711093976047,-0.06763371748005897,25.103346661549097,100,2000
4026,76.63696128560993,546.7779401022644,255.80423666910153,1908.0,1.6688048357619245,52781.28341855369,Ezi_3,E(z) RNAi,0.56271634072691,-0.0018884934907490436,23.95019629343024,100,2000
4027,77.237106918239,554.6748427672956,300.7635220125786,1923.0,1.49616962366511,50493.5251572327,Ezi_3,E(z) RNAi,0.4531998343179193,0.017554850594982296,24.46730392447236,100,2000
4028,77.98839458413927,578.7553191489362,278.82882011605415,1372.0,1.3773673333711258,55121.17214700193,Ezi_3,E(z) RNAi,0.5084756574879168,0.06766748060773731,25.164899086257805,100,2000
4029,76.13804905875642,587.7547062179121,379.52025099828865,2207.0,1.4986758536301539,53325.916143753566,Ezi_3,E(z) RNAi,0.26263540895270054,0.0926583214405019,23.157894814950296,100,2000
4030,78.90832395950507,610.8537682789652,166.33070866141733,2253.0,1.3813804139050996,63111.849831271094,Ezi_3,E(z) RNAi,0.7859341361357799,0.12966481792550466,26.117712394537094,100,2000
4031,77.82772277227723,616.5201320132013,220.08844884488448,2067.0,1.4326143268558023,63047.64752475247,Ezi_3,E(z) RNAi,0.6547407539518797,0.1448447394610355,24.950567962493835,100,2000
4032,77.71428571428571,612.2756240042486,287.6016994158258,2308.0,1.621137836310565,38413.7004779607,Ezi_3,E(z) RNAi,0.4892225265933272,0.13968152293325953,24.766746542258346,100,2000
4033,79.50798557444617,615.5337454920144,201.24162802679032,2592.0,1.337936722337986,63178.64399793921,Ezi_3,E(z) RNAi,0.7007980471661426,0.1416660064397719,26.657790516727133,100,2000
4034,79.65487274984481,629.3364369956548,224.951582867784,2464.0,1.3156874675279533,59087.5791433892,Ezi_3,E(z) RNAi,0.6436809811606325,0.17247994932598587,26.728385060771984,100,2000
4035,76.65726227795193,633.3474399164054,311.7251828631139,2572.0,1.6545438429083168,37227.76227795193,Ezi_3,E(z) RNAi,0.43157768364490234,0.18601807668765447,23.608406042887253,100,2000
4036,75.9905303030303,645.126893939394,293.76704545454544,815.0,1.5568222235087512,23438.034090909092,Ezi_3,E(z) RNAi,0.4763111639992077,0.21010741045588643,22.924484284772717,100,2000
4037,78.47424412094065,652.8768197088466,268.2362821948488,2381.0,1.668776214271665,36812.83370660694,Ezi_3,E(z) RNAi,0.5393029909925136,0.225186669652494,25.41407680775876,100,2000
4038,77.68451992161985,675.7152188112345,263.217504898759,2159.0,1.5040820873136844,46853.0346178968,Ezi_3,E(z) RNAi,0.5530995386673032,0.27361364378023145,24.553636831947685,100,2000
4039,77.45340501792114,690.5125448028674,303.2568697729988,2222.0,1.6090485369864755,29164.219235364395,Ezi_3,E(z) RNAi,0.45608334515049886,0.3074882329042985,24.22239151725141,100,2000
4040,78.38057218895543,690.5089820359282,258.7105788423154,1831.0,1.5657872925050347,29171.09647371923,Ezi_3,E(z) RNAi,0.5651069011025482,0.30491897962460945,25.205450227323382,100,2000
4041,77.35277463193658,720.2032842582106,286.599093997735,2205.0,1.3649016544599106,33880.4275198188,Ezi_3,E(z) RNAi,0.4988175462447666,0.36986752294471636,24.042534668482176,100,2000
4042,78.4424778761062,764.0761831473644,768.4990380915737,3361.0,1.330398569014228,49518.71027318199,Ezi_3,E(z) RNAi,-0.6777265307357715,0.4912560049654222,24.37971238095463,100,2000
4043,76.08041958041959,787.277972027972,607.3123543123543,1933.0,1.7278643960436888,37324.91491841492,Ezi_3,E(z) RNAi,-0.2816826715630596,0.5314426689812304,22.141643404625185,100,2000
4044,77.23354908306365,819.8538295577131,602.9595469255663,2278.0,1.3949091063687367,39364.92340884574,Ezi_3,E(z) RNAi,-0.26887741097750806,0.6006954716856532,23.190371747001194,100,2000
4045,79.38140643623362,812.6811680572109,316.8051251489869,2188.0,1.388315999764269,29623.256853396902,Ezi_3,E(z) RNAi,0.43100094856433246,0.5689106449202694,25.721398211333792,100,2000
4046,80.3993724787091,909.683101748095,632.658000896459,3167.0,1.5359311352630562,31143.15374271627,Ezi_3,E(z) RNAi,-0.3356301817217491,0.794067201898984,26.015988127834504,100,2000
4047,78.28265817023214,154.9781520254893,531.066909421939,3389.0,1.4590890111799397,18230.876194811106,Ezi_3,E(z) RNAi,-0.1369100773013534,-0.8218481125064776,26.571805605888812,100,2000
4048,78.79141104294479,159.75547765118318,308.3829973707274,3032.0,1.6548225356372637,37628.991235758105,Ezi_3,E(z) RNAi,0.4084203242447364,-0.8244919629605987,27.343812750767142,100,2000
4049,78.46938775510205,172.3921282798834,528.4096209912536,1914.0,1.5287841687630597,16318.5583090379,Ezi_3,E(z) RNAi,-0.12925488275861674,-0.7848500275655033,26.703143094306384,100,2000
4050,78.01486988847584,184.0371747211896,528.9553903345725,703.0,1.918611352461737,7544.944237918216,Ezi_3,E(z) RNAi,-0.1298189547728038,-0.7599790155258137,26.208673262581016,100,2000
4051,76.48133595284872,216.5343811394892,263.96365422396855,1208.0,1.50071754646094,21511.243614931238,Ezi_3,E(z) RNAi,0.5208989300915958,-0.7059410933841693,24.898005222262526,100,2000
4052,77.81874569262578,221.6829772570641,470.7574086836664,2244.0,1.77701272365797,19013.540317022744,Ezi_3,E(z) RNAi,0.015110878216793244,-0.6830246314571666,25.95861086437148,100,2000
4053,78.4862385321101,237.55832241153342,306.8872870249017,1796.0,1.462354814694117,36175.28374836173,Ezi_3,E(z) RNAi,0.4172290955174478,-0.6586004691402128,26.778146646982236,100,2000
4054,79.5533244087461,325.7081659973226,219.4033913431504,2545.0,1.269006210363717,54432.53770638108,Ezi_3,E(z) RNAi,0.6371733774468757,-0.47558312439632067,27.657713632317964,100,2000
4055,79.54957321076822,355.34537097833226,155.47406434668417,1878.0,1.3209785136933934,44223.1122783979,Ezi_3,E(z) RNAi,0.7956002296214371,-0.41604285703104227,27.634220376943375,100,2000
4056,77.5915300546448,383.14071038251365,130.99180327868854,957.0,1.3749303111723246,29604.987704918032,Ezi_3,E(z) RNAi,0.857364645973455,-0.35817173108038225,25.613170781268636,100,2000
4057,78.29088851160158,424.5461233729485,250.14487832484437,2039.0,1.40372091503573,58964.927560837576,Ezi_3,E(z) RNAi,0.5684763909103943,-0.2629648429509782,26.02341115125587,100,2000
4058,78.0311464546057,433.0748840291584,154.34923790589795,1782.0,1.3670666444419766,44495.01855533466,Ezi_3,E(z) RNAi,0.8034998709193739,-0.25029523698460965,25.855089883238193,100,2000
4059,79.21489361702127,434.80780141843974,349.3163120567376,1942.0,1.6020318193131382,38384.47446808511,Ezi_3,E(z) RNAi,0.32643192356348094,-0.2353485837503546,26.788389680901773,100,2000
4060,77.4875373878365,454.56131605184447,366.5483549351944,1258.0,1.640427437671391,30347.901296111664,Ezi_3,E(z) RNAi,0.28556848058753204,-0.19222662374078014,24.972812045618227,100,2000
4061,79.11269928532161,530.0445299615174,355.4540956569544,2539.0,1.627957426388119,60548.97251236944,Ezi_3,E(z) RNAi,0.3177106124189948,-0.031823085320600186,26.357332125447456,100,2000
4062,79.39667458432304,533.021377672209,268.0985748218527,2318.0,1.519848043167136,55800.13301662708,Ezi_3,E(z) RNAi,0.5317081724517194,-0.03050701932463995,26.740858682321218,100,2000
4063,78.57344775365976,540.1039878849066,297.60575466935893,2425.0,1.5733758140924137,57034.415951539624,Ezi_3,E(z) RNAi,0.45996066289238846,-0.013702097912932865,25.85673450657505,100,2000
4064,78.06982543640898,556.4563591022444,240.2206982543641,2017.0,1.5415086770403992,58682.92518703242,Ezi_3,E(z) RNAi,0.6014930470895061,0.017870785761257002,25.369963270582417,100,2000
4065,79.3877030901561,574.087288945524,310.24275246893916,4433.0,1.5279176303513806,58477.21121376235,Ezi_3,E(z) RNAi,0.43127768658284227,0.059530373722193275,26.54053004893555,100,2000
4066,78.32799145299145,568.8098290598291,174.79594017094018,1194.0,1.5013265064401515,44858.11645299145,Ezi_3,E(z) RNAi,0.7624357672087836,0.04045464527990528,25.668547005925262,100,2000
4067,79.1286432160804,582.345728643216,171.18291457286432,2683.0,1.4131400721611684,61447.46733668342,Ezi_3,E(z) RNAi,0.7721718067972125,0.06912882923609831,26.428079630398727,100,2000
4068,78.26550387596899,590.3863049095607,293.2093023255814,2037.0,1.5250763342297133,49355.58720930233,Ezi_3,E(z) RNAi,0.47404830339775295,0.09331147608485213,25.38474276168958,100,2000
4069,81.41560866318147,589.0037341299477,155.87453323375652,3247.0,1.210160150051912,62192.83793876027,Ezi_3,E(z) RNAi,0.8100728177413794,0.0824666094561386,28.711782819603897,100,2000
4070,77.3087318087318,594.5540540540541,240.5977130977131,1519.0,1.4636127165370807,60350.286902286905,Ezi_3,E(z) RNAi,0.6030928896957961,0.09916234298352866,24.479925964193868,100,2000
4071,78.76636508781267,597.1687067589144,315.44598190526875,2594.0,1.5934751189624645,53104.180415114424,Ezi_3,E(z) RNAi,0.4200716118163772,0.10906637975543054,25.834831642794256,100,2000
4072,79.49670461354104,600.7986818454165,203.46075494307968,2410.0,1.4012379398539223,62824.87837028161,Ezi_3,E(z) RNAi,0.6943919750601055,0.11035896587651961,26.693416201747937,100,2000
4073,79.48061029879212,608.6369993642721,233.79593134138588,2656.0,1.6054642329600581,63495.980928162746,Ezi_3,E(z) RNAi,0.6206656521692713,0.12882967278464563,26.61283210740791,100,2000
4074,78.84913294797688,622.1543352601157,299.7815028901734,2157.0,1.5338499602938542,36949.74739884393,Ezi_3,E(z) RNAi,0.4600629364438211,0.16146666953131716,25.852992606222273,100,2000
4075,78.71797955502105,629.7594708358389,329.3379434756464,2190.0,1.4077072614647286,39609.70234515935,Ezi_3,E(z) RNAi,0.3882274597927724,0.17939418460288636,25.659113492974612,100,2000
4076,79.1140873015873,643.5198412698413,213.6626984126984,2638.0,1.5968719719358766,51830.697916666664,Ezi_3,E(z) RNAi,0.6722502356023494,0.2020831691936833,26.15393534275364,100,2000
4077,80.3271208226221,641.241645244216,301.6915167095116,1996.0,1.3378692899907871,29909.250642673524,Ezi_3,E(z) RNAi,0.4566467471526645,0.20230726324085158,27.264207190278242,100,2000
4078,77.17555555555556,643.8088888888889,230.44,867.0,1.8754000764114043,27702.984444444446,Ezi_3,E(z) RNAi,0.6312126639421665,0.203653042707167,24.19339344409144,100,2000
4079,77.94432989690722,660.0824742268042,142.70309278350516,651.0,1.6343363540622355,42286.8412371134,Ezi_3,E(z) RNAi,0.8470219484436805,0.23331710913691617,25.017354216052183,100,2000
4080,78.1963545981773,671.1201325600663,189.51946975973487,1626.0,1.7090837697829568,51256.091135045564,Ezi_3,E(z) RNAi,0.7331690088877119,0.25956529809798834,25.17342188728952,100,2000
4081,78.89808153477219,667.0479616306955,275.13189448441244,2011.0,1.3201359087939184,43228.78896882494,Ezi_3,E(z) RNAi,0.5233623829408931,0.2558191964621097,25.781471708795365,100,2000
4082,78.70109090909091,701.8429090909091,335.784,1638.0,1.3639808074386754,32117.429090909092,Ezi_3,E(z) RNAi,0.3772196689913263,0.3335442282056358,25.391053417663628,100,2000
4083,77.95803357314149,709.8693045563549,322.3273381294964,1092.0,1.516198188474524,44583.5,Ezi_3,E(z) RNAi,0.41068777787549204,0.34988599605762816,24.63781578649038,100,2000
4084,77.87429993777225,716.3864343497199,370.17797137523337,1856.0,1.3963858028085374,39750.2800248911,Ezi_3,E(z) RNAi,0.2940054036182089,0.36654755096675773,24.472074200647498,100,2000
4085,77.91618497109826,719.5549132947976,848.4638728323699,998.0,1.3711213817111092,39237.26878612717,Ezi_3,E(z) RNAi,-0.8763832365123632,0.4008836633462187,23.903240675896612,100,2000
4086,78.20257925846319,743.5835572272972,311.368081676518,2102.0,1.3226670538434002,39962.951101558305,Ezi_3,E(z) RNAi,0.43974013075653406,0.4211798750350477,24.78241533706553,100,2000
4087,78.1993006993007,759.8006993006993,303.12517482517484,1815.0,1.4241502838318774,37000.85524475524,Ezi_3,E(z) RNAi,0.4609874117708297,0.45530127654226327,24.734789391167325,100,2000
4088,79.5716552088842,813.7371760973031,405.25224748810155,2287.0,1.4783825009742848,44964.67741935484,Ezi_3,E(z) RNAi,0.21459715865504658,0.5762644169460693,25.797123319631197,100,2000
4089,79.55038759689923,825.3658914728683,379.06511627906974,991.0,1.4391026748239548,22472.341085271317,Ezi_3,E(z) RNAi,0.27945917739827797,0.5995624079529314,25.769493757254807,100,2000
4090,80.00843170320405,854.9612141652614,400.98482293423274,1099.0,1.5033731885154684,23476.804384485666,Ezi_3,E(z) RNAi,0.22776761993584804,0.6639664497090068,26.100232194840842,100,2000
4091,79.45428706774041,933.9085741354808,648.6845097110374,3447.0,1.4348756429858747,19156.764092846992,Ezi_3,E(z) RNAi,-0.3732494746444548,0.8466655472545142,24.969108011059006,100,2000
4092,79.69718309859155,157.5112676056338,344.45211267605634,1906.0,1.4428692162349237,28259.628169014086,Ezi_3,E(z) RNAi,0.31999061438133314,-0.8271934205262071,28.211896530285827,100,2000
4093,78.90977443609023,198.18496240601505,402.981954887218,1116.0,1.9874784905814922,16113.10977443609,Ezi_3,E(z) RNAi,0.17943270966981384,-0.7370536727165473,27.213901799404326,100,2000
4094,80.1092611862643,337.60197710718,212.19667013527575,2279.0,1.4896243078111588,54432.20915712799,Ezi_3,E(z) RNAi,0.6555969992056714,-0.4506210527577672,28.18257888595045,100,2000
4095,78.78095975232198,343.4760061919505,413.1509287925697,1549.0,1.628509524478365,36977.54334365325,Ezi_3,E(z) RNAi,0.1641566152011087,-0.426513051771095,26.582370191990677,100,2000
4096,78.52112676056338,417.48450704225354,147.256338028169,1037.0,1.6278803359514449,35961.656338028166,Ezi_3,E(z) RNAi,0.8198268438303071,-0.283960209859316,26.406540334230115,100,2000
4097,79.70501893939394,439.1600378787879,193.9090909090909,2462.0,1.4439045252938125,57913.083333333336,Ezi_3,E(z) RNAi,0.707075484083225,-0.23502048065072556,27.45880097295641,100,2000
4098,79.23207776427704,465.4343863912515,341.7089914945322,2065.0,1.753797862864488,52581.25151883354,Ezi_3,E(z) RNAi,0.34707683744244866,-0.1704501416356683,26.71183643738847,100,2000
4099,83.03800719054956,470.47971237801744,182.3287108371854,2717.0,1.8532565279990871,45902.78479712378,Ezi_3,E(z) RNAi,0.7374808172117826,-0.16884842144777967,30.70067748633116,100,2000
4100,80.18587360594796,486.01327668613914,223.68401486988847,2218.0,1.3480632931400829,59788.86723313861,Ezi_3,E(z) RNAi,0.6373000509324507,-0.13334635858817234,27.74429675335942,100,2000
4101,79.41079460269864,500.2848575712144,196.54272863568215,1602.0,1.418502688418272,52554.471514242876,Ezi_3,E(z) RNAi,0.7046743403356117,-0.10447072692914716,26.955145264200993,100,2000
4102,79.96567357512953,553.9870466321244,165.61139896373058,1814.0,1.631868395848828,47455.242875647666,Ezi_3,E(z) RNAi,0.7839295168464486,0.008314955684010972,27.36772737724438,100,2000
4103,80.4767616191904,564.07996001999,370.60619690154925,2376.0,1.7508248953308498,55625.06946526736,Ezi_3,E(z) RNAi,0.282873838321688,0.04166960286855148,27.587599991601238,100,2000
4104,79.67517956903431,580.463687150838,140.76217079010374,1555.0,1.4671566931412796,48154.43256185156,Ezi_3,E(z) RNAi,0.8465000912800946,0.06336380735214275,27.019123521337633,100,2000
4105,79.86928746928747,582.8653562653562,226.85945945945946,2551.0,1.5180187135008705,61352.39606879607,Ezi_3,E(z) RNAi,0.6359365001933355,0.07345287696142,27.097117785647214,100,2000
4106,80.99307958477509,590.7739331026528,190.78719723183391,2163.0,1.2988222173949466,62664.98442906574,Ezi_3,E(z) RNAi,0.7247428683627608,0.08825292336951995,28.2394872272463,100,2000
4107,80.608,631.9005,238.8165,2475.0,1.3977778673638142,54812.7,Ezi_3,E(z) RNAi,0.6099137037636206,0.17875629910357094,27.655465210179116,100,2000
4108,79.68356750152718,637.1704337202199,271.5986560781918,2027.0,1.4322967281047825,40785.73549175321,Ezi_3,E(z) RNAi,0.5300311027762428,0.19188225333785103,26.672140232180382,100,2000
4109,78.95513307984791,692.9163498098859,203.84410646387832,1631.0,1.4322010425567475,52243.50646387833,Ezi_3,E(z) RNAi,0.6995494615730931,0.3068954724236157,25.840721815047104,100,2000
4110,81.01624649859944,713.4896358543417,311.0128851540616,2332.0,1.451759532009488,38616.752380952385,Ezi_3,E(z) RNAi,0.4386105460570613,0.35697926419027026,27.697994731158545,100,2000
4111,78.78047223994895,728.9202297383536,417.7141033822591,1856.0,1.3535817064531648,35911.77664326739,Ezi_3,E(z) RNAi,0.17848799028388762,0.3960337615736971,25.276336895668393,100,2000
4112,81.64277227722772,760.4194059405941,355.5330693069307,3485.0,1.9911912648741006,37549.24633663367,Ezi_3,E(z) RNAi,0.3327509405440334,0.4596678743914644,28.110403938266273,100,2000
4113,80.36294896030246,279.3957151858853,281.7498424700693,1916.0,1.4413891268557513,43800.671707624446,Ezi_3,E(z) RNAi,0.481515119824512,-0.570782774128292,28.545294211794342,100,2000
4114,81.15215989684074,292.04384268214056,251.15796260477111,1833.0,1.4214621733320827,44577.24306898775,Ezi_3,E(z) RNAi,0.5572228331314273,-0.5455581037580637,29.330226196346658,100,2000
4115,81.41339066339066,363.98341523341526,282.4914004914005,1939.0,1.2151785203628278,41386.34582309582,Ezi_3,E(z) RNAi,0.4852932106584176,-0.3902780305945822,29.309546435576976,100,2000
4116,81.405495026054,367.32306963524394,231.00947418285173,2455.0,1.6917717855390428,50223.96636665088,Ezi_3,E(z) RNAi,0.6115154767884667,-0.3861217439704616,29.354975264872877,100,2000
4117,80.6615087040619,381.21276595744683,256.5931656995487,1810.0,1.2757582619423657,42061.459058671826,Ezi_3,E(z) RNAi,0.5498207587815596,-0.3550206304075918,28.532057979308973,100,2000
4118,80.8454391891892,392.6081081081081,229.36021959459458,2815.0,1.4531589880707323,58173.83403716216,Ezi_3,E(z) RNAi,0.6172263715718935,-0.33227931101959607,28.711724209277065,100,2000
4119,78.03225806451613,425.5907258064516,384.9899193548387,618.0,1.5950707532289525,25245.522177419356,Ezi_3,E(z) RNAi,0.2385148595446076,-0.2529635161075092,25.592089923512063,100,2000
4120,80.55997818974919,431.27808069792803,264.9236641221374,2204.0,1.3382948697468968,59704.75736095965,Ezi_3,E(z) RNAi,0.5327444192210364,-0.2477347028459811,28.251243461998854,100,2000
4121,82.08398707891094,446.3553299492386,296.6022150438394,2779.0,1.4784489812035133,59338.83664051684,Ezi_3,E(z) RNAi,0.45620472356428476,-0.2137322449399064,29.68465565778567,100,2000
4122,81.39659803043868,435.2130707251567,285.28558639212173,1450.0,1.5714111738544991,59645.44941808416,Ezi_3,E(z) RNAi,0.48316683911988223,-0.23815995015919755,29.049043008940984,100,2000
4123,81.59796437659033,447.6448564158488,327.95201744820065,3397.0,1.6454537612279465,55484.2159214831,Ezi_3,E(z) RNAi,0.37956320985057146,-0.20917725313867874,29.15495759497422,100,2000
4124,81.51764705882353,453.15989304812837,190.7,2347.0,1.383280146199366,58279.942780748665,Ezi_3,E(z) RNAi,0.7158507113110872,-0.20532587839292382,29.22823206475016,100,2000
4125,79.74793956043956,458.35164835164835,350.76785714285717,2170.0,1.7765852546767662,56208.09684065934,Ezi_3,E(z) RNAi,0.3244353501491857,-0.1850339801546491,27.240214987038343,100,2000
4126,80.15406427221173,478.16351606805296,171.49432892249527,1224.0,1.2138912373270905,43666.000945179585,Ezi_3,E(z) RNAi,0.7645143634066034,-0.15310188347900755,27.804433662042427,100,2000
4127,81.36174985978688,472.26752664049354,275.75771172181715,2283.0,1.3153543566464272,53333.55860908581,Ezi_3,E(z) RNAi,0.5089376769108953,-0.15965978233648837,28.901190713697588,100,2000
4128,82.83333333333333,473.31398252184766,201.22784019975032,2702.0,1.5650334982190444,60181.16354556804,Ezi_3,E(z) RNAi,0.6914135476492844,-0.16171378529659008,30.46273714378249,100,2000
4129,80.04699738903395,481.89033942558746,200.20496083550913,1084.0,1.457798282427797,60113.26501305483,Ezi_3,E(z) RNAi,0.6944923472513342,-0.14349671987044688,27.648780718045003,100,2000
4130,80.4065524944155,488.21742367833207,186.02382725241995,1598.0,1.3129049251784515,45076.91362620998,Ezi_3,E(z) RNAi,0.7296180303936131,-0.13081391961473932,28.004787808642774,100,2000
4131,80.20269619643717,494.1993259508907,360.40491092922485,2570.0,1.5462692151301856,57483.34424650939,Ezi_3,E(z) RNAi,0.3032190598298943,-0.10799973785264494,27.561990557596857,100,2000
4132,80.42765273311898,506.7282958199357,333.4614147909968,793.0,1.4894587848345615,62450.234726688104,Ezi_3,E(z) RNAi,0.36999112796595823,-0.08282301786216761,27.778496548248512,100,2000
4133,80.07747489239598,512.9493065518891,306.4911525585844,2487.0,1.4246189158145608,59029.46867527499,Ezi_3,E(z) RNAi,0.4364130302447773,-0.0711090442030402,27.44117758985699,100,2000
4134,81.13299232736573,514.8574168797954,321.66624040920715,1990.0,1.404055036688612,62628.221227621485,Ezi_3,E(z) RNAi,0.3993954409655025,-0.06615578066217165,28.471215635253913,100,2000
4135,80.0906949352179,522.0471142520612,171.5736160188457,1062.0,1.4484503891716352,35997.60070671378,Ezi_3,E(z) RNAi,0.7672236795544383,-0.05947912127854871,27.592978030225396,100,2000
4136,81.29248366013071,523.9387254901961,185.5735294117647,1498.0,1.4942767616601027,50794.11437908497,Ezi_3,E(z) RNAi,0.7330808055077456,-0.05462774964586681,28.770816372590502,100,2000
4137,79.36510263929618,546.649560117302,231.60263929618768,921.0,1.6632407964769993,62183.58357771261,Ezi_3,E(z) RNAi,0.6219331546416051,-0.0035379305402116756,26.709115020705383,100,2000
4138,80.52886977886978,546.9619164619164,350.2027027027027,2010.0,1.4750600913027938,59610.09090909091,Ezi_3,E(z) RNAi,0.3316784885301862,0.003974971095896285,27.7230316302998,100,2000
4139,80.91912832929782,563.6489104116223,351.4135593220339,2532.0,1.6479904686163427,56834.10799031477,Ezi_3,E(z) RNAi,0.3298177772876494,0.0396466585968398,28.05549556632249,100,2000
4140,82.09750753218296,568.9378252533553,261.54724732949876,4322.0,1.5755294357289673,55346.89838400438,Ezi_3,E(z) RNAi,0.5501108757633479,0.04575688616346141,29.328773240256353,100,2000
4141,81.4283825473777,578.1423534596738,381.5575143234905,2762.0,1.438293074655334,57051.022476862054,Ezi_3,E(z) RNAi,0.2569982507370776,0.07230780571146322,28.478053636840897,100,2000
4142,83.34925249169436,586.6270764119602,270.00083056478405,2996.0,1.3263628197762602,56296.080149501664,Ezi_3,E(z) RNAi,0.530587544105366,0.08399058084830036,30.510251770517925,100,2000
4143,80.61092793217145,596.5355628827132,253.63400847856806,2592.0,1.538649204929491,55081.029674988225,Ezi_3,E(z) RNAi,0.5713084240134914,0.10416520055298584,27.759063856761784,100,2000
4144,81.15784165405951,617.3721633888049,181.95663136661625,3144.0,1.5358463510705225,63160.1714573878,Ezi_3,E(z) RNAi,0.7481147357457039,0.14448805799408326,28.325630262146092,100,2000
4145,81.97091531223268,648.1916167664671,280.58939264328484,1976.0,1.7161250913473856,43395.45936698032,Ezi_3,E(z) RNAi,0.5087490102399805,0.215929184928211,28.91102753459822,100,2000
4146,81.55140186915888,648.8218801539307,243.41121495327104,2279.0,1.384831606404287,43836.75810885102,Ezi_3,E(z) RNAi,0.5997849771616046,0.21512713355554713,28.536033253696445,100,2000
4147,79.20229007633588,648.7041984732824,184.86641221374046,898.0,1.6425618096775145,38667.84732824427,Ezi_3,E(z) RNAi,0.7430714765875421,0.21148351113495267,26.260780872668548,100,2000
4148,81.92411382925611,671.5077383924114,115.26110833749377,2341.0,1.3593751273890369,58727.30803794308,Ezi_3,E(z) RNAi,0.9149303508617732,0.25613779276876225,28.993010666346223,100,2000
4149,83.65597667638484,679.5102040816327,265.0064139941691,2383.0,1.4466135065625296,31446.637317784258,Ezi_3,E(z) RNAi,0.5489552684978227,0.2818561735785736,30.510012952335458,100,2000
4150,80.44673123486683,724.866828087167,320.0871670702179,2071.0,1.7828883021322857,40130.48607748184,Ezi_3,E(z) RNAi,0.41715566445617336,0.3817697418840471,27.07873208177689,100,2000
4151,80.95217152281474,791.4964266080264,405.3655854865311,2182.0,1.7287215333544454,42880.276525563495,Ezi_3,E(z) RNAi,0.212844462135386,0.5288338946867814,27.25249026771499,100,2000
4152,82.20050632911392,102.29417721518988,311.9660759493671,2344.0,1.2847056297661272,42286.27139240506,Ezi_3,E(z) RNAi,0.3958396373787163,-0.9468451136903748,30.94216570082932,100,2000
4153,80.27566320645906,123.54671280276817,363.2549019607843,1184.0,1.743449808644311,18995.60668973472,Ezi_3,E(z) RNAi,0.27172242061360596,-0.8985630667194692,28.881321431145338,100,2000
4154,80.54250295159386,167.24970484061393,586.6221959858324,2331.0,1.491005031419763,18391.2266824085,Ezi_3,E(z) RNAi,-0.2720754641779305,-0.7924491603968061,28.720555943651505,100,2000
4155,81.61993569131833,271.52025723472667,236.1652733118971,1831.0,1.346282669493574,33264.931832797425,Ezi_3,E(z) RNAi,0.5925581304184109,-0.5902029261209063,29.886019055233504,100,2000
4156,80.91344873501997,286.38881491344875,479.98535286284954,986.0,1.9200070420178768,36300.23435419441,Ezi_3,E(z) RNAi,-0.003202481171147631,-0.5444305160455489,28.823511563465644,100,2000
4157,81.06372132540356,289.30416312659304,237.34069668649107,1550.0,1.3327861030900765,27983.63381478335,Ezi_3,E(z) RNAi,0.5908594045201998,-0.5522000726782632,29.268361573670177,100,2000
4158,81.56542502387775,378.47086914995225,202.3839541547278,1308.0,1.6045125844858688,47009.25978987583,Ezi_3,E(z) RNAi,0.6823130867778553,-0.36398898283119085,29.513222995788624,100,2000
4159,82.18968212610734,381.2423137050547,180.66128191766546,2266.0,1.3251268334428616,51987.33402813966,Ezi_3,E(z) RNAi,0.7356605988355129,-0.3593244686527135,30.155382171662495,100,2000
4160,81.18059299191374,380.5134770889488,219.74932614555257,1162.0,1.646036545040838,33478.091644204855,Ezi_3,E(z) RNAi,0.639947806497617,-0.3586329720634778,29.099719515965134,100,2000
4161,83.09861809045226,407.90201005025125,183.9610552763819,1907.0,1.3394059351377372,43144.28203517588,Ezi_3,E(z) RNAi,0.7293455759541458,-0.3022534036553922,30.970268893796103,100,2000
4162,81.48656499636891,412.7668845315904,236.4400871459695,1726.0,1.5928117531127015,46272.24909222948,Ezi_3,E(z) RNAi,0.6012303041609812,-0.28886091936887015,29.275983034089677,100,2000
4163,83.66536585365854,420.3507317073171,279.2936585365854,2552.0,1.3338589038679245,57096.45317073171,Ezi_3,E(z) RNAi,0.4968422977914142,-0.2701953661955684,31.375433100276595,100,2000
4164,81.6027397260274,446.19777397260276,155.38099315068493,1386.0,1.4495142426089545,37118.44606164384,Ezi_3,E(z) RNAi,0.8018326602287649,-0.22221420539505266,29.381111751202766,100,2000
4165,83.29752530933634,445.36557930258715,217.16141732283464,2081.0,1.4062883331798326,53171.33858267716,Ezi_3,E(z) RNAi,0.6505660445885428,-0.22041519214238492,31.001186148252856,100,2000
4166,82.62989840348331,493.39283986453796,317.6666666666667,2997.0,1.6308927200400438,61353.541848089015,Ezi_3,E(z) RNAi,0.4077600566396635,-0.1121667538224671,30.04551398213499,100,2000
4167,82.72936320754717,541.9746462264151,204.86084905660377,2062.0,1.5848100254587545,58264.438679245286,Ezi_3,E(z) RNAi,0.6870644609739311,-0.015028508489365322,30.122667771431807,100,2000
4168,81.76748971193416,562.3329218106996,321.1567901234568,2996.0,1.5688080830275517,52403.032098765434,Ezi_3,E(z) RNAi,0.4037813249567581,0.03510086765317322,28.946247937168366,100,2000
4169,81.6578324656886,572.1216280170374,291.9645054424988,2696.0,1.6056880407088971,54098.17510648367,Ezi_3,E(z) RNAi,0.4758769382344117,0.05429958345307018,28.84020442967082,100,2000
4170,83.96915244085055,569.5558550464211,238.98592392932017,3987.0,1.3366822073579008,59630.27942497754,Ezi_3,E(z) RNAi,0.6053649605234865,0.045788144131290176,31.22662616831559,100,2000
4171,81.04221635883906,579.9041336851363,323.5452946350044,1390.0,1.4027006953495802,58747.80474934037,Ezi_3,E(z) RNAi,0.3991000100007438,0.072718686081372,28.158727953585995,100,2000
4172,83.71847690387017,583.5493133583021,293.71223470661675,2546.0,1.5580384962726241,56942.61173533084,Ezi_3,E(z) RNAi,0.47234954433990817,0.07879446788504074,30.86010570354975,100,2000
4173,81.84182776801406,585.5448154657294,313.38312829525483,1085.0,1.8569600074962285,61924.441124780315,Ezi_3,E(z) RNAi,0.4243426632558911,0.08417207413805139,28.952061239010405,100,2000
4174,84.359,598.3426666666667,169.36666666666667,3800.0,1.7535024414718923,62835.05733333333,Ezi_3,E(z) RNAi,0.7776604585483693,0.10318903079907549,31.606735175286133,100,2000
4175,82.81612903225806,603.8483870967742,151.70903225806452,1992.0,1.4472565864377573,57882.630967741934,Ezi_3,E(z) RNAi,0.8212459077887124,0.113905314938745,30.067459808170142,100,2000
4176,82.82417582417582,629.8703296703296,210.24285714285713,3984.0,1.7117360340832577,59965.61941391941,Ezi_3,E(z) RNAi,0.679706680393193,0.17279389820826752,29.91432001523242,100,2000
4177,84.1173893999124,635.9071397284275,108.7227332457293,2963.0,1.2997439547443779,61022.88567674113,Ezi_3,E(z) RNAi,0.9285714737430624,0.17982855549645071,31.314529499541166,100,2000
4178,82.10332103321034,641.2281672816728,132.6150061500615,2361.0,1.3417138709416137,58109.5,Ezi_3,E(z) RNAi,0.8704532218548735,0.19254303144196938,29.2525562028151,100,2000
4179,82.41424501424501,641.4165242165242,324.98632478632476,2211.0,1.6531094355905052,35010.97606837607,Ezi_3,E(z) RNAi,0.3996386526780482,0.20403860650831152,29.32150364380844,100,2000
4180,80.73831208257438,658.391621129326,206.40012143290832,2092.0,1.5361285663329924,41056.92471159684,Ezi_3,E(z) RNAi,0.6910045340302029,0.23340280410130343,27.73710925112215,100,2000
4181,83.6701030927835,666.33749321758,252.2566467715681,2584.0,1.542905033492889,42530.25230602279,Ezi_3,E(z) RNAi,0.5792886456205797,0.2530192915640046,30.58455639689201,100,2000
4182,81.83177570093459,681.0475785896347,181.80373831775702,1551.0,1.340894575801433,36449.79609175871,Ezi_3,E(z) RNAi,0.7526995695647158,0.2803254732204188,28.785021220200235,100,2000
4183,84.22963438101347,704.7248236048749,326.00577293136627,2138.0,1.6103656323914735,38489.97434252726,Ezi_3,E(z) RNAi,0.40132666028998965,0.3391687264933714,30.92210978576361,100,2000
4184,80.8421686746988,721.3361445783132,836.3710843373494,1371.0,1.8082780493296595,25902.509638554217,Ezi_3,E(z) RNAi,-0.8466767949969649,0.40400766811357003,26.838369652409796,100,2000
4185,82.41680887372014,781.6988054607508,745.6697952218431,2977.0,1.4933351845092737,35828.01322525597,Ezi_3,E(z) RNAi,-0.6206977379149685,0.5275636784875035,28.323229869312215,100,2000
4186,81.18514285714286,797.0365714285714,313.7885714285714,1104.0,1.374741090119569,21445.457142857143,Ezi_3,E(z) RNAi,0.43734379277298907,0.5353745780760764,27.58166513844708,100,2000
4187,81.59369527145358,806.2481027437244,437.58669001751315,2068.0,1.5894613537499427,45881.62988908348,Ezi_3,E(z) RNAi,0.13495784800334842,0.5621666635051294,27.80384029467544,100,2000
4188,83.14955203308064,91.43900758097864,325.94417643004823,2058.0,1.3240804466427434,27354.215024121295,Ezi_3,E(z) RNAi,0.36090758607582485,-0.9691900584179008,31.91027557952728,100,2000
4189,82.88735919899875,227.38172715894868,260.72841051314145,1538.0,1.4411543304766994,19555.37922403004,Ezi_3,E(z) RNAi,0.529516527350391,-0.6829399957725864,31.271465621827417,100,2000
4190,83.38945125199787,266.21310602024505,290.3734683004795,2282.0,1.3731300700444662,41825.55833777304,Ezi_3,E(z) RNAi,0.459528180389972,-0.5983865646396314,31.605413432968817,100,2000
4191,82.6241443683883,274.4200373366522,266.12818917237087,2018.0,1.6748965366239368,31283.250155569385,Ezi_3,E(z) RNAi,0.5194132879680753,-0.5822818496037092,30.842852437112583,100,2000
4192,82.63397947548461,320.7491448118586,258.90820980615734,2049.0,1.3494512913806067,45401.16818700114,Ezi_3,E(z) RNAi,0.5401490360933212,-0.48386230305000255,30.705511154762746,100,2000
4193,83.9832181638697,332.92003948667326,197.4121421520237,2517.0,1.290231068092422,55303.12240868707,Ezi_3,E(z) RNAi,0.6914611553634975,-0.46143349525146293,32.090847455505255,100,2000
4194,82.62914862914863,359.02886002886004,187.7027417027417,2399.0,1.3921542447479767,55035.44348244348,Ezi_3,E(z) RNAi,0.716955905305531,-0.406304145550908,30.66092167997303,100,2000
4195,83.86250722125939,422.06123627960716,190.64067013287118,1985.0,1.2813186023593295,54686.19468515309,Ezi_3,E(z) RNAi,0.7139318620666599,-0.2716562797512453,31.678024473002736,100,2000
4196,82.31022326674501,421.7173913043478,334.0475910693302,2027.0,1.4066118480458487,49576.045828437134,Ezi_3,E(z) RNAi,0.36292707650756095,-0.26413273490150757,29.946999025942958,100,2000
4197,81.42944785276073,424.98977505112475,219.10838445807772,627.0,1.5517306610454709,50581.175869120656,Ezi_3,E(z) RNAi,0.6444581946170771,-0.2637850366837393,29.19939088134082,100,2000
4198,84.50055617352614,423.94660734149056,233.45105672969967,2171.0,1.5930180215296779,58976.35595105673,Ezi_3,E(z) RNAi,0.6092769452187805,-0.26516120155479994,32.25600357126238,100,2000
4199,81.58382476832351,474.7775905644482,257.0454928390901,1555.0,1.5956736537685718,40436.7801179444,Ezi_3,E(z) RNAi,0.5549009990951184,-0.15538223183251632,29.138274981972316,100,2000
4200,81.9796875,490.43984375,237.73671875,1786.0,1.4862972698335029,59582.15625,Ezi_3,E(z) RNAi,0.6031939912234654,-0.12307971765787351,29.50554165502291,100,2000
4201,82.90092658588739,496.0848182466144,212.51960085531005,1729.0,1.357878484940464,47120.420527441194,Ezi_3,E(z) RNAi,0.6652833681041921,-0.11248430606988646,30.439374535287484,100,2000
4202,82.79426433915212,532.9806733167082,191.17082294264338,1880.0,1.5144384782874405,57609.583541147134,Ezi_3,E(z) RNAi,0.7199754152755373,-0.0350045633842192,30.23507338130132,100,2000
4203,82.46052631578948,541.8667763157895,227.55263157894737,889.0,1.4705289916731525,60071.24342105263,Ezi_3,E(z) RNAi,0.6315202659026062,-0.013952253028293393,29.825728422150462,100,2000
4204,83.78732480195004,534.6154783668495,349.8037781840341,2062.0,1.6356099777264388,61392.14990859232,Ezi_3,E(z) RNAi,0.3318287742078012,-0.022363506468734307,31.02360152465529,100,2000
4205,83.06930051813471,580.925518134715,205.5667098445596,2229.0,1.5299512429286746,62095.7189119171,Ezi_3,E(z) RNAi,0.6879127658727169,0.06811012645029368,30.330364581767682,100,2000
4206,85.37735226147244,598.487949818422,318.175635523275,4484.0,1.9373126780046972,46962.63255199736,Ezi_3,E(z) RNAi,0.4134592747216339,0.11208619614412973,32.43790269699966,100,2000
4207,81.94396082698586,600.0968443960827,219.51958650707292,2369.0,1.4786022475208438,62080.219804134926,Ezi_3,E(z) RNAi,0.6550348071163579,0.10980538935859085,29.12287675886698,100,2000
4208,81.2779827798278,602.3222632226323,350.2878228782288,1947.0,1.5616452813478479,35850.83886838868,Ezi_3,E(z) RNAi,0.33513047752343383,0.12208778454270175,28.285343092154974,100,2000
4209,84.25512995896032,625.7489740082079,119.19972640218879,1810.0,1.1857149060781698,59115.63885088919,Ezi_3,E(z) RNAi,0.9022567557833137,0.15876279981367336,31.473381313614084,100,2000
4210,83.8008830022075,633.5677704194261,176.53730684326712,2688.0,1.3386287129045524,60594.83222958058,Ezi_3,E(z) RNAi,0.762442378166357,0.17874554591160208,30.920837391954535,100,2000
4211,81.93683187560738,639.0106899902818,91.75607385811468,1285.0,1.3595680253573852,43113.33430515063,Ezi_3,E(z) RNAi,0.9703086675038259,0.1854553985686631,29.14480560187397,100,2000
4212,83.31814611154752,654.4124116260801,191.54202670856245,1775.0,1.7742130213262985,35436.68499607227,Ezi_3,E(z) RNAi,0.7270989187783845,0.22407587441079801,30.348985754852947,100,2000
4213,83.16694867456289,698.9278059785674,296.2098138747885,2160.0,1.3189598101223683,36793.84997179921,Ezi_3,E(z) RNAi,0.4738713733848068,0.3250760574688891,29.91636055763196,100,2000
4214,82.37914691943128,733.6682464454976,402.9058056872038,2006.0,1.363801022630702,38837.53258293839,Ezi_3,E(z) RNAi,0.21503496006996436,0.4053352504206482,28.877554440043085,100,2000
4215,82.01461632155907,757.8191230207065,314.37941534713764,1975.0,1.447380348329401,34695.49086479902,Ezi_3,E(z) RNAi,0.43330085542665353,0.4517505059936111,28.542643720519905,100,2000
4216,82.99880952380953,799.6678571428571,485.17738095238093,2100.0,1.415705710479298,48022.26964285714,Ezi_3,E(z) RNAi,0.018040961731945027,0.5508828902661589,29.17143092406249,100,2000
4217,82.0954378605139,802.5416885159937,590.4577871001574,2238.0,1.3373040550956765,39534.303093864706,Ezi_3,E(z) RNAi,-0.23943868275460467,0.5630773020996824,28.126294301376163,100,2000
4218,84.89582071471835,798.923682616596,450.82556026650514,1969.0,1.3706273324329719,47536.49424591157,Ezi_3,E(z) RNAi,0.1020619346837055,0.5473284864994596,31.114035449846398,100,2000
4219,81.77936746987952,830.3245481927711,541.2417168674699,1736.0,1.499595953261357,48230.111445783135,Ezi_3,E(z) RNAi,-0.11714411114152634,0.6195076674228348,27.778278714961118,100,2000
4220,82.95457697642163,847.1556865464632,691.7718446601941,3470.0,1.4753629644521595,47996.42267683773,Ezi_3,E(z) RNAi,-0.4844543748274316,0.6641018172275635,28.707874018817108,100,2000
4221,83.96351931330472,841.3395922746781,405.82242489270385,2402.0,1.4741427577048793,37686.51287553648,Ezi_3,E(z) RNAi,0.21501523397029554,0.635214553803956,30.095160946282377,100,2000
4222,81.37948717948719,152.72307692307692,591.2692307692307,716.0,1.5457822063070383,11969.948717948719,Ezi_3,E(z) RNAi,-0.2844124332107727,-0.8231653875838371,29.600692494997716,100,2000
4223,82.57095158597663,188.81302170283806,295.10183639398997,1046.0,1.946430994195585,17717.792988313857,Ezi_3,E(z) RNAi,0.4428373687581302,-0.7632406143742625,31.04200088842316,100,2000
4224,82.90373134328358,196.26119402985074,337.32537313432834,1655.0,1.4138626089966575,29929.327611940298,Ezi_3,E(z) RNAi,0.33998764408939386,-0.7449142417709662,31.296689745572763,100,2000
4225,82.45039682539682,200.70833333333334,412.45436507936506,741.0,1.2521716144643447,21632.329365079364,Ezi_3,E(z) RNAi,0.15640597261221756,-0.7310985880086776,30.734108180807198,100,2000
4226,82.15654952076677,209.22843450479232,383.14696485623006,2146.0,1.630599544585661,39556.81256656017,Ezi_3,E(z) RNAi,0.22869992745469347,-0.7146142141411609,30.448298300972738,100,2000
4227,82.8513731825525,218.19224555735056,413.15831987075927,815.0,1.535759658326787,26632.736672051695,Ezi_3,E(z) RNAi,0.15583858747895674,-0.6937559509684554,31.07523836594426,100,2000
4228,82.88740458015268,231.7175572519084,411.4389312977099,1798.0,1.4800634689756003,23887.128816793895,Ezi_3,E(z) RNAi,0.1609414533390996,-0.6650007299820142,31.067815618216798,100,2000
4229,83.48730158730159,228.63650793650794,289.87301587301585,1484.0,1.3390827571143213,27778.364285714284,Ezi_3,E(z) RNAi,0.4582668120919151,-0.67857838138538,31.8306093206819,100,2000
4230,83.19534282018111,293.2373868046572,285.4922380336352,1935.0,1.380614792358209,43496.430142302714,Ezi_3,E(z) RNAi,0.4732633113591391,-0.5410174215799922,31.326296896561686,100,2000
4231,82.95158286778398,299.6219739292365,231.4096834264432,1475.0,1.5237135054882667,25830.543761638735,Ezi_3,E(z) RNAi,0.6060526933328532,-0.5305169145255323,31.128857226533782,100,2000
4232,83.09868421052632,327.25575657894734,236.75246710526315,1481.0,1.4033524500002958,32132.88404605263,Ezi_3,E(z) RNAi,0.5948040424144796,-0.47125553469058823,31.1760663212723,100,2000
4233,82.93778650949574,333.4243614931238,294.1342501637197,1774.0,1.6201307301407264,39281.65291421087,Ezi_3,E(z) RNAi,0.45477147315187394,-0.45478852849963314,30.922379189381942,100,2000
4234,83.08160621761658,347.3756476683938,203.78108808290156,1053.0,1.4574505900498698,33217.77202072539,Ezi_3,E(z) RNAi,0.6768321493726694,-0.4302341023839371,31.132503008833552,100,2000
4235,83.24711316397229,433.7321016166282,162.3233256351039,624.0,1.4738394256744034,31163.399538106234,Ezi_3,E(z) RNAi,0.7840120286285763,-0.248395506761795,31.058802628163278,100,2000
4236,83.11891891891892,474.3261261261261,350.9711711711712,1024.0,1.9756380731906293,35309.23603603603,Ezi_3,E(z) RNAi,0.3249849604863122,-0.15091876407172677,30.55704724394991,100,2000
4237,82.40683229813665,471.44099378881987,358.38198757763973,506.0,1.5462815819457483,34822.88198757764,Ezi_3,E(z) RNAi,0.30665824675638165,-0.156651624902158,29.845397434936572,100,2000
4238,84.07122774133083,474.4039362699157,212.71977507029052,1352.0,1.5652838866463796,60958.13027179007,Ezi_3,E(z) RNAi,0.6633557786462589,-0.15871696122563184,31.682530722228336,100,2000
4239,84.36390358612582,506.43562610229276,260.71075837742507,2196.0,1.4783280248121122,54588.40446796003,Ezi_3,E(z) RNAi,0.5480167843778017,-0.08761333823603923,31.806978180304355,100,2000
4240,83.35898661567877,518.2404397705545,339.2810707456979,2884.0,1.7252135866506042,60595.03537284895,Ezi_3,E(z) RNAi,0.35650085802882536,-0.057906853877975895,30.663688379943196,100,2000
4241,83.66357142857143,511.87285714285713,362.6457142857143,1834.0,1.7813882277659565,60330.313571428575,Ezi_3,E(z) RNAi,0.29889409081431406,-0.07014173448727856,30.960432312332344,100,2000
4242,83.50993377483444,522.1854304635762,225.99668874172184,1806.0,1.5133389703930884,52258.77152317881,Ezi_3,E(z) RNAi,0.6340233754223887,-0.056021347377389064,30.943451860130054,100,2000
4243,86.59398724567264,534.7983601579107,243.7221378682053,4769.0,1.70729042656775,58596.26237473429,Ezi_3,E(z) RNAi,0.5914662305561911,-0.028069274808366074,33.962713740852266,100,2000
4244,83.58624395486298,547.104245029554,366.52337452982266,2419.0,1.6688423371132672,62059.076303062866,Ezi_3,E(z) RNAi,0.29173458005765585,0.005241818315276925,30.75943095537923,100,2000
4245,83.25811209439529,560.7758112094396,302.13421828908554,1171.0,1.51542685635692,51062.63864306785,Ezi_3,E(z) RNAi,0.45023154917375297,0.030693074664598363,30.465976421906007,100,2000
4246,83.13372781065088,575.6544378698225,338.8591715976331,3116.0,1.5369918526271782,57340.6023668639,Ezi_3,E(z) RNAi,0.3613324068478636,0.06455078347705556,30.245344961981118,100,2000
4247,82.68190476190476,569.9314285714286,217.60190476190476,1425.0,1.654552468129005,57176.28,Ezi_3,E(z) RNAi,0.6577305640268039,0.045347085448404156,29.96494759747175,100,2000
4248,82.28089887640449,568.4410112359551,141.87078651685394,539.0,1.6783975167834064,32370.629213483146,Ezi_3,E(z) RNAi,0.8429839706468316,0.037798201285457855,29.66397882865003,100,2000
4249,84.05511182108626,600.85303514377,236.26837060702874,1967.0,1.689289189650026,61058.31309904153,Ezi_3,E(z) RNAi,0.6140864050949861,0.11239962126267078,31.210451831458712,100,2000
4250,84.64682539682539,602.603835978836,184.16137566137567,1879.0,1.3613160810414349,61192.40740740741,Ezi_3,E(z) RNAi,0.7417316975897341,0.11313466018295815,31.861628211426975,100,2000
4251,83.33272616879174,615.0850030358228,313.44869459623555,1912.0,1.3597080864438735,40740.151183970855,Ezi_3,E(z) RNAi,0.42613222389711347,0.14720596264996044,30.343250316103408,100,2000
4252,83.32723112128147,651.3157894736842,114.20137299771167,681.0,1.5430988177305989,42184.07780320366,Ezi_3,E(z) RNAi,0.9161842124638917,0.21301058821089924,30.465541021030603,100,2000
4253,83.66126943005182,655.7571243523316,127.20919689119171,1819.0,1.217027221703016,57605.89054404145,Ezi_3,E(z) RNAi,0.8846406156606894,0.22323788206595507,30.768280839249968,100,2000
4254,83.42078792958927,651.905280804694,221.55071248952223,1685.0,1.7527293369740067,40576.18860016765,Ezi_3,E(z) RNAi,0.6534869193540183,0.22045825725727797,30.42243424338494,100,2000
4255,83.385835694051,783.5348441926345,632.8793201133144,2064.0,1.507747885604732,41095.00453257791,Ezi_3,E(z) RNAi,-0.34452590133347205,0.5249844943023827,29.427560034880983,100,2000
4256,83.09945421467556,838.9951485748938,660.2395391146149,2125.0,1.435318370990936,40774.95027289266,Ezi_3,E(z) RNAi,-0.4078197785948052,0.6448756177736337,28.91982867437548,100,2000
4257,81.64464692482916,846.5603644646925,666.0546697038725,610.0,1.448902030269884,44790.084282460135,Ezi_3,E(z) RNAi,-0.42154759895903016,0.6613395076785935,27.432223500263063,100,2000
4258,83.55883905013192,940.5430079155673,582.4522427440634,3319.0,1.9729667822114147,20265.48073878628,Ezi_3,E(z) RNAi,-0.210719691943688,0.8570301478540059,29.134351994450668,100,2000
4259,83.89302325581396,198.04651162790697,365.8483720930233,1311.0,1.4063609398842465,22239.397209302326,Ezi_3,E(z) RNAi,0.27029329178562755,-0.739453822277734,32.24417117223773,100,2000
4260,83.83748169838945,295.40117130307465,212.08638360175695,1117.0,1.650168036569149,21456.462664714494,Ezi_3,E(z) RNAi,0.6530644462338953,-0.5406290024617149,32.053226034230036,100,2000
4261,84.91398514851485,335.2252475247525,228.38428217821783,1930.0,1.317491618083809,41920.60581683168,Ezi_3,E(z) RNAi,0.6158071249600803,-0.45472318849894333,32.97497855479628,100,2000
4262,83.85509838998212,335.2969588550984,173.95348837209303,880.0,1.5071352643676084,23938.3488372093,Ezi_3,E(z) RNAi,0.7490335001477919,-0.45771619566494903,31.984142944679704,100,2000
4263,84.66631689401889,385.46799580272824,156.6264428121721,1286.0,1.3635935021033279,26352.28961175236,Ezi_3,E(z) RNAi,0.7947580402940291,-0.3516774221891509,32.647903672282595,100,2000
4264,84.26144658261447,420.5262110152621,259.51360318513605,2146.0,1.5234673749176144,61209.41672196417,Ezi_3,E(z) RNAi,0.5452636218448521,-0.27095712941712013,31.995733265704658,100,2000
4265,84.09485094850949,417.99457994579944,215.78861788617886,1106.0,1.5372692821188871,51608.227642276426,Ezi_3,E(z) RNAi,0.6521129095925922,-0.27888020702104677,31.892531204856112,100,2000
4266,84.26718885987816,438.57006092254136,255.7154046997389,1535.0,1.5738388724260317,55577.63272410792,Ezi_3,E(z) RNAi,0.555753363632538,-0.23268240580158794,31.945391843673164,100,2000
4267,82.93579766536965,466.5350194552529,93.26459143968872,720.0,1.5086292486278616,27986.35992217899,Ezi_3,E(z) RNAi,0.9552033426351094,-0.18239967576901495,30.723506527336042,100,2000
4268,85.81312017640573,500.41730981256893,310.5474090407938,2236.0,1.7333183164076147,61585.38478500551,Ezi_3,E(z) RNAi,0.42563999245383055,-0.09756851000233102,33.21395821853463,100,2000
4269,85.44733581164807,527.5774473358116,369.68773234200745,2014.0,1.5368403368470367,60101.962205700125,Ezi_3,E(z) RNAi,0.2826927321255803,-0.03621951731005901,32.68239050855395,100,2000
4270,82.78454680534918,546.4769687964339,285.26745913818723,1827.0,1.8730233469281472,56858.45022288262,Ezi_3,E(z) RNAi,0.49056809478999885,-0.0007871450576469874,30.061793904865198,100,2000
4271,84.59898154042011,555.4602164226608,230.71101209420752,1874.0,1.3720558746659406,59421.812858052195,Ezi_3,E(z) RNAi,0.6246833799766882,0.015244822306864636,31.914366742431866,100,2000
4272,84.11160714285714,561.3258928571429,180.85357142857143,1391.0,1.4101469882040951,42852.15,Ezi_3,E(z) RNAi,0.7470982182475716,0.02488015192527815,31.469763495375616,100,2000
4273,85.07135416666667,579.5598958333334,181.196875,2251.0,1.3535603190657641,59084.1,Ezi_3,E(z) RNAi,0.7474615543981868,0.06380625424925701,32.36758367828361,100,2000
4274,86.25567850902738,579.8724519510774,217.683750728014,2349.0,1.4880735496191748,62110.50611531742,Ezi_3,E(z) RNAi,0.6581777354818079,0.06658535992532744,33.50507174066851,100,2000
4275,85.02389486260454,637.6152927120669,227.00716845878136,1330.0,1.6378210429518958,37274.61051373954,Ezi_3,E(z) RNAi,0.639182376969359,0.1902990989639355,32.066875068956975,100,2000
4276,85.69486823855756,660.8314840499306,271.5728155339806,1907.0,1.5082745993057016,33104.253120665744,Ezi_3,E(z) RNAi,0.5316425652069128,0.24240151870775994,32.60364308300103,100,2000
4277,82.81621621621622,664.7486486486487,175.64594594594595,519.0,1.6005259312063616,29082.197297297298,Ezi_3,E(z) RNAi,0.766689596383707,0.24520642393045855,29.832144971366105,100,2000
4278,84.6289707750953,670.6321473951715,219.52033036848792,1877.0,1.3832996433418365,40151.69758576874,Ezi_3,E(z) RNAi,0.6596917172293406,0.2603007519291667,31.57000447800823,100,2000
4279,85.29761904761905,686.2785714285715,173.45595238095237,1124.0,1.4199629773817832,32365.22619047619,Ezi_3,E(z) RNAi,0.7734668563552833,0.2910288407957353,32.243674535196035,100,2000
4280,83.44886677722499,778.0187949143173,538.4781647318961,2118.0,1.7367469400111766,39718.73852957435,Ezi_3,E(z) RNAi,-0.11384548017331364,0.507774487148573,29.627623224429882,100,2000
4281,85.25908278737343,778.1971411554497,353.7051816557475,1993.0,1.3369396612043987,39010.79213817749,Ezi_3,E(z) RNAi,0.33839048775965486,0.49751472278342845,31.66903293520373,100,2000
4282,83.69261477045909,784.5149700598803,292.6806387225549,638.0,1.4273406420234278,21975.209580838324,Ezi_3,E(z) RNAi,0.48816964006242136,0.5074629484670596,30.157827957044475,100,2000
4283,83.73862947240752,798.2261976955731,691.9654335961188,1962.0,1.3364444500260033,33338.7750151607,Ezi_3,E(z) RNAi,-0.4881674223629219,0.5597354228201434,29.65668190162124,100,2000
4284,84.87781531531532,798.830518018018,628.8462837837837,2081.0,1.389927783005175,42058.24155405405,Ezi_3,E(z) RNAi,-0.33364743909213046,0.5573936828503538,30.873008537141757,100,2000
4285,84.90490490490491,835.3163163163163,728.063063063063,2510.0,1.405569849149098,35071.01301301301,Ezi_3,E(z) RNAi,-0.5740654364388593,0.6409510132215803,30.6525857179832,100,2000
4286,85.72191435768262,850.3969773299748,657.1732997481108,2545.0,1.6238506749283803,43710.219143576825,Ezi_3,E(z) RNAi,-0.39956836107242777,0.6690418664661524,31.50766857357293,100,2000
4287,83.03010279001468,861.8627019089574,717.8715124816447,1812.0,1.582790570694329,17613.545521292217,Ezi_3,E(z) RNAi,-0.5473602001508182,0.6969822550006151,28.70106002777942,100,2000
4288,86.92853634577604,859.1883595284872,621.2841355599214,5799.0,1.4955911880174264,40716.78438113949,Ezi_3,E(z) RNAi,-0.3111519552722507,0.6857363958928926,32.72966059016633,100,2000
4289,82.72064777327935,890.5546558704453,653.5182186234817,660.0,1.8331431283876343,6816.607287449393,Ezi_3,E(z) RNAi,-0.387957359070352,0.7544793142837851,28.37558445926014,100,2000
4290,82.34931506849315,891.1472602739726,616.8356164383562,569.0,1.548373711159715,10228.955479452055,Ezi_3,E(z) RNAi,-0.29813693493187154,0.7536258468142742,28.04827587694855,100,2000
4291,86.5366269165247,145.4366837024418,354.5962521294719,2103.0,1.4665862740708588,39820.2169222033,Ezi_3,E(z) RNAi,0.2943446850266078,-0.8523180412727369,35.07928847904704,100,2000
4292,84.69123505976096,208.0557768924303,411.11354581673305,659.0,1.3104886656459318,24780.197211155377,Ezi_3,E(z) RNAi,0.1601673105492334,-0.715485014035983,32.95183648848466,100,2000
4293,85.12585034013605,224.52607709750566,400.2120181405896,1168.0,1.4816160052424747,25095.503401360544,Ezi_3,E(z) RNAi,0.1879370305227741,-0.6809736452570476,33.34458320201857,100,2000
4294,88.78079096045198,230.4813559322034,411.154802259887,1499.0,1.7002386466424046,26395.013559322033,Ezi_3,E(z) RNAi,0.16153829144818244,-0.667611525350116,36.965689105826414,100,2000
4295,85.47374301675978,233.52067039106146,460.61005586592177,1278.0,1.5431884400112135,40625.34748603352,Ezi_3,E(z) RNAi,0.04070772868499151,-0.6583002396825535,33.58636912463996,100,2000
4296,85.3766404199475,291.90223097112863,303.5761154855643,1768.0,1.3899731359760097,43094.65091863517,Ezi_3,E(z) RNAi,0.4289087306802579,-0.5428072570102773,33.48939576036143,100,2000
4297,86.56670403587444,337.02410313901345,185.67713004484304,2147.0,1.394078106744305,46333.68609865471,Ezi_3,E(z) RNAi,0.7204465900437018,-0.4533359590340127,34.67519875696162,100,2000
4298,84.9035874439462,361.97533632286996,173.26793721973095,1164.0,1.5077346697311853,31045.40807174888,Ezi_3,E(z) RNAi,0.7524733424674466,-0.40083404387216004,32.94351864213863,100,2000
4299,85.63142350856468,366.4595392793857,255.84937979917308,1964.0,1.3023922055847486,51107.461311281746,Ezi_3,E(z) RNAi,0.55065098973704,-0.3865010543023871,33.55262555747676,100,2000
4300,84.89564761405349,397.1059255374934,244.29627687467226,2247.0,1.545642081894541,54166.58311484006,Ezi_3,E(z) RNAi,0.5809566054139423,-0.3217933413492985,32.728000550125344,100,2000
4301,84.80277252678009,427.7126654064272,205.24448645242597,1913.0,1.3800007283904907,59246.65847511027,Ezi_3,E(z) RNAi,0.6785604253940256,-0.25875101821994706,32.58090435076048,100,2000
4302,87.64305326743548,430.74464579901155,226.63371773750686,2735.0,1.417546500595523,51770.83305875892,Ezi_3,E(z) RNAi,0.6264030753695546,-0.25102890148385804,35.3841082079724,100,2000
4303,85.12164073550213,448.2998585572843,227.9108910891089,900.0,1.6054631163047222,36966.66902404526,Ezi_3,E(z) RNAi,0.6244457839785327,-0.2135223420299085,32.80190884530052,100,2000
4304,86.2077850877193,457.063048245614,211.86787280701753,2257.0,1.4702367873987885,57211.44901315789,Ezi_3,E(z) RNAi,0.6642874997614447,-0.1957445699455692,33.87862110657316,100,2000
4305,85.2,482.3293680297398,345.9903345724907,1826.0,1.425287748982308,45517.78810408922,Ezi_3,E(z) RNAi,0.3376990308546446,-0.13411718112292048,32.617374486816175,100,2000
4306,85.82933914306463,485.358024691358,365.9941902687001,1949.0,1.8051504003444174,47774.0929557008,Ezi_3,E(z) RNAi,0.2889384440235532,-0.12649809712738957,33.211400288732804,100,2000
4307,85.84210526315789,487.02315789473687,196.18315789473684,1126.0,1.2883330832902156,51558.268421052635,Ezi_3,E(z) RNAi,0.7046587231578658,-0.13273644416789687,33.43158739353929,100,2000
4308,85.81818181818181,502.1400338791643,342.5635234330887,2272.0,1.5267400896051488,61823.13890457369,Ezi_3,E(z) RNAi,0.34739494991582665,-0.09204737445640299,33.17304454142143,100,2000
4309,86.37754432042023,514.0840446487197,246.83125410374262,1858.0,1.308948977791167,56504.92252133946,Ezi_3,E(z) RNAi,0.5824869390751222,-0.0720822717264491,33.81222589112228,100,2000
4310,85.35071090047393,551.1263823064771,303.9186413902054,2290.0,1.583373604715938,52216.76224328594,Ezi_3,E(z) RNAi,0.4452198663538802,0.01022564840066953,32.58886349164237,100,2000
4311,85.50761828388131,585.4330392943064,238.45629510825984,1542.0,1.3231662387480436,57452.38492381716,Ezi_3,E(z) RNAi,0.6077072196733524,0.079640224879449,32.71220438462774,100,2000
4312,85.51420454545455,594.3366477272727,364.875,1827.0,1.6460128418313906,34480.55397727273,Ezi_3,E(z) RNAi,0.2988881995608239,0.1059235793120834,32.53016673324436,100,2000
4313,85.96363636363637,594.9281385281386,202.7038961038961,1498.0,1.6076897905911771,64254.65541125541,Ezi_3,E(z) RNAi,0.6958375873833953,0.09783845336459374,33.18105265075533,100,2000
4314,85.97886951928156,599.1568938193344,296.3549920760697,2344.0,1.3866177359673237,51386.182250396196,Ezi_3,E(z) RNAi,0.46690754041803495,0.11225954709575414,33.06453527983503,100,2000
4315,85.41913580246914,605.3820987654321,261.7808641975309,2082.0,1.4930232256736984,51795.17037037037,Ezi_3,E(z) RNAi,0.5519406729914074,0.12354253224884593,32.527187083489025,100,2000
4316,83.9291453615778,612.0087655222791,288.5471146822498,1782.0,1.794012390544861,38645.957633308986,Ezi_3,E(z) RNAi,0.4868732850650048,0.13921189318397387,30.981279808353605,100,2000
4317,87.78424657534246,614.175902864259,227.87235367372352,4089.0,1.4695624503630815,59347.4595267746,Ezi_3,E(z) RNAi,0.6355063178376537,0.14036484451855036,34.9051673905749,100,2000
4318,85.93686718284694,618.5419892793329,210.93627159023228,2147.0,1.574078284920702,62735.85646217987,Ezi_3,E(z) RNAi,0.6772512504762029,0.1486892909740989,33.06432349755586,100,2000
4319,84.47766636280765,622.4029170464904,162.16681859617137,1374.0,1.3690407577696175,59735.22789425706,Ezi_3,E(z) RNAi,0.7968733937803223,0.15410347722196382,31.653295733286754,100,2000
4320,87.29578189300412,625.664609053498,142.315329218107,2353.0,1.342798127543854,60515.52726337448,Ezi_3,E(z) RNAi,0.8456673979241414,0.1599376840530602,34.485298399077365,100,2000
4321,85.4481302774427,639.4819059107358,259.9433051869723,2017.0,1.4734694432655997,41218.66586248492,Ezi_3,E(z) RNAi,0.5586939181288957,0.19618329036862892,32.44349300537124,100,2000
4322,84.96768893756845,653.4452354874041,368.52190580503833,2162.0,1.4942973482914088,40943.26177437021,Ezi_3,E(z) RNAi,0.29387442751075876,0.23222861242477388,31.779749465034357,100,2000
4323,83.94223826714801,774.3574007220217,320.63537906137185,500.0,1.7072752154426964,20553.108303249097,Ezi_3,E(z) RNAi,0.41907809819295894,0.48740698647168923,30.40663327476358,100,2000
4324,84.6086513994911,792.7089058524173,676.78524173028,2452.0,1.492684429528037,36959.80712468193,Ezi_3,E(z) RNAi,-0.4513815950716441,0.5470962444730236,30.56434828319341,100,2000
4325,85.34242181234964,796.4883720930233,379.7963111467522,1707.0,1.4715446193567219,24970.41138732959,Ezi_3,E(z) RNAi,0.27574265716142055,0.5380410767937973,31.657955882749732,100,2000
4326,83.67954545454545,880.6113636363636,511.11704545454546,1325.0,1.5495526168979397,18931.936363636363,Ezi_3,E(z) RNAi,-0.04009299971485758,0.7250634805764191,29.54665669305888,100,2000
4327,85.41566920565832,912.430359085963,576.2568008705114,2349.0,1.5139667232908876,34940.47986942329,Ezi_3,E(z) RNAi,-0.19742155805321904,0.7967125837700675,31.093745993193878,100,2000
4328,85.66237942122187,161.62165058949626,359.9667738478028,1190.0,1.659816681777744,23604.446945337622,Ezi_3,E(z) RNAi,0.2822736390829097,-0.817486704630193,34.143729018473266,100,2000
4329,86.75096030729834,301.77336747759284,254.17093469910373,1837.0,1.3945972593136775,44013.21766965429,Ezi_3,E(z) RNAi,0.5504763557633441,-0.5245873138193633,34.89239988181808,100,2000
4330,86.70163370593293,307.15821152192603,190.71195184866724,1569.0,1.5394600352671652,25480.19776440241,Ezi_3,E(z) RNAi,0.706147723096243,-0.5167587996300367,34.90452689858057,100,2000
4331,86.74668745128605,308.5409197194076,231.36243180046765,1624.0,1.5588369603124086,31922.473109898674,Ezi_3,E(z) RNAi,0.6067475819594645,-0.5114649144416127,34.89391945185727,100,2000
4332,86.01144492131617,371.1952789699571,294.2832618025751,1643.0,1.432770690220563,42948.62374821173,Ezi_3,E(z) RNAi,0.45689681284029726,-0.3741793792435961,33.86845712228737,100,2000
4333,87.08955223880596,381.06799336650084,210.09452736318408,2184.0,1.5312281113707407,50827.5688225539,Ezi_3,E(z) RNAi,0.6635976528087282,-0.35796372559123235,35.018882959305,100,2000
4334,86.23031496062993,401.3877952755906,173.85826771653544,681.0,1.3824680294521954,27136.633858267716,Ezi_3,E(z) RNAi,0.7536321333892602,-0.31671017716501304,34.13658761445748,100,2000
4335,88.15094339622641,424.5431675242996,245.6575185820469,2101.0,1.5397195976204257,59304.06803887936,Ezi_3,E(z) RNAi,0.5794308706923668,-0.263158226098002,35.8890417938662,100,2000
4336,88.56126192223037,427.0432868672047,271.32868672046953,1928.0,1.529635605401891,60838.699192956716,Ezi_3,E(z) RNAi,0.5167652723570939,-0.2563415253632735,36.258720841853304,100,2000
4337,85.69802219006272,431.9160636758321,343.9368065605403,2635.0,1.7168398690888813,51787.302460202605,Ezi_3,E(z) RNAi,0.33938842126025515,-0.24178069873465946,33.287976857498606,100,2000
4338,87.05254901960784,440.0078431372549,173.67607843137256,1519.0,1.5364809356311178,42129.025098039216,Ezi_3,E(z) RNAi,0.7566306690810591,-0.23432499986595456,34.82880778120966,100,2000
4339,88.62469377756003,444.77951984321413,343.24252817246446,2575.0,1.4914434081675094,56330.79519843214,Ezi_3,E(z) RNAi,0.3419303271434537,-0.21435733138382684,36.172121490862764,100,2000
4340,87.40577889447236,450.0992462311558,284.66582914572865,2144.0,1.5145308115073404,56962.8932160804,Ezi_3,E(z) RNAi,0.48565139460093265,-0.20639473807815156,35.0087623242588,100,2000
4341,86.82011242973142,459.7551530293567,348.31292941911306,2080.0,1.6173946097468554,50705.120549656465,Ezi_3,E(z) RNAi,0.33051646554362746,-0.18212997941912457,34.31068891268602,100,2000
4342,85.99502177971375,464.10640945861854,332.37461107654013,2289.0,1.8007747156358473,44969.66832607343,Ezi_3,E(z) RNAi,0.36981549322968177,-0.17377221411611898,33.490925411505714,100,2000
4343,86.61055634807418,468.25606276747504,287.56562054208274,1704.0,1.6475710323609267,55084.08559201141,Ezi_3,E(z) RNAi,0.4797576528467551,-0.16749865478920656,34.14867734984857,100,2000
4344,87.55333333333333,490.28208333333333,329.60041666666666,3339.0,1.5973969678403444,63289.198333333334,Ezi_3,E(z) RNAi,0.3783325522317944,-0.11807921970382207,34.96443586584523,100,2000
4345,85.70558375634518,494.7831762146483,249.54604786076868,1850.0,1.421464957930861,61245.552574329224,Ezi_3,E(z) RNAi,0.5745675523168563,-0.11310595031622284,33.20195152647655,100,2000
4346,86.8999437886453,490.0826306913997,277.71107363687463,2109.0,1.5184752128466723,53099.60876897133,Ezi_3,E(z) RNAi,0.5053196678472225,-0.1215012337967426,34.376820906491574,100,2000
4347,86.33226837060703,502.937167199148,203.1427050053248,1217.0,1.5918845814892277,44688.88498402556,Ezi_3,E(z) RNAi,0.6886767488438099,-0.09838161979652138,33.85934993429703,100,2000
4348,87.84587995930823,529.5940996948118,205.89318413021363,2441.0,1.4145296850926288,55883.66581892167,Ezi_3,E(z) RNAi,0.6837042114034255,-0.04134372757710958,35.27960680391847,100,2000
4349,86.29373522458629,533.4722222222222,279.121158392435,2096.0,1.408153886335331,57376.67612293144,Ezi_3,E(z) RNAi,0.50474073899362,-0.02885957117243998,33.6225259325532,100,2000
4350,86.42989690721649,543.2103092783506,219.79690721649484,1289.0,1.6507095198286048,53824.38969072165,Ezi_3,E(z) RNAi,0.6505798752790783,-0.01150436530739507,33.800272506894345,100,2000
4351,85.3891797556719,554.4642233856894,292.8062827225131,764.0,1.3396780329659952,50613.23734729494,Ezi_3,E(z) RNAi,0.4726379213748473,0.016705977633041602,32.63001700834053,100,2000
4352,88.60681293302541,547.9214780600462,281.7176674364896,2327.0,1.4275356885420647,55910.74884526559,Ezi_3,E(z) RNAi,0.49933514637083243,0.002132123683449949,35.88360446221829,100,2000
4353,86.13090909090909,561.1236363636364,195.43151515151516,1923.0,1.4225541373495736,53384.278787878786,Ezi_3,E(z) RNAi,0.7113997719790486,0.025303858827438575,33.471445683684095,100,2000
4354,88.8257731958763,560.8881443298969,213.7963917525773,2459.0,1.6820443947096688,54833.072164948455,Ezi_3,E(z) RNAi,0.6664287374498208,0.025879913905886953,36.144046840420216,100,2000
4355,88.0094130675526,592.141749723145,226.07142857142858,2437.0,1.5670162238638325,59959.07530454042,Ezi_3,E(z) RNAi,0.6384557112838598,0.09325629714940176,35.20689683519714,100,2000
4356,85.85245901639344,590.3300546448088,336.4743169398907,1497.0,1.6671390708697638,39643.61639344262,Ezi_3,E(z) RNAi,0.3681324532791088,0.09574112221234388,32.917560380712644,100,2000
4357,86.91638795986623,609.5973244147157,195.41538461538462,2126.0,1.4070394383970797,63386.119732441475,Ezi_3,E(z) RNAi,0.7146438691956458,0.12871951176563412,34.09347345806552,100,2000
4358,87.21835231078366,616.5030140656396,173.39517749497656,2181.0,1.5539483267551146,64508.2029470864,Ezi_3,E(z) RNAi,0.7689940190821145,0.14218428104504732,34.39977346037833,100,2000
4359,87.06215921483097,641.6782988004362,289.47491821155944,2182.0,1.2803483408463945,40312.939476553984,Ezi_3,E(z) RNAi,0.48655641329249666,0.20258336638240437,34.013055800803414,100,2000
4360,87.46702491450904,641.3556424035173,144.2799218368344,2474.0,1.4180224616899362,58400.83097215437,Ezi_3,E(z) RNAi,0.8418966624930879,0.1935265150092731,34.601161270414224,100,2000
4361,86.80663329161452,647.9055068836045,99.40738423028786,1901.0,1.3620276989154234,59154.035669586985,Ezi_3,E(z) RNAi,0.9521567755978133,0.20490760618143988,33.974980845281294,100,2000
4362,88.85714285714286,654.6911293195583,249.65586034912718,3671.0,1.8192178828109,42169.07303170645,Ezi_3,E(z) RNAi,0.584868780943768,0.22806137275908345,35.81410005586167,100,2000
4363,85.18703384968445,670.3895582329317,431.63224325874927,1977.0,1.594436437780998,41343.596098680435,Ezi_3,E(z) RNAi,0.14053310267978425,0.27201694472958926,31.862777126139264,100,2000
4364,85.3047619047619,668.6833333333333,205.44285714285715,1131.0,1.6794105227824485,29555.413095238095,Ezi_3,E(z) RNAi,0.6940152873050425,0.2553365189377892,32.27002404240638,100,2000
4365,86.28078175895766,707.0456026058632,420.78045602605863,1829.0,1.6030121284214367,39601.95830618893,Ezi_3,E(z) RNAi,0.1695146270448331,0.34959903378929025,32.84651806949013,100,2000
4366,85.49824067558058,749.6396903589022,725.9380717804363,1874.0,1.562416771399616,36971.079521463755,Ezi_3,E(z) RNAi,-0.5745343136295293,0.45805540059378713,31.53750806270878,100,2000
4367,87.06582556226002,783.5523861766319,464.42512342292923,2330.0,1.539783879338735,42357.57487657707,Ezi_3,E(z) RNAi,0.06775410006950233,0.5153361531717247,33.31880105058946,100,2000
4368,87.05972797161444,817.5901833234773,476.64104080425784,2068.0,1.3826765937677314,38442.40685984625,Ezi_3,E(z) RNAi,0.04010765342640865,0.5886546442640297,33.182593466838,100,2000
4369,86.22058823529412,850.916955017301,559.5363321799308,2129.0,1.548903955786045,16962.23096885813,Ezi_3,E(z) RNAi,-0.16057025170091033,0.6645253587984439,32.12707612606117,100,2000
4370,86.89183673469388,857.7367346938776,701.7755102040817,1032.0,1.773916955444663,18996.27142857143,Ezi_3,E(z) RNAi,-0.5082494128572561,0.6872801825758914,32.59687607194674,100,2000
4371,85.43725490196078,868.5254901960784,419.0607843137255,777.0,1.3714428817952413,19566.935294117648,Ezi_3,E(z) RNAi,0.18440886248610688,0.6939853156237346,31.46060069626907,100,2000
4372,87.73969508752117,876.6832298136646,454.2591756070017,2260.0,1.3672674917453917,35994.88650479955,Ezi_3,E(z) RNAi,0.09879441837661784,0.7134347030828923,33.69135777372286,100,2000
4373,88.71402145763966,915.9075101738808,557.0207177210507,3600.0,1.3690250763685867,38094.30151683315,Ezi_3,E(z) RNAi,-0.15012086554405002,0.8030454100939572,34.40448362893076,100,2000
4374,87.44556113902847,298.5527638190955,290.88274706867674,774.0,1.667338506821013,48160.246231155776,Ezi_3,E(z) RNAi,0.4604096601206886,-0.5293362300191896,35.55180016960388,100,2000
4375,86.66335650446872,305.01688182720955,297.0625620655412,1266.0,1.283057524242122,46698.667328699106,Ezi_3,E(z) RNAi,0.4457145196336143,-0.5151954426685104,34.74004897903417,100,2000
4376,90.02899033655449,340.6484505164945,205.06131289570143,4147.0,1.7807585826961454,48534.15894701766,Ezi_3,E(z) RNAi,0.6732339862444172,-0.44446120643061215,38.10092196040601,100,2000
4377,87.04083147735709,352.94729027468446,216.2160356347439,1594.0,1.701422049641743,31210.49517446177,Ezi_3,E(z) RNAi,0.6467551144162538,-0.41760216487200574,35.05731331357214,100,2000
4378,86.87870105062082,358.38204393505254,267.87583572110793,1317.0,1.3830969511536229,41274.17478510029,Ezi_3,E(z) RNAi,0.5206784738371575,-0.4030306325220533,34.8120467174993,100,2000
4379,87.72529182879377,421.536186770428,311.3976653696498,1513.0,1.401784946398233,48224.85447470817,Ezi_3,E(z) RNAi,0.4183350499524858,-0.2657858757417092,35.39105905855871,100,2000
4380,88.55833333333334,431.55885416666666,287.5546875,2415.0,1.4277948478848514,60725.75625,Ezi_3,E(z) RNAi,0.4773511025306607,-0.24577276777755241,36.22020824989369,100,2000
4381,86.87058823529412,451.1777777777778,184.44575163398693,1100.0,1.609502158906806,45343.635294117645,Ezi_3,E(z) RNAi,0.7310115257410905,-0.20987610637946807,34.59566907838784,100,2000
4382,88.19974226804123,463.49033505154637,249.91623711340208,1855.0,1.4239510153109787,51894.96134020619,Ezi_3,E(z) RNAi,0.5715841892662985,-0.179824763559015,35.801157306322494,100,2000
4383,87.40217929668152,482.55621594848935,259.9262010896483,2518.0,1.380274995938202,57098.96235760277,Ezi_3,E(z) RNAi,0.5483485456184571,-0.13857940483508746,34.926746250528964,100,2000
4384,88.10518731988472,473.28530259365994,270.02593659942363,1866.0,1.873918370294159,53956.81484149856,Ezi_3,E(z) RNAi,0.5230142485898959,-0.15776999308998074,35.648343105742654,100,2000
4385,87.94295692665891,482.3987194412107,226.02502910360886,2061.0,1.463356893413179,60002.079161816066,Ezi_3,E(z) RNAi,0.6313092364848225,-0.14086609698121633,35.51058219801165,100,2000
4386,87.34688524590165,584.0609836065573,304.8281967213115,2190.0,1.6212201648201614,54666.06819672131,Ezi_3,E(z) RNAi,0.4451668996550031,0.0805533099367719,34.47281954533193,100,2000
4387,88.22405660377359,581.0834905660378,352.62028301886795,2582.0,1.4784898926351688,59277.08679245283,Ezi_3,E(z) RNAi,0.3279969501578479,0.07696320959620828,35.300068591538604,100,2000
4388,87.7843137254902,604.3345588235294,211.97058823529412,2261.0,1.3519860079190325,64207.07720588235,Ezi_3,E(z) RNAi,0.6737745989960922,0.11845306598147998,34.95837173727017,100,2000
4389,88.04723961297667,611.1166761525327,244.60671599317018,2084.0,1.3144509869568453,57910.4610130905,Ezi_3,E(z) RNAi,0.5943460603361326,0.13480523106791487,35.157481171380525,100,2000
4390,87.17234726688103,623.5961414790996,190.49260450160773,2187.0,1.402665382705633,62405.29324758842,Ezi_3,E(z) RNAi,0.7276176908804972,0.1583017821591195,34.30839922252427,100,2000
4391,90.74860335195531,630.0730912476722,126.34683426443203,2580.0,1.4756127571023943,59311.92644320298,Ezi_3,E(z) RNAi,0.8850318873278822,0.16844687727564067,37.94326419313364,100,2000
4392,88.24840425531914,645.3718085106383,271.80797872340423,2438.0,1.5232336582798591,40008.51276595745,Ezi_3,E(z) RNAi,0.5300369759605037,0.20945288307386645,35.20900170931996,100,2000
4393,88.79260780287474,648.2381930184805,172.28747433264888,941.0,1.8911606808457329,34245.40862422998,Ezi_3,E(z) RNAi,0.7738001163483448,0.20983379219956344,35.868388915524605,100,2000
4394,88.38589981447124,658.8750773036487,227.4774273345702,2156.0,1.5303854811425388,43573.814471243044,Ezi_3,E(z) RNAi,0.63942832697847,0.23570499934014966,35.3565746130012,100,2000
4395,87.88316151202748,748.0109965635739,332.9127147766323,1756.0,1.3491827438586077,39711.834364261165,Ezi_3,E(z) RNAi,0.3872752785951361,0.4319376461700386,34.420975609267,100,2000
4396,87.97824842587292,770.5329135661134,408.63537492844875,2006.0,1.480762550716253,43693.45163136806,Ezi_3,E(z) RNAi,0.20343481669261476,0.48435116680452284,34.34511415328562,100,2000
4397,88.3874425727412,889.8154670750383,641.1186830015314,2196.0,1.4941150866675454,20583.694486983153,Ezi_3,E(z) RNAi,-0.35767470485139874,0.7522286354628365,34.060391150560335,100,2000
4398,87.70925110132158,98.76651982378854,332.02863436123346,903.0,1.713161157165135,23075.70704845815,Ezi_3,E(z) RNAi,0.34648773931229515,-0.9531740379246451,36.437601547052864,100,2000
4399,88.43179377013963,241.2234156820623,400.63802363050485,1399.0,1.5089133103777974,22364.16433941998,Ezi_3,E(z) RNAi,0.18798961378371892,-0.6453039539758669,36.59366289390465,100,2000
4400,87.24489795918367,274.6469387755102,216.35918367346937,1229.0,1.4055408146739414,22588.929591836735,Ezi_3,E(z) RNAi,0.6412240952404205,-0.5846337288082399,35.52524862499722,100,2000
4401,87.4193857965451,330.48848368522073,264.3570057581574,1265.0,1.513586124197241,36666.817658349326,Ezi_3,E(z) RNAi,0.5274438788177087,-0.46273604548206815,35.45120705874126,100,2000
4402,90.13909559244419,365.55638236977677,187.5243274184316,2107.0,1.4248301854791752,48679.868345735544,Ezi_3,E(z) RNAi,0.717803026583669,-0.3923344338548438,38.14903130849481,100,2000
4403,88.28654004954583,382.5441783649876,190.37076796036334,1565.0,1.2807194390305057,46403.23699421965,Ezi_3,E(z) RNAi,0.7119655325447933,-0.35594302849150483,36.23562936312416,100,2000
4404,89.1468849477035,395.42655752614826,226.3856298317417,2464.0,1.3554202730678864,55788.61527967258,Ezi_3,E(z) RNAi,0.6246694603179179,-0.32637778092937486,37.0073434364523,100,2000
4405,87.97560975609755,407.7954971857411,284.24108818011257,1439.0,1.6932506099579887,45344.24859287054,Ezi_3,E(z) RNAi,0.4838906473729512,-0.29666338181804763,35.721781917290826,100,2000
4406,91.31436837029894,427.0,214.83944069431053,2610.0,1.2544665799685966,58041.992767598844,Ezi_3,E(z) RNAi,0.6550112187076271,-0.25967084615657643,39.08282399791986,100,2000
4407,87.98598130841121,429.5392523364486,359.6130841121495,1332.0,1.6874791163141998,30728.684112149534,Ezi_3,E(z) RNAi,0.3008571919791432,-0.24593077898604998,35.56426974374408,100,2000
4408,88.84204965662968,445.8473322768093,262.36819862651873,2306.0,1.3898942130399423,59232.3792921289,Ezi_3,E(z) RNAi,0.5399391554326867,-0.21674068769888477,36.487335861659375,100,2000
4409,88.83899821109124,458.7915921288014,199.8372093023256,1386.0,1.4374869130016035,56014.03041144901,Ezi_3,E(z) RNAi,0.6938392449354329,-0.19273152538938831,36.51908114806389,100,2000
4410,87.73047473200613,482.2649310872894,181.46094946401226,901.0,1.3343795450431672,35968.136294027565,Ezi_3,E(z) RNAi,0.7403709598263708,-0.14372247274647698,35.35446039175858,100,2000
4411,88.63081540770385,514.0695347673837,328.66533266633314,2644.0,1.3959205412128324,63514.22111055528,Ezi_3,E(z) RNAi,0.3821917863488058,-0.06737857365200661,35.962866423479696,100,2000
4412,89.69958108916816,511.0783961699581,233.6163973668462,1981.0,1.3504754351225423,58101.065230400956,Ezi_3,E(z) RNAi,0.614621815681375,-0.07923212751503039,37.16095569866373,100,2000
4413,87.67587939698493,518.1909547738693,185.57286432160805,616.0,1.4328454692227661,33368.04271356784,Ezi_3,E(z) RNAi,0.7326840041562805,-0.06684335383329476,35.173554644555466,100,2000
4414,89.72252010723861,540.8427167113495,363.4249329758713,2726.0,1.4710807656401086,61779.227882037536,Ezi_3,E(z) RNAi,0.2988862590018353,-0.00825020883458738,36.92067008443709,100,2000
4415,87.7478397486253,588.2780832678711,381.16496465043207,1544.0,1.5965235242853377,43922.05184603299,Ezi_3,E(z) RNAi,0.25861156198616975,0.09395405492063835,34.76378201180721,100,2000
4416,87.69146399618502,597.8216499761564,280.0772532188841,2420.0,1.4755707591452016,54118.94992846924,Ezi_3,E(z) RNAi,0.506653869745852,0.10848494227509242,34.80204269932109,100,2000
4417,88.19771351714863,612.6536650975117,394.831876260928,1803.0,1.6077593344809984,42200.515803631475,Ezi_3,E(z) RNAi,0.2267733093300821,0.14674672490723117,35.114306067101595,100,2000
4418,88.94070695553022,613.2867730900798,278.4686431014823,2244.0,1.494722278628678,40416.454389965795,Ezi_3,E(z) RNAi,0.5116104836854398,0.1413936442651198,36.0011431199307,100,2000
4419,91.20501893939394,628.2779356060606,153.171875,2436.0,1.2668516618666181,61017.211174242424,Ezi_3,E(z) RNAi,0.8192579096917452,0.166167157917682,38.37207723047722,100,2000
4420,88.89241486068111,642.6191950464396,114.187306501548,1590.0,1.4812857534525117,54887.205108359136,Ezi_3,E(z) RNAi,0.9156274564966389,0.19449742110078572,36.060033627203524,100,2000
4421,89.77703115455101,642.9981673793525,128.93891264508247,2154.0,1.256545837927406,58478.99022602321,Ezi_3,E(z) RNAi,0.8795456568963267,0.19616285443385473,36.92485957899426,100,2000
4422,87.5508064516129,665.6209677419355,357.5725806451613,1476.0,1.5377740525181267,43307.025,Ezi_3,E(z) RNAi,0.32147089946501817,0.2575910624651403,34.33552690142467,100,2000
4423,92.53318980983136,761.5080731969861,830.0121994976678,4259.0,1.2897833526534395,40399.737710800146,Ezi_3,E(z) RNAi,-0.8284891630301875,0.4894263865333046,38.401822154000016,100,2000
4424,89.98452970297029,798.352103960396,477.1522277227723,2007.0,1.3288507160741043,46276.02413366337,Ezi_3,E(z) RNAi,0.03757547640756265,0.5476639996819586,36.17161090781727,100,2000
4425,87.51920341394026,802.8591749644381,364.94310099573255,924.0,1.489169494279301,20108.297297297297,Ezi_3,E(z) RNAi,0.31251095630011516,0.5507915990702761,33.831873428963235,100,2000
4426,88.9964114832536,808.316985645933,429.2374401913876,1977.0,1.39913018497982,40546.39473684211,Ezi_3,E(z) RNAi,0.1555083132874686,0.5661526975001223,35.21000630850715,100,2000
4427,87.08417997097243,821.77793904209,339.97822931785197,847.0,1.467598248098497,21954.947750362844,Ezi_3,E(z) RNAi,0.37486497471687485,0.589709210021955,33.364373333922586,100,2000
4428,88.55229455709711,827.2225186766275,408.99786552828175,2227.0,1.3496134540633868,46252.76680896478,Ezi_3,E(z) RNAi,0.20629638310863818,0.6053144608545793,34.727529288866734,100,2000
4429,91.0421052631579,886.5838345864662,609.6845864661655,4012.0,1.2445897514265196,32492.428195488723,Ezi_3,E(z) RNAi,-0.28096154056762723,0.743541368964102,36.76537021605782,100,2000
4430,89.37687555163284,294.92850838481905,224.32568402471315,1430.0,1.2874471049001415,25702.015887025595,Ezi_3,E(z) RNAi,0.6230618848089864,-0.5408914238329032,37.5788231685065,100,2000
4431,89.84436042848141,316.820415879017,241.65847511027096,1845.0,1.320704976959006,39047.26528040328,Ezi_3,E(z) RNAi,0.5820870811759153,-0.4931857862416793,37.950734805385196,100,2000
4432,92.73124662709121,362.1775499190502,278.05288720992985,2343.0,1.4044144655277935,36601.86886130599,Ezi_3,E(z) RNAi,0.4960047140733366,-0.39430422373054896,40.63898733366318,100,2000
4433,88.20727272727272,370.5490909090909,173.9709090909091,504.0,1.7104230836728722,22510.13090909091,Ezi_3,E(z) RNAi,0.7513106320448886,-0.3824787696759556,36.217387632883316,100,2000
4434,88.93047696038803,382.9143088116411,234.94260307194827,1499.0,1.2703478040836722,41301.590137429266,Ezi_3,E(z) RNAi,0.6028992348528386,-0.3525788722480244,36.82239635433298,100,2000
4435,90.22014585232452,402.1435733819508,259.87648131267093,2578.0,1.4678460854375095,56615.943026435736,Ezi_3,E(z) RNAi,0.5431423829022013,-0.31010933057477996,38.015929888734675,100,2000
4436,91.31510416666667,412.2291666666667,210.41145833333334,2316.0,1.3341722863340193,55122.85208333333,Ezi_3,E(z) RNAi,0.6648714541154404,-0.291437358385104,39.13892611485889,100,2000
4437,89.21212121212122,469.2878787878788,359.01704545454544,2066.0,1.752290243032197,42036.00441919192,Ezi_3,E(z) RNAi,0.304942131131849,-0.16115888558683622,36.65710646624558,100,2000
4438,91.30534670008355,486.5492898913952,347.57602339181284,3121.0,1.6613870913646256,61023.40058479532,Ezi_3,E(z) RNAi,0.33407987062492217,-0.12497886102256361,38.706461635845784,100,2000
4439,89.64541484716158,506.1187772925764,222.66375545851528,1715.0,1.2526878304656583,40837.48122270742,Ezi_3,E(z) RNAi,0.6411002981465144,-0.09044456891898789,37.13725560041753,100,2000
4440,88.0911528150134,516.3887399463807,202.4745308310992,605.0,1.4723950241670762,35849.965147453084,Ezi_3,E(z) RNAi,0.6911969979918002,-0.06971058033906541,35.57369894822625,100,2000
4441,88.89898386132695,525.5576808129109,298.42797369994025,2489.0,1.6188237115459159,60027.72743574417,Ezi_3,E(z) RNAi,0.4569565578440198,-0.04461188423602802,36.23022630168785,100,2000
4442,88.71760797342192,538.1063122923588,229.11960132890366,561.0,1.6928233724264183,51048.60132890366,Ezi_3,E(z) RNAi,0.6274185330638615,-0.021838788928978947,36.09348502713068,100,2000
4443,89.02085620197585,540.5378704720088,297.31942919868277,1637.0,1.5819354742451173,60583.1613611416,Ezi_3,E(z) RNAi,0.46066039663602987,-0.012717070371597972,36.30297136945171,100,2000
4444,89.94592592592592,587.0044444444444,198.5214814814815,1812.0,1.4153583092286288,58718.443703703706,Ezi_3,E(z) RNAi,0.7055384454875806,0.08072231053539092,37.195284298187204,100,2000
4445,87.37928153717627,621.6115288220551,261.79030910609856,1598.0,1.6969636666471561,30944.78111946533,Ezi_3,E(z) RNAi,0.5529856593241274,0.15818021855335762,34.43257830013016,100,2000
4446,88.8002842928216,631.8656716417911,319.9410092395167,1844.0,1.5919221049597305,31829.573560767592,Ezi_3,E(z) RNAi,0.41133695712748763,0.1834188958424452,35.74603921363595,100,2000
4447,88.22502744237102,645.8507135016465,242.75521405049398,1368.0,1.9819787364498345,40129.03622392975,Ezi_3,E(z) RNAi,0.6011749654469978,0.20879929539572362,35.22045818267877,100,2000
4448,89.94604863221885,823.9977203647417,540.1641337386018,1688.0,1.4905426277767888,47955.76823708207,Ezi_3,E(z) RNAi,-0.11494855667189219,0.6060076042145888,35.967594651581365,100,2000
4449,91.6841046277666,827.9490274983233,454.6780684104628,1771.0,1.247025791388789,28159.561368209255,Ezi_3,E(z) RNAi,0.09453386338922187,0.6095208765613078,37.79956103029595,100,2000
4450,89.66969696969697,841.7075757575758,499.07828282828285,2403.0,1.4304545244621465,39933.6898989899,Ezi_3,E(z) RNAi,-0.013219093378489921,0.6414178727779682,35.683066639543824,100,2000
4451,89.94082519001086,838.3365906623236,584.1921824104235,2238.0,1.3376260408525296,44484.63897937025,Ezi_3,E(z) RNAi,-0.22175797176038492,0.6391357669148794,35.85878137026283,100,2000
4452,91.40977777777778,837.8577777777778,560.0822222222222,2951.0,1.4106346983759586,44240.60533333333,Ezi_3,E(z) RNAi,-0.16278503660889487,0.6367348707205316,37.35958627254999,100,2000
4453,91.58627087198516,838.5231910946196,547.1646567717996,2712.0,1.248651127665566,46280.63079777366,Ezi_3,E(z) RNAi,-0.1311259546792093,0.6374109227253943,37.55003999754727,100,2000
4454,88.75403225806451,843.6209677419355,412.2459677419355,629.0,1.8943884622836995,20936.810483870966,Ezi_3,E(z) RNAi,0.19943098906434775,0.6404866747676723,34.86989082089751,100,2000
4455,88.0,145.45525291828793,535.9377431906614,502.0,1.8637482240649594,15255.035019455252,Ezi_3,E(z) RNAi,-0.14948904760615944,-0.841812249778102,36.315087596655744,100,2000
4456,91.10926902788245,312.92388847023363,206.50188394875659,1623.0,1.3068758401143117,32564.93443858327,Ezi_3,E(z) RNAi,0.6678709696486902,-0.503516225241275,39.27288103310636,100,2000
4457,91.34541984732824,348.5171755725191,187.0381679389313,932.0,1.5244187511195288,28237.23854961832,Ezi_3,E(z) RNAi,0.7178622042511515,-0.42870412594024687,39.41341843055221,100,2000
4458,91.28379513014274,400.51385390428214,207.95549958018472,1483.0,1.289453122518135,44986.85894206549,Ezi_3,E(z) RNAi,0.6701074230912327,-0.316571937828085,39.15020557218598,100,2000
4459,89.28368794326241,409.468085106383,194.29609929078015,892.0,1.8358211519972585,33588.117021276594,Ezi_3,E(z) RNAi,0.7041366932557571,-0.29827160421468346,37.13705166204778,100,2000
4460,90.77315147164393,435.54845656855707,300.29361091170136,1745.0,1.6238883234901582,58293.92534099067,Ezi_3,E(z) RNAi,0.44643039549856756,-0.23651101012263298,38.40557643499312,100,2000
4461,90.58666666666667,473.3157894736842,244.58947368421053,2269.0,1.6106817471375867,59519.188771929825,Ezi_3,E(z) RNAi,0.585264591301428,-0.159153503645441,38.16161488111561,100,2000
4462,91.76687340386721,470.82998905508936,208.91171105435973,3938.0,1.6477006713659832,55984.34695366654,Ezi_3,E(z) RNAi,0.6724176098299748,-0.16650504631128094,39.39495628141772,100,2000
4463,90.4702300405954,486.33558863328824,241.41542625169149,2022.0,1.5685053303915708,61584.80311231394,Ezi_3,E(z) RNAi,0.5938947057725334,-0.1315616916340725,38.00525476169764,100,2000
4464,91.28212290502793,497.7486033519553,213.55679702048417,1364.0,1.3810808652835096,45079.55027932961,Ezi_3,E(z) RNAi,0.6628310504597572,-0.10881418230246809,38.81360465994274,100,2000
4465,90.28070175438596,517.1795321637427,276.0719298245614,2094.0,1.5827743140832784,53647.10350877193,Ezi_3,E(z) RNAi,0.5111144622221333,-0.06376426120671741,37.668235373046855,100,2000
4466,91.12415130940835,526.7919495635306,358.8908826382153,2463.0,1.6494706472489087,61380.91173617847,Ezi_3,E(z) RNAi,0.3090497425220302,-0.038476510619368076,38.37536335076692,100,2000
4467,91.43358278765201,527.2820392890552,339.87464920486434,2992.0,1.516185764094837,63644.44808231993,Ezi_3,E(z) RNAi,0.3556232527478682,-0.038525146282008094,38.706996918080975,100,2000
4468,93.05432692307693,532.7115384615385,286.77884615384613,2599.0,1.6037528119517417,57928.47211538462,Ezi_3,E(z) RNAi,0.48592907953107933,-0.02999172555554863,40.37603215031025,100,2000
4469,93.73810123394611,569.0327373457567,312.4590783178041,4963.0,1.5608761973310517,61138.439939561824,Ezi_3,E(z) RNAi,0.42547800620831855,0.04897935895026695,40.90510011175394,100,2000
4470,91.04453125,586.2875,323.550390625,3329.0,1.4181216627977995,55708.678515625,Ezi_3,E(z) RNAi,0.39948135874329704,0.08640955547442242,38.13944528669407,100,2000
4471,90.8608179419525,593.7031662269129,179.85158311345646,1824.0,1.3806934716571044,57663.89643799472,Ezi_3,E(z) RNAi,0.7516733234350754,0.09394316837936678,38.11100282102561,100,2000
4472,90.84114701866181,612.481110605371,156.91989076012746,2605.0,1.4657145782213514,60305.071461083295,Ezi_3,E(z) RNAi,0.8090406647086095,0.1326806074867659,38.05677671470461,100,2000
4473,94.14024668798538,626.7126541799909,179.43901324805847,2796.0,1.3824204177497839,62213.31110095934,Ezi_3,E(z) RNAi,0.7548575401815898,0.16436368418590308,41.27961110237784,100,2000
4474,90.15316541865215,682.0558202859088,334.2287270251872,1724.0,1.5153767841750667,38226.63376446562,Ezi_3,E(z) RNAi,0.37968452274627973,0.2913251785265585,36.91173232220184,100,2000
4475,89.80293957539466,691.4986390854655,308.242242787153,2145.0,1.5373673921647766,35983.32879695155,Ezi_3,E(z) RNAi,0.4439117859878563,0.30996908637307063,36.562266364522955,100,2000
4476,90.2140243902439,715.0713414634147,367.95548780487803,1858.0,1.510125136895201,46607.84329268293,Ezi_3,E(z) RNAi,0.2993227630827622,0.36370353679889433,36.81894183802028,100,2000
4477,88.9753086419753,744.4864197530865,349.34814814814814,1037.0,1.5461378573831928,25636.724691358024,Ezi_3,E(z) RNAi,0.34681349863818545,0.42537407243879266,35.50438242142688,100,2000
4478,94.20631786771965,750.6317867719645,344.3040473840079,2582.0,1.253712703136071,34595.01875616979,Ezi_3,E(z) RNAi,0.3595505273394888,0.43823141749600847,40.72096203854126,100,2000
4479,89.3599419448476,769.4238026124818,842.9985486211901,1190.0,1.7385610270104392,30358.477503628448,Ezi_3,E(z) RNAi,-0.85974035979774,0.5070390223681294,35.1856088544539,100,2000
4480,88.79025423728814,787.3834745762712,365.8792372881356,634.0,1.4622614714897098,20549.716101694914,Ezi_3,E(z) RNAi,0.30919233668324053,0.5178398734676022,35.15392979811294,100,2000
4481,91.04359243697479,811.0393907563025,733.2531512605042,2595.0,1.3511680833048678,35720.357142857145,Ezi_3,E(z) RNAi,-0.5883916639106073,0.5895039183942488,36.86659058050313,100,2000
4482,92.06279342723005,834.8820422535211,513.1032863849765,2049.0,1.2608351900168606,43466.36150234742,Ezi_3,E(z) RNAi,-0.04800346408354672,0.6276827110294063,38.081570070868594,100,2000
4483,91.61943844492441,850.3252699784017,689.9334773218143,2949.0,1.3199063512502567,44830.90539956804,Ezi_3,E(z) RNAi,-0.4797699797304139,0.6708205872510704,37.36429703846726,100,2000
4484,92.2892030848329,292.7159383033419,273.57904884318765,1847.0,1.513099389230084,33257.07197943445,Ezi_3,E(z) RNAi,0.5023602860922938,-0.5427506421086674,40.436802445246585,100,2000
4485,93.0878459687124,431.25872442839955,168.50180505415162,1065.0,1.4499545075578761,33345.25631768953,Ezi_3,E(z) RNAi,0.7686986347363711,-0.25324432328805024,40.900061414797676,100,2000
4486,93.25687458081825,448.75653923541245,271.1120053655265,1982.0,1.5532533782636964,58732.53923541248,Ezi_3,E(z) RNAi,0.5187187016468753,-0.20999813979029425,40.88135204591926,100,2000
4487,93.6326164874552,524.5676523297491,222.18189964157705,3093.0,1.245799479218457,41229.305555555555,Ezi_3,E(z) RNAi,0.6434887952926722,-0.0510856480575389,41.06282140010191,100,2000
4488,90.58409542743539,530.3224652087475,316.46361829025847,3906.0,1.7828475555624257,60654.965805168984,Ezi_3,E(z) RNAi,0.4131249905982106,-0.033394857485467,37.876632223511294,100,2000
4489,94.01386962552012,524.9167822468793,306.3564493758669,2263.0,1.87911370919723,61531.755894590846,Ezi_3,E(z) RNAi,0.43749475928776094,-0.04548484194900482,41.33729357333942,100,2000
4490,92.20522388059702,538.4937810945273,235.83830845771143,2362.0,1.9316996237600854,53654.42288557214,Ezi_3,E(z) RNAi,0.6109902931160001,-0.020599464910732945,39.57134275974754,100,2000
4491,94.44482090997096,538.420619554695,317.1350435624395,3151.0,1.6790933404165178,60613.240561471444,Ezi_3,E(z) RNAi,0.41200643982103013,-0.016051971575244628,41.70918123574944,100,2000
4492,93.27215980024968,552.0593008739077,224.6385767790262,1860.0,1.2817101029213727,52746.09550561798,Ezi_3,E(z) RNAi,0.6392958923828305,0.007702419903002911,40.60657582803918,100,2000
4493,90.80584666298952,566.7032542746829,269.24986210700496,2258.0,1.5241498294258218,55688.984004412574,Ezi_3,E(z) RNAi,0.531086204636323,0.04149717248227258,38.034928261355134,100,2000
4494,92.11856033874382,574.9322512350035,205.393789696542,1678.0,1.4301406751606098,54517.657727593505,Ezi_3,E(z) RNAi,0.687913724385729,0.055380235396554234,39.39999366249593,100,2000
4495,91.82925586136595,603.203873598369,255.64322120285422,2338.0,1.4376444050615518,56478.55504587156,Ezi_3,E(z) RNAi,0.5668001131962157,0.11858834024888498,38.952311184206906,100,2000
4496,91.78507619548083,621.6568575932738,291.47609038360486,2249.0,1.5594618558321314,37938.05622700998,Ezi_3,E(z) RNAi,0.4803205734130487,0.16002051806076745,38.80094929729182,100,2000
4497,91.5476758045292,644.2979737783076,331.85816448152565,2008.0,1.76870080063061,41704.0715137068,Ezi_3,E(z) RNAi,0.38298454021656925,0.21064829519065453,38.436537230980974,100,2000
4498,89.673828125,664.376953125,130.78515625,773.0,1.6035220418746552,35588.505859375,Ezi_3,E(z) RNAi,0.8764416428800357,0.24187677925587225,36.74724602747065,100,2000
4499,91.58309455587393,677.1654727793697,351.7127507163324,1767.0,1.53979928563937,40053.191260744985,Ezi_3,E(z) RNAi,0.33656501591285903,0.28191086376956975,38.336209190952715,100,2000
4500,92.3001998001998,668.5959040959041,342.2042957042957,2379.0,1.324041522283004,47081.07392607393,Ezi_3,E(z) RNAi,0.35926785275495443,0.2630860422221728,39.094137499328184,100,2000
4501,95.38864628820961,793.4075691411936,747.6499272197963,2211.0,1.4868475562582453,14773.529839883551,Ezi_3,E(z) RNAi,-0.6248064077766884,0.5527508852479057,41.25301405856638,100,2000
4502,92.07466063348416,811.9762443438914,571.8410633484162,2080.0,1.3710308462548304,46083.694004524885,Ezi_3,E(z) RNAi,-0.19327876535402866,0.5822035576443156,38.09699223253743,100,2000
4503,93.80330330330331,908.1651651651651,566.1831831831831,3513.0,1.4258423350300973,38731.998998999,Ezi_3,E(z) RNAi,-0.17307257172336465,0.7870936117213847,39.50834702415297,100,2000
4504,92.07786259541984,269.26564885496185,266.2946564885496,812.0,1.3792656246471968,21098.37251908397,Ezi_3,E(z) RNAi,0.5186379460370873,-0.5931996204969054,40.31368260532031,100,2000
4505,93.20065789473684,344.29605263157896,247.06710526315788,1841.0,1.415007896705927,34802.56644736842,Ezi_3,E(z) RNAi,0.5706576716192064,-0.4342346690816279,41.207569952931976,100,2000
4506,93.33970406905055,377.78113440197285,199.92909987669543,2124.0,1.3086693529876148,50531.709617755856,Ezi_3,E(z) RNAi,0.688242151966209,-0.36551640181008227,41.292831531600555,100,2000
4507,92.36638983878846,418.0488519785051,259.72203224230583,2516.0,1.4306724192142315,61282.86028334148,Ezi_3,E(z) RNAi,0.5445665228262295,-0.2761712669448747,40.10871689107245,100,2000
4508,93.3015228426396,428.34517766497464,199.753807106599,2351.0,1.2884687323099169,55218.81573604061,Ezi_3,E(z) RNAi,0.6920164326521805,-0.2576564716759192,41.08435498200372,100,2000
4509,92.61664482306684,449.7300131061599,293.0386631716907,2345.0,1.651305703079415,54894.84796854522,Ezi_3,E(z) RNAi,0.46511973428896525,-0.2066618232787274,40.210335540930586,100,2000
4510,93.13561582925745,467.6954201867497,293.0297910182303,2827.0,1.5509277573533082,58394.568252556695,Ezi_3,E(z) RNAi,0.4663285013406302,-0.1683322356252217,40.66873015849302,100,2000
4511,93.02741020793951,462.51181474480154,335.33459357277883,2669.0,1.4557248358440085,54546.35160680529,Ezi_3,E(z) RNAi,0.3624454598750877,-0.17695226332273595,40.52493227420162,100,2000
4512,92.75795795795796,498.8984984984985,242.04144144144144,2267.0,1.4143564291656219,56410.06366366366,Ezi_3,E(z) RNAi,0.5931871475770683,-0.10470801106435323,40.249817009781125,100,2000
4513,93.64112554112555,499.74069264069266,314.8705627705628,2715.0,1.4260868366905748,59082.684415584416,Ezi_3,E(z) RNAi,0.41499208116194675,-0.0987058233670588,41.03877103598319,100,2000
4514,92.79188544152744,512.6319809069213,346.77613365155133,2561.0,1.5228253268158234,62353.69785202864,Ezi_3,E(z) RNAi,0.3377588991583893,-0.06937092044108817,40.106036442787826,100,2000
4515,91.34387351778656,576.697628458498,186.30434782608697,709.0,1.581094858820193,43339.13043478261,Ezi_3,E(z) RNAi,0.7347538668714797,0.058040123246879016,38.64330718109706,100,2000
4516,93.76018099547511,576.1023755656108,234.69570135746605,2090.0,1.3501166892768715,53720.08031674208,Ezi_3,E(z) RNAi,0.6162704374571151,0.05957788795622809,41.000897022583914,100,2000
4517,93.35615491009682,584.789764868603,216.51175656984785,1849.0,1.5230807618757485,58625.06777316736,Ezi_3,E(z) RNAi,0.6613512697220254,0.07705968492876925,40.59039000963989,100,2000
4518,93.29971988795518,610.1837535014006,179.79439775910365,2106.0,1.2910978363082903,59321.46834733894,Ezi_3,E(z) RNAi,0.7528966389074483,0.12911629575389805,40.4943837715618,100,2000
4519,95.51282816229117,617.2759546539379,194.37350835322195,4201.0,1.3732394276142186,58952.77118138425,Ezi_3,E(z) RNAi,0.7176773614295648,0.1451030391596546,42.66527070470585,100,2000
4520,91.81589582397845,628.4211944319712,245.9941625505164,2940.0,1.5128544310386327,51597.96901661428,Ezi_3,E(z) RNAi,0.5920843812776344,0.17182903910984604,38.86601690130652,100,2000
4521,93.31122900088417,632.735632183908,226.6083112290009,1596.0,1.7267375917831158,34095.35809018568,Ezi_3,E(z) RNAi,0.6398121553006662,0.1799263459646816,40.37111146993311,100,2000
4522,93.29495955196018,625.0130678282515,167.39763534536402,2220.0,1.3880607858030816,62068.4225264468,Ezi_3,E(z) RNAi,0.7842186142784433,0.16003748013946106,40.45516740226701,100,2000
4523,93.61064543168483,627.9681475272422,263.9233025984912,2833.0,1.366114084754134,51408.55951383068,Ezi_3,E(z) RNAi,0.5481679762493865,0.17190931174075263,40.63978969358271,100,2000
4524,93.8880890052356,643.2990837696335,237.42801047120417,2033.0,1.4996607571909957,41274.29384816754,Ezi_3,E(z) RNAi,0.6140282903848908,0.2030898030332271,40.89877110688346,100,2000
4525,93.44,649.459393939394,137.28484848484848,1156.0,1.4004875464675006,39184.90181818182,Ezi_3,E(z) RNAi,0.8595361170355753,0.21045466580343475,40.555545339511,100,2000
4526,93.62225969645868,649.9763912310286,188.07251264755482,764.0,1.2542525357069632,33708.63406408094,Ezi_3,E(z) RNAi,0.7352676944051635,0.2144871680986018,40.67234476540891,100,2000
4527,92.42984693877551,673.1339285714286,221.9783163265306,1061.0,1.5214167824132128,27475.11479591837,Ezi_3,E(z) RNAi,0.6538191275785796,0.2658363075816883,39.35930980557667,100,2000
4528,91.36413641364136,810.3157315731573,701.039603960396,2239.0,1.5129077277679623,43063.508250825085,Ezi_3,E(z) RNAi,-0.5095982394530008,0.5861051110057636,37.22998634362857,100,2000
4529,92.86430678466077,824.6880530973451,677.4660766961651,1949.0,1.3797228488649442,18569.890855457226,Ezi_3,E(z) RNAi,-0.4509558047596457,0.6154178950448761,38.71125384636201,100,2000
4530,92.02885292047854,839.3216045038705,463.72906403940885,1815.0,1.5278575405925137,23161.824771287826,Ezi_3,E(z) RNAi,0.07313306604073833,0.6343068093595106,38.09460079685452,100,2000
4531,93.66133333333333,839.3109333333333,679.3877333333334,2543.0,1.2828293396606338,27711.976533333334,Ezi_3,E(z) RNAi,-0.4546939022147055,0.6467300636075646,39.456552157560395,100,2000
4532,93.02394938996837,879.0804338002712,653.9236330772707,3094.0,1.3644705553700642,34176.11251694532,Ezi_3,E(z) RNAi,-0.3897380386562972,0.730099137766345,38.71700491663097,100,2000
4533,92.27348066298343,182.69060773480663,441.1975138121547,1046.0,1.5771059519758919,17965.161602209944,Ezi_3,E(z) RNAi,0.08483755125552683,-0.7678079153556213,40.581829322606254,100,2000
4534,92.90306946688207,243.67366720516964,414.6768982229402,1570.0,1.547926746589798,32569.05815831987,Ezi_3,E(z) RNAi,0.15377903090266676,-0.6392348081315811,41.03903428123179,100,2000
4535,93.67166666666667,334.58722222222224,281.54833333333335,2050.0,1.4122099313285912,43457.28722222222,Ezi_3,E(z) RNAi,0.48562169785335607,-0.4529554140611117,41.66805804333278,100,2000
4536,95.05387205387206,405.1010101010101,179.67676767676767,626.0,1.8167766712616575,27503.430976430976,Ezi_3,E(z) RNAi,0.7396119644808157,-0.3083890338371674,42.94026604220228,100,2000
4537,94.36729857819905,422.7659952606635,329.0906398104265,2284.0,1.5775643955405927,48864.08412322275,Ezi_3,E(z) RNAi,0.37509418683776174,-0.26209389333499744,42.00667885868528,100,2000
4538,94.59606481481481,444.0266203703704,202.69560185185185,2057.0,1.237812351196958,55944.41261574074,Ezi_3,E(z) RNAi,0.6858501755350328,-0.22402359608985223,42.32231592662856,100,2000
4539,93.89494605337876,469.1663827370812,227.2106757524134,2170.0,1.3671725041028817,54998.155025553664,Ezi_3,E(z) RNAi,0.6275150284725923,-0.16898356396960879,41.50566832481897,100,2000
4540,97.07962179646678,477.2119930330928,329.19482458322966,4879.0,1.5841648765616683,60649.09902960936,Ezi_3,E(z) RNAi,0.3784334351988865,-0.145916332475597,44.535247341836865,100,2000
4541,96.24462061155153,476.83975084937714,248.63986409966026,2208.0,1.4062061810501185,58065.0,Ezi_3,E(z) RNAi,0.5755683394935831,-0.1513610487098943,43.80256704582979,100,2000
4542,93.79559471365639,498.81409691629955,332.38810572687225,2863.0,1.430337750550426,61997.15859030837,Ezi_3,E(z) RNAi,0.37205639650453803,-0.09967144207745293,41.17438731297004,100,2000
4543,95.64827586206897,518.7229885057471,290.21264367816093,2088.0,1.368249632210944,58724.208045977015,Ezi_3,E(z) RNAi,0.4765920865355262,-0.059617233392393554,43.01282956311759,100,2000
4544,95.7375,537.7118243243243,255.97094594594594,3557.0,1.377663398267466,57549.60371621622,Ezi_3,E(z) RNAi,0.5616541515270352,-0.021081196819102477,43.08097559211461,100,2000
4545,94.79433301496339,540.447946513849,335.018147086915,4295.0,1.6113262394125052,62610.82171283031,Ezi_3,E(z) RNAi,0.3683709168453462,-0.01069337350497368,42.029419151154414,100,2000
4546,95.27619559376679,537.2998387963461,272.4648038688877,2203.0,1.3032458168633856,57844.274046211714,Ezi_3,E(z) RNAi,0.5212597200716409,-0.021012473643529872,42.600371136521275,100,2000
4547,94.10037037037037,569.3633333333333,288.1862962962963,3418.0,1.5922690739448595,58760.12703703704,Ezi_3,E(z) RNAi,0.4849061444740146,0.048287777812615396,41.29670345107746,100,2000
4548,92.92769857433808,584.1914460285133,342.26171079429736,2600.0,1.5916743126833335,58072.469959266804,Ezi_3,E(z) RNAi,0.353541631145347,0.08303047519559303,40.006194599069715,100,2000
4549,93.52230378317334,609.6442687747035,312.6391869000565,2330.0,1.574843280692279,36833.33879164314,Ezi_3,E(z) RNAi,0.4277245283667763,0.13562639447303515,40.552125151928465,100,2000
4550,94.50050709939148,609.5354969574037,210.3605476673428,2506.0,1.5094179717877494,61502.042089249495,Ezi_3,E(z) RNAi,0.6780401036663788,0.1295044113957966,41.65900255733446,100,2000
4551,93.43533333333333,622.7146666666666,322.71133333333336,1879.0,1.7465400242179685,39608.047333333336,Ezi_3,E(z) RNAi,0.4039380298750377,0.16409009611676928,40.4084423799375,100,2000
4552,93.39652069586083,722.6100779844031,335.9772045590882,1903.0,1.3991289568967777,43765.46670665867,Ezi_3,E(z) RNAi,0.3780788448888488,0.37796559278372754,40.01611324494054,100,2000
4553,92.12721088435374,739.6312925170068,494.987074829932,1765.0,1.9053511603175362,39383.046258503404,Ezi_3,E(z) RNAi,-0.009965936020403077,0.4234363900556457,38.48992581003611,100,2000
4554,91.68553459119497,897.3490566037735,510.8176100628931,529.0,1.6836019477035995,19526.345911949684,Ezi_3,E(z) RNAi,-0.03827562318088906,0.760811588231769,37.496525683603934,100,2000
4555,93.71160077770577,898.9274141283214,583.6941023979261,1909.0,1.3813816250782824,30876.64031108231,Ezi_3,E(z) RNAi,-0.2165411817145232,0.7683952991976033,39.425828945916834,100,2000
4556,96.33929800412939,914.540949759119,701.8396421197523,3530.0,1.6655388940436537,12986.396421197522,Ezi_3,E(z) RNAi,-0.5046753017572951,0.8085352556392791,41.85263671786565,100,2000
4557,95.33828733191791,921.0792639773531,713.3467799009201,3146.0,1.8777804764469284,14507.202406227883,Ezi_3,E(z) RNAi,-0.5324034595657374,0.8231398943876511,40.815147306495916,100,2000
4558,93.48314606741573,163.88661899897855,569.8161389172625,1263.0,1.580878791143027,20842.35137895812,Ezi_3,E(z) RNAi,-0.23120220935773916,-0.800498714006521,41.69354054936019,100,2000
4559,93.98485698261358,243.7913628715648,294.5715086932137,2068.0,1.4428766113416978,40948.13740886147,Ezi_3,E(z) RNAi,0.44774001866396707,-0.6459007370291865,42.27109604697513,100,2000
4560,94.9864406779661,284.25254237288135,199.47966101694917,814.0,1.3315060446094897,18003.949152542373,Ezi_3,E(z) RNAi,0.6831499244975765,-0.5650586692225685,43.255524763038224,100,2000
4561,94.90884229717412,307.2151321786691,218.50592525068367,1479.0,1.356954465333984,28290.736554238832,Ezi_3,E(z) RNAi,0.6381027535102048,-0.514975222736255,43.07662149753244,100,2000
4562,94.34823359769287,337.08651766402306,262.0627253064167,1613.0,1.391915237489439,35686.55659697188,Ezi_3,E(z) RNAi,0.5334758727514417,-0.44874212482363207,42.36063796129241,100,2000
4563,94.52355212355212,331.73822393822394,216.5119691119691,1626.0,1.3877425693273142,34422.64555984556,Ezi_3,E(z) RNAi,0.6446063951403398,-0.4627768858525829,42.611136907259336,100,2000
4564,94.58107328332372,357.4166185804963,326.25793421811886,2038.0,1.531596893585709,39309.25851125216,Ezi_3,E(z) RNAi,0.3777032931707065,-0.4016681271714655,42.4443815336805,100,2000
4565,94.54106280193237,409.393115942029,245.94202898550725,2059.0,1.476766515036172,56119.99637681159,Ezi_3,E(z) RNAi,0.5777140641523788,-0.2954156044322793,42.32985293133186,100,2000
4566,95.26652298850574,413.5897988505747,274.61566091954023,1800.0,1.504466484242187,52963.676005747126,Ezi_3,E(z) RNAi,0.5078113186977575,-0.2848041541537101,43.005183594259336,100,2000
4567,96.20080930703085,413.35103692463326,223.8877086494689,2323.0,1.3841775679260013,56291.74203338392,Ezi_3,E(z) RNAi,0.6319488251345993,-0.2882315294601523,44.00390976024616,100,2000
4568,95.53580763199163,416.30371144798744,339.51437532671196,2353.0,1.7886255598233218,53365.46785154208,Ezi_3,E(z) RNAi,0.3491513881848276,-0.2752706554710165,43.18389580688394,100,2000
4569,94.27312138728324,481.6864161849711,194.72543352601156,1040.0,1.6953367852716739,41018.28323699422,Ezi_3,E(z) RNAi,0.7078494161240785,-0.14414431355948232,41.88237465156533,100,2000
4570,96.22870662460568,562.5772870662461,276.81703470031545,772.0,1.378563525562232,55075.137223974765,Ezi_3,E(z) RNAi,0.5122772531513418,0.03317078356022907,43.4621735934827,100,2000
4571,94.977929584866,577.0430898581187,269.4529689963216,2617.0,1.6929690761270033,50914.786652653704,Ezi_3,E(z) RNAi,0.5312612720840983,0.06359758828774043,42.17186067711998,100,2000
4572,94.56089943785135,593.3953778888194,273.48407245471583,1945.0,1.576383382487146,56592.50156152405,Ezi_3,E(z) RNAi,0.5224782013403435,0.09871197391039521,41.69463172004902,100,2000
4573,94.28433945756781,597.5896762904637,200.73403324584427,1446.0,1.5269514108974753,56870.43044619422,Ezi_3,E(z) RNAi,0.7008111853337367,0.1034633066111954,41.495197757168995,100,2000
4574,94.21091354996935,607.2875536480686,293.49785407725324,2047.0,1.44162991452724,41044.66217044758,Ezi_3,E(z) RNAi,0.47441480300453986,0.12950009763096348,41.27269168443226,100,2000
4575,93.83475640381718,639.5087895529884,309.2877950778503,2483.0,1.4490399885917582,39781.16574585636,Ezi_3,E(z) RNAi,0.43790185911722523,0.19914662247754178,40.76806908170846,100,2000
4576,94.27679259830377,657.8026214340787,220.07478797224363,1518.0,1.523812434988706,36482.12721665382,Ezi_3,E(z) RNAi,0.6574584607131484,0.23303308115423182,41.26033285022599,100,2000
4577,93.49241964827168,665.9490600363857,292.3638568829594,1965.0,1.6528182698396658,34848.96785930867,Ezi_3,E(z) RNAi,0.48107313730934753,0.25457445345211127,40.357802793015935,100,2000
4578,95.69466316710411,836.1513560804899,777.318460192476,1801.0,1.6977898436006458,12032.015748031496,Ezi_3,E(z) RNAi,-0.6945928199940113,0.645650743153241,41.37766482710893,100,2000
4579,96.05882352941177,868.6844420010995,520.4068169323805,2145.0,1.3087936633380575,37265.10445299615,Ezi_3,E(z) RNAi,-0.06365388061482857,0.7002448693280643,41.95442092927924,100,2000
4580,96.5814696485623,873.3755768548101,676.4558040468584,3413.0,1.3324301919501167,34790.011714589986,Ezi_3,E(z) RNAi,-0.4452727595260685,0.7192537167208393,42.26547272796361,100,2000
4581,93.63362068965517,879.1616379310345,547.4655172413793,989.0,1.6874517306481849,15374.946120689656,Ezi_3,E(z) RNAi,-0.1291796345803301,0.7241387854515684,39.45995540149772,100,2000
4582,96.2451403887689,912.4362850971922,582.7429805615551,2312.0,1.4289166200408325,36620.595572354214,Ezi_3,E(z) RNAi,-0.21332683717976553,0.7971778905385836,41.91498985901826,100,2000
4583,95.39605633802817,243.20394366197183,320.2535211267606,2074.0,1.39827043586993,42228.19661971831,Ezi_3,E(z) RNAi,0.3848407680827284,-0.6456629086876632,43.652047847065276,100,2000
4584,96.38681318681319,288.9818681318681,335.4758241758242,2092.0,1.5169024196462857,43081.176373626375,Ezi_3,E(z) RNAi,0.35061008253444004,-0.547118148267417,44.469325739720716,100,2000
4585,96.5865617433414,420.6725181598063,186.068401937046,1994.0,1.3890518976812056,43918.0308716707,Ezi_3,E(z) RNAi,0.7249943217997639,-0.2747900495537622,44.412415897257176,100,2000
4586,95.61047683008731,423.87508394895906,286.4734721289456,1911.0,1.5806473271513095,58010.98253861652,Ezi_3,E(z) RNAi,0.4794689497131752,-0.2621759592491747,43.29957426505612,100,2000
4587,95.96549835706462,445.7020810514786,306.9989047097481,2385.0,1.6479528818757483,53594.89430449069,Ezi_3,E(z) RNAi,0.4306762261029551,-0.2144255378186567,43.55523684853317,100,2000
4588,96.73421588594705,503.9032586558045,244.72505091649694,1486.0,1.8797692308996887,43758.63136456212,Ezi_3,E(z) RNAi,0.5869388263403139,-0.09384753250291489,44.20580508791544,100,2000
4589,96.09730538922156,521.6616766467066,200.5868263473054,846.0,1.2328311309540927,33575.982035928144,Ezi_3,E(z) RNAi,0.6961431713941459,-0.05851227306391582,43.564386163300256,100,2000
4590,97.14113680154142,519.9913294797688,324.45616570327553,2706.0,1.5453835717307236,62476.076107899804,Ezi_3,E(z) RNAi,0.392861197764907,-0.05492621556529653,44.458443461371175,100,2000
4591,94.94173913043478,560.3521739130434,367.1030434782609,2627.0,1.4227974053307,58030.05739130435,Ezi_3,E(z) RNAi,0.29115995249876914,0.033620097044669395,42.06944984167421,100,2000
4592,94.16533864541833,563.4262948207171,350.26892430278883,1223.0,1.5671766596480574,59575.832669322706,Ezi_3,E(z) RNAi,0.33256681075989025,0.039202002524737045,41.30380685950236,100,2000
4593,98.64952555861647,570.7701254973982,349.8445056626875,4161.0,1.5958278522262692,61801.43067033976,Ezi_3,E(z) RNAi,0.33407864407599486,0.05487700704251264,45.763731838361096,100,2000
4594,95.48927875243665,656.9590643274854,306.62248213125406,1901.0,1.4675056866219727,37111.78947368421,Ezi_3,E(z) RNAi,0.44557491552612105,0.23623234767558188,42.36707749159106,100,2000
4595,95.83235294117647,723.9911764705882,899.0705882352942,884.0,1.7396887529923661,28888.126470588235,Ezi_3,E(z) RNAi,-1.0,0.4133957256121752,41.74084377861335,100,2000
4596,95.23743718592965,747.4032663316583,866.858040201005,1684.0,1.8847310420730734,29139.28391959799,Ezi_3,E(z) RNAi,-0.9196096753725489,0.46148009119241484,41.1073922780142,100,2000
4597,95.72525689561925,785.8090859924283,674.6917252568957,2244.0,1.597693678724219,43293.859383450515,Ezi_3,E(z) RNAi,-0.4467458646354311,0.5323366547654709,41.70677627965806,100,2000
4598,95.49269875608437,821.613304488913,555.5824770146024,2444.0,1.4067444707653671,37660.750676041105,Ezi_3,E(z) RNAi,-0.1528582773066347,0.6018501087933932,41.50290668547605,100,2000
4599,95.64918533604887,218.31262729124236,347.5962321792261,2500.0,1.6809639954337858,35997.40580448065,Ezi_3,E(z) RNAi,0.3162724148025047,-0.6971862300033904,43.95481260189146,100,2000
4600,95.80920716112531,277.4470588235294,380.85268542199486,2242.0,1.5248828087839381,45836.96368286445,Ezi_3,E(z) RNAi,0.23878938236353964,-0.5691137418352211,43.87369439877875,100,2000
4601,96.56842105263158,320.731328320802,223.5172932330827,2307.0,1.525028662259458,43662.32882205514,Ezi_3,E(z) RNAi,0.6267269597169023,-0.48583957780604425,44.68432227129587,100,2000
4602,97.08323632130384,383.6757857974389,239.0512223515716,2193.0,1.552149773562454,54337.807916181606,Ezi_3,E(z) RNAi,0.592870608379481,-0.35065825079042545,44.96738057160282,100,2000
4603,97.18084564442181,438.7590422822211,250.06265919510952,2279.0,1.456900386554739,56103.80336220071,Ezi_3,E(z) RNAi,0.5695641120150869,-0.2325113245705962,44.865419390521,100,2000
4604,97.02317380352645,435.82115869017633,285.26347607052895,2396.0,1.727380499054809,55018.27959697733,Ezi_3,E(z) RNAi,0.48321668754278146,-0.23675041468654023,44.67349473339017,100,2000
4605,97.70946441672781,480.9545121056493,232.512105649303,1646.0,1.3631318279330513,51282.12545854732,Ezi_3,E(z) RNAi,0.6153088531196551,-0.14350209060760177,45.273758363947664,100,2000
4606,98.48214285714286,494.85660980810235,346.3352878464819,4878.0,1.8719197063254582,62337.82222814499,Ezi_3,E(z) RNAi,0.3376457024938653,-0.10727590607427084,45.85675339555797,100,2000
4607,95.70139634801289,559.3308270676691,298.94736842105266,1434.0,1.4546028223586425,57496.038668098816,Ezi_3,E(z) RNAi,0.45790029378814445,0.027517108631297527,42.91805106338096,100,2000
4608,98.25692695214106,554.8201511335012,262.87758186397986,2518.0,1.3845660936044932,46069.70831234257,Ezi_3,E(z) RNAi,0.5458749104621974,0.01583320840569269,45.53402766352062,100,2000
4609,97.77987897125567,553.1822995461422,288.9243570347958,1560.0,1.349709959607529,54742.32980332829,Ezi_3,E(z) RNAi,0.48201879170299233,0.013837416865888796,45.029829076204095,100,2000
4610,96.4639844256976,591.1479558728099,223.724853990915,2021.0,1.394241080064378,52062.12199870214,Ezi_3,E(z) RNAi,0.6441091004704471,0.09106233675592024,43.66770869907161,100,2000
4611,97.08027038445289,609.1381495564005,226.97549640895647,2746.0,1.3472069792064933,56712.57034220533,Ezi_3,E(z) RNAi,0.6373416133375844,0.1296334425152701,44.21924482991021,100,2000
4612,98.40369483407459,610.8210742387957,244.3653780362641,4281.0,1.6201786650592218,51697.28737598358,Ezi_3,E(z) RNAi,0.5948876865262089,0.13423595279094735,45.51516897365501,100,2000
4613,97.87077048512026,642.5580921320832,249.9103139013453,3175.0,1.8953790171877394,40121.94944965348,Ezi_3,E(z) RNAi,0.5834176633435761,0.2022576439479815,44.8682659614425,100,2000
4614,96.52994692949204,790.0128885519333,335.9021986353298,1630.0,1.4427595972616298,22785.319181197876,Ezi_3,E(z) RNAi,0.38271263967005975,0.5217771737867847,42.92231298150067,100,2000
4615,97.59617271835133,840.7227674190383,588.2620215897939,2502.0,1.5335879058261364,41971.00098135427,Ezi_3,E(z) RNAi,-0.23158278351938344,0.6445165755594313,43.5009267039257,100,2000
4616,98.62988884314532,847.2346644709758,605.6072457801564,3061.0,1.4430607227488363,41307.14862083162,Ezi_3,E(z) RNAi,-0.2736071185436111,0.6594162475140914,44.49091583614259,100,2000
4617,98.29315960912052,891.3876221498372,507.8231735691019,2639.0,1.281889033822671,44124.96230805026,Ezi_3,E(z) RNAi,-0.03135998411904217,0.7479691851103827,44.127968150837845,100,2000
4618,97.93184634448575,351.93246592317223,196.5910780669145,2006.0,1.3465148119974217,34371.86307311028,Ezi_3,E(z) RNAi,0.6946887784090505,-0.4208194996067406,45.97630042201837,100,2000
4619,97.81206496519721,432.48259860788863,182.80974477958236,679.0,1.6992785461935431,31089.51740139211,Ezi_3,E(z) RNAi,0.7337476654661326,-0.24977410630409858,45.60217258158342,100,2000
4620,98.24763406940063,435.99106203995797,342.1850683491062,2313.0,1.4734307406204474,45165.34279705573,Ezi_3,E(z) RNAi,0.3439096304524565,-0.23309714691714878,45.82596315980395,100,2000
4621,98.54429987608427,449.2518587360595,214.9745972738538,3802.0,1.3599909412654967,53771.21313506815,Ezi_3,E(z) RNAi,0.6561319456278663,-0.2121397282649251,46.23749992148949,100,2000
4622,98.36477115117891,439.2246879334258,323.7332408691632,2814.0,1.7701317931580454,49019.183541377715,Ezi_3,E(z) RNAi,0.3892838154787659,-0.22726174170091462,45.95534356211934,100,2000
4623,98.26265182186235,453.125,262.90587044534414,2263.0,1.407236026928799,55907.26467611336,Ezi_3,E(z) RNAi,0.5390778525109925,-0.20111548953487213,45.8826602679281,100,2000
4624,98.10799819249887,460.62313601446,302.3709896068685,2780.0,1.5464005329769437,58453.80253050158,Ezi_3,E(z) RNAi,0.4429840101131033,-0.18284511047529772,45.653210974005006,100,2000
4625,98.57297499066816,597.4945875326614,306.34415826801046,3420.0,1.5207329125199456,39509.30907054871,Ezi_3,E(z) RNAi,0.4423133609968297,0.1093807398915616,45.65163306715385,100,2000
4626,98.75204678362573,617.1274853801169,323.76198830409356,2201.0,1.4848498996038608,41236.61052631579,Ezi_3,E(z) RNAi,0.4009817985339952,0.15226994831050988,45.74264478648014,100,2000
4627,98.74755244755245,619.5594405594405,207.13006993006994,1769.0,1.3414742608874275,57916.683916083915,Ezi_3,E(z) RNAi,0.6865977102660452,0.15073349781176626,45.876269788236655,100,2000
4628,98.31424375917769,636.131669114048,164.7068037200196,2350.0,1.3134900286458384,58248.0259422418,Ezi_3,E(z) RNAi,0.791525664424626,0.18363856969480685,45.440300002109566,100,2000
4629,95.818401937046,645.6101694915254,175.02905569007265,652.0,1.6862062487346718,33052.19612590799,Ezi_3,E(z) RNAi,0.7668962674009452,0.20443644739780242,42.89956052036838,100,2000
4630,96.48064702484113,656.4413633737723,354.58232235701905,2011.0,1.6273322784197597,46320.54534950895,Ezi_3,E(z) RNAi,0.32815679692975364,0.23790032302707376,43.30001718041653,100,2000
4631,95.58924731182796,723.252688172043,301.06236559139785,1192.0,1.7741332434483106,24461.029032258066,Ezi_3,E(z) RNAi,0.46356870024942265,0.37733935990986756,42.250461006759465,100,2000
4632,97.34288537549408,834.4683794466404,633.9258893280632,2863.0,1.8780868046019588,13249.111660079052,Ezi_3,E(z) RNAi,-0.34375751684635425,0.6338048224771677,43.21144488895659,100,2000
4633,98.50433145009416,881.1559322033899,640.9175141242938,5184.0,1.5854008244952034,33902.98493408663,Ezi_3,E(z) RNAi,-0.3577840391765481,0.7338168166069243,44.20666918567164,100,2000
4634,96.65954922894424,891.0877817319099,683.9086595492289,1531.0,1.6564556593277082,6835.253855278766,Ezi_3,E(z) RNAi,-0.4623419634317013,0.7574701523615524,42.2744715326795,100,2000
4635,97.265625,890.50625,727.240625,857.0,1.9660832447457044,8018.840625,Ezi_3,E(z) RNAi,-0.5684365481872504,0.7587323274132742,42.828142366526976,100,2000
4636,98.98841698841699,907.6076254826255,548.7987451737451,3424.0,1.590800968144829,23921.301640926642,Ezi_3,E(z) RNAi,-0.13057604894017305,0.7849395393283822,44.71711695633215,100,2000
4637,97.61050328227572,313.28665207877464,250.4901531728665,709.0,1.637801492425515,23748.341356673962,Ezi_3,E(z) RNAi,0.5602157758941755,-0.5001588689377567,45.71766440844367,100,2000
4638,98.21966205837174,335.23809523809524,230.3663594470046,1619.0,1.5150555189761359,31024.015360983103,Ezi_3,E(z) RNAi,0.6109189814268228,-0.45448481331806145,46.27803939624485,100,2000
4639,98.74232804232804,369.32751322751324,208.26190476190476,2183.0,1.5465671469203148,45407.73809523809,Ezi_3,E(z) RNAi,0.6672730807583935,-0.38303115286336364,46.71347448995121,100,2000
4640,98.87787610619469,399.6212389380531,202.7952802359882,2022.0,1.3497671841542263,48367.62064896755,Ezi_3,E(z) RNAi,0.6826563127915508,-0.318718527380221,46.75372127827504,100,2000
4641,98.21766342141864,399.9005563282337,263.4770514603616,1761.0,1.6002822948347422,52254.531293463144,Ezi_3,E(z) RNAi,0.5341588745791581,-0.3146287380083487,46.01644264968854,100,2000
4642,98.49177718832891,427.9183023872679,303.5978779840849,2360.0,1.5782421824130561,56334.137931034486,Ezi_3,E(z) RNAi,0.4378164842873584,-0.25254212505973694,46.145737743572866,100,2000
4643,98.90665236051503,492.07403433476395,287.34871244635195,2334.0,1.3728516646550328,57838.28916309013,Ezi_3,E(z) RNAi,0.4818292364374226,-0.11660997039053622,46.36464531750235,100,2000
4644,99.91172143207454,513.1623344776851,305.0274644433546,2878.0,1.5786698705840474,62197.76017655714,Ezi_3,E(z) RNAi,0.43995300359596134,-0.0705948474535052,47.27641362321242,100,2000
4645,99.27369956246962,578.1857073407875,299.6776859504132,2581.0,1.7178811828195393,58053.6256684492,Ezi_3,E(z) RNAi,0.4573500547289113,0.06780905181685148,46.425831233158405,100,2000
4646,99.6753709198813,626.6545994065282,227.1679525222552,2093.0,1.3967180597751512,45941.173293768545,Ezi_3,E(z) RNAi,0.6380220191537127,0.16703194585229286,46.7550169654352,100,2000
4647,100.7275047862157,645.0842373962987,226.20548819400128,2067.0,1.3883912998718455,35566.89597957881,Ezi_3,E(z) RNAi,0.6415938836850457,0.20630078937692975,47.746201809665806,100,2000
4648,97.49409312022237,695.53787352328,336.2043085476025,1686.0,1.587822072878204,32989.94510076442,Ezi_3,E(z) RNAi,0.37572033845029584,0.32025423568159606,44.20466894968169,100,2000
4649,97.51374570446735,750.946735395189,377.7474226804124,707.0,1.6524581791987225,20413.769759450173,Ezi_3,E(z) RNAi,0.27770974661305203,0.4408555768440712,43.9853500060415,100,2000
4650,98.81395348837209,776.3165374677003,382.34496124031006,947.0,1.3303969392087878,22319.57235142119,Ezi_3,E(z) RNAi,0.2681320121935922,0.4952525263294305,45.194227772988825,100,2000
4651,98.02200956937799,807.633971291866,706.5612440191387,2474.0,1.4846815672066682,43744.48181818182,Ezi_3,E(z) RNAi,-0.5233087510856171,0.5807507427701311,43.88993284513441,100,2000
4652,98.05846774193549,841.6572580645161,438.37298387096774,708.0,1.3319186136600387,22640.020161290322,Ezi_3,E(z) RNAi,0.13532907207913203,0.6378714213172709,44.1481105966043,100,2000
4653,98.55950752393981,185.24829001367988,461.5020519835841,1957.0,1.5732363234776783,22990.23803009576,Ezi_3,E(z) RNAi,0.03529378322760568,-0.7611351389315868,46.83371725692106,100,2000
4654,98.93304061470911,296.27991218441275,261.0054884742042,1269.0,1.599074716053439,25848.387486278814,Ezi_3,E(z) RNAi,0.5333507640559703,-0.5358241442366161,47.08435244917456,100,2000
4655,99.79036295369211,316.80225281602003,297.02816020025034,1863.0,1.4556278463527266,44784.19399249061,Ezi_3,E(z) RNAi,0.44654101982190264,-0.4899598301765633,47.827270190668074,100,2000
4656,99.27459016393442,400.4385245901639,223.16475409836065,1489.0,1.5620185162005202,36958.28114754098,Ezi_3,E(z) RNAi,0.6328552461353327,-0.315797660483363,47.12212214934567,100,2000
4657,99.4241948153967,411.2128829536528,256.8994501178319,1616.0,1.4836340292503347,54615.99607227023,Ezi_3,E(z) RNAi,0.5510024126084616,-0.2908661701506985,47.19306996771738,100,2000
4658,100.8156766687079,445.7666870789957,242.08818126148194,1899.0,1.534463361505165,53849.98591549296,Ezi_3,E(z) RNAi,0.589534788705296,-0.2179950020124405,48.486599610092384,100,2000
4659,98.55034324942791,451.79176201372997,194.39473684210526,1223.0,1.569716481240455,40841.66819221968,Ezi_3,E(z) RNAi,0.7066688839046278,-0.20790777203228994,46.2607964754026,100,2000
4660,99.34858992140545,482.2228386500231,304.415164123902,2576.0,1.4710422311528326,58973.09801202034,Ezi_3,E(z) RNAi,0.43940635169573716,-0.1366387179164985,46.81839017748342,100,2000
4661,100.23312883435582,507.56646216768917,226.692569870484,1962.0,1.6757794020286225,41020.03203817314,Ezi_3,E(z) RNAi,0.631305456845292,-0.08704693997600432,47.714964724889484,100,2000
4662,98.8002257336343,524.7432279909707,340.8893905191874,2872.0,1.82143244911086,63974.503386004515,Ezi_3,E(z) RNAi,0.35295075239161733,-0.04382925804797688,46.08088068716813,100,2000
4663,98.83346007604563,540.1543726235741,237.78098859315588,1694.0,1.7507629920117926,52102.92243346007,Ezi_3,E(z) RNAi,0.6063265960884865,-0.01689668496962471,46.19149890288257,100,2000
4664,98.85857461024499,564.3942093541202,226.4053452115813,1198.0,1.6450010790940035,36646.232739420935,Ezi_3,E(z) RNAi,0.63577187986257,0.034159438083425364,46.14914136644225,100,2000
4665,99.52432432432433,573.184555984556,329.0725868725869,1655.0,1.3667298345651497,57496.80154440155,Ezi_3,E(z) RNAi,0.3850748679725453,0.0588365265407087,46.656442235667356,100,2000
4666,99.57940780619111,580.5329744279946,278.06056527590846,1870.0,1.513348040114148,55735.84993270525,Ezi_3,E(z) RNAi,0.5104120756952057,0.071572422072963,46.75074163277607,100,2000
4667,98.65679442508711,627.6631823461091,246.6869918699187,2125.0,1.4744180765351402,54901.22822299651,Ezi_3,E(z) RNAi,0.5903190647198284,0.1703015974519344,45.708558251772175,100,2000
4668,99.76328767123287,633.7983561643836,148.0509589041096,2110.0,1.3253553947786292,54827.736438356165,Ezi_3,E(z) RNAi,0.8321321244389155,0.1777110283311667,46.91809867144987,100,2000
4669,98.67629281396911,661.7824042981867,321.16319677636,1741.0,1.420714844435373,43132.41974479517,Ezi_3,E(z) RNAi,0.4102967383424474,0.24738370112288477,45.519563284402466,100,2000
4670,98.72072072072072,736.827027027027,317.7981981981982,741.0,1.4744779759524174,20045.354954954953,Ezi_3,E(z) RNAi,0.4234970966843512,0.407285732050787,45.31514191252927,100,2000
4671,98.24170616113744,770.4620853080569,362.49842022116906,1418.0,1.4644410847647835,26665.45260663507,Ezi_3,E(z) RNAi,0.31632046593089735,0.4816145438418986,44.66662539684178,100,2000
4672,100.45102379634754,820.1532927504151,493.70392916436083,2194.0,1.5192506995056398,44299.237963475374,Ezi_3,E(z) RNAi,-0.0015220940639768532,0.5952037269331969,46.543752880363726,100,2000
4673,99.80798878766643,426.4498948843728,254.98598458304136,1682.0,1.5050460969050456,48338.31114225648,Ezi_3,E(z) RNAi,0.5566925292006415,-0.2584679727474617,47.52787871150936,100,2000
4674,100.19913793103449,436.25172413793103,227.74827586206897,1440.0,1.2555027467355866,38921.18275862069,Ezi_3,E(z) RNAi,0.62400378699068,-0.23912492756737602,47.92014198519689,100,2000
4675,100.81516936671576,443.79455081001475,293.75846833578794,1932.0,1.697565949032967,43713.80633284242,Ezi_3,E(z) RNAi,0.46294200648392914,-0.21922310781692544,48.42791995089614,100,2000
4676,100.20455908818236,461.872825434913,339.3479304139172,1995.0,1.5631693512820322,53135.260947810435,Ezi_3,E(z) RNAi,0.3525601637271085,-0.1780318961526759,47.69915460960482,100,2000
4677,100.10749774164408,464.53839205058716,230.2249322493225,1348.0,1.6055610725237603,48377.83288166215,Ezi_3,E(z) RNAi,0.6198138154920199,-0.17863770738736506,47.73000508788435,100,2000
4678,100.69059295586268,480.9950958537673,265.0802496656264,2621.0,1.5508480768962187,54469.04279982167,Ezi_3,E(z) RNAi,0.5355929669213888,-0.1415160789055684,48.21387239870988,100,2000
4679,100.35901926444834,497.23642732049035,224.82661996497373,778.0,1.617715906396075,33343.949211908934,Ezi_3,E(z) RNAi,0.6351885849862127,-0.10919108989273962,47.878030908176996,100,2000
4680,102.32997881355932,578.3490466101695,259.5762711864407,2518.0,1.4613554881919617,48658.51641949153,Ezi_3,E(z) RNAi,0.5554998168753791,0.06586760542015835,49.53184908600841,100,2000
4681,99.26130653266331,646.3986599664992,309.4966499162479,1571.0,1.883171022853334,35298.00418760469,Ezi_3,E(z) RNAi,0.4378310485765431,0.21389653542457032,46.171087578805086,100,2000
4682,100.73145665773012,813.5236818588025,650.9008042895442,2729.0,1.6992583112966775,40097.057193923145,Ezi_3,E(z) RNAi,-0.38669866542467457,0.5901259938152428,46.64932949069045,100,2000
4683,101.06379585326954,304.0334928229665,207.01435406698565,847.0,1.4251561112185622,20511.48644338118,Ezi_3,E(z) RNAi,0.6660002030876733,-0.5223805824883258,49.25668129611107,100,2000
4684,98.21680216802169,306.23035230352303,82.85365853658537,533.0,1.9573373242773493,18437.647696476964,Ezi_3,E(z) RNAi,0.9700352335430897,-0.5248733114520872,46.55806337742531,100,2000
4685,100.0019305019305,322.7200772200772,205.47683397683397,711.0,1.5703151429592237,19826.478764478765,Ezi_3,E(z) RNAi,0.6710025267829989,-0.4826121021453984,48.13373555058409,100,2000
4686,102.3330658105939,328.0120385232745,238.44060995184591,1524.0,1.6995369238764233,32479.239165329054,Ezi_3,E(z) RNAi,0.590667600930465,-0.46940502715733445,50.405655172177106,100,2000
4687,101.14487926727728,353.8276436303081,234.00999167360533,1425.0,1.297295969603304,27614.78684429642,Ezi_3,E(z) RNAi,0.6032227339565814,-0.4145956434692386,49.13597762176565,100,2000
4688,101.13691931540342,355.3887530562347,256.63162184189076,1483.0,1.471369317805195,30085.518337408314,Ezi_3,E(z) RNAi,0.5479599069816183,-0.4099610360937428,49.09437328838695,100,2000
4689,103.17120075046904,411.5525328330206,234.6829268292683,2728.0,1.5260382875222398,57227.33958724203,Ezi_3,E(z) RNAi,0.6053888472614335,-0.291395283817629,50.96677798560994,100,2000
4690,101.98299078667611,418.28136073706594,209.03260099220412,1705.0,1.4368033828142626,42762.644223954645,Ezi_3,E(z) RNAi,0.6686162051292799,-0.2785279497976014,49.788063907880854,100,2000
4691,101.77467906153166,423.74900398406373,346.1500664010624,3031.0,1.6113204601355355,53323.62682602922,Ezi_3,E(z) RNAi,0.33338541656484066,-0.2589593854350899,49.389294530404385,100,2000
4692,100.92516037063436,516.7377049180328,255.19885958660015,1670.0,1.4852413518165886,40041.15253029223,Ezi_3,E(z) RNAi,0.5621414743229294,-0.06583295170602044,48.34030134612286,100,2000
4693,101.43385109801821,544.3128012854847,326.8430637386181,2318.0,1.3932315968892757,61925.09319764328,Ezi_3,E(z) RNAi,0.38861610061928675,-0.0028714242114658006,48.66611697829707,100,2000
4694,101.74780256930359,557.7004732927654,300.8370520622042,2051.0,1.4615931946217964,57467.12846517917,Ezi_3,E(z) RNAi,0.4531502438967592,0.024191898613866947,48.967545433458795,100,2000
4695,101.18746964545896,548.0845070422536,347.99368625546384,2424.0,1.6470008394775812,60196.57940747936,Ezi_3,E(z) RNAi,0.33710046897872226,0.006392591656846136,48.380483417093814,100,2000
4696,103.66035353535354,564.5252525252525,264.54040404040404,3428.0,1.4793053938030356,47298.98484848485,Ezi_3,E(z) RNAi,0.5424318469075176,0.0366726300883935,50.90260497854146,100,2000
4697,100.85383244206774,573.4135472370766,317.7415329768271,1520.0,1.7990909802402202,59497.15953654189,Ezi_3,E(z) RNAi,0.4128188294771966,0.05868139315588006,47.999384895397796,100,2000
4698,102.06607275426875,784.0593912397921,706.3266518188567,1550.0,1.336030268941614,32631.265033407573,Ezi_3,E(z) RNAi,-0.5243057191677638,0.530474000306485,48.01376395208602,100,2000
4699,100.65217391304348,862.2036613272311,708.2654462242563,1196.0,1.6062944083527224,15337.121281464531,Ezi_3,E(z) RNAi,-0.5238771062868983,0.6972838359619891,46.33391856106023,100,2000
4700,100.45945945945945,867.2927927927927,464.34684684684686,740.0,1.573181589337647,19742.443693693695,Ezi_3,E(z) RNAi,0.07344752453190528,0.6940757552392227,46.43005139346475,100,2000
4701,102.1543287327478,234.69259723964868,258.9284818067754,982.0,1.3488923015348748,20666.30991217064,Ezi_3,E(z) RNAi,0.5343506293009261,-0.6673071945362417,50.515914328747,100,2000
4702,102.73052464228935,334.27424483306834,218.5739268680445,1553.0,1.3027770976762358,26129.434817170113,Ezi_3,E(z) RNAi,0.6397041879024281,-0.45718816795731054,50.80691733267895,100,2000
4703,104.27522255192878,377.47700296735906,218.55563798219583,1715.0,1.296713515886796,35963.90578635015,Ezi_3,E(z) RNAi,0.6426026990220257,-0.3650118100789237,52.20593692709954,100,2000
4704,104.41766467065868,378.8183632734531,246.21057884231536,2318.0,1.2016708140864265,56049.79191616766,Ezi_3,E(z) RNAi,0.5750059475479414,-0.36055470561717573,52.30916020629272,100,2000
4705,103.25888324873097,385.50634517766497,277.9746192893401,1952.0,1.780996951938902,46110.7538071066,Ezi_3,E(z) RNAi,0.49770965104229425,-0.34446397600933754,51.08798306031103,100,2000
4706,103.219723183391,481.3800461361015,318.15686274509807,2230.0,1.7062055584707352,61657.26701268743,Ezi_3,E(z) RNAi,0.40570695514558186,-0.13761625098284147,50.67510086241704,100,2000
4707,104.4743295019157,502.32183908045977,278.0088122605364,3708.0,1.3681093545695984,50284.51992337165,Ezi_3,E(z) RNAi,0.5053506195914244,-0.09524596433852806,51.90944544618034,100,2000
4708,102.85532661113547,560.2652345462517,335.3156510302499,2737.0,1.501686594396537,60229.775537045156,Ezi_3,E(z) RNAi,0.3689308715307995,0.0316593758199295,50.02315813664757,100,2000
4709,104.52579241765072,568.197016780609,303.25543816034804,2066.0,1.6248758023179233,58057.366065879425,Ezi_3,E(z) RNAi,0.44791778290489104,0.04674422101889597,51.70708616138471,100,2000
4710,100.4466911764706,589.7444852941177,360.0579044117647,1292.0,1.8187228972510918,33397.71415441176,Ezi_3,E(z) RNAi,0.3103316536424636,0.09595770426644568,47.48408599059218,100,2000
4711,102.19437115215479,593.6644678979771,269.985927880387,2621.0,1.5260129729756153,56773.88346525945,Ezi_3,E(z) RNAi,0.5310359282947987,0.09913981237447866,49.331535174349966,100,2000
4712,103.38888888888889,602.0447845804989,252.14795918367346,2111.0,1.4419345424420569,52366.79081632653,Ezi_3,E(z) RNAi,0.575245122260422,0.11599808269293455,50.520163122962586,100,2000
4713,101.5704371963914,634.913254684247,325.4267869535045,1789.0,1.6751299542759746,33989.33032616239,Ezi_3,E(z) RNAi,0.3980758477939028,0.19032951460359904,48.4989500101493,100,2000
4714,102.58566978193146,798.198753894081,436.2909657320872,1875.0,1.4242683748641103,44414.221183800626,Ezi_3,E(z) RNAi,0.13753682489152874,0.5450724953398409,48.82444903117981,100,2000
4715,104.95431893687707,227.9609634551495,357.4227574750831,1621.0,1.3856678408273504,22192.779900332225,Ezi_3,E(z) RNAi,0.29283393547156167,-0.6759688640333597,53.21502133658319,100,2000
4716,104.63921217547,293.38495971351836,228.53536257833483,1315.0,1.3947196526480456,26151.154879140555,Ezi_3,E(z) RNAi,0.6126131805873154,-0.5438307176320755,52.84098500739407,100,2000
4717,105.0952380952381,294.207991242474,264.65243568691847,2207.0,1.5022614383176396,34334.1877394636,Ezi_3,E(z) RNAi,0.5242702935590946,-0.5399892079732936,53.2489218375114,100,2000
4718,103.52474469756481,308.07698350353496,253.63707776904948,1482.0,1.3771103819905097,30263.736056559308,Ezi_3,E(z) RNAi,0.5521522271527946,-0.5110484477688346,51.645487964305104,100,2000
4719,103.53543859649123,319.6217543859649,284.1045614035088,1665.0,1.460864465761179,34160.17333333333,Ezi_3,E(z) RNAi,0.4783472142157037,-0.48466279124823786,51.579026771751344,100,2000
4720,103.36846405228758,367.2042483660131,224.6609477124183,1489.0,1.3982397212080138,29132.912581699347,Ezi_3,E(z) RNAi,0.6269830091658741,-0.38658166940929883,51.32616736112128,100,2000
4721,104.93641912512716,386.82706002034587,231.84333672431333,2315.0,1.3509361990601976,53207.49237029502,Ezi_3,E(z) RNAi,0.6106979252222835,-0.3442940271150702,52.81892825054001,100,2000
4722,103.10741138560688,433.8453276047261,267.11063372717507,2217.0,1.3509607942358324,52565.265843179375,Ezi_3,E(z) RNAi,0.5274974797998451,-0.2419679554455768,50.787129601823594,100,2000
4723,105.0785751702462,427.9209009952855,297.73965426925093,2498.0,1.5653182246097532,53949.202200104766,Ezi_3,E(z) RNAi,0.4521358224823111,-0.2528264834535693,52.73983375703877,100,2000
4724,104.17358490566038,464.7761006289308,243.73836477987422,1803.0,1.2322041099787362,54750.41509433962,Ezi_3,E(z) RNAi,0.5867440242128636,-0.17732190827360916,51.77831104520169,100,2000
4725,103.65657955066483,468.78587803759746,297.3232462173315,2676.0,1.4249508452425337,59480.8835396607,Ezi_3,E(z) RNAi,0.45586251250787746,-0.16568192025551687,51.18056210940783,100,2000
4726,104.80008045052293,496.2413515687852,294.92477876106193,3123.0,1.551289194155286,61147.41673370877,Ezi_3,E(z) RNAi,0.46354583331650323,-0.10724002867459581,52.23447740013762,100,2000
4727,103.28823854224186,513.8034235229155,339.03920485919383,2414.0,1.5534074512472267,62883.35781336278,Ezi_3,E(z) RNAi,0.35674253670793377,-0.06724164750686301,50.608077541977494,100,2000
4728,105.6005642885933,530.5425231761386,334.1459089076985,3169.0,1.387534104206495,62554.73478436114,Ezi_3,E(z) RNAi,0.36981962877526553,-0.03179677896399469,52.870078479310806,100,2000
4729,102.49909420289855,554.9963768115942,247.22101449275362,1340.0,1.447910327746202,37740.53713768116,Ezi_3,E(z) RNAi,0.5841937221092957,0.015337278519186981,49.79521511275043,100,2000
4730,103.95071740486587,548.9295071740487,275.05427323767935,1953.0,1.4376804007916268,51896.48222083593,Ezi_3,E(z) RNAi,0.5156667089688678,0.004009901503246427,51.232369825821806,100,2000
4731,102.33094098883572,607.2942583732057,292.1547049441786,1529.0,1.545781096021042,31337.178628389156,Ezi_3,E(z) RNAi,0.47767946444185916,0.12949596439489897,49.39432899877073,100,2000
4732,104.17310087173101,619.6170610211706,250.13574097135742,2397.0,1.509192759335786,43236.63387297634,Ezi_3,E(z) RNAi,0.5813302876781594,0.15337541005053001,51.24763603871956,100,2000
4733,103.3130177514793,819.8195266272189,664.6650887573965,2133.0,1.401942265887564,39497.08698224852,Ezi_3,E(z) RNAi,-0.419977400585254,0.604369535247117,49.192374624737084,100,2000
4734,102.82726326742976,865.8262226847035,555.9375650364204,1605.0,1.500554216380678,17619.53798126951,Ezi_3,E(z) RNAi,-0.15082325839499167,0.6962450820641533,48.68788045360415,100,2000
4735,103.52226524685382,866.0832526621491,589.3484995159729,3432.0,1.5919367156036297,22675.283639883834,Ezi_3,E(z) RNAi,-0.232581033715359,0.6987248274109008,49.340095489957775,100,2000
4736,103.85483870967742,245.4741935483871,307.9483870967742,588.0,1.614270375856296,19761.393548387096,Ezi_3,E(z) RNAi,0.4150835200072698,-0.6414676994347076,52.11855697387554,100,2000
4737,104.8051724137931,340.72155172413795,236.41637931034484,1452.0,1.4320030214357184,30158.019827586206,Ezi_3,E(z) RNAi,0.5964556565722818,-0.4423900562757539,52.83742539145143,100,2000
4738,104.94993498049415,362.184655396619,247.22106631989598,1877.0,1.4631286595763338,37265.25942782835,Ezi_3,E(z) RNAi,0.5714308482041504,-0.3959779368986406,52.89625267797281,100,2000
4739,103.92462600690449,422.415420023015,284.2295742232451,2165.0,1.411350335199912,48775.91944764097,Ezi_3,E(z) RNAi,0.4848406186148957,-0.2653588794734658,51.62140708214777,100,2000
4740,104.94710825506674,419.41769649036087,328.353929807217,2373.0,1.3046485246701345,53875.84033613445,Ezi_3,E(z) RNAi,0.3766456372316229,-0.2692025515020896,52.59863565032413,100,2000
4741,105.22887612797375,462.3141919606235,216.7391304347826,1414.0,1.3324533657020883,41447.24856439705,Ezi_3,E(z) RNAi,0.6526584009346736,-0.18412301452295388,52.87576952669599,100,2000
4742,105.06586826347305,465.84944396920446,279.7343883661249,2754.0,1.4243529018447545,53463.28443113773,Ezi_3,E(z) RNAi,0.49871272179228954,-0.17295020753755408,52.62181023365092,100,2000
4743,104.6400580551524,485.311320754717,276.37735849056605,1811.0,1.4442924766801322,53149.51741654572,Ezi_3,E(z) RNAi,0.5082177501512235,-0.1316280495509864,52.134583685583536,100,2000
4744,103.57815845824412,484.6509635974304,226.35331905781584,696.0,1.8281785807128716,30590.432548179873,Ezi_3,E(z) RNAi,0.6306102323004799,-0.13592875115726522,51.13767549602066,100,2000
4745,103.61514966401955,535.979230299328,272.3439218081857,1902.0,1.551215700049659,54338.50763591936,Ezi_3,E(z) RNAi,0.5214444658255553,-0.023776155075334038,50.943876325949475,100,2000
4746,104.9932460953989,552.3279864921908,315.60531869987335,3038.0,1.5296837742350364,58906.52596032081,Ezi_3,E(z) RNAi,0.41664044871820227,0.013605627750972182,52.2125578934498,100,2000
4747,104.40574162679425,605.3473684210526,231.55598086124402,1359.0,1.4546364601974728,41877.207655502396,Ezi_3,E(z) RNAi,0.625859297070513,0.12186374259867194,51.55170573796292,100,2000
4748,102.65692883895132,622.898127340824,279.9318352059925,1535.0,1.61564876427603,28222.08838951311,Ezi_3,E(z) RNAi,0.5086261400187355,0.16208196693439758,49.683028512163816,100,2000
4749,104.85903500473037,626.1381267738884,235.25165562913907,1412.0,1.563534011539855,43526.77956480606,Ezi_3,E(z) RNAi,0.6181883393613106,0.16643388068198517,51.93024777450256,100,2000
4750,104.46092503987241,652.8086124401914,219.65709728867623,1025.0,1.7197580936260544,26766.53907496013,Ezi_3,E(z) RNAi,0.6581213677878901,0.22242908131033223,51.461764517520606,100,2000
4751,101.88685524126456,679.6988352745424,374.4509151414309,713.0,1.5227076951159737,20816.16139767055,Ezi_3,E(z) RNAi,0.28105193218520275,0.2887012677235261,48.60283385093108,100,2000
4752,105.47268907563026,897.6302521008404,543.3277310924369,1152.0,1.8573193968376978,21374.4768907563,Ezi_3,E(z) RNAi,-0.11786435008532437,0.763386084073046,51.24185710109322,100,2000
4753,104.36468330134358,213.33109404990404,314.72456813819576,1214.0,1.4371751571364555,25277.987523992324,Ezi_3,E(z) RNAi,0.3963709805059181,-0.7096454742258551,52.72829234324189,100,2000
4754,104.93426573426574,352.01258741258744,208.29090909090908,892.0,1.3956150730902068,24309.38881118881,Ezi_3,E(z) RNAi,0.6660389653861434,-0.41992311650468217,52.96372627669227,100,2000
4755,105.09248170326015,368.3226879574185,295.47704590818364,1730.0,1.6859248441952672,43568.5622089155,Ezi_3,E(z) RNAi,0.4537306702742394,-0.3801001102206635,52.9575598758026,100,2000
4756,105.39270687237027,403.8997194950912,258.9228611500701,1716.0,1.5907350615230689,38711.739130434784,Ezi_3,E(z) RNAi,0.5455493331875769,-0.3063076031877292,53.18366686492034,100,2000
4757,105.20532915360502,445.4864158829676,281.68390804597703,2278.0,1.5287742899867374,46206.6013584117,Ezi_3,E(z) RNAi,0.49259375343969447,-0.21627806107141967,52.82749403158405,100,2000
4758,107.80267260579065,506.0311804008909,323.4538975501114,3512.0,1.4225264880241721,62221.95011135857,Ezi_3,E(z) RNAi,0.3943603213865561,-0.08468827963955594,55.16824500596671,100,2000
4759,106.31270903010034,514.2056856187291,330.25585284280936,835.0,1.7972978282702297,62666.51672240803,Ezi_3,E(z) RNAi,0.37825766980951747,-0.06686792667556662,53.64219106651487,100,2000
4760,105.12800875273523,519.2631291028447,304.9381838074398,2235.0,1.571630508413769,61048.701859956236,Ezi_3,E(z) RNAi,0.4405602716415944,-0.05754701911853011,52.472205673570514,100,2000
4761,104.82619863013699,622.2097602739726,204.58818493150685,1554.0,1.8434625315932593,51106.918664383564,Ezi_3,E(z) RNAi,0.6929769664177177,0.15628514618843958,51.949127956614646,100,2000
4762,104.00826446280992,633.2297520661157,216.33553719008265,773.0,1.5321734665663158,29406.161983471073,Ezi_3,E(z) RNAi,0.6649568582636609,0.18046590889788972,51.07929908813172,100,2000
4763,104.50340136054422,787.5151515151515,646.6969696969697,1808.0,1.50454980661253,38271.34322820037,Ezi_3,E(z) RNAi,-0.3781412146330172,0.5344259763562573,50.514231419636246,100,2000
4764,106.71332436069987,841.221399730821,493.2934051144011,1995.0,1.5358466172009964,38623.814266487214,Ezi_3,E(z) RNAi,0.0008586209089964658,0.6401710059446126,52.73548063705276,100,2000
4765,105.56733828207847,877.2788971367975,525.1558854718982,1288.0,1.446976639028915,22399.494167550372,Ezi_3,E(z) RNAi,-0.07473565497466927,0.7189226770882686,51.42793338885926,100,2000
4766,104.6923076923077,366.92914979757086,259.4331983805668,684.0,1.333265976198424,22933.370445344128,Ezi_3,E(z) RNAi,0.5418564368904621,-0.3851540769081593,52.607306628868926,100,2000
4767,107.17142857142858,405.14285714285717,222.7404761904762,1564.0,1.344698762933616,45346.68492063492,Ezi_3,E(z) RNAi,0.6341823975529897,-0.30572879744860915,55.00357744958852,100,2000
4768,106.20039682539682,425.28968253968253,222.07638888888889,1288.0,1.4343965179705376,34916.719246031746,Ezi_3,E(z) RNAi,0.6371433525073567,-0.2627941067823534,53.96544463336632,100,2000
4769,106.77702702702703,816.9736486486487,536.0574324324324,1732.0,1.3411668025014383,45822.27567567568,Ezi_3,E(z) RNAi,-0.1054100754294428,0.5909083934266031,52.82730320772099,100,2000
4770,106.62009419152277,364.1554160125589,204.98273155416013,816.0,1.4353686810430075,26416.56043956044,Ezi_3,E(z) RNAi,0.6749342122479596,-0.3941968183836937,54.612745226666945,100,2000
4771,107.02887537993921,396.38449848024317,240.74924012158056,845.0,1.4181653425238527,33504.396656534955,Ezi_3,E(z) RNAi,0.5895271792597003,-0.32337606832142685,54.8679678244294,100,2000
4772,109.61389337641357,477.0840064620355,294.1203554119548,4806.0,1.5063545487766403,56659.18147549812,Ezi_3,E(z) RNAi,0.46423355656230014,-0.14812056665203377,57.113872048623875,100,2000
4773,106.36163982430453,679.8565153733529,870.4655929721815,1137.0,1.814857513374053,25118.3953147877,Ezi_3,E(z) RNAi,-0.9329394497311121,0.317668715295085,52.454782773646784,100,2000
4774,107.12931034482759,703.3299373040752,801.6269592476489,1571.0,1.7689833273988473,55233.79467084639,Ezi_3,E(z) RNAi,-0.7629071086622983,0.36378208689627267,53.229651137254535,100,2000
4775,106.97458242556282,808.476397966594,627.6623093681917,1709.0,1.7743535941590958,36254.82425562818,Ezi_3,E(z) RNAi,-0.3301744580414855,0.5780639316822138,52.93858947989375,100,2000
4776,106.97419354838709,844.0129032258064,637.2709677419355,558.0,1.9696892697071178,17999.516129032258,Ezi_3,E(z) RNAi,-0.35134054109826296,0.6544293929382858,52.806307463308315,100,2000
4777,106.41255605381166,254.80418535127055,420.11958146487297,821.0,1.6710710992377789,33895.500747384154,Ezi_3,E(z) RNAi,0.14115602903417024,-0.6150776499273416,54.50407021950133,100,2000
4778,108.9817483189241,399.24879923150814,205.21325648414987,1311.0,1.6192784318708582,32172.389048991354,Ezi_3,E(z) RNAi,0.6766849400819079,-0.3193002350803258,56.8557505835157,100,2000
4779,107.76386036960986,429.78439425051334,253.94661190965093,1775.0,1.4515505235580974,48842.699520876115,Ezi_3,E(z) RNAi,0.5594343249577167,-0.25135646547538504,55.47375791493762,100,2000
4780,108.15355233002292,454.58288770053474,231.33155080213905,1522.0,1.5266022728772641,45831.41176470588,Ezi_3,E(z) RNAi,0.6164238490804752,-0.19975391546659904,55.80819191047931,100,2000
4781,106.60746606334841,519.9490950226244,269.420814479638,1119.0,1.7084655661896857,33029.90497737557,Ezi_3,E(z) RNAi,0.5275297109754347,-0.058120682367337806,53.9938984440913,100,2000
4782,107.70951585976627,601.0951585976628,237.92320534223705,882.0,1.4854019211778269,37644.80467445743,Ezi_3,E(z) RNAi,0.6099848841441631,0.11318345172467525,54.86181017657643,100,2000
4783,108.13470790378007,822.1079037800687,745.6219931271478,2010.0,1.5431448992776748,24005.452233676977,Ezi_3,E(z) RNAi,-0.6179806437591565,0.6139541638628705,53.90475210371578,100,2000
4784,107.23217922606925,228.9042769857434,319.25865580448067,718.0,1.5940489363683301,19063.226069246437,Ezi_3,E(z) RNAi,0.38629596751241624,-0.6761403173088356,55.53756452924574,100,2000
4785,109.38869565217391,385.1191304347826,203.35565217391306,1330.0,1.329710088002915,32409.815652173915,Ezi_3,E(z) RNAi,0.6802954713339044,-0.34954777396357195,57.3126747630817,100,2000
4786,108.30628571428572,422.75771428571426,234.568,1237.0,1.6803293796748013,40625.44571428571,Ezi_3,E(z) RNAi,0.6063968041204588,-0.2674601297752133,56.06418702095833,100,2000
4787,110.94334887056293,475.7199713158838,315.53424166367876,3391.0,1.4748271423898403,58240.20616708498,Ezi_3,E(z) RNAi,0.4117293403366127,-0.1497862042998006,58.42105404880107,100,2000
4788,107.79289940828403,553.7485207100592,299.73372781065086,506.0,1.6392173120229176,36582.408284023666,Ezi_3,E(z) RNAi,0.45557195411446005,0.015741351824018146,55.027314358584675,100,2000
4789,106.68995633187772,637.9355895196506,256.7456331877729,1201.0,1.7512601089912319,29391.58406113537,Ezi_3,E(z) RNAi,0.5663573928785297,0.192854459451254,53.69440779051109,100,2000
4790,108.90313901345291,859.8044843049328,470.39910313901345,1385.0,1.4005673104702618,32505.250224215248,Ezi_3,E(z) RNAi,0.05811526716797233,0.6785109539624194,54.89133601595901,100,2000
4791,107.47315436241611,871.1778523489933,599.8154362416108,518.0,1.4414698614864296,18991.942953020134,Ezi_3,E(z) RNAi,-0.2578729251637486,0.710225540516753,53.26064738780505,100,2000
4792,111.24300052826202,307.74379292128896,354.65081880612786,2238.0,1.5146695549321225,43114.765979926044,Ezi_3,E(z) RNAi,0.304878471570025,-0.5058790572428232,59.238090705933985,100,2000
4793,111.81866509155346,374.2847017129356,270.64441819255757,2123.0,1.5614513373201562,29736.73833431778,Ezi_3,E(z) RNAi,0.5148834579185926,-0.36876399550718386,59.69474797953825,100,2000
4794,111.15855969677827,429.85344283006947,270.5982312065698,1925.0,1.5226356462858694,40451.38534428301,Ezi_3,E(z) RNAi,0.5186746186654749,-0.2502244168906702,58.84731213741796,100,2000
4795,109.9626400996264,440.7409713574097,247.65317559153175,2110.0,1.7914873984973587,39812.11394769614,Ezi_3,E(z) RNAi,0.5755560124946466,-0.22832923817376682,57.64347032960414,100,2000
4796,111.12462006079028,438.11170212765956,224.1580547112462,1662.0,1.4136581990674824,40388.480243161095,Ezi_3,E(z) RNAi,0.6328827441247962,-0.23528457074997866,58.84378516022251,100,2000
4797,110.53829787234042,491.9127659574468,308.06010638297874,2266.0,1.607052378207573,54942.72340425532,Ezi_3,E(z) RNAi,0.43109459682049556,-0.11567533886581538,57.97077590862315,100,2000
4798,109.9124726477024,513.0962800875274,294.2964989059081,1540.0,1.5333233669139625,47011.07330415755,Ezi_3,E(z) RNAi,0.4661840473040537,-0.07128180429494924,57.290785383647574,100,2000
4799,110.11142061281338,536.8941504178273,307.57753017641596,1350.0,1.684073904653755,39597.46146703807,Ezi_3,E(z) RNAi,0.43525272650859526,-0.019745661507427736,57.392817563526776,100,2000
4800,112.84555483452304,331.2141466580143,219.32770927968852,1838.0,1.3841139869059067,27373.399740428293,Ezi_3,E(z) RNAi,0.6376280684925117,-0.46359943671379666,60.93125586222524,100,2000
4801,113.44918032786886,358.9659016393443,281.14098360655737,2194.0,1.5843816972137683,20966.376393442624,Ezi_3,E(z) RNAi,0.4881751765445812,-0.40082716492164716,61.36374329360943,100,2000
4802,114.11216350947159,377.14855433698904,240.12811565304088,2823.0,1.434381686425633,38005.84945164507,Ezi_3,E(z) RNAi,0.5897546190485767,-0.364397225084928,62.01685808557025,100,2000
4803,111.12252591894439,410.68237511781336,236.44580584354384,1327.0,1.4298107592147353,37902.20735155514,Ezi_3,E(z) RNAi,0.6009940178402049,-0.2930922057921048,58.91877447036536,100,2000
4804,111.72331460674157,423.55056179775283,314.9487359550562,1836.0,1.482915627319735,41765.792837078654,Ezi_3,E(z) RNAi,0.4097087856725081,-0.26110940192327214,59.37767849045821,100,2000
4805,109.39568345323741,433.78956834532374,323.9478417266187,754.0,1.7951153235126016,31941.0035971223,Ezi_3,E(z) RNAi,0.38836760423088124,-0.2387641715769543,57.00424391057787,100,2000
4806,113.0251572327044,512.9119496855346,310.56944444444446,4635.0,1.4726458787283463,59932.56315513627,Ezi_3,E(z) RNAi,0.42633518012418037,-0.07071418166101151,60.383656216151365,100,2000
4807,111.65819567979669,519.9593392630242,285.7687420584498,1187.0,1.8653217637240382,37847.627700127065,Ezi_3,E(z) RNAi,0.48750468027020255,-0.057119559632868855,59.02405153651698,100,2000
4808,113.39283508338481,310.20630018529954,253.40642371834466,1946.0,1.557277020635113,26471.26189005559,Ezi_3,E(z) RNAi,0.552829519583272,-0.5064474820719604,61.506623214666035,100,2000
4809,114.35755427558706,420.9335400974745,325.9198050509526,2808.0,1.4218294109660923,52832.143553389455,Ezi_3,E(z) RNAi,0.3826766115826934,-0.266040702928215,62.00696265613054,100,2000
4810,111.86078886310905,434.59164733178653,234.87238979118328,582.0,1.327075477282249,37620.169373549885,Ezi_3,E(z) RNAi,0.6064245859824882,-0.2421709436039392,59.57837810045676,100,2000
4811,113.30006161429452,459.7892791127542,290.9796672828096,2386.0,1.5014905570789012,38231.69685767098,Ezi_3,E(z) RNAi,0.47076569091739096,-0.1851704023087286,60.86227902269913,100,2000
4812,110.6214421252372,568.4288425047438,288.61195445920305,1362.0,1.78095596979849,36789.444022770396,Ezi_3,E(z) RNAi,0.48375548694421733,0.04643878443656724,57.82028560791338,100,2000
4813,112.6538261322228,266.2795419052577,274.12077043206665,2175.0,1.446628963201399,25096.205622071837,Ezi_3,E(z) RNAi,0.4992275013102716,-0.5989692586710782,60.889764657117155,100,2000
4814,112.82743837084674,273.52197213290464,293.61200428724544,1216.0,1.3876946734230102,16047.38370846731,Ezi_3,E(z) RNAi,0.45200161594126187,-0.5823936290823746,61.01449964202058,100,2000
4815,113.6062340966921,359.5960559796438,248.12531806615777,1912.0,1.4062548586371244,29440.580788804073,Ezi_3,E(z) RNAi,0.5690218035426096,-0.40138526274393116,61.56009078273982,100,2000
4816,113.49043261231282,398.4904326123128,287.3219633943428,3592.0,1.695098163353305,31747.4962562396,Ezi_3,E(z) RNAi,0.4756620051404412,-0.3161512133288087,61.26395367165841,100,2000
4817,112.5738255033557,396.3422818791946,304.30872483221475,872.0,1.5480599236295762,25886.676174496642,Ezi_3,E(z) RNAi,0.433947636784074,-0.31976121078546516,60.333285902330616,100,2000
4818,114.95437731196054,424.5585696670777,234.42231812577066,1996.0,1.6227545059979627,42256.07768187423,Ezi_3,E(z) RNAi,0.6068535671059874,-0.26357838297842695,62.706345384022185,100,2000
4819,114.70931603773585,366.32134433962267,231.81485849056602,2145.0,1.4295618017861789,32846.74233490566,Ezi_3,E(z) RNAi,0.6093832093394755,-0.38797032450925395,62.660948390116175,100,2000
4820,113.73412029229904,414.64024732996063,258.51995503091626,2073.0,1.4742451827417342,46512.37661607645,Ezi_3,E(z) RNAi,0.5472222457335627,-0.2833570183593104,61.48931182221543,100,2000
4821,114.02122776821572,407.22719449225474,315.27137119908207,2133.0,1.5123315856940382,45901.787722317844,Ezi_3,E(z) RNAi,0.40783269873143624,-0.2958974002193394,61.73021877787387,100,2000
4822,114.58989310009719,574.5082604470359,296.14480077745384,1458.0,1.8850709613246954,30571.221574344025,Ezi_3,E(z) RNAi,0.4657098434601987,0.05987140785996958,61.75875914229445,100,2000
4823,114.51388888888889,427.89980158730157,251.72916666666666,1283.0,1.3412829744454136,36905.45337301587,Ezi_3,E(z) RNAi,0.5647175931888755,-0.2554557439536176,62.23287998637194,100,2000
4824,113.95619335347432,486.4818731117825,276.25075528700904,942.0,1.3726243369646196,33823.13444108761,Ezi_3,E(z) RNAi,0.5085785226241037,-0.1290704660852905,61.4468700941988,100,2000
4825,115.45433789954338,489.13013698630135,288.62100456621005,1437.0,1.669771020365183,34124.425799086755,Ezi_3,E(z) RNAi,0.4784734427037829,-0.12269670432887514,62.920555198499315,100,2000
4826,117.18869731800767,500.4990421455939,282.8352490421456,1762.0,1.5535684547105713,30913.108237547895,Ezi_3,E(z) RNAi,0.4933811891302522,-0.09876394452034387,64.62382291663671,100,2000
4827,113.92249527410208,521.8015122873346,137.28733459357278,762.0,1.7043217559142965,25393.49527410208,Ezi_3,E(z) RNAi,0.851026298398686,-0.06173406477092491,61.46840144576932,100,2000
4828,114.38518518518518,348.10555555555555,255.50555555555556,806.0,1.675309756482382,18394.975925925926,Ezi_3,E(z) RNAi,0.5501963837693862,-0.4254672309876417,62.36852699799549,100,2000
4829,116.09971098265896,389.4530346820809,244.25794797687863,1806.0,1.5191567210406671,32303.16690751445,Ezi_3,E(z) RNAi,0.5804552747385232,-0.3378950255581218,63.95771761410015,100,2000
4830,114.70667870036101,401.16425992779784,240.57942238267148,1488.0,1.7433493982903523,29990.16606498195,Ezi_3,E(z) RNAi,0.5902371567318028,-0.3131332100940737,62.529815856138754,100,2000
4831,117.92653871608206,402.5651886168101,302.02581072137656,2287.0,1.4196540761795178,34369.61151555261,Ezi_3,E(z) RNAi,0.4399314825179079,-0.30657836196621724,65.66784318867461,100,2000
4832,116.15589887640449,402.5042134831461,280.0772471910112,999.0,1.4576597112115606,28745.629213483146,Ezi_3,E(z) RNAi,0.493651296391725,-0.3079867898661447,63.924955993851185,100,2000
4833,115.57901234567902,516.1,295.37901234567903,1073.0,1.450417527292621,38357.06913580247,Ezi_3,E(z) RNAi,0.4637171915401601,-0.06477025693336647,62.945800987808724,100,2000
4834,117.86842105263158,436.7318768619662,287.8942403177756,2552.0,1.8465814258622006,37207.79443892751,Ezi_3,E(z) RNAi,0.476778823378323,-0.23450438824576259,65.51223544062917,100,2000
4835,117.14804469273743,434.5712290502793,266.8296089385475,1055.0,1.5613926292908304,29728.617318435754,Ezi_3,E(z) RNAi,0.5281933277772501,-0.24033353623051412,64.82557664864889,100,2000
4836,117.39042207792208,448.51623376623377,277.81168831168833,1724.0,1.7622762886483776,36480.12987012987,Ezi_3,E(z) RNAi,0.5022367042122546,-0.20994914363007222,65.00714861566108,100,2000
4837,116.85097192224622,463.84449244060477,304.8272138228942,635.0,1.617239923711755,35979.67602591793,Ezi_3,E(z) RNAi,0.4371321802828665,-0.17569504590526663,64.38211864866582,100,2000
4838,118.65214477211796,480.3210455764075,284.0844504021448,2131.0,1.9145676869441601,34467.61930294906,Ezi_3,E(z) RNAi,0.48898471131096355,-0.14172782001329498,66.15373931649707,100,2000
4839,119.13509933774834,409.1615894039735,289.24238410596024,1294.0,1.7682672029071609,27985.570860927153,Ezi_3,E(z) RNAi,0.47165169676258145,-0.29323426141050835,66.87018859992668,100,2000
4840,119.90029761904762,485.1309523809524,226.56994047619048,1090.0,1.8273413453943037,32157.504464285714,Ezi_3,E(z) RNAi,0.6300653329246506,-0.1347736760025986,67.45781858969725,100,2000
4841,119.20332936979786,465.6848989298454,261.85969084423306,1106.0,1.7523533186091966,28932.475624256836,Ezi_3,E(z) RNAi,0.5424096561181873,-0.17422910241712875,66.7821594096586,100,2000
4842,121.08392715756136,515.1330166270784,225.3452098178939,1694.0,1.3072616487145934,35604.927949327,Ezi_3,E(z) RNAi,0.6350443086625484,-0.07083107433078872,68.54180196313354,100,2000
4843,121.8132183908046,413.91379310344826,305.8668582375479,1512.0,1.9299046256275443,36875.055555555555,Ezi_3,E(z) RNAi,0.4312702899215557,-0.2821182211689046,69.51140838953565,100,2000
4844,121.38028169014085,436.73098591549297,300.212676056338,884.0,1.5418427551545018,34524.681690140846,Ezi_3,E(z) RNAi,0.4466195634174972,-0.23377052997191494,69.00862226302637,100,2000
4845,120.45928338762215,533.4983713355049,227.47882736156353,612.0,1.9569708693394001,31895.42671009772,Ezi_3,E(z) RNAi,0.6310390772975232,-0.03153304363833098,67.85255261750544,100,2000
4846,122.56657223796034,458.7804532577904,209.53257790368272,1013.0,1.6319910294129818,31572.253541076487,Ezi_3,E(z) RNAi,0.6700131909688247,-0.19195120195843507,70.23431109787293,100,2000
4847,122.2547263681592,572.7940298507463,226.91940298507464,1491.0,1.7091206996401498,34428.47960199005,Ezi_3,E(z) RNAi,0.6350028156419971,0.05227876291998945,69.51617032635814,100,2000
4848,123.01327433628319,502.73893805309734,214.42256637168143,707.0,1.7184725630094437,37703.10840707965,Ezi_3,E(z) RNAi,0.6609518838253159,-0.09788760571822164,70.52663579906105,100,2000
4849,124.30089820359281,383.46556886227546,244.25299401197606,953.0,1.7041595690560982,27933.880239520957,Ezi_3,E(z) RNAi,0.5800479369315221,-0.350609019149004,72.17904930009894,100,2000
4850,123.69124423963133,436.426267281106,213.40092165898616,624.0,1.9316504460890285,29512.956221198157,Ezi_3,E(z) RNAi,0.6590633936534938,-0.23940908090475788,71.42950708746908,100,2000
4851,124.3817097415507,428.7017892644135,281.5168986083499,708.0,1.7727749321088284,32145.5268389662,Ezi_3,E(z) RNAi,0.49183748977303376,-0.25195566510638545,72.06056226340446,100,2000
4852,124.5632183908046,452.3586206896552,223.62528735632185,529.0,1.5991609226801677,34885.09425287356,Ezi_3,E(z) RNAi,0.6350909473591073,-0.20482410934653417,72.23492046278199,100,2000
4853,124.4885496183206,563.9389312977099,237.51526717557252,671.0,1.6568147325199862,42848.864503816796,Ezi_3,E(z) RNAi,0.608477400552295,0.03401497806713283,71.76654784271473,100,2000
4854,124.70588235294117,397.4894117647059,261.5364705882353,520.0,1.836789866008373,30525.82588235294,Ezi_3,E(z) RNAi,0.5386734834187332,-0.3196919388004936,72.51505570067738,100,2000
