label,centroid_x,centroid_y,centroid_z,area,aspherity,int,sample,type,x_std,y_std,z_std,rotation,int_threshold
1,5.493360572012257,308.85393258426967,260.3258426966292,1443.0,1.696262913534371,40400.81920326864,mChi_1,mCherry RNAi,0.494246210087145,-0.445598393037276,-31.26517539531838,70,2000
2,6.967362924281984,278.1749347258486,258.4608355091384,972.0,1.3882902776282995,54688.515665796345,mChi_1,mCherry RNAi,0.5000285191600642,-0.528599534624506,-27.64452135672881,70,2000
3,6.812379110251451,289.757253384913,241.29787234042553,1366.0,1.4468441489493413,38259.917794970985,mChi_1,mCherry RNAi,0.5409088131831532,-0.4964883568670585,-29.091447710739658,70,2000
4,8.405913978494624,273.01478494623655,246.80510752688173,902.0,1.4336198407954015,41855.14112903226,mChi_1,mCherry RNAi,0.528395883974113,-0.5418838975276012,-26.15332251203578,70,2000
5,7.62634989200864,303.48596112311014,244.61663066954642,1146.0,1.4618208183141477,44784.90172786177,mChi_1,mCherry RNAi,0.5324289142744338,-0.4591529104112655,-29.175641393181763,70,2000
6,7.85820203892493,321.1037998146432,255.17145505097312,1483.0,1.5531858095524964,39858.79796107507,mChi_1,mCherry RNAi,0.5063306354106925,-0.41164614430980073,-29.924743893142512,70,2000
7,8.328330206378986,199.40712945590994,549.6510318949344,743.0,1.6775488907825742,13668.030018761727,mChi_1,mCherry RNAi,-0.19823211438492117,-0.7537199254471897,-12.807959689262594,70,2000
8,8.641390205371248,289.15955766192735,223.7661927330174,811.0,1.5099246102751374,26194.60505529226,mChi_1,mCherry RNAi,0.583276287196463,-0.4970693698449228,-27.69624538494339,70,2000
9,8.995139732685297,302.10814094775213,778.0959902794654,985.0,1.5471592884418999,36943.73876063184,mChi_1,mCherry RNAi,-0.7524824189975443,-0.4834276651190197,-13.370158317145036,70,2000
10,8.69111111111111,303.68,270.18555555555554,1139.0,1.425369380419868,38978.875555555554,mChi_1,mCherry RNAi,0.4708968257510726,-0.4594132479117733,-27.440546165991954,70,2000
11,9.465420560747663,304.7308411214953,222.04205607476635,1318.0,1.4859749079076134,35535.66542056075,mChi_1,mCherry RNAi,0.5868724192882127,-0.45452852194848226,-28.03817947076521,70,2000
12,8.441988950276244,316.1259668508287,239.46187845303868,1169.0,1.6059516963426108,35923.34475138121,mChi_1,mCherry RNAi,0.5444027154529345,-0.42444507612504434,-29.40785945436842,70,2000
13,11.621177544500227,323.5440438156093,279.9420356001826,2579.0,1.311657171565267,56945.23505248745,mChi_1,mCherry RNAi,0.446801534706581,-0.40524134997388983,-25.68198638798434,70,2000
14,9.776148582600195,217.35777126099705,445.0430107526882,1414.0,1.7679129571419936,16209.612903225807,mChi_1,mCherry RNAi,0.0531375333473878,-0.7005796991418605,-15.46454336451775,70,2000
15,9.386317907444669,230.59154929577466,326.6639839034205,628.0,1.564471852666229,24169.535211267605,mChi_1,mCherry RNAi,0.3377489570098213,-0.6600808726741013,-19.985168671758327,70,2000
16,10.454022988505747,245.57112068965517,306.3326149425287,1655.0,1.4052598355406873,50909.63433908046,mChi_1,mCherry RNAi,0.3862046216036068,-0.6183744935293489,-20.541920786748875,70,2000
17,9.449419568822554,260.8457711442786,215.8922056384743,754.0,1.5455522442335374,23424.228855721394,mChi_1,mCherry RNAi,0.6033993213860527,-0.5735401889818721,-25.07084647002045,70,2000
18,10.148194271481943,296.0361145703611,287.3437110834371,990.0,1.4047683420876222,41241.79327521793,mChi_1,mCherry RNAi,0.42995519349487576,-0.4805664171937175,-24.978047558739675,70,2000
19,11.177777777777777,303.5400966183575,310.2260869565217,1398.0,1.6335199301703107,39350.717874396134,mChi_1,mCherry RNAi,0.37460678997133323,-0.46086571543595345,-23.874716518751416,70,2000
20,10.608915906788248,305.84093211752787,806.2036474164133,1204.0,1.6237032966320848,44221.108409321176,mChi_1,mCherry RNAi,-0.8202339332652486,-0.4740632556010044,-11.273306088630159,70,2000
21,9.695961995249407,193.3206650831354,457.0498812351544,1177.0,1.7100486856935722,15174.140142517816,mChi_1,mCherry RNAi,0.02514913510531902,-0.7663792990810071,-13.497118360449486,70,2000
22,10.477541371158392,242.64420803782505,429.6997635933806,974.0,1.687389175859683,39473.13238770686,mChi_1,mCherry RNAi,0.08915243142867113,-0.631133109332834,-16.991917704179627,70,2000
23,12.429203539823009,247.55641592920355,327.0564159292035,1258.0,1.73596412689097,19938.504424778763,mChi_1,mCherry RNAi,0.33633012208916413,-0.6133995946052124,-18.15785399634318,70,2000
24,11.740134744947065,272.45043310875843,304.47256977863333,1465.0,1.83206679102201,30169.95187680462,mChi_1,mCherry RNAi,0.38971517143006884,-0.5450103573510101,-21.23810137604734,70,2000
25,12.372319688109162,288.94541910331384,302.80896686159844,874.0,1.700422283954651,19525.315789473683,mChi_1,mCherry RNAi,0.39311749011625197,-0.49999961890080946,-21.83596236280014,70,2000
26,11.169741697416974,287.549815498155,211.31242312423123,1001.0,1.4080199865348413,29155.586715867157,mChi_1,mCherry RNAi,0.6134950272433113,-0.5004609077652005,-25.394634523558224,70,2000
27,11.771285475792988,299.15525876460765,250.64774624373956,745.0,1.4184591872612866,39134.599332220365,mChi_1,mCherry RNAi,0.5183278127430127,-0.4703409932772864,-24.57003710732856,70,2000
28,10.954091816367265,330.813373253493,253.2005988023952,1318.0,1.6126932055860843,33027.58383233533,mChi_1,mCherry RNAi,0.5108911851816245,-0.3845770126640794,-27.587569929119308,70,2000
29,12.065647482014388,337.6609712230216,276.69604316546764,1403.0,1.5830672090814795,41912.96942446043,mChi_1,mCherry RNAi,0.45409674723827753,-0.3666676830564086,-26.338932663062415,70,2000
30,11.66255924170616,451.0094786729858,185.91184834123223,1282.0,1.4168029376086158,58556.57251184834,mChi_1,mCherry RNAi,0.6683263365681367,-0.055206980163539865,-37.313847709356885,70,2000
31,12.05690440060698,223.25644916540213,562.6373292867981,1540.0,1.5860214176852812,54797.87784522003,mChi_1,mCherry RNAi,-0.2302134610978288,-0.6886878468384412,-10.452341288994317,70,2000
32,12.590939373750833,261.19653564290473,281.8520986009327,1908.0,1.6064283842148286,30294.16655562958,mChi_1,mCherry RNAi,0.4446960051982469,-0.5745412122129929,-20.19048595234569,70,2000
33,11.3283378746594,260.86512261580384,306.3106267029973,883.0,1.4356779928406525,32848.41416893733,mChi_1,mCherry RNAi,0.38571455697389334,-0.5766435791741293,-20.768064134562852,70,2000
34,11.209401709401709,265.06324786324785,742.5880341880342,1293.0,1.547508533963781,37781.82820512821,mChi_1,mCherry RNAi,-0.6653660122479035,-0.5822695343887414,-9.459132098411569,70,2000
35,14.876466528640442,264.2726017943409,324.2387853692201,2129.0,1.4633088324170398,37172.3823326432,mChi_1,mCherry RNAi,0.3426164190605603,-0.5673859849910372,-16.992867203523872,70,2000
36,12.169491525423728,280.114406779661,236.6271186440678,884.0,1.5513955880431987,26170.1709039548,mChi_1,mCherry RNAi,0.5528692826786554,-0.5214555065449642,-23.183805061246456,70,2000
37,11.766106442577032,294.19607843137254,799.1358543417367,880.0,1.5433256182969892,26992.331932773108,mChi_1,mCherry RNAi,-0.8026822315318597,-0.505202605823931,-9.474043018811486,70,2000
38,11.927927927927929,292.8858858858859,238.47147147147146,899.0,1.6622501768038636,27257.073573573573,mChi_1,mCherry RNAi,0.5479127449697818,-0.4868711384879495,-24.29138958389513,70,2000
39,13.31537598204265,296.2042648709315,224.46464646464648,1251.0,1.4050321505852004,33217.42424242424,mChi_1,mCherry RNAi,0.5816091222470698,-0.4770352901469491,-23.52265761536397,70,2000
40,12.949593495934959,301.1821138211382,206.34878048780487,1474.0,1.4723460502590335,39137.08699186992,mChi_1,mCherry RNAi,0.6250296386826548,-0.46287463391356554,-24.731530329060796,70,2000
41,12.741898148148149,308.1365740740741,235.6539351851852,1062.0,1.452524297010465,39039.43865740741,mChi_1,mCherry RNAi,0.5541545653819284,-0.4451607866614119,-24.64974707222626,70,2000
42,11.807980049875312,308.74812967581045,262.5810473815461,620.0,1.7756798583397906,25879.605985037408,mChi_1,mCherry RNAi,0.48921036100684256,-0.4447324723532379,-24.900898577438888,70,2000
43,12.789170506912443,314.66705069124424,248.87557603686636,1076.0,1.341448477348731,42509.5564516129,mChi_1,mCherry RNAi,0.5220540178681907,-0.42792181961344433,-24.715709335682877,70,2000
44,14.04037610619469,318.54424778761063,317.5553097345133,2854.0,1.6649750052976442,29634.78982300885,mChi_1,mCherry RNAi,0.35654392650151623,-0.4198181635398667,-21.899997832275577,70,2000
45,12.43013698630137,336.95342465753424,207.58356164383562,958.0,1.3800431214270301,22334.687671232878,mChi_1,mCherry RNAi,0.620625840340709,-0.36582400076687793,-27.782744787360617,70,2000
46,12.571428571428571,342.2250489236791,258.31311154598825,1293.0,1.7233589023072988,33473.75244618396,mChi_1,mCherry RNAi,0.4982308922931551,-0.3534496146421934,-26.6562966505956,70,2000
47,13.905078597339783,354.5459492140266,264.4582829504232,2115.0,1.2977582882395908,45398.72128174124,mChi_1,mCherry RNAi,0.4830299808188039,-0.3199476234532983,-26.045348629624872,70,2000
48,17.094835680751174,362.297965571205,279.9283255086072,4857.0,1.5819184294456308,36133.20532081377,mChi_1,mCherry RNAi,0.44566101775668554,-0.2988592878321309,-23.005259955053535,70,2000
49,12.75,412.4608108108108,186.4527027027027,910.0,1.4087021543774656,46296.887837837836,mChi_1,mCherry RNAi,0.6685967393043775,-0.15976206201316367,-33.44931632958114,70,2000
50,12.47986852917009,431.0706655710764,157.68364831552998,1447.0,1.4820612742168806,55719.280197206244,mChi_1,mCherry RNAi,0.7371522583967498,-0.10812518126316983,-35.82726959986843,70,2000
51,12.46611909650924,450.8459958932238,161.44455852156057,1251.0,1.4678340303441502,57463.818275154,mChi_1,mCherry RNAi,0.72731969602736,-0.0545392849014289,-37.15869013360437,70,2000
52,13.786018237082066,462.58784194528874,177.4224924012158,2357.0,1.7061546593698556,55962.063829787236,mChi_1,mCherry RNAi,0.6884552943584799,-0.022996824032924468,-36.25556687465272,70,2000
53,16.32537960954447,186.13340563991324,442.48481561822126,1343.0,1.3462522527675334,29143.907809110628,mChi_1,mCherry RNAi,0.060926265354452,-0.7840380312845299,-6.7630862201079704,70,2000
54,11.62849872773537,211.1679389312977,483.36641221374043,791.0,1.8034339883064174,13005.076335877862,mChi_1,mCherry RNAi,-0.03881937831102711,-0.7185293019742869,-12.14326477384062,70,2000
55,11.624649859943977,211.40056022408965,516.6778711484594,519.0,1.8368306488073132,13310.324929971988,mChi_1,mCherry RNAi,-0.11906966531246155,-0.7191967452088455,-11.268259198190155,70,2000
56,13.383744855967079,219.83024691358025,465.20061728395063,1593.0,1.7678188928756209,16016.380658436214,mChi_1,mCherry RNAi,0.004709294885931525,-0.6939380111679823,-11.50303436934965,70,2000
57,15.043023255813953,222.98720930232557,311.01627906976745,1133.0,1.4450230921683194,27830.86976744186,mChi_1,mCherry RNAi,0.37608980717950846,-0.6790219395240136,-14.220170557711638,70,2000
58,13.36963190184049,232.80981595092024,713.2085889570552,802.0,1.4523400575756593,24852.624233128834,mChi_1,mCherry RNAi,-0.5932025251858695,-0.6683411990278323,-5.780994646480671,70,2000
59,13.3025,257.27,226.00625,968.0,1.438366287434531,24291.0225,mChi_1,mCherry RNAi,0.5794156001826352,-0.5828934712298759,-20.70063944439174,70,2000
60,13.105092091007585,281.0693391115926,223.76381365113758,1127.0,1.3827770388422922,30498.9360780065,mChi_1,mCherry RNAi,0.5838753734027649,-0.518175229727113,-22.665280461980156,70,2000
61,13.324267782426778,298.8692468619247,272.64539748953973,1381.0,1.442532597246213,33579.71129707113,mChi_1,mCherry RNAi,0.465447329455527,-0.4716705493781844,-22.4097225691303,70,2000
62,13.867879746835444,334.2697784810127,327.9375,1710.0,1.6422654469048334,32489.958069620254,mChi_1,mCherry RNAi,0.3309102753832569,-0.37752609714587126,-22.92113407775506,70,2000
63,14.053050397877984,341.2102122015915,309.26193633952255,1815.0,1.4225033881555478,49287.14854111406,mChi_1,mCherry RNAi,0.37563657675079787,-0.35790240614749613,-23.736529236368455,70,2000
64,14.359916054564533,344.6159496327387,295.84260230849947,2465.0,1.5380686473805227,41939.03200419727,mChi_1,mCherry RNAi,0.4078472429414264,-0.3480645096503392,-24.035677106576554,70,2000
65,16.511854951185494,356.5290562529056,308.21617852161785,2900.0,1.3731135657228546,30736.95769409577,mChi_1,mCherry RNAi,0.3777100646606708,-0.3157525892115969,-22.41214550286109,70,2000
66,15.314250411861615,367.1136738056013,320.8953871499176,3189.0,1.7868614541917145,46422.212108731466,mChi_1,mCherry RNAi,0.34668043109053204,-0.2877209330850443,-24.02477990725457,70,2000
67,13.630952380952381,462.1622023809524,148.59970238095238,1713.0,1.4907974625426885,58143.86086309524,mChi_1,mCherry RNAi,0.7578908969377047,-0.023060115970213846,-37.15449986421007,70,2000
68,14.527027027027026,199.93980343980343,448.42628992628994,1000.0,1.514016311259198,25382.308353808356,mChi_1,mCherry RNAi,0.045963384315169664,-0.7471072741460254,-9.386990250619183,70,2000
69,15.24031690140845,190.90669014084506,430.38644366197184,1483.0,1.3627474737033707,41688.175176056335,mChi_1,mCherry RNAi,0.08981507982186177,-0.7708092503293132,-8.512675882249226,70,2000
70,13.416015625,217.90234375,352.21484375,706.0,1.711120431392944,17778.455078125,mChi_1,mCherry RNAi,0.27694781665221346,-0.6947651135485787,-14.370005295549138,70,2000
71,14.297872340425531,220.081351689612,398.0851063829787,966.0,1.3972528348252817,43440.583229036296,mChi_1,mCherry RNAi,0.16642477601063876,-0.6904592094996468,-12.413918600427937,70,2000
72,14.368809272918861,226.81664910432033,631.2855637513172,1113.0,1.598415240639139,42182.974710221286,mChi_1,mCherry RNAi,-0.39556938581513,-0.6812358193661778,-6.557151684588373,70,2000
73,12.77667493796526,245.95533498759306,289.6799007444169,604.0,1.8846871479663203,22646.749379652607,mChi_1,mCherry RNAi,0.4264471573357249,-0.6162246046471471,-18.701347868319875,70,2000
74,16.33994053518335,250.9524281466799,285.92666005946484,1464.0,1.3810460266424769,25021.86917740337,mChi_1,mCherry RNAi,0.4355142352092747,-0.6017992593302156,-15.607983096477845,70,2000
75,13.1125,257.69107142857143,261.2125,683.0,1.3701807886659405,24061.48392857143,mChi_1,mCherry RNAi,0.4945821946885711,-0.583159311898269,-19.973819657435726,70,2000
76,13.634464751958225,265.94386422976504,241.66579634464753,900.0,1.4262830197932943,30244.728459530026,mChi_1,mCherry RNAi,0.5413765755568085,-0.5598693926135008,-20.570987807698756,70,2000
77,16.555460750853243,279.41211604095565,297.63139931740614,1658.0,1.3653601310808487,24011.016211604096,mChi_1,mCherry RNAi,0.4062215509831628,-0.5248801298232677,-17.120324590072407,70,2000
78,14.602397602397602,280.2627372627373,250.08291708291708,1238.0,1.4320599715139735,32153.966033966033,mChi_1,mCherry RNAi,0.5206022083437478,-0.5210988125751315,-20.406952020325022,70,2000
79,16.027431421446384,279.9413965087282,264.2630922693267,1086.0,1.5847395769073698,27297.33416458853,mChi_1,mCherry RNAi,0.4865459658657112,-0.522244723061151,-18.581837275789887,70,2000
80,14.403490759753593,288.4466119096509,286.5544147843942,1176.0,1.4787942304094792,49038.33059548255,mChi_1,mCherry RNAi,0.4324173064489043,-0.5003219763557964,-20.211955426959644,70,2000
81,15.477124183006536,305.202614379085,256.73856209150324,775.0,1.4797539498578596,25810.12254901961,mChi_1,mCherry RNAi,0.5036502704398815,-0.4534175680965904,-21.145227395142317,70,2000
82,15.010108864696734,332.4836702954899,836.898133748056,1551.0,1.4872713573346605,38750.80015552099,mChi_1,mCherry RNAi,-0.8949382466321978,-0.4019988610926424,-7.971404744902019,70,2000
83,13.655707762557078,379.4767123287671,217.5771689497717,1437.0,1.5951172535182323,33151.10136986301,mChi_1,mCherry RNAi,0.5949684088568263,-0.2504247702193576,-29.3430257382575,70,2000
84,14.765998089780325,393.50429799426934,168.74785100286533,1304.0,1.5382919434697024,29545.219675262655,mChi_1,mCherry RNAi,0.7121100356535717,-0.21018572668062474,-30.555144127836492,70,2000
85,15.233054074638233,404.0967250571211,227.04798172124904,1605.0,1.5311799021828942,49286.00304645849,mChi_1,mCherry RNAi,0.5712914204991739,-0.1835843268387104,-29.282115520093253,70,2000
86,14.868667917448406,424.09099437148217,172.8517823639775,1300.0,1.4512685141392836,53806.68292682927,mChi_1,mCherry RNAi,0.701036160763197,-0.12721274164796326,-32.53694784722563,70,2000
87,14.305982905982907,432.29487179487177,139.2051282051282,1490.0,1.6913990630701194,42110.16752136752,mChi_1,mCherry RNAi,0.7817291504566932,-0.10371921800685246,-34.59112578640505,70,2000
88,13.482464454976304,447.7118483412322,201.59620853080568,1333.0,1.4714267062535786,52032.45213270142,mChi_1,mCherry RNAi,0.6307875841951003,-0.06442134344569705,-34.8410448174578,70,2000
89,15.37194127243067,242.4241435562806,312.76672104404565,808.0,1.5583732575290747,25859.177814029365,mChi_1,mCherry RNAi,0.3711345898032632,-0.626209813175183,-15.239700732385309,70,2000
90,14.950920245398773,261.6920245398773,521.1914110429448,948.0,1.7386591141737042,39533.815950920245,mChi_1,mCherry RNAi,-0.13169953678866053,-0.582062530099077,-11.438682156578,70,2000
91,16.26396648044693,285.44692737430165,416.37849162011173,1112.0,1.6092389065541524,16582.86592178771,mChi_1,mCherry RNAi,0.11992859268216494,-0.513168969969154,-14.651587896282035,70,2000
92,17.01092043681747,293.39313572542903,266.43369734789394,859.0,1.4404516611971976,23764.302652106086,mChi_1,mCherry RNAi,0.4808531009616872,-0.4855837894792526,-18.508005921180725,70,2000
93,15.223463687150838,312.14385474860336,285.53212290502796,907.0,1.4632277812647703,37559.63826815642,mChi_1,mCherry RNAi,0.43400518956671164,-0.4357287324052891,-21.122079188028263,70,2000
94,14.842900302114804,310.7069486404834,197.88519637462235,783.0,1.4395473624674944,25052.91238670695,mChi_1,mCherry RNAi,0.6451624232724547,-0.43629075128881667,-23.7546980332793,70,2000
95,16.48381128584644,317.1896392229417,297.0804810360777,1379.0,1.2398621675418853,45699.228492136914,mChi_1,mCherry RNAi,0.4060686290652442,-0.4222203892951676,-19.916993910658107,70,2000
96,14.893577981651376,325.0495412844037,412.6018348623853,1556.0,1.7380088508663571,21709.43394495413,mChi_1,mCherry RNAi,0.12739387466941432,-0.4056794764867727,-18.960842763286216,70,2000
97,15.119266055045872,317.72935779816515,777.0642201834862,829.0,1.443877365949151,28893.69266055046,mChi_1,mCherry RNAi,-0.7502266796642791,-0.43973622064397044,-8.412545270115817,70,2000
98,14.892518440463647,335.76080084299264,342.16438356164383,1148.0,1.7316131629973268,29766.758693361433,mChi_1,mCherry RNAi,0.29664585373552343,-0.3738278301268473,-21.62401322552117,70,2000
99,16.391304347826086,334.02766798418975,285.67391304347825,862.0,1.4664236779313373,29512.393280632412,mChi_1,mCherry RNAi,0.4328814660468847,-0.37604009757722845,-21.52395508522463,70,2000
100,14.276218611521418,340.3515509601182,192.15214180206794,911.0,1.7078257823464473,26777.83161004431,mChi_1,mCherry RNAi,0.6577791790562408,-0.3556257529000115,-26.600747302439423,70,2000
101,16.87977632805219,342.6551724137931,272.50326188257225,1508.0,1.5249996096164007,33054.866728797766,mChi_1,mCherry RNAi,0.4643004336811749,-0.35198716045497613,-22.009990504125874,70,2000
102,15.008938547486034,351.5262569832402,246.11731843575419,1170.0,1.7226367842589907,25619.10837988827,mChi_1,mCherry RNAi,0.5273964078653581,-0.3272208932950418,-25.221151673061293,70,2000
103,14.106044538706257,371.71049840933193,338.5344644750795,1232.0,1.9373532377044584,25701.998939554614,mChi_1,mCherry RNAi,0.3039366326493882,-0.27615528971100867,-25.08503968142188,70,2000
104,14.824585635359115,371.98618784530385,201.4185082872928,911.0,1.5724015910780142,22299.295580110498,mChi_1,mCherry RNAi,0.6342567447598721,-0.26991887598844655,-28.074565418377176,70,2000
105,14.855524079320114,395.12936732766764,207.07932011331445,1455.0,1.9343321982645494,34146.49669499528,mChi_1,mCherry RNAi,0.6197189153730429,-0.2072468599488997,-29.551985882172755,70,2000
106,17.189479060265576,399.8702757916241,189.88917262512769,2598.0,1.7685532241659714,44171.018896833506,mChi_1,mCherry RNAi,0.661086562715617,-0.1932354097004071,-28.027170571225074,70,2000
107,17.118113706478624,413.39841339797266,201.0026443367122,3000.0,1.5539533420744844,53596.96562362274,mChi_1,mCherry RNAi,0.6337835044047873,-0.15692292082697157,-28.770157464978197,70,2000
108,15.810096153846153,426.20552884615387,185.74519230769232,1031.0,1.4094800395072398,49000.83533653846,mChi_1,mCherry RNAi,0.6699542993015939,-0.12178458046974161,-31.40337652360202,70,2000
109,14.820925553319919,440.9627766599598,186.90342052313883,1276.0,1.6108842841490156,50037.36016096579,mChi_1,mCherry RNAi,0.6665264896107539,-0.08192452564559582,-33.41728871295561,70,2000
110,15.364705882352942,455.255614973262,134.53582887700534,1161.0,1.4806490220022115,50170.46737967915,mChi_1,mCherry RNAi,0.7921455819968972,-0.040938126619392334,-35.308404546844486,70,2000
111,15.017119838872105,456.4813695871098,212.33534743202418,1206.0,1.5971732252691613,55293.1641490433,mChi_1,mCherry RNAi,0.6046718807046088,-0.04070906648988393,-33.65137936327528,70,2000
112,16.156373193166885,455.6241787122208,168.77923784494087,1012.0,1.5605749301331984,62444.03547963206,mChi_1,mCherry RNAi,0.7096945268209165,-0.04111612639480511,-33.624920453480215,70,2000
113,16.619101123595506,470.2297752808989,220.56179775280899,2417.0,1.733170512988008,41228.50730337079,mChi_1,mCherry RNAi,0.5844184821573395,-0.003356532397402745,-32.819355578713385,70,2000
114,15.251626898047723,478.2776572668113,146.37418655097613,1176.0,1.5973452051649915,55668.17245119306,mChi_1,mCherry RNAi,0.7627230033501593,0.021135556416226553,-36.75465301851062,70,2000
115,15.269689737470166,193.38663484486872,266.81861575179,524.0,1.5179812018870096,20504.718377088306,mChi_1,mCherry RNAi,0.48372379645719565,-0.7576873868302857,-13.058614903363177,70,2000
116,15.294117647058824,195.50117647058823,471.03764705882355,582.0,1.4785522301817866,14774.668235294117,mChi_1,mCherry RNAi,-0.008282039039113731,-0.7598990949331964,-7.6958214182043285,70,2000
117,14.717488789237668,219.41928251121075,244.51793721973095,605.0,1.5655000572631863,13895.45067264574,mChi_1,mCherry RNAi,0.5363907805928474,-0.686188299156596,-16.076477380463093,70,2000
118,16.33184855233853,230.65256124721603,321.42761692650333,540.0,1.4145847090802086,22672.672605790645,mChi_1,mCherry RNAi,0.3507915656391005,-0.6583455519702172,-13.2052043445595,70,2000
119,17.439473684210526,246.30087719298245,298.8122807017544,1418.0,1.4159063242480785,28479.702631578948,mChi_1,mCherry RNAi,0.40472523300350716,-0.6147251048982127,-13.831535429072641,70,2000
120,16.18019257221458,253.4662998624484,699.1581843191196,880.0,1.3260317627613405,47130.449793672626,mChi_1,mCherry RNAi,-0.5599899411064488,-0.611111297217775,-4.838459970146445,70,2000
121,15.715492957746479,254.34366197183098,238.67042253521126,875.0,1.352473448017953,21430.394366197183,mChi_1,mCherry RNAi,0.5491742559854087,-0.5908645816088975,-17.744324865032958,70,2000
122,16.5416164053076,258.37876960193006,250.28468033775633,1030.0,1.3254839479363896,28895.34378769602,mChi_1,mCherry RNAi,0.5210914493013397,-0.5801904672282696,-16.897902797419917,70,2000
123,16.575635876840696,264.16064257028114,191.6231593038822,1836.0,1.5389818288545951,22157.258366800535,mChi_1,mCherry RNAi,0.6621721678528067,-0.5621856129660652,-18.855849437147832,70,2000
124,17.09689440993789,275.7416149068323,228.72422360248447,1154.0,1.8099719067152957,24471.904347826086,mChi_1,mCherry RNAi,0.5723828244851259,-0.5320608638653754,-18.16961054578692,70,2000
125,15.838961038961038,275.91948051948054,280.23636363636365,1023.0,1.4909635715051772,26084.372727272726,mChi_1,mCherry RNAi,0.44821477464336335,-0.5338332544535125,-18.05177414850935,70,2000
126,16.56186612576065,287.53752535496955,234.8478701825558,672.0,1.4592475083377052,22630.150101419877,mChi_1,mCherry RNAi,0.5571381517150926,-0.500351931274179,-19.38476014489674,70,2000
127,15.920318725099602,291.01792828685257,251.73505976095618,619.0,1.4429585171892356,27695.39641434263,mChi_1,mCherry RNAi,0.5162843242248667,-0.491679214396766,-19.82014082592868,70,2000
128,16.546296296296298,299.92824074074076,230.90972222222223,805.0,1.6235425377001838,31185.65740740741,mChi_1,mCherry RNAi,0.5661394721817528,-0.46653232599721983,-20.395151213890628,70,2000
129,17.633566433566433,313.3020979020979,242.44755244755245,971.0,1.4234454591300831,31000.867132867133,mChi_1,mCherry RNAi,0.5378922361104466,-0.4304278387545465,-19.960430977823577,70,2000
130,16.042821158690177,324.5675902602855,186.20403022670024,1507.0,1.6042492688293333,28745.558354324097,mChi_1,mCherry RNAi,0.672833315435408,-0.3979360973225058,-23.86679442507394,70,2000
131,17.085271317829456,326.3241719520789,365.05919661733617,1790.0,1.3239229912904622,47757.90768146582,mChi_1,mCherry RNAi,0.24200144029132376,-0.3999314439407762,-18.145161443698434,70,2000
132,16.50602409638554,324.0578313253012,262.9987951807229,1132.0,1.5417951475187273,36731.97228915663,mChi_1,mCherry RNAi,0.48789804124120884,-0.40222436266071027,-21.30385729554017,70,2000
133,16.168054504163514,354.7857683573051,193.48675246025738,1704.0,1.5961561978875314,36608.155185465555,mChi_1,mCherry RNAi,0.6541181343364633,-0.3160839846931335,-25.714203469441305,70,2000
134,17.63625450180072,379.96158463385353,209.44297719087635,1073.0,1.500397800716561,29322.80432172869,mChi_1,mCherry RNAi,0.6147905325168783,-0.24800758090634945,-25.627644481985342,70,2000
135,17.524645892351273,386.5484419263456,154.9926345609065,2314.0,1.7255607213087765,32523.70878186969,mChi_1,mCherry RNAi,0.745686833739547,-0.22800817200319945,-27.675334483327497,70,2000
136,17.637702503681886,390.3917525773196,222.4617083946981,1696.0,1.4862345240020738,37948.0648011782,mChi_1,mCherry RNAi,0.5830235928460741,-0.22017313309819453,-26.02454207314136,70,2000
137,17.58179581795818,406.4661746617466,214.87822878228783,2248.0,1.5145316591232552,53195.280442804426,mChi_1,mCherry RNAi,0.600659437304367,-0.17620964329313726,-27.437445678789317,70,2000
138,16.139118457300274,421.1246556473829,130.77961432506888,1819.0,1.4918725418305638,41621.431818181816,mChi_1,mCherry RNAi,0.8025748063454412,-0.13338302657583923,-32.18845886962189,70,2000
139,18.31711273317113,425.2250608272506,224.3609083536091,3220.0,1.779514274688231,54582.097323600974,mChi_1,mCherry RNAi,0.5771304679787153,-0.12546154998243086,-27.795253094752475,70,2000
140,16.286181520850366,430.4055600981194,203.13491414554375,1502.0,1.507361765556429,47921.562551103845,mChi_1,mCherry RNAi,0.6279313071410799,-0.11095631327859368,-30.76253091249108,70,2000
141,18.46002538071066,452.39340101522845,118.78109137055837,2052.0,1.2214350256176472,55402.31535532995,mChi_1,mCherry RNAi,0.8303998748555119,-0.04749283086687428,-32.44037332649415,70,2000
142,17.281690140845072,457.3393085787452,197.37131882202306,1081.0,1.512094678717822,57725.08962868118,mChi_1,mCherry RNAi,0.6408245824152314,-0.03734919025478434,-31.85730763409022,70,2000
143,18.11013767209011,466.1639549436796,142.90112640801001,1155.0,1.436700497414406,60048.27659574468,mChi_1,mCherry RNAi,0.7717397067859222,-0.011083494935027471,-33.12879282316405,70,2000
144,16.205580029368576,467.6108663729809,159.30396475770925,848.0,1.4569161377645896,58010.411160058735,mChi_1,mCherry RNAi,0.7320535331785989,-0.008165758364983677,-34.69059556581581,70,2000
145,16.880358923230308,468.5134596211366,204.92821535393819,1214.0,1.5282375532036703,55481.67996011964,mChi_1,mCherry RNAi,0.6221600759417176,-0.00735935460785464,-32.856012901389896,70,2000
146,16.443486590038315,472.9798850574713,172.6494252873563,1320.0,1.5298577691895674,56542.63697318007,mChi_1,mCherry RNAi,0.6997119378517149,0.005949842761916013,-34.47982427866688,70,2000
147,16.98904538341158,482.48748043818466,199.414710485133,1623.0,1.7253507747705041,56868.21987480438,mChi_1,mCherry RNAi,0.6349020110070174,0.030848393282104203,-33.89846148569747,70,2000
148,15.961340206185566,496.8170103092784,197.46219931271477,1558.0,1.7011462329648885,49426.122852233675,mChi_1,mCherry RNAi,0.6389816917057449,0.069659925833091,-36.003735518747916,70,2000
149,17.126436781609197,615.2292089249493,284.72954699121027,1902.0,1.6610791413674593,57130.29006085193,mChi_1,mCherry RNAi,0.42421868069132973,0.3882463283668016,-40.991707467211455,70,2000
150,17.33009708737864,635.1490984743411,281.16158113730927,2017.0,1.781293806299003,60601.167128987516,mChi_1,mCherry RNAi,0.43204784846571087,0.4425535191659933,-42.31375581457256,70,2000
151,17.47172859450727,194.48142164781908,414.8239095315024,753.0,1.405545463707325,25312.940226171246,mChi_1,mCherry RNAi,0.1273012935872071,-0.7600502542402638,-6.9626767068792255,70,2000
152,18.21330275229358,220.93233944954127,471.7133027522936,1325.0,1.3756337982708606,21284.285550458717,mChi_1,mCherry RNAi,-0.010721471746334865,-0.6902478259429876,-6.591660001511574,70,2000
153,16.52212389380531,225.11757269279394,412.3969658659924,1023.0,1.559043444035744,26042.869785082174,mChi_1,mCherry RNAi,0.1318917354161666,-0.6768951126310103,-10.172783656432445,70,2000
154,16.550061804697158,235.13597033374538,280.37206427688506,944.0,1.5039624335379056,28388.02348578492,mChi_1,mCherry RNAi,0.44952501979069925,-0.6445192281022764,-14.413025530301567,70,2000
155,16.820910973084885,248.85507246376812,341.70910973084887,1139.0,1.4356740071769871,38935.4917184265,mChi_1,mCherry RNAi,0.30125674068154384,-0.6095787345750393,-13.478312904854725,70,2000
156,16.851039260969976,266.08891454965357,212.75173210161662,1098.0,1.7007519291709206,23748.699769053117,mChi_1,mCherry RNAi,0.6112192567819839,-0.5577155913333944,-18.151590352757175,70,2000
157,16.620396600566572,268.4560906515581,255.93201133144476,881.0,1.3879453162371473,30042.461756373938,mChi_1,mCherry RNAi,0.5070993960855472,-0.5530121986799119,-17.3905498517909,70,2000
158,17.44818652849741,295.4753886010363,138.85362694300517,935.0,1.4990422081550074,17566.647668393784,mChi_1,mCherry RNAi,0.7881150406740631,-0.4748655155607904,-21.65123592616717,70,2000
159,16.188439306358383,310.6878612716763,386.09248554913296,1141.0,1.872743973010469,30000.805780346822,mChi_1,mCherry RNAi,0.1918912529663812,-0.4434161482852984,-17.35204938048593,70,2000
160,16.708571428571428,310.2838095238095,270.83238095238096,686.0,1.3943653550808437,25816.205714285716,mChi_1,mCherry RNAi,0.4695790008096714,-0.4399179307059453,-19.903066895924816,70,2000
161,16.658892128279884,322.3819241982507,200.20408163265307,507.0,1.663421325886757,23609.102040816328,mChi_1,mCherry RNAi,0.6392335070400945,-0.40429991876627736,-22.719347428483463,70,2000
162,18.54863481228669,325.7414675767918,247.11348122866895,1608.0,1.5444209727008358,34367.243174061434,mChi_1,mCherry RNAi,0.5262239014699013,-0.3966285439072592,-19.81510140943172,70,2000
163,16.82751540041068,339.0030800821355,166.48665297741272,1147.0,1.4199587856638087,29930.348049281314,mChi_1,mCherry RNAi,0.7198136561225412,-0.3577877176654277,-24.650182983620798,70,2000
164,16.60613810741688,342.6479113384484,180.24040920716112,1466.0,1.4397720870477309,34538.06905370844,mChi_1,mCherry RNAi,0.6865273591484005,-0.34846343383046663,-24.762663932214892,70,2000
165,17.205440900562852,350.47373358348966,163.7701688555347,1251.0,1.4499047185188993,31148.715759849907,mChi_1,mCherry RNAi,0.7259326080594906,-0.3264384611200569,-25.169381061065014,70,2000
166,17.801346801346803,341.94444444444446,257.6936026936027,874.0,1.4643194721320891,26741.057239057238,mChi_1,mCherry RNAi,0.5000591071874574,-0.35315983092705117,-21.43827387887059,70,2000
167,18.121387283236995,350.72447013487476,146.83622350674375,1296.0,1.5522415453117377,26530.28323699422,mChi_1,mCherry RNAi,0.7667703797898531,-0.3249168387344278,-24.72936260940951,70,2000
168,17.78058727569331,357.15334420880913,175.7430668841762,1541.0,1.6240255385424285,33355.81239804241,mChi_1,mCherry RNAi,0.6968670202964968,-0.3086417958776355,-24.753291633248047,70,2000
169,17.04957805907173,385.457805907173,182.0084388185654,1206.0,1.4091648494934357,30703.2858649789,mChi_1,mCherry RNAi,0.6806239838271717,-0.2321184555755036,-27.344473191816196,70,2000
170,17.383190883190885,405.0519943019943,269.9337606837607,1788.0,1.6326879247939967,35842.78632478633,mChi_1,mCherry RNAi,0.468084038211003,-0.18223798657073087,-26.0539111465166,70,2000
171,17.28652321630804,438.8097395243488,166.5673839184598,1088.0,1.3526858995704791,50590.51302378256,mChi_1,mCherry RNAi,0.7157494308643406,-0.08649736502947603,-31.351171452455098,70,2000
172,18.692576419213975,484.73711790393014,155.6052401746725,1370.0,1.3629603225952536,59748.530131004365,mChi_1,mCherry RNAi,0.7404486703594781,0.03900428106755016,-33.53910011103897,70,2000
173,17.925311203319502,488.25892116182575,171.3103734439834,1590.0,1.4417827227629858,59712.13112033195,mChi_1,mCherry RNAi,0.7024327625858782,0.047810867878522956,-34.134577371385745,70,2000
174,17.16857142857143,153.42,479.9085714285714,578.0,1.5509889454081676,14607.65142857143,mChi_1,mCherry RNAi,-0.027890311680029645,-0.8742230830121813,-2.5692013977775545,70,2000
175,18.5947242206235,156.9304556354916,462.8621103117506,1072.0,1.5425875418448087,18511.58393285372,mChi_1,mCherry RNAi,0.01312287307401827,-0.8637391859250242,-1.857375822675607,70,2000
176,18.02929427430093,165.0133155792277,529.4540612516645,908.0,1.481782533621846,41666.315579227696,mChi_1,mCherry RNAi,-0.14763529521667362,-0.8444832584171346,-1.2108302871119463,70,2000
177,18.986928104575163,198.6477850399419,538.0297748729121,1678.0,1.5481026731699545,46330.35657225853,mChi_1,mCherry RNAi,-0.1695467574123105,-0.7532348810645464,-2.4386336576368848,70,2000
178,18.13061224489796,237.30884353741496,359.3360544217687,887.0,1.3946163360845192,24540.648979591835,mChi_1,mCherry RNAi,0.25932914561506504,-0.6413829387750262,-10.870179195031605,70,2000
179,17.718670076726344,246.44245524296676,383.88363171355496,943.0,1.7584418172214111,29096.392583120203,mChi_1,mCherry RNAi,0.19981636495158184,-0.6176023707154297,-11.27629067251326,70,2000
180,18.047430830039527,247.7391304347826,264.44071146245057,633.0,1.4523721150275117,22508.316205533596,mChi_1,mCherry RNAi,0.4875014003250442,-0.6093573270731227,-14.252588164307184,70,2000
181,17.561023622047244,246.3464566929134,463.78937007874015,607.0,1.6415104183312834,19519.273622047243,mChi_1,mCherry RNAi,0.007332609080933361,-0.6210096731737311,-9.278429710902492,70,2000
182,17.92822384428224,266.69099756690997,416.87226277372264,984.0,1.5722114781536656,35650.132603406324,mChi_1,mCherry RNAi,0.1195751807478942,-0.5638262880984228,-11.633268618945575,70,2000
183,18.046625766871166,280.0079754601227,377.19693251533744,2020.0,1.6136457341278343,19064.830674846628,mChi_1,mCherry RNAi,0.21463271543231577,-0.5260700637204974,-13.537283435541836,70,2000
184,18.61482254697286,287.23799582463465,768.7369519832986,1169.0,1.4480682389276527,40830.88308977035,mChi_1,mCherry RNAi,-0.728759727868934,-0.5215781408894662,-2.9634707708359898,70,2000
185,17.437847866419293,291.7031539888683,172.71799628942486,682.0,1.45144293114203,17616.768089053803,mChi_1,mCherry RNAi,0.706688917492075,-0.48643813211889386,-20.48050087395039,70,2000
186,18.774058577405857,291.9637377963738,187.96931659693166,956.0,1.3795688977395644,18665.386331938633,mChi_1,mCherry RNAi,0.670024242081543,-0.48606201110505487,-18.756903149189643,70,2000
187,18.14660633484163,305.8452488687783,402.76108597285065,1304.0,1.4738764395854491,43982.282352941176,mChi_1,mCherry RNAi,0.15205058898850687,-0.45683986494576323,-14.604083483286288,70,2000
188,17.88410104011887,307.8855869242199,146.55274888558694,833.0,1.7601167191045974,17512.04011887073,mChi_1,mCherry RNAi,0.769111687004556,-0.4413579426703552,-21.90001555463183,70,2000
189,17.938084112149532,313.2102803738318,214.01401869158877,1026.0,1.3362234696249862,26019.655373831774,mChi_1,mCherry RNAi,0.606405713482959,-0.42950887117183245,-20.414617446177257,70,2000
190,19.224052718286657,328.69686985172984,737.7355848434926,1389.0,1.3148465788740367,52719.714168039536,mChi_1,mCherry RNAi,-0.6556647952774548,-0.40759402998961003,-6.164006012356134,70,2000
191,18.72543352601156,331.21965317919074,194.84682080924856,1290.0,1.5602842462338662,35075.992292870906,mChi_1,mCherry RNAi,0.6519213519110048,-0.3796701573483473,-21.436982805950763,70,2000
192,17.374541003671972,369.1468788249694,184.984088127295,1064.0,1.6417401265461309,25190.396572827416,mChi_1,mCherry RNAi,0.6741134813139757,-0.2764920499601725,-25.77021092988739,70,2000
193,18.21664275466284,365.41893830703015,242.51793400286945,892.0,1.452265661313782,23736.13342898135,mChi_1,mCherry RNAi,0.5357233346581174,-0.28869958423029785,-23.116397688077527,70,2000
194,17.74915824915825,375.3459595959596,169.73569023569024,1440.0,1.44239032665536,34959.1936026936,mChi_1,mCherry RNAi,0.7106251207004752,-0.25897920747162995,-26.251391941482943,70,2000
195,18.232913669064747,373.9568345323741,226.9064748201439,1386.0,1.4178138323714433,32282.86061151079,mChi_1,mCherry RNAi,0.5729959024541456,-0.2648877998753414,-24.132434814253866,70,2000
196,19.075581395348838,371.3217054263566,267.65213178294573,1338.0,1.516723926449592,33481.82751937985,mChi_1,mCherry RNAi,0.47500265818093057,-0.2734711843074086,-22.007790563417526,70,2000
197,17.832495812395308,379.1356783919598,249.87939698492463,798.0,1.549523362198611,23487.80067001675,mChi_1,mCherry RNAi,0.5174313489049351,-0.25178980832015974,-24.28564601191636,70,2000
198,19.545499262174125,386.88342351205114,298.50418101328086,2620.0,1.4166892303692107,26327.695031972453,mChi_1,mCherry RNAi,0.40010733080760263,-0.23229605831297273,-21.826343766342195,70,2000
199,18.919038583175205,386.1511701454775,264.6932321315623,1987.0,1.5936263681130485,39985.82099936749,mChi_1,mCherry RNAi,0.48154114267808423,-0.23309069183172448,-23.307387154547154,70,2000
200,17.640625,391.88671875,238.466796875,672.0,1.5526517596692893,23234.7734375,mChi_1,mCherry RNAi,0.5444121727942717,-0.21673433219902138,-25.69861244092643,70,2000
201,18.382332643202208,398.15389924085576,255.1504485852312,1715.0,1.4972568329246283,42406.895100069014,mChi_1,mCherry RNAi,0.5040257349426533,-0.2002092828676264,-24.960218605766556,70,2000
202,18.938947368421054,400.3566315789474,372.64715789473684,2872.0,1.652301526145807,37731.163789473685,mChi_1,mCherry RNAi,0.22094708551221443,-0.1986955036665864,-21.404541013936427,70,2000
203,17.70028275212064,408.5353440150801,343.951932139491,2573.0,1.617506818472801,33281.61357210179,mChi_1,mCherry RNAi,0.28967200589433695,-0.17559629846041458,-23.99779363474331,70,2000
204,17.468671679197996,417.49874686716794,365.84147869674183,1782.0,1.5153809999727774,36373.515664160404,mChi_1,mCherry RNAi,0.23657976864632246,-0.15213915223897845,-24.28334966174959,70,2000
205,19.60672514619883,427.953216374269,137.69590643274853,1005.0,1.5167520005740125,43628.649122807015,mChi_1,mCherry RNAi,0.7858635331006862,-0.1144158603995834,-29.035038131781906,70,2000
206,17.824013157894736,429.86842105263156,153.29440789473685,910.0,1.8506784371150131,49942.06907894737,mChi_1,mCherry RNAi,0.7481041343883288,-0.11017032383073133,-30.530575464949457,70,2000
207,19.985247629083247,465.03793466807167,132.15806111696523,1241.0,1.2556453933450138,60214.94942044257,mChi_1,mCherry RNAi,0.7977782014308985,-0.013355736989063005,-31.467218894335247,70,2000
208,18.64718309859155,467.71408450704223,285.38028169014086,1654.0,1.4309339131118208,56395.93802816902,mChi_1,mCherry RNAi,0.42850737526851757,-0.012320915472677774,-28.874185917607857,70,2000
209,18.222360248447206,478.57142857142856,185.9975155279503,1253.0,1.6533872903482125,55350.23850931677,mChi_1,mCherry RNAi,0.667451069046646,0.02097293275056633,-32.74851032429334,70,2000
210,19.05923000987167,478.65449160908196,131.7147087857848,1210.0,1.2565300902350476,55904.92497532083,mChi_1,mCherry RNAi,0.7982567720094631,0.023479593215216088,-33.379379019127164,70,2000
211,18.779205607476637,497.74182242990656,183.2429906542056,1046.0,1.5263689749746565,54550.344626168226,mChi_1,mCherry RNAi,0.6733720326045605,0.07328124394722857,-33.64276957138856,70,2000
212,18.917905623787977,607.3180349062702,233.30122818358112,2033.0,1.5808047409008459,58711.325791855204,mChi_1,mCherry RNAi,0.5485200240485559,0.3691067218717279,-40.02048247386749,70,2000
213,18.31307929969104,610.6364572605561,267.43872296601444,1156.0,1.4738124109498068,50913.08959835221,mChi_1,mCherry RNAi,0.46612210425701384,0.3766739352509145,-39.94387757015503,70,2000
214,18.83848797250859,607.290950744559,253.15234822451316,1076.0,1.340210281961533,45062.32302405498,mChi_1,mCherry RNAi,0.5006985785583382,0.3682435361274534,-39.56405327876442,70,2000
215,18.74600355239787,624.0959147424511,257.4964476021314,1610.0,1.6769474003026936,46881.96625222025,mChi_1,mCherry RNAi,0.48957234964033947,0.4137198808089748,-40.7451845715494,70,2000
216,19.397196261682243,108.89953271028037,513.6892523364486,677.0,1.6456227504325271,15527.369158878504,mChi_1,mCherry RNAi,-0.10738416291019359,-0.996076908707673,3.7552248333547453,70,2000
217,19.4438202247191,164.1876404494382,596.2471910112359,1072.0,1.3098223808889458,21263.8797752809,mChi_1,mCherry RNAi,-0.30840708218428414,-0.8490529895054435,2.0544191778291,70,2000
218,17.94420600858369,207.8125894134478,411.81974248927037,812.0,1.4602192821570035,25340.789699570814,mChi_1,mCherry RNAi,0.13404642557807667,-0.7236156439984673,-7.528820878201291,70,2000
219,19.306521739130435,209.9913043478261,463.995652173913,1120.0,1.5316283368318722,33600.12608695652,mChi_1,mCherry RNAi,0.008364147943530797,-0.7194619378994687,-4.924147760581864,70,2000
220,18.451661631419938,215.44108761329306,420.44108761329306,768.0,1.4971301929320369,20915.296072507554,mChi_1,mCherry RNAi,0.11301282249783018,-0.7031232122242896,-7.338404871172493,70,2000
221,20.266129032258064,230.34274193548387,383.52923387096774,1282.0,1.4972804380350015,41043.188508064515,mChi_1,mCherry RNAi,0.2014571635359086,-0.6608352964898876,-7.590743103179481,70,2000
222,18.9024024024024,237.75375375375376,403.15315315315314,844.0,1.493917365398545,25156.28078078078,mChi_1,mCherry RNAi,0.1538126775478874,-0.6417306607888225,-8.95461590161075,70,2000
223,19.289241622574956,263.968253968254,278.92768959435625,768.0,1.3741001815255964,24782.303350970018,mChi_1,mCherry RNAi,0.4520483093575478,-0.5655788683750351,-13.789354220017184,70,2000
224,20.26139088729017,286.15187849720223,201.41966426858514,1505.0,1.3976621121248614,21639.44764188649,mChi_1,mCherry RNAi,0.6379443367157571,-0.5020865301845625,-16.495365825868415,70,2000
225,20.054179566563466,298.40557275541795,239.36996904024767,867.0,1.4247207336797956,24953.673374613005,mChi_1,mCherry RNAi,0.5460377937696508,-0.47031011887866425,-16.560890493717253,70,2000
226,18.85036496350365,297.7554744525547,200.3029197080292,673.0,1.4890626220474883,22491.58394160584,mChi_1,mCherry RNAi,0.6400934664649869,-0.4707900806004107,-18.76478811552441,70,2000
227,19.916067146282973,296.88009592326136,223.13908872901678,1068.0,1.3756068743298477,27988.363309352517,mChi_1,mCherry RNAi,0.5851858946300736,-0.473849598566631,-17.025493719473463,70,2000
228,19.35670356703567,310.7650676506765,225.17835178351783,958.0,1.3930363840060629,28056.469864698647,mChi_1,mCherry RNAi,0.5796966167113606,-0.436309625690967,-18.52459379043055,70,2000
229,19.83748645720477,319.17334777898157,232.36728060671723,1178.0,1.447456204930409,35743.619718309856,mChi_1,mCherry RNAi,0.562081317398208,-0.41364769789165323,-18.455227591542528,70,2000
230,21.344242424242424,323.0618181818182,277.08,1279.0,1.3206729838729974,25657.420606060605,mChi_1,mCherry RNAi,0.45431863919321747,-0.40452871882698904,-16.029846112326958,70,2000
231,18.61501210653753,330.6585956416465,313.61259079903147,594.0,1.639021189584936,20510.946731234868,mChi_1,mCherry RNAi,0.36585227773439866,-0.3858469939449024,-18.313970323966718,70,2000
232,18.682795698924732,332.94354838709677,220.99193548387098,904.0,1.456581739617408,26441.462365591397,mChi_1,mCherry RNAi,0.5888727668189324,-0.376013598038921,-20.900303792336437,70,2000
233,20.015192135835566,343.50848972296694,432.4982126899017,2682.0,1.5446375133032515,52594.1800714924,mChi_1,mCherry RNAi,0.07906455934269951,-0.35529015015805077,-14.643768806662582,70,2000
234,19.062734082397004,362.3941947565543,157.24063670411985,1333.0,1.634309993986825,30042.1404494382,mChi_1,mCherry RNAi,0.7413108227402787,-0.2934274625435891,-24.34834092724183,70,2000
235,18.811529933481154,382.9689578713969,311.0254988913525,1134.0,1.569119202860045,23947.366962305987,mChi_1,mCherry RNAi,0.37005314530048716,-0.24356526338011475,-21.940686368379147,70,2000
236,18.921606118546844,389.35564053537286,131.1472275334608,1269.0,1.4209119065827533,34994.227533460806,mChi_1,mCherry RNAi,0.8031030387482405,-0.21917587926970805,-27.124939514381264,70,2000
237,20.343506032647266,390.43647977288856,171.0667139815472,1902.0,1.5081413663596823,37556.99148332151,mChi_1,mCherry RNAi,0.706990734684428,-0.21751583507081396,-24.711585358876544,70,2000
238,19.204288939051917,397.4977426636569,143.3905191873589,1169.0,1.5146890718373704,31281.624153498873,mChi_1,mCherry RNAi,0.7733108286795158,-0.19747324165819713,-27.098114000385316,70,2000
239,20.2590799031477,404.4640839386602,127.98547215496367,1485.0,1.320992833857863,45872.905569007264,mChi_1,mCherry RNAi,0.8102121026644795,-0.1777357146095797,-26.960380511830234,70,2000
240,19.659037095501184,413.77348066298345,260.05130228887134,1546.0,1.4699137421423722,48308.16495659037,mChi_1,mCherry RNAi,0.491689768432058,-0.15770651031160476,-24.676170656664336,70,2000
241,18.651135005973714,437.3321385902031,122.92712066905615,1054.0,1.5385706401958654,48625.35603345281,mChi_1,mCherry RNAi,0.8210130226094363,-0.08854267399592974,-31.057766410899,70,2000
242,19.376237623762375,446.38737623762376,176.28836633663366,1026.0,1.5606353139867355,54527.167079207924,mChi_1,mCherry RNAi,0.6921673157008004,-0.06587496742993515,-29.549936302596773,70,2000
243,20.024655547498188,452.72226250906454,157.46265409717185,1736.0,1.3780029019087305,60337.16896301668,mChi_1,mCherry RNAi,0.7373077332874256,-0.04779980157237573,-29.864036293811406,70,2000
244,21.340729783037474,468.30029585798815,119.03500986193293,2624.0,1.4480772297987434,58205.630177514795,mChi_1,mCherry RNAi,0.8293459376794785,-0.0037128465647394693,-30.70258071205754,70,2000
245,22.30149679258731,488.039914468995,191.08267997148965,1843.0,1.485918189314693,59325.79044903778,mChi_1,mCherry RNAi,0.6550855217991134,0.04730514178517864,-29.223991100012416,70,2000
246,19.618935837245697,500.94679186228484,216.62989045383412,1575.0,1.8910324788093338,53817.0406885759,mChi_1,mCherry RNAi,0.5928763461900026,0.08085341337628926,-32.137893202593446,70,2000
247,18.73090481786134,637.4676850763807,260.3783783783784,1227.0,1.8647561246184072,52233.41010575793,mChi_1,mCherry RNAi,0.4821071098834919,0.4499394768233942,-41.64214508845944,70,2000
248,20.212052302444572,676.7896532120523,316.4837976122797,2105.0,1.4960089682304738,54036.455940875494,mChi_1,mCherry RNAi,0.3455160223926934,0.5548921876272537,-41.47826292197492,70,2000
249,19.72620320855615,730.2994652406417,344.6181818181818,1179.0,1.6617717850247038,25424.747593582888,mChi_1,mCherry RNAi,0.27562545405044636,0.6991012209913414,-45.04549202617841,70,2000
250,20.171779141104295,167.51533742331287,541.2711656441718,937.0,1.362606039446618,36276.28588957055,mChi_1,mCherry RNAi,-0.1760650450208021,-0.8377241117400399,1.0635311538648153,70,2000
251,20.59774011299435,194.6497175141243,471.7276836158192,1140.0,1.3929524531724002,22786.333333333332,mChi_1,mCherry RNAi,-0.009581393248397463,-0.7611970553262485,-2.3281486943060514,70,2000
252,20.420974889217135,221.06646971935007,315.2895125553914,851.0,1.4346262803390142,22628.38847858198,mChi_1,mCherry RNAi,0.36620559678769093,-0.6833505354417044,-8.605340251858802,70,2000
253,20.0354609929078,246.89361702127658,246.55082742316785,549.0,1.420182775972169,17789.373522458627,mChi_1,mCherry RNAi,0.5307512810670088,-0.6105665051557423,-12.690683893670842,70,2000
254,20.419431279620852,247.91469194312796,310.4905213270142,1159.0,1.4736292466645715,24682.428909952607,mChi_1,mCherry RNAi,0.37671671024971753,-0.6102094242126309,-10.662170070924725,70,2000
255,19.11801242236025,259.639751552795,403.81832298136646,748.0,1.432197434689059,29865.79658385093,mChi_1,mCherry RNAi,0.15136897707962693,-0.582243688228087,-10.292009752982581,70,2000
256,20.673048600883654,259.7555228276878,240.47128129602356,854.0,1.4209286932058016,22690.073637702502,mChi_1,mCherry RNAi,0.5449330039064868,-0.5752546497694015,-13.141212483194781,70,2000
257,20.80616740088106,261.2180616740088,748.7026431718061,573.0,1.4761846723787833,21264.092511013216,mChi_1,mCherry RNAi,-0.6793484317401686,-0.5910698497901739,0.5496870086007419,70,2000
258,20.94282380396733,268.64177362893815,228.27187864644108,1100.0,1.572375505737019,26568.0268378063,mChi_1,mCherry RNAi,0.5739887232459226,-0.5505794848657588,-13.837755381912839,70,2000
259,19.726277372262775,274.21654501216545,338.2445255474453,1039.0,1.44034416893574,22298.212895377128,mChi_1,mCherry RNAi,0.308792220858934,-0.5399581265491119,-12.494234185423506,70,2000
260,20.675,272.47083333333336,271.4555555555556,914.0,1.4676524635184593,26847.959722222222,mChi_1,mCherry RNAi,0.4698012690951614,-0.5419111775922191,-13.218580990253457,70,2000
261,21.079194630872482,274.0724832214765,286.3959731543624,957.0,1.4386380515337793,31841.977181208054,mChi_1,mCherry RNAi,0.4337752057982367,-0.538062092664644,-12.528835204511594,70,2000
262,20.601176470588236,286.5329411764706,244.47058823529412,1028.0,1.4552648653638176,29954.6,mChi_1,mCherry RNAi,0.5342490877020489,-0.502662796433379,-15.026553929921555,70,2000
263,21.61250953470633,299.15636918382916,348.29061784897027,1803.0,1.6183060139350383,25038.2234935164,mChi_1,mCherry RNAi,0.28373619586069276,-0.47221037191016835,-12.132825958222723,70,2000
264,20.240406320541762,305.0395033860045,326.2471783295711,1190.0,1.7249188541257876,23279.452595936793,mChi_1,mCherry RNAi,0.3365195995691723,-0.4556344891547829,-14.515600167524035,70,2000
265,19.631336405529954,310.2557603686636,316.0414746543779,607.0,1.5592163446811333,25932.76267281106,mChi_1,mCherry RNAi,0.3608616119349499,-0.441182246638508,-15.771496315402135,70,2000
266,21.382120946538123,315.2515337423313,268.7028921998247,1492.0,1.6212544354719176,32972.44697633655,mChi_1,mCherry RNAi,0.47480490724336777,-0.42541743511412333,-15.656922396785035,70,2000
267,20.678398058252426,329.91990291262135,261.75485436893206,1068.0,1.536298478431219,42809.75,mChi_1,mCherry RNAi,0.49092475758758036,-0.3854267185082886,-17.597775047837512,70,2000
268,21.069767441860463,329.031007751938,182.60852713178295,945.0,1.5066359829464828,31294.74031007752,mChi_1,mCherry RNAi,0.6816322279977443,-0.38467931709285963,-19.27152131830207,70,2000
269,22.673423423423422,334.8738738738739,285.4924924924925,1772.0,1.4638716900068955,45068.28753753754,mChi_1,mCherry RNAi,0.43367577984275685,-0.3724986835299706,-15.325892139768037,70,2000
270,21.304514889529298,337.61095100864554,230.08261287223823,1515.0,1.5506833957507764,29650.26609029779,mChi_1,mCherry RNAi,0.5669556630032733,-0.36316998155604274,-18.376772327820845,70,2000
271,20.641078838174273,340.05809128630705,868.3195020746888,1194.0,1.3548298205389087,32047.153526970953,mChi_1,mCherry RNAi,-0.9705722879278986,-0.38153513084015733,-2.0557076312863423,70,2000
272,20.608139534883723,361.2720930232558,253.5313953488372,1098.0,1.489494442334426,25342.993023255814,mChi_1,mCherry RNAi,0.5095045746684801,-0.29992702820409867,-20.138325610252007,70,2000
273,20.583015267175572,379.69751908396944,238.12213740458014,1338.0,1.4281018027728356,33088.97232824427,mChi_1,mCherry RNAi,0.5459013155551382,-0.24926401583770152,-21.899599845519763,70,2000
274,20.71272727272727,380.41636363636366,120.02272727272727,1406.0,1.3860174501911613,30470.482727272727,mChi_1,mCherry RNAi,0.8303602914883264,-0.24268061535088137,-24.996785000694945,70,2000
275,19.671875,390.82118055555554,203.578125,741.0,1.4644256354842573,27407.715277777777,mChi_1,mCherry RNAi,0.6286201762379304,-0.21787011613941565,-24.534818430606077,70,2000
276,20.557027225901397,396.121412803532,117.17733627667403,1908.0,1.424209190279448,37762.16409124356,mChi_1,mCherry RNAi,0.8365912087471581,-0.19992516919222136,-26.355310239647206,70,2000
277,20.42133815551537,398.5660036166365,229.84267631103074,863.0,1.6575333144721862,32751.113924050635,mChi_1,mCherry RNAi,0.565097943118192,-0.19770191538415816,-23.637138765244778,70,2000
278,20.357570573139437,411.3644140290847,240.90504704875963,1420.0,1.5741349436080865,40421.7373823781,mChi_1,mCherry RNAi,0.5379469513596791,-0.16336881823412264,-24.321568344519736,70,2000
279,19.99347684279191,417.24787997390735,281.98891063274624,1805.0,1.6045896739323935,35631.536203522504,mChi_1,mCherry RNAi,0.43873132401317383,-0.14905515614670084,-24.002228759623286,70,2000
280,20.052837573385517,414.75440313111545,185.83561643835617,1342.0,1.5979744318154687,43184.641878669274,mChi_1,mCherry RNAi,0.6704473816471346,-0.1520700426660937,-26.34909303232081,70,2000
281,21.602564102564102,422.85164835164835,169.74481074481074,2320.0,1.5379540894951071,56565.79914529915,mChi_1,mCherry RNAi,0.7089871007082396,-0.12913549283929415,-25.81745336201915,70,2000
282,22.101597444089457,436.6773162939297,157.5156549520767,2051.0,1.3603810902908888,58446.50415335463,mChi_1,mCherry RNAi,0.7379358099303102,-0.09099228919471214,-26.64059971382222,70,2000
283,19.788770053475936,436.03208556149735,142.97860962566844,514.0,1.5993207742736595,44675.1256684492,mChi_1,mCherry RNAi,0.7728342716776537,-0.09263344109649785,-29.291143834334395,70,2000
284,19.832986832986833,459.28205128205127,248.72279972279972,1819.0,1.8830686113999475,45479.94386694387,mChi_1,mCherry RNAi,0.5172112941982494,-0.03357081120974692,-28.0723819222871,70,2000
285,20.57278481012658,462.62130801687766,170.31962025316454,1195.0,1.45544696746323,60941.70147679325,mChi_1,mCherry RNAi,0.7059851691924663,-0.021294790227953775,-29.682102039248193,70,2000
286,20.414367516918272,464.8464341488808,309.20406038521605,2416.0,1.6648922687270367,52548.788131181675,mChi_1,mCherry RNAi,0.37134224320928944,-0.020694613031624454,-26.265981446881376,70,2000
287,19.315346881569727,485.86615276804486,322.6075683251577,1735.0,1.7540109759937967,39136.63069376314,mChi_1,mCherry RNAi,0.3381664586658977,0.03568334023723252,-28.509535982351736,70,2000
288,21.015384615384615,486.77165991902837,225.87287449392713,1495.0,1.5608758648194099,53388.476113360324,mChi_1,mCherry RNAi,0.571252186889494,0.04224966357541837,-29.480042673600153,70,2000
289,19.75787728026534,495.18905472636817,266.6152570480929,804.0,1.6675196394380505,54027.35655058043,mChi_1,mCherry RNAi,0.4727046364566665,0.06328642006543084,-30.24247227471502,70,2000
290,19.752653927813164,501.7123142250531,257.5594479830149,1308.0,1.5819699823919986,52535.02866242038,mChi_1,mCherry RNAi,0.4942632440613979,0.08136403507726309,-30.95915688524935,70,2000
291,20.16163035839775,500.06324666198174,306.3717498243148,1834.0,1.9701315608419077,52873.557976106815,mChi_1,mCherry RNAi,0.37677352559222577,0.07506029430167716,-29.120815238464758,70,2000
292,21.012388162422575,499.632484514797,236.85409497591192,1825.0,1.66182992450468,54867.63179628355,mChi_1,mCherry RNAi,0.5442980090418628,0.07676746847159666,-30.110539396867832,70,2000
293,20.872198378636146,506.16928946113495,337.2951835956128,2548.0,1.4997786698901048,44761.3614687649,mChi_1,mCherry RNAi,0.3020905228419608,0.09058616796624341,-28.01909131100892,70,2000
294,21.130354957160343,639.3053855569156,302.52570379436963,2184.0,1.676444569873757,57000.29620563035,mChi_1,mCherry RNAi,0.3806595470993184,0.4537614377883854,-38.248524248377166,70,2000
295,20.77767857142857,650.3428571428572,291.88125,1344.0,1.4798183280760275,58356.29017857143,mChi_1,mCherry RNAi,0.4058469897880823,0.4840990959936733,-39.67822977191673,70,2000
296,20.52425482174167,662.9053185271771,282.1992986557569,2101.0,1.5462958913947642,55879.057276446525,mChi_1,mCherry RNAi,0.428662551128417,0.5185625722890101,-41.09251212544356,70,2000
297,22.122785829307567,671.067230273752,341.6972624798712,2993.0,1.4651569858105247,56253.44565217391,mChi_1,mCherry RNAi,0.2851238234332374,0.5387352923004705,-38.48475044038784,70,2000
298,22.245970567624386,679.0322354590049,284.0574632095305,1753.0,1.4456811364991675,51697.14576033637,mChi_1,mCherry RNAi,0.42366367983323405,0.5626500341081513,-40.482959268851914,70,2000
299,20.9045197740113,687.9209039548023,333.8694915254237,2060.0,1.4457429162959166,51950.706214689264,mChi_1,mCherry RNAi,0.30324545639607625,0.5845972565617279,-41.11907298479386,70,2000
300,21.869795609386827,702.2505677517032,439.82853898561694,3309.0,1.4447255230438951,49423.688115064346,mChi_1,mCherry RNAi,0.04751057321170227,0.6195935596643896,-38.336179400353174,70,2000
301,20.482057416267942,747.3923444976076,344.9437799043062,1079.0,1.5727602287427216,26115.245215311006,mChi_1,mCherry RNAi,0.27422049809969495,0.7456833606195827,-45.509467308647984,70,2000
302,20.62565445026178,164.34031413612564,428.1806282722513,599.0,1.517190987377412,16637.604712041884,mChi_1,mCherry RNAi,0.09650074093130612,-0.8418530316526014,-1.2964139784871875,70,2000
303,20.93716577540107,202.2633689839572,273.51737967914437,873.0,1.4678636248916455,22862.16844919786,mChi_1,mCherry RNAi,0.46759320418420836,-0.7327138092722048,-7.86458933659639,70,2000
304,21.3117723156533,206.27813712807244,600.0608020698577,884.0,1.3443153903076834,36262.752910737385,mChi_1,mCherry RNAi,-0.3191212590722031,-0.7344625420675008,0.9995419323924644,70,2000
305,20.803452855245684,225.32138114209826,406.5710491367862,886.0,1.3799124495163388,33049.357237715805,mChi_1,mCherry RNAi,0.1461833318850705,-0.675272523316137,-6.075284052730815,70,2000
306,23.34695652173913,225.0486956521739,300.1208695652174,1415.0,1.2342058970533767,30294.043478260868,mChi_1,mCherry RNAi,0.40277024485118607,-0.6713630772676921,-6.381460054033656,70,2000
307,21.208398133748055,236.79937791601867,671.4992223950234,735.0,1.576747951101713,32166.343701399688,mChi_1,mCherry RNAi,-0.49240134388232093,-0.6543332374039184,0.6271916862297076,70,2000
308,20.28173374613003,258.33126934984523,160.3250773993808,808.0,1.5098774957280952,16911.758513931887,mChi_1,mCherry RNAi,0.7380212626677038,-0.5760768481421928,-15.583812318518751,70,2000
309,21.36774193548387,261.43612903225807,333.421935483871,984.0,1.4477624359044083,21177.04258064516,mChi_1,mCherry RNAi,0.32101010096158156,-0.5741754631907203,-10.070288335673181,70,2000
310,20.607692307692307,274.74505494505496,209.54395604395606,1135.0,1.5425958910346098,24269.764835164835,mChi_1,mCherry RNAi,0.6188415146341679,-0.5333308176728155,-15.113267780579797,70,2000
311,21.048498845265588,277.86605080831407,254.59815242494227,616.0,1.5680291439537284,21990.545034642033,mChi_1,mCherry RNAi,0.5102200238102566,-0.5265201479373769,-13.686458327188461,70,2000
312,20.96149358226371,316.37339556592764,290.095682613769,1192.0,1.7560033318801083,30138.58343057176,mChi_1,mCherry RNAi,0.4232037933956345,-0.42328579007653155,-15.581687533720125,70,2000
313,20.69074074074074,327.85185185185185,211.9537037037037,683.0,1.5087634654127193,23162.975925925926,mChi_1,mCherry RNAi,0.6109677889270333,-0.38910207471520064,-18.77592819403738,70,2000
314,23.866259971844205,333.61942749882684,857.1825434068512,2714.0,1.3515479569709146,42757.511966213046,mChi_1,mCherry RNAi,-0.9432935855719369,-0.3979625878415014,1.3225453122720836,70,2000
315,21.314814814814813,343.93304843304844,188.2037037037037,927.0,1.519367463084067,31667.4301994302,mChi_1,mCherry RNAi,0.6675876908475147,-0.34435618531031364,-19.9459506631667,70,2000
316,22.04246713852376,341.3235591506572,174.34782608695653,1238.0,1.503880407417294,36867.37209302326,mChi_1,mCherry RNAi,0.7011109989310469,-0.35076364197522314,-19.405710835891146,70,2000
317,21.455010224948875,348.5971370143149,877.6339468302658,1227.0,1.3527736358842544,22521.543967280162,mChi_1,mCherry RNAi,-0.9932919567635997,-0.3585352562308053,-1.6064126616861643,70,2000
318,23.060576923076923,358.61538461538464,423.325,1829.0,1.8478359119407537,19238.481730769232,mChi_1,mCherry RNAi,0.10076026580259301,-0.3132840656369642,-12.93781789606471,70,2000
319,21.17013086989992,361.1247113163972,223.19399538106236,1576.0,1.4785519245089607,40412.250962278675,mChi_1,mCherry RNAi,0.582622272361089,-0.299034199379955,-20.38299154475515,70,2000
320,21.511607142857144,356.30625,193.77946428571428,1494.0,1.6754869944667492,37901.265178571426,mChi_1,mCherry RNAi,0.6536856968894051,-0.31091336248036305,-20.487578839171096,70,2000
321,22.529170931422723,368.56499488229275,164.64278403275333,1312.0,1.5653581320178511,33935.99897645855,mChi_1,mCherry RNAi,0.723454835115614,-0.27626679327944104,-21.135832760630183,70,2000
322,19.898692810457515,381.1928104575163,370.7516339869281,562.0,1.9276859925259966,17562.745098039217,mChi_1,mCherry RNAi,0.22632118512703303,-0.25050651767260523,-19.123630745089564,70,2000
323,22.041910331384017,396.219298245614,156.57115009746587,1343.0,1.501470142517105,32183.62962962963,mChi_1,mCherry RNAi,0.741787456131521,-0.20090321492207042,-23.822766143149558,70,2000
324,21.322875816993463,412.481045751634,139.01830065359476,1014.0,1.3762382959719548,39963.70196078431,mChi_1,mCherry RNAi,0.7833890923544995,-0.15617237069069423,-26.178301198052523,70,2000
325,22.22979797979798,411.8756313131313,154.46464646464648,1921.0,1.3653596312147112,49947.62436868687,mChi_1,mCherry RNAi,0.746261787000966,-0.15824140948582166,-24.815354456405885,70,2000
326,21.493067590987867,412.7980935875217,320.1377816291161,1383.0,1.7539797529745118,26889.12998266898,mChi_1,mCherry RNAi,0.34710493999806524,-0.1623390976549801,-21.162207528890477,70,2000
327,21.066808059384943,427.9893955461294,196.7423117709438,1129.0,1.3562059775299746,52742.87486744433,mChi_1,mCherry RNAi,0.6437212985034164,-0.11633269274082658,-25.99446106790372,70,2000
328,21.558737151248163,426.9177679882526,244.3281938325991,1726.0,1.682766898622783,40745.54992657856,mChi_1,mCherry RNAi,0.529168392432237,-0.12100323957911585,-24.14781074023943,70,2000
329,21.627717391304348,437.2518115942029,263.4438405797101,1475.0,1.4988157904246808,36508.463768115944,mChi_1,mCherry RNAi,0.48272309484293774,-0.09365442695136506,-24.306570751305163,70,2000
330,21.910994764397905,445.24712041884817,296.708202443281,3747.0,1.8628853477636946,49739.09982547993,mChi_1,mCherry RNAi,0.40230089951589365,-0.07317014542133105,-23.703497765968223,70,2000
331,22.01988812927284,442.1671845866998,278.711000621504,2154.0,1.5554927271418872,51123.49782473586,mChi_1,mCherry RNAi,0.44577979557877656,-0.08081611076808581,-23.85777881660668,70,2000
332,21.937719298245614,442.29824561403507,192.48157894736843,1505.0,1.685052295428088,53884.56929824562,mChi_1,mCherry RNAi,0.6534798294079969,-0.07711412209865975,-26.26726932347504,70,2000
333,20.253846153846155,452.6240384615385,209.68846153846152,1314.0,1.4633045671715228,59107.7375,mChi_1,mCherry RNAi,0.6115237848909807,-0.050057889000432176,-28.224452764146257,70,2000
334,21.401114206128135,455.7451253481894,224.97353760445682,1722.0,1.469166788261459,56513.03064066853,mChi_1,mCherry RNAi,0.5746543313104018,-0.04194742118856798,-26.89356702364609,70,2000
335,23.905035971223022,460.18321342925657,105.97122302158273,2560.0,1.2239883783663745,49067.80143884892,mChi_1,mCherry RNAi,0.8612904930901455,-0.02475583883442456,-27.914638898021284,70,2000
336,22.037974683544302,469.74964838255977,181.7594936708861,1028.0,1.4752066994440973,51629.24753867792,mChi_1,mCherry RNAi,0.6782413150185227,-0.0020830483424778556,-28.425109990278308,70,2000
337,20.753024193548388,489.11290322580646,247.5383064516129,1252.0,1.7494744346034503,55971.938508064515,mChi_1,mCherry RNAi,0.518956538841935,0.047715199705938405,-29.327163326569973,70,2000
338,21.21517857142857,497.4669642857143,154.60267857142858,1606.0,1.9369402736565666,50864.98125,mChi_1,mCherry RNAi,0.7425231929896705,0.07412990746650361,-31.964192510178314,70,2000
339,20.92838874680307,511.54987212276217,290.24488491048595,2042.0,1.567124899024162,59779.92327365729,mChi_1,mCherry RNAi,0.41521906892515337,0.10705224838086336,-29.613989072060313,70,2000
340,22.076310550763104,509.5321831453218,271.37624419376243,1870.0,1.6306003317088402,56642.81619110816,mChi_1,mCherry RNAi,0.4608201688080058,0.102530943689086,-28.831936250511706,70,2000
341,21.889550622631294,584.097996751489,299.09907958852193,2198.0,1.4654014938893418,56674.0752571738,mChi_1,mCherry RNAi,0.3911171156768172,0.30403000316922824,-33.622721906449364,70,2000
342,22.441176470588236,602.7865761689291,218.5211161387632,1686.0,1.5120221827769094,59239.756410256414,mChi_1,mCherry RNAi,0.584518419648898,0.35806232976247876,-36.57979327260154,70,2000
343,22.5177304964539,612.2705167173252,243.1306990881459,1258.0,1.4741379876890217,53599.425531914894,mChi_1,mCherry RNAi,0.5248729500247382,0.3828884540161026,-36.52231255485523,70,2000
344,22.39012738853503,615.5262738853503,224.39808917197453,1528.0,1.4712467724897134,55133.88694267516,mChi_1,mCherry RNAi,0.569861147176788,0.39244056216458456,-37.38673160481359,70,2000
345,21.243342516069788,627.2800734618917,274.7667584940312,1475.0,1.6159188425744009,53206.89072543618,mChi_1,mCherry RNAi,0.44800227043130514,0.42218973104629276,-38.01935133042859,70,2000
346,21.983985765124554,623.8585409252669,291.98932384341634,1378.0,1.4363812718295892,56582.56049822064,mChi_1,mCherry RNAi,0.40669605105660933,0.4123665522926341,-36.572395781155706,70,2000
347,22.212741087083575,630.4120397428404,242.7060198714202,2103.0,1.5171212286439826,51859.16014026885,mChi_1,mCherry RNAi,0.525168392383857,0.4321407679721836,-38.13942021894525,70,2000
348,22.30906148867314,660.1982200647249,302.6957928802589,1553.0,1.443219551272651,57943.67475728155,mChi_1,mCherry RNAi,0.3795070379609893,0.5107583323996072,-38.56770579505039,70,2000
349,21.793491361992768,671.0695058256327,369.5749296906388,3043.0,1.6176230470424602,36313.73764564082,mChi_1,mCherry RNAi,0.21795128051341894,0.5375898156016803,-38.063787282587825,70,2000
350,21.417910447761194,675.0696517412936,299.69983416252074,1467.0,1.403622566116466,56774.271973466006,mChi_1,mCherry RNAi,0.3860875045286154,0.5511098946257509,-40.603758519959314,70,2000
351,23.22609379093529,715.1433062614619,416.0856693738538,4642.0,1.6668365468470245,55409.41184176054,mChi_1,mCherry RNAi,0.10428333409691648,0.6558191603742782,-38.547176489862295,70,2000
352,22.098567818028645,739.0648694187026,361.67396798652067,1461.0,1.6362151598714532,28463.00336983993,mChi_1,mCherry RNAi,0.23434636427801747,0.7227207093046237,-42.85046998327708,70,2000
353,21.695744680851064,749.2574468085106,328.3345744680851,2198.0,1.6495870179185304,46475.82606382979,mChi_1,mCherry RNAi,0.3142314797688257,0.7516375463719231,-44.879678716173416,70,2000
354,22.962399283795882,185.10564010743062,437.4404655326768,1400.0,1.411314950382481,27982.0975828111,mChi_1,mCherry RNAi,0.073529697463661,-0.7853293652529446,-0.2074474883882722,70,2000
355,23.70096463022508,205.7122186495177,469.927652733119,1050.0,1.8481919406219838,15321.032154340835,mChi_1,mCherry RNAi,-0.00548471659149008,-0.7304568502520884,-0.07613749880516707,70,2000
356,22.665158371040725,219.0610859728507,466.5135746606335,613.0,1.5229804178625237,14550.588235294117,mChi_1,mCherry RNAi,0.002153400144358386,-0.694254665887555,-2.158421539031661,70,2000
357,21.667381974248926,241.96137339055795,294.0600858369099,689.0,1.9220631365175618,23784.049356223175,mChi_1,mCherry RNAi,0.41660457268609474,-0.6255003607536813,-9.43246540173459,70,2000
358,22.373536299765806,258.1709601873536,253.55620608899298,1083.0,1.4581632002679559,22169.50468384075,mChi_1,mCherry RNAi,0.5135814665512539,-0.5797362433789428,-10.980265620317363,70,2000
359,21.792513368983958,274.8983957219251,639.1026737967915,1075.0,1.5776766393245005,37827.09090909091,mChi_1,mCherry RNAi,-0.41581601501307375,-0.5494293579805083,-2.3948329769348575,70,2000
360,20.992974238875878,272.711943793911,789.8243559718969,593.0,1.7334640713762492,19524.067915690866,mChi_1,mCherry RNAi,-0.7788401323367224,-0.5614042588553962,1.0167954078723973,70,2000
361,21.681578947368422,291.1907894736842,315.8776315789474,964.0,1.3953789170320807,18041.975,mChi_1,mCherry RNAi,0.3621283224016216,-0.4925777999905029,-12.363832782631125,70,2000
362,21.844875346260388,299.1398891966759,814.3601108033241,854.0,1.4673253663459653,24301.548476454293,mChi_1,mCherry RNAi,-0.838921390205344,-0.4903811240957573,0.6296796662633248,70,2000
363,24.278035217794255,305.95644114921225,318.129749768304,1515.0,1.605328807848756,26154.541241890638,mChi_1,mCherry RNAi,0.35628801508689256,-0.4520326865053913,-10.773853242951635,70,2000
364,22.48945147679325,314.0534458509142,245.0450070323488,999.0,1.4391171693422775,29646.620253164558,mChi_1,mCherry RNAi,0.5319078506247203,-0.4275329000211171,-15.10289764236893,70,2000
365,23.357210179076343,339.5966069745523,267.52591894439206,1303.0,1.3363170103518098,36810.77379830349,mChi_1,mCherry RNAi,0.47681186165989176,-0.35883074355389566,-15.465963522050043,70,2000
366,22.298720842738902,351.17607223476296,209.71030850263355,1570.0,1.3496860340258887,36645.46501128668,mChi_1,mCherry RNAi,0.6155606121850667,-0.3253199210902603,-18.906425612899685,70,2000
367,23.81478102189781,348.007299270073,161.7390510948905,1419.0,1.828376034497288,33839.35218978102,mChi_1,mCherry RNAi,0.7313322092730743,-0.33176199471464807,-18.45711388102974,70,2000
368,21.654226961157654,377.46839299314547,414.4097486671744,1900.0,1.6378530578532038,21550.527037319116,mChi_1,mCherry RNAi,0.12141165412572685,-0.26198391076238414,-15.932352943127498,70,2000
369,24.51840168243954,377.7944269190326,181.32334384858044,2322.0,1.4598402141033453,46739.73554153523,mChi_1,mCherry RNAi,0.6830376628997383,-0.2514470962249489,-19.3661983593096,70,2000
370,23.328455284552845,385.4260162601626,145.06016260162602,1542.0,1.5194224358467734,34255.39268292683,mChi_1,mCherry RNAi,0.770016744078093,-0.22952993583115167,-22.075075714298393,70,2000
371,23.222491909385113,394.4943365695793,213.38915857605178,1509.0,1.4454694550032006,44943.38511326861,mChi_1,mCherry RNAi,0.6050644248798378,-0.20757363302839504,-20.994419844036816,70,2000
372,23.122038765254846,395.0251256281407,345.04737975592246,1690.0,1.6422576606001325,31918.24192390524,mChi_1,mCherry RNAi,0.2878978642223695,-0.21128431588149665,-17.59320907972208,70,2000
373,23.42828947368421,402.07434210526316,105.8875,1806.0,1.3402223035968077,33948.69078947369,mChi_1,mCherry RNAi,0.8637321774340474,-0.18274473402135027,-24.223104006302922,70,2000
374,22.08141321044547,409.2242703533026,221.39938556067588,1154.0,1.982011679147773,42919.388632872506,mChi_1,mCherry RNAi,0.5851230823726983,-0.1680848143378756,-22.973627292905476,70,2000
375,23.617529880478088,403.98207171314743,198.8276892430279,1372.0,1.7547645910499619,42268.45219123506,mChi_1,mCherry RNAi,0.6397942037093536,-0.18114734349752581,-21.672723744597295,70,2000
376,25.48740053050398,415.6684350132626,190.48275862068965,1854.0,1.4112162722173125,54068.24602122016,mChi_1,mCherry RNAi,0.6595552926626667,-0.1486992025146382,-20.87115182308676,70,2000
377,22.811725846407928,428.3360858794385,213.03385631709332,1476.0,1.4145905794887301,54177.34269199009,mChi_1,mCherry RNAi,0.6045729539795752,-0.11568280829032851,-23.841570529160315,70,2000
378,23.382663847780126,424.20084566596194,122.53805496828753,1132.0,1.2820032522771379,47040.980972515856,mChi_1,mCherry RNAi,0.822757101409924,-0.12327884938321365,-25.408475941307078,70,2000
379,23.36773350751143,436.374918354017,111.43958197256696,1769.0,1.418017899049681,55294.73481384716,mChi_1,mCherry RNAi,0.8490147829931431,-0.08976862368320904,-26.595181500236468,70,2000
380,24.5927283837458,443.90772991139625,335.30614115490374,4325.0,1.5714498204725162,46710.441185456766,mChi_1,mCherry RNAi,0.3095447658681063,-0.07778737059176077,-19.89589722379479,70,2000
381,23.11732283464567,456.796062992126,144.6259842519685,1579.0,1.4476303852615697,60546.649606299216,mChi_1,mCherry RNAi,0.7682618828001857,-0.035621663221687694,-27.417838695354682,70,2000
382,23.288888888888888,472.4928104575163,198.5392156862745,1857.0,1.4707981935910404,57208.356209150326,mChi_1,mCherry RNAi,0.6377927453935233,0.0049625896521878765,-26.923586323340444,70,2000
383,23.23822463768116,481.6494565217391,110.54257246376811,1423.0,1.4754880449018763,55014.41938405797,mChi_1,mCherry RNAi,0.8493991127898106,0.03326477250290849,-29.99673184374133,70,2000
384,21.78844056706652,485.2562704471101,284.13631406761175,1133.0,1.4793002010074465,49178.92475463468,mChi_1,mCherry RNAi,0.4310138790181961,0.03601224447056239,-27.034201798986043,70,2000
385,22.252572497661365,495.99812909260993,136.78391019644528,1396.0,1.329081386777614,47901.883068288116,mChi_1,mCherry RNAi,0.7855670450159333,0.07103733412689994,-31.303496841206595,70,2000
386,23.066360387953036,530.9295558958653,230.2149055640633,2256.0,1.3733665068717957,51550.813169984685,mChi_1,mCherry RNAi,0.5591957703441062,0.16247320345459615,-30.48655785463425,70,2000
387,23.005392912172574,592.3705701078583,211.3366718027735,1597.0,1.5592244705552987,54646.815870570106,mChi_1,mCherry RNAi,0.6022662691638749,0.33015008992938566,-35.463063258054326,70,2000
388,23.225225225225227,614.145945945946,268.76756756756754,1405.0,1.5090450452722906,45904.902702702704,mChi_1,mCherry RNAi,0.46308932623427257,0.387124053931754,-35.26224159297241,70,2000
389,22.04549356223176,654.295278969957,264.87982832618025,1464.0,1.5678020861906896,45935.97939914163,mChi_1,mCherry RNAi,0.4708126778515831,0.496140950643555,-39.42361175509846,70,2000
390,23.42536475869809,188.49382716049382,484.39169472502806,1066.0,1.2156021573540015,18245.840628507296,mChi_1,mCherry RNAi,-0.039670443338450156,-0.7778622681787861,1.2732847603769812,70,2000
391,25.340382678751258,198.72205438066464,479.4461228600201,1308.0,1.4027182949695882,22193.31419939577,mChi_1,mCherry RNAi,-0.028038004672365502,-0.7494999632803816,2.3158750780372337,70,2000
392,22.84109589041096,254.54657534246576,370.91506849315067,1061.0,1.698565387704984,17002.2,mChi_1,mCherry RNAi,0.23105692784490373,-0.594068541980757,-7.099009678343862,70,2000
393,22.2063679245283,260.89740566037733,631.6391509433962,1012.0,1.7676715473147302,32864.80424528302,mChi_1,mCherry RNAi,-0.3972652381639782,-0.5871017032199228,-1.1783140534221985,70,2000
394,24.153764581124072,274.0763520678685,241.37539766702014,1168.0,1.4851553278879501,26520.48780487805,mChi_1,mCherry RNAi,0.5424120963656178,-0.5356918584464496,-10.673897066992815,70,2000
395,22.33921568627451,311.54901960784315,306.2274509803922,683.0,1.5346702909299363,20488.013725490197,mChi_1,mCherry RNAi,0.38461947572228317,-0.4367531279984004,-13.428200750425235,70,2000
396,23.435990338164252,314.7572463768116,193.67391304347825,1075.0,1.5907539922139544,22374.24033816425,mChi_1,mCherry RNAi,0.6556823615935876,-0.4234314842125194,-15.590678180414876,70,2000
397,23.1,323.70923076923077,221.2123076923077,832.0,1.3085805805930495,24372.855384615385,mChi_1,mCherry RNAi,0.5889770849175469,-0.4002461281402988,-15.827625861536855,70,2000
398,24.254608294930875,330.8306451612903,194.213133640553,1143.0,1.4939841961763256,36100.89861751152,mChi_1,mCherry RNAi,0.6538065489008225,-0.3796155555747929,-15.913186705699804,70,2000
399,24.05166475315729,367.8358208955224,272.76119402985074,1230.0,1.461384023774364,30852.722158438577,mChi_1,mCherry RNAi,0.4631412561491237,-0.28216431579526813,-16.658882849981353,70,2000
400,23.564945226917057,371.2691705790297,252.65727699530515,1071.0,1.704200419221199,25788.169014084506,mChi_1,mCherry RNAi,0.5114034198475672,-0.2721467679828077,-17.93097012371574,70,2000
401,24.260768335273575,371.54249126891733,288.51222351571596,1089.0,1.4767872677603249,29026.547147846333,mChi_1,mCherry RNAi,0.4250682420240006,-0.2726652441866212,-16.292891125326705,70,2000
402,25.091468101460414,382.989239046887,228.14911606456573,1688.0,1.6560763997268455,39207.925441967716,mChi_1,mCherry RNAi,0.5700760017461854,-0.23904434618782555,-17.908681276284305,70,2000
403,24.015857284440038,385.1139742319128,110.44103072348861,1356.0,1.4702599140740729,30135.819623389496,mChi_1,mCherry RNAi,0.8534625428085045,-0.22889294159186802,-22.297994264330548,70,2000
404,25.323824209714726,413.3592906707787,207.97532767925983,1827.0,1.5009549699677283,49228.740940632226,mChi_1,mCherry RNAi,0.6174990514391423,-0.15568798536628936,-20.398309609116435,70,2000
405,25.47382920110193,415.3789846517119,387.6914600550964,3131.0,1.5290241685593977,26447.846517119244,mChi_1,mCherry RNAi,0.18452754177921782,-0.15717738832178174,-15.562230055130774,70,2000
406,23.814274750575596,432.26937835763624,95.57789716039908,1537.0,1.3935237719939262,43903.454336147355,mChi_1,mCherry RNAi,0.887410664298051,-0.10021833535593772,-26.281812825429636,70,2000
407,23.830851063829787,436.7351063829787,127.82978723404256,1116.0,1.3658933803436673,55202.734042553195,mChi_1,mCherry RNAi,0.8095486080325627,-0.08933788878545346,-25.718639408493928,70,2000
408,23.680232558139537,437.65365448504986,172.31727574750832,1591.0,1.4229470499167598,56450.050664451825,mChi_1,mCherry RNAi,0.7023414825901084,-0.08860606872622356,-24.738732897549752,70,2000
409,23.920986093552465,440.64475347661187,222.65992414664981,1845.0,1.3122895574801932,58056.89633375474,mChi_1,mCherry RNAi,0.5809737604642764,-0.08239388518727431,-23.359895900547848,70,2000
410,24.45482456140351,439.22587719298247,378.99342105263156,2836.0,1.8193507934274957,45549.85877192982,mChi_1,mCherry RNAi,0.20448472299470222,-0.09223974395406531,-18.52301457838867,70,2000
411,24.808888888888887,451.69866666666667,128.3128888888889,1534.0,1.569580987854891,57237.333333333336,mChi_1,mCherry RNAi,0.8078612296405352,-0.048504181844640226,-25.804077899687698,70,2000
412,24.14437222032159,463.61477933629834,348.9924734861444,3536.0,1.5306602534487548,55249.910366062264,mChi_1,mCherry RNAi,0.275779412801443,-0.024859432921772617,-21.388916632700784,70,2000
413,23.5859375,468.2920673076923,273.82091346153845,2137.0,1.5280906415228896,57983.2265625,mChi_1,mCherry RNAi,0.45663600114863234,-0.00932880638321465,-24.302175214280805,70,2000
414,23.02734375,488.8642578125,172.0146484375,1391.0,1.6708517620891585,61631.5810546875,mChi_1,mCherry RNAi,0.7010296843164474,0.050431253945837806,-29.072039767242767,70,2000
415,24.356011183597392,471.7287977632805,289.7931034482759,1470.0,1.480033011115577,49417.03914259087,mChi_1,mCherry RNAi,0.4180756543870068,-0.00046158456184108854,-23.35154940908278,70,2000
416,25.071084337349397,489.1301204819277,124.82048192771084,2174.0,1.2305725685915865,51181.20361445783,mChi_1,mCherry RNAi,0.8148280552005607,0.053395503452437154,-28.32213213850208,70,2000
417,24.01198501872659,488.425468164794,297.29063670411983,1724.0,1.465376688142796,56423.02322097378,mChi_1,mCherry RNAi,0.39934200316708046,0.04454809693182393,-24.690937558596982,70,2000
418,23.660714285714285,491.7035714285714,207.90892857142856,1388.0,1.5267362170367564,55427.27857142857,mChi_1,mCherry RNAi,0.6144956552342147,0.05687150444708333,-27.67927434337529,70,2000
419,25.61227922624054,485.6013456686291,243.14886459209418,1556.0,1.6554755131235435,59686.74432296047,mChi_1,mCherry RNAi,0.5299689679586137,0.03929967935141132,-24.348252845795702,70,2000
420,26.50717079530639,500.4498044328553,287.7270751847023,3132.0,1.3658468216846074,61513.048239895696,mChi_1,mCherry RNAi,0.422064197025126,0.07808504683955242,-23.32289835318697,70,2000
421,23.54590570719603,505.4665012406948,167.65260545905707,1010.0,1.3373141188073192,45238.668734491315,mChi_1,mCherry RNAi,0.7109207817361722,0.0958163150854805,-29.86342900122369,70,2000
422,24.1808838643371,505.945529290853,305.070914696814,1420.0,1.5034948053276749,59051.525179856115,mChi_1,mCherry RNAi,0.37992698552088,0.09188497504321447,-25.570382955328665,70,2000
423,23.65170166545981,512.5604634322955,240.27805937726285,1606.0,1.4084984857284537,57989.15930485156,mChi_1,mCherry RNAi,0.5357093868124045,0.11228183468573283,-28.314477817010925,70,2000
424,23.298128342245988,513.1149732620321,225.61898395721926,933.0,1.4236850858413452,55228.08689839572,mChi_1,mCherry RNAi,0.5709766798691462,0.11429063498613101,-29.100885349863436,70,2000
425,23.100621118012423,522.1012422360249,304.60496894409937,1973.0,1.4871674117999,50652.15900621118,mChi_1,mCherry RNAi,0.38035121968703534,0.1355904779912247,-27.819118743426017,70,2000
426,22.697429906542055,526.2640186915888,272.51752336448595,1090.0,1.5650834685026886,36120.55490654206,mChi_1,mCherry RNAi,0.45745612205639885,0.14807373492267661,-29.382418099851765,70,2000
427,23.295974743488557,529.3898973954223,289.0891870560379,1566.0,1.4312729263877337,56506.49171270718,mChi_1,mCherry RNAi,0.41745324019039565,0.15603919094302166,-28.56439825698874,70,2000
428,23.43032159264931,537.4640122511486,212.9770290964778,795.0,1.421638720847513,47236.10719754977,mChi_1,mCherry RNAi,0.6004859234670334,0.1809728306910776,-31.05591014742407,70,2000
429,25.62887236679058,548.5985130111524,215.28438661710038,1990.0,1.4683035019049366,50574.64064436183,mChi_1,mCherry RNAi,0.5946296568085523,0.211570692446317,-29.60065764588566,70,2000
430,23.438186813186814,568.7802197802198,262.06043956043953,1710.0,1.41678423214709,53922.00206043956,mChi_1,mCherry RNAi,0.48103066310552944,0.26415575803429436,-31.975368215025036,70,2000
431,23.202492211838006,611.5721703011423,204.82346832814122,1158.0,1.328753625516492,51047.02596053998,mChi_1,mCherry RNAi,0.617217601087213,0.382619025421844,-36.81929698098934,70,2000
432,24.06816220880069,631.9076790336497,261.96289905090595,1553.0,1.4273269358805398,61033.223468507334,mChi_1,mCherry RNAi,0.47883911174573135,0.43581878287449083,-35.87906571999919,70,2000
433,24.68808962264151,666.532429245283,269.2670990566038,2111.0,1.4405065482618515,53962.85141509434,mChi_1,mCherry RNAi,0.4599308206749557,0.5297412244662101,-37.54881528831785,70,2000
434,26.29913964262078,683.2832561217737,294.83851753805425,2140.0,1.659291803282923,39537.19324950364,mChi_1,mCherry RNAi,0.3977799902773387,0.5745777137707315,-36.45686807612637,70,2000
435,23.23956442831216,158.08892921960071,420.7568058076225,733.0,1.6417615586692467,15592.072595281306,mChi_1,mCherry RNAi,0.11478990725854876,-0.8580365357810322,1.5587505454721722,70,2000
436,23.563868613138688,174.07481751824818,274.4178832116788,710.0,1.523843759529834,16376.474452554745,mChi_1,mCherry RNAi,0.466688278183532,-0.8088289187578883,-3.19895797928222,70,2000
437,24.596491228070175,191.32301341589266,462.5830753353973,1267.0,1.4067786568758864,12550.924664602684,mChi_1,mCherry RNAi,0.012824636423170777,-0.76909403636788,1.6516885121861584,70,2000
438,23.635627530364374,211.43724696356276,217.64574898785426,700.0,1.830937942462862,16190.633603238866,mChi_1,mCherry RNAi,0.6019866848628854,-0.7050768980458086,-7.334289228266433,70,2000
439,25.090128755364805,218.36337625178828,228.88841201716738,880.0,1.3802298498539065,17940.03433476395,mChi_1,mCherry RNAi,0.5747251068227781,-0.6864090336893897,-6.078748124049831,70,2000
440,24.694355697550584,229.93823216187434,460.5761448349308,1156.0,1.383451514123498,26928.464323748667,mChi_1,mCherry RNAi,0.01615678496237094,-0.6640679449655102,-1.0752101059477326,70,2000
441,24.688728024819028,230.91623578076525,514.2916235780765,1173.0,1.7536127268169324,30907.264736297828,mChi_1,mCherry RNAi,-0.11327212473448678,-0.6635058559705898,0.29307717803052924,70,2000
442,23.405607476635513,249.67102803738317,211.70280373831775,672.0,1.4111812721928103,19365.560747663552,mChi_1,mCherry RNAi,0.614794467778458,-0.600998276633194,-10.466555958491725,70,2000
443,25.931339977851607,243.47397563676634,433.89590254706536,1201.0,1.574838791473633,19192.070874861573,mChi_1,mCherry RNAi,0.07997258873089796,-0.6260040451031427,-1.5302712248958308,70,2000
444,24.222104144527098,256.4080765143464,355.5090329436769,1253.0,1.5810570994152966,20135.018065887354,mChi_1,mCherry RNAi,0.2681802399691562,-0.5881381596786524,-6.269787988959248,70,2000
445,23.644827586206898,257.6241379310345,407.83620689655174,784.0,1.6924572299613998,21208.362068965518,mChi_1,mCherry RNAi,0.14205067298191687,-0.5869874470534326,-5.525871813359828,70,2000
446,24.961490683229815,253.2496894409938,308.15403726708075,971.0,1.4414959697522771,31032.67701863354,mChi_1,mCherry RNAi,0.38241871336716926,-0.5947287201080862,-6.579044672814485,70,2000
447,24.159754224270355,274.78955453149,220.01996927803378,898.0,1.5965920985892004,22884.956989247312,mChi_1,mCherry RNAi,0.5938257729472105,-0.5329200758417341,-11.293206554314724,70,2000
448,23.580645161290324,275.6680107526882,329.9623655913978,966.0,1.4296021159232468,22251.825268817203,mChi_1,mCherry RNAi,0.32892517771235075,-0.5349334616134913,-8.977988972162894,70,2000
449,24.787781350482316,280.39549839228295,297.5541264737406,1099.0,1.380256205170158,32089.931404072882,mChi_1,mCherry RNAi,0.40688081630510653,-0.5205866524884531,-8.984834840597417,70,2000
450,24.396491228070175,289.5122807017544,214.9859649122807,702.0,1.3788394303188642,22834.019298245614,mChi_1,mCherry RNAi,0.6053913962068036,-0.49267140393299136,-12.248807564231479,70,2000
451,23.626262626262626,301.4276094276094,247.22727272727272,822.0,1.5821681827789127,20965.29797979798,mChi_1,mCherry RNAi,0.5272149712184995,-0.46170251929446426,-13.004896423132527,70,2000
452,24.06725468577729,313.5303197353914,214.9239250275634,1102.0,1.4386215664537703,27419.101433296582,mChi_1,mCherry RNAi,0.6045822758872332,-0.4274698191722175,-14.301963770024752,70,2000
453,25.615533980582523,326.2621359223301,263.3359223300971,767.0,1.4847538426540121,30124.08349514563,mChi_1,mCherry RNAi,0.48756591538737304,-0.3944570067683145,-12.370213550332235,70,2000
454,25.074935400516797,319.4121447028424,255.671834625323,944.0,1.4198385426521514,26424.900516795864,mChi_1,mCherry RNAi,0.5062612009903753,-0.41287785018391565,-12.623795989827258,70,2000
455,24.93130434782609,344.73478260869564,224.3695652173913,1384.0,1.4427507751811173,35179.65826086957,mChi_1,mCherry RNAi,0.5806644231023232,-0.34287678013617706,-15.425344019191993,70,2000
456,24.203094777562864,355.52611218568666,170.70309477756285,1242.0,1.489929974526964,35800.7746615087,mChi_1,mCherry RNAi,0.7094699915151486,-0.3116043920320972,-18.36840696474748,70,2000
457,24.16285452881976,363.37419945105216,207.47026532479416,1287.0,1.551217118698321,30716.58920402562,mChi_1,mCherry RNAi,0.6205958445333408,-0.29172032315826335,-17.983169716862694,70,2000
458,23.740671641791046,371.88619402985074,150.8917910447761,1295.0,1.493248053664792,29290.932835820895,mChi_1,mCherry RNAi,0.7565239186226977,-0.26646784465346973,-20.535855584012072,70,2000
459,23.876953125,368.697265625,190.599609375,646.0,1.4670888282154309,26218.462890625,mChi_1,mCherry RNAi,0.6610083671360754,-0.2766544593172173,-19.103688652804003,70,2000
460,24.67750439367311,371.7214411247803,305.2768014059754,1467.0,1.510584570952421,28378.519332161686,mChi_1,mCherry RNAi,0.38470447149378506,-0.2727506995674768,-15.439526422445608,70,2000
461,25.57957681692732,380.4277828886845,263.3017479300828,1441.0,1.6812118200896138,27092.846366145353,mChi_1,mCherry RNAi,0.48553038092416845,-0.24727917309468073,-16.293200442528125,70,2000
462,24.637666325486183,382.7338792221085,161.81473899692938,1230.0,1.4421635217253082,29633.567041965198,mChi_1,mCherry RNAi,0.7298446616198742,-0.23724112102469963,-20.126136775162646,70,2000
463,24.848076923076924,393.4730769230769,131.64711538461538,1232.0,1.3542617361613165,46697.31923076923,mChi_1,mCherry RNAi,0.8021063422876031,-0.20684207343054561,-21.497863983710676,70,2000
464,24.84286748732802,420.2729905865315,226.55177407675598,1834.0,1.576943546603899,57238.02099927589,mChi_1,mCherry RNAi,0.5724520058225773,-0.13772031097223025,-20.874486689018703,70,2000
465,24.565826330532214,420.8837535014006,134.8655462184874,869.0,1.4466506765991334,48656.38795518207,mChi_1,mCherry RNAi,0.7932656014581745,-0.13254038730004103,-23.659392580300224,70,2000
466,24.390423572744016,425.77593615715165,353.5985267034991,1916.0,1.4762342815847245,42949.951503990174,mChi_1,mCherry RNAi,0.26617751878186513,-0.1278096192541357,-18.304941805835437,70,2000
467,23.46969696969697,429.6599326599327,326.010101010101,791.0,1.5578479241966263,26662.861952861953,mChi_1,mCherry RNAi,0.33242386898561094,-0.1163610387881664,-20.24330367522103,70,2000
468,24.941122355105797,443.30726770929164,208.3771849126035,1353.0,1.4061545649119724,59747.09107635695,mChi_1,mCherry RNAi,0.6153375555838068,-0.07440165868928195,-22.917757334470952,70,2000
469,24.519709543568464,452.71058091286307,196.50726141078837,1261.0,1.3901876120769354,57211.71265560166,mChi_1,mCherry RNAi,0.6435364778302952,-0.048470209038263046,-24.331696528454824,70,2000
470,24.51436515291937,454.8424467099166,236.6209453197405,1459.0,1.8276668519700885,53140.52270620946,mChi_1,mCherry RNAi,0.5468266517661271,-0.04424236814483684,-23.411578456316146,70,2000
471,25.03716814159292,453.8203539823009,179.63362831858407,1490.0,1.4801363043540643,60595.72566371682,mChi_1,mCherry RNAi,0.6841706550951936,-0.0446950258937282,-24.349006295048536,70,2000
472,25.016506922257722,455.6006389776358,319.9142705005325,2230.0,1.5009337559651934,52264.52236421725,mChi_1,mCherry RNAi,0.34619047883615495,-0.04533096565767469,-20.72608361264383,70,2000
473,26.757800105764147,482.10206240084614,149.99735589635114,2324.0,1.3627359391960767,58642.95769434162,mChi_1,mCherry RNAi,0.7545610726889593,0.03364821224997572,-25.459287352491003,70,2000
474,25.121831561733444,482.0220768601799,256.8953393295176,1485.0,1.445082145470017,51702.650040883076,mChi_1,mCherry RNAi,0.49696565254165903,0.028941404409350335,-24.210902278602763,70,2000
475,24.14097744360902,494.5864661654135,269.9398496240602,1422.0,1.7590269399174345,53043.84492481203,mChi_1,mCherry RNAi,0.46499221864405427,0.062381033792460405,-25.739645228178205,70,2000
476,27.121313672922252,492.9711796246649,160.33713136729222,1872.0,1.5092195480152624,61033.52278820375,mChi_1,mCherry RNAi,0.7292525806667234,0.06285103699467864,-25.59869697169674,70,2000
477,25.061946902654867,496.9088495575221,182.04690265486727,1386.0,1.3075479274428423,57960.28672566372,mChi_1,mCherry RNAi,0.6766761116736961,0.07229953190126093,-27.350888327810527,70,2000
478,25.327229299363058,499.4156050955414,253.4920382165605,1626.0,1.4729336847534424,58670.25079617834,mChi_1,mCherry RNAi,0.5044969577249343,0.07637766966239257,-25.345532948810742,70,2000
479,24.652834839769927,513.6565324568611,323.6339359079704,2940.0,1.6779684874020209,52841.560805258836,mChi_1,mCherry RNAi,0.3349403489608169,0.11220699938691547,-25.154018349147044,70,2000
480,24.80940794809408,520.3114355231144,214.8905109489051,1450.0,1.3913786547014886,56375.08110300081,mChi_1,mCherry RNAi,0.596632354553168,0.13456086886196772,-28.398792237446994,70,2000
481,23.687753036437247,537.3962550607288,318.2307692307692,2405.0,1.6573906283020892,42708.50506072875,mChi_1,mCherry RNAi,0.346968346621624,0.17673556840787996,-27.964771299029326,70,2000
482,24.23145212428662,587.2219403931515,315.68103994927077,1865.0,1.6691950228020287,51881.66962587191,mChi_1,mCherry RNAi,0.35119783517936476,0.31233251365787007,-31.066054337408207,70,2000
483,25.32930513595166,584.9129909365558,281.33293051359516,1969.0,1.4395441755156149,56580.15407854985,mChi_1,mCherry RNAi,0.4340942928803282,0.3076134594249289,-30.729170429396163,70,2000
484,25.172888015717092,606.2136542239685,317.9557956777996,2456.0,1.8380731220203217,53166.47986247544,mChi_1,mCherry RNAi,0.3450350959337771,0.3640348166287428,-31.42882849114618,70,2000
485,25.188,642.5225,279.783,2666.0,1.479489506927822,59775.956,mChi_1,mCherry RNAi,0.4355688686860151,0.4641876407812593,-35.04503104655238,70,2000
486,25.299939649969826,660.87929993965,353.1774290887145,2106.0,1.6000189948474808,46688.66626433313,mChi_1,mCherry RNAi,0.25806563309807995,0.5112287410240233,-34.27735496128837,70,2000
487,26.618904274533413,662.4780252859723,288.51595424443104,2389.0,1.6369223553593566,59435.6014449127,mChi_1,mCherry RNAi,0.4138423285277457,0.5183533168693977,-34.81530625172155,70,2000
488,24.64527027027027,685.5743243243244,267.52364864864865,1455.0,1.3986667402222885,32988.79222972973,mChi_1,mCherry RNAi,0.46338405540259164,0.5815430629578422,-39.00457579545207,70,2000
489,25.36376021798365,699.7261580381471,303.97275204359676,1821.0,1.4190543589510325,36801.20231607629,mChi_1,mCherry RNAi,0.37507700370634023,0.6187177701420226,-38.32366363389437,70,2000
490,25.461336828309307,776.7929226736566,361.06028833551767,1974.0,1.6908758950593805,39589.93643512451,mChi_1,mCherry RNAi,0.234559962278456,0.8259236207072624,-42.22095421850758,70,2000
491,25.045871559633028,137.14373088685016,379.908256880734,589.0,1.4670124276719927,17179.850152905197,mChi_1,mCherry RNAi,0.21411660863063298,-0.9130028970435292,3.7643435482087,70,2000
492,25.70893054024256,202.55567805953694,415.84674751929435,1191.0,1.5850144801919512,25754.371554575522,mChi_1,mCherry RNAi,0.12503394698664172,-0.7365307748386221,0.6985068558284162,70,2000
493,24.66025641025641,219.63621794871796,255.66185897435898,839.0,1.5814356868582313,20303.56730769231,mChi_1,mCherry RNAi,0.5101565443587959,-0.6840787377086357,-5.878911815277794,70,2000
494,26.06461086637298,223.78854625550662,388.1556534508076,788.0,1.3579681061498845,30546.681350954477,mChi_1,mCherry RNAi,0.19092930101249306,-0.677685420520516,-1.2146877545006944,70,2000
495,24.817460317460316,234.40376984126985,341.17063492063494,1156.0,1.340400861310322,27605.729166666668,mChi_1,mCherry RNAi,0.3036151564384726,-0.6472540818043218,-4.482909507649769,70,2000
496,26.399280575539567,254.71103117505996,418.2338129496403,1037.0,1.4848992734099828,22312.237410071943,mChi_1,mCherry RNAi,0.11728975669809705,-0.5947671076008142,-2.2909837623704554,70,2000
497,25.05960264900662,262.2317880794702,280.92185430463576,884.0,1.3105759298914141,33491.61854304636,mChi_1,mCherry RNAi,0.44767112777727047,-0.5692407400080017,-7.85775871520247,70,2000
498,26.014619883040936,263.17397660818716,235.55847953216374,848.0,1.4388694745348953,26407.07894736842,mChi_1,mCherry RNAi,0.5569654028196784,-0.5647241248736499,-8.192680091356971,70,2000
499,24.553997194950913,278.7096774193548,277.18373071528754,850.0,1.4904333742456057,27506.042075736324,mChi_1,mCherry RNAi,0.4560005396452025,-0.5244192443721878,-9.644609589348086,70,2000
500,26.372756071805703,279.8120380147835,254.19007391763463,1163.0,1.52732111481312,27408.43611404435,mChi_1,mCherry RNAi,0.511457838330241,-0.5201697752228258,-8.528440880048262,70,2000
501,23.68663594470046,290.66820276497697,777.7672811059908,588.0,1.6177857227685268,23340.99539170507,mChi_1,mCherry RNAi,-0.7503308977209678,-0.5116123398059673,2.090095426920225,70,2000
502,25.428308823529413,304.93382352941177,168.07904411764707,703.0,1.4374983155393135,20023.79411764706,mChi_1,mCherry RNAi,0.7178430125193243,-0.44873495872416946,-13.58749908963998,70,2000
503,25.496007984031937,307.624750499002,379.1576846307385,1154.0,1.571884675617735,33628.300399201595,mChi_1,mCherry RNAi,0.20929386065600575,-0.44963940673864733,-8.03850419918931,70,2000
504,25.590184049079756,311.6944785276074,229.10306748466257,1000.0,1.4407428636185609,26433.54355828221,mChi_1,mCherry RNAi,0.5705937579404501,-0.43271177612348577,-12.270608311198592,70,2000
505,25.586898395721924,309.75267379679144,277.3596256684492,947.0,1.6828234344583746,23197.56550802139,mChi_1,mCherry RNAi,0.45442853685757223,-0.4398703432825207,-10.837254333156721,70,2000
506,26.089965397923876,318.6066897347174,297.33217993079586,1183.0,1.5512192815665242,22757.378316032296,mChi_1,mCherry RNAi,0.4060038928662981,-0.4164912656153814,-10.433979409684012,70,2000
507,26.26140757927301,340.52513534416084,199.4338747099768,1600.0,1.374529560190193,39093.7501933488,mChi_1,mCherry RNAi,0.6409768253614712,-0.35308190020295804,-14.467483432373983,70,2000
508,25.095495495495495,373.45765765765765,344.2027027027027,1314.0,1.7240926471138196,23956.076576576575,mChi_1,mCherry RNAi,0.29089754616166963,-0.2694684198644032,-14.100862555518646,70,2000
509,26.106508875739646,380.92899408284023,124.1025641025641,1257.0,1.4434328634474918,34440.89151873767,mChi_1,mCherry RNAi,0.8208478770855412,-0.24038639598211342,-19.54595719256439,70,2000
510,25.02016129032258,397.43413978494624,143.61693548387098,935.0,1.309188269958087,34731.25134408602,mChi_1,mCherry RNAi,0.7731293051871095,-0.19651159582784627,-21.288687165435068,70,2000
511,28.15184381778742,405.61431670281996,238.72798264642083,2896.0,1.676012784061386,40624.846420824295,mChi_1,mCherry RNAi,0.5438999938860534,-0.17737637642878845,-16.196182112135986,70,2000
512,25.66839378238342,410.4062176165803,171.62072538860104,1235.0,1.4696322346514636,42849.46735751296,mChi_1,mCherry RNAi,0.7052071193394256,-0.1622271589957489,-20.820222818258507,70,2000
513,26.645276292335115,428.14973262032083,201.56060606060606,1468.0,1.4291006893350267,53959.189839572195,mChi_1,mCherry RNAi,0.6324553167115454,-0.11498824091967252,-20.314361143079836,70,2000
514,26.623888182973317,413.4066073697586,285.9250317662008,1303.0,1.9175150518990098,31083.731893265565,mChi_1,mCherry RNAi,0.4298119911091325,-0.15834303427226482,-17.009890877398284,70,2000
515,25.310544611819235,442.6859791425261,145.47276940903825,1095.0,1.5186753548916987,46430.63267670915,mChi_1,mCherry RNAi,0.7669095370875161,-0.0735646662066265,-24.195944590609358,70,2000
516,25.893512851897185,442.718482252142,98.23255813953489,1023.0,1.5154755143519034,40213.10771113831,mChi_1,mCherry RNAi,0.8807371663550625,-0.07151988899675255,-24.88701040651741,70,2000
517,25.410187667560322,445.52815013404825,253.54066130473637,1384.0,1.6397393402822475,48797.57372654155,mChi_1,mCherry RNAi,0.5064897428895692,-0.07003556040150616,-21.3952539896448,70,2000
518,24.657276995305164,451.3114241001565,161.32550860719874,971.0,1.6934638165313245,60385.0813771518,mChi_1,mCherry RNAi,0.7283458185775666,-0.05087336883825666,-25.039961580891365,70,2000
519,25.269417475728154,452.56796116504853,269.83899676375404,1551.0,1.6385374412917366,49724.01537216829,mChi_1,mCherry RNAi,0.46694644555272413,-0.05156950956605033,-21.6025364900464,70,2000
520,26.42319430315361,468.2797558494405,147.78433367243133,1173.0,1.2721474461304185,56818.08341810783,mChi_1,mCherry RNAi,0.760410906394994,-0.0038904457415049887,-24.860696155392013,70,2000
521,25.603868797308664,468.70227081581163,222.94869638351557,1497.0,1.3856568379241756,47489.69974768713,mChi_1,mCherry RNAi,0.5792868541003078,-0.005834011116421567,-23.68723637137065,70,2000
522,27.23127572016461,474.2493827160494,102.0320987654321,1442.0,1.3052810848956033,52715.083950617285,mChi_1,mCherry RNAi,0.8704363778284443,0.014273434914392258,-25.71327846760574,70,2000
523,26.003399048266484,476.66213460231137,176.19578518014956,1797.0,1.5282491982940143,54788.009517335144,mChi_1,mCherry RNAi,0.6916196423618333,0.017696614386681242,-25.116864037523555,70,2000
524,25.16931818181818,481.03409090909093,270.90909090909093,1042.0,1.3037240598581357,53096.74318181818,mChi_1,mCherry RNAi,0.46325073301856534,0.025719714611601274,-23.71592979394628,70,2000
525,27.180339985218033,478.539541759054,234.11012564671103,1843.0,1.5252752824326483,57608.24020694752,mChi_1,mCherry RNAi,0.5521148273566829,0.02077140298233715,-22.52113305165008,70,2000
526,26.22482638888889,482.63715277777777,217.33072916666666,1443.0,1.5408274989277586,53989.48871527778,mChi_1,mCherry RNAi,0.5923137792176612,0.032372161922471054,-24.21891987794021,70,2000
527,25.729023383768915,500.7582530949106,360.31361760660246,3430.0,1.4957330352973033,47687.900275103166,mChi_1,mCherry RNAi,0.24715663694711454,0.07594013257355403,-22.169498785556453,70,2000
528,26.00287976961843,522.4096472282217,149.85241180705543,1749.0,1.4165677542677904,56723.0309575234,mChi_1,mCherry RNAi,0.7532889592444498,0.14303270666569978,-29.107829067109694,70,2000
529,26.341772151898734,534.9234478601567,302.34779987944546,2087.0,1.4391771052943885,58765.82338758288,mChi_1,mCherry RNAi,0.3854888945265025,0.17115724136015853,-25.568129323381424,70,2000
530,26.37129012719564,545.1471835251363,247.2053301029679,1992.0,1.5070035986910193,59813.80375529982,mChi_1,mCherry RNAi,0.5179191171712645,0.2010938185104547,-27.754649182753923,70,2000
531,26.625990491283677,593.5871632329636,195.6553090332805,1481.0,1.4250419676058677,57245.415213946115,mChi_1,mCherry RNAi,0.6402171445248213,0.3347790720928958,-32.361967150368216,70,2000
532,25.83288770053476,596.5708556149733,235.72058823529412,992.0,1.5313500785486591,52957.077540106955,mChi_1,mCherry RNAi,0.5435416956139651,0.34116859714211034,-32.28970907009938,70,2000
533,25.765083440308086,600.390243902439,250.09884467265726,999.0,1.4912429951180615,39368.15532734275,mChi_1,mCherry RNAi,0.5087538213428866,0.3509730435024494,-32.24480350345406,70,2000
534,27.878099173553718,628.8684573002755,293.0971074380165,1962.0,1.5671115826621882,52243.10399449036,mChi_1,mCherry RNAi,0.40419818009460107,0.4270954195198704,-31.025272750243097,70,2000
535,25.706437291897892,642.2869034406216,228.71143174250832,2449.0,1.5197172640919216,53833.35960044395,mChi_1,mCherry RNAi,0.5586319691525004,0.46564061008662616,-35.88420359409449,70,2000
536,25.996747967479674,649.069918699187,247.33577235772358,1508.0,1.8033972298396794,53047.345528455284,mChi_1,mCherry RNAi,0.5135225847375648,0.48340292745235347,-35.58071662314299,70,2000
537,25.91,679.8075,308.75,1444.0,1.4575832465361145,50507.63916666667,mChi_1,mCherry RNAi,0.3643814547034956,0.5645141943439489,-36.22149798774489,70,2000
538,26.225563909774436,685.7657605552342,357.3342972816657,2120.0,1.6999941452935663,33774.553499132446,mChi_1,mCherry RNAi,0.24713802180743083,0.5788722683575398,-35.02822599741244,70,2000
539,26.791469194312796,730.2696155871512,293.8967877830437,2354.0,1.3901397584759434,48769.99052132702,mChi_1,mCherry RNAi,0.3982438214761468,0.7023866048785841,-39.36242798418279,70,2000
540,31.441272430668842,140.4543230016313,468.115823817292,2122.0,1.352336702328798,21228.3295269168,mChi_1,mCherry RNAi,0.0019094651914115524,-0.9061889817807489,12.274760212489507,70,2000
541,26.294050343249427,161.22196796338673,509.1270022883295,1090.0,1.5613561128687676,25775.24942791762,mChi_1,mCherry RNAi,-0.09800964225381559,-0.852368191272777,6.755183825317161,70,2000
542,26.491484184914842,186.23357664233578,446.4063260340633,604.0,1.8829810449207856,14310.917274939173,mChi_1,mCherry RNAi,0.05210788119277776,-0.7819202523828523,3.4713726426327156,70,2000
543,25.644444444444446,196.07222222222222,361.05833333333334,516.0,1.3313576021841251,15467.875,mChi_1,mCherry RNAi,0.2572580309323924,-0.7520247039893284,-0.37353342625857877,70,2000
544,25.28235294117647,216.70352941176472,438.4541176470588,591.0,1.6406247971248815,13379.69411764706,mChi_1,mCherry RNAi,0.06999799871598844,-0.6990523121990464,-0.13411294436848564,70,2000
545,26.861878453038674,216.75138121546962,555.7149171270718,1058.0,1.4085050754983472,41700.71602209945,mChi_1,mCherry RNAi,-0.21236466129738396,-0.7031836756739065,4.589732457665487,70,2000
546,27.71757575757576,215.72,213.95515151515153,1077.0,1.7170977094889988,18897.358787878788,mChi_1,mCherry RNAi,0.6109629979425821,-0.6924930976381996,-3.670830731563715,70,2000
547,27.841903300076748,220.32847275518034,568.7429009976976,1530.0,1.3195870930067977,50480.70759785111,mChi_1,mCherry RNAi,-0.24382541245236455,-0.693778987726781,5.6604708530409305,70,2000
548,26.076648841354725,245.68092691622104,189.77361853832443,679.0,1.634202427553871,17532.919786096256,mChi_1,mCherry RNAi,0.6679395191529947,-0.6104604425852111,-8.106624889315166,70,2000
549,25.87057387057387,258.3931623931624,295.77899877899875,965.0,1.5013571776096757,28165.361416361415,mChi_1,mCherry RNAi,0.4120834179064041,-0.5800912292494672,-6.374347888804207,70,2000
550,26.556616643929058,253.3424283765348,476.44884038199183,876.0,1.5699321869562912,34743.10504774898,mChi_1,mCherry RNAi,-0.022875928319056604,-0.6007248177203088,-0.47088584804400213,70,2000
551,27.694017094017095,340.82678062678065,458.33105413105415,2116.0,1.6409638149673669,29700.679202279203,mChi_1,mCherry RNAi,0.01742005196698715,-0.36207479648885765,-6.10063082815612,70,2000
552,27.081932773109244,353.1659663865546,233.39180672268907,1155.0,1.3868395247161611,32564.23739495798,mChi_1,mCherry RNAi,0.5587358887014817,-0.3198958328395649,-13.64339794800545,70,2000
553,27.037549407114625,379.8300395256917,301.197628458498,850.0,1.8004952544826023,27826.07114624506,mChi_1,mCherry RNAi,0.3943603623396901,-0.25009432844800417,-13.777848441494255,70,2000
554,25.79298245614035,391.94152046783626,172.68654970760235,1143.0,1.6228931380724887,31947.828070175437,mChi_1,mCherry RNAi,0.7033686934245285,-0.21241809095734676,-19.34256255629305,70,2000
555,26.41090425531915,388.2938829787234,286.01329787234044,1065.0,1.6586161338280572,23239.521276595744,mChi_1,mCherry RNAi,0.43056700160247496,-0.22662680633515453,-15.418115962619241,70,2000
556,29.992226148409895,384.48551236749114,296.652296819788,2099.0,1.5146096799411317,30072.874911660776,mChi_1,mCherry RNAi,0.4053109631984251,-0.23668601852672544,-11.288067668827177,70,2000
557,26.62346368715084,395.6737430167598,119.88715083798883,1127.0,1.5817249483792026,34941.772067039106,mChi_1,mCherry RNAi,0.83045822221367,-0.20005471206690395,-20.201737456561055,70,2000
558,27.584277148567622,403.7221852098601,217.1952031978681,1811.0,1.4802501322066117,45011.77015323118,mChi_1,mCherry RNAi,0.595806995820354,-0.18178986863711188,-17.205205179728654,70,2000
559,27.546675621222295,421.9140362659503,161.46742780389522,1796.0,1.4098922247592582,59234.75352585628,mChi_1,mCherry RNAi,0.7293317162999935,-0.1301920147690948,-20.04606988010492,70,2000
560,27.972565157750342,431.9272976680384,316.89437585733884,1806.0,1.586393855840012,43087.8353909465,mChi_1,mCherry RNAi,0.35457315446860105,-0.1089593579015431,-16.161411819632185,70,2000
561,26.441777777777776,449.28711111111113,87.4071111111111,1411.0,1.7942050764717263,35919.70844444444,mChi_1,mCherry RNAi,0.9065911154147959,-0.0531411894648528,-25.102663118985515,70,2000
562,27.225,450.8407894736842,116.31447368421053,934.0,1.3901107978985403,50031.48684210526,mChi_1,mCherry RNAi,0.8369467666562782,-0.049892505802821674,-23.656079882480583,70,2000
563,28.31137254901961,451.33098039215685,169.57019607843137,1543.0,1.5230421092247253,60432.953725490195,mChi_1,mCherry RNAi,0.7087122302051616,-0.0504233495335924,-21.176363180259283,70,2000
564,26.555628272251308,459.163612565445,250.8455497382199,1929.0,1.530942271969561,53019.94568062827,mChi_1,mCherry RNAi,0.51252035035442,-0.03265385121440301,-21.30393680337419,70,2000
565,25.768147345612135,477.9003250270856,133.88407367280607,1126.0,1.4042445209627077,50862.53412784399,mChi_1,mCherry RNAi,0.7934775194982087,0.022664583201271515,-26.577752987835765,70,2000
566,26.641656662665067,482.48019207683075,342.1452581032413,2014.0,1.695031101926145,44301.162665066026,mChi_1,mCherry RNAi,0.2916913753868424,0.027161184834264995,-20.43658564054794,70,2000
567,27.014766958929396,483.6326718966313,383.1984310106138,2516.0,1.3797152777279322,50644.25057683433,mChi_1,mCherry RNAi,0.19278026876253684,0.028765521474874767,-19.043600572951277,70,2000
568,26.491408934707902,494.7628865979381,199.31958762886597,949.0,1.6165368363868142,61096.03264604811,mChi_1,mCherry RNAi,0.6352421437924531,0.06607589671647829,-25.307309525768407,70,2000
569,26.700542005420054,497.5948509485095,141.9512195121951,1124.0,1.7205293152251058,49155.0460704607,mChi_1,mCherry RNAi,0.7733340028814293,0.07604901014714383,-26.84424589726561,70,2000
570,27.224558452481077,505.17746005046257,190.771236333053,1428.0,1.3633881247693589,56719.56938603869,mChi_1,mCherry RNAi,0.6554722749537343,0.09485269188794021,-25.553339073091067,70,2000
571,26.42581300813008,504.8394308943089,214.29369918699186,1144.0,1.3482131508211357,56651.742886178865,mChi_1,mCherry RNAi,0.5987747111356836,0.09286002954390393,-25.693114848723383,70,2000
572,28.586808923375365,508.8176527643065,227.8525703200776,1345.0,1.4222572577747754,58117.5916585839,mChi_1,mCherry RNAi,0.5660928692153082,0.1035661632713758,-23.45938451760978,70,2000
573,27.72982158028887,513.9073916737468,172.7909940526763,1432.0,1.3898162523626336,57860.56754460493,mChi_1,mCherry RNAi,0.6984736745754769,0.11937477571075861,-26.159280809348523,70,2000
574,26.649270913277054,528.0867229470452,163.20951650038373,1575.0,1.5845237809805366,59418.09286262471,mChi_1,mCherry RNAi,0.7209326655205086,0.15806523402092076,-28.511563031255637,70,2000
575,27.656959024720624,543.0562140196411,373.69285472400946,3568.0,1.5209462798976188,52267.563156112425,mChi_1,mCherry RNAi,0.21339631223151034,0.1907331559308627,-22.92229495134408,70,2000
576,26.35997794928335,555.2877618522602,233.30099228224918,2110.0,1.3520583787218314,57705.05843439912,mChi_1,mCherry RNAi,0.5510152426000652,0.22918856740176086,-28.8672821552557,70,2000
577,27.16600397614314,611.3737574552684,193.36779324055667,1238.0,1.432982026350947,46246.75049701789,mChi_1,mCherry RNAi,0.6450661751330045,0.3833056863700324,-33.16117057474178,70,2000
578,25.660377358490567,622.3129855715871,357.82574916759154,2256.0,1.8211498500927064,29424.056603773584,mChi_1,mCherry RNAi,0.24839744779420414,0.40632264565343323,-31.025999934445473,70,2000
579,26.5398406374502,625.183266932271,225.38446215139442,1243.0,1.4983760730478881,52326.20617529881,mChi_1,mCherry RNAi,0.5673658308654592,0.4194586816318757,-33.91555833610619,70,2000
580,27.392156862745097,645.7361111111111,264.0996732026144,1541.0,1.4634390582696697,53488.63970588235,mChi_1,mCherry RNAi,0.47335846018934635,0.47396472114023647,-33.49954466651214,70,2000
581,27.647915287888814,641.5684976836532,304.31436135009926,1909.0,1.749242745723293,59441.32230311052,mChi_1,mCherry RNAi,0.3766676056702818,0.46112246378300115,-31.86440788742668,70,2000
582,28.417105263157893,638.2390350877193,353.1070175438596,3067.0,1.7961094299601088,39484.22192982456,mChi_1,mCherry RNAi,0.2593132261608233,0.450324186402395,-29.546876570685985,70,2000
583,28.056338028169016,674.8572769953051,258.1605633802817,1390.0,1.27143862863859,32055.569014084507,mChi_1,mCherry RNAi,0.48656849161062454,0.5534573933422149,-35.08633376991122,70,2000
584,25.41256830601093,691.1120218579235,379.26502732240436,798.0,1.9046600016182882,16734.65300546448,mChi_1,mCherry RNAi,0.19405173489427097,0.5923847094991284,-35.63283176241501,70,2000
585,25.351677852348992,758.2241610738255,379.8604026845638,1031.0,1.6936764390534302,17949.228187919463,mChi_1,mCherry RNAi,0.18999251723549793,0.7747124219818895,-40.49262461960818,70,2000
586,24.817961165048544,759.5194174757281,316.11650485436894,696.0,1.8157525752653063,23038.349514563106,mChi_1,mCherry RNAi,0.3434556756295968,0.7806124048868253,-42.83137052267353,70,2000
587,26.427319587628865,784.3680412371134,308.3680412371134,2226.0,1.3870914982459335,48603.91082474227,mChi_1,mCherry RNAi,0.36124970552589986,0.8487517077684019,-43.21786110362271,70,2000
588,27.69815418023887,237.93159609120522,241.27904451682954,1136.0,1.4192480516928487,21609.672095548318,mChi_1,mCherry RNAi,0.5442761875014037,-0.6332069852781289,-4.549242683346325,70,2000
589,27.53053053053053,242.55355355355354,220.8968968968969,1151.0,1.6376584700337462,23273.675675675677,mChi_1,mCherry RNAi,0.5931819586126132,-0.6198860730926044,-5.5959308202910805,70,2000
590,26.980748663101604,275.7465240641711,467.9657754010695,1055.0,1.4864794145035918,35488.76898395722,mChi_1,mCherry RNAi,-0.0032905518864309036,-0.5394323511767745,-1.883480333927718,70,2000
591,27.233527131782946,277.40697674418607,341.27228682170545,1277.0,1.4435698710370888,22540.372093023256,mChi_1,mCherry RNAi,0.3018407921544881,-0.5299310633176619,-5.156558270717959,70,2000
592,27.989886219974714,272.819216182048,494.8078381795196,903.0,1.4670265664843196,33809.26042983565,mChi_1,mCherry RNAi,-0.06777092892725489,-0.5482348546420952,0.05432822753995481,70,2000
593,27.738916256157637,310.3128078817734,242.0024630541872,1074.0,1.6382374742969539,25523.371921182264,mChi_1,mCherry RNAi,0.539709053504559,-0.43654670328398903,-9.682279120602496,70,2000
594,26.842245989304814,308.97058823529414,141.06417112299465,555.0,1.8518891802574489,19248.03743315508,mChi_1,mCherry RNAi,0.782846887685033,-0.43643467075524833,-13.193601382553897,70,2000
595,26.46613545816733,352.9561752988048,190.03718459495352,1018.0,1.529900565912544,29005.41699867198,mChi_1,mCherry RNAi,0.6631388483916412,-0.3188965908886984,-15.407862954373702,70,2000
596,28.69351230425056,351.1565995525727,307.61073825503354,1719.0,1.9362306431771086,27257.36167039523,mChi_1,mCherry RNAi,0.38013523665909044,-0.32793278146142457,-9.89711542416854,70,2000
597,29.090763481046448,362.85584623598504,227.2162306460224,2507.0,1.5896815480586612,35254.928990923654,mChi_1,mCherry RNAi,0.5733580295981273,-0.29292997307256985,-12.501712835011764,70,2000
598,27.857940941739823,360.3048683160415,319.96967278531525,1725.0,1.809360992169632,34730.09577015164,mChi_1,mCherry RNAi,0.3499556797750012,-0.3037204394739419,-11.054337418626094,70,2000
599,27.94301221166893,358.09090909090907,282.1316146540027,1026.0,1.507423693385358,23875.066485753054,mChi_1,mCherry RNAi,0.44119211711439976,-0.30824440347632986,-11.827895935338004,70,2000
600,27.729011689691816,371.4941551540914,169.1413390010627,1185.0,1.5296330748243987,33222.75132837407,mChi_1,mCherry RNAi,0.7128273717442903,-0.26746062145899874,-16.040497543909968,70,2000
601,27.73716012084592,369.07099697885195,261.1389728096677,914.0,1.5388947271717035,26015.71752265861,mChi_1,mCherry RNAi,0.4913177391743364,-0.27763034307463885,-13.385288524501544,70,2000
602,28.067393458870168,376.2576808721507,278.0049554013875,1322.0,1.551442524013333,31118.276511397424,mChi_1,mCherry RNAi,0.4504306185317424,-0.25869473747757943,-13.118229261470605,70,2000
603,27.61111111111111,394.74468085106383,156.74468085106383,1056.0,1.4248536988012588,30331.712765957447,mChi_1,mCherry RNAi,0.7417731080640892,-0.20382212893011287,-18.159471643099405,70,2000
604,26.836644591611478,408.1004415011038,128.59933774834437,1099.0,1.3642803372024586,36405.1412803532,mChi_1,mCherry RNAi,0.809000103260257,-0.1665855876606921,-20.646544938307038,70,2000
605,27.070821529745043,409.99527856468364,143.60906515580737,1367.0,1.4976320826706044,49383.087818696884,mChi_1,mCherry RNAi,0.7727850698884922,-0.1619759541362703,-20.145489048005864,70,2000
606,26.98636926889715,417.70136307311026,239.90334572490707,1086.0,1.3953400263106586,41011.63692688972,mChi_1,mCherry RNAi,0.5405242480299675,-0.14480734978301446,-18.193840710103835,70,2000
607,26.910087719298247,420.92543859649123,113.65789473684211,604.0,1.499889065641755,33198.6600877193,mChi_1,mCherry RNAi,0.8444948352261206,-0.13113940717395,-21.895151593520847,70,2000
608,28.17248908296943,427.2543668122271,222.94213973799125,1255.0,1.5794222026379545,58518.383187772924,mChi_1,mCherry RNAi,0.581081142420393,-0.1179546299813059,-18.15258460180984,70,2000
609,28.70083932853717,437.51079136690646,270.1091127098321,2341.0,1.4753275181153658,53940.23021582734,mChi_1,mCherry RNAi,0.46709711690724687,-0.09182012345819768,-17.09363448191917,70,2000
610,29.288359788359788,435.910582010582,285.1883597883598,2641.0,1.5073289560049932,56040.96666666667,mChi_1,mCherry RNAi,0.4308730905861571,-0.09664078087928996,-15.987646070002521,70,2000
611,28.1875,456.7090517241379,284.86278735632186,1705.0,1.4568685683886538,57987.3433908046,mChi_1,mCherry RNAi,0.4307765739613305,-0.04032910068514728,-18.586247967905294,70,2000
612,27.366753246753248,462.41402597402595,384.945974025974,2318.0,1.478951098945682,31866.595844155843,mChi_1,mCherry RNAi,0.1894214069593645,-0.028890554883203468,-17.123296797887907,70,2000
613,26.73522975929978,463.76148796498904,133.92122538293216,1075.0,1.3778959158986654,57200.130196936545,mChi_1,mCherry RNAi,0.7940003599444518,-0.015566021565457389,-24.59809695184774,70,2000
614,28.06021505376344,460.9204301075269,91.88924731182796,1145.0,1.3391486525250513,40341.97956989247,mChi_1,mCherry RNAi,0.8954406909594264,-0.021386728886453543,-24.203141584398345,70,2000
615,27.24590163934426,467.900675024108,161.6499517839923,1278.0,1.4005044505942474,53961.701060752166,mChi_1,mCherry RNAi,0.7270771999526908,-0.005299395285110142,-23.640451125044642,70,2000
616,27.19419237749546,480.2504537205082,200.0453720508167,962.0,1.8532619048898282,49081.43375680581,mChi_1,mCherry RNAi,0.6341043682010767,0.026751319315100552,-23.545858269930243,70,2000
617,28.656768558951963,480.6637554585153,326.1834061135371,2802.0,1.6802523242540375,47223.78864628821,mChi_1,mCherry RNAi,0.3303365994623937,0.023243881925976595,-18.726186020110628,70,2000
618,26.80909090909091,495.6809090909091,230.9490909090909,1378.0,1.6199261508804328,53858.49363636364,mChi_1,mCherry RNAi,0.5590365763376053,0.06739967022962667,-24.206110725778434,70,2000
619,27.828025477707005,496.0750176928521,309.03680113234253,1826.0,1.934687628441459,55604.80750176928,mChi_1,mCherry RNAi,0.37098607160079267,0.0656263082421551,-21.119166154996602,70,2000
620,30.4590570719603,499.48221670802315,203.84863523573202,1488.0,1.3099561876873664,58994.34491315136,mChi_1,mCherry RNAi,0.6243947425650935,0.07950305565726978,-21.568164273096468,70,2000
621,27.6801652892562,511.90743801652894,158.999173553719,1530.0,1.3582892535591355,58091.252892561984,mChi_1,mCherry RNAi,0.731770573497569,0.11446829875727915,-26.436074900673443,70,2000
622,27.387453874538746,513.949569495695,132.04674046740467,1077.0,1.3633981503310038,51312.13407134071,mChi_1,mCherry RNAi,0.7965959023171081,0.12101066486602319,-27.599021750793522,70,2000
623,27.74744437763079,515.0932050511125,275.67047504509924,2276.0,1.7391123557213297,59190.28202044498,mChi_1,mCherry RNAi,0.45061137236399573,0.11858925160375278,-23.46101418828627,70,2000
624,28.54533152909337,528.7462787550744,199.92422192151557,1716.0,1.322988490963837,54232.40663058187,mChi_1,mCherry RNAi,0.6325859867304429,0.15879869406992353,-25.681372342395864,70,2000
625,27.03191489361702,559.1429521276596,271.7420212765957,1767.0,1.4930553047790933,53779.796542553195,mChi_1,mCherry RNAi,0.45830929840453405,0.2382975315576248,-27.440483821305254,70,2000
626,28.341118188251947,561.7126680820949,252.29228591648973,1686.0,1.455472352686365,58523.08492569002,mChi_1,mCherry RNAi,0.5051409899522037,0.24629588094648303,-26.842377564286117,70,2000
627,28.939475453934097,590.1197041022192,225.53396099529255,1815.0,1.447141041147839,56524.37861466039,mChi_1,mCherry RNAi,0.5685243491115937,0.32464684138117783,-29.003256587099795,70,2000
628,29.450648055832502,591.4454636091725,399.014556331007,6280.0,1.6249891347485022,40087.768693918246,mChi_1,mCherry RNAi,0.15062260704501362,0.3215859374076946,-23.92491731172352,70,2000
629,28.589028776978417,614.7976618705036,250.53956834532374,1350.0,1.2610607614597225,53122.94694244604,mChi_1,mCherry RNAi,0.5073049462289805,0.39066007861946095,-30.450998308375425,70,2000
630,27.672990063233964,625.813911472448,271.5862691960253,1467.0,1.43781758545915,55597.6820234869,mChi_1,mCherry RNAi,0.4561202541518641,0.41959371225376074,-31.58891422821947,70,2000
631,29.47940446650124,630.4684863523573,254.2833746898263,2645.0,1.634661664809196,59769.10570719603,mChi_1,mCherry RNAi,0.4977300793812802,0.43327125991063875,-30.58692567615585,70,2000
632,28.285951098217986,645.0455864069623,382.0903439701616,2936.0,1.635910963908594,49821.53667633651,mChi_1,mCherry RNAi,0.18922390907242415,0.46766371723069544,-29.386817029976022,70,2000
633,28.98303101228789,659.225277940316,300.55354008191927,2213.0,1.6289025593283466,58816.33528379169,mChi_1,mCherry RNAi,0.3851200249421307,0.5095100827449777,-31.901140323002025,70,2000
634,28.634163208852005,689.9218533886584,240.48063623789764,1833.0,1.4714334182564077,35387.730290456435,mChi_1,mCherry RNAi,0.5286035774440141,0.5951950759667763,-36.06634424637984,70,2000
635,28.30269058295964,704.5979073243648,258.69880418535126,1716.0,1.661980553414571,35529.538863976086,mChi_1,mCherry RNAi,0.48412566042843097,0.6342986434868185,-36.96003321988939,70,2000
636,27.29553903345725,718.7741635687732,452.3057620817844,1559.0,1.645378336308634,26313.601301115243,mChi_1,mCherry RNAi,0.01714707861376863,0.6650730319447387,-33.77646845013395,70,2000
637,28.726012793176974,142.69296375266524,486.9872068230277,1488.0,1.4731451875355908,15539.075692963752,mChi_1,mCherry RNAi,-0.04380426141627325,-0.9013755065424122,9.914197856514306,70,2000
638,31.533905579399143,171.5862660944206,480.3167381974249,1867.0,1.5360545601854432,18750.91845493562,mChi_1,mCherry RNAi,-0.028690420203687284,-0.8220520727983547,10.461505868076213,70,2000
639,27.798657718120804,205.93064876957496,487.9351230425056,673.0,1.4385603084175607,14173.494407158836,mChi_1,mCherry RNAi,-0.04861519344348264,-0.7297598726919048,4.477944960899503,70,2000
640,30.444444444444443,206.3965811965812,444.34188034188037,1791.0,1.5289519388767736,27675.54017094017,mChi_1,mCherry RNAi,0.05653883308915786,-0.7262740213587919,5.910580543711255,70,2000
641,30.287787182587667,224.46795646916567,273.2496977025393,2013.0,1.2685614878461977,27161.249093107617,mChi_1,mCherry RNAi,0.4679517528448889,-0.6705289795396927,-0.14176036782849977,70,2000
642,28.107708553326294,242.0506863780359,351.7856388595565,1126.0,1.4542979669833673,28128.911298838437,mChi_1,mCherry RNAi,0.27795140633808413,-0.6262422838467587,-1.4656055572242437,70,2000
643,27.751453488372093,253.44622093023256,259.29651162790697,822.0,1.450663225531874,23216.377906976744,mChi_1,mCherry RNAi,0.5002728763228081,-0.59174131581843,-5.124851178641599,70,2000
644,28.168018539976824,286.4519119351101,223.93163383545772,1044.0,1.3718228618165673,23467.860950173814,mChi_1,mCherry RNAi,0.584196870679083,-0.5005946683549368,-8.028302625155128,70,2000
645,27.90215053763441,291.3494623655914,317.65913978494626,1074.0,1.4628268343075461,26266.654838709677,mChi_1,mCherry RNAi,0.3582173440261094,-0.49099324202338834,-6.125037396811621,70,2000
646,28.77710843373494,296.675702811245,237.25401606425703,1229.0,1.5243043552052349,24802.588353413656,mChi_1,mCherry RNAi,0.5517443118331624,-0.4732133932327297,-7.796374328752654,70,2000
647,29.402185792349727,303.81639344262294,326.65355191256833,1162.0,1.453816236952438,25421.130054644807,mChi_1,mCherry RNAi,0.3361577892557712,-0.457172824351758,-5.282072552598542,70,2000
648,28.89590643274854,308.6304093567251,206.7111111111111,1119.0,1.6249955170029982,25368.55789473684,mChi_1,mCherry RNAi,0.6248568054363786,-0.43951483769068866,-9.356742745371896,70,2000
649,27.549266247379453,341.7295597484277,278.0985324947589,660.0,1.499292569755676,22849.844863731658,mChi_1,mCherry RNAi,0.45152162459320744,-0.35262303099349235,-11.15503245547771,70,2000
650,28.415800415800415,348.58004158004155,206.37422037422039,818.0,1.5533307234356368,30350.44282744283,mChi_1,mCherry RNAi,0.6240781123323125,-0.33104149535675276,-12.710756192582858,70,2000
651,28.28808864265928,358.6204986149584,129.27008310249306,896.0,1.320036616938248,21989.362880886427,mChi_1,mCherry RNAi,0.809407199084202,-0.30077758077705874,-15.631303327203632,70,2000
652,28.160714285714285,362.34375,146.25446428571428,1104.0,1.5009871042318184,29051.7578125,mChi_1,mCherry RNAi,0.7683417198957885,-0.29134768693611734,-15.568833130566212,70,2000
653,28.0404984423676,363.8317757009346,160.43146417445482,833.0,1.519315637709922,30685.576323987538,mChi_1,mCherry RNAi,0.7341264367180098,-0.2878806765640549,-15.414327576333823,70,2000
654,30.5440329218107,362.53251028806585,273.2139917695473,1629.0,1.3790764364753416,32160.879835390948,mChi_1,mCherry RNAi,0.462661113126023,-0.2953162948655791,-9.792930065341212,70,2000
655,28.23634881825591,365.06438467807664,244.80929095354523,1464.0,1.4363060612039706,35790.508557457215,mChi_1,mCherry RNAi,0.5308403437020581,-0.2877826434852021,-13.039106366670923,70,2000
656,29.287739783152627,365.0116763969975,183.42869057547958,1539.0,1.4379671906458646,38260.589658048375,mChi_1,mCherry RNAi,0.6787619130033289,-0.2853260044742424,-13.637157739814056,70,2000
657,28.079396984924625,384.1969849246231,212.55979899497487,1237.0,1.5871418582224164,29150.08944723618,mChi_1,mCherry RNAi,0.6077661894028494,-0.2345673651348822,-15.43528485375898,70,2000
658,28.498106060606062,382.6496212121212,139.7935606060606,845.0,1.700587668166646,26190.757575757576,mChi_1,mCherry RNAi,0.7831326580659927,-0.23585259097324873,-16.86300876950689,70,2000
659,27.355212355212355,392.4787644787645,255.76061776061775,973.0,1.5205810161177729,26428.380952380954,mChi_1,mCherry RNAi,0.5033351706779261,-0.21389012433147114,-15.590137782372274,70,2000
660,28.109154929577464,391.78521126760563,227.98591549295776,1110.0,1.6870245365856753,33422.78755868544,mChi_1,mCherry RNAi,0.5703130775434146,-0.21454358291201814,-15.535335989875406,70,2000
661,28.107078039927405,395.36842105263156,331.36751361161527,1373.0,1.7705514140288088,28386.676950998186,mChi_1,mCherry RNAi,0.321146408378298,-0.20883814437028203,-13.01521815232076,70,2000
662,28.91015625,401.16964285714283,268.44029017857144,2264.0,1.5366730167464098,32076.651227678572,mChi_1,mCherry RNAi,0.4725494237694028,-0.19046321392795895,-14.322432486292186,70,2000
663,29.700312989045383,412.0093896713615,358.01564945226914,1690.0,1.7114687066226888,32131.33411580595,mChi_1,mCherry RNAi,0.2564051547596542,-0.16434565382882382,-11.904205582796655,70,2000
664,28.346014492753625,421.8478260869565,178.33876811594203,1680.0,1.5895343618620774,60405.59963768116,mChi_1,mCherry RNAi,0.6887441250965536,-0.13087258957012293,-18.790767390915263,70,2000
665,29.17434869739479,424.311623246493,146.54909819639278,1263.0,1.4135262181444634,45189.73647294589,mChi_1,mCherry RNAi,0.7652746262840464,-0.12277545900985476,-18.996259620774925,70,2000
666,29.39120188531029,424.7761194029851,128.78397486252945,1653.0,1.5077675446127083,55317.852317360564,mChi_1,mCherry RNAi,0.8080627582542141,-0.12077801340405603,-19.290961053555442,70,2000
667,29.130592503022974,429.48851269649333,105.62636033857315,1063.0,1.4200015871660707,36372.84522370012,mChi_1,mCherry RNAi,0.8636447904759383,-0.10712142749785691,-20.511464710997696,70,2000
668,29.05029013539652,434.9961315280464,154.394584139265,1326.0,1.4549228098224758,48457.90909090909,mChi_1,mCherry RNAi,0.7459513166340377,-0.09407286772472223,-19.67561859709261,70,2000
669,29.781376518218625,438.60475708502025,303.25961538461536,2529.0,1.5665144714811239,58582.48734817814,mChi_1,mCherry RNAi,0.38726828167491156,-0.08992760003359479,-15.20355626639884,70,2000
670,28.768267223382047,441.13430758524703,187.27835768963118,1751.0,1.4528675132217004,59218.72581767572,mChi_1,mCherry RNAi,0.6664832960293499,-0.0787312371355221,-19.51317229682854,70,2000
671,29.352353780313837,444.5734664764622,202.8830242510699,939.0,1.5547212108205535,58021.10699001427,mChi_1,mCherry RNAi,0.6287965915242966,-0.0698796490174961,-18.758041507405036,70,2000
672,29.700873362445414,458.721615720524,155.37008733624455,1274.0,1.3421187889893298,60216.52401746725,mChi_1,mCherry RNAi,0.7427152632163125,-0.029514075363288317,-20.70295238143119,70,2000
673,29.19075630252101,460.27899159663866,233.36302521008403,1503.0,1.494376656600232,43916.632773109246,mChi_1,mCherry RNAi,0.5547525997047309,-0.02842339739105848,-19.22657343589924,70,2000
674,29.594650205761315,453.9917695473251,142.4423868312757,1266.0,1.5292588055091096,47260.60390946502,mChi_1,mCherry RNAi,0.7740337717027519,-0.041883263194417375,-20.81705508013871,70,2000
675,28.850563909774436,468.22086466165416,188.9295112781955,1297.0,1.4458800809553878,45685.46992481203,mChi_1,mCherry RNAi,0.6614531394382743,-0.005177505937681626,-21.33010473640487,70,2000
676,29.46371976647206,460.82652210175144,264.6188490408674,1586.0,1.37888477423402,51819.773144286904,mChi_1,mCherry RNAi,0.47945884697961816,-0.028100578127513653,-18.15342590942346,70,2000
677,32.094418960244646,475.1796636085627,122.67545871559633,3497.0,1.6118272377710081,56234.720183486235,mChi_1,mCherry RNAi,0.8209763044613261,0.016952418120204316,-20.376206684462456,70,2000
678,29.425671969281403,501.64947888096543,111.4503565551289,2248.0,1.4626261166648686,56131.272078990674,mChi_1,mCherry RNAi,0.8468157411763308,0.08879151141490782,-25.238007334637437,70,2000
679,28.49586776859504,500.02479338842977,269.1840721262209,1742.0,1.6194007549202585,59134.127723516154,mChi_1,mCherry RNAi,0.466870934443232,0.07804408971354082,-21.808057180244173,70,2000
680,29.319634703196346,513.5598173515982,204.9442922374429,1279.0,1.3823339188911576,56729.83196347032,mChi_1,mCherry RNAi,0.6211348645710839,0.11748921722004879,-23.684806137600315,70,2000
681,28.7668743509865,527.960020768432,338.8624091381101,2230.0,1.4812512814500127,51077.009345794395,mChi_1,mCherry RNAi,0.2979548238123031,0.15128867658595846,-21.668906164426094,70,2000
682,29.840724547158025,570.1911305434104,280.9256714553404,1896.0,1.3196652896016263,60063.86883198001,mChi_1,mCherry RNAi,0.4359306437906232,0.2685126964649531,-25.18571321516886,70,2000
683,28.81188863807374,578.7795334838224,244.836719337848,1680.0,1.820215446047985,53108.00677200903,mChi_1,mCherry RNAi,0.5224626796927025,0.29305467184923506,-27.797918152509908,70,2000
684,29.398355754857995,600.4424514200299,209.5,1642.0,1.506091208453006,57424.39686098655,mChi_1,mCherry RNAi,0.6067724328372577,0.35341205954092225,-29.717401271306876,70,2000
685,29.110742705570292,609.9270557029178,223.43965517241378,1838.0,1.5132704435035815,58575.39655172414,mChi_1,mCherry RNAi,0.5728061331659278,0.37858440969327867,-30.309911188545406,70,2000
686,28.473259334006055,648.8839556004036,211.7891019172553,1294.0,1.7480620947200929,44681.83148335015,mChi_1,mCherry RNAi,0.5993088943080327,0.48477038641397296,-34.0537662572406,70,2000
687,27.214876033057852,714.8574380165289,388.84504132231405,996.0,1.930640274295079,18750.861570247933,mChi_1,mCherry RNAi,0.17015984047945776,0.6568885895095351,-35.281936092737354,70,2000
688,29.38362068965517,757.0008620689655,302.9706896551724,1484.0,1.4891276034749852,35357.650862068964,mChi_1,mCherry RNAi,0.37550351248782965,0.7751788433136857,-38.45184045703401,70,2000
689,31.60146699266504,143.48166259168704,566.3496332518338,796.0,1.566150910668838,13697.877750611247,mChi_1,mCherry RNAi,-0.2348253666095922,-0.9017613940381596,14.858163209772709,70,2000
690,28.997487437185928,220.60552763819095,284.47613065326635,953.0,1.399833021271004,26332.307788944723,mChi_1,mCherry RNAi,0.4409800969115383,-0.6817156642689044,-0.8493427454421685,70,2000
691,28.813144329896907,227.9806701030928,369.42783505154637,869.0,1.334504933644441,19169.11211340206,mChi_1,mCherry RNAi,0.23604810044920033,-0.6650237236880469,0.7215227996563698,70,2000
692,28.430059523809526,250.92857142857142,590.2604166666666,772.0,1.4189343490447415,39018.91071428572,mChi_1,mCherry RNAi,-0.2968156527492122,-0.6113530872553115,4.629905254850886,70,2000
693,29.610055865921787,251.84469273743017,345.53519553072624,1118.0,1.4513293172380564,28774.34189944134,mChi_1,mCherry RNAi,0.29271834937340535,-0.5990901294878761,-0.8383984918955854,70,2000
694,30.092175777063236,255.0364415862808,224.88745980707395,1136.0,1.5444966059259968,22336.109324758843,mChi_1,mCherry RNAi,0.5832410668219574,-0.5856185056757275,-3.8301430795870672,70,2000
695,29.865546218487395,263.60504201680675,284.12885154061627,938.0,1.6497701202193653,24354.26330532213,mChi_1,mCherry RNAi,0.4401910762344119,-0.5646894878432496,-3.078253151197032,70,2000
696,28.674518201284798,273.8458244111349,148.97430406852249,653.0,1.7854354909245238,17008.145610278374,mChi_1,mCherry RNAi,0.7652786517060532,-0.5318269258721944,-8.633969471816881,70,2000
697,29.076923076923077,288.4121915820029,290.52539912917274,868.0,1.5742529408996744,21075.69521044993,mChi_1,mCherry RNAi,0.42376508175838024,-0.4976857861836693,-5.472431533553003,70,2000
698,30.142061281337046,308.5069637883008,189.49860724233983,894.0,1.4685508919957424,23067.476323119776,mChi_1,mCherry RNAi,0.6664007049899527,-0.43893420116475756,-8.568128734688994,70,2000
699,30.50120481927711,313.29397590361447,136.43534136546185,1510.0,1.471047858201469,24774.50923694779,mChi_1,mCherry RNAi,0.7940553529092433,-0.42378702601288376,-9.980027408003496,70,2000
700,28.33860045146727,324.94130925507903,142.42663656884875,573.0,1.4394378850376828,22280.95485327314,mChi_1,mCherry RNAi,0.7790341584363885,-0.3927966132287929,-12.810866982973732,70,2000
701,29.576443941109854,325.638731596829,303.3714609286523,1051.0,1.4186720824058343,22381.868629671575,mChi_1,mCherry RNAi,0.3913983974249935,-0.39693327914500687,-7.299918673210879,70,2000
702,31.30540376442016,327.8870673952641,843.1730418943533,2393.0,1.971149529404402,40549.876745598056,mChi_1,mCherry RNAi,-0.9088612147350552,-0.41153042469665035,8.774474524615929,70,2000
703,29.551917680074837,333.5724976613658,212.63891487371376,1260.0,1.4386403232594134,35873.70439663237,mChi_1,mCherry RNAi,0.6096444216379016,-0.37184220255993483,-10.332816202902984,70,2000
704,29.835694050991503,334.84891406987725,174.19546742209633,1302.0,1.2459704136862308,31588.90557129367,mChi_1,mCherry RNAi,0.702215145451023,-0.3668191510826563,-11.174952369483936,70,2000
705,29.815533980582526,335.85652642934195,238.20496224379718,1101.0,1.2971134311754542,26902.19848975189,mChi_1,mCherry RNAi,0.5479878515305121,-0.36658081835640877,-9.546538566293055,70,2000
706,29.84321608040201,351.7155778894472,177.46231155778895,1247.0,1.551275732951941,33849.36783919598,mChi_1,mCherry RNAi,0.6936876235980742,-0.321113489507987,-12.289758484185715,70,2000
707,29.53041622198506,367.1611526147279,294.46104589114196,1262.0,1.7382153547083297,31828.069370330843,mChi_1,mCherry RNAi,0.4112372341577588,-0.2837666126585988,-10.564459964034205,70,2000
708,29.585740072202167,382.7581227436823,352.6074007220217,1336.0,1.3719919121999613,31361.140794223826,mChi_1,mCherry RNAi,0.27056798257035775,-0.2436413804550026,-10.065147660203602,70,2000
709,30.347873500545255,409.20392584514724,153.8833151581243,1209.0,1.4514229681077349,45732.42639040349,mChi_1,mCherry RNAi,0.7482708958695865,-0.16388265798221247,-16.545083702896576,70,2000
710,29.993243243243242,420.3385885885886,261.22972972972974,1678.0,1.6741695741887903,47068.57957957958,mChi_1,mCherry RNAi,0.48923688470042515,-0.1378816506081093,-14.81168750225259,70,2000
711,30.69180907483795,421.0159104301709,275.4012964054213,2495.0,1.7865532032618356,44268.35592221568,mChi_1,mCherry RNAi,0.45511723120357983,-0.13645638443481467,-13.782787660465248,70,2000
712,29.717829457364342,434.78139534883724,135.68527131782946,814.0,1.3576833278220626,48946.78759689922,mChi_1,mCherry RNAi,0.7910683556720253,-0.09379568052109555,-19.497609119428645,70,2000
713,30.0504,434.808,253.7056,1776.0,1.3416847504853557,54261.692,mChi_1,mCherry RNAi,0.5067994811539023,-0.0982595219634872,-15.99510995072539,70,2000
714,30.268810289389066,435.9794212218649,171.87652733118972,1873.0,1.5019904999099776,61291.22250803858,mChi_1,mCherry RNAi,0.7038779546788245,-0.09184305393848535,-18.06125013471016,70,2000
715,31.031905961376996,444.3509655751469,155.3870696893367,1749.0,1.6876540423908126,43616.97649034425,mChi_1,mCherry RNAi,0.7433183571319972,-0.06830224988729738,-18.344326347167293,70,2000
716,30.065757818765036,452.66319165998397,189.28388131515638,1547.0,1.5720338919857992,58940.668805132314,mChi_1,mCherry RNAi,0.6612826958226938,-0.047227087751384955,-18.992741481091805,70,2000
717,29.97237880496054,455.22096956031567,349.2384441939121,2420.0,1.9007755274800169,55100.48139797069,mChi_1,mCherry RNAi,0.27587690443185875,-0.04653172110051862,-14.969199104783,70,2000
718,29.990409764603314,465.46469049694855,204.96425457715782,1436.0,1.43924852110396,47218.20052310375,mChi_1,mCherry RNAi,0.6230069750403415,-0.013067926954518971,-19.564790398546304,70,2000
719,30.08126603934987,469.76047904191614,249.98374679213003,1514.0,1.4845407409482092,52886.47390932421,mChi_1,mCherry RNAi,0.5144014493321198,-0.0031324503122175384,-18.572123226391636,70,2000
720,29.771490750816106,493.53210010881395,217.3449401523395,1161.0,1.583248442079581,53535.72034820457,mChi_1,mCherry RNAi,0.5920743914350586,0.06267351227866835,-21.463977452166002,70,2000
721,31.271144278606965,499.33519900497515,130.3028606965174,1966.0,1.3041842107499182,58900.65111940299,mChi_1,mCherry RNAi,0.801608713898402,0.08213069567575504,-22.72509362329156,70,2000
722,29.99839871897518,508.3682946357086,244.4347477982386,1531.0,1.6080480061900944,60890.79743795036,mChi_1,mCherry RNAi,0.5262548253216668,0.101976098051338,-21.57391488519597,70,2000
723,29.38449848024316,507.78115501519756,145.41185410334347,880.0,1.3836120083524337,48175.81155015198,mChi_1,mCherry RNAi,0.7647669084114481,0.10412080718576666,-24.805980102659188,70,2000
724,30.24461979913917,506.49210903873745,296.9426111908178,1939.0,1.6007535689443764,60263.34146341463,mChi_1,mCherry RNAi,0.39986196029119725,0.09487913086289135,-19.782205043462497,70,2000
725,28.659375,519.2604166666666,252.63645833333334,1155.0,1.5143051055955246,54786.0,mChi_1,mCherry RNAi,0.5059898340371658,0.13099010511006615,-23.46998666677576,70,2000
726,29.865324103209566,524.5582127123978,287.40591567023284,1991.0,1.8383693895524351,60479.11139081183,mChi_1,mCherry RNAi,0.4221048435082524,0.1442671712196668,-21.71295355514621,70,2000
727,33.58153973509934,520.9685430463576,270.4801324503311,3381.0,1.7469015111323412,58266.91059602649,mChi_1,mCherry RNAi,0.46324695690380135,0.13590347716070017,-18.205140598202412,70,2000
728,30.695921985815602,530.7677304964539,150.6409574468085,1390.0,1.8067218455131113,60769.84042553192,mChi_1,mCherry RNAi,0.751354665891673,0.16663583868403786,-25.007049523737674,70,2000
729,30.17269624573379,534.8,250.6136518771331,1782.0,1.6436221410685747,58308.96587030717,mChi_1,mCherry RNAi,0.5103494740404064,0.17359196234456875,-23.13041097143981,70,2000
730,28.887700534759357,539.5601604278074,268.903743315508,1714.0,1.4393009993464976,53591.580882352944,mChi_1,mCherry RNAi,0.46602635537102866,0.18556095786473037,-24.261452074088872,70,2000
731,30.28354430379747,538.4246835443038,288.45759493670886,1929.0,1.6753177350612707,57067.1164556962,mChi_1,mCherry RNAi,0.41905593450506107,0.18198755313030057,-22.262565903995466,70,2000
732,29.261321455085376,545.460282108389,305.543429844098,1707.0,1.8998897892273985,53789.92650334076,mChi_1,mCherry RNAi,0.3775610938618117,0.20023817507097896,-23.327236960866337,70,2000
733,30.254153846153844,547.1501538461539,358.96984615384616,2045.0,1.5974025235043918,32890.50953846154,mChi_1,mCherry RNAi,0.2488627183495844,0.20294216397927456,-21.022269950910484,70,2000
734,29.59621451104101,617.6966351209253,333.1503680336488,2121.0,1.429109195885419,53314.67718191377,mChi_1,mCherry RNAi,0.30826061429012963,0.39551448999057226,-27.433887213856426,70,2000
735,30.876456876456878,611.75,304.5839160839161,2199.0,1.3996517288052177,58214.61655011655,mChi_1,mCherry RNAi,0.3773835751616681,0.38072123512662226,-26.498725503817347,70,2000
736,29.01708542713568,623.3708542713567,312.8643216080402,1351.0,1.6135357920148408,36216.195979899494,mChi_1,mCherry RNAi,0.3568682262571383,0.4116100566132461,-28.963784121634284,70,2000
737,29.9768115942029,615.8840579710145,287.40579710144925,890.0,1.7713690539062092,53327.41884057971,mChi_1,mCherry RNAi,0.4185450215958435,0.3924475594725878,-28.15414230481656,70,2000
738,30.84738041002278,666.3804100227791,203.7722095671982,1693.0,1.3963481437847616,45564.367501898254,mChi_1,mCherry RNAi,0.6180842021155997,0.5330925453989466,-33.157463256691415,70,2000
739,29.612989323843415,674.0622775800712,275.98220640569394,1527.0,1.6308125395861055,38609.830960854095,mChi_1,mCherry RNAi,0.4437673251963803,0.5509083126978453,-32.99810902256282,70,2000
740,28.398316970546986,701.6143057503506,435.00841514726505,915.0,1.5166507134242475,29534.447405329593,mChi_1,mCherry RNAi,0.0595518536534938,0.6193359815745623,-31.91078119650819,70,2000
741,30.017353579175705,747.0238611713665,320.63774403470717,751.0,1.7034219154100856,25234.59436008677,mChi_1,mCherry RNAi,0.33337600614151475,0.7475042332772821,-36.62919706106599,70,2000
742,30.03968253968254,151.21296296296296,421.47354497354496,998.0,1.5570492826554083,16939.933862433863,mChi_1,mCherry RNAi,0.11375452783165518,-0.8754116629686423,8.851477499202872,70,2000
743,32.012003693444136,188.80978762696213,488.18559556786704,1349.0,1.4574953788781055,24479.477377654664,mChi_1,mCherry RNAi,-0.0482880133736171,-0.7754636480150493,9.91400797944554,70,2000
744,31.462897526501767,192.5288574793875,419.46289752650176,1014.0,1.2863113281743117,23112.34511189635,mChi_1,mCherry RNAi,0.11707250038254169,-0.7627863762059258,7.252168528219375,70,2000
745,30.389799635701277,221.9016393442623,463.55009107468123,840.0,1.4977672591219056,15767.772313296904,mChi_1,mCherry RNAi,0.00966091348389786,-0.6849019933761517,5.2600431255235875,70,2000
746,30.349476439790575,248.2434554973822,313.4685863874345,918.0,1.4656761387050492,21076.09293193717,mChi_1,mCherry RNAi,0.3701473096389074,-0.607480115013298,-0.7048407701094881,70,2000
747,29.71541057367829,276.60854893138355,356.51181102362204,1054.0,1.6298357013706755,23334.11923509561,mChi_1,mCherry RNAi,0.26531708422863587,-0.532206900513315,-2.2149918446234373,70,2000
748,29.56923076923077,284.0857142857143,240.65274725274725,647.0,1.652003852884786,22351.78901098901,mChi_1,mCherry RNAi,0.5440983802745725,-0.5074007923669583,-6.011917678265087,70,2000
749,30.04705882352941,287.0078431372549,265.99738562091505,995.0,1.6309891946070203,19764.62222222222,mChi_1,mCherry RNAi,0.48296352983815494,-0.5003547646484428,-5.0637919361022625,70,2000
750,31.579356270810212,290.1875693673696,252.48390677025526,1087.0,1.559858097135465,26802.940066592673,mChi_1,mCherry RNAi,0.5154859463396297,-0.49088643577306745,-4.127425518090924,70,2000
751,32.50294695481336,330.316961362148,153.89194499017682,1810.0,1.324340867888508,28011.05566470203,mChi_1,mCherry RNAi,0.7514652131567656,-0.3778178108671276,-8.73621874043099,70,2000
752,30.55829596412556,335.7757847533632,188.03811659192826,1137.0,1.3900140823635814,36905.87892376682,mChi_1,mCherry RNAi,0.6688795381896382,-0.3646982399693064,-10.148833950256678,70,2000
753,32.573699421965316,349.11560693641616,274.1184971098266,2021.0,1.7406469305551617,24122.99927745665,mChi_1,mCherry RNAi,0.4611324930287086,-0.331410130613187,-6.782292284509165,70,2000
754,29.86651323360184,370.6260069044879,324.6743383199079,1092.0,1.5270970933525985,29100.21749136939,mChi_1,mCherry RNAi,0.33834471826772106,-0.2754635310958431,-9.665700407951086,70,2000
755,31.314830157415077,364.51781275890636,310.092792046396,1593.0,1.5332137349503707,40209.17067108533,mChi_1,mCherry RNAi,0.37379745812836673,-0.29120800700272287,-8.175401786446656,70,2000
756,30.14840499306519,375.4687933425798,222.18307905686547,956.0,1.4798913018786304,27985.363384188626,mChi_1,mCherry RNAi,0.5850550124045373,-0.2582528323756268,-12.487429368669536,70,2000
757,30.67079207920792,376.2487623762376,193.99876237623764,954.0,1.4240919650206392,29391.70792079208,mChi_1,mCherry RNAi,0.6529476607105555,-0.2549318584902366,-12.780234969315744,70,2000
758,30.65994962216625,382.3476070528967,165.45969773299748,913.0,1.474560979029632,29221.20654911839,mChi_1,mCherry RNAi,0.7214539491487648,-0.23724896922124628,-13.995852385491549,70,2000
759,30.912906610703043,387.1133263378804,148.42077649527806,1204.0,1.4326085598564122,30464.692549842603,mChi_1,mCherry RNAi,0.7623270433549378,-0.22358508559440726,-14.543632575938378,70,2000
760,29.460704607046072,415.60343270099366,306.5862691960253,1357.0,1.6377539952825435,32348.218608852756,mChi_1,mCherry RNAi,0.3801334735132653,-0.1526215253840869,-13.783579548771748,70,2000
761,32.254852320675106,416.97805907172994,230.05316455696203,1538.0,1.5276117927255626,48705.04303797468,mChi_1,mCherry RNAi,0.564607082445213,-0.14535303021596435,-13.15375815606836,70,2000
762,30.868362004487658,422.94540014958864,293.2086761406133,1579.0,1.4521452703870843,52101.81750186986,mChi_1,mCherry RNAi,0.41215825194070055,-0.13187299568528976,-13.266461559529647,70,2000
763,31.067400275103164,447.2022008253095,219.44910591471802,1797.0,1.6125536133142309,57464.82187070151,mChi_1,mCherry RNAi,0.5888959503862867,-0.06304537380530151,-16.79128345977746,70,2000
764,30.306853582554517,453.791277258567,130.28193146417445,849.0,1.4041610440774317,51307.764797507785,mChi_1,mCherry RNAi,0.8033780790292286,-0.04181392541977602,-20.419477722172445,70,2000
765,29.203585147247118,467.30729833546735,276.6824583866837,957.0,1.5307330777701844,58641.814340588986,mChi_1,mCherry RNAi,0.45013061646644914,-0.011011941536998804,-18.553457774391774,70,2000
766,31.181451612903224,470.53326612903226,139.43548387096774,1219.0,1.4588873128921878,48742.6058467742,mChi_1,mCherry RNAi,0.7807293456540847,0.003493893192695552,-20.502555464733273,70,2000
767,31.215811965811966,475.4123931623932,267.4230769230769,1880.0,1.4998689607748465,58747.90242165242,mChi_1,mCherry RNAi,0.4722431674664376,0.011768506167062709,-17.377587024964086,70,2000
768,30.10212335692619,483.62386248736095,112.5247724974722,1177.0,1.5247363156288227,55529.51567239636,mChi_1,mCherry RNAi,0.8449737614994128,0.039901839341045964,-23.241378259910007,70,2000
769,30.552127659574467,483.61489361702127,135.77659574468086,1144.0,1.5851170610014904,46725.03829787234,mChi_1,mCherry RNAi,0.7889928590921242,0.039059362806794784,-22.16695980737622,70,2000
770,31.879345603271982,484.8227675528289,229.9025221540559,1872.0,1.6360834140918508,61581.67348329925,mChi_1,mCherry RNAi,0.5622967170163211,0.038932521114454,-18.399857697443167,70,2000
771,31.074782608695653,487.2486956521739,194.22347826086957,1404.0,1.3717057380722264,56392.11043478261,mChi_1,mCherry RNAi,0.648095993882444,0.0467573943513,-20.335290745353173,70,2000
772,31.78810408921933,491.3559479553903,147.86617100371748,1484.0,1.3379991027678055,58615.167286245356,mChi_1,mCherry RNAi,0.759645822461299,0.05986563321543015,-21.165001407732813,70,2000
773,31.692242114237,511.33930093776644,262.88832054560953,1460.0,1.5727296923938234,60495.519181585674,mChi_1,mCherry RNAi,0.4817928914558067,0.10966266432161809,-19.602111944169295,70,2000
774,31.087457627118646,538.6338983050847,230.68271186440677,1803.0,1.4192196985571341,58057.270508474576,mChi_1,mCherry RNAi,0.5582664093333352,0.18496667833768332,-23.029224848393174,70,2000
775,30.523700742432897,548.6236436322101,339.29126213592235,2143.0,1.5554880163427554,39085.117075956594,mChi_1,mCherry RNAi,0.29622387745136036,0.2077662970136056,-21.388265494421066,70,2000
776,31.209187279151944,583.8678445229682,189.02968197879858,1708.0,1.4392115065856612,56099.16819787986,mChi_1,mCherry RNAi,0.6568414291194062,0.30952820610198684,-27.273032667615016,70,2000
777,31.75539988324577,590.2049036777584,242.48628137769995,2173.0,1.3968891950803604,57151.36660828955,mChi_1,mCherry RNAi,0.5278610848956093,0.3247709590490606,-25.745982420265978,70,2000
778,30.110772357723576,629.6595528455284,239.83943089430895,1303.0,1.4892225296948467,59992.35365853659,mChi_1,mCherry RNAi,0.5325936173057126,0.4317604290936017,-30.28768088475737,70,2000
779,30.4921968787515,636.6098439375751,279.5750300120048,1087.0,1.6926545548067558,59414.273709483794,mChi_1,mCherry RNAi,0.43663035886843193,0.44917208431520206,-29.33780212533647,70,2000
780,31.7487922705314,645.2463768115942,240.40096618357487,1755.0,1.5033382423066002,55754.637681159424,mChi_1,mCherry RNAi,0.5307339734768808,0.47441440500075194,-29.75768595075541,70,2000
781,30.76894409937888,644.1602484472049,224.23229813664597,1160.0,1.72611643486055,59098.1850931677,mChi_1,mCherry RNAi,0.569662752936761,0.4719008644533069,-31.09140004528249,70,2000
782,31.225274725274726,689.3956043956044,262.95368916797486,1661.0,1.4147662454474883,41556.02119309262,mChi_1,mCherry RNAi,0.47465183243404696,0.5933982698219213,-32.840935284505406,70,2000
783,32.22301516503122,775.6601248884924,291.7395182872435,1505.0,1.5045102733035212,34139.669045495095,mChi_1,mCherry RNAi,0.4020049001992658,0.8268774723760861,-37.26147110319285,70,2000
784,31.232505643340858,212.89390519187359,488.66591422121894,655.0,1.493005949717019,12820.92776523702,mChi_1,mCherry RNAi,-0.05043413136283281,-0.7101921687586528,7.421753444432984,70,2000
785,31.626984126984127,231.23809523809524,249.12301587301587,982.0,1.4984204886509587,22033.91798941799,mChi_1,mCherry RNAi,0.5258871201787363,-0.650928632455472,0.05915079588784522,70,2000
786,30.775064267352185,264.4447300771208,299.5912596401028,931.0,1.6241736090058358,20982.41002570694,mChi_1,mCherry RNAi,0.402968797897048,-0.5628318853811362,-1.8159679508648168,70,2000
787,33.04140127388535,276.73248407643314,243.7484076433121,1765.0,1.6742408309880739,29315.833598726116,mChi_1,mCherry RNAi,0.5371444820591096,-0.5268197519194546,-1.9391596063640293,70,2000
788,30.85021398002853,293.69757489300997,300.188302425107,807.0,1.3745243540066594,26866.937232524964,mChi_1,mCherry RNAi,0.40039273784602347,-0.4833520363068834,-3.8237890892533883,70,2000
789,30.86591478696742,304.6578947368421,264.07393483709274,979.0,1.4323299894052828,23045.057644110275,mChi_1,mCherry RNAi,0.48695825696833084,-0.4521585546979979,-5.565388639483221,70,2000
790,30.950381679389313,312.38676844783714,250.60687022900763,938.0,1.450610870075342,27106.388040712467,mChi_1,mCherry RNAi,0.51910122315228,-0.43061531807611975,-6.397736286886987,70,2000
791,31.00619834710744,317.8780991735537,263.9607438016529,635.0,1.511419193633662,21775.349173553717,mChi_1,mCherry RNAi,0.486723270420784,-0.4162034838865247,-6.377068976055547,70,2000
792,31.220508166969147,322.41651542649726,181.8711433756806,1277.0,1.4050469099251894,33150.16878402904,mChi_1,mCherry RNAi,0.6842975417060879,-0.400628574758239,-8.695872929203631,70,2000
793,32.44710743801653,346.27190082644626,194.9,1528.0,1.3595712096704797,35232.66115702479,mChi_1,mCherry RNAi,0.6520579735483683,-0.336073518673768,-8.834165961517307,70,2000
794,31.50726040658277,353.0300096805421,164.21006776379477,1251.0,1.3800301819056005,34606.48499515973,mChi_1,mCherry RNAi,0.7256618163485962,-0.3166979857881639,-11.081180435187203,70,2000
795,31.363406408094434,379.15008431703205,338.84569983136595,1496.0,1.5386774659496194,30389.661888701517,mChi_1,mCherry RNAi,0.30396868417005574,-0.2525594381270502,-8.403805722211684,70,2000
796,31.31496062992126,394.376968503937,177.47736220472441,1253.0,1.5152542765245562,33715.34842519685,mChi_1,mCherry RNAi,0.6920765378276008,-0.2049015448007624,-13.882757583860812,70,2000
797,30.96751740139211,407.30742459396754,166.93271461716938,1103.0,1.439303637564359,45445.62877030162,mChi_1,mCherry RNAi,0.7169499547287985,-0.16942296836784054,-15.440377929959135,70,2000
798,31.614761476147613,409.27182718271825,138.42394239423942,1359.0,1.4463027986588635,52548.851485148516,mChi_1,mCherry RNAi,0.7855856510111705,-0.16284635443555806,-15.702395524975831,70,2000
799,31.434824902723737,407.9815175097276,186.72373540856032,1283.0,1.5964457224352682,42992.1313229572,mChi_1,mCherry RNAi,0.6692798624283274,-0.16827103523964615,-14.490753637552643,70,2000
800,31.607003891050585,415.8988326848249,118.715953307393,939.0,1.3346376324653009,38341.49675745785,mChi_1,mCherry RNAi,0.8327991224858531,-0.14407201063926534,-16.715419653330528,70,2000
801,30.425612052730695,414.2523540489642,212.9190207156309,812.0,1.9374998701492414,35879.00753295668,mChi_1,mCherry RNAi,0.6058727689623469,-0.1524511027917197,-15.242688535001195,70,2000
802,31.479477611940297,422.48880597014926,194.08644278606965,1995.0,1.4782283963561238,60445.17039800995,mChi_1,mCherry RNAi,0.6509806463684562,-0.12912886692318593,-15.289148696714626,70,2000
803,31.17103762827822,425.2405929304447,423.4344355758267,2133.0,1.8867717445567431,31101.932725199546,mChi_1,mCherry RNAi,0.09839835378981654,-0.13065418983222854,-9.628407274185578,70,2000
804,31.858974358974358,422.70940170940173,98.75641025641026,631.0,1.4844698644123577,26077.495726495727,mChi_1,mCherry RNAi,0.8806275088322286,-0.12473800624234554,-17.48941199334555,70,2000
805,32.80330578512397,418.9504132231405,172.93553719008264,1606.0,1.4377198207027635,60124.36859504132,mChi_1,mCherry RNAi,0.7021496144022923,-0.13765879538551362,-14.283956383875923,70,2000
806,33.19730010384216,421.0617860851506,385.2632398753894,2331.0,1.656008429968983,53452.653167185876,mChi_1,mCherry RNAi,0.19063462129752184,-0.1401226136581475,-8.334464945991408,70,2000
807,31.57504363001745,431.1064572425829,210.7783595113438,1383.0,1.5127672532082936,52805.13089005236,mChi_1,mCherry RNAi,0.6104423443258655,-0.1063442581821531,-15.36341393178842,70,2000
808,32.45528455284553,441.8750923872875,126.34663710273466,1611.0,1.2627048343513076,55798.231337767924,mChi_1,mCherry RNAi,0.8134563791249989,-0.07361783271181344,-17.528207852981332,70,2000
809,30.7664434816857,449.8712091374557,407.67428121307603,2883.0,1.665581457662807,52143.73375344624,mChi_1,mCherry RNAi,0.13537439350775893,-0.06319081548856753,-12.222672401488936,70,2000
810,31.291071428571428,480.74910714285716,208.01964285714286,1427.0,1.3989889248279272,47988.03928571429,mChi_1,mCherry RNAi,0.6151309629844599,0.02860076964475189,-19.28242144188312,70,2000
811,32.125087351502444,494.03633822501746,256.9727463312369,1750.0,1.4072058521716957,60858.47239692523,mChi_1,mCherry RNAi,0.4967451043469413,0.06296129412285967,-18.088137414021883,70,2000
812,32.31815594763802,501.8059191804212,323.40865110984635,2167.0,1.4536387440520098,54688.13375071144,mChi_1,mCherry RNAi,0.33642218920065536,0.0815211448526425,-16.66704123181499,70,2000
813,31.988814317673377,497.824384787472,232.23489932885906,1267.0,1.7095071520978224,57150.55704697986,mChi_1,mCherry RNAi,0.5561774451706032,0.07419221963771272,-19.160833593504965,70,2000
814,31.802027027027027,501.65202702702703,357.94594594594594,1835.0,1.777795122629095,30655.55945945946,mChi_1,mCherry RNAi,0.2532023614819714,0.07965493415876268,-16.2421238071488,70,2000
815,36.07265877287406,512.4510226049515,288.43057050592034,2718.0,1.6569632062818465,59209.64908503767,mChi_1,mCherry RNAi,0.42049524242251834,0.11254877475610336,-14.627665628806419,70,2000
816,32.15514018691589,511.6373831775701,284.2056074766355,1051.0,1.9757261742181356,62667.38878504673,mChi_1,mCherry RNAi,0.43046072698438764,0.10973249416764008,-18.588874946137146,70,2000
817,31.1729797979798,523.9684343434343,140.95075757575756,1108.0,1.34932928002452,56362.31565656565,mChi_1,mCherry RNAi,0.7749917248854048,0.14863179846325125,-24.30407343108226,70,2000
818,31.221303948576676,528.5362718089991,128.49219467401286,1444.0,1.5189396872499528,50859.21212121212,mChi_1,mCherry RNAi,0.8048266214456243,0.16153916897650178,-24.918550872323753,70,2000
819,32.4592123769339,529.4704641350211,186.56751054852322,1717.0,1.4178092522095582,55491.73347398031,mChi_1,mCherry RNAi,0.6649746761211726,0.16205668171629095,-22.1900312747191,70,2000
820,31.685645549318362,541.6006415396953,159.3448275862069,1493.0,1.3762635613826704,53294.77786688051,mChi_1,mCherry RNAi,0.7300270838558216,0.19592716557287781,-24.563471281756723,70,2000
821,31.2513698630137,544.6246575342466,198.06986301369864,1808.0,1.7263918673599523,54271.9698630137,mChi_1,mCherry RNAi,0.6366007488001051,0.20254905563833758,-24.172364580300165,70,2000
822,31.832512315270936,550.9055829228244,242.64532019704433,1643.0,1.741653474826575,62886.990968801314,mChi_1,mCherry RNAi,0.5290177481542395,0.21799241181262485,-22.845217091588953,70,2000
823,31.507053941908715,558.2016597510374,165.36680497925312,1419.0,1.3748626641135793,41491.15518672199,mChi_1,mCherry RNAi,0.7148617815313743,0.24076698494040194,-25.770716720390524,70,2000
824,32.778021978021975,568.5545787545788,220.0967032967033,1646.0,1.473474026961929,57519.52307692308,mChi_1,mCherry RNAi,0.5827024846386641,0.267014808453945,-23.774936009058965,70,2000
825,31.24377031419285,577.9534127843987,174.2643553629469,1076.0,1.4677266912598381,50477.75081256771,mChi_1,mCherry RNAi,0.6926414463563053,0.2940394877095991,-27.211154806720543,70,2000
826,34.266177876952504,591.7596429709914,304.39209435766656,3939.0,1.7352800605272405,60796.78227605993,mChi_1,mCherry RNAi,0.37883705727369477,0.32707555209520933,-21.689879491176974,70,2000
827,32.556610664718775,601.0518626734843,283.15485756026294,1740.0,1.4577338083959959,56059.602629656685,mChi_1,mCherry RNAi,0.42952434963512487,0.35281712334388593,-24.632043349581405,70,2000
828,31.33704292527822,615.2893481717011,271.9443561208267,817.0,1.8092791946392963,49399.97138314785,mChi_1,mCherry RNAi,0.45589643932217006,0.39170178920449805,-27.17090046668072,70,2000
829,33.26918392204629,612.5334957369062,237.54019488428744,2132.0,1.9210132312025945,56383.38855054811,mChi_1,mCherry RNAi,0.5389972113183352,0.38593456376910895,-25.971623934755577,70,2000
830,31.46949602122016,627.354774535809,220.9416445623342,1988.0,1.569448512801481,55492.26127320955,mChi_1,mCherry RNAi,0.578289235439265,0.42650159689134415,-29.27563162766005,70,2000
831,31.58458244111349,629.9571734475375,201.20271234832262,1573.0,1.3936038972551985,53096.975731620274,mChi_1,mCherry RNAi,0.6257420707004189,0.43436528785555395,-29.878251709090215,70,2000
832,33.95711159737418,645.9177242888403,293.4647702407002,2796.0,1.2759194116643418,60275.081838074395,mChi_1,mCherry RNAi,0.40302437149045645,0.4746038537446431,-26.17747730710571,70,2000
833,33.81606905710491,645.8472775564409,271.99734395750335,2062.0,1.6677738606432189,57507.64541832669,mChi_1,mCherry RNAi,0.45472930143504264,0.47522169982849927,-26.890173295502066,70,2000
834,35.02307009760426,672.9946761313221,274.07897071872225,1912.0,1.7958179980678322,35268.05323868678,mChi_1,mCherry RNAi,0.44872972732104044,0.5491450686175303,-27.578499947951226,70,2000
835,34.67583006069261,704.4969653695109,280.00499821492326,3447.0,1.535363323076222,44782.42913245269,mChi_1,mCherry RNAi,0.43320305179125596,0.6344464950395747,-30.025597403931645,70,2000
836,31.658088235294116,745.5955882352941,292.63327205882354,1430.0,1.4819964331732902,29664.820772058825,mChi_1,mCherry RNAi,0.4009911848005878,0.7450376175129745,-35.64367309528495,70,2000
837,31.94311377245509,201.53443113772454,268.6511976047904,829.0,1.6478340007978352,19252.67365269461,mChi_1,mCherry RNAi,0.48002726775255256,-0.7323412330460939,3.03048512890852,70,2000
838,31.233766233766232,220.5785123966942,332.3258559622196,1059.0,1.5774414748293206,20654.41794569067,mChi_1,mCherry RNAi,0.3258592320889542,-0.6832150781463197,2.6686751629081797,70,2000
839,32.68737060041408,217.3209109730849,422.37784679089026,1165.0,1.5256438476378202,26300.0983436853,mChi_1,mCherry RNAi,0.10915869254753807,-0.6952922101390502,6.772653968768861,70,2000
840,34.79624893435635,227.80818414322252,472.0409207161125,1532.0,1.5238974344734617,31319.739130434784,mChi_1,mCherry RNAi,-0.01074877078433023,-0.6683170379406622,9.458027813329668,70,2000
841,32.598388952819334,243.91139240506328,261.9252013808976,1116.0,1.6426850200871335,23702.581127733025,mChi_1,mCherry RNAi,0.49461445604459553,-0.6167998405443416,0.4625997677792917,70,2000
842,32.00451467268623,275.95936794582394,331.30699774266367,561.0,1.5030908798060898,15996.39954853273,mChi_1,mCherry RNAi,0.3261982764265303,-0.5325381983770885,-0.5636367452371545,70,2000
843,33.30797773654916,352.7003710575139,209.6799628942486,1472.0,1.4387939734837238,32505.233766233767,mChi_1,mCherry RNAi,0.6162582643981616,-0.31901255040988874,-8.039709854485979,70,2000
844,33.704368641532014,357.52363853979654,450.99581089168163,1983.0,1.6580055721415559,44922.091561938956,mChi_1,mCherry RNAi,0.034810575446253544,-0.3152371264533269,-1.503092264977841,70,2000
845,32.897550111358576,363.4498886414254,169.53786191536747,1113.0,1.5699728566683786,34576.32516703786,mChi_1,mCherry RNAi,0.7125075812379953,-0.28831861056233987,-10.299340928666053,70,2000
846,33.32961373390558,362.39141630901287,152.4901287553648,1552.0,1.687554787492409,30862.684978540772,mChi_1,mCherry RNAi,0.7536405142010774,-0.2904451700943824,-10.250910231390499,70,2000
847,32.684161199625116,373.30271790065603,412.7188378631678,1219.0,1.3208383606437801,35295.43861293346,mChi_1,mCherry RNAi,0.12633281745470715,-0.27106901935657246,-4.6814247133718645,70,2000
848,32.83122676579926,374.86617100371745,235.99628252788105,1612.0,1.40283672654707,40989.58736059479,mChi_1,mCherry RNAi,0.5519718775953855,-0.2599014979852914,-9.3979083831261,70,2000
849,33.26393270241851,372.90641430073606,259.5793901156677,1371.0,1.3837535445084153,30792.976866456363,mChi_1,mCherry RNAi,0.4952680939219727,-0.26606114060391406,-8.191868362845947,70,2000
850,30.37864077669903,389.126213592233,414.002427184466,574.0,1.7321192488374597,16914.881067961163,mChi_1,mCherry RNAi,0.12247959566603916,-0.22857532333318353,-8.080947130754858,70,2000
851,32.703148425787106,395.44677661169413,201.7376311844078,1837.0,1.7375001876524632,36309.09970014993,mChi_1,mCherry RNAi,0.6336826431734399,-0.202667563082647,-11.92320163148307,70,2000
852,32.58270676691729,423.21522556390977,83.59210526315789,1282.0,1.4124321672146374,28995.21992481203,mChi_1,mCherry RNAi,0.9171806468321237,-0.12263002136135293,-17.21176986626273,70,2000
853,33.2963224893918,444.42362093352193,261.46676096181045,1856.0,1.569346413636051,58244.10537482319,mChi_1,mCherry RNAi,0.4879304467941754,-0.07179563533061095,-13.239971531246223,70,2000
854,32.691029900332225,461.4451827242525,121.82392026578073,887.0,1.7704354952723858,48601.15282392027,mChi_1,mCherry RNAi,0.8236010165023933,-0.02021761422352175,-18.818835640437726,70,2000
855,32.07523148148148,467.34606481481484,218.84027777777777,1167.0,1.5005610695587304,45592.708333333336,mChi_1,mCherry RNAi,0.589638340237753,-0.00808686835893968,-17.248041863166886,70,2000
856,32.940239043824704,468.2895086321381,109.26029216467464,1071.0,1.5888803848854764,48899.1567065073,mChi_1,mCherry RNAi,0.8536125618531045,-0.0010807859309814871,-19.39917408787248,70,2000
857,32.63317855635289,469.73068805403125,406.42676234698183,2849.0,1.5932717927665905,50014.731954411145,mChi_1,mCherry RNAi,0.13771974579853752,-0.00881131791529266,-11.819818260403336,70,2000
858,33.31955582973473,486.4898210980876,173.6218383713757,1871.0,1.3860096637456816,57083.47809993831,mChi_1,mCherry RNAi,0.6978905476492789,0.045939839177656205,-18.596516024470983,70,2000
859,32.952304394426584,492.8403001071811,378.3145766345123,2230.0,1.5652046212882311,36848.815648445874,mChi_1,mCherry RNAi,0.20455385551644722,0.0551429187695478,-13.915430913976575,70,2000
860,34.677460317460316,497.2736507936508,188.44825396825397,1929.0,1.3558991603628991,58052.21142857143,mChi_1,mCherry RNAi,0.661839714365767,0.0749314632484186,-17.61772143415528,70,2000
861,32.823286540049544,494.02725020644095,98.62180016515276,1436.0,1.4191463596851246,46039.894302229564,mChi_1,mCherry RNAi,0.8782261230824941,0.06924782118012596,-21.648387011292805,70,2000
862,33.88116747741487,508.7484364141765,158.59207783182765,1819.0,1.485284757201832,61638.13759555246,mChi_1,mCherry RNAi,0.7332598921003104,0.10711927009585076,-20.03759618851817,70,2000
863,33.87813953488372,507.8893023255814,104.8,1361.0,1.4884093752839547,55222.12465116279,mChi_1,mCherry RNAi,0.8628681337301065,0.10688146863296755,-21.425101425369373,70,2000
864,33.0140056022409,512.3352007469655,121.5452847805789,1276.0,1.3135012970438635,53373.117647058825,mChi_1,mCherry RNAi,0.8223045861790046,0.11813948921436324,-22.155500561347818,70,2000
865,32.92704748795595,524.6524432209222,167.21335168616656,1845.0,1.5434914842032532,61549.699931176874,mChi_1,mCherry RNAi,0.7118124139144586,0.14981130999755443,-21.898203420492298,70,2000
866,33.009489916963226,524.1933570581258,363.7562277580071,2192.0,1.7803033310302299,29933.218268090153,mChi_1,mCherry RNAi,0.23840110133930903,0.14091700977398647,-16.49927908845047,70,2000
867,32.561284868977175,557.1521555367709,210.48689771766695,1422.0,1.4723807437285854,57685.89602704987,mChi_1,mCherry RNAi,0.6062825685997715,0.23636323147952898,-23.431294092355653,70,2000
868,32.65337763012182,567.6633444075304,248.04983388704318,1267.0,1.920089559744865,58129.274640088595,mChi_1,mCherry RNAi,0.5153957803379094,0.2634786980120718,-23.083789013734307,70,2000
869,33.04696132596685,571.9456721915285,202.88489871086557,1263.0,1.360478872594519,44049.21639042357,mChi_1,mCherry RNAi,0.6240467056151617,0.2769533225439007,-24.21280342339858,70,2000
870,32.180156657963444,604.8263707571801,196.18015665796344,1003.0,1.4524703728340498,48323.6409921671,mChi_1,mCherry RNAi,0.6388590260012377,0.3663906071187426,-27.616395788649033,70,2000
871,33.81680672268907,620.5588235294117,294.10672268907564,1705.0,1.4935592696696496,55562.22016806723,mChi_1,mCherry RNAi,0.4024597883688583,0.4056438497112884,-24.480689490673207,70,2000
872,31.851772287862513,660.8002148227712,231.53061224489795,1143.0,1.5878412455331865,37987.96025778732,mChi_1,mCherry RNAi,0.5514998591946976,0.5170447273727392,-31.009415466774556,70,2000
873,32.20636042402827,661.6727915194347,267.71943462897525,1677.0,1.4117329518776243,48388.358303886926,mChi_1,mCherry RNAi,0.4643158284251818,0.5180745028175187,-29.745587341587914,70,2000
874,32.63627906976744,681.126511627907,210.07906976744187,1358.0,1.4073022597363354,37643.15441860465,mChi_1,mCherry RNAi,0.6024273769907633,0.5732676928393017,-32.262258671127924,70,2000
875,33.2702205882353,687.0974264705883,227.3722426470588,1384.0,1.3188550858401942,33421.533088235294,mChi_1,mCherry RNAi,0.5605775939777664,0.5889427539053194,-31.593671901703672,70,2000
876,32.70786516853933,714.7623163353501,252.67675021607607,1685.0,1.5062075968722428,33426.493517718234,mChi_1,mCherry RNAi,0.49850836523307906,0.6630190292828326,-33.45896702542679,70,2000
877,33.38133333333333,731.8506666666667,260.98044444444446,1393.0,1.39414570852736,40573.012444444445,mChi_1,mCherry RNAi,0.477880752309932,0.7092616077016156,-33.790281045182,70,2000
878,34.5859872611465,731.8457183297947,319.13375796178343,1845.0,1.4115957469366622,34000.61641896674,mChi_1,mCherry RNAi,0.3378755404173861,0.7072176280689839,-31.02544091541257,70,2000
879,34.66245883644347,761.1344676180022,268.49506037321623,2135.0,1.4601263894537584,50002.961580680574,mChi_1,mCherry RNAi,0.4587153033632987,0.788792937377937,-34.41192287052819,70,2000
880,32.68920676202861,841.3263979193758,430.3211963589077,997.0,1.5538277833721141,45469.56436931079,mChi_1,mCherry RNAi,0.06565217691862846,1.0,-37.782421959797446,70,2000
881,33.02767102229055,106.99385088393544,550.2205995388163,1571.0,1.5216202062443351,22595.148347425056,mChi_1,mCherry RNAi,-0.19445982103158133,-1.0,18.46445492283262,70,2000
882,34.002161383285305,180.90417867435158,470.7125360230548,1717.0,1.4855513928118824,24578.668587896253,mChi_1,mCherry RNAi,-0.005766295724525805,-0.79587296029584,11.995779174409282,70,2000
883,33.18388791593695,246.72504378283713,355.4028021015762,742.0,1.410621339088767,20352.42732049037,mChi_1,mCherry RNAi,0.26937119927166897,-0.6126838567886694,3.3575242893555917,70,2000
884,33.31801242236025,246.79378881987577,275.7341614906832,986.0,1.4992612781975354,24831.921739130434,mChi_1,mCherry RNAi,0.4612834346683752,-0.609364478177963,1.3445399255213886,70,2000
885,33.32006633499171,264.6334991708126,232.69485903814262,782.0,1.3754397794628146,22367.08126036484,mChi_1,mCherry RNAi,0.5642602578626654,-0.559210408535772,-1.0904086716926429,70,2000
886,32.93018867924528,283.6679245283019,212.43018867924528,722.0,1.646515584123141,20703.53396226415,mChi_1,mCherry RNAi,0.6123063112791913,-0.5067749666231101,-3.3895890279239147,70,2000
887,35.02078085642317,298.10642317380353,209.58690176322418,1891.0,1.2955507016879757,23900.011964735517,mChi_1,mCherry RNAi,0.6187212094177934,-0.46701960031014067,-2.417497377868372,70,2000
888,33.41032608695652,312.625,204.5733695652174,901.0,1.4999811784986017,26761.633152173912,mChi_1,mCherry RNAi,0.6301307122575608,-0.4276895850545619,-5.199662906712234,70,2000
889,33.801123595505615,317.4943820224719,273.6426966292135,1083.0,1.5251673721136112,22690.019101123595,mChi_1,mCherry RNAi,0.4635899476198442,-0.41707420988337307,-3.302542828177753,70,2000
890,33.56925996204934,336.9373814041746,880.920303605313,643.0,1.4326449497964686,23316.590132827325,mChi_1,mCherry RNAi,-1.0,-0.3879648286160817,11.397127723178802,70,2000
891,34.06690561529271,339.6726403823178,213.50537634408602,1056.0,1.66131202685044,32018.777777777777,mChi_1,mCherry RNAi,0.6075995713570945,-0.354412581722657,-6.245472679544136,70,2000
892,33.58730158730159,353.80859010270774,240.40056022408965,1237.0,1.5105272575117417,33880.48552754435,mChi_1,mCherry RNAi,0.5422322660684655,-0.3171440614982506,-7.014837128277019,70,2000
893,34.35286783042394,373.2069825436409,303.83167082294267,973.0,1.236993996260904,32886.12842892768,mChi_1,mCherry RNAi,0.3887286998096835,-0.26675570318928854,-5.93803698494238,70,2000
894,34.75578947368421,377.3073684210526,291.9610526315789,1171.0,1.3252083802882126,35976.17578947369,mChi_1,mCherry RNAi,0.417187641326628,-0.2550717481375354,-6.149614984072931,70,2000
895,34.37473233404711,382.0406852248394,264.4539614561028,662.0,1.2323590739449692,33193.935760171305,mChi_1,mCherry RNAi,0.4832384330506816,-0.24121240265814525,-7.608643267433669,70,2000
896,33.78921078921079,385.1008991008991,327.7062937062937,1372.0,1.4853073733219508,33580.25974025974,mChi_1,mCherry RNAi,0.33071969804160317,-0.23547818323220027,-6.7115521163292815,70,2000
897,34.83674630261661,406.1456200227531,202.28498293515358,2160.0,1.3429326504148438,55238.1598407281,mChi_1,mCherry RNAi,0.6320788753209845,-0.17319765457662406,-10.548769385349795,70,2000
898,33.70167597765363,402.29162011173185,296.5296089385475,1124.0,1.4076110572943457,30826.364245810055,mChi_1,mCherry RNAi,0.40514151547291677,-0.18756772833979773,-8.870352884289254,70,2000
899,33.816649104320334,406.13487881981035,309.5268703898841,1279.0,1.6499556215195725,30634.18018967334,mChi_1,mCherry RNAi,0.3736906202427439,-0.17760864449871727,-8.682045992262509,70,2000
900,33.22628951747088,432.7362728785358,226.26788685524127,1515.0,1.4600067385627506,57702.854409317806,mChi_1,mCherry RNAi,0.5731699692301337,-0.10219489926663605,-13.417541328973757,70,2000
901,33.4,439.8093457943925,197.93644859813085,742.0,1.5557100361747833,45654.385046728974,mChi_1,mCherry RNAi,0.6411495412372648,-0.08183656819125373,-14.513464392367041,70,2000
902,33.77786259541985,451.67480916030536,274.4801526717557,1717.0,1.4705331748623536,58754.784732824424,mChi_1,mCherry RNAi,0.4563303665005469,-0.05250479945510178,-12.930249883983869,70,2000
903,35.710608424336975,448.45553822152885,159.25273010920438,1656.0,1.5482766028729558,45835.75429017161,mChi_1,mCherry RNAi,0.7341371241444121,-0.056379916979753864,-13.869944228900735,70,2000
904,33.688479262672814,457.9741935483871,97.1963133640553,1270.0,1.3130881558195828,46875.13917050691,mChi_1,mCherry RNAi,0.8831217828531286,-0.028492994760135115,-18.237365103166873,70,2000
905,33.61214953271028,458.44042056074767,293.928738317757,1022.0,1.3863198463660946,54770.09696261682,mChi_1,mCherry RNAi,0.40920787615643883,-0.03491155641455068,-13.058038800349138,70,2000
906,33.870510396975426,462.086011342155,180.85727788279772,1279.0,1.4460178126094385,52999.30718336484,mChi_1,mCherry RNAi,0.6814491587408036,-0.02054609382268613,-16.101768651375878,70,2000
907,33.73529411764706,460.3411764705882,148.07647058823528,869.0,1.6444827596667178,52774.964705882354,mChi_1,mCherry RNAi,0.7604716303018506,-0.024035795288777417,-16.992668129314666,70,2000
908,34.03493449781659,478.283114992722,254.16157205240174,1667.0,1.5053374300651594,58450.82823871907,mChi_1,mCherry RNAi,0.5042506564173894,0.020640325133536974,-15.129234055672335,70,2000
909,33.10672358591248,492.3724653148346,160.86019210245465,1230.0,1.4648062713861318,61186.596584845254,mChi_1,mCherry RNAi,0.7283879324688176,0.062380394137077744,-19.5738634690222,70,2000
910,33.294238683127574,487.8487654320988,270.6574074074074,1405.0,1.523272409211201,60322.227366255145,mChi_1,mCherry RNAi,0.464095686250791,0.04584416931171198,-16.11059030837824,70,2000
911,33.02064220183486,511.79587155963304,134.68004587155963,1029.0,1.3053173435720462,57847.4506880734,mChi_1,mCherry RNAi,0.7906869252637603,0.11616316896154677,-21.75707820243023,70,2000
912,33.89267209474463,519.518874907476,232.42857142857142,1736.0,1.6311771068539123,57354.56772760918,mChi_1,mCherry RNAi,0.554981877079713,0.1335090748784884,-18.81387777142891,70,2000
913,33.74978577549272,523.6872322193659,248.95372750642673,1521.0,1.5103700093584016,59655.90145672665,mChi_1,mCherry RNAi,0.5150042347578947,0.14416330435905556,-18.811154544049092,70,2000
914,32.60971524288107,528.6063651591289,393.10134003350083,1651.0,1.6439107325233948,32006.750418760468,mChi_1,mCherry RNAi,0.16751710731701497,0.15168568652535086,-16.42559505029303,70,2000
915,34.6141498216409,532.8686087990487,382.35850178359095,2278.0,1.8135637401416995,41444.47978596909,mChi_1,mCherry RNAi,0.1933526344250982,0.1640803142796552,-15.021661721078305,70,2000
916,34.12987012987013,537.0999000999001,320.3366633366633,1233.0,1.6030245997719994,36569.6983016983,mChi_1,mCherry RNAi,0.34255607493339824,0.1779009214030416,-17.475472110314474,70,2000
917,33.26086956521739,554.4875776397515,303.55797101449275,1195.0,1.4636224583017092,40995.58488612837,mChi_1,mCherry RNAi,0.38223961852829036,0.22563157539820855,-20.040502214397065,70,2000
918,32.44543034605147,587.3744454303461,323.4392191659272,1498.0,1.8181953698752964,51320.13575865129,mChi_1,mCherry RNAi,0.3330143012900013,0.31405915609540047,-22.678594780415594,70,2000
919,32.826737027264734,607.9375549692172,265.5417766051011,1463.0,1.6082210070607386,48405.507475813545,mChi_1,mCherry RNAi,0.47169874954056557,0.37226734176514453,-25.330241603028718,70,2000
920,33.931398416886545,611.4432717678101,208.43271767810026,1422.0,1.5213305554976797,47586.38434476693,mChi_1,mCherry RNAi,0.6091953127577683,0.3842371687622268,-26.01565052485147,70,2000
921,34.02433371958285,639.2885283893395,212.50521436848203,1114.0,1.576487835115371,50645.23522595597,mChi_1,mCherry RNAi,0.5983036291833443,0.45976018910634076,-27.811315457278322,70,2000
922,34.6813922356091,662.8674698795181,190.01137884872824,1812.0,1.341780137042089,58031.43641231593,mChi_1,mCherry RNAi,0.6516068702248106,0.5248371053449814,-29.452620055264173,70,2000
923,33.79138166894665,708.5595075239398,236.51778385772914,1886.0,1.5602510986464189,38736.33857729138,mChi_1,mCherry RNAi,0.5377418372984117,0.6470072469886385,-32.36801497112616,70,2000
924,32.85550458715596,719.8922018348624,270.73853211009174,676.0,1.5652451939273708,26606.424311926607,mChi_1,mCherry RNAi,0.4548097808648057,0.6762832067800013,-33.19424863326075,70,2000
925,33.491926803013996,751.4359526372443,336.8557588805167,1185.0,1.5759754905632086,40895.04305705059,mChi_1,mCherry RNAi,0.2943534700198749,0.7595438639602168,-33.045392027478,70,2000
926,34.83165829145729,150.84422110552765,536.9007537688442,978.0,1.3471382787031476,24901.145728643216,mChi_1,mCherry RNAi,-0.16397547500821597,-0.8799720278902339,16.758925888748603,70,2000
927,33.854199683042786,221.58637083993662,261.61965134706816,768.0,1.4260726610823067,19051.94294770206,mChi_1,mCherry RNAi,0.4963004794158583,-0.6772045315289617,3.3082556136995187,70,2000
928,34.30042016806723,232.71848739495798,419.8602941176471,1130.0,1.3485133569667334,28180.100840336134,mChi_1,mCherry RNAi,0.11472182544794585,-0.6530373317274691,7.208552814552775,70,2000
929,35.7347972972973,231.57094594594594,256.78885135135135,848.0,1.56296079631256,22142.89864864865,mChi_1,mCherry RNAi,0.5076638323413245,-0.6495155404786908,4.337093569780162,70,2000
930,34.76998597475456,243.06872370266478,639.0252454417953,910.0,1.4338446278908306,42135.44319775596,mChi_1,mCherry RNAi,-0.413579898214522,-0.6333655217377903,12.826090844860584,70,2000
931,34.08781869688385,259.9872521246459,352.40651558073654,831.0,1.522389096905936,30622.65864022663,mChi_1,mCherry RNAi,0.27612685162863393,-0.5763521199603134,3.226724711860168,70,2000
932,34.204026845637586,270.28456375838925,288.8953020134228,879.0,1.359081797448164,25060.89798657718,mChi_1,mCherry RNAi,0.4287182976388837,-0.5458722838813996,0.8963791303727895,70,2000
933,35.03655352480418,287.22323759791124,236.2023498694517,956.0,1.376863855440967,25250.609660574413,mChi_1,mCherry RNAi,0.5550357216836674,-0.49762694414692954,-0.9054164623899723,70,2000
934,34.18508997429306,290.706940874036,222.89074550128535,971.0,1.4342510597914315,21317.598971722364,mChi_1,mCherry RNAi,0.586911866280176,-0.48780910008750544,-2.3621862812763403,70,2000
935,34.422273781902554,301.73085846867747,320.46867749419954,1062.0,1.6419820498692674,24251.60324825986,mChi_1,mCherry RNAi,0.3514493693127376,-0.4616118137125408,-0.2933823143234129,70,2000
936,34.075117370892016,311.36267605633805,221.48591549295776,1061.0,1.4377208310195533,22768.023474178404,mChi_1,mCherry RNAi,0.5894822222760476,-0.43164839970938185,-3.9915873046040105,70,2000
937,35.422489082969435,305.2740174672489,191.52510917030568,1186.0,1.545727676888301,24441.0403930131,mChi_1,mCherry RNAi,0.661973635821195,-0.4467600118336982,-3.016789141097725,70,2000
938,34.59147869674185,322.1265664160401,212.35213032581453,957.0,1.4075767144038758,24519.01127819549,mChi_1,mCherry RNAi,0.6110954376700091,-0.4019422017737908,-4.494568786417492,70,2000
939,33.01462522851919,333.90676416819014,266.9323583180987,730.0,1.6663070072722956,21392.162705667277,mChi_1,mCherry RNAi,0.4790639633489986,-0.37237005067392837,-5.444664920085337,70,2000
940,34.1891447368421,354.2006578947368,851.4046052631579,696.0,1.2694744374381115,34071.94078947369,mChi_1,mCherry RNAi,-0.9295380589504485,-0.3397829135843653,9.983114803355985,70,2000
941,33.82363977485929,358.13508442776737,137.343339587242,645.0,1.4502830258798716,21872.151969981238,mChi_1,mCherry RNAi,0.7903231883007877,-0.30132316495980116,-9.860158500225472,70,2000
942,34.211753731343286,363.8311567164179,199.63339552238807,1214.0,1.3762421419310147,34659.835820895525,mChi_1,mCherry RNAi,0.6400799411404758,-0.2881976452270365,-8.207277967022042,70,2000
943,34.49136276391555,361.3224568138196,294.1468330134357,1232.0,1.562050471027822,34771.45105566219,mChi_1,mCherry RNAi,0.41253042561683717,-0.29864453273480995,-5.207635011008751,70,2000
944,34.38603297769156,364.28225024248303,248.68186226964113,1206.0,1.4801515040694702,38054.17361784675,mChi_1,mCherry RNAi,0.5219247340035875,-0.2888499923835448,-6.7472746691898955,70,2000
945,34.87318489835431,392.43078412391094,266.5527589545014,1294.0,1.423380379907315,31361.393998063893,mChi_1,mCherry RNAi,0.47780798235545396,-0.21296337246960262,-7.800689881221201,70,2000
946,34.22829006266786,401.77260519247983,219.64458370635631,1428.0,1.5676224045344265,46731.732318710834,mChi_1,mCherry RNAi,0.5903958968224223,-0.18587683585438386,-10.374997751450847,70,2000
947,34.58890290037831,420.3366960907945,141.23833543505674,989.0,1.4596495610496334,54346.91424968474,mChi_1,mCherry RNAi,0.7785589455946491,-0.1323050034070321,-13.45520539196742,70,2000
948,34.3586592178771,447.9798882681564,287.46703910614525,1069.0,1.3687218815911146,58488.056983240225,mChi_1,mCherry RNAi,0.42522783671585884,-0.0629371302518672,-11.736926759823346,70,2000
949,35.029947916666664,452.7838541666667,207.01302083333334,1923.0,1.6026785959358796,58128.882161458336,mChi_1,mCherry RNAi,0.6188803257876103,-0.04661458244415817,-13.575177093700884,70,2000
950,34.41807176826632,460.72632944228275,391.2481625594466,2777.0,1.6195788735636747,50469.00216169477,mChi_1,mCherry RNAi,0.17474470738632752,-0.032336058079434515,-9.802192888934247,70,2000
951,35.478219696969695,456.2083333333333,236.86742424242425,1422.0,1.4713262415403519,39801.03977272727,mChi_1,mCherry RNAi,0.5468608525014897,-0.03838516723698926,-12.571323956528115,70,2000
952,35.896680942184155,456.07387580299786,310.0583511777302,2725.0,1.9243803873354834,46773.51391862955,mChi_1,mCherry RNAi,0.37058909911937254,-0.041521916105598966,-10.17680796299404,70,2000
953,34.54504504504504,461.1216216216216,134.83183183183183,846.0,1.3708503105120702,39359.331831831834,mChi_1,mCherry RNAi,0.7923952766030706,-0.021239522100340746,-16.597355957918168,70,2000
954,35.523566155593414,462.9687677455991,163.6695059625213,2278.0,1.643033159466153,52118.714934696196,mChi_1,mCherry RNAi,0.7229194671332766,-0.01715229300682597,-14.978976790318729,70,2000
955,34.603236607142854,465.7109375,324.07142857142856,2696.0,1.7172529146662883,39567.357700892855,mChi_1,mCherry RNAi,0.3363774843311136,-0.016135887375773095,-11.781157021071907,70,2000
956,34.501882057716436,461.22459222082813,367.594730238394,1049.0,1.6437254149521643,27630.572145545797,mChi_1,mCherry RNAi,0.23170706869436164,-0.030043432722609342,-10.390267920062714,70,2000
957,35.199019607843134,478.03627450980395,153.12843137254902,1444.0,1.3245782607013274,48572.65980392157,mChi_1,mCherry RNAi,0.7477022304818055,0.024137623707640277,-16.66699844389168,70,2000
958,34.19917440660475,479.5345717234262,281.82868937048505,1293.0,1.9034146055523398,59332.89473684211,mChi_1,mCherry RNAi,0.4375671643523751,0.0229944608844439,-14.311472472540999,70,2000
959,35.07609594706369,500.59057071960297,143.89247311827958,1483.0,1.3975103718235535,61996.034739454095,mChi_1,mCherry RNAi,0.7690613239911894,0.08576004096282874,-18.656057468805603,70,2000
960,34.82509157509158,501.9010989010989,273.94139194139194,1315.0,1.4442579863988938,59128.24725274725,mChi_1,mCherry RNAi,0.4557314560539587,0.08420128206661048,-15.504163136177754,70,2000
961,35.54716981132076,518.0398322851153,148.33053808525506,1698.0,1.2942361082378653,60313.99580712788,mChi_1,mCherry RNAi,0.757718602994139,0.13309424885368704,-19.31898726315068,70,2000
962,34.87417943107221,520.308533916849,99.46389496717724,1112.0,1.5172403133843155,47610.54704595186,mChi_1,mCherry RNAi,0.8752986121100679,0.1410319308896253,-21.466484500351708,70,2000
963,34.46469622331691,521.504105090312,115.02791461412151,748.0,1.4317761114784804,54955.26436781609,mChi_1,mCherry RNAi,0.8377357107468959,0.14359331486471283,-21.542125180435214,70,2000
964,36.83295711060948,531.7057938299473,125.89390519187359,1763.0,1.5131350882561203,61210.80662151994,mChi_1,mCherry RNAi,0.8113103061345635,0.1713561276323179,-19.620647929905697,70,2000
965,34.29848484848485,529.290909090909,293.29848484848486,848.0,1.9419769444456414,54238.44545454546,mChi_1,mCherry RNAi,0.40800138233805616,0.15776899940105138,-17.473966642434853,70,2000
966,35.125284738041,533.6780561883068,219.65148063781322,1637.0,1.5655482776150536,55963.01442672741,mChi_1,mCherry RNAi,0.5852830139798495,0.17272410238078284,-18.94426020004318,70,2000
967,34.73421926910299,544.5074750830565,174.04983388704318,1448.0,1.393114564057721,47497.32890365449,mChi_1,mCherry RNAi,0.6946814193932971,0.2038518262479636,-21.337091119654666,70,2000
968,35.80380794701987,549.066225165563,229.37334437086093,1466.0,1.360631249806341,59774.16887417219,mChi_1,mCherry RNAi,0.5613060210970615,0.21429250183866166,-19.1104257647415,70,2000
969,34.11158798283262,553.9846719803801,282.1784181483752,1964.0,1.7182088070084636,53177.84304107909,mChi_1,mCherry RNAi,0.43381139519919687,0.22526584386879467,-19.7309625800714,70,2000
970,34.89978828510939,560.273112208892,178.30416372618208,1712.0,1.3817001053654223,55867.6894848271,mChi_1,mCherry RNAi,0.6838280574704869,0.24655825119160024,-22.18877238349501,70,2000
971,34.737344794651385,561.8013371537727,233.90639923591212,1322.0,1.337992768701823,59640.642788920726,mChi_1,mCherry RNAi,0.549823075032355,0.24851105871792822,-20.96559375345213,70,2000
972,34.9787072243346,573.5604562737642,273.11787072243345,1594.0,1.3730936404345786,59442.324714828894,mChi_1,mCherry RNAi,0.4549258123032007,0.2789825778838986,-20.51447428143349,70,2000
973,34.08866995073892,579.4610837438423,255.87586206896552,1269.0,1.6031680957373933,55566.073891625616,mChi_1,mCherry RNAi,0.49617275455480514,0.29551355708063554,-22.28877476961753,70,2000
974,34.750409165302784,579.4140752864157,232.0949263502455,1625.0,1.6666706827998252,46386.00163666121,mChi_1,mCherry RNAi,0.5534994559393414,0.29644310655554396,-22.264925932968584,70,2000
975,35.31018276762402,596.5284595300261,325.96344647519584,2376.0,1.5644735066008046,55160.187989556136,mChi_1,mCherry RNAi,0.326754387471349,0.33939797686400475,-20.411174921452663,70,2000
976,34.3138500635324,596.0775095298602,228.84498094027956,981.0,1.5103261859591883,57544.39771283355,mChi_1,mCherry RNAi,0.5606499828430136,0.34176332049407177,-23.983121683582368,70,2000
977,36.31516743269862,613.7938279711096,224.56204858831254,1840.0,1.2854017044788586,60965.15167432699,mChi_1,mCherry RNAi,0.5703991392073486,0.3904640422395025,-23.37391869109384,70,2000
978,35.76865671641791,629.6952736318408,229.80721393034827,1052.0,1.4124283632993273,58206.34701492537,mChi_1,mCherry RNAi,0.5571094916275561,0.4333608833524487,-24.918693117186386,70,2000
979,35.49817117776152,624.9707388441843,244.34089246525238,1810.0,1.454773754774283,62867.4447695684,mChi_1,mCherry RNAi,0.5222683523071043,0.41990314125090444,-24.45869483281774,70,2000
980,35.07590759075907,633.1303630363036,187.0,1461.0,1.3624024805818815,53642.71122112211,mChi_1,mCherry RNAi,0.6600467046243421,0.44422783870355187,-27.00667625297308,70,2000
981,36.64908256880734,644.5214067278288,225.83715596330276,1625.0,1.3210418777230233,60505.40137614679,mChi_1,mCherry RNAi,0.566148229153639,0.4739755973202475,-25.211313779968005,70,2000
982,35.255290102389075,678.1569965870307,258.7092150170648,1794.0,1.3401751666808435,47319.86006825938,mChi_1,mCherry RNAi,0.48556534042916777,0.5638174752968126,-28.130537835290056,70,2000
983,35.0290780141844,681.3581560283687,241.18936170212766,1772.0,1.6350876505047371,34907.15390070922,mChi_1,mCherry RNAi,0.5276282429809864,0.5731545566140057,-29.05675548657267,70,2000
984,34.93058733790999,689.7048054919909,342.1578947368421,1535.0,1.4644686502220958,34821.485125858126,mChi_1,mCherry RNAi,0.28408214519901454,0.5918787545234478,-27.03940196095418,70,2000
985,34.66824644549763,798.1872037914692,332.3072669826224,1463.0,1.3829529267927907,53358.39494470774,mChi_1,mCherry RNAi,0.30355698912907947,0.8869889837760667,-35.349067002984654,70,2000
986,34.37327188940092,207.463133640553,393.66359447004606,532.0,1.418325009050822,17573.60138248848,mChi_1,mCherry RNAi,0.17881564584936216,-0.7206276499041182,8.388921048449095,70,2000
987,34.51196808510638,226.9720744680851,284.3351063829787,886.0,1.5257030586188036,26332.324468085106,mChi_1,mCherry RNAi,0.4414137890216001,-0.6633263830537149,4.188356947075661,70,2000
988,35.08705612829324,226.22680412371133,338.3814432989691,1026.0,1.50705625697046,30354.443298969072,mChi_1,mCherry RNAi,0.3112912976364268,-0.6673456638891757,6.268187153010736,70,2000
989,34.994974874371856,236.94170854271357,566.5145728643216,1146.0,1.508839545353458,40417.06130653266,mChi_1,mCherry RNAi,-0.23866220275064853,-0.6471430180190838,11.540662476024128,70,2000
990,34.454237288135594,250.22146892655368,244.76497175141242,1021.0,1.5287488056534564,25381.595480225988,mChi_1,mCherry RNAi,0.5358190393381728,-0.5986196654938312,1.3989351976530457,70,2000
991,35.31050228310502,253.79756468797564,508.50228310502285,783.0,1.3968506448694622,33526.87214611872,mChi_1,mCherry RNAi,-0.09956039771991976,-0.5990169544472818,9.086326128812228,70,2000
992,34.9988358556461,269.88358556461003,260.39697322467987,1053.0,1.4146842175170078,27517.601862630967,mChi_1,mCherry RNAi,0.497430394876615,-0.545694485159479,0.9514821757588265,70,2000
993,34.183514774494554,305.88491446345256,175.8398133748056,766.0,1.4723742020449129,20819.978227060652,mChi_1,mCherry RNAi,0.6996556790318653,-0.44473203466588884,-4.717629163157291,70,2000
994,36.46439628482972,305.45098039215685,269.7450980392157,1157.0,1.5157923322671742,28767.33230134159,mChi_1,mCherry RNAi,0.47361440583170555,-0.4491240621970882,0.11219619229783007,70,2000
995,35.0835734870317,332.57540826128724,198.52065321805955,1237.0,1.5571337862840193,39408.69644572526,mChi_1,mCherry RNAi,0.6440352959019924,-0.3729136922451789,-5.125432740130112,70,2000
996,35.9022869022869,337.3201663201663,233.2016632016632,1142.0,1.3497770603924522,29381.836798336797,mChi_1,mCherry RNAi,0.560360896939216,-0.3612120640878772,-3.717196070443304,70,2000
997,34.822916666666664,341.95625,165.84479166666668,1232.0,1.5470549367791204,31704.773958333335,mChi_1,mCherry RNAi,0.7223626281761604,-0.346200496414107,-6.936815396167942,70,2000
998,35.13614457831325,358.79277108433735,184.31807228915662,1044.0,1.4475045485095728,37422.95421686747,mChi_1,mCherry RNAi,0.6772258693892548,-0.30110953068177504,-7.335847367840451,70,2000
999,35.15625,361.2604166666667,267.62291666666664,572.0,1.5760575823345153,26342.2875,mChi_1,mCherry RNAi,0.4764652277924457,-0.297648263351071,-5.253310209629753,70,2000
1000,35.75111111111111,366.43111111111114,277.7311111111111,583.0,1.6031845311396888,31171.062222222223,mChi_1,mCherry RNAi,0.45195151670267686,-0.2838751765818983,-4.759433958394304,70,2000
1001,35.466740576496676,375.0609756097561,316.6818181818182,1136.0,1.5021921435265524,41789.95898004434,mChi_1,mCherry RNAi,0.3577719413282656,-0.26199992120152826,-4.6149980708213185,70,2000
1002,35.15142576204523,379.44051130776796,248.02064896755164,1369.0,1.6295086898497795,42495.99705014749,mChi_1,mCherry RNAi,0.5229729744625216,-0.24748441418907252,-7.0894656494415855,70,2000
1003,35.6104033970276,383.67887473460723,475.6045647558386,2258.0,1.8267175598890102,52279.297770700636,mChi_1,mCherry RNAi,-0.025370369986359553,-0.24475064224435827,-0.8176444606564743,70,2000
1004,36.33748133399701,379.81931309109007,444.2279741164759,2356.0,1.6531511616046901,54491.01642608263,mChi_1,mCherry RNAi,0.05040578985805633,-0.253871898710862,-0.6593089190886907,70,2000
1005,36.16075307748009,401.5937726285301,161.42939898624186,1675.0,1.3954301011671797,59262.56770456191,mChi_1,mCherry RNAi,0.7307522566634688,-0.1837131258080109,-10.000420087164063,70,2000
1006,37.484864300626306,413.19676409185803,328.1889352818372,2308.0,1.4580894105450066,39717.71711899791,mChi_1,mCherry RNAi,0.3286893688884791,-0.1584259901644598,-5.029577718512204,70,2000
1007,35.85918674698795,429.73343373493975,180.835843373494,1691.0,1.5486070006322603,60453.988704819276,mChi_1,mCherry RNAi,0.6828880002381861,-0.10806553394611274,-11.798317425942338,70,2000
1008,34.9296,434.488,164.8848,787.0,1.5341418789953454,47892.9376,mChi_1,mCherry RNAi,0.7210675586487221,-0.09470683952711123,-13.495118970613845,70,2000
1009,36.02016383112792,446.21613106490236,176.51354757403908,1852.0,1.4005436551226036,58200.75362318841,mChi_1,mCherry RNAi,0.6926658039733957,-0.0630771585466472,-12.936594805451854,70,2000
1010,35.423780487804876,478.5376016260163,219.6138211382114,1299.0,1.7050038375670376,57379.721544715445,mChi_1,mCherry RNAi,0.5875459705816775,0.022951848722029267,-14.691498195254816,70,2000
1011,36.5299938157081,477.34879406307977,293.8317872603587,1961.0,1.5210323452929773,54982.05565862709,mChi_1,mCherry RNAi,0.40888419196347314,0.017045285861600368,-11.5079948832847,70,2000
1012,35.15979381443299,484.6512027491409,86.96649484536083,1336.0,1.6500244184441824,38896.96821305842,mChi_1,mCherry RNAi,0.9068129328157359,0.04468416364948968,-18.95938257474188,70,2000
1013,35.35897435897436,491.15976331360946,243.9921104536489,1227.0,1.3965515370744783,60291.54339250493,mChi_1,mCherry RNAi,0.528326285780579,0.05628664720404819,-15.006337723372814,70,2000
1014,35.576518218623484,494.834008097166,289.87692307692305,1439.0,1.450032171601652,57968.74331983805,mChi_1,mCherry RNAi,0.41766851652785775,0.06452437801214228,-13.81949857707328,70,2000
1015,36.35981838819523,504.45970488081724,232.79568671963676,2142.0,1.8169430528944173,57773.69863791147,mChi_1,mCherry RNAi,0.5548390555583249,0.09305968382115326,-15.26366563638603,70,2000
1016,35.95399305555556,506.4861111111111,253.88715277777777,1476.0,1.759812887720564,55811.881944444445,mChi_1,mCherry RNAi,0.5039293644831915,0.09766389317672886,-15.246671192751545,70,2000
1017,36.62119967132293,518.6622843056697,179.27280197206244,1473.0,1.2795059117185645,60210.48890714873,mChi_1,mCherry RNAi,0.6832270067378203,0.13379035268324557,-17.46093308551429,70,2000
1018,34.70943396226415,520.6830188679245,394.3245283018868,501.0,1.9745675720510527,32901.87547169811,mChi_1,mCherry RNAi,0.1650106244488474,0.13052076394407064,-13.730689245743626,70,2000
1019,37.31221719457014,521.2036199095022,133.2579185520362,835.0,1.3368511093253646,43353.16440422323,mChi_1,mCherry RNAi,0.7940117776632354,0.14262581218332393,-18.191326894077946,70,2000
1020,35.789237668161434,535.5657698056801,141.98878923766816,1623.0,1.3597996126273593,59181.733931240655,mChi_1,mCherry RNAi,0.772325176205082,0.18101208432015392,-20.505551705913174,70,2000
1021,36.549718574108816,547.4305816135085,201.18949343339588,1406.0,1.3579820691379478,61061.875234521576,mChi_1,mCherry RNAi,0.6293057865942149,0.2110934875054724,-19.007039660028706,70,2000
1022,34.66916588566073,555.4742268041238,410.311152764761,1440.0,1.8572531090961042,20181.881911902532,mChi_1,mCherry RNAi,0.12514050128690823,0.22442721541300692,-15.837221389425157,70,2000
1023,35.15994130594277,575.6294937637564,162.14453411592078,1622.0,1.5960679150087975,50713.305209097576,mChi_1,mCherry RNAi,0.7221698991147907,0.288967127978633,-23.46558621886382,70,2000
1024,35.25844748858447,586.2319634703197,339.53881278538813,1330.0,1.4744401438138,46923.76073059361,mChi_1,mCherry RNAi,0.29445286402546667,0.31087998712376086,-19.359061414821795,70,2000
1025,35.708381171067735,594.5200918484501,412.82663605051664,1180.0,1.5330754613808106,24603.818599311136,mChi_1,mCherry RNAi,0.11762068931405767,0.33063222449417684,-17.534854913045685,70,2000
1026,35.402966625463534,596.1730531520395,205.3238566131026,1012.0,1.4769384586490697,53298.77008652657,mChi_1,mCherry RNAi,0.6173718365336986,0.343154110019136,-23.53639476700596,70,2000
1027,35.49484536082474,604.7540500736377,309.4565537555228,980.0,1.659070540245366,47041.39764359352,mChi_1,mCherry RNAi,0.3662065458088333,0.36242915237746054,-21.2609808989266,70,2000
1028,36.08517350157729,605.743690851735,293.3824921135647,1644.0,1.373238307963164,60850.51025236593,mChi_1,mCherry RNAi,0.40492392781565667,0.3658610519910319,-21.175520819916375,70,2000
1029,35.63092046470062,636.4477211796246,256.5549597855228,1414.0,1.5113360059134378,53714.61394101877,mChi_1,mCherry RNAi,0.49240696668445993,0.4506392681912994,-24.8214150620122,70,2000
1030,35.57741116751269,647.3007614213197,181.5964467005076,995.0,1.5720806999032195,50186.168781725886,mChi_1,mCherry RNAi,0.6725405259405364,0.4830421348622005,-27.668595986179767,70,2000
1031,34.50704225352113,671.5760563380281,228.4042253521127,849.0,1.4639293071565465,35324.494366197185,mChi_1,mCherry RNAi,0.5587748364364669,0.5469696494885805,-29.219132393468158,70,2000
1032,36.02205882352941,697.1596638655462,209.9002100840336,1340.0,1.4941734250282905,37976.14495798319,mChi_1,mCherry RNAi,0.6024423729496575,0.6175069174384982,-30.041568595129252,70,2000
1033,36.909685086155676,715.6125965537731,262.5686274509804,2212.0,1.5126204165243284,45585.14081996435,mChi_1,mCherry RNAi,0.4749085980921226,0.6657698140273116,-29.064573708291665,70,2000
1034,35.19843342036553,717.7349869451697,305.62075718015666,1791.0,1.4522150505500475,42951.43929503916,mChi_1,mCherry RNAi,0.37101498414552836,0.6695219879079564,-29.76567248318799,70,2000
1035,35.70828848223897,742.9332615715823,253.259418729817,1124.0,1.2656641299285853,33786.24650161464,mChi_1,mCherry RNAi,0.49619095758473786,0.7401346665641426,-32.47287688760834,70,2000
1036,37.104046242774565,738.5549132947976,280.95375722543355,2611.0,1.5059421883190838,48599.75289017341,mChi_1,mCherry RNAi,0.42973830959529535,0.7274320443365319,-30.022564688712563,70,2000
1037,35.81481481481482,764.8784925276153,332.57829759584143,1894.0,1.60229079009985,43056.621182586096,mChi_1,mCherry RNAi,0.30427635600436953,0.7966945078149725,-31.80878624710236,70,2000
1038,36.52983293556086,246.8162291169451,463.0059665871122,960.0,1.3016948185467907,40321.78758949881,mChi_1,mCherry RNAi,0.010380012182287235,-0.6159736799317876,9.579855475435181,70,2000
1039,36.05508870214753,269.5452847805789,693.8627450980392,1255.0,1.5278863310595276,36652.729225023344,mChi_1,mCherry RNAi,-0.5466272704988462,-0.5633065633421099,13.682036245694132,70,2000
1040,35.47341115434501,275.7535667963684,225.76523994811933,908.0,1.4493992666795301,22235.30739299611,mChi_1,mCherry RNAi,0.5806518638619307,-0.5283005106455896,0.07248281555964553,70,2000
1041,36.30641592920354,294.9380530973451,246.17146017699116,1106.0,1.6235271485353757,25329.12278761062,mChi_1,mCherry RNAi,0.5307996118307463,-0.47680263566071635,0.07520506130852311,70,2000
1042,36.72361809045226,296.46633165829144,359.0492462311558,1175.0,1.3905127044882226,33390.61206030151,mChi_1,mCherry RNAi,0.25886474931176595,-0.4769688587184848,3.4160964218001446,70,2000
1043,37.76575342465753,313.0876712328767,229.43561643835616,896.0,1.6665336651401699,22630.671232876713,mChi_1,mCherry RNAi,0.5704948592312811,-0.42654553019982744,-0.22184605885549402,70,2000
1044,35.99064171122995,318.12433155080214,838.3422459893048,904.0,1.617995499795764,33574.479946524065,mChi_1,mCherry RNAi,-0.8965523002188737,-0.4369491868583235,14.016516840444805,70,2000
1045,37.012645914396884,327.03891050583655,171.59338521400778,1249.0,1.287190180498536,32305.642023346303,mChi_1,mCherry RNAi,0.709234072400134,-0.38652884797688847,-3.5287070629628303,70,2000
1046,36.8740234375,326.25390625,185.8349609375,1222.0,1.3684993516335804,40516.560546875,mChi_1,mCherry RNAi,0.6749508753394575,-0.38924444692476423,-3.227735173825735,70,2000
1047,35.68762088974855,333.3568665377176,294.5174081237911,1327.0,1.5870188569727604,39452.53965183753,mChi_1,mCherry RNAi,0.4128044029788298,-0.37441433229861387,-1.9984867553103953,70,2000
1048,37.092592592592595,347.23333333333335,222.2962962962963,1436.0,1.5134798104178497,37024.67962962963,mChi_1,mCherry RNAi,0.5863166207445463,-0.33361596666921056,-3.5348040391447952,70,2000
1049,36.29696394686907,374.0607210626186,109.3899430740038,1248.0,1.4886347372628743,29277.37191650854,mChi_1,mCherry RNAi,0.857189256501335,-0.25647255875426456,-9.288208349791795,70,2000
1050,36.09527896995708,373.3690987124464,346.8145922746781,1473.0,1.6909544282380315,25105.709871244635,mChi_1,mCherry RNAi,0.285292963784018,-0.2676485262813759,-3.0568419644979272,70,2000
1051,36.476190476190474,381.21385281385284,75.62943722943723,1373.0,1.4999721678696083,19532.10043290043,mChi_1,mCherry RNAi,0.9382436344181897,-0.23568392584613562,-10.530328605151201,70,2000
1052,35.97849462365591,395.4926686217009,319.90615835777123,1273.0,1.7138936387103743,33376.393939393936,mChi_1,mCherry RNAi,0.34923889124370167,-0.2065062741178887,-5.483976771001657,70,2000
1053,37.841517857142854,395.9456845238095,188.71130952380952,1706.0,1.3377602553576984,33219.026041666664,mChi_1,mCherry RNAi,0.6653603727518267,-0.19979388695115718,-7.185926323307569,70,2000
1054,36.692458374142994,391.38197845249755,150.06268364348676,1315.0,1.467976831243751,38273.77277179236,mChi_1,mCherry RNAi,0.7585644043761155,-0.2109137914542374,-9.04319185104485,70,2000
1055,38.328009828009826,405.24938574938574,315.97542997542996,1243.0,1.4187497693653774,38065.61056511057,mChi_1,mCherry RNAi,0.3584721803288262,-0.17937935028697582,-3.9470543101799223,70,2000
1056,36.750507099391484,410.342799188641,149.62271805273835,1736.0,1.4919097229034481,61686.40770791075,mChi_1,mCherry RNAi,0.7588872267218145,-0.15936324798438495,-10.357521544278264,70,2000
1057,36.12256809338521,410.22665369649803,239.83560311284046,1325.0,1.6474787621583173,37740.11186770428,mChi_1,mCherry RNAi,0.5415470808726337,-0.1633196137330033,-8.550031699105638,70,2000
1058,36.09940357852883,415.7634194831014,263.3648111332008,1240.0,1.4729856222602198,35791.30914512923,mChi_1,mCherry RNAi,0.48465200250794793,-0.14919657340038472,-8.337823289668398,70,2000
1059,37.046800382043934,411.1518624641834,186.3839541547278,1301.0,1.430926736446367,43410.638013371536,mChi_1,mCherry RNAi,0.6703232187030206,-0.15853983437791253,-9.131871465456314,70,2000
1060,37.00514403292181,419.05864197530866,201.75411522633746,1157.0,1.4110839154048191,54972.706790123455,mChi_1,mCherry RNAi,0.6329880131230818,-0.13766230917129074,-9.32748645755717,70,2000
1061,37.29352226720648,423.27834008097165,233.3846153846154,1314.0,1.6105608893012617,58998.754048582996,mChi_1,mCherry RNAi,0.5566492655663537,-0.12737273726750398,-8.492363415460407,70,2000
1062,36.09185606060606,424.70454545454544,249.48674242424244,1367.0,1.4740239104908093,54651.701704545456,mChi_1,mCherry RNAi,0.5177319331836818,-0.12436136409132026,-9.359939483524856,70,2000
1063,36.46557120500783,431.2308294209703,291.4827856025039,1542.0,1.3898384052664514,58395.5813771518,mChi_1,mCherry RNAi,0.41633977736151073,-0.10819150592821192,-8.326557301682168,70,2000
1064,35.60807860262009,436.7914847161572,239.48471615720524,1209.0,1.5001933039820818,55193.79694323144,mChi_1,mCherry RNAi,0.5413227534777925,-0.09122282168416862,-10.978385965203739,70,2000
1065,36.423230974632844,430.1522029372497,193.48598130841123,906.0,1.4200490957962353,52393.17089452603,mChi_1,mCherry RNAi,0.6524349186425118,-0.10730995475245186,-10.925894944593061,70,2000
1066,38.491467576791806,441.188566552901,305.3212457337884,2975.0,1.2554707581195446,59294.23848122867,mChi_1,mCherry RNAi,0.38274251408991566,-0.08127477655878346,-6.6490246435563165,70,2000
1067,38.405080213903744,448.8181818181818,249.81617647058823,1945.0,1.4104391569842678,56512.8121657754,mChi_1,mCherry RNAi,0.5161402897597938,-0.05839581476080513,-8.77473705921418,70,2000
1068,36.55508474576271,458.79745762711866,221.56949152542373,1444.0,1.3792164826652764,53233.36525423729,mChi_1,mCherry RNAi,0.5836764469233477,-0.03054162878156219,-12.094649944665452,70,2000
1069,36.576098059244124,456.35750766087847,266.14198161389174,1393.0,1.7268338114818906,57100.16138917262,mChi_1,mCherry RNAi,0.4764064110403001,-0.038905383737270816,-10.7003691840133,70,2000
1070,38.4524627720504,464.21534936998853,123.10481099656357,2107.0,1.4533455019314931,57879.83218785796,mChi_1,mCherry RNAi,0.8207653998074771,-0.011607620243942351,-13.238654307721605,70,2000
1071,37.44064665127021,469.8803695150115,203.27344110854503,2735.0,1.9458452654915834,51771.357505773674,mChi_1,mCherry RNAi,0.6273702956965106,0.00046124936259772653,-12.498719873688408,70,2000
1072,37.96679841897233,467.6711462450593,274.10434782608695,1623.0,1.4111253845457825,57613.64110671937,mChi_1,mCherry RNAi,0.4568711102183689,-0.008200046723096821,-9.911417838452182,70,2000
1073,37.02424687729611,474.9867744305658,107.30565760470242,1787.0,1.5387342374418524,51723.43791329904,mChi_1,mCherry RNAi,0.8583130919451893,0.01799665807367523,-15.8602268325561,70,2000
1074,36.297697368421055,476.35032894736844,311.9868421052632,1297.0,1.7364337904886065,50780.66776315789,mChi_1,mCherry RNAi,0.3651766855514875,0.013578654748575225,-11.179897927538315,70,2000
1075,37.115450890292934,478.9684089603676,363.78058587018955,2066.0,1.659778090203036,39257.192992533026,mChi_1,mCherry RNAi,0.24036397403963106,0.018834090275213322,-9.159983367188243,70,2000
1076,37.89370078740158,481.84251968503935,265.31102362204723,1335.0,1.43031007542403,61754.563976377955,mChi_1,mCherry RNAi,0.47749450163769835,0.03063610645360182,-11.237449052375192,70,2000
1077,37.4902755267423,489.00567260940034,103.26904376012966,1714.0,1.8598745145019315,39556.05510534846,mChi_1,mCherry RNAi,0.867517929389138,0.0563390152376293,-16.509899249722512,70,2000
1078,37.32517838939857,505.78389398572887,180.53007135575942,1218.0,1.4327219749099342,56167.05198776758,mChi_1,mCherry RNAi,0.6807452363651532,0.09888544954507239,-15.801239293032591,70,2000
1079,37.182406209573095,512.1707632600259,168.0012936610608,1183.0,1.542225928110293,59721.52522639069,mChi_1,mCherry RNAi,0.7106663443229553,0.11670082160129591,-16.738648841283815,70,2000
1080,36.82870071105365,515.8804137039431,398.8409825468649,2167.0,1.765318648726779,34959.354234001294,mChi_1,mCherry RNAi,0.15445061461640774,0.11771122962438385,-11.151661393508254,70,2000
1081,38.85427910562837,522.9429452582883,240.64996144949885,1673.0,1.5337490595041812,60644.93831919815,mChi_1,mCherry RNAi,0.5353526791937389,0.1434680762473044,-13.891500949028899,70,2000
1082,37.15593561368209,532.3370221327967,156.98692152917505,1250.0,1.4929817106864494,57567.281690140844,mChi_1,mCherry RNAi,0.7364085643952161,0.17192255759838537,-18.508014296475928,70,2000
1083,36.4622144112478,540.3014059753955,245.7847100175747,1474.0,1.467155342474286,54597.599297012304,mChi_1,mCherry RNAi,0.5221574171929726,0.1899655451654616,-17.38390906206261,70,2000
1084,35.620610687022904,556.1206106870229,396.775572519084,1615.0,1.7912781547821368,27261.387786259544,mChi_1,mCherry RNAi,0.15777901100797376,0.22689840390271954,-15.298834937003473,70,2000
1085,36.04066390041494,556.341908713693,249.8298755186722,1446.0,1.4011564669736967,60216.93692946058,mChi_1,mCherry RNAi,0.5117606741749683,0.23331159616989683,-18.846327868596774,70,2000
1086,36.82659478885894,558.4618149146451,195.11320754716982,1327.0,1.3817615192170563,55348.11590296496,mChi_1,mCherry RNAi,0.643528745302562,0.2413598448022105,-19.685786628861962,70,2000
1087,37.58445595854922,559.5595854922279,220.30569948186528,1174.0,1.4102237750531386,60664.04766839378,mChi_1,mCherry RNAi,0.5828490437122043,0.24350955056848367,-18.331649143735874,70,2000
1088,36.02153432032301,561.9703903095559,324.07200538358006,1859.0,1.6989560055213033,42995.807537012115,mChi_1,mCherry RNAi,0.33270449132948365,0.2457073944104451,-17.273329210200362,70,2000
1089,37.77290322580645,567.5152688172043,293.4898924731183,2911.0,1.4932441922673645,59909.90494623656,mChi_1,mCherry RNAi,0.40626323113429974,0.2623110762617984,-16.74709447920658,70,2000
1090,36.49540229885057,572.7965517241379,147.4551724137931,1053.0,1.3978464116573734,42351.996551724136,mChi_1,mCherry RNAi,0.7577474073036345,0.28210446779965026,-22.325699410488134,70,2000
1091,37.14617940199336,573.6223698781838,190.8017718715393,1076.0,1.3642973870940969,42751.382059800664,mChi_1,mCherry RNAi,0.6533418852789321,0.28278633697327593,-20.570771143181265,70,2000
1092,37.05021276595745,582.8731914893617,177.81446808510637,1362.0,1.4747577144259798,57139.27829787234,mChi_1,mCherry RNAi,0.6842585424864709,0.30841096615273234,-21.679319250768,70,2000
1093,36.71232876712329,600.4264840182649,448.0159817351598,2534.0,1.5053930349041114,49196.28493150685,mChi_1,mCherry RNAi,0.032687945006182995,0.3455069393851464,-16.011606281853265,70,2000
1094,36.81163708086785,618.8037475345168,261.29487179487177,1365.0,1.5895762128202477,50017.46351084812,mChi_1,mCherry RNAi,0.4817519325441004,0.4027428440741434,-22.250842877895167,70,2000
1095,35.90723562152134,652.5185528756957,252.10018552875695,1366.0,1.4884327813743936,39628.100185528754,mChi_1,mCherry RNAi,0.5025271394481066,0.49453632546129,-25.818704828179342,70,2000
1096,37.55079764903442,659.8656591099916,220.45843828715365,1377.0,1.3848426031237606,49771.08480268682,mChi_1,mCherry RNAi,0.5785612457018119,0.5160572972534532,-25.557751130081883,70,2000
1097,37.66096654275093,781.7784386617101,322.51226765799254,1585.0,1.340117402119139,50201.05130111524,mChi_1,mCherry RNAi,0.3279781378205622,0.8433718874012717,-31.451191277651716,70,2000
1098,36.73835920177384,202.1019955654102,444.16518847006654,1066.0,1.3681039898119463,42774.22727272727,mChi_1,mCherry RNAi,0.0575232800943315,-0.7366994751610585,12.489367423287714,70,2000
1099,37.576241134751776,204.75886524822695,463.4343971631206,781.0,1.489915723586627,15520.283687943262,mChi_1,mCherry RNAi,0.011055716546508165,-0.730066576321045,13.652190576408604,70,2000
1100,37.28202247191011,258.4337078651685,597.1494382022472,1071.0,1.3604808393598176,45188.25730337079,mChi_1,mCherry RNAi,-0.3131530897618834,-0.5894879357544474,13.102579638465645,70,2000
1101,37.63120567375886,279.4160756501182,215.96217494089834,1018.0,1.397362484052072,20777.02718676123,mChi_1,mCherry RNAi,0.6042566102650795,-0.5175420270203126,1.69761890788088,70,2000
1102,37.556091676718935,279.88902291917975,266.68395657418574,971.0,1.2830543033652615,30223.1712907117,mChi_1,mCherry RNAi,0.4820543558278818,-0.5182492588531487,2.9523788946241254,70,2000
1103,37.83204134366925,282.93798449612405,245.08397932816538,989.0,1.5979348518435652,27581.459948320415,mChi_1,mCherry RNAi,0.5339826479366192,-0.5090679457717946,2.428078072903247,70,2000
1104,37.1825876662636,296.825876662636,298.60943168077387,989.0,1.288098904895343,24703.22853688029,mChi_1,mCherry RNAi,0.40446723094040093,-0.4735451498344174,2.223078926704453,70,2000
1105,36.6884561891516,309.36717663421416,155.79554937413073,824.0,1.3865093233602603,21163.216968011126,mChi_1,mCherry RNAi,0.7479581349866473,-0.4339957941700705,-3.008755091670089,70,2000
1106,36.754901960784316,328.3,258.5176470588235,704.0,1.6700659706201129,21240.227450980394,mChi_1,mCherry RNAi,0.4997848043586137,-0.3865418773745565,-1.539332812126574,70,2000
1107,37.842443729903536,373.04501607717043,224.18435155412647,1144.0,1.5735814881377919,29092.67738478028,mChi_1,mCherry RNAi,0.5808070880272684,-0.2634044408427497,-4.58830725444275,70,2000
1108,37.46620847651776,384.6471935853379,164.02634593356242,1118.0,1.3677460546109923,33353.09049255441,mChi_1,mCherry RNAi,0.7252397292703312,-0.22960645525573797,-7.4131223653506275,70,2000
1109,37.032954545454544,385.6465909090909,228.1102272727273,1196.0,1.6056424202779291,34463.875,mChi_1,mCherry RNAi,0.5708079044774159,-0.2294745525738624,-6.193998953236644,70,2000
1110,37.66181061394381,389.8751300728408,293.0093652445369,1161.0,1.4377899525287292,33954.30280957336,mChi_1,mCherry RNAi,0.4143521540641286,-0.22039114058025344,-4.125651430943936,70,2000
1111,36.64385150812065,393.6600928074246,66.63921113689095,1068.0,1.6126506422697595,15310.564965197216,mChi_1,mCherry RNAi,0.9594236660655371,-0.20148044806563536,-11.497829342920575,70,2000
1112,37.90632318501171,392.09289617486337,212.76112412177986,1601.0,1.7093960023653696,38108.591725214676,mChi_1,mCherry RNAi,0.6075834588421081,-0.21118795796663692,-6.198339558703324,70,2000
1113,36.95607763023494,400.70582226762,331.58222676200205,1112.0,1.337243889848794,38376.62002042901,mChi_1,mCherry RNAi,0.32097059345475354,-0.19260370704002694,-4.5693998027106915,70,2000
1114,38.111617312072894,399.7312072892939,283.38382687927106,1096.0,1.5477206942240678,29663.048974943053,mChi_1,mCherry RNAi,0.43718123138450005,-0.1931456413143784,-4.643079245971716,70,2000
1115,38.11065989847716,408.7522842639594,121.96852791878173,1169.0,1.5016678520397135,53158.93299492386,mChi_1,mCherry RNAi,0.825647545254572,-0.16233953645363353,-9.630697461092273,70,2000
1116,37.5960396039604,422.76039603960396,275.65676567656766,1975.0,1.5055576241149722,53997.69306930693,mChi_1,mCherry RNAi,0.4548627319880516,-0.13036882473132383,-7.017145544803473,70,2000
1117,37.45284327323162,427.7392510402219,374.6386962552011,1742.0,1.7233900871859855,30731.718446601943,mChi_1,mCherry RNAi,0.21623074378868212,-0.12072722097515509,-4.8561445723757934,70,2000
1118,40.043103448275865,430.1336206896552,316.97683189655174,2227.0,1.1679187732897935,45750.636853448275,mChi_1,mCherry RNAi,0.35519462937441615,-0.11146364567507117,-3.995447332585261,70,2000
1119,38.27031509121061,438.8648424543947,280.55887230514094,1486.0,1.3839739425720694,58949.23134328358,mChi_1,mCherry RNAi,0.4424673757378532,-0.08666701124022447,-7.368509596818512,70,2000
1120,38.02134831460674,438.94943820224717,139.18426966292134,1189.0,1.5757409365689194,42086.886516853934,mChi_1,mCherry RNAi,0.782993101210099,-0.0809740082649889,-11.423476728073982,70,2000
1121,36.729166666666664,457.77430555555554,108.93576388888889,767.0,1.5014093575739744,35819.505208333336,mChi_1,mCherry RNAi,0.85504043093042,-0.028896111751249842,-14.875675376468951,70,2000
1122,36.997894736842106,469.5178947368421,142.30315789473684,644.0,1.4087410328236096,37906.77684210526,mChi_1,mCherry RNAi,0.7742227451511305,0.001766443318415245,-14.553266505232088,70,2000
1123,36.19031141868512,469.7335640138408,427.0726643598616,1067.0,1.958663287907103,20206.598615916955,mChi_1,mCherry RNAi,0.08820861924686585,-0.008909197789050083,-7.71831108717962,70,2000
1124,40.24537236332329,481.3607404218683,181.52948773138183,3016.0,1.6132061411908316,55719.60998708566,mChi_1,mCherry RNAi,0.6794732149196856,0.03305584294931507,-11.110475965840186,70,2000
1125,38.01326530612245,488.0173469387755,120.74183673469388,1272.0,1.4173961977448588,53334.29285714286,mChi_1,mCherry RNAi,0.8255003977818307,0.05307501303476103,-15.44780537634394,70,2000
1126,37.176025917926566,487.02591792656585,327.232181425486,1282.0,1.5251629759175356,41044.38228941685,mChi_1,mCherry RNAi,0.3280911726469862,0.04216554791662008,-10.66024143953167,70,2000
1127,39.95040871934605,494.09046321525886,259.5013623978202,2403.0,1.3672219684888953,61767.28501362398,mChi_1,mCherry RNAi,0.4911382846162926,0.06454810272029032,-10.22172344259349,70,2000
1128,36.60128617363344,505.61736334405145,301.564308681672,751.0,1.3622231695796514,37317.76366559485,mChi_1,mCherry RNAi,0.3891583269512986,0.09357161202835829,-13.257215751991954,70,2000
1129,38.12932604735884,507.3743169398907,91.22950819672131,1494.0,1.385592771219538,45958.92440801457,mChi_1,mCherry RNAi,0.8958411388778236,0.10684691817807823,-17.514286746957424,70,2000
1130,38.35054080629302,506.75172074729596,378.7615535889872,2684.0,1.8920688259683827,46639.31022615536,mChi_1,mCherry RNAi,0.20326925127971052,0.09398800484808567,-9.519147378395203,70,2000
1131,37.86174636174636,519.475051975052,257.14760914760916,1186.0,1.3915571658637649,57877.712058212055,mChi_1,mCherry RNAi,0.4956867632909845,0.13320647329218982,-14.188788913201686,70,2000
1132,38.308702791461414,516.7766830870279,352.4334975369458,2203.0,1.6262872808702933,41626.59003831418,mChi_1,mCherry RNAi,0.26629436739687296,0.1222469812822915,-10.9879160315912,70,2000
1133,36.143079315707624,528.542768273717,412.94090202177296,862.0,1.7930751190243326,19922.849144634525,mChi_1,mCherry RNAi,0.11994941973273665,0.15143394687119427,-12.364694926510362,70,2000
1134,37.88646684831971,546.1998183469573,215.00363306085376,1397.0,1.4511968932683854,61536.59945504087,mChi_1,mCherry RNAi,0.5961612887325318,0.2074733316836086,-17.2145430740267,70,2000
1135,37.99733806566105,550.2732919254659,160.48624667258207,1367.0,1.5022299728931732,50240.661934338954,mChi_1,mCherry RNAi,0.7273310786044167,0.2206895071832673,-18.861882142384008,70,2000
1136,36.451100244498775,591.9865525672371,278.5403422982885,1124.0,1.5577320720049688,54527.30073349633,mChi_1,mCherry RNAi,0.4412359095419598,0.3291295864027983,-20.22264871967031,70,2000
1137,38.3768115942029,603.1429951690822,193.9304347826087,1230.0,1.3762128770345665,56571.22801932367,mChi_1,mCherry RNAi,0.6447289745511784,0.3631222646135157,-21.37765960876191,70,2000
1138,38.03055848261328,663.3277133825079,205.9104320337197,1151.0,1.4100042427893855,42078.101159114856,mChi_1,mCherry RNAi,0.6134992120755569,0.526126216923932,-25.71889541381305,70,2000
1139,38.3729662077597,707.7146433041302,248.409887359199,1915.0,1.3835936754137292,48623.55319148936,mChi_1,mCherry RNAi,0.5094137132113488,0.6451485071012144,-27.41957866177443,70,2000
1140,37.39173228346457,713.1338582677165,219.85826771653544,1251.0,1.4440335630968915,39367.628937007874,mChi_1,mCherry RNAi,0.5779164913773753,0.6607943750454048,-29.554311292064426,70,2000
1141,37.70961281708945,784.7036048064085,342.48064085447265,1676.0,1.3772850316831469,50545.18224299065,mChi_1,mCherry RNAi,0.27976689945528266,0.8505514145076092,-31.07573718612739,70,2000
1142,37.26975763962065,810.8788198103266,437.06743940990515,1136.0,1.497545429588647,40034.761854583776,mChi_1,mCherry RNAi,0.050875619256839144,0.9179026410542135,-30.84945304395289,70,2000
1143,39.06925996204934,192.134724857685,452.2030360531309,1249.0,1.345808177560264,44794.83017077799,mChi_1,mCherry RNAi,0.038695777895600525,-0.7636385768383614,15.74462371937133,70,2000
1144,38.315143246930425,208.86221009549794,608.6712141882674,873.0,1.3865576288234718,45042.03547066849,mChi_1,mCherry RNAi,-0.33890647842847244,-0.7244340172813728,17.99901151808275,70,2000
1145,38.74271844660194,222.6371359223301,374.84466019417476,1050.0,1.5710929236709372,22225.25849514563,mChi_1,mCherry RNAi,0.22382571235697024,-0.6778028491145246,11.150914888107703,70,2000
1146,38.755674232309744,270.2897196261682,248.9279038718291,903.0,1.5882668670628752,24650.71562082777,mChi_1,mCherry RNAi,0.5252747783156306,-0.543405203404348,4.359808262675649,70,2000
1147,38.626062322946176,281.87629839471197,363.0443814919736,1246.0,1.452179291288405,35897.22568460812,mChi_1,mCherry RNAi,0.2499293053681788,-0.5163959350223292,6.467141681855438,70,2000
1148,37.97631862217438,314.8449946178687,245.20559741657698,1073.0,1.4915304191233827,25207.57158234661,mChi_1,mCherry RNAi,0.532452423631623,-0.42234384400806624,0.28597205287380945,70,2000
1149,38.44895287958115,325.2761780104712,238.532722513089,954.0,1.5680854245477542,25891.284031413612,mChi_1,mCherry RNAi,0.5481480526312059,-0.39364625092868066,-0.17057906745190365,70,2000
1150,38.277276456111565,333.16078753076295,143.65873666940115,1457.0,1.5845413030991347,33531.608695652176,mChi_1,mCherry RNAi,0.7763627931333275,-0.3685562027560665,-3.45800432433483,70,2000
1151,37.87555066079295,352.181718061674,168.1762114537445,1128.0,1.533196273473342,33658.17070484581,mChi_1,mCherry RNAi,0.7165369763283282,-0.31790577678824083,-4.5641230967300395,70,2000
1152,39.72383465259455,349.68953386103783,234.8909410729991,1383.0,1.561655171591529,41081.42832014072,mChi_1,mCherry RNAi,0.556046084243929,-0.3269155639722906,-0.7489314573942387,70,2000
1153,38.92393509127789,350.68559837728196,197.17748478701824,1211.0,1.3044588531940655,36560.594320486816,mChi_1,mCherry RNAi,0.6468020110717365,-0.3228958026957378,-2.6318189084671637,70,2000
1154,38.64237516869096,354.6072874493927,211.82051282051282,1015.0,1.6189822026333496,34555.17813765182,mChi_1,mCherry RNAi,0.6113590744146593,-0.3128657197339283,-2.8002624119645,70,2000
1155,38.44807121661721,363.5084075173096,234.35905044510386,1236.0,1.3469849497006103,33935.87141444115,mChi_1,mCherry RNAi,0.5567082921012889,-0.2895957833333408,-3.026705149464515,70,2000
1156,39.212804328223626,371.2623985572588,98.72227231740307,1329.0,1.4471945203498964,29501.329125338143,mChi_1,mCherry RNAi,0.8831761261946751,-0.2630872745291334,-6.4669538543075475,70,2000
1157,38.583412774070545,380.1992373689228,279.1773117254528,1300.0,1.4489184087278382,37140.10962821735,mChi_1,mCherry RNAi,0.44810612799189675,-0.24596284003797353,-2.884398937143061,70,2000
1158,39.04435483870968,376.83770161290323,256.82358870967744,1215.0,1.4174467748356123,41146.46370967742,mChi_1,mCherry RNAi,0.5021119285118238,-0.2541349292240652,-2.784581324169924,70,2000
1159,38.55112881806109,382.261620185923,330.91899070385125,1060.0,1.5745052021288395,40233.95219123506,mChi_1,mCherry RNAi,0.32338771570787994,-0.2423824657222169,-1.6735533204426716,70,2000
1160,38.34952298352125,391.5099739809193,250.4726799653079,1450.0,1.6605299610757955,32460.4119687771,mChi_1,mCherry RNAi,0.5167938085981707,-0.21415514023964488,-4.700796121282991,70,2000
1161,38.61834319526627,399.7189349112426,264.64201183431953,1266.0,1.6471355888251722,32971.12623274162,mChi_1,mCherry RNAi,0.4823586615845703,-0.1923486479323131,-4.6408104228551394,70,2000
1162,39.65679264555669,398.44943820224717,139.02655771195097,1176.0,1.2802946783028866,35413.55362614913,mChi_1,mCherry RNAi,0.7850564847479014,-0.19069645356318676,-6.891330616243682,70,2000
1163,39.08952380952381,418.30095238095237,177.52952380952382,721.0,1.5346707516559528,42790.333333333336,mChi_1,mCherry RNAi,0.6914995545132532,-0.13836691929457534,-7.846116816344388,70,2000
1164,42.010691375623665,417.8681397006415,250.79258731290093,1865.0,1.4656812524159897,58232.97077690663,mChi_1,mCherry RNAi,0.5152212040167166,-0.1418252078903124,-2.93290584325576,70,2000
1165,38.72093023255814,443.00523255813954,387.34593023255815,2128.0,1.6849963978067846,35730.99825581395,mChi_1,mCherry RNAi,0.18510396909004534,-0.07949133872487768,-4.345455241925993,70,2000
1166,39.28414755732802,459.44865403788634,325.7208374875374,1294.0,1.8191515560748606,38552.52542372881,mChi_1,mCherry RNAi,0.33293982857081805,-0.03229642652658915,-6.620364115365588,70,2000
1167,38.69497716894977,487.1287671232877,162.93424657534246,1274.0,1.3548448122822965,58743.30684931507,mChi_1,mCherry RNAi,0.7239439825304912,0.04914945422144723,-13.570059368287364,70,2000
1168,39.165849673202615,492.06617647058823,150.47549019607843,1587.0,1.4884377315912387,61981.27450980392,mChi_1,mCherry RNAi,0.7537911665431469,0.06314413065019875,-13.789751368262596,70,2000
1169,38.31324200913242,491.48949771689496,276.0712328767123,1352.0,1.6649154581406271,60941.88584474886,mChi_1,mCherry RNAi,0.45122448083910216,0.05651265085293744,-11.222008237373982,70,2000
1170,38.279342723004696,492.9640062597809,226.44131455399062,1651.0,1.7050577234348967,59229.00704225352,mChi_1,mCherry RNAi,0.5707138062233006,0.06244767670194906,-12.695831709800077,70,2000
1171,38.734258271077906,491.40821771611525,400.02294557097116,2503.0,1.6871697940007406,28960.460512273214,mChi_1,mCherry RNAi,0.15267774120162936,0.05154178325367309,-7.464125805173309,70,2000
1172,39.01157981803143,511.3143093465674,197.82464846980977,1511.0,1.4588925923025728,53128.91480562448,mChi_1,mCherry RNAi,0.6389746736311062,0.11357038824153975,-14.051644093596591,70,2000
1173,39.37251184834123,513.8853080568721,104.44265402843602,1402.0,1.4498930913983248,57260.71943127962,mChi_1,mCherry RNAi,0.8638361268582131,0.12426836484558113,-16.386681300596578,70,2000
1174,38.584158415841586,526.7040704070407,191.88118811881188,1150.0,1.6332479342902921,44364.864686468645,mChi_1,mCherry RNAi,0.6526636805265109,0.15553648166054224,-15.741758378493033,70,2000
1175,38.89121338912134,526.755230125523,168.9225941422594,1286.0,1.384038582514819,58747.4089958159,mChi_1,mCherry RNAi,0.7079836436134463,0.1566309949297331,-16.056486920192146,70,2000
1176,38.280431432973806,533.5793528505393,255.0215716486903,850.0,1.5372813417005684,41650.656394453006,mChi_1,mCherry RNAi,0.5002831085768893,0.1716970953607273,-14.840429890038635,70,2000
1177,39.776708373435994,535.6390760346487,229.24157844080847,1363.0,1.432306325930409,59779.14051973051,mChi_1,mCherry RNAi,0.562394729821067,0.17859323519397075,-14.189389812668622,70,2000
1178,38.11813186813187,548.5851648351648,381.2752747252747,2270.0,1.6421195347072746,38431.882967032965,mChi_1,mCherry RNAi,0.19556578975810068,0.2075177534162369,-12.68471469364453,70,2000
1179,38.029082774049215,569.9261744966443,408.7718120805369,631.0,1.5460167436864989,23316.47874720358,mChi_1,mCherry RNAi,0.12849278908702555,0.2644178143758087,-13.565446316941134,70,2000
1180,38.65047571357036,580.6434651977967,360.89534301452176,2254.0,1.6821391402674293,51757.38307461192,mChi_1,mCherry RNAi,0.2434380998985186,0.2955285791870208,-15.001905578246792,70,2000
1181,41.33125778331258,588.4190535491905,241.75031133250312,2055.0,1.4075855618694402,57100.55354919053,mChi_1,mCherry RNAi,0.5302986725314696,0.3218294373858832,-16.0899290449278,70,2000
1182,38.95575842696629,586.2099719101124,287.9676966292135,1836.0,1.386506377469589,60120.06039325843,mChi_1,mCherry RNAi,0.41890846571016915,0.31355777139216134,-17.05745974925985,70,2000
1183,39.08278457196614,598.4543744120414,230.9332079021637,1326.0,1.521490364108229,59738.00470366886,mChi_1,mCherry RNAi,0.5558233368418497,0.34907801546607,-19.342598964078206,70,2000
1184,38.60017889087656,600.8935599284437,265.87745974955277,1370.0,1.4844668305639581,53047.74329159213,mChi_1,mCherry RNAi,0.471524028944625,0.3542486623581167,-19.059361616202228,70,2000
1185,38.32641374373658,630.1882605583393,297.7108088761632,1865.0,1.7704407629410592,44112.73872584109,mChi_1,mCherry RNAi,0.39368233868679114,0.43255577814018764,-20.578329659525462,70,2000
1186,38.31367924528302,629.4433962264151,200.86674528301887,1015.0,1.4388234962431137,51205.22641509434,mChi_1,mCherry RNAi,0.6269895505470982,0.43430513224121636,-23.141105136494286,70,2000
1187,39.00303336703741,632.3255813953489,220.48432760364005,1259.0,1.5610178057511566,58171.87259858443,mChi_1,mCherry RNAi,0.5796647916094955,0.44150749695038805,-22.133173335210582,70,2000
1188,38.1992337164751,634.5683269476373,314.76117496807154,956.0,1.4104031217082993,27448.914431673053,mChi_1,mCherry RNAi,0.35243227239414177,0.4437678918930179,-20.561016224061852,70,2000
1189,38.519406392694066,653.5536529680365,171.30707762557077,1086.0,1.4051593256780308,58441.20662100457,mChi_1,mCherry RNAi,0.6972642388015111,0.5010125508600365,-25.460489861120355,70,2000
1190,40.76764076977904,687.5416963649322,208.57163221667855,1782.0,1.4709908030175867,49048.71632216679,mChi_1,mCherry RNAi,0.6063132062774002,0.5923568464260693,-24.6555940001554,70,2000
1191,38.507407407407406,730.5666666666667,310.61728395061726,1011.0,1.5180568336260079,34590.48395061729,mChi_1,mCherry RNAi,0.35868373116128427,0.7048450125521137,-27.252733526880704,70,2000
1192,38.128608923884514,773.0971128608924,262.03324584426946,1491.0,1.9504539486391812,23753.85564304462,mChi_1,mCherry RNAi,0.47402872251836237,0.8222321955936007,-31.98796113524871,70,2000
1193,38.356368563685635,226.55555555555554,761.079945799458,854.0,1.3839509947063733,32658.89430894309,mChi_1,mCherry RNAi,-0.7067186050119232,-0.682290314027945,20.86797331533781,70,2000
1194,39.40397350993378,265.29028697571744,612.0949227373069,1094.0,1.447932656463833,47222.438189845474,mChi_1,mCherry RNAi,-0.3492898693520895,-0.5710222197871129,15.12814388898919,70,2000
1195,38.230679156908664,298.7049180327869,228.17564402810305,1034.0,1.5529463976493163,21873.13700234192,mChi_1,mCherry RNAi,0.5741205487108192,-0.46548706658315275,1.239758199320928,70,2000
1196,39.262576687116564,301.839263803681,422.81595092024537,973.0,1.5090092959062296,43969.128834355826,mChi_1,mCherry RNAi,0.1052108067199089,-0.46435615733943814,7.276381182976092,70,2000
1197,39.73806998939555,335.1908801696713,287.59384941675506,1182.0,1.609753285735498,42653.03817603394,mChi_1,mCherry RNAi,0.4296619904988437,-0.3683645996969621,1.7223409027789067,70,2000
1198,40.29759519038076,353.5180360721443,247.11322645290582,1271.0,1.5902055422049761,36087.33867735471,mChi_1,mCherry RNAi,0.5264910432592955,-0.31687617236178856,-0.1229611950303422,70,2000
1199,38.892904953145916,365.5796519410977,121.45917001338688,920.0,1.3932553767195526,24735.606425702812,mChi_1,mCherry RNAi,0.8286093494991715,-0.27947830289856546,-5.766943116109649,70,2000
1200,40.042338709677416,368.38104838709677,318.0534274193548,1218.0,1.6462767928657576,40761.91935483871,mChi_1,mCherry RNAi,0.35501322065250784,-0.2793051895397921,0.46328796080043944,70,2000
1201,40.0,378.1112288135593,152.86864406779662,1132.0,1.4333659514155026,30836.5031779661,mChi_1,mCherry RNAi,0.7525292369634342,-0.24643341347711334,-4.717803306423999,70,2000
1202,40.1647634584013,379.1827079934747,240.22756933115824,1437.0,1.399511045254737,46459.358075040785,mChi_1,mCherry RNAi,0.5420666070883156,-0.24689555781963302,-2.2818743198280487,70,2000
1203,39.84801136363637,387.60795454545456,270.23579545454544,915.0,1.581909349664198,29225.198863636364,mChi_1,mCherry RNAi,0.46943374557316186,-0.22523401396437281,-2.395450467534605,70,2000
1204,39.479015918958034,389.8234442836469,86.49782923299566,804.0,1.5757270410166404,21841.005788712013,mChi_1,mCherry RNAi,0.9119140603931848,-0.2121226462721172,-7.861859511269811,70,2000
1205,39.10957324106113,405.1683967704729,225.719723183391,1092.0,1.5755241322851996,39982.865051903114,mChi_1,mCherry RNAi,0.5759327212168601,-0.17592678582509325,-5.588378744738215,70,2000
1206,38.26846846846847,409.05585585585584,101.42702702702702,677.0,1.5049908252522868,24594.38918918919,mChi_1,mCherry RNAi,0.875126058673876,-0.16068272753688995,-10.047363224513285,70,2000
1207,40.27983816587997,406.3560350640593,300.6985839514498,1843.0,1.3587739599143343,39610.09912339852,mChi_1,mCherry RNAi,0.39534925229319096,-0.17539294012886897,-2.491059102361625,70,2000
1208,40.20918785890074,415.52830188679246,135.58162428219853,1454.0,1.3843834692546204,58606.16981132075,mChi_1,mCherry RNAi,0.7927219262185912,-0.14404538501388675,-7.658526832536465,70,2000
1209,40.70902255639098,409.0684210526316,168.33834586466165,1666.0,1.5398990022837382,56435.15939849624,mChi_1,mCherry RNAi,0.7141005916752126,-0.1627776282215092,-5.816065409360466,70,2000
1210,39.49012875536481,428.89356223175963,223.25751072961373,1424.0,1.5406999239383352,53988.41201716738,mChi_1,mCherry RNAi,0.5809607037545164,-0.11128790877860484,-6.977341909689814,70,2000
1211,39.929465301478956,430.7986348122867,172.60637087599545,1066.0,1.458702827146353,47349.96928327645,mChi_1,mCherry RNAi,0.7029225461281725,-0.10405007056589499,-8.037666397090927,70,2000
1212,39.95440084835631,433.0201484623542,243.82290562036056,1360.0,1.8394151204719746,60130.40615058324,mChi_1,mCherry RNAi,0.531290254448701,-0.10078535179751225,-6.2576317718618135,70,2000
1213,39.423529411764704,444.2549019607843,233.4950980392157,1300.0,1.429279701007377,55193.71568627451,mChi_1,mCherry RNAi,0.5556961785328547,-0.06995899801448968,-7.870650306626375,70,2000
1214,40.12953795379538,470.8407590759076,224.46369636963698,1540.0,1.4612481072758245,57534.09818481848,mChi_1,mCherry RNAi,0.5764565762336751,0.0027733027893099838,-9.316966500632223,70,2000
1215,39.89804241435563,471.58972267536706,325.20717781402936,1470.0,1.626527264078659,55009.44616639478,mChi_1,mCherry RNAi,0.3337410731727828,0.0008350411683315517,-6.893166746463352,70,2000
1216,42.121848739495796,473.74159663865544,116.3795518207283,1752.0,1.40483966197941,62329.822829131655,mChi_1,mCherry RNAi,0.8368211972446851,0.015261471335615395,-10.444332475261799,70,2000
1217,38.924339106654514,503.54694621695535,129.44302643573383,1386.0,1.5177627621354668,54200.03737465816,mChi_1,mCherry RNAi,0.8039909404762986,0.09511322977780656,-15.419690539031684,70,2000
1218,40.63092633114515,524.2472647702407,112.62290299051787,1780.0,1.2927770209542928,57857.96790663749,mChi_1,mCherry RNAi,0.843804939117466,0.15235320956296028,-15.65548928487372,70,2000
1219,38.71409395973154,527.9087248322147,268.28456375838925,987.0,1.5985492298075579,49191.91006711409,mChi_1,mCherry RNAi,0.46858351801243536,0.15585651351439989,-13.64463479765347,70,2000
1220,38.730633802816904,550.3169014084507,268.0176056338028,1405.0,1.685879881958789,52665.05193661972,mChi_1,mCherry RNAi,0.46835237107211936,0.21675960439197461,-15.243037347852837,70,2000
1221,39.94016319129646,564.5675430643699,239.39165911151406,1510.0,1.5796400515874671,56325.84859474161,mChi_1,mCherry RNAi,0.5368253771584726,0.25683655146020334,-15.829071971498548,70,2000
1222,39.525128205128205,567.1815384615385,278.6594871794872,1254.0,1.740983850311244,56841.28615384615,mChi_1,mCherry RNAi,0.44210876827688117,0.26232691755003423,-15.374771188001406,70,2000
1223,39.302478134110785,578.9832361516035,256.2295918367347,1821.0,1.5901886780075518,57332.55976676385,mChi_1,mCherry RNAi,0.4956633258612404,0.2952262620897437,-17.046498920871453,70,2000
1224,39.80995475113122,580.0192307692307,305.8156108597285,1083.0,1.5819021342585449,60196.744343891405,mChi_1,mCherry RNAi,0.3762111165633457,0.2962078008395421,-15.28179116056538,70,2000
1225,38.75060240963855,584.2831325301205,206.02168674698794,1032.0,1.5183372708271339,48669.565060240966,mChi_1,mCherry RNAi,0.6163633120898879,0.3114766717703279,-19.326774305303243,70,2000
1226,39.90922619047619,590.3392857142857,159.8578869047619,1551.0,1.4075838097058508,58631.09226190476,mChi_1,mCherry RNAi,0.7273985674790631,0.3299606263884607,-19.84711702476398,70,2000
1227,40.53963221306278,609.9321496512365,252.06087507926443,1926.0,1.4273074360178484,58398.819277108436,mChi_1,mCherry RNAi,0.5045730320294586,0.3797290583718813,-18.14553997247646,70,2000
1228,38.84090909090909,634.7381818181818,326.15272727272725,1383.0,1.9591468361235493,34328.81272727273,mChi_1,mCherry RNAi,0.3250254299599653,0.4439114317151964,-19.62716731526371,70,2000
1229,41.01014198782961,628.7586206896551,255.16024340770792,1828.0,1.4644286529264605,59596.32116294794,mChi_1,mCherry RNAi,0.4964011497903844,0.43085762242516346,-18.94383172117608,70,2000
1230,39.574484944532486,639.229001584786,278.3446909667195,1696.0,1.6017965280001718,46657.61965134707,mChi_1,mCherry RNAi,0.44005606565631306,0.4581224775344219,-20.503203779615404,70,2000
1231,39.48430493273543,640.213004484305,171.4517937219731,1088.0,1.5407144049619808,51714.28251121076,mChi_1,mCherry RNAi,0.6974966655063475,0.4649462298174163,-23.537387105785765,70,2000
1232,40.61469712015889,666.7606752730884,175.28699106256207,1332.0,1.7576402096467358,48911.954319761666,mChi_1,mCherry RNAi,0.6872917378021934,0.5371565363133508,-24.211926471736902,70,2000
1233,38.675143560295325,683.9089417555373,321.34290401968826,1430.0,1.596891739859726,23890.667760459393,mChi_1,mCherry RNAi,0.3346805502301411,0.5776774077121252,-23.44960017896319,70,2000
1234,40.73375451263538,691.8727436823104,193.48285198555956,1377.0,1.2792528851311928,39775.12274368231,mChi_1,mCherry RNAi,0.642487935835109,0.6047071790807561,-25.405761028811185,70,2000
1235,38.906054279749476,721.0605427974948,232.21189979123173,1301.0,1.579095307112941,48559.27974947808,mChi_1,mCherry RNAi,0.5479434375548449,0.6821494784471338,-28.281045103427044,70,2000
1236,40.23770491803279,755.1333830104322,244.5730253353204,1679.0,1.5728067107602657,38600.6043219076,mChi_1,mCherry RNAi,0.5169197573680191,0.7745149699591609,-29.065617204878514,70,2000
1237,40.57224770642202,225.66857798165137,447.848623853211,1060.0,1.485096269338925,39255.23967889908,mChi_1,mCherry RNAi,0.047968343942822234,-0.6720522611092636,14.720181371280542,70,2000
1238,40.78448275862069,239.04064039408868,456.0689655172414,972.0,1.4709914234270685,37333.87192118227,mChi_1,mCherry RNAi,0.027658003429263944,-0.6359953215769865,14.193381309912748,70,2000
1239,40.90083507306889,243.72964509394572,305.3382045929019,1230.0,1.5011549469471657,25366.008350730688,mChi_1,mCherry RNAi,0.39056379240909944,-0.6173542172166968,9.920779885292927,70,2000
1240,39.58878504672897,253.91321762349799,272.38317757009344,860.0,1.4992796882231503,26676.891855807742,mChi_1,mCherry RNAi,0.46946689647048956,-0.5886555734783276,6.995996167414816,70,2000
1241,41.0376213592233,254.90898058252426,326.0910194174757,963.0,1.289461963392486,34903.61286407767,mChi_1,mCherry RNAi,0.34014606627371013,-0.5877590068214773,9.812992564700462,70,2000
1242,39.830065359477125,268.55686274509804,435.1307189542484,867.0,1.574858837069358,35006.8,mChi_1,mCherry RNAi,0.07688209286422998,-0.5551625530954039,10.561176165039324,70,2000
1243,39.603508771929825,284.1204678362573,697.6140350877193,985.0,1.3769509301096337,32603.584795321636,mChi_1,mCherry RNAi,-0.5560122048290081,-0.5231503192817604,16.275150006751435,70,2000
1244,40.2063305978898,304.81594372801874,292.5134818288394,1043.0,1.704280322692961,27280.620164126613,mChi_1,mCherry RNAi,0.4190270237770668,-0.4510017582460194,4.500789858010354,70,2000
1245,40.06036446469248,310.30410022779046,187.4851936218679,1059.0,1.4609072064959157,31515.33826879271,mChi_1,mCherry RNAi,0.6717967443230248,-0.43202259724946723,1.137952844422749,70,2000
1246,40.60884353741496,323.61337868480723,196.25396825396825,1109.0,1.365880066742949,31508.183673469386,mChi_1,mCherry RNAi,0.6501886789418609,-0.3960915428179931,0.9656568398503289,70,2000
1247,40.510570824524315,334.1786469344609,246.5877378435518,1157.0,1.5184615890843671,37028.676532769554,mChi_1,mCherry RNAi,0.5285254433900262,-0.36936447358120716,1.4628023737728917,70,2000
1248,40.11800486618005,336.42457420924575,175.46715328467153,1083.0,1.4513815816929794,34904.03771289538,mChi_1,mCherry RNAi,0.6997292747761101,-0.3605658872345707,-1.0017275171834328,70,2000
1249,39.91906873614191,337.06762749445676,190.06762749445676,1114.0,1.476340321703733,42955.44456762749,mChi_1,mCherry RNAi,0.6645220342888993,-0.3594268947823863,-0.8537021817164323,70,2000
1250,40.114141414141415,341.0777777777778,339.66565656565655,1117.0,1.3981693885523987,28672.870707070706,mChi_1,mCherry RNAi,0.304024357484598,-0.35432451952427013,3.0748195459720797,70,2000
1251,41.005,351.91,183.373,1171.0,1.491737614124591,40133.759,mChi_1,mCherry RNAi,0.6801358764342964,-0.318621426214424,-1.015832964858049,70,2000
1252,40.63284518828452,356.2196652719665,316.1642259414226,1169.0,1.4581322173100004,34040.57635983264,mChi_1,mCherry RNAi,0.36007564346414234,-0.31216140732447906,1.8738114650279876,70,2000
1253,40.12426614481409,376.07827788649706,298.1849315068493,1288.0,1.4861715458777467,35343.82583170255,mChi_1,mCherry RNAi,0.4025770941839957,-0.2575988521883541,-0.5414150251387255,70,2000
1254,40.087755102040816,388.55102040816325,175.26938775510203,1132.0,1.4306060740052096,35214.421428571426,mChi_1,mCherry RNAi,0.6981678026210041,-0.21892164559062288,-4.777115398044536,70,2000
1255,40.239024390243905,392.1639024390244,342.1912195121951,1316.0,1.5411236090741653,39071.535609756094,mChi_1,mCherry RNAi,0.29595317839913116,-0.21558281313750638,-0.39803881280754183,70,2000
1256,40.882991556091675,393.45476477683957,231.3534378769602,1052.0,1.5445158553853133,34037.23884197829,mChi_1,mCherry RNAi,0.5629298865748715,-0.20762710749149993,-2.8283020101498977,70,2000
1257,40.490276356192425,392.46878198567043,306.94165813715455,1197.0,1.5224062624119314,34928.00921187308,mChi_1,mCherry RNAi,0.38086636438334587,-0.21333062607782305,-1.1170357750617548,70,2000
1258,40.563899868247695,419.87483530961794,190.58234519104084,925.0,1.3450505525030734,53193.978919631096,mChi_1,mCherry RNAi,0.6600879344501764,-0.13430931005581692,-6.138088641786025,70,2000
1259,40.39567859554355,423.21336934503717,303.5523295070898,1780.0,1.4706000290734302,57279.266711681295,mChi_1,mCherry RNAi,0.38782390133823896,-0.12967522968030842,-3.508301442601958,70,2000
1260,39.63194444444444,442.0625,190.6125,837.0,1.4115417856468753,43159.745833333334,mChi_1,mCherry RNAi,0.6590907743556969,-0.07420345519617844,-8.658389846953535,70,2000
1261,40.880102040816325,439.9744897959184,126.26445578231292,1415.0,1.6281837375828627,50856.84608843538,mChi_1,mCherry RNAi,0.8142520730225804,-0.07712293515105495,-8.994002066881533,70,2000
1262,40.69925280199253,454.54545454545456,367.9408468244085,1954.0,1.588113599216614,45823.27148194271,mChi_1,mCherry RNAi,0.23151930725033876,-0.04698775985125625,-3.72260208095274,70,2000
1263,41.023648648648646,457.1967905405405,282.3192567567568,1426.0,1.375520488842369,58894.09881756757,mChi_1,mCherry RNAi,0.4376820158076342,-0.036381237754448126,-5.89120417322119,70,2000
1264,41.00963855421687,458.7590361445783,100.6301204819277,1100.0,1.5329400379860298,36313.75421686747,mChi_1,mCherry RNAi,0.8752746620513936,-0.025055019479823137,-10.901723119847752,70,2000
1265,39.88767123287671,468.66027397260274,353.49383561643833,1899.0,1.6235850609518026,48929.84246575343,mChi_1,mCherry RNAi,0.26571767526697787,-0.00823002098939718,-5.9328805269399645,70,2000
1266,40.791850220264315,462.136013215859,398.45429515418505,2327.0,1.8216152679905273,38923.97356828194,mChi_1,mCherry RNAi,0.15772749926538943,-0.027533529013693436,-3.354563528877179,70,2000
1267,40.59804983748646,470.20043336944747,153.31960996749729,1136.0,1.3769878937020834,43449.827735644634,mChi_1,mCherry RNAi,0.7478832568703553,0.003899302949358363,-10.71650182294575,70,2000
1268,41.08270676691729,479.99154135338347,250.4718045112782,1289.0,1.3746614100996266,58756.4257518797,mChi_1,mCherry RNAi,0.513509809300777,0.026811940786362953,-8.323947293372349,70,2000
1269,40.75205104831358,481.9872379216044,141.21239744758432,1388.0,1.475993684307195,57336.475843208755,mChi_1,mCherry RNAi,0.776596422999634,0.03642974919208242,-11.734105701302662,70,2000
1270,40.2,495.05986394557823,137.98095238095237,923.0,1.399041438075637,58377.6,mChi_1,mCherry RNAi,0.7838354606499147,0.07196928414142678,-13.309327233398264,70,2000
1271,40.10619469026549,501.50294985250736,105.74188790560471,883.0,1.3618423414197476,42934.38200589971,mChi_1,mCherry RNAi,0.8612357435757165,0.09071552613572131,-14.731831302790422,70,2000
1272,41.45761381475667,494.14835164835165,245.55808477237048,1565.0,1.4722128341850584,61472.958398744115,mChi_1,mCherry RNAi,0.5248163791212759,0.06554532931499923,-9.097948017761514,70,2000
1273,40.490566037735846,499.3543632075472,336.4758254716981,2096.0,1.5869341731548345,47674.971108490565,mChi_1,mCherry RNAi,0.30554942416571973,0.07595664325584162,-7.991469270803519,70,2000
1274,41.56318681318681,513.2513736263736,403.739010989011,1834.0,1.669128472624488,43306.304258241755,mChi_1,mCherry RNAi,0.14304907358113073,0.11130712396781828,-6.1107900416609535,70,2000
1275,41.26326530612245,516.6530612244898,304.13537414965987,1742.0,1.4753318524206405,55603.614965986395,mChi_1,mCherry RNAi,0.3828237693726608,0.12437498412629333,-9.331597896493891,70,2000
1276,40.3384,520.2384,223.7568,1630.0,1.641020487656422,58049.188,mChi_1,mCherry RNAi,0.5762429438170198,0.137069455136007,-12.671849433777364,70,2000
1277,41.170287316047656,519.8079887876664,378.72249474421864,1772.0,1.6836463973558302,41850.80798878767,mChi_1,mCherry RNAi,0.20302859365452863,0.13002145968511636,-7.645486159487328,70,2000
1278,40.079837618403246,526.5845737483086,99.48308525033829,947.0,1.4271559660367654,37748.14749661705,mChi_1,mCherry RNAi,0.8753307233422569,0.1591083228472141,-16.72589874227055,70,2000
1279,40.14595496246872,535.0283569641368,205.09341117597998,1416.0,1.420899753947551,58049.4728940784,mChi_1,mCherry RNAi,0.6206098648003773,0.1779478405551045,-14.426601855876294,70,2000
1280,42.3828125,536.6909722222222,269.29600694444446,1421.0,1.5850154191974022,51031.234375,mChi_1,mCherry RNAi,0.46603209045630134,0.18040216581946056,-10.589608098652066,70,2000
1281,39.605839416058394,546.8905109489051,238.35523114355232,551.0,1.6338228823641565,59072.834549878346,mChi_1,mCherry RNAi,0.5399915959992281,0.20877768158698728,-14.922003880301254,70,2000
1282,40.70223752151463,553.4191049913942,176.26678141135972,1435.0,1.4974894902569036,57798.502581755594,mChi_1,mCherry RNAi,0.6893639815816806,0.22915404923454608,-15.966397943363553,70,2000
1283,40.268229166666664,554.0546875,300.56640625,958.0,1.482624883591606,55526.934895833336,mChi_1,mCherry RNAi,0.3898980589526153,0.22594945431892177,-13.103106302355693,70,2000
1284,40.792977322604244,571.2348207754206,136.55669348939284,1606.0,1.2726368868544329,54889.65691294806,mChi_1,mCherry RNAi,0.7843278087990038,0.2791305496708878,-18.22169843179889,70,2000
1285,40.33605812897366,580.9491371480473,269.6030881017257,1380.0,1.4141662414748282,57987.05722070845,mChi_1,mCherry RNAi,0.46343655935198047,0.3002499408574788,-15.797476264790507,70,2000
1286,40.34631317315659,574.046396023198,397.43496271748137,1600.0,1.8340763296259504,25660.49544324772,mChi_1,mCherry RNAi,0.15578415948530155,0.27651117767143996,-11.85541615950551,70,2000
1287,40.962848297213625,587.2569659442725,194.07946336429308,1162.0,1.345062826874671,53341.65221878225,mChi_1,mCherry RNAi,0.6451511657284068,0.3204579352257644,-17.65544492882722,70,2000
1288,39.11958405545927,600.6759098786829,167.105719237435,732.0,1.4840990033301087,48104.975736568456,mChi_1,mCherry RNAi,0.7094871213967902,0.35761037661022943,-21.18121059173308,70,2000
1289,40.93432835820896,599.0716417910447,299.0537313432836,1221.0,1.410923574934767,56031.54925373134,mChi_1,mCherry RNAi,0.39182490767183054,0.3484633285461476,-15.709457748657229,70,2000
1290,40.21121039805037,604.6547522339562,281.03980503655566,1495.0,1.678620920237658,52562.59057676686,mChi_1,mCherry RNAi,0.4349540262754057,0.3641944329635427,-17.315300672176036,70,2000
1291,41.29426644182125,611.3634064080944,202.5919055649241,1423.0,1.345934562601805,52011.57757166948,mChi_1,mCherry RNAi,0.6237253495300972,0.385695293655526,-18.825717749372807,70,2000
1292,40.781462585034014,623.5493197278912,238.8452380952381,1476.0,1.4328941903941481,60072.10459183674,mChi_1,mCherry RNAi,0.5358901481434271,0.4172936139859009,-19.23669437085143,70,2000
1293,41.73854447439353,624.2946990116801,282.74303683737645,1369.0,1.366564751356753,43212.58670260557,mChi_1,mCherry RNAi,0.4301790669324863,0.41779563120401186,-17.155772221026382,70,2000
1294,40.57253599114064,644.4440753045404,258.0044296788483,1154.0,1.5003846119636481,40713.292358803985,mChi_1,mCherry RNAi,0.48891020700302135,0.47328257495063397,-20.42907190302194,70,2000
1295,40.36738519212746,674.7881911902531,187.27647610121838,1333.0,1.39275654092898,43676.90159325211,mChi_1,mCherry RNAi,0.6580824423356304,0.558453518202078,-24.71213982956922,70,2000
1296,43.2860717264387,668.7422852376981,244.66889074228524,1624.0,1.6247099955795032,45187.864053377816,mChi_1,mCherry RNAi,0.5202525470528034,0.5403611435043052,-19.825341286384834,70,2000
1297,40.21513944223108,756.1394422310757,259.0089641434263,1426.0,1.822676395070354,30575.92231075697,mChi_1,mCherry RNAi,0.48210563222990643,0.7766814400049205,-28.772207511379236,70,2000
1298,41.735455543358945,214.65642151481887,558.6037321624589,1097.0,1.4963789771018432,46871.098792535675,mChi_1,mCherry RNAi,-0.2183172283643422,-0.7060650229994445,19.647557450065758,70,2000
1299,40.80582524271845,230.5866851595007,557.2274618585299,890.0,1.5281509000717803,28085.14563106796,mChi_1,mCherry RNAi,-0.2156820300252037,-0.6629070258121181,17.540713780967327,70,2000
1300,41.2026862026862,235.33577533577534,355.6459096459096,1014.0,1.5811207045336266,26717.661782661784,mChi_1,mCherry RNAi,0.269728716507569,-0.6420648800043729,12.176431572357789,70,2000
1301,41.103092783505154,280.8389175257732,229.48969072164948,924.0,1.3985268173558043,23314.90592783505,mChi_1,mCherry RNAi,0.5718315623090173,-0.5135206710506359,5.420884698304146,70,2000
1302,41.923940149625935,295.9413965087282,409.1995012468828,939.0,1.497331211177028,41779.209476309225,mChi_1,mCherry RNAi,0.13840597376208397,-0.47932827910751064,9.987015605059874,70,2000
1303,42.647191011235954,302.24719101123594,177.0820224719101,1184.0,1.414649454528755,21782.60561797753,mChi_1,mCherry RNAi,0.6973314322214887,-0.4530013896859839,4.015558589126325,70,2000
1304,41.76396917148362,324.46146435452795,209.46917148362235,1169.0,1.378331939701091,38451.99710982659,mChi_1,mCherry RNAi,0.6183944228064426,-0.3940752228108849,2.4118121337650926,70,2000
1305,42.46666666666667,368.00564971751413,286.1412429378531,1120.0,1.477899294690532,40350.709604519776,mChi_1,mCherry RNAi,0.43204890202763147,-0.2786044451169698,2.049507903833728,70,2000
1306,43.8666085440279,400.3644289450741,157.06974716652135,3311.0,1.5828142499769682,53228.24498692241,mChi_1,mCherry RNAi,0.7417806695240796,-0.1853687863210417,-2.3462176175532186,70,2000
1307,40.3898916967509,404.69314079422384,207.97292418772562,796.0,1.670947918058042,42555.52346570397,mChi_1,mCherry RNAi,0.6187794999827438,-0.17627457120724033,-4.754824041417603,70,2000
1308,41.736111111111114,415.66421568627453,233.7058823529412,1480.0,1.5678793943708909,57981.845588235294,mChi_1,mCherry RNAi,0.5564488426971044,-0.14720168217316365,-3.5079069662814817,70,2000
1309,42.20618556701031,412.62113402061857,313.2332474226804,1057.0,1.4507692064349549,39762.95618556701,mChi_1,mCherry RNAi,0.3650306294538306,-0.15847890154769384,-0.6828982767561804,70,2000
1310,41.54968287526427,442.9866102889359,263.4940098661029,1692.0,1.5600411418730222,59962.579281183935,mChi_1,mCherry RNAi,0.4836161638075598,-0.07415697613581695,-4.853270985818071,70,2000
1311,42.60583333333334,443.2841666666667,146.32,1406.0,1.4131866402562472,54899.12333333334,mChi_1,mCherry RNAi,0.7659200484409339,-0.06857229487005034,-6.9716367122090634,70,2000
1312,43.78356713426854,441.6643286573146,243.44789579158316,1288.0,1.4833036909889339,63016.44488977956,mChi_1,mCherry RNAi,0.5320938907819122,-0.07652926969526097,-3.0699959623033592,70,2000
1313,40.96361355081556,452.58343789209533,205.97992471769135,998.0,1.4364585218172239,52358.899623588455,mChi_1,mCherry RNAi,0.6217453910127042,-0.045952434327104164,-7.672347560273014,70,2000
1314,41.011483253588516,457.266985645933,262.488038277512,1269.0,1.4626897493567326,57035.3961722488,mChi_1,mCherry RNAi,0.48544814760628574,-0.03541968683633656,-6.441505256788096,70,2000
1315,43.45054031587697,455.8428927680798,192.02202826267663,2971.0,1.4343257474551852,57321.45137157107,mChi_1,mCherry RNAi,0.655394529488782,-0.03606246866916252,-5.801825792303278,70,2000
1316,43.296960249415434,459.7038191738114,157.871395167576,1715.0,1.446436669307471,47885.738893219015,mChi_1,mCherry RNAi,0.7374965578191601,-0.02426991355102137,-7.15005690449739,70,2000
1317,41.80534670008354,469.15705931495404,239.56474519632414,1479.0,1.3853295236968866,54971.3776106934,mChi_1,mCherry RNAi,0.540250918585552,-0.002061133167780671,-7.119312531276462,70,2000
1318,42.1573275862069,468.4181034482759,134.83189655172413,692.0,1.4427090964368943,39142.762931034486,mChi_1,mCherry RNAi,0.7925831434723893,8.354969409007929e-05,-9.530947805712913,70,2000
1319,41.96691871455577,474.08790170132323,262.7192816635161,1322.0,1.4913793388727534,58286.708884688094,mChi_1,mCherry RNAi,0.48429349814959677,0.010466363976459947,-6.689510036926118,70,2000
1320,41.96007428040854,476.26090993500463,278.9795728876509,1360.0,1.6003129083313028,55961.070566388116,mChi_1,mCherry RNAi,0.44504025319084417,0.01573572912333443,-6.415105257736412,70,2000
1321,44.56210191082803,489.70541401273886,126.23673036093419,2764.0,1.6182504145632381,60769.62791932059,mChi_1,mCherry RNAi,0.812605243071518,0.0587351224006436,-8.891609899440994,70,2000
1322,41.8419881305638,484.20771513353117,233.16617210682492,1760.0,1.3947063735064194,61083.15652818991,mChi_1,mCherry RNAi,0.5550782861840373,0.039092485483384065,-8.334633429814687,70,2000
1323,41.05493133583021,494.6429463171036,188.71410736579276,990.0,1.4430969325283234,43939.62047440699,mChi_1,mCherry RNAi,0.6616983576664499,0.06902642216105748,-11.063104980184104,70,2000
1324,41.5920177383592,506.29933481152995,146.7860310421286,1192.0,1.388822020913282,43874.04101995566,mChi_1,mCherry RNAi,0.7622732047180492,0.10244048856902599,-12.491085907672751,70,2000
1325,41.93867924528302,518.9452830188679,154.12830188679246,1300.0,1.4325882093781794,56765.48867924528,mChi_1,mCherry RNAi,0.7441146834082266,0.13658502909473902,-12.855363956529427,70,2000
1326,42.08911521323997,530.7759388924252,393.46530872056013,1892.0,1.717442241081471,45802.4506683641,mChi_1,mCherry RNAi,0.16714466602844524,0.1594303362415308,-7.119935078869352,70,2000
1327,40.99591836734694,539.4448979591837,286.06734693877553,1164.0,1.434503862626373,49241.04081632653,mChi_1,mCherry RNAi,0.4254393832702865,0.18695883065779118,-11.719136548441636,70,2000
1328,42.16017316017316,539.4415584415584,119.3030303030303,1395.0,1.3024255738612294,55369.40606060606,mChi_1,mCherry RNAi,0.8272153447385977,0.19368062669395214,-15.041294896454566,70,2000
1329,41.88120195667366,538.9392033542977,150.22571628232006,1760.0,1.3781574549217375,61294.71278825996,mChi_1,mCherry RNAi,0.7527307683918674,0.19105509409536303,-14.45208955875416,70,2000
1330,44.21707757065544,533.1052315093206,382.11124473842455,2275.0,1.8220240252048454,52242.39386650631,mChi_1,mCherry RNAi,0.19453569314440866,0.16662069729714113,-5.470585823733334,70,2000
1331,43.59543436905517,544.7761572606214,248.1693088142042,2106.0,1.682326849391795,58400.372225745086,mChi_1,mCherry RNAi,0.5166818396373203,0.20343402081381523,-10.528599967176518,70,2000
1332,41.14143426294821,561.2001992031873,321.7410358565737,1297.0,1.6755671660183666,51062.657370517925,mChi_1,mCherry RNAi,0.3386675752577597,0.2447119317731148,-12.175885288038042,70,2000
1333,43.04976775049768,566.2999336429993,228.19110816191107,2184.0,1.7311936013019058,51526.710683477104,mChi_1,mCherry RNAi,0.5639309317803427,0.26259194748454906,-13.154013192746609,70,2000
1334,41.49501424501425,595.3490028490029,180.5534188034188,1664.0,1.3772329931344092,58787.93660968661,mChi_1,mCherry RNAi,0.677449837914903,0.34307829975440396,-18.06905095406199,70,2000
1335,45.38254632396892,605.6563060370592,173.01494321578002,2132.0,1.4196810992249458,60133.98505678422,mChi_1,mCherry RNAi,0.6954475672491187,0.3721443342729951,-15.135124792194487,70,2000
1336,42.22857142857143,623.3632653061225,213.09455782312926,1756.0,1.3891871265388906,57583.43265306122,mChi_1,mCherry RNAi,0.5980158212304956,0.41807652463231126,-18.472762265027868,70,2000
1337,41.48111888111888,634.2027972027972,267.386013986014,1029.0,1.7771095761021936,33345.14405594405,mChi_1,mCherry RNAi,0.46676822132549844,0.44526692227512954,-18.53616888245438,70,2000
1338,41.261343012704174,638.0871143375681,190.2540834845735,695.0,1.5302916150374457,37077.73139745917,mChi_1,mCherry RNAi,0.6523989845590148,0.45878582772533916,-21.107572783799583,70,2000
1339,42.24392439243925,651.9414941494149,244.5049504950495,1335.0,1.3732829183064872,50635.79837983799,mChi_1,mCherry RNAi,0.5212389019223587,0.49451010782866445,-19.66342804133405,70,2000
1340,41.76790450928382,666.7480106100796,273.0901856763926,934.0,1.380960040139883,28186.210875331566,mChi_1,mCherry RNAi,0.4517746163294236,0.5335355607901378,-20.431895242417745,70,2000
1341,41.39511754068716,687.498191681736,227.77757685352623,1375.0,1.6978344315536549,39883.60849909584,mChi_1,mCherry RNAi,0.5600904317793196,0.5916131595899257,-23.5105148306406,70,2000
1342,43.90211970074813,722.2038653366584,234.26309226932668,2083.0,1.5234334957106848,54177.88466334165,mChi_1,mCherry RNAi,0.543268294114778,0.6861583797121613,-23.326551916257884,70,2000
1343,41.41626129256428,758.1869353717859,301.09659485753997,1760.0,1.4305789905428155,44360.552466990965,mChi_1,mCherry RNAi,0.3807192068745602,0.7808402243281793,-26.590049263580426,70,2000
1344,41.987468671679196,232.5062656641604,254.54636591478697,523.0,1.77579838664431,20575.373433583958,mChi_1,mCherry RNAi,0.5134175485624679,-0.6456574084052813,10.443992826614338,70,2000
1345,42.60612043435341,289.5893385982231,326.1362290227048,1185.0,1.3974134457831566,41252.23494570582,mChi_1,mCherry RNAi,0.33878007125230325,-0.49321596815270274,8.889888628354324,70,2000
1346,42.59039836567926,338.87640449438203,233.73135852911133,1172.0,1.4724864723980395,40164.326864147086,mChi_1,mCherry RNAi,0.5594397628150058,-0.3556892037027818,2.853840620187313,70,2000
1347,42.17933130699088,350.3723404255319,220.9756838905775,806.0,1.5277455469295809,32658.34650455927,mChi_1,mCherry RNAi,0.5896911994135099,-0.3240349305311211,1.27626538890949,70,2000
1348,43.5337361530715,358.1822759315206,151.15307150050353,1255.0,1.4075834712589526,27627.376636455185,mChi_1,mCherry RNAi,0.7576596951821037,-0.299824523210244,0.18926501469540113,70,2000
1349,42.680538555691555,351.5299877600979,262.48959608323133,995.0,1.5669150228734738,30432.023255813954,mChi_1,mCherry RNAi,0.48967801741592054,-0.3224093344380776,2.808986460833381,70,2000
1350,42.26576139670223,362.43258971871967,212.4345295829292,1208.0,1.461172554372508,37484.73811833172,mChi_1,mCherry RNAi,0.609799531268054,-0.2909137775238202,0.2675387992318754,70,2000
1351,42.845437616387336,369.731843575419,118.46182495344506,713.0,1.770297455393738,24187.264432029795,mChi_1,mCherry RNAi,0.8359128074129021,-0.26730174539882234,-2.2045152503599574,70,2000
1352,44.67,375.38666666666666,334.71133333333336,1851.0,1.3328942612910193,43279.944,mChi_1,mCherry RNAi,0.31490142233271334,-0.2600086776299737,5.022539953720468,70,2000
1353,42.68540829986613,384.4645247657296,144.10307898259705,933.0,1.4075955065120425,27290.36144578313,mChi_1,mCherry RNAi,0.7735625307482568,-0.22830002237031888,-2.731768190136492,70,2000
1354,42.03141928494041,394.33694474539544,321.50704225352115,1140.0,1.395161512522893,41239.09425785482,mChi_1,mCherry RNAi,0.34580392335860966,-0.2085192225926663,0.6771125252695498,70,2000
1355,43.10960451977401,391.09265536723166,203.1491525423729,1084.0,1.4275930796308094,34315.457627118645,mChi_1,mCherry RNAi,0.6310992569063252,-0.21250826011408264,-1.1969937684396896,70,2000
1356,43.19879518072289,407.72088353413653,215.92871485943775,1268.0,1.4419534638691225,42797.80421686747,mChi_1,mCherry RNAi,0.5996717957998385,-0.16780533455270885,-1.9575278901927824,70,2000
1357,42.696296296296296,405.1574074074074,291.30555555555554,781.0,1.6960772042153887,37884.148148148146,mChi_1,mCherry RNAi,0.4181722392621561,-0.17780869423263213,-0.2482250413524092,70,2000
1358,43.43021582733813,407.48345323741006,262.39712230215827,1909.0,1.4485270666356684,37916.722302158276,mChi_1,mCherry RNAi,0.48776190351949955,-0.17021677072885344,-0.46051307953328546,70,2000
1359,42.641644325290436,422.3592493297587,264.7756925826631,1352.0,1.4956658230037978,59277.22162645219,mChi_1,mCherry RNAi,0.4814023566548675,-0.13004273204005012,-2.250114074069721,70,2000
1360,41.91093117408907,438.2408906882591,352.86504723346826,1728.0,1.5030188220284793,48909.10728744939,mChi_1,mCherry RNAi,0.2685461582123472,-0.09046593993754004,-1.7499759258538425,70,2000
1361,42.428223844282236,471.9829683698297,379.1970802919708,2115.0,1.828547283323393,46244.94403892944,mChi_1,mCherry RNAi,0.20383153844397306,0.0002959725403233193,-2.9471922846930525,70,2000
1362,43.807147258163894,474.5890326555761,195.4596426370918,1868.0,1.3826482809943317,58548.22181146026,mChi_1,mCherry RNAi,0.646403936846403,0.014812233380539164,-6.698828764636286,70,2000
1363,42.326951399116346,483.2857142857143,333.6921944035346,1022.0,1.9101964165451908,48823.9263622975,mChi_1,mCherry RNAi,0.31299638512671435,0.03276305715111216,-5.082440483325001,70,2000
1364,43.626179987413465,500.79672750157334,175.26620516047828,1894.0,1.3698118680928786,59631.28634361234,mChi_1,mCherry RNAi,0.6940112091266255,0.08677779301000377,-9.302457601961441,70,2000
1365,44.07018927444795,500.90615141955834,117.79258675078864,1529.0,1.2545005955748454,57959.35094637224,mChi_1,mCherry RNAi,0.8324775287302819,0.08940326091140904,-10.412703876445777,70,2000
1366,42.63596966413868,509.9306608884074,80.36836403033585,1113.0,1.2960026024825906,40606.303358613215,mChi_1,mCherry RNAi,0.9221837539972333,0.11510263215461491,-13.496287102049175,70,2000
1367,42.70078125,515.209375,171.5609375,1524.0,1.5650670906916224,60072.4296875,mChi_1,mCherry RNAi,0.7023160571490774,0.12590363011766792,-11.358809814902923,70,2000
1368,42.0,523.2212486308872,81.36035049288061,1097.0,1.3164652272269357,50141.66046002191,mChi_1,mCherry RNAi,0.9192356214922754,0.1510532665520954,-15.057277470579333,70,2000
1369,42.3648393194707,523.2948960302457,205.87618147448015,1317.0,1.6207008481352707,56667.796786389416,mChi_1,mCherry RNAi,0.619320486386872,0.14647034313971474,-11.35135686007246,70,2000
1370,43.529947916666664,519.72265625,272.0436197916667,1957.0,1.5307713115079085,58099.227864583336,mChi_1,mCherry RNAi,0.4601476489358258,0.13441277358267456,-8.154554975129088,70,2000
1371,42.824858757062145,530.0214689265537,134.24293785310735,1104.0,1.3043943182376954,46970.54576271187,mChi_1,mCherry RNAi,0.7916371871598187,0.1676317182130549,-13.301062048049593,70,2000
1372,42.71967654986523,542.0458221024259,302.70440251572325,1336.0,1.3982568118690986,52181.312668463615,mChi_1,mCherry RNAi,0.38536940703474976,0.19371648293602206,-9.739789088755753,70,2000
1373,42.41009946442234,551.5715378729916,207.23794950267788,1594.0,1.4316060621383448,60984.054322876815,mChi_1,mCherry RNAi,0.6149386204138556,0.22326187750105864,-13.29838158750131,70,2000
1374,42.30902111324376,551.7485604606526,225.51919385796546,1268.0,1.4920486570718698,60233.61516314779,mChi_1,mCherry RNAi,0.5708893885253714,0.2230102582146718,-12.920397404530505,70,2000
1375,43.32122587968218,551.099886492622,192.29738933030646,1149.0,1.323146466155114,48636.69239500567,mChi_1,mCherry RNAi,0.6510026225611456,0.22274189716053305,-12.757750415465628,70,2000
1376,43.75595667870036,569.641155234657,312.1812274368231,1838.0,1.5442219402124189,60689.2642599278,mChi_1,mCherry RNAi,0.36152810479262176,0.2685351249058048,-10.431662949558659,70,2000
1377,42.492559523809526,563.2916666666666,196.54910714285714,883.0,1.6158507860556952,46470.37648809524,mChi_1,mCherry RNAi,0.6402333617141502,0.25554178181698606,-14.344401603691654,70,2000
1378,43.22762430939227,575.0574585635359,186.94917127071824,1273.0,1.4715271078167087,50662.30497237569,mChi_1,mCherry RNAi,0.6629439025701875,0.28803160123101756,-14.713737645811062,70,2000
1379,41.39362912400455,576.7849829351536,161.35267349260522,1012.0,1.5240104332157767,53797.266211604096,mChi_1,mCherry RNAi,0.7244195573115448,0.29336323302701706,-17.35441312696085,70,2000
1380,42.574139976275205,578.2170818505338,215.5326215895611,1036.0,1.4600512503036547,48345.94661921708,mChi_1,mCherry RNAi,0.5939277973168622,0.29537429418955496,-14.823567266311361,70,2000
1381,42.61814556331007,596.9810568295114,206.40079760717848,1192.0,1.4564495453163155,56065.918245264205,mChi_1,mCherry RNAi,0.615194467446021,0.34672607885888196,-16.371444464564515,70,2000
1382,45.574380165289256,599.5423553719008,193.4845041322314,1491.0,1.4662062358666708,57951.139462809915,mChi_1,mCherry RNAi,0.6463910132851769,0.3547706005542506,-13.954901770897802,70,2000
1383,43.413549752999295,605.4777699364855,154.4678899082569,1741.0,1.5534876792639998,60179.56880733945,mChi_1,mCherry RNAi,0.740008511321717,0.37199526331997257,-17.584136246186514,70,2000
1384,41.660427807486634,606.6417112299465,217.72994652406416,886.0,1.4538673541484552,55418.67914438502,mChi_1,mCherry RNAi,0.5874678651854257,0.3723468578837239,-17.71490025643116,70,2000
1385,43.110792741165234,617.1719197707737,228.0735434574976,1312.0,1.3982835453562967,61362.935052531044,mChi_1,mCherry RNAi,0.562230939845427,0.4008422780689278,-16.746234922682383,70,2000
1386,42.881437125748505,639.6491017964072,290.3353293413174,1283.0,1.642227116747253,42264.03592814371,mChi_1,mCherry RNAi,0.4113619794565482,0.4594465954833,-16.9137613428826,70,2000
1387,42.46718576195773,652.6384872080089,267.9988876529477,1093.0,1.447340365334467,37156.62180200223,mChi_1,mCherry RNAi,0.4646331301806996,0.49553191837499666,-18.859227684050726,70,2000
1388,43.73679577464789,671.8345070422536,204.47359154929578,1376.0,1.4224865422529474,45016.99559859155,mChi_1,mCherry RNAi,0.6169825996043246,0.5504193803385355,-20.678395043012866,70,2000
1389,42.802919708029194,690.2600364963504,268.38777372262774,1312.0,1.6484936509271921,32076.68886861314,mChi_1,mCherry RNAi,0.46224780454621883,0.5978112756108858,-21.213255098827975,70,2000
1390,42.713717693836976,715.0795228628231,253.5506958250497,763.0,1.534131025203275,30414.03976143141,mChi_1,mCherry RNAi,0.49701254966239095,0.6658138749764901,-23.481790385782382,70,2000
1391,42.62395543175487,726.1740947075209,220.65598885793872,1028.0,1.5659419013012896,29332.92618384401,mChi_1,mCherry RNAi,0.5758107224636198,0.6972258936635463,-25.251618991123834,70,2000
1392,41.5374358974359,777.0605128205128,292.68,1151.0,1.711655907970284,31251.23282051282,mChi_1,mCherry RNAi,0.4002635404525863,0.8324771142210059,-28.04961996192643,70,2000
1393,43.18441558441558,812.1512987012987,329.5487012987013,1829.0,1.519396839276579,47774.93246753247,mChi_1,mCherry RNAi,0.31018561116027366,0.9267151144306933,-27.933971724231,70,2000
1394,43.251694094869315,300.2236205227493,319.86640851887705,1178.0,1.6201017901342663,42507.97579864472,mChi_1,mCherry RNAi,0.3535076323448145,-0.46394821604026504,8.602032434911695,70,2000
1395,42.61914257228315,337.0927218344965,261.36989032901295,1210.0,1.4613425263930286,35706.16949152543,mChi_1,mCherry RNAi,0.4929352558834359,-0.36160793220956733,3.7534981180400813,70,2000
1396,42.56744186046512,343.3918604651163,312.8779069767442,1032.0,1.6063452246262042,30971.444186046512,mChi_1,mCherry RNAi,0.36861300453608425,-0.3465097861213059,4.634728310805507,70,2000
1397,43.86393805309734,347.6858407079646,206.7986725663717,1076.0,1.3160025065799317,37759.82632743363,mChi_1,mCherry RNAi,0.6240505284814364,-0.3304510050271111,2.7675386965168514,70,2000
1398,42.41524459613197,355.20250284414107,294.35722411831625,1010.0,1.4636751397238716,31180.896473265075,mChi_1,mCherry RNAi,0.4127550419874444,-0.31372470333415614,3.1376983630170265,70,2000
1399,44.2990990990991,373.44504504504505,275.2477477477477,1347.0,1.4806058785999503,41241.30990990991,mChi_1,mCherry RNAi,0.4581906675884646,-0.2630390979118019,3.1934375080517796,70,2000
1400,43.37024221453287,384.20184544406,164.23644752018456,1140.0,1.5596632298098325,35051.31603229527,mChi_1,mCherry RNAi,0.7251178933031583,-0.22966415347864244,-1.4888428568966745,70,2000
1401,43.39384116693679,410.1612641815235,147.02674230145868,1549.0,1.4717831303065643,59343.44651539708,mChi_1,mCherry RNAi,0.7655603312433645,-0.15844935006684924,-3.7904801952801748,70,2000
1402,44.226066897347174,403.5432525951557,182.24221453287197,1050.0,1.3914604712682708,40361.346020761244,mChi_1,mCherry RNAi,0.6810431649356374,-0.1776418020009145,-1.5391592645595544,70,2000
1403,43.75,431.7776073619632,100.87883435582822,797.0,1.4011239172655383,28765.480061349692,mChi_1,mCherry RNAi,0.875899687545385,-0.0978422749949841,-6.226897024002577,70,2000
1404,43.987065481002425,430.31932093775265,279.2942603071948,1511.0,1.723323959803007,61366.63055780113,mChi_1,mCherry RNAi,0.44620258587228223,-0.1087145183866487,-1.089446330095729,70,2000
1405,43.3756345177665,441.65989847715736,204.13401015228428,1152.0,1.4905741262639922,50908.75431472081,mChi_1,mCherry RNAi,0.6267683808506697,-0.0750886855844457,-4.533311623060317,70,2000
1406,43.19358533791524,445.1179839633448,279.28407789232534,1091.0,1.5222809961599277,58690.45704467354,mChi_1,mCherry RNAi,0.4455997971063823,-0.06865790185490717,-2.94262582613689,70,2000
1407,43.96863330843913,446.22330097087377,340.9790888722928,1598.0,1.4930736287082857,54203.115758028376,mChi_1,mCherry RNAi,0.2969932504496524,-0.067907513611414,-0.5905732257681393,70,2000
1408,43.57622173595915,462.34719183078045,343.8913202042305,1641.0,1.594139546510162,50782.89788475565,mChi_1,mCherry RNAi,0.2893240837647022,-0.02428497285835307,-2.0603789706373483,70,2000
1409,44.879839786381844,464.28237650200265,366.5934579439252,1799.0,1.524607992065126,54609.70961281709,mChi_1,mCherry RNAi,0.2346443754480494,-0.019655390029734376,-0.28912047421546916,70,2000
1410,43.89981617647059,490.85110294117646,274.3290441176471,1407.0,1.4944177287976572,59861.560661764706,mChi_1,mCherry RNAi,0.4557931544084852,0.05594410067494193,-5.652889287847682,70,2000
1411,43.31934731934732,500.8679098679099,391.028749028749,1684.0,1.8313448311733231,46090.718725718725,mChi_1,mCherry RNAi,0.1742584761353938,0.07849850098532718,-3.8130147481220185,70,2000
1412,43.77123633305298,500.6820857863751,232.72834314550042,1431.0,1.3472585766763814,60415.35155592935,mChi_1,mCherry RNAi,0.555609350773774,0.08425439468031626,-7.604811524016519,70,2000
1413,43.090982286634464,506.02979066022544,265.81239935587763,1464.0,1.5988526389283286,56438.822061191626,mChi_1,mCherry RNAi,0.47566501661823724,0.09736199449560612,-7.777327586514291,70,2000
1414,43.44404332129964,503.0956678700361,282.23736462093865,1331.0,1.677786907452049,54604.45397111913,mChi_1,mCherry RNAi,0.4362369430307169,0.0888181532857748,-6.773227476289096,70,2000
1415,42.807479224376735,505.303324099723,310.8157894736842,992.0,1.6881411581693577,43981.880886426596,mChi_1,mCherry RNAi,0.3672711768008352,0.09357760137954618,-6.798021024939787,70,2000
1416,43.94206549118388,509.16120906801007,220.04114189756507,1405.0,1.4681940586871258,56038.07724601175,mChi_1,mCherry RNAi,0.5858498374824683,0.10782284531015529,-8.383913280984782,70,2000
1417,43.548034934497814,514.1233624454148,187.98799126637556,1107.0,1.4735695318418618,50772.37008733625,mChi_1,mCherry RNAi,0.6628414767459851,0.12247870188767651,-9.994509745307147,70,2000
1418,44.89621726479147,513.0611057225995,203.02521823472358,1285.0,1.6448912083097806,57840.434529582926,mChi_1,mCherry RNAi,0.6267449232607534,0.11927098719788987,-8.169821504678936,70,2000
1419,43.38338338338338,526.5125125125126,256.2232232232232,1186.0,1.5352219336657298,50390.32532532533,mChi_1,mCherry RNAi,0.49798166438509384,0.15345076854627338,-9.213149460753911,70,2000
1420,44.648979591836735,529.6418367346939,161.44183673469388,1186.0,1.4635137567198322,53682.85612244898,mChi_1,mCherry RNAi,0.7262483932682262,0.16589827798023005,-10.723860602678732,70,2000
1421,43.63778801843318,537.9539170506912,219.3179723502304,1370.0,1.5436193136755207,62019.97419354838,mChi_1,mCherry RNAi,0.5864483129427442,0.1860292559427572,-10.772524996329903,70,2000
1422,43.23089171974522,541.0613057324841,337.4657643312102,1492.0,1.595224075785185,47834.357484076434,mChi_1,mCherry RNAi,0.301706124414717,0.189786450510683,-8.224929006538192,70,2000
1423,44.2952968388589,533.2968388589052,240.57825751734774,1546.0,1.6295191264997655,59545.743253662295,mChi_1,mCherry RNAi,0.53545908786627,0.17267497587903358,-9.211264373553451,70,2000
1424,43.79784366576819,550.8975741239892,276.75134770889485,1775.0,1.4902686702343197,59502.61118598383,mChi_1,mCherry RNAi,0.4476066349451475,0.21899306389702322,-9.997589272277425,70,2000
1425,43.50366748166259,562.0709046454767,182.07823960880197,1021.0,1.3706112375680108,51726.71271393643,mChi_1,mCherry RNAi,0.6752014353792763,0.25298759514773184,-13.637709381924434,70,2000
1426,42.68127490039841,564.6573705179283,162.04980079681275,663.0,1.4688335985745697,38440.23306772908,mChi_1,mCherry RNAi,0.7232940062639477,0.26063498679103514,-15.181692594014471,70,2000
1427,43.97984496124031,558.9333333333333,249.50542635658914,1509.0,1.6353621399756413,58005.43410852713,mChi_1,mCherry RNAi,0.5129343176654579,0.24192659569480424,-11.125133004359002,70,2000
1428,43.52810768012668,561.1757719714965,334.5700712589074,1501.0,1.4541833149317465,40783.410926365796,mChi_1,mCherry RNAi,0.3079141285697098,0.24461454197891697,-9.44958384409422,70,2000
1429,43.938137321549966,574.4466349422162,291.91842284160435,1858.0,1.6242332991654487,61829.042828008154,mChi_1,mCherry RNAi,0.41016096930815427,0.2824188320188583,-11.139533817664748,70,2000
1430,44.382716049382715,580.8571428571429,230.86507936507937,1357.0,1.2917063569320106,59481.724867724864,mChi_1,mCherry RNAi,0.5570040905724918,0.3023058314250304,-12.79753151230453,70,2000
1431,44.511475409836066,592.2190163934426,220.40983606557376,1813.0,1.5048615682542303,58841.996065573774,mChi_1,mCherry RNAi,0.5817530060073466,0.3336122474641461,-13.765404632477741,70,2000
1432,42.79598145285935,594.885625965997,258.21329211746524,825.0,1.5788928806280365,57391.29211746522,mChi_1,mCherry RNAi,0.4904809276969544,0.33904702799463404,-14.650882670440293,70,2000
1433,43.48028311425683,608.6845298281092,329.0262891809909,1148.0,1.4809762704425782,33131.133468149645,mChi_1,mCherry RNAi,0.3194094595330945,0.3739161841091996,-13.05491042845409,70,2000
1434,43.62738853503185,634.3025477707006,232.67834394904457,1140.0,1.467028177928157,49891.84288747346,mChi_1,mCherry RNAi,0.5505018586482784,0.4473131152969023,-17.336433175185086,70,2000
1435,43.519903498190594,641.4041013268999,216.72376357056694,1050.0,1.5497156355477921,39629.72255729795,mChi_1,mCherry RNAi,0.5886493512884727,0.46721099511393716,-18.38203369768866,70,2000
1436,44.662212323682255,650.3452115812918,165.39049740163327,1678.0,1.5608948470569848,60756.73496659243,mChi_1,mCherry RNAi,0.7120231714016558,0.4937325498470042,-19.264604138525865,70,2000
1437,43.68513119533527,740.6895043731779,231.6734693877551,816.0,1.53258242441581,33720.565597667635,mChi_1,mCherry RNAi,0.5487707011485392,0.7364474641560799,-24.938808155419732,70,2000
1438,43.39406430338005,749.7427864798021,312.3075020610058,1400.0,1.3914353927445924,44509.746084089034,mChi_1,mCherry RNAi,0.3541669768583202,0.7578467528320441,-23.710828675967274,70,2000
1439,44.48717948717949,203.58653846153845,591.1025641025641,1117.0,1.4874353402124227,43444.88995726496,mChi_1,mCherry RNAi,-0.2959973692225505,-0.736871224294948,24.05910901654666,70,2000
1440,43.94252873563219,212.39573070607554,363.42528735632186,705.0,1.3155683000202212,27032.064039408866,mChi_1,mCherry RNAi,0.25205592469944516,-0.7041642539191288,16.76323512899989,70,2000
1441,44.40246406570842,214.26899383983573,453.79055441478437,807.0,1.6034979795179423,15284.1704312115,mChi_1,mCherry RNAi,0.03433861486402834,-0.7025069106784987,19.516764211477035,70,2000
1442,45.021875,224.35833333333332,390.95208333333335,1183.0,1.4321793141353905,39907.19583333333,mChi_1,mCherry RNAi,0.18534894332047558,-0.6725195030538756,17.721149369566728,70,2000
1443,44.074561403508774,276.54605263157896,384.56030701754383,1007.0,1.4153722269547102,43167.662280701756,mChi_1,mCherry RNAi,0.19864828616791308,-0.5306475447138568,12.860479702007975,70,2000
1444,45.275862068965516,323.2917771883289,168.9973474801061,951.0,1.295608557241615,23088.090185676392,mChi_1,mCherry RNAi,0.7161472486002558,-0.3949852579830311,4.909273662635325,70,2000
1445,44.79317697228145,328.2004264392324,397.52878464818764,1070.0,1.390960706306292,43921.0170575693,mChi_1,mCherry RNAi,0.16543681237581498,-0.3906521853624345,10.219582023482861,70,2000
1446,44.85932388222464,331.32715376226827,284.90185387131953,1141.0,1.3165863821950616,36113.4612868048,mChi_1,mCherry RNAi,0.4366156298240831,-0.3777517411317908,7.033380640489273,70,2000
1447,44.39290586630287,338.4283765347885,169.78035470668485,884.0,1.4741377340438477,27618.343792633015,mChi_1,mCherry RNAi,0.7136150579298617,-0.3540588869651915,2.963959059350824,70,2000
1448,44.41408751334045,342.0437566702241,275.75240128068305,1102.0,1.324712134162117,35431.766275346854,mChi_1,mCherry RNAi,0.45820868037577167,-0.3483624595089778,5.5745996041791095,70,2000
1449,45.00779220779221,341.99480519480517,247.9181818181818,1006.0,1.4578208402501451,34377.62857142857,mChi_1,mCherry RNAi,0.5252948189196778,-0.3472935301282445,5.421786327030986,70,2000
1450,45.032719836400815,341.04294478527606,194.72597137014316,1163.0,1.5346879927008146,42573.02044989775,mChi_1,mCherry RNAi,0.6534634530727803,-0.347801188281048,4.0849339248622485,70,2000
1451,44.45296167247387,345.37166085946575,287.6144018583043,1047.0,1.43161711572918,35378.82229965157,mChi_1,mCherry RNAi,0.4295078126939571,-0.33977443833907517,5.693486369943198,70,2000
1452,44.14994606256742,355.2977346278317,277.1531823085221,1133.0,1.5086302483609886,36240.517799352754,mChi_1,mCherry RNAi,0.4543003741354341,-0.3124541478732845,4.397960983116715,70,2000
1453,44.01162790697674,361.79457364341084,167.29586563307492,918.0,1.5940836113460295,35668.348837209305,mChi_1,mCherry RNAi,0.7186633825838187,-0.29054432456047785,0.8405578114216148,70,2000
1454,44.706021251475796,361.65761511216056,307.4557260920897,1032.0,1.4890505666632952,39334.899645808735,mChi_1,mCherry RNAi,0.3810934628126996,-0.2962446872214015,5.310742367919698,70,2000
1455,44.61726078799249,362.27579737335833,225.6735459662289,661.0,1.3976853412448282,29658.86679174484,mChi_1,mCherry RNAi,0.5780615027783376,-0.29139374064459567,2.979288173873634,70,2000
1456,43.994419642857146,374.64955357142856,200.63392857142858,1101.0,1.483589997466276,35682.513392857145,mChi_1,mCherry RNAi,0.6378551732131277,-0.2569168692436863,0.7973435014738044,70,2000
1457,43.59887005649718,392.92316384180793,216.60338983050846,1067.0,1.3770379147229959,33786.374011299435,mChi_1,mCherry RNAi,0.5986494662997761,-0.2079626325075309,-0.478800957619562,70,2000
1458,44.51974386339381,399.42155816435434,281.7374599786553,1110.0,1.5366133316272532,38804.68303094984,mChi_1,mCherry RNAi,0.4415572976161932,-0.1926631283355379,1.7241667014961557,70,2000
1459,44.41853658536586,395.98048780487807,252.2429268292683,1252.0,1.5184684584706063,35435.660487804875,mChi_1,mCherry RNAi,0.5127321258463233,-0.20088343066320946,1.0772228587480015,70,2000
1460,44.975232198142415,422.0131578947368,298.69582043343655,1852.0,1.7815349940628187,57944.51470588235,mChi_1,mCherry RNAi,0.3998537490652081,-0.13184693490798116,1.0133414317710923,70,2000
1461,45.3,425.7143939393939,163.56742424242424,1772.0,1.5277276211952413,42603.62348484848,mChi_1,mCherry RNAi,0.7252279432009248,-0.11645723269949537,-2.5611395899967135,70,2000
1462,45.38854625550661,434.37797356828196,230.22466960352423,1344.0,1.4290085929070848,58856.64669603524,mChi_1,mCherry RNAi,0.5643304478408517,-0.09549730881316021,-1.302449691189988,70,2000
1463,44.57979334098737,441.4707233065442,292.7370838117107,1060.0,1.4711538832996902,53005.7187141217,mChi_1,mCherry RNAi,0.41342265926605415,-0.07882056967212492,-0.9371473118605813,70,2000
1464,44.66539196940727,457.5363288718929,296.53441682600385,1319.0,1.5221224348648021,47220.499043977055,mChi_1,mCherry RNAi,0.40365343022388633,-0.0352969474936754,-1.9023714275833115,70,2000
1465,45.478309232480534,477.91212458286986,143.2091212458287,1379.0,1.5506250895409486,60436.333704115685,mChi_1,mCherry RNAi,0.772239542383496,0.02620775040717982,-6.675684427578576,70,2000
1466,44.19371727748691,494.4083769633508,218.782722513089,1390.0,1.398959394441767,60321.062827225134,mChi_1,mCherry RNAi,0.5894729882901713,0.06783371203974875,-7.108362290162141,70,2000
1467,44.93449781659389,493.96568933250154,375.0280723643169,1961.0,1.5369456847999723,52566.73611977542,mChi_1,mCherry RNAi,0.213171010935981,0.060684555357122916,-2.137555413980131,70,2000
1468,48.204231082180634,496.5854353132628,142.20992676973148,2932.0,1.2529807636467543,60783.37144019528,mChi_1,mCherry RNAi,0.7740864463028616,0.07752330887318415,-5.3243893458929925,70,2000
1469,44.867861142217244,496.8499440089586,100.69652855543113,1199.0,1.4149104309904115,37833.291153415455,mChi_1,mCherry RNAi,0.8738666721569601,0.07920475342244804,-9.78596062167027,70,2000
1470,45.1840888066605,501.2858464384829,297.622571692877,1310.0,1.8253485907244815,49225.47271045329,mChi_1,mCherry RNAi,0.3993557199111639,0.08364255739788806,-4.494837548214683,70,2000
1471,44.4205069124424,514.5725806451613,249.66820276497697,1088.0,1.5571072089342204,60619.31451612903,mChi_1,mCherry RNAi,0.5143022590688353,0.12146601074635055,-7.498644329807032,70,2000
1472,45.0383877159309,516.8243761996162,234.72840690978887,1341.0,1.442179882924236,59875.563339731285,mChi_1,mCherry RNAi,0.5502398251654959,0.12828873855705014,-7.445775074970008,70,2000
1473,44.6270207852194,527.4976905311778,179.3660508083141,1127.0,1.7362058251765118,54128.47690531178,mChi_1,mCherry RNAi,0.6831547566505307,0.15936885241604926,-10.110051076029825,70,2000
1474,44.17137648131267,528.9143117593437,297.18778486782134,1277.0,1.5327391560179424,49292.11577028259,mChi_1,mCherry RNAi,0.39926098903077833,0.1585348774620734,-7.498518112191739,70,2000
1475,44.70449678800856,531.7002141327623,109.78158458244111,605.0,1.4140445500208572,35596.824411134905,mChi_1,mCherry RNAi,0.8506111574786652,0.17351658138939308,-12.2050039525598,70,2000
1476,44.263991552270326,552.4308342133052,153.86906019007392,1135.0,1.4702616942643696,51115.10031678986,mChi_1,mCherry RNAi,0.7435757475430567,0.2280420823783107,-12.946340391876806,70,2000
1477,45.7821261682243,566.0309579439253,263.2318925233645,2197.0,1.742743697019149,54973.46436915888,mChi_1,mCherry RNAi,0.4797046427785878,0.2610319881661147,-9.468364822956499,70,2000
1478,44.802284710017574,592.4938488576449,286.8400702987698,1442.0,1.6078569414388895,58504.96133567663,mChi_1,mCherry RNAi,0.4217425558958592,0.3318261561207623,-11.709282606719162,70,2000
1479,44.438709677419354,622.7793548387097,165.3909677419355,933.0,1.5583215342206105,52368.32129032258,mChi_1,mCherry RNAi,0.7130848268236158,0.4187842701634885,-17.509672675688915,70,2000
1480,45.005535055350556,637.2140221402213,177.11992619926198,1389.0,1.4751879028566355,55217.91789667897,mChi_1,mCherry RNAi,0.6843034264195669,0.4576615198076379,-17.66483896218172,70,2000
1481,44.873706004140786,649.1687370600414,199.8416149068323,1126.0,1.3786240945061172,41159.57246376811,mChi_1,mCherry RNAi,0.629096081758572,0.48923408822067205,-18.043152609845176,70,2000
1482,45.80081967213115,647.1254098360656,278.3975409836066,1560.0,1.4872294073211134,40663.82868852459,mChi_1,mCherry RNAi,0.4400072307983576,0.4808012095337455,-14.860293251263545,70,2000
1483,44.254464285714285,741.8013392857143,272.6763392857143,628.0,1.5029621403799212,25887.066964285714,mChi_1,mCherry RNAi,0.44999454528872906,0.7379818922574228,-23.3486132711701,70,2000
1484,46.493927125506076,193.0161943319838,462.0161943319838,538.0,1.7158540755608862,10904.052631578947,mChi_1,mCherry RNAi,0.015484672457471982,-0.7601664162329931,23.348036761246544,70,2000
1485,45.096412556053814,246.3542600896861,381.19058295964123,1014.0,1.5342333155175691,36811.17825112108,mChi_1,mCherry RNAi,0.2080080465342209,-0.6123550275297942,15.954903916473587,70,2000
1486,45.85354141656663,263.37454981992795,417.2232893157263,987.0,1.4942442470775006,42366.336134453784,mChi_1,mCherry RNAi,0.12059437985732768,-0.5673620734311262,16.45734435039272,70,2000
1487,45.01902748414376,330.4048625792812,181.9355179704017,1120.0,1.538263300748077,39766.49682875264,mChi_1,mCherry RNAi,0.6846878749239129,-0.3762119060495217,4.490677295810158,70,2000
1488,44.94596774193548,369.4040322580645,257.8717741935484,1469.0,1.5392999202992688,36636.29919354839,mChi_1,mCherry RNAi,0.500244109747676,-0.27321504892788717,3.6612055146324742,70,2000
1489,45.24733475479744,372.01066098081026,298.7366737739872,1202.0,1.5720395588110094,47350.03091684435,mChi_1,mCherry RNAi,0.40172526311472456,-0.26766613629622094,4.873266056209179,70,2000
1490,46.983193277310924,369.9210084033613,228.45546218487394,862.0,1.545322323718165,32794.880672268904,mChi_1,mCherry RNAi,0.5712088011535004,-0.2702628762895406,4.8645339192985055,70,2000
1491,45.591747146619845,373.88762071992977,214.77963125548726,1407.0,1.4608099140650461,37819.95258999122,mChi_1,mCherry RNAi,0.6039098831877148,-0.259224780555819,2.8249298411312935,70,2000
1492,45.9385775862069,376.76077586206895,62.33297413793103,1097.0,1.6116543025735364,20270.556034482757,mChi_1,mCherry RNAi,0.9710341848666777,-0.24540564992742397,-1.1337189103130463,70,2000
1493,45.55483870967742,391.4851612903226,240.37935483870967,1011.0,1.481925247306907,35682.17290322581,mChi_1,mCherry RNAi,0.5415553993047277,-0.21241259172401838,2.2137746291124074,70,2000
1494,45.86901408450704,385.5281690140845,190.08732394366197,857.0,1.3264284888292006,28218.752112676055,mChi_1,mCherry RNAi,0.6629515184546246,-0.22657684043750737,1.6023897329395282,70,2000
1495,45.6736641221374,398.42557251908397,367.0229007633588,1283.0,1.6221886204542724,32030.297709923663,mChi_1,mCherry RNAi,0.23623151289887967,-0.1984678718389915,5.238936246804524,70,2000
1496,45.973774230330676,396.78107183580386,169.57012542759406,1019.0,1.3890391469820944,44673.02508551881,mChi_1,mCherry RNAi,0.7119405331543966,-0.1951789398424929,0.3479043581258985,70,2000
1497,45.64422110552764,432.208040201005,254.0391959798995,1171.0,1.3836642564133923,61525.81407035176,mChi_1,mCherry RNAi,0.5070664291797589,-0.1022718856981022,-0.2516194764881341,70,2000
1498,45.69649805447471,437.0622568093385,158.31517509727627,1277.0,1.578229691125733,55880.97081712062,mChi_1,mCherry RNAi,0.7374610203234344,-0.08533911510017622,-3.1211804333847013,70,2000
1499,46.89273591310251,442.50984385607603,365.7298031228785,1810.0,1.738129747526892,49801.61031907672,mChi_1,mCherry RNAi,0.23770023138155127,-0.07838822040706661,3.256752075942014,70,2000
1500,45.8105625717566,457.38461538461536,88.57060849598163,1037.0,1.5378702263245272,38176.231917336394,mChi_1,mCherry RNAi,0.9046757321510335,-0.027375744729688734,-6.34050444664283,70,2000
1501,46.0017873100983,462.7774798927614,255.65951742627345,1336.0,1.2861490313522608,59942.19213583557,mChi_1,mCherry RNAi,0.5019916104326307,-0.01919884993656018,-2.044806425167284,70,2000
1502,45.21729490022173,457.70066518847005,120.72949002217295,614.0,1.5569529872897698,39960.45676274945,mChi_1,mCherry RNAi,0.8271619008560049,-0.02788742044475001,-6.090156284564246,70,2000
1503,44.81112398609502,470.28157589803016,212.71263035921206,1035.0,1.4184429002398506,51576.501738122824,mChi_1,mCherry RNAi,0.605075401476576,0.0026323255957472202,-4.924933632342761,70,2000
1504,45.01964839710445,473.29679420889346,295.86142709410547,1223.0,1.8921088116909373,42994.03205791106,mChi_1,mCherry RNAi,0.404680969620524,0.007624628901967023,-2.6980131085529706,70,2000
1505,47.06280530355897,477.5708304256804,127.04187020237265,1797.0,1.5097506797931683,60988.35729239358,mChi_1,mCherry RNAi,0.8112951595098419,0.026222188523414403,-5.505993595795058,70,2000
1506,46.33286418015482,484.0964109781844,152.70443349753694,1651.0,1.2883077993888457,61314.793103448275,mChi_1,mCherry RNAi,0.7491786954194164,0.04281000379636457,-6.012076276807964,70,2000
1507,44.11195652173913,487.9173913043478,304.61304347826086,1202.0,1.5505236786199434,38010.55869565217,mChi_1,mCherry RNAi,0.38297253388439056,0.04683332222070846,-4.416743966176988,70,2000
1508,45.60145681581686,489.0280957336108,317.0686784599376,1187.0,1.4390496915264595,47359.41935483871,mChi_1,mCherry RNAi,0.3530184529210325,0.049658599825851635,-2.6764589362553295,70,2000
1509,46.59299191374663,485.7487870619946,390.33369272237195,2255.0,1.6193024974084187,53519.116442048515,mChi_1,mCherry RNAi,0.17672667951164645,0.038086157969181356,0.517071387296042,70,2000
1510,45.16644736842105,501.8703947368421,348.5282894736842,1780.0,1.5278867981317457,50543.89144736842,mChi_1,mCherry RNAi,0.27670961058973775,0.08324270411898937,-3.1858360980004434,70,2000
1511,46.215384615384615,503.936,322.45292307692307,1945.0,1.4948167265312378,53285.66646153846,mChi_1,mCherry RNAi,0.3395047031179479,0.0900784042749958,-2.9891834869525766,70,2000
1512,45.22295081967213,501.6327868852459,156.10491803278688,784.0,1.5129329703321108,45789.752459016396,mChi_1,mCherry RNAi,0.7402336663757869,0.09011058567055885,-8.285490107613034,70,2000
1513,46.01995012468828,504.3216957605985,247.53283458021613,1414.0,1.5351238484184249,60252.915211970074,mChi_1,mCherry RNAi,0.5199457229333377,0.09400910110853467,-5.225840015242198,70,2000
1514,45.32923257176333,512.3725834797891,364.23842999414177,2103.0,1.6283378709764034,49248.81195079086,mChi_1,mCherry RNAi,0.2384667904629174,0.11119963344218364,-3.354683149594269,70,2000
1515,45.61574074074074,523.1412037037037,91.9074074074074,597.0,1.3418673891045214,35808.39351851852,mChi_1,mCherry RNAi,0.8940575704745135,0.15113533351732134,-11.162879010035823,70,2000
1516,45.44807315480078,528.0803396472894,330.63553233180926,1772.0,1.4795903921534705,49030.478772044415,mChi_1,mCherry RNAi,0.3188036386677424,0.15521561412894735,-5.266542460347274,70,2000
1517,45.163576881134134,524.6717557251908,221.8854961832061,1354.0,1.8761669665539742,61132.77971646674,mChi_1,mCherry RNAi,0.5808772252450995,0.1501376594795225,-8.229243053133942,70,2000
1518,46.1416015625,548.5556640625,232.8671875,1254.0,1.4592195873358758,60817.958984375,mChi_1,mCherry RNAi,0.5535523285723247,0.21480117226860518,-8.672461661422803,70,2000
1519,45.872983870967744,546.4052419354839,140.19354838709677,1206.0,1.4564775234865661,54000.738911290326,mChi_1,mCherry RNAi,0.7768527806128003,0.21251831991499204,-11.277407610050767,70,2000
1520,46.72963951935915,551.758344459279,102.08210947930574,1749.0,1.2718454951437912,59579.57476635514,mChi_1,mCherry RNAi,0.8685001280109805,0.2287185681952424,-11.83191242718703,70,2000
1521,46.35274261603376,564.9552742616033,125.80168776371308,1424.0,1.5562691340639982,54744.24641350211,mChi_1,mCherry RNAi,0.8108253105189387,0.26357950707556,-12.516871710121434,70,2000
1522,44.74249605055292,567.4202211690364,382.86729857819904,901.0,1.6310084957682747,20209.464454976303,mChi_1,mCherry RNAi,0.19140686555886433,0.2599381585640701,-7.388380109491067,70,2000
1523,46.25691056910569,589.8260162601626,264.28617886178864,1590.0,1.6246644634465799,58086.38699186992,mChi_1,mCherry RNAi,0.47626517455628914,0.3257422026162655,-10.673854424045615,70,2000
1524,46.2303886925795,619.7964664310954,264.66996466431095,1706.0,1.5084263080305202,57392.51236749117,mChi_1,mCherry RNAi,0.4741684638460666,0.40716031869733293,-12.840267362981042,70,2000
1525,46.225806451612904,630.8655913978495,292.1741935483871,1138.0,1.5018323577350687,43430.427956989246,mChi_1,mCherry RNAi,0.40748338701391895,0.4361650330693667,-12.899597869615137,70,2000
1526,45.22425952045134,641.1833568406206,243.06488011283497,920.0,1.7135537918144383,37641.210155148096,mChi_1,mCherry RNAi,0.5253131439084213,0.4659191987541167,-15.958705019892937,70,2000
1527,46.083427282976324,655.9830890642615,180.80270574971814,1118.0,1.4227028000252238,38509.465614430665,mChi_1,mCherry RNAi,0.6747662012013742,0.5087307547255615,-17.83773087570688,70,2000
1528,44.88104089219331,681.2174721189591,216.5371747211896,824.0,1.6425890863833927,33952.24349442379,mChi_1,mCherry RNAi,0.5876283426788047,0.5756701728885232,-19.886399062048362,70,2000
1529,46.75233022636485,682.4926764314248,227.71371504660453,1048.0,1.5632429917720325,34350.627163781624,mChi_1,mCherry RNAi,0.5607726556758488,0.5790673677588136,-17.81163632256737,70,2000
1530,45.733783783783785,686.9648648648649,198.3189189189189,1059.0,1.535043524378837,40415.31621621622,mChi_1,mCherry RNAi,0.631341156207532,0.5921654332254103,-19.938293229194922,70,2000
1531,46.263364779874216,745.4174528301887,244.96069182389937,1548.0,1.436457206839134,48697.07075471698,mChi_1,mCherry RNAi,0.5167398524157272,0.7492834327842295,-22.350160076412692,70,2000
1532,46.875,145.205,569.135,511.0,1.8964726356487576,14049.415,mChi_1,mCherry RNAi,-0.2406530303461386,-0.8941846771449686,30.038036444765847,70,2000
1533,46.27547169811321,249.70377358490566,354.78018867924527,1286.0,1.522036050656261,36438.53679245283,mChi_1,mCherry RNAi,0.27156809563136086,-0.6019919389541963,16.18017274188419,70,2000
1534,45.59882583170254,283.160469667319,763.1996086105676,648.0,1.7943414394196309,51652.46183953033,mChi_1,mCherry RNAi,-0.7135853316164686,-0.5271374579073685,24.084899140152036,70,2000
1535,46.30434782608695,317.77616747181963,199.14331723027377,845.0,1.6803156748305714,22726.25925925926,mChi_1,mCherry RNAi,0.6438106857383381,-0.41094593151263226,7.14089717364293,70,2000
1536,45.51168224299065,331.49766355140184,157.03271028037383,548.0,1.5041520858930442,19961.455607476637,mChi_1,mCherry RNAi,0.744661926676339,-0.3721746663190887,4.234000925485272,70,2000
1537,47.57017543859649,343.86842105263156,263.0563909774436,1023.0,1.6185463307261743,32841.75814536341,mChi_1,mCherry RNAi,0.48891579616118697,-0.3422888846298835,8.249181374974462,70,2000
1538,48.3888537048765,356.33628879037366,251.88537048765042,1932.0,1.4645131832313305,43659.699810006336,mChi_1,mCherry RNAi,0.5153885543796446,-0.30781363193851663,7.870604814670852,70,2000
1539,45.253863134657834,366.8454746136865,137.90949227373068,586.0,1.5537337625388914,22969.088300220752,mChi_1,mCherry RNAi,0.7893294709259744,-0.27542962891558775,0.9267426327980637,70,2000
1540,46.233211233211236,394.83516483516485,310.77411477411476,1002.0,1.7037372664143946,37017.89865689866,mChi_1,mCherry RNAi,0.37189913293586985,-0.20592094803003436,4.542267526486956,70,2000
1541,45.73076923076923,410.50904977375563,242.99773755656108,598.0,1.4905849925734165,45488.99547511312,mChi_1,mCherry RNAi,0.5345161044923745,-0.16078674397025983,1.0946748129524266,70,2000
1542,45.634502923976605,421.0833333333333,199.8421052631579,871.0,1.467385908366756,46588.116959064326,mChi_1,mCherry RNAi,0.6380508101596394,-0.13038971139710798,-0.920160586816781,70,2000
1543,45.69450549450549,425.8285714285714,134.55054945054945,1078.0,1.5374011290836722,43655.083516483515,mChi_1,mCherry RNAi,0.7951441238916084,-0.11493808365037206,-2.956064588173735,70,2000
1544,47.15819209039548,427.0819209039548,313.72504708097927,1339.0,1.674496707813715,50088.247645951036,mChi_1,mCherry RNAi,0.36358887074562096,-0.11823049885704218,3.230256737924556,70,2000
1545,47.01097293343087,428.73079736649595,240.70446232626188,1678.0,1.351986857300778,62434.44989027067,mChi_1,mCherry RNAi,0.5394080059825592,-0.1109319601384996,1.0021100868403643,70,2000
1546,45.42111724984653,441.3314917127072,388.78453038674036,1870.0,1.7997292307254873,43289.472068753836,mChi_1,mCherry RNAi,0.18212036423458833,-0.08277831961579174,2.493797117043208,70,2000
1547,47.36015325670498,436.35057471264366,265.58716475095787,1310.0,1.3954373088294987,61266.35249042146,mChi_1,mCherry RNAi,0.47919439507125294,-0.09112835603012825,1.472506073598698,70,2000
1548,48.83977900552486,459.3939226519337,212.15745856353593,2536.0,1.8159026484007623,60281.8773480663,mChi_1,mCherry RNAi,0.6070882903151671,-0.02613893507192,-0.14189059559411632,70,2000
1549,46.96403440187647,459.39953088350273,103.556684910086,1559.0,1.3602411057421107,52332.215793588744,mChi_1,mCherry RNAi,0.8685701025002401,-0.022258183965608747,-4.9321070042783255,70,2000
1550,47.31226053639847,460.69220945083015,383.89974457215834,1867.0,1.5943072282236612,47301.45785440613,mChi_1,mCherry RNAi,0.19324819751942623,-0.02960748679367553,2.8589893414372263,70,2000
1551,46.69989281886388,461.9431939978564,240.87995712754554,1212.0,1.5170394295836078,58974.14469453376,mChi_1,mCherry RNAi,0.5376687217682861,-0.02075236557806015,-1.6862238263806475,70,2000
1552,46.98576779026217,465.27415730337077,225.6,1675.0,1.3792018132660961,60323.16329588015,mChi_1,mCherry RNAi,0.5743628909697798,-0.011049234094768434,-2.050956174495255,70,2000
1553,47.186206896551724,484.46206896551723,270.4807881773399,1331.0,1.588532736492798,60918.17044334975,mChi_1,mCherry RNAi,0.4655166246464002,0.03937935455778252,-2.0212206700429505,70,2000
1554,47.13623018203171,481.570757486788,351.50675278919556,2027.0,1.6377190962865593,54445.885496183204,mChi_1,mCherry RNAi,0.27045032766847465,0.028353875970113185,0.31466429483469227,70,2000
1555,46.30898321816387,488.67028627838107,255.5547877591313,1292.0,1.5262287028184178,62496.76604146101,mChi_1,mCherry RNAi,0.5012516429557199,0.05122379059505233,-3.5990573520533538,70,2000
1556,47.73030108904548,487.0755925688661,331.5182575272261,1994.0,1.5036942749878952,56908.78603459321,mChi_1,mCherry RNAi,0.3184207115667861,0.044208207334447414,-0.025329199572823313,70,2000
1557,46.89485213581599,490.33734939759034,181.72070098576123,1090.0,1.330513685938749,52024.96604600219,mChi_1,mCherry RNAi,0.6790751918694007,0.05874757796617147,-5.119445560413606,70,2000
1558,47.29639175257732,514.8208762886597,261.32216494845363,1029.0,1.575058525103106,61218.80541237113,mChi_1,mCherry RNAi,0.48639908649494257,0.12225167276231841,-4.335726749880962,70,2000
1559,48.62643331321666,515.8702474351237,101.7845503922752,2141.0,1.2482627724516007,57582.49607724804,mChi_1,mCherry RNAi,0.8707364831422777,0.13158481296262292,-7.373834379884352,70,2000
1560,47.04558969276511,521.2120911793855,316.90287413280475,1261.0,1.5646004861237663,32486.710604558968,mChi_1,mCherry RNAi,0.3522505261886302,0.13740208570168244,-3.550130068291061,70,2000
1561,47.882902298850574,524.2722701149426,72.28951149425288,1665.0,1.3600718129223512,56624.88864942529,mChi_1,mCherry RNAi,0.9414100455317767,0.15541933484273485,-9.510932537748769,70,2000
1562,46.599811676082865,538.5188323917138,207.01883239171374,1309.0,1.5650064451524337,59484.06779661017,mChi_1,mCherry RNAi,0.6162365885835772,0.1886261086805574,-8.19038465109416,70,2000
1563,46.65228873239437,543.3336267605633,181.2411971830986,1374.0,1.5015829755874894,56061.51144366197,mChi_1,mCherry RNAi,0.6781452066957141,0.20272464741641083,-9.17650481443368,70,2000
1564,46.19903381642512,550.2048309178743,308.3420289855072,1301.0,1.687444910707262,55426.474396135265,mChi_1,mCherry RNAi,0.3716869609264648,0.21635102150140662,-6.704483001825059,70,2000
1565,46.152274837511605,567.1197771587744,143.31290622098422,1305.0,1.429527543270535,54870.03806870938,mChi_1,mCherry RNAi,0.7685471208915204,0.2687389251749912,-12.401281422696735,70,2000
1566,46.34251101321586,574.2004405286343,172.98678414096915,1098.0,1.2855122869609135,48404.03303964758,mChi_1,mCherry RNAi,0.6968036608946782,0.28685955274176966,-11.921878421267992,70,2000
1567,46.53343023255814,578.7456395348837,126.30377906976744,821.0,1.2461366076377003,60356.629360465115,mChi_1,mCherry RNAi,0.8090884670530034,0.30106782152383427,-13.312633000662565,70,2000
1568,45.52980132450331,589.5470198675497,167.79867549668873,911.0,1.4318240160924545,52332.82781456954,mChi_1,mCherry RNAi,0.7086509149532578,0.3286031174700883,-13.97274368930249,70,2000
1569,47.12258953168044,634.3071625344353,164.1198347107438,894.0,1.3167742272974308,56749.096418732785,mChi_1,mCherry RNAi,0.7158632579687463,0.4506857891251044,-15.694939085879813,70,2000
1570,45.587774294670844,665.3902821316615,161.39184952978056,880.0,1.5625111853806881,40855.72257053292,mChi_1,mCherry RNAi,0.7211250298964016,0.5349521672409487,-19.528698041852007,70,2000
1571,46.92434210526316,671.5668859649123,235.04166666666666,1200.0,1.4353425590312976,36356.19846491228,mChi_1,mCherry RNAi,0.5435584470706045,0.5491269711621849,-16.659236638759133,70,2000
1572,47.07312049433574,679.6292481977343,167.90834191555098,1180.0,1.3782644331782072,34645.65911431514,mChi_1,mCherry RNAi,0.7049641865094529,0.5736814356435349,-18.89413255403656,70,2000
1573,48.88741721854305,683.2437086092715,204.47417218543046,998.0,1.3295265634489797,35857.31258278146,mChi_1,mCherry RNAi,0.6168556253341901,0.5824339485900172,-16.361472931408258,70,2000
1574,46.75545023696682,697.4,231.64549763033176,1343.0,1.4775090974494816,37418.72890995261,mChi_1,mCherry RNAi,0.5507196787349495,0.6194221501928749,-18.772378987566796,70,2000
1575,46.561764705882354,712.7323529411765,207.89558823529413,978.0,1.3328572410416093,29168.569117647057,mChi_1,mCherry RNAi,0.6073177971322923,0.6619724559854598,-20.704027625295918,70,2000
1576,45.79108635097493,728.0988857938719,247.43871866295265,978.0,1.4444249773847844,28868.435933147633,mChi_1,mCherry RNAi,0.5114178455229559,0.7020344700508396,-21.511878568903633,70,2000
1577,47.82612966601179,353.03634577603145,167.06090373280944,1192.0,1.4030933963692604,38597.87917485265,mChi_1,mCherry RNAi,0.7198084679190866,-0.3135839104150605,5.265905847100139,70,2000
1578,47.85487288135593,363.7669491525424,282.7669491525424,1249.0,1.5465829320698588,42656.38559322034,mChi_1,mCherry RNAi,0.4406773016212777,-0.2889314182127506,7.635275833951368,70,2000
1579,46.976470588235294,376.23333333333335,160.12745098039215,1213.0,1.4152547633826091,38385.38921568627,mChi_1,mCherry RNAi,0.7355510038170383,-0.25044775322068824,2.5680362431105372,70,2000
1580,47.97929354445798,381.09013398294763,344.88550548112056,1036.0,1.4930218000331752,40747.32277710109,mChi_1,mCherry RNAi,0.2903766434011701,-0.2442568559560958,8.186418506437079,70,2000
1581,47.1591796875,385.71484375,325.462890625,1223.0,1.4944519189402632,42065.91015625,mChi_1,mCherry RNAi,0.3369304309154253,-0.23109414472471346,6.514756408630042,70,2000
1582,47.06363636363636,396.5121212121212,266.4131313131313,1156.0,1.34379313087924,37226.72424242424,mChi_1,mCherry RNAi,0.4787423974687186,-0.19947133334791456,4.057350895237704,70,2000
1583,46.83410138248848,399.1359447004608,327.9804147465438,1060.0,1.5165018365322382,38098.3732718894,mChi_1,mCherry RNAi,0.33032178915852484,-0.19478723207039494,5.295391611600095,70,2000
1584,48.459847844463226,398.2493660185968,130.06508875739644,1480.0,1.5192120389110062,42823.01437024514,mChi_1,mCherry RNAi,0.8071977749446637,-0.18916017716798883,1.659285790209971,70,2000
1585,47.08792372881356,408.02542372881356,306.7849576271187,1150.0,1.5936719607351,42511.13877118644,mChi_1,mCherry RNAi,0.38104617349277214,-0.1697556827464599,4.340864521618368,70,2000
1586,48.9073275862069,401.5028735632184,242.33117816091954,1733.0,1.529754207723263,50665.13074712644,mChi_1,mCherry RNAi,0.5366708700092322,-0.18460865758189593,4.890141289752652,70,2000
1587,47.103668261563,409.96491228070175,137.76076555023923,841.0,1.6427740812226053,39046.69377990431,mChi_1,mCherry RNAi,0.788118494990369,-0.15789233346291753,-0.32657357775698515,70,2000
1588,46.394209354120264,411.5623608017817,343.74276169265033,1022.0,1.496948527738742,32448.27505567929,mChi_1,mCherry RNAi,0.2918406074915778,-0.1617221376300425,4.388985064406999,70,2000
1589,47.90454016298021,411.8277066356228,173.56577415599534,1046.0,1.4830795928075289,42837.57275902212,mChi_1,mCherry RNAi,0.7018480534162945,-0.1540691568418885,1.3008631194377465,70,2000
1590,48.353028064992614,417.5854258985721,231.2112259970458,2514.0,1.709488655888842,60925.99212210734,mChi_1,mCherry RNAi,0.562794116863391,-0.14058316701117912,2.8846533261689835,70,2000
1591,48.01434262948207,419.33306772908367,271.38884462151395,1540.0,1.5497836800277895,57452.50597609562,mChi_1,mCherry RNAi,0.46592457828072487,-0.13746739453051826,3.501695879016399,70,2000
1592,48.09268795056643,428.27188465499484,193.6045314109166,1180.0,1.3802892385319034,52178.572605561276,mChi_1,mCherry RNAi,0.6529479115405281,-0.11012992474277516,0.8473537872202286,70,2000
1593,48.995370370370374,423.2898148148148,288.7537037037037,1380.0,1.4763329413817952,60429.28240740741,mChi_1,mCherry RNAi,0.4240023540917208,-0.1271999676733655,4.662786070385252,70,2000
1594,47.74203574203574,442.9362859362859,331.71406371406374,1533.0,1.4229795544555977,52604.94094794095,mChi_1,mCherry RNAi,0.3196737885723011,-0.07573625284263819,3.1584929003380395,70,2000
1595,48.20196604110813,437.77301161751564,280.2707774798928,1482.0,1.5902434629217057,60259.698838248434,mChi_1,mCherry RNAi,0.44382111823852144,-0.08767020325314823,2.6045377639356104,70,2000
1596,46.498826291079816,446.9906103286385,304.5680751173709,1010.0,1.5782996047314797,47032.2089201878,mChi_1,mCherry RNAi,0.3848277009237939,-0.0639054875829198,0.8982699387316053,70,2000
1597,47.0276577355229,449.62316335350044,254.104580812446,1419.0,1.5561517120497255,61681.311149524634,mChi_1,mCherry RNAi,0.5063146877504368,-0.054680599709659106,-0.11997258533655142,70,2000
1598,47.314418604651166,449.5786046511628,234.03906976744187,1324.0,1.5218036506467416,61464.3776744186,mChi_1,mCherry RNAi,0.5546682424699054,-0.05396296909243692,-0.3702915026478273,70,2000
1599,47.92556917688266,449.84325744308234,220.20052539404554,1403.0,1.4299741406397495,58114.74343257443,mChi_1,mCherry RNAi,0.5880302997041948,-0.052584136964019645,-0.15195574428490843,70,2000
1600,48.55321782178218,467.105198019802,114.92945544554455,1049.0,1.3151261354706483,48420.65222772277,mChi_1,mCherry RNAi,0.8409730416702432,-0.001450688672097744,-3.5947112562305783,70,2000
1601,47.8356401384083,469.6384083044983,152.03460207612457,802.0,1.32913855867554,42958.44636678201,mChi_1,mCherry RNAi,0.7514502765617894,0.003845007527227162,-3.494408497822448,70,2000
1602,47.96025778732545,473.98818474758326,178.76906552094522,1132.0,1.3456110474764218,58597.09344790548,mChi_1,mCherry RNAi,0.6868898928579368,0.014646739268423747,-2.9635206304809465,70,2000
1603,47.53988245172124,476.9739714525609,246.12678421494542,1478.0,1.3848452060839767,60621.376994122584,mChi_1,mCherry RNAi,0.5244952324130792,0.02005111817515015,-1.786061102303723,70,2000
1604,47.42752962625342,482.3445761166819,215.59799453053782,1388.0,1.6253983126043585,59344.595259799455,mChi_1,mCherry RNAi,0.5978165258295955,0.03581279332027365,-3.1041325767189463,70,2000
1605,47.79408418657565,479.19681456200226,305.45506257110355,1369.0,1.809113879536834,51947.03412969283,mChi_1,mCherry RNAi,0.3815136810284725,0.023828032206684835,-0.09712910299554878,70,2000
1606,48.43691148775895,492.5612052730697,239.52448210922788,1382.0,1.4394531255107357,63646.96139359699,mChi_1,mCherry RNAi,0.539845849250072,0.06283985355239996,-2.187498277251958,70,2000
1607,47.627737226277375,536.2728102189781,228.76186131386862,1348.0,1.468996729926963,61442.323905109486,mChi_1,mCherry RNAi,0.5640133708051571,0.1818773538936076,-6.419804000824296,70,2000
1608,47.87202925045704,547.3723339427179,88.00853138330287,1883.0,1.3269033302036746,58418.13589274832,mChi_1,mCherry RNAi,0.9026429939607832,0.21757381296189204,-10.756547016919459,70,2000
1609,46.95616717635066,547.6931702344547,262.3496432212029,1212.0,1.6966166571295214,57440.539245667685,mChi_1,mCherry RNAi,0.4826190091843696,0.21146816355081932,-7.00581373536485,70,2000
1610,49.94466800804829,551.6529175050301,273.61770623742456,1501.0,1.4786548082004336,62904.865191146884,mChi_1,mCherry RNAi,0.45550742884166584,0.22237608643535967,-4.007270678897445,70,2000
1611,47.79636711281071,560.7237093690248,315.07743785850863,1285.0,1.5752185599434205,57965.37189292543,mChi_1,mCherry RNAi,0.35515104846001266,0.2449852262139347,-5.685469617077162,70,2000
1612,48.23484267075978,568.8365310821182,300.6730621642364,1552.0,1.3815668429454833,62228.111281657715,mChi_1,mCherry RNAi,0.3895588195687849,0.2676778964711255,-6.217594605700697,70,2000
1613,47.15316045380875,574.513776337115,159.29740680713127,1508.0,1.4352090285072499,59473.914100486225,mChi_1,mCherry RNAi,0.7298168980934681,0.2884040727271364,-11.504112923416201,70,2000
1614,46.93814432989691,583.7083946980854,145.20176730486008,850.0,1.4444931414785611,42150.16642120766,mChi_1,mCherry RNAi,0.7633981227335631,0.3138957915568614,-12.757124254200003,70,2000
1615,46.65465465465466,583.46996996997,315.5885885885886,822.0,1.4415942481487698,33182.62312312312,mChi_1,mCherry RNAi,0.3529604090900562,0.30654895782461766,-8.442057879282748,70,2000
1616,46.60296540362438,593.0247116968699,153.9044481054366,706.0,1.5568257804377947,45514.81713344316,mChi_1,mCherry RNAi,0.7420503145765489,0.3388056914901567,-13.5257750284067,70,2000
1617,47.134579439252335,600.381308411215,138.77196261682244,630.0,1.5844780966143346,45023.25794392524,mChi_1,mCherry RNAi,0.7782472878620863,0.35949017973336095,-13.93035276312622,70,2000
1618,46.902119071644805,606.3905146316852,253.73662966700303,1198.0,1.4863487761801182,60064.6912209889,mChi_1,mCherry RNAi,0.5010701401522952,0.3712908417410372,-11.502603935434767,70,2000
1619,47.155311355311355,610.2417582417582,221.6161172161172,1650.0,1.4303059372980267,61592.72454212454,mChi_1,mCherry RNAi,0.5783076485567917,0.3830578977387942,-12.38998667646269,70,2000
1620,48.51655629139073,679.709555345317,188.89214758751183,1300.0,1.3549593834624067,39676.0151371807,mChi_1,mCherry RNAi,0.6545047493724847,0.5733652672794816,-16.896580617369366,70,2000
1621,47.79219948849105,694.9066496163683,315.05179028132994,1792.0,1.394695332906983,44838.77813299233,mChi_1,mCherry RNAi,0.34997160788911263,0.6095988705818314,-15.317523089342577,70,2000
1622,47.35970149253731,695.7701492537313,216.77611940298507,901.0,1.4322020998968827,33788.04179104478,mChi_1,mCherry RNAi,0.5866383858895416,0.6156919088755424,-18.452710086571017,70,2000
1623,49.5041958041958,700.1986013986015,250.66013986013985,1774.0,1.4650527418736756,43968.01258741259,mChi_1,mCherry RNAi,0.5049785185565101,0.626825743053441,-15.721321651609363,70,2000
1624,47.267929634641405,709.2557510148849,300.82949932341,1259.0,1.7065428314236009,19623.979702300407,mChi_1,mCherry RNAi,0.38363736989109487,0.6490409395415551,-17.25210207725877,70,2000
1625,48.0419447092469,713.1792183031458,241.72354623450906,1337.0,1.344741146926268,41092.83889418494,mChi_1,mCherry RNAi,0.5259072086326146,0.6621587720105424,-18.350841446382503,70,2000
1626,46.38953488372093,738.1662790697675,523.0104651162791,1094.0,1.8875098733621214,40839.81744186047,mChi_1,mCherry RNAi,-0.15273805182272226,0.7187637980374193,-14.229124065049092,70,2000
1627,46.41935483870968,795.9810246679317,298.7020872865275,689.0,1.4764886032850493,24261.78368121442,mChi_1,mCherry RNAi,0.3853218273102692,0.8846144672095768,-24.37764368775813,70,2000
1628,47.161490683229815,149.21428571428572,468.14906832298135,574.0,1.8457636828068815,13479.645962732919,mChi_1,mCherry RNAi,0.0024640571665173194,-0.8792966258770496,27.321162645694887,70,2000
1629,47.877245508982035,185.40419161676647,472.625748502994,721.0,1.7873569155213607,11331.308383233532,mChi_1,mCherry RNAi,-0.009688454862908924,-0.780992127583283,25.558649751904913,70,2000
1630,47.82887700534759,339.26844919786095,309.6909090909091,1071.0,1.4405925515608071,48300.12834224599,mChi_1,mCherry RNAi,0.37677786367488864,-0.3565557087158152,10.090861359228736,70,2000
1631,48.710585585585584,377.85585585585585,266.8716216216216,1149.0,1.5775190749640715,37177.68693693694,mChi_1,mCherry RNAi,0.4784690021542799,-0.24985986154483775,7.050313816246494,70,2000
1632,48.45696202531646,380.9594936708861,202.91645569620252,1007.0,1.5172857767198833,35797.583544303794,mChi_1,mCherry RNAi,0.6323878371995897,-0.2389826899507873,4.855412313182583,70,2000
1633,48.189111747851,385.59216809933145,282.06590257879657,1272.0,1.4650790112720211,47410.433619866286,mChi_1,mCherry RNAi,0.44153430160318874,-0.22953301118781966,6.383793955844688,70,2000
1634,47.391849529780565,385.45872518286313,296.77115987460814,1146.0,1.4986341337058153,38085.215256008356,mChi_1,mCherry RNAi,0.4060678085380627,-0.23062568727571964,5.993780115865206,70,2000
1635,48.88718929254302,385.6826003824092,216.90535372848947,1330.0,1.5271434267079544,38902.48183556405,mChi_1,mCherry RNAi,0.5985335020865803,-0.2266094966937482,5.321579093145711,70,2000
1636,48.76656472986748,397.0091743119266,113.21610601427115,1229.0,1.7071364661142971,31722.448521916413,mChi_1,mCherry RNAi,0.8478512648695651,-0.19181291039309079,1.6011191390579036,70,2000
1637,48.68060836501901,402.91444866920153,209.2281368821293,1245.0,1.3399283809359164,55584.76711026616,mChi_1,mCherry RNAi,0.616340571978355,-0.17952691377849472,3.6728824244126095,70,2000
1638,47.85843373493976,407.22289156626505,291.48192771084337,784.0,1.3353638369468117,39559.59939759036,mChi_1,mCherry RNAi,0.41798748228286464,-0.17118827129083958,4.755287789452058,70,2000
1639,48.57085828343313,419.40319361277443,251.313373253493,1312.0,1.5263070624885064,61793.39520958084,mChi_1,mCherry RNAi,0.5143144081263522,-0.1363847155477914,3.5118427721849166,70,2000
1640,49.11521152115211,438.2250225022502,184.13591359135913,1351.0,1.4352196867309521,56679.94779477948,mChi_1,mCherry RNAi,0.6754307935355863,-0.0825142158308746,0.8982141430408426,70,2000
1641,47.97089397089397,456.36798336798336,287.04573804573806,1134.0,1.418775938999001,50952.370062370064,mChi_1,mCherry RNAi,0.4267608812963797,-0.037451916202839275,1.2221490861244781,70,2000
1642,47.9910447761194,473.7124378109453,262.48258706467664,1211.0,1.45581466765413,60924.46169154229,mChi_1,mCherry RNAi,0.48525264184410855,0.010639589563821383,-0.6625166970948975,70,2000
1643,48.87935483870968,476.2477419354839,102.16967741935484,1762.0,1.2883479002219627,55647.30774193548,mChi_1,mCherry RNAi,0.8713720904187319,0.023953826320078253,-4.268511175136858,70,2000
1644,48.94656488549618,477.9208015267176,230.8416030534351,1360.0,1.413204200576591,62316.7070610687,mChi_1,mCherry RNAi,0.5613647501936094,0.02349641233962685,-0.862366891257583,70,2000
1645,50.275151515151514,480.55333333333334,317.82848484848483,2129.0,1.478609682881202,59399.28727272727,mChi_1,mCherry RNAi,0.3518096476012358,0.02751938824255351,2.6119616663573098,70,2000
1646,48.34499054820416,499.1805293005671,209.3251417769376,1264.0,1.411382758314962,58926.1606805293,mChi_1,mCherry RNAi,0.6123260586044839,0.0819858283121826,-3.565932860483194,70,2000
1647,48.0,523.8949950932287,147.08832188420018,1266.0,1.5281598819887585,47391.90971540726,mChi_1,mCherry RNAi,0.7612559650013233,0.15150084842667555,-7.356247086288898,70,2000
1648,47.655043586550434,525.2777085927771,191.95890410958904,969.0,1.4490044708434942,45594.362391033625,mChi_1,mCherry RNAi,0.653095834474928,0.15344079875789762,-6.593110701517981,70,2000
1649,48.51365015166835,523.633973710819,207.27401415571285,1161.0,1.7186132265297187,55622.8301314459,mChi_1,mCherry RNAi,0.6163222039262894,0.14854596481036486,-5.207369365904949,70,2000
1650,47.51925078043705,531.2143600416233,353.93652445369406,1301.0,1.784035287683421,25263.616024973984,mChi_1,mCherry RNAi,0.2626822741760788,0.16323031706930924,-2.7998939786516424,70,2000
1651,49.01161751563896,542.5013404825737,167.97944593386953,1353.0,1.3131823371053957,55602.915102770334,mChi_1,mCherry RNAi,0.7102693518299852,0.20144395525876502,-7.120921342954507,70,2000
1652,48.41959334565619,554.9232902033272,200.79852125693162,1330.0,1.5641330540426235,60400.34842883549,mChi_1,mCherry RNAi,0.6306924803988461,0.23380197945712666,-7.720145592601757,70,2000
1653,48.79083094555874,557.9675262655205,185.77841451766955,1340.0,1.399785091254799,57427.72683858644,mChi_1,mCherry RNAi,0.6667772228319571,0.24273264041938258,-7.972208725148553,70,2000
1654,48.455756422454805,560.5756422454805,157.41579448144626,1207.0,1.5141500167429867,55504.83349191246,mChi_1,mCherry RNAi,0.7349746847486514,0.25085960257222495,-9.255912731262097,70,2000
1655,48.766856214459786,575.0901705930138,221.99837530463037,1455.0,1.3769217752133132,59430.206336311945,mChi_1,mCherry RNAi,0.5788599619560402,0.2878428687913863,-8.250885379022943,70,2000
1656,48.68930523028884,578.1163153786105,251.9336455893833,1599.0,1.363001159077647,55991.82669789227,mChi_1,mCherry RNAi,0.5066285805229436,0.2948833747719106,-7.740556105740087,70,2000
1657,49.97686969930609,582.2744795682344,117.44949884348496,1573.0,1.3602397282678143,60153.72552043176,mChi_1,mCherry RNAi,0.8304928797131534,0.31167883215464776,-10.370534003160499,70,2000
1658,48.56453558504222,582.8854041013269,291.96381182147167,1203.0,1.759952338152135,59577.24607961399,mChi_1,mCherry RNAi,0.4100095062805047,0.3062570846849946,-7.1309700389840245,70,2000
1659,48.66935483870968,583.125,237.06317204301075,957.0,1.6273359652668729,59452.92876344086,mChi_1,mCherry RNAi,0.5422518494058517,0.3090692699429398,-8.519577725597431,70,2000
1660,49.2632464255677,610.8881412952061,147.08662741799833,1395.0,1.3690914438721633,60633.84693019344,mChi_1,mCherry RNAi,0.7579407349903231,0.38813453045295554,-12.3382471739618,70,2000
1661,48.281496062992126,615.1200787401575,160.67125984251967,652.0,1.380367956316274,50659.950787401576,mChi_1,mCherry RNAi,0.7249916456958254,0.39891126756148654,-13.255535785597589,70,2000
1662,47.7825311942959,618.192513368984,185.2210338680927,1355.0,1.4516924436900387,50799.06951871658,mChi_1,mCherry RNAi,0.6657049055742266,0.40620468943840393,-13.313484502282456,70,2000
1663,49.603385731559854,619.6662636033857,251.58645707376058,1078.0,1.335525630322441,48486.00483675937,mChi_1,mCherry RNAi,0.5058988189424429,0.4079797085127479,-9.819575773690389,70,2000
1664,48.906213364595544,641.1992966002344,210.4067995310668,1063.0,1.4367606615662467,34439.32356389215,mChi_1,mCherry RNAi,0.6042084081622234,0.4679596312726162,-13.166685683368968,70,2000
1665,48.57142857142857,659.4586977648202,262.02721088435374,1225.0,1.5929765102525641,35812.85908649174,mChi_1,mCherry RNAi,0.4791306812255025,0.5154972030978182,-13.422797505858123,70,2000
1666,49.284562211981566,661.8617511520737,191.3548387096774,1087.0,1.4216449676711786,33849.27649769585,mChi_1,mCherry RNAi,0.6493174230738685,0.5249226322511782,-14.78410172769252,70,2000
1667,47.97231450719823,672.1949058693244,251.25692137320044,1333.0,1.5654160614568413,41682.317829457366,mChi_1,mCherry RNAi,0.5045395752658026,0.5504072755550853,-15.223478288480024,70,2000
1668,48.973321858864026,696.7728055077453,184.1273666092943,1434.0,1.422252403968667,40119.941480206544,mChi_1,mCherry RNAi,0.6653441199009906,0.6200065699954926,-17.79348745020885,70,2000
1669,49.455260570304816,699.0304818092428,202.25467059980335,1277.0,1.5895194420016645,44352.21730580138,mChi_1,mCherry RNAi,0.621620661628651,0.6255292956830816,-16.987618887622848,70,2000
1670,50.153703703703705,709.7870370370371,196.6240740740741,1397.0,1.3227044524223441,40671.93148148148,mChi_1,mCherry RNAi,0.6348069632730338,0.6551147698026796,-17.21434908500892,70,2000
1671,48.5377990430622,730.1425837320575,206.44784688995216,1273.0,1.3081740755746776,43664.9971291866,mChi_1,mCherry RNAi,0.6102479024232392,0.7097259380748315,-20.021852278621218,70,2000
1672,49.07464324917673,729.377607025247,232.5126234906696,1204.0,1.5173358351463575,33327.478594950604,mChi_1,mCherry RNAi,0.5475260554291106,0.7067365684066638,-18.730985576010152,70,2000
1673,47.78860294117647,747.4705882352941,210.83180147058823,1245.0,1.5954400817652332,38141.367647058825,mChi_1,mCherry RNAi,0.5989644341423637,0.7564928813669531,-21.894219930449882,70,2000
1674,48.19335347432024,749.3081570996978,556.9003021148036,1177.0,1.58525940527261,43481.30211480363,mChi_1,mCherry RNAi,-0.23469531417906941,0.748072734530538,-12.318920993161303,70,2000
1675,48.70622796709753,744.8460634547591,278.7062279670975,1059.0,1.393161280620938,25189.499412455934,mChi_1,mCherry RNAi,0.4356273929062038,0.746895319747374,-18.96627970290509,70,2000
1676,48.6551724137931,754.1379310344828,223.92610837438423,1176.0,1.4876490305686072,34833.36157635468,mChi_1,mCherry RNAi,0.5672161734934578,0.7742697774286265,-21.15653632013042,70,2000
1677,47.91499085923218,766.936928702011,497.191042047532,1299.0,1.559208561029886,52238.866544789766,mChi_1,mCherry RNAi,-0.09157292264181438,0.79824844549401,-15.466476632742758,70,2000
1678,48.786852589641434,227.97908366533864,511.07370517928285,1172.0,1.448813641246307,38491.56673306773,mChi_1,mCherry RNAi,-0.10390864514382492,-0.6666241969358824,24.44458766564232,70,2000
1679,49.01420118343195,262.0958579881657,430.7479289940828,1007.0,1.538943504818152,46069.294674556215,mChi_1,mCherry RNAi,0.08826243827260427,-0.5707426277876884,20.06404696914684,70,2000
1680,49.117829457364344,303.3209302325581,214.50232558139535,826.0,1.529457721473782,22502.882170542634,mChi_1,mCherry RNAi,0.6075531802455454,-0.45027070176961737,11.396132824376505,70,2000
1681,49.383045525902666,336.7488226059655,223.50078492935637,837.0,1.5993404610737996,24435.006279434852,mChi_1,mCherry RNAi,0.584588447263352,-0.3597362534638471,9.504133253200447,70,2000
1682,49.79923150816523,372.6541786743516,130.97694524495677,1228.0,1.4426609942671487,35377.397694524494,mChi_1,mCherry RNAi,0.8060842180652992,-0.25848188141645634,4.855621438834341,70,2000
1683,49.952270081490106,368.9639115250291,305.7660069848661,1066.0,1.4510200849369363,48115.03376018626,mChi_1,mCherry RNAi,0.3852042935024105,-0.2752941848428869,9.97194005739642,70,2000
1684,49.92839805825243,372.84223300970876,292.82888349514565,1000.0,1.5058913756538292,49462.88713592233,mChi_1,mCherry RNAi,0.4162143966264249,-0.26425596051312084,9.322083842976259,70,2000
1685,50.26767200754006,375.9406220546654,232.04429783223375,1385.0,1.6618376411685374,40395.87370405278,mChi_1,mCherry RNAi,0.5625329539089006,-0.25340011604984747,7.8039503253434255,70,2000
1686,50.31182795698925,399.26344086021504,141.81290322580645,1133.0,1.3326354897666945,45703.695698924734,mChi_1,mCherry RNAi,0.7789749967494539,-0.18649861518011746,3.748889218182491,70,2000
1687,49.1385948026949,422.17420596727624,210.26179018286814,1265.0,1.427193421920168,57659.69778633301,mChi_1,mCherry RNAi,0.6131269023149752,-0.12714290832609443,2.7754832880391405,70,2000
1688,49.082417582417584,420.2362637362637,303.15384615384613,749.0,1.5170324461753097,50073.61538461538,mChi_1,mCherry RNAi,0.3894398282693452,-0.13604167738459183,5.3557883217982365,70,2000
1689,49.46666666666667,425.4657407407407,148.98333333333332,1209.0,1.3826743943878874,55713.81203703704,mChi_1,mCherry RNAi,0.7606268612287068,-0.11574517814637197,1.2190459573382206,70,2000
1690,49.0,460.0824499411072,180.52296819787986,1038.0,1.4805667819876862,46617.10836277974,mChi_1,mCherry RNAi,0.6832728174375358,-0.0230031109142953,-0.8819902400640593,70,2000
1691,49.42001361470388,468.357385976855,345.3478556841389,1887.0,1.7516632949398936,59354.95779441797,mChi_1,mCherry RNAi,0.2859439398594483,-0.0068615544469703416,3.3741793487271394,70,2000
1692,50.063894523326574,478.1653144016227,189.87728194726165,1259.0,1.46116105548675,61032.28701825558,mChi_1,mCherry RNAi,0.6600998783347953,0.025977635487206108,-0.8671343843782289,70,2000
1693,51.101675977653635,486.07374301675975,253.61787709497207,1278.0,1.8115726665150542,62578.725139664806,mChi_1,mCherry RNAi,0.506316516416297,0.0451859189458752,1.3137700299256387,70,2000
1694,49.87734915924827,487.34124629080117,201.946587537092,1204.0,1.301096495061639,58881.42927794263,mChi_1,mCherry RNAi,0.6306572310529053,0.050404025880265824,-1.387009208828676,70,2000
1695,49.40564971751412,499.3073446327684,161.0271186440678,1093.0,1.47885144220794,45493.77175141243,mChi_1,mCherry RNAi,0.7287277542706885,0.08442202786070219,-3.815916349266132,70,2000
1696,50.33359872611465,498.4777070063694,380.68152866242036,1541.0,1.441663627208953,57601.134554140124,mChi_1,mCherry RNAi,0.19971216799192892,0.07378594640975122,3.0739370765405774,70,2000
1697,49.77663934426229,500.55122950819674,224.28176229508196,1236.0,1.4135392642480067,61383.85143442623,mChi_1,mCherry RNAi,0.5763338299024772,0.08540870498310582,-1.83474758956023,70,2000
1698,49.481751824817515,511.6870437956204,355.40784671532845,1425.0,1.606622233560255,35179.48083941606,mChi_1,mCherry RNAi,0.26002278904915554,0.11049743686322677,0.5974169952752959,70,2000
1699,51.681203007518796,518.1007518796993,259.08496240601505,1733.0,1.5277537376412047,62614.40902255639,mChi_1,mCherry RNAi,0.4919324379042278,0.13211323909576578,-0.25926961830908013,70,2000
1700,50.51799485861183,527.4588688946016,176.77570694087404,1807.0,1.343732972742547,59838.970437018,mChi_1,mCherry RNAi,0.6897619708279139,0.1605224227544857,-4.303245999038527,70,2000
1701,49.33877551020408,525.4591836734694,164.35714285714286,635.0,1.5211424866669407,42117.91224489796,mChi_1,mCherry RNAi,0.7196807573658601,0.15534108038701366,-5.669383944946333,70,2000
1702,49.0209617755857,523.7336621454994,240.2983970406905,1153.0,1.558143270091364,63480.664611590626,mChi_1,mCherry RNAi,0.5368003830389187,0.14762898318551598,-3.820885978957353,70,2000
1703,48.65571776155718,522.7262773722628,273.5985401459854,1026.0,1.7165796650159535,56591.142335766424,mChi_1,mCherry RNAi,0.45660332995207553,0.14352148557212718,-3.2175508632432894,70,2000
1704,49.379456706281836,541.7147707979626,369.6825127334465,1561.0,1.55195309163252,30952.079796264854,mChi_1,mCherry RNAi,0.2244586472091028,0.19151470124591152,-1.275218581477965,70,2000
1705,49.740976645435246,542.7929936305733,194.38110403397027,1161.0,1.5741285997124208,53820.59766454352,mChi_1,mCherry RNAi,0.6467067137185305,0.20135046182067273,-5.7048589204421365,70,2000
1706,50.42786069651741,570.2717661691543,192.48134328358208,2117.0,1.4396096117325672,54178.81343283582,mChi_1,mCherry RNAi,0.6502522821740657,0.27622725334088116,-7.04258288752122,70,2000
1707,48.77744807121662,592.6780415430267,129.38278931750742,841.0,1.6019426951078428,48143.05192878338,mChi_1,mCherry RNAi,0.8012669797718504,0.3392472339435848,-11.992042969168308,70,2000
1708,50.20600858369099,591.2969957081546,194.73476394849786,1405.0,1.3377058994300526,59888.210300429186,mChi_1,mCherry RNAi,0.6439892250427874,0.3332273500122924,-8.711697559302593,70,2000
1709,50.12219451371571,602.5078969243558,231.18620116375726,1441.0,1.311031108839858,60845.20365752286,mChi_1,mCherry RNAi,0.5557415660551359,0.3622528914309968,-8.619665547459288,70,2000
1710,49.82553191489362,612.1893617021277,196.1776595744681,1154.0,1.5004735231130997,52251.07872340426,mChi_1,mCherry RNAi,0.6396739012388393,0.38986683720249493,-10.551227821554383,70,2000
1711,49.70860927152318,626.9094922737307,152.09124356144224,1586.0,1.303158034587635,59489.20824135394,mChi_1,mCherry RNAi,0.7452874742573676,0.43156155279382213,-12.909133313010791,70,2000
1712,50.41811527904849,624.0347666971637,226.6523330283623,1362.0,1.4955807149921838,50046.30466605673,mChi_1,mCherry RNAi,0.565840375421258,0.4209825040852775,-9.990987427832208,70,2000
1713,49.41833333333334,634.7475,320.5825,1372.0,1.567901234423755,34219.87416666667,mChi_1,mCherry RNAi,0.3390999417500906,0.4462332706165697,-9.231251827066805,70,2000
1714,49.493478260869566,630.8434782608696,274.41521739130434,1117.0,1.5204826418043842,36528.40217391304,mChi_1,mCherry RNAi,0.4504652891831278,0.4374397209003549,-10.1173705799967,70,2000
1715,50.58511979823455,643.0933165195461,163.15889029003782,1013.0,1.537501562057406,53148.7263556116,mChi_1,mCherry RNAi,0.7180499719236284,0.47527842539031195,-12.898799799039018,70,2000
1716,50.07909604519774,666.6621468926554,155.24745762711865,1103.0,1.4666307675041539,53200.372881355936,mChi_1,mCherry RNAi,0.7361551044316685,0.5395306693848771,-15.307014408889803,70,2000
1717,50.34009216589862,660.8267281105991,246.48940092165898,1338.0,1.523822243795083,45759.56221198157,mChi_1,mCherry RNAi,0.5166147750529593,0.5201680280586602,-12.17519756424064,70,2000
1718,49.84730538922156,720.2345309381237,217.49800399201598,1362.0,1.5664067356076172,33099.345309381235,mChi_1,mCherry RNAi,0.5840985398935639,0.6826295124154533,-17.70825489700931,70,2000
1719,49.19556025369979,179.47885835095138,545.7737843551797,1092.0,1.589464717806906,35588.47463002114,mChi_1,mCherry RNAi,-0.1855747948520069,-0.7996857756219795,29.264698385635388,70,2000
1720,48.86134453781513,202.02731092436974,436.40966386554624,641.0,1.7019561778889536,14430.61344537815,mChi_1,mCherry RNAi,0.07696107598871849,-0.7342168622816774,24.373579052012584,70,2000
1721,50.22027027027027,317.97297297297297,267.20675675675676,893.0,1.6196712396400594,39590.98513513513,mChi_1,mCherry RNAi,0.4800944595221748,-0.41229508660802705,12.860981028957813,70,2000
1722,49.68346456692913,329.96220472440945,254.48188976377952,802.0,1.536163471437295,25028.384251968502,mChi_1,mCherry RNAi,0.5102446059227528,-0.3793263066942535,11.123472541554865,70,2000
1723,49.72018348623853,334.23279816513764,238.58600917431193,1126.0,1.4341020657257566,35489.70756880734,mChi_1,mCherry RNAi,0.5483702350552715,-0.3670948966100066,10.426342734978864,70,2000
1724,50.421875,343.39663461538464,295.49759615384613,989.0,1.484783833559539,39401.15504807692,mChi_1,mCherry RNAi,0.4109667355097608,-0.34427512299594154,11.998484996951145,70,2000
1725,49.688644688644686,347.47069597069594,180.66300366300365,682.0,1.4577738259367525,25286.311355311354,mChi_1,mCherry RNAi,0.6873767167862288,-0.32887157001166734,7.887937922547717,70,2000
1726,49.90979097909791,349.015401540154,281.3872387238724,1115.0,1.6238728752300888,40765.96149614961,mChi_1,mCherry RNAi,0.44470462045325543,-0.3285578408615615,10.705439545079617,70,2000
1727,49.310546875,360.7890625,191.623046875,656.0,1.5401370208446197,24802.853515625,mChi_1,mCherry RNAi,0.6604323721184946,-0.29318340550891786,6.850045913992542,70,2000
1728,50.66465621230398,357.41857659831123,232.53317249698432,1058.0,1.5401022374373607,38562.20627261761,mChi_1,mCherry RNAi,0.5621034558719629,-0.3036708367149715,9.541809474345218,70,2000
1729,50.27178153446034,391.2106631989597,335.6527958387516,983.0,1.6336630394393818,42204.19245773732,mChi_1,mCherry RNAi,0.3123636423957863,-0.21594584138933703,9.497842488315179,70,2000
1730,51.306517311608964,393.6883910386965,154.97454175152748,1191.0,1.4039291504007028,35699.19551934827,mChi_1,mCherry RNAi,0.7475506755691679,-0.2019652437532462,5.494479813149642,70,2000
1731,49.451367781155014,399.73100303951367,255.40729483282675,990.0,1.755043019018588,39893.469604863225,mChi_1,mCherry RNAi,0.5052760064666728,-0.18982621467485916,5.911241982031168,70,2000
1732,50.872387238723874,403.22992299229924,337.25632563256323,1104.0,1.3671451111047193,42845.50605060506,mChi_1,mCherry RNAi,0.30806891257607716,-0.1832305230206892,9.277446914796538,70,2000
1733,50.23559670781893,435.55349794238685,304.5380658436214,1266.0,1.6947545259534944,46591.633744855964,mChi_1,mCherry RNAi,0.38557889710241766,-0.0942476411861477,5.443826625533138,70,2000
1734,51.13389121338912,437.74058577405856,198.19560669456067,1203.0,1.478243960202508,60261.46757322176,mChi_1,mCherry RNAi,0.6417080276143821,-0.08398190667256356,3.323692375684466,70,2000
1735,51.19712990936556,440.82401812688823,149.31722054380666,1565.0,1.4141794028611918,56828.29607250755,mChi_1,mCherry RNAi,0.7593302491587381,-0.0736851801489583,1.8514899838830168,70,2000
1736,50.34602829162133,442.9727965179543,240.59847660500543,1138.0,1.3856037733510298,62837.045701849835,mChi_1,mCherry RNAi,0.539314269985641,-0.07157262410114673,3.3026936507333104,70,2000
1737,51.114532019704434,443.33004926108373,255.01477832512316,1139.0,1.48080986531115,63524.18965517241,mChi_1,mCherry RNAi,0.5046219435227193,-0.07101287071833529,4.4308691360335,70,2000
1738,49.91459074733096,445.1761565836299,161.30782918149467,848.0,1.7420607848272158,45874.83985765125,mChi_1,mCherry RNAi,0.730197474430996,-0.06257880277997863,0.5828195427474938,70,2000
1739,50.12602739726027,445.49041095890414,346.7698630136986,1333.0,1.5594910005738063,56454.93059360731,mChi_1,mCherry RNAi,0.28345561104631667,-0.06891432475845205,5.756980861325474,70,2000
1740,51.437980241492866,455.9187705817783,247.1306256860593,1121.0,1.3319807181172143,62827.51152579583,mChi_1,mCherry RNAi,0.5231417700223451,-0.03643473014639942,3.6382103317321857,70,2000
1741,49.30381471389646,465.80108991825614,300.18528610354224,915.0,1.64134814126946,49147.19754768392,mChi_1,mCherry RNAi,0.39482459528829006,-0.012069735469254717,2.227594430467285,70,2000
1742,50.3643949930459,483.8539638386648,136.2614742698192,966.0,1.4279813527987881,55174.69680111266,mChi_1,mCherry RNAi,0.7890466338414694,0.04358483228000698,-2.417047748492081,70,2000
1743,50.8013468013468,496.043771043771,261.86279461279463,1469.0,1.712827820629109,62371.38888888889,mChi_1,mCherry RNAi,0.4860480054768934,0.07189683755484211,0.5206584927465983,70,2000
1744,51.10267857142857,507.63169642857144,116.921875,1123.0,1.4351998526505252,52069.26450892857,mChi_1,mCherry RNAi,0.8347492030316408,0.1090949073328007,-3.9068313629820857,70,2000
1745,50.80232558139535,508.3333333333333,182.22868217054264,1245.0,1.3822072696549363,55279.63856589147,mChi_1,mCherry RNAi,0.6773914709662199,0.10839615492732069,-2.500957600046945,70,2000
1746,50.26702997275204,509.9927338782925,278.61852861035425,1331.0,1.6164159118776542,59554.39327883742,mChi_1,mCherry RNAi,0.4451086080522868,0.10904183374863652,-0.5624274346298606,70,2000
1747,49.74921135646688,517.2649842271294,287.58990536277605,775.0,1.4864119560854625,51134.712933753945,mChi_1,mCherry RNAi,0.4231820514947422,0.12835103934312886,-1.3593020835416532,70,2000
1748,50.14059753954306,522.8752196836556,223.6933216168717,1437.0,1.4620796828932445,62224.53339191564,mChi_1,mCherry RNAi,0.5769019492467904,0.14616386813204896,-3.0893555275290794,70,2000
1749,50.266171792152704,517.3234358430541,372.78154825026513,1539.0,1.80747378223558,27913.670201484623,mChi_1,mCherry RNAi,0.2180014441536171,0.1252899454655414,1.4422057559315071,70,2000
1750,49.90653266331658,546.8904522613066,324.6552763819096,1214.0,1.698691011012312,36150.101507537685,mChi_1,mCherry RNAi,0.33275128425919087,0.2074376970129681,-2.331526632895944,70,2000
1751,50.075409836065575,555.6775956284152,301.8622950819672,1131.0,1.5665558365402912,59536.56830601093,mChi_1,mCherry RNAi,0.3873225189205818,0.23223675838235103,-3.406354186551564,70,2000
1752,51.33142311365807,592.2607449856733,258.352435530086,1268.0,1.521893881223699,59569.16618911175,mChi_1,mCherry RNAi,0.4907786555109619,0.33358697137486426,-5.948463156367399,70,2000
1753,50.13536201469045,598.2434417628541,161.64428121720883,1128.0,1.3584297667267857,60331.4963273872,mChi_1,mCherry RNAi,0.7234221910641985,0.35337911431463054,-10.170114702441097,70,2000
1754,50.02209414024976,598.209414024976,245.47646493756002,1186.0,1.4455403712396793,60419.15369836696,mChi_1,mCherry RNAi,0.5214807130465573,0.34999583962034464,-8.026894714442712,70,2000
1755,50.575184016824394,603.062039957939,271.48475289169295,1133.0,1.5477117672336413,46101.93059936909,mChi_1,mCherry RNAi,0.4586765317332784,0.36227650064341654,-7.124394231713579,70,2000
1756,50.582775119617224,632.8966507177033,186.6488038277512,1237.0,1.4978734722620848,53781.9023923445,mChi_1,mCherry RNAi,0.6618653617699253,0.4466548526790606,-11.538064352487716,70,2000
1757,50.75925925925926,643.8439153439153,253.52910052910053,939.0,1.4901079919806741,34983.87566137566,mChi_1,mCherry RNAi,0.5003468455497149,0.4738287929959586,-10.349545927699747,70,2000
1758,50.19886363636363,660.4886363636364,205.1931818181818,711.0,1.710473059332317,31713.530303030304,mChi_1,mCherry RNAi,0.6160939336919213,0.5208316771065153,-13.401946255484797,70,2000
1759,50.95966228893058,661.2138836772983,169.00375234521576,1260.0,1.4580706619249004,57292.3818011257,mChi_1,mCherry RNAi,0.7032863262645088,0.5243629365345519,-13.668321487438254,70,2000
1760,52.250780437044746,673.633714880333,198.27055150884496,1313.0,1.5256210454404942,39082.87929240375,mChi_1,mCherry RNAi,0.6323833089799114,0.5572238978282194,-12.485284988951237,70,2000
1761,50.652138821630345,686.362389023406,242.90637610976594,1554.0,1.4551856919962343,44328.217110573045,mChi_1,mCherry RNAi,0.5242676092305851,0.589756771417449,-13.792497130022948,70,2000
1762,50.53120665742025,690.9403606102635,227.9126213592233,937.0,1.4900726817180505,36915.961165048546,mChi_1,mCherry RNAi,0.5601983871996452,0.602757251308113,-14.644615613196414,70,2000
1763,50.496703296703295,723.9802197802197,250.20219780219782,612.0,1.5013004280532245,26367.21978021978,mChi_1,mCherry RNAi,0.5052144157730791,0.6916601733315639,-16.450299921905508,70,2000
1764,50.41285956006768,754.0727580372251,256.994923857868,1255.0,1.856627950558088,40875.7461928934,mChi_1,mCherry RNAi,0.4876714578448045,0.7731488901064196,-18.510330076630275,70,2000
1765,50.1531914893617,792.6,386.9308510638298,1072.0,1.3835651999167444,32593.058510638297,mChi_1,mCherry RNAi,0.17315960411923959,0.8727212995799276,-18.040295055367654,70,2000
1766,50.394459102902374,227.20712401055408,413.68469656992085,884.0,1.445221666960706,29854.99340369393,mChi_1,mCherry RNAi,0.13081297837141115,-0.6646086903692974,23.484684123162463,70,2000
1767,51.63869463869464,225.6083916083916,711.4592074592075,567.0,1.5858614439954712,35979.47319347319,mChi_1,mCherry RNAi,-0.5863293638307152,-0.680318281843949,32.84522651001822,70,2000
1768,51.500831946755405,288.13477537437603,798.2329450915141,690.0,1.4089331040995827,57966.24292845258,mChi_1,mCherry RNAi,-0.797801518695891,-0.5138265317488037,30.554488691173948,70,2000
1769,51.22734761120264,302.1334431630972,315.04118616144973,721.0,1.5311847521881319,30403.21087314662,mChi_1,mCherry RNAi,0.365551670068869,-0.45700267307482423,16.28749823840312,70,2000
1770,51.342403628117914,345.3219954648526,242.31292517006804,1005.0,1.7636695224834595,40020.181405895695,mChi_1,mCherry RNAi,0.5390604798238274,-0.33678878142151003,11.348371993419146,70,2000
1771,51.18111964873765,353.01756311745334,307.73545554335897,1108.0,1.5562486282358456,46273.71459934138,mChi_1,mCherry RNAi,0.38115946278744417,-0.31846019506802237,12.394224257365902,70,2000
1772,51.145669291338585,366.373031496063,267.0314960629921,1235.0,1.5261960608695417,48000.30413385827,mChi_1,mCherry RNAi,0.47868370598556287,-0.2805895203709371,10.306394547040835,70,2000
1773,51.14448236632537,374.75767918088735,279.90784982935156,1120.0,1.4478566902651067,38553.97042093288,mChi_1,mCherry RNAi,0.4473394573319365,-0.2583083035213707,10.049801867938047,70,2000
1774,52.191381495564,381.30544993662863,337.7173637515843,968.0,1.3893890662876835,49914.410646387834,mChi_1,mCherry RNAi,0.30789665238082775,-0.24256427684987725,12.177971123452028,70,2000
1775,54.05628272251309,397.092277486911,291.56740837696333,1939.0,1.8382433836570136,50885.67146596859,mChi_1,mCherry RNAi,0.41856238177040406,-0.19750099194104187,11.664056322537139,70,2000
1776,51.29765395894428,404.6539589442815,198.83870967741936,849.0,1.3782657500246491,55382.6862170088,mChi_1,mCherry RNAi,0.6414613992794465,-0.1738806251725603,5.878125247338922,70,2000
1777,52.502369668246445,423.35924170616113,160.4654028436019,1257.0,1.267397151149473,47184.95639810427,mChi_1,mCherry RNAi,0.733239650489967,-0.12132004796129436,4.705640008811319,70,2000
1778,52.05439330543933,421.96338912133893,260.4989539748954,1210.0,1.4983650836310134,63329.82949790795,mChi_1,mCherry RNAi,0.4923045556615395,-0.12910126603600613,7.04839366861734,70,2000
1779,51.28801843317972,425.971198156682,222.0864055299539,1228.0,1.614582996469994,62368.404377880186,mChi_1,mCherry RNAi,0.5846289118307328,-0.1168638852894035,4.9640549235965,70,2000
1780,51.838582677165356,433.1062992125984,287.8910761154856,995.0,1.8497466967244751,55781.353018372705,mChi_1,mCherry RNAi,0.4258735154191884,-0.09993320929206262,6.770147989534237,70,2000
1781,51.095703125,455.5830078125,194.0849609375,1265.0,1.5417732402246915,57810.990234375,mChi_1,mCherry RNAi,0.6509105224142095,-0.035346174480497594,1.8949691715170047,70,2000
1782,51.221935483870965,457.51354838709676,114.55225806451612,942.0,1.4552460064775081,45798.86451612903,mChi_1,mCherry RNAi,0.8424221006546702,-0.026974615940709823,-0.25580767978415153,70,2000
1783,52.70135275754423,489.18106139438083,299.4630593132154,1192.0,1.4113110681793535,56316.03121748179,mChi_1,mCherry RNAi,0.3958622352857304,0.05215639720675358,3.9182891231793775,70,2000
1784,52.00850546780073,489.11178614823814,218.2539489671932,1053.0,1.4775321550723641,63438.80801944107,mChi_1,mCherry RNAi,0.5914391735273388,0.054998228307084895,1.0492529466114604,70,2000
1785,51.16994382022472,497.6011235955056,172.77528089887642,875.0,1.4004935771644353,49444.8356741573,mChi_1,mCherry RNAi,0.7006049399183156,0.07967451602968212,-1.618559060845886,70,2000
1786,53.311688311688314,504.35324675324676,103.76709956709956,1508.0,1.4419883156119526,52728.70389610389,mChi_1,mCherry RNAi,0.8667018663449442,0.10113356787300454,-1.8227445590796947,70,2000
1787,51.70432692307692,512.2716346153846,129.76682692307693,544.0,1.4053140893491374,39841.125,mChi_1,mCherry RNAi,0.8036643164555286,0.12132040782493014,-3.2945337323114003,70,2000
1788,51.13002364066194,542.1063829787234,143.1595744680851,1072.0,1.6343485172673282,61436.65957446808,mChi_1,mCherry RNAi,0.7702027561315785,0.2017548905278035,-5.647653562214678,70,2000
1789,50.8843984962406,562.8731203007519,208.65225563909775,1275.0,1.5011508610863207,57185.43796992481,mChi_1,mCherry RNAi,0.6116169803229696,0.25558227185043436,-5.6218244019073325,70,2000
1790,51.1577752553916,572.4733257661748,106.75368898978434,1030.0,1.4136640254180255,50146.72417707151,mChi_1,mCherry RNAi,0.8567132448499273,0.28569545758121473,-8.77743962106398,70,2000
1791,52.31984126984127,573.2920634920634,146.61825396825398,1476.0,1.401138807044685,60186.54761904762,mChi_1,mCherry RNAi,0.7607273278668425,0.28659435938554756,-6.605827105555939,70,2000
1792,52.23768366464996,592.4364736387208,140.87467588591184,1430.0,1.4681169155105547,58139.77873811582,mChi_1,mCherry RNAi,0.7738096600706161,0.33882298899149355,-8.215703326235808,70,2000
1793,51.28372591006424,604.8404710920771,299.86509635974306,1166.0,1.5464225833657523,43349.543897216274,mChi_1,mCherry RNAi,0.3902882527076603,0.3661417690806885,-5.7825653015265335,70,2000
1794,50.80136402387042,644.152600170503,236.50554134697356,1392.0,1.5046735355199388,47547.35294117647,mChi_1,mCherry RNAi,0.5413439179051627,0.4753395891147105,-10.787367196370516,70,2000
1795,51.03030303030303,660.0636363636364,230.24343434343433,1199.0,1.421355338577261,43865.8101010101,mChi_1,mCherry RNAi,0.5558209086296662,0.5188635892726807,-11.86901668815759,70,2000
1796,51.136054421768705,691.4336734693877,169.5391156462585,744.0,1.5312197761850153,34157.84353741496,mChi_1,mCherry RNAi,0.7008273640796181,0.6064925592893828,-15.646231270030599,70,2000
1797,52.747303543913716,714.8682588597843,292.4491525423729,1621.0,1.5906537523173954,33647.467642526964,mChi_1,mCherry RNAi,0.4039452912008201,0.6656956237088254,-12.416808885063753,70,2000
1798,51.3731843575419,723.7754189944134,194.16983240223465,1118.0,1.3728493649372653,31458.96648044693,mChi_1,mCherry RNAi,0.6402481772680875,0.6934606260725285,-17.068054910609483,70,2000
1799,51.16734693877551,745.3846938775511,234.33265306122448,1183.0,1.4852924919364898,38882.49591836735,mChi_1,mCherry RNAi,0.5426467768183758,0.7505728343162623,-17.743963063592638,70,2000
1800,53.48497854077253,186.98283261802575,520.3433476394849,558.0,1.9157739784547803,12449.909871244636,mChi_1,mCherry RNAi,-0.12434427209560295,-0.777460592155701,32.31945865613865,70,2000
1801,54.807799442896936,194.9442896935933,557.075208913649,637.0,1.6647395325926417,10337.707520891365,mChi_1,mCherry RNAi,-0.21305309605389278,-0.7569991339091692,34.05466717315235,70,2000
1802,53.63056558363417,271.85559566787003,430.0192539109507,1009.0,1.3593077087608083,34894.90854392298,mChi_1,mCherry RNAi,0.08992332988102292,-0.5432867178636203,23.94702134345108,70,2000
1803,51.67631578947368,293.43684210526317,323.3421052631579,986.0,1.531366066917722,40403.277631578945,mChi_1,mCherry RNAi,0.34592390911574555,-0.48086921416372463,17.58225960320124,70,2000
1804,51.82175925925926,318.0300925925926,229.38425925925927,557.0,1.5563373565663903,23554.94675925926,mChi_1,mCherry RNAi,0.5712989367042842,-0.41035038416459557,13.436858214935963,70,2000
1805,53.84529147982063,361.14237668161434,240.28587443946188,1170.0,1.4237255507317952,49116.57399103139,mChi_1,mCherry RNAi,0.5434808655596912,-0.29322921863131524,12.654344994155,70,2000
1806,52.238312428734325,369.4720638540479,252.43899657924743,1089.0,1.3544237366091108,42326.90307867731,mChi_1,mCherry RNAi,0.5137811103226704,-0.27138481826024174,10.781180557370728,70,2000
1807,52.23035952063915,369.0,199.46604527296938,938.0,1.4480039510175187,33379.12782956059,mChi_1,mCherry RNAi,0.6414008077704398,-0.27060374428785494,9.383014842073113,70,2000
1808,52.95723014256619,378.32179226069246,169.86965376782078,607.0,1.335605727357814,25086.26069246436,mChi_1,mCherry RNAi,0.7123739522823245,-0.2439769377222144,8.643280752173737,70,2000
1809,51.66968325791855,383.0542986425339,251.29864253393666,814.0,1.4724687293838568,29805.63197586727,mChi_1,mCherry RNAi,0.5159621732507402,-0.2345453192259318,9.20908291056508,70,2000
1810,55.38995815899582,419.7171548117155,213.86610878661088,1572.0,1.443191289230279,62323.20418410042,mChi_1,mCherry RNAi,0.6049291999078352,-0.13273103813064302,9.281653755009241,70,2000
1811,53.732081911262796,423.79266211604096,244.33873720136518,1513.0,1.3959883071412609,64070.50597269624,mChi_1,mCherry RNAi,0.5312642406274897,-0.1231707297647,8.155460761250545,70,2000
1812,52.83772652388797,439.6433278418451,358.88797364085667,1411.0,1.4082538721833262,59985.0,mChi_1,mCherry RNAi,0.25466226641512235,-0.08474192471934028,9.205997813153076,70,2000
1813,52.80348837209302,438.10697674418606,164.85116279069769,1014.0,1.3658486780873649,49758.67093023256,mChi_1,mCherry RNAi,0.722117878789998,-0.08135803200547498,4.06567461270955,70,2000
1814,51.11204481792717,443.03081232492997,113.92156862745098,502.0,1.5356653083687914,31420.67787114846,mChi_1,mCherry RNAi,0.8445001545537505,-0.06632536864186578,0.656760719971814,70,2000
1815,53.293072824156305,449.19715808170514,104.797513321492,713.0,1.3747111095539268,31789.02131438721,mChi_1,mCherry RNAi,0.8663729438592125,-0.048785150033074265,2.143673741138251,70,2000
1816,52.490138067061146,458.1824457593688,231.7120315581854,1282.0,1.578950107240174,63146.01282051282,mChi_1,mCherry RNAi,0.5602591910536447,-0.029475682643568923,4.110355891995443,70,2000
1817,53.268807339449545,466.78348623853213,187.80733944954127,1348.0,1.656497353252532,58612.39174311927,mChi_1,mCherry RNAi,0.6657296774264683,-0.004239313894539354,3.089320809652275,70,2000
1818,52.83472327520849,463.2585291887794,315.62471569370734,1604.0,1.7081867883614097,57980.17058377559,mChi_1,mCherry RNAi,0.3579526604725798,-0.018886454903083716,6.345612668337385,70,2000
1819,52.15396341463415,464.530487804878,98.73323170731707,839.0,1.7939381087246333,35203.23018292683,mChi_1,mCherry RNAi,0.8803109674962157,-0.007107591661652757,-0.255235890403668,70,2000
1820,52.51328374070138,468.63230605738573,238.16046758767268,1120.0,1.360580494934072,60552.03825717322,mChi_1,mCherry RNAi,0.5443194205646058,-0.0013272894966460669,3.5570459334906275,70,2000
1821,52.46794258373206,475.24784688995214,211.44306220095694,1395.0,1.6962033423276224,59879.86985645933,mChi_1,mCherry RNAi,0.6084153537334027,0.01768180436417066,2.318932700050553,70,2000
1822,52.43611911623439,476.58117195004803,332.6618635926993,1372.0,1.4455741597314251,62912.109510086455,mChi_1,mCherry RNAi,0.31636828645667525,0.01657235704157789,5.450342428854871,70,2000
1823,53.33255813953488,471.16821705426355,363.0248062015504,1532.0,1.4260469537288996,59040.04651162791,mChi_1,mCherry RNAi,0.24349686265866444,0.0008562083377914309,7.548775210791085,70,2000
1824,53.26345609065156,477.6392823418319,143.57034938621342,1313.0,1.32619490541599,51054.37393767705,mChi_1,mCherry RNAi,0.7718638219296061,0.026982702409670045,1.1158647505740404,70,2000
1825,54.22146401985112,475.1848635235732,273.02667493796525,2023.0,1.4972569045824546,60727.761786600495,mChi_1,mCherry RNAi,0.46018357637280194,0.015454280458311986,5.727409678533473,70,2000
1826,52.34811957569913,482.97107039537127,87.77531340405014,1277.0,1.4381348975552242,39035.89296046287,mChi_1,mCherry RNAi,0.9059983123611792,0.04346615818846011,-1.67929352988293,70,2000
1827,51.93704245973645,481.96339677891655,113.69253294289898,835.0,1.5032192708673326,49374.907759882866,mChi_1,mCherry RNAi,0.8435824797399929,0.03963671957150883,-1.3201158623415488,70,2000
1828,53.635091496232505,481.9558665231432,239.8977395048439,1144.0,1.349450540184274,63554.43379978472,mChi_1,mCherry RNAi,0.5396839740220687,0.035029432105745606,3.766336298962287,70,2000
1829,52.047465808527754,494.0209171359614,345.6162510056315,1450.0,1.4761663867333898,57153.97988736927,mChi_1,mCherry RNAi,0.28445831626478757,0.06337965445525984,4.159845069025813,70,2000
1830,52.994897959183675,496.57142857142856,115.78698979591837,937.0,1.429726713708848,53026.25127551021,mChi_1,mCherry RNAi,0.8380324995305002,0.07945721924553606,-1.2571441600291777,70,2000
1831,52.11598746081505,500.7586206896552,239.5151515151515,1225.0,1.7090068775704013,63099.240334378264,mChi_1,mCherry RNAi,0.5397767575239918,0.08583818514453645,0.8923731778946689,70,2000
1832,53.11538461538461,508.3611111111111,211.0897435897436,1150.0,1.4855819199755278,61119.10897435898,mChi_1,mCherry RNAi,0.6080133128330341,0.10780107479564038,0.5791993809266387,70,2000
1833,52.452599388379205,517.0,245.39755351681958,1361.0,1.3986398761512375,63379.89500509684,mChi_1,mCherry RNAi,0.5249937262977757,0.12980748476857573,0.22086751608594213,70,2000
1834,51.91483113069016,529.7444933920705,251.23641703377388,857.0,1.504433088147087,56517.15124816446,mChi_1,mCherry RNAi,0.5103978213807836,0.16410455360271392,-1.0727278810487846,70,2000
1835,52.274311926605506,534.1733944954128,267.7926605504587,1272.0,1.3997593691073587,58705.76146788991,mChi_1,mCherry RNAi,0.470366334964488,0.17556429984852207,-0.5869717066179447,70,2000
1836,54.066071428571426,536.275,221.61517857142857,1385.0,1.4207029511610318,62318.575892857145,mChi_1,mCherry RNAi,0.5816283477670032,0.1834276133676005,-0.19268113288715583,70,2000
1837,53.023208879919274,546.0484359233097,208.84359233097882,1197.0,1.385296803215655,61455.93743693239,mChi_1,mCherry RNAi,0.6119461319225279,0.2102777810995864,-2.2770384393363763,70,2000
1838,56.90186457311089,547.9774288518155,220.39744847890088,1467.0,1.568119367675688,61273.31992149166,mChi_1,mCherry RNAi,0.5842807605611455,0.21583140941701529,1.7624263392284512,70,2000
1839,52.86618257261411,544.5477178423237,294.5643153526971,1162.0,1.5674038371066374,57300.58195020747,mChi_1,mCherry RNAi,0.40551008972816227,0.20282685415821256,-0.021446991985410335,70,2000
1840,51.94073139974779,551.780580075662,221.58007566204287,1105.0,1.5717744373555507,56328.72131147541,mChi_1,mCherry RNAi,0.5809752177647158,0.22514427670573434,-3.4251945745003525,70,2000
1841,52.135860979462876,559.9541864139021,289.02290679304895,1520.0,1.6231288325109243,60332.334913112165,mChi_1,mCherry RNAi,0.41821115626312566,0.24476312602618244,-2.003961194573744,70,2000
1842,54.11835748792271,556.5209339774557,93.34541062801932,1485.0,1.336439482904401,60714.05877616747,mChi_1,mCherry RNAi,0.8898182726099904,0.24345301913091766,-5.041488720966534,70,2000
1843,52.51682953311618,557.586319218241,132.12052117263843,1086.0,1.4013495100095903,59820.71878393051,mChi_1,mCherry RNAi,0.7962752863877975,0.2445213345262658,-5.672331292464005,70,2000
1844,52.25199645075421,570.1384205856256,127.3513753327418,1343.0,1.5785825406767675,60264.102040816324,mChi_1,mCherry RNAi,0.8072565303639574,0.2787628707301104,-6.96517208962128,70,2000
1845,53.010848126232744,572.4516765285996,178.26232741617358,1192.0,1.3411340713462987,59312.9358974359,mChi_1,mCherry RNAi,0.6845785418115629,0.28321285218909376,-5.005848701373214,70,2000
1846,52.51345532831001,572.0861141011841,244.39935414424113,1196.0,1.5599939277797719,59360.89881593111,mChi_1,mCherry RNAi,0.5252504082938814,0.2795431094719891,-3.6975479999158587,70,2000
1847,53.42780748663102,571.9587471352178,272.14744079449963,1548.0,1.3827362092759268,60367.42016806723,mChi_1,mCherry RNAi,0.45847234146912763,0.2782948887864902,-2.0307760559077117,70,2000
1848,53.51365187713311,577.7602389078498,231.2721843003413,1377.0,1.4408750011599836,61776.69965870307,mChi_1,mCherry RNAi,0.5567117892788394,0.29566976962180824,-3.460298323695117,70,2000
1849,52.93178893178893,591.2368082368082,235.92921492921494,1113.0,1.449662197536972,63527.12355212355,mChi_1,mCherry RNAi,0.5449313611518645,0.3319935087538046,-4.882154923622995,70,2000
1850,52.435483870967744,607.6612903225806,181.75219941348973,836.0,1.3680649859710687,59377.18035190616,mChi_1,mCherry RNAi,0.6747611239641704,0.3786382790983942,-8.011881518194336,70,2000
1851,52.761273209549074,607.2254641909815,256.05393457117594,1359.0,1.4823911946639114,59302.010610079575,mChi_1,mCherry RNAi,0.49581965759121505,0.3746210982915661,-5.658280204268106,70,2000
1852,53.72587185725872,669.5125709651257,181.60178426601783,1543.0,1.4856596018357007,54700.79399837794,mChi_1,mCherry RNAi,0.6727878195913621,0.5469654486324065,-11.166967327205603,70,2000
1853,53.13515901060071,677.6740282685512,152.3303886925795,1405.0,1.697605491223231,50964.863957597176,mChi_1,mCherry RNAi,0.7429415596744242,0.5701676072849726,-13.128424363122827,70,2000
1854,55.7132667617689,681.3152639087018,266.7610556348074,2024.0,1.703372726250172,28482.78245363766,mChi_1,mCherry RNAi,0.46731784830128653,0.576107145038022,-7.7428304008652535,70,2000
1855,52.85414920368818,743.1944677284157,433.69823973176864,1409.0,1.4426333877945823,35233.13495389774,mChi_1,mCherry RNAi,0.06260339883099064,0.7371798657250044,-10.545306279700357,70,2000
1856,51.95468589083419,768.3532440782699,324.59732234809474,1121.0,1.5732234159089178,29309.220391349125,mChi_1,mCherry RNAi,0.324368185319998,0.8096203960166528,-16.180218425309054,70,2000
1857,52.45165394402036,800.8702290076336,598.4007633587786,913.0,1.3046248824770879,48423.65139949109,mChi_1,mCherry RNAi,-0.33641135027228397,0.8874006869758462,-10.65687294526132,70,2000
1858,52.98367346938775,173.51632653061225,598.1040816326531,680.0,1.3360137582838072,19236.648979591835,mChi_1,mCherry RNAi,-0.3111602453531185,-0.817183316925417,34.876298004322024,70,2000
1859,52.69184290030211,277.1752265861027,735.6888217522659,832.0,1.6472089788287891,37110.04833836858,mChi_1,mCherry RNAi,-0.6466425654356838,-0.5409340892369019,30.846899053872573,70,2000
1860,52.261811023622045,302.9783464566929,227.9488188976378,693.0,1.462935840011921,25296.515748031496,mChi_1,mCherry RNAi,0.5753718792012583,-0.4511078143300854,14.916942568655184,70,2000
1861,54.50833333333333,309.6380952380952,223.99642857142857,1058.0,1.5836169392021844,26551.841666666667,mChi_1,mCherry RNAi,0.5847719104392599,-0.4324156421796663,16.57279037603529,70,2000
1862,53.794642857142854,311.6294642857143,208.04464285714286,890.0,1.6936482767314043,21557.51339285714,mChi_1,mCherry RNAi,0.6230745982183845,-0.4265228752215522,15.289481325394558,70,2000
1863,52.23013048635824,323.67497034400947,217.51957295373666,1039.0,1.8517795107536201,27613.545670225387,mChi_1,mCherry RNAi,0.5996836027880232,-0.39446876250538476,13.120060763306807,70,2000
1864,53.78933333333333,334.4986666666667,230.424,949.0,1.5142019421735007,33452.11866666667,mChi_1,mCherry RNAi,0.5682734251058417,-0.3652543008996886,14.24503165943845,70,2000
1865,53.17218543046358,335.2069536423841,267.36092715231786,757.0,1.6152578446123493,30959.8178807947,mChi_1,mCherry RNAi,0.479233387645166,-0.36489114227805786,14.571879206399505,70,2000
1866,53.66271186440678,338.6593220338983,253.3050847457627,747.0,1.4228637188205884,33104.21186440678,mChi_1,mCherry RNAi,0.5129868722862632,-0.3548656146336713,14.435394960914099,70,2000
1867,53.86329113924051,367.1860759493671,186.00886075949367,1003.0,1.4866113917165373,30485.38734177215,mChi_1,mCherry RNAi,0.6739889187741637,-0.27468700476401864,10.779511889491463,70,2000
1868,55.08719182200842,381.88514732411306,277.2958508719182,2303.0,1.7401893457968256,44135.3409500902,mChi_1,mCherry RNAi,0.4535978701260259,-0.23806402334858312,13.399328068787998,70,2000
1869,54.05394736842105,374.64736842105265,240.30921052631578,1034.0,1.7127122541158957,40364.117105263154,mChi_1,mCherry RNAi,0.5429101363648037,-0.2564921814345448,11.894073747716657,70,2000
1870,53.12664907651715,382.8799472295515,296.67018469656995,1017.0,1.466481343546079,43985.55672823219,mChi_1,mCherry RNAi,0.4067681096205542,-0.23650166499931968,11.894026975883524,70,2000
1871,53.0911528150134,388.6260053619303,111.83378016085791,893.0,1.5073172164909838,31707.06434316354,mChi_1,mCherry RNAi,0.8517771780211538,-0.21368834482555932,6.477299485202867,70,2000
1872,52.74388824214203,392.6065192083818,261.8428405122235,1137.0,1.6317876229943853,39920.65192083819,mChi_1,mCherry RNAi,0.49025686298125004,-0.20878914021820338,9.878254494288402,70,2000
1873,53.20721769499418,391.7566938300349,243.49476135040746,985.0,1.5866289018615773,41721.05122235157,mChi_1,mCherry RNAi,0.534515875266484,-0.21029190053915736,9.9079313235707,70,2000
1874,53.54314720812183,388.8604060913706,126.99365482233503,941.0,1.561109876614558,28493.871827411167,mChi_1,mCherry RNAi,0.8152788570920242,-0.21355362711864323,7.318700203318457,70,2000
1875,53.077486910994764,395.6513089005236,210.8607329842932,1258.0,1.5645708127592657,53391.02617801047,mChi_1,mCherry RNAi,0.6129648576887159,-0.19846224643382537,8.621834174661942,70,2000
1876,53.95615275813296,404.2772277227723,250.84865629420085,923.0,1.4547805774923979,40445.49080622348,mChi_1,mCherry RNAi,0.5163592486187445,-0.17640951973713104,9.954054935520148,70,2000
1877,53.87227414330218,406.2367601246106,264.26791277258565,1151.0,1.353929242804034,46752.61059190031,mChi_1,mCherry RNAi,0.4839530666952341,-0.17162460362860021,10.090590871469793,70,2000
1878,53.16380449141347,426.10568031704094,201.79392338177016,980.0,1.3783621152208516,60680.11756935271,mChi_1,mCherry RNAi,0.6336209423565944,-0.1153385248607498,6.279142834145773,70,2000
1879,51.94075829383886,427.1563981042654,118.58767772511848,527.0,1.6751884585894106,28513.381516587677,mChi_1,mCherry RNAi,0.8339319088050077,-0.10947971347122121,2.7474199997531557,70,2000
1880,55.63436123348018,425.3738200125865,293.1894273127753,2037.0,1.7142846530620799,60118.63750786658,mChi_1,mCherry RNAi,0.41364867559876406,-0.12040496215825669,11.251989132660423,70,2000
1881,53.83756345177665,429.66497461928935,231.45812182741116,1019.0,1.431294649445156,63381.37055837563,mChi_1,mCherry RNAi,0.5620683822554833,-0.10669103549007841,7.493034366565112,70,2000
1882,53.7218479307026,441.7324350336862,269.7526467757459,1354.0,1.575882100946341,62045.35129932628,mChi_1,mCherry RNAi,0.46934563778267147,-0.07541610919813924,7.541352134472714,70,2000
1883,54.20205479452055,443.89383561643837,181.33904109589042,1108.0,1.4877451912773378,56665.43721461187,mChi_1,mCherry RNAi,0.68226259817485,-0.0660013938054449,5.488194877246908,70,2000
1884,53.63583333333333,454.21666666666664,126.43666666666667,1516.0,1.4449495726671266,49200.10333333333,mChi_1,mCherry RNAi,0.8140735883507701,-0.03592201939965789,2.7070316025760626,70,2000
1885,53.65751789976134,462.05369928400955,138.06085918854416,1094.0,1.5021656059502586,40307.40692124105,mChi_1,mCherry RNAi,0.7857683678393845,-0.015075512626207321,2.478870220734372,70,2000
1886,54.25398406374502,469.2808764940239,289.46314741035854,1269.0,1.3465854807360642,57009.120517928284,mChi_1,mCherry RNAi,0.4208238643144715,-0.0012229936494702054,6.625298903249835,70,2000
1887,53.19878910191726,484.43895055499496,177.63874873864782,1194.0,1.3546962201734287,57441.61957618567,mChi_1,mCherry RNAi,0.6895299325801527,0.04411833746813221,1.4794150966081645,70,2000
1888,55.39982110912344,493.16010733452595,229.18067978533094,1449.0,1.3353828449311091,63910.20751341682,mChi_1,mCherry RNAi,0.5651713679726551,0.06623932661702203,4.433895589350552,70,2000
1889,56.001838235294116,494.0634191176471,242.90808823529412,1439.0,1.533779762164108,64635.95772058824,mChi_1,mCherry RNAi,0.5321067809506588,0.06827700968777295,5.338375868563425,70,2000
1890,54.28268551236749,511.0826855123675,342.1780918727915,1717.0,1.442948513380609,61161.709540636046,mChi_1,mCherry RNAi,0.29221267462055356,0.11031482049052244,5.071935344948656,70,2000
1891,54.0535894843276,521.4600606673407,361.3670374115268,1377.0,1.6022653715383206,31825.627906976744,mChi_1,mCherry RNAi,0.24557059991017183,0.13771992279896406,4.614836892787391,70,2000
1892,53.98920086393088,527.4082073434125,235.4438444924406,1249.0,1.5076462403502469,63526.43196544277,mChi_1,mCherry RNAi,0.5486592701043693,0.158779719979806,0.7386038143108067,70,2000
1893,53.495604395604396,529.1351648351648,285.4153846153846,1070.0,1.4051273458271116,58786.96373626374,mChi_1,mCherry RNAi,0.428189221454625,0.16142697772240244,1.4659709069234097,70,2000
1894,52.41320293398533,538.5354523227384,130.76528117359413,524.0,1.4364670047502424,46587.83618581907,mChi_1,mCherry RNAi,0.8002774574389488,0.19278714356220172,-4.445246610800588,70,2000
1895,54.04218928164196,534.0615735461802,159.3831242873432,1071.0,1.4345273752868326,53393.52679589509,mChi_1,mCherry RNAi,0.7316184862546429,0.1798347797064872,-1.7307102246479964,70,2000
1896,53.740484429065745,546.1583044982699,379.128892733564,1431.0,1.7970715662738572,36733.67733564014,mChi_1,mCherry RNAi,0.20180154443577236,0.20407805148945335,3.0081332062756374,70,2000
1897,53.10950413223141,552.301652892562,235.22004132231405,1101.0,1.4532421815987746,59623.52582644628,mChi_1,mCherry RNAi,0.5481714103873327,0.2262581308339282,-1.9305509860542251,70,2000
1898,52.04622322435175,555.7294250281849,365.2795941375423,1159.0,1.613232035649613,28989.224351747464,mChi_1,mCherry RNAi,0.23468275802237515,0.2302924356462166,0.25983470414475107,70,2000
1899,53.116129032258065,572.8812903225806,165.38064516129032,925.0,1.369493918400164,55728.243870967744,mChi_1,mCherry RNAi,0.7155978236148732,0.28490317804447884,-5.278007119057779,70,2000
1900,52.85158648925282,581.4636642784033,289.7656090071648,1271.0,1.6665187970527229,60492.38485158649,mChi_1,mCherry RNAi,0.4156264774008658,0.30332227734499306,-2.813611155944219,70,2000
1901,53.892857142857146,595.4188311688312,116.43993506493507,790.0,1.573635055586492,45935.46266233766,mChi_1,mCherry RNAi,0.8326546613895924,0.3482049765799238,-7.436264661637264,70,2000
1902,53.85057471264368,607.1892720306513,164.66206896551725,1649.0,1.5897840258039442,61606.94482758621,mChi_1,mCherry RNAi,0.7160343612420421,0.3783001824285255,-7.026529249982081,70,2000
1903,53.10831234256927,611.7090680100756,283.65994962216627,1011.0,1.4909382235987336,40194.95591939546,mChi_1,mCherry RNAi,0.4291684657399468,0.38579622052786666,-4.8917958850964816,70,2000
1904,53.130012150668286,628.910085054678,139.61482381530985,1005.0,1.4761914900455888,57048.92709599028,mChi_1,mCherry RNAi,0.775475252842579,0.43815677022345945,-9.976735403618278,70,2000
1905,53.34943181818182,630.1429924242424,250.5625,1284.0,1.369807116512384,49392.173295454544,mChi_1,mCherry RNAi,0.5081889044235712,0.4372243117597081,-6.863741554631611,70,2000
1906,51.6314606741573,632.6629213483146,261.88314606741574,644.0,1.6042459817864085,29506.34382022472,mChi_1,mCherry RNAi,0.4807144481886496,0.443292574089341,-8.45311972015929,70,2000
1907,52.95214105793451,671.0302267002519,255.60705289672543,1018.0,1.4165697481338033,30300.096977329973,mChi_1,mCherry RNAi,0.49441586303160934,0.5480518494760407,-10.057780463847308,70,2000
1908,54.092130518234164,664.5806142034548,215.08445297504798,1258.0,1.4243667270005416,50906.21785028791,mChi_1,mCherry RNAi,0.592349838343472,0.5323304497401098,-9.547796999442737,70,2000
1909,53.27272727272727,707.9150521609538,213.46348733233978,1712.0,1.4493885783156157,45374.92622950819,mChi_1,mCherry RNAi,0.594510949121055,0.6499846432450351,-13.517480193081017,70,2000
1910,52.65166908563135,712.0595065312046,184.07837445573296,868.0,1.4500460880788708,33108.26124818578,mChi_1,mCherry RNAi,0.6650936243715151,0.6622699232731135,-15.22404303765324,70,2000
1911,54.2938733125649,723.098650051921,208.18380062305295,1214.0,1.5108329979386657,40976.137071651094,mChi_1,mCherry RNAi,0.6066991150097591,0.691649415879515,-13.730648878025772,70,2000
1912,53.80117531831538,757.411361410382,595.3878550440744,1188.0,1.4775613366124527,47247.22233104799,mChi_1,mCherry RNAi,-0.3273725405444943,0.7696932654345259,-6.274277821350557,70,2000
1913,52.58174386920981,768.1444141689374,210.3692098092643,874.0,1.5475068304580117,25207.126702997277,mChi_1,mCherry RNAi,0.599569079895784,0.8136298705252565,-18.610887257998982,70,2000
1914,52.4,768.8815533980583,251.52815533980583,696.0,1.52366376460435,23591.625242718448,mChi_1,mCherry RNAi,0.5003849322050153,0.8139924090693329,-17.738482418106912,70,2000
1915,55.58041958041958,778.035742035742,260.4933954933955,1582.0,1.4725841162207682,38652.83605283605,mChi_1,mCherry RNAi,0.4786294528930317,0.8391426292855584,-14.983178009073924,70,2000
1916,53.430733410942956,784.8277066356228,477.4027939464494,1021.0,1.3249230322784828,28405.955762514553,mChi_1,mCherry RNAi,-0.04426284799708191,0.8487186383757053,-11.782535206202668,70,2000
1917,53.665349143610015,282.1488801054019,337.3504611330698,925.0,1.7211299093299521,28966.840579710144,mChi_1,mCherry RNAi,0.3127449303231562,-0.511697002460002,20.751917846533278,70,2000
1918,53.74327122153209,291.01863354037266,303.2546583850932,592.0,1.5533630094665838,28123.014492753624,mChi_1,mCherry RNAi,0.39453363141625397,-0.48625065876816487,19.276614658746656,70,2000
1919,54.500683994528046,303.9439124487004,238.89603283173736,916.0,1.5094918975001623,34756.72093023256,mChi_1,mCherry RNAi,0.5491035306385406,-0.448470793538969,17.374258895477904,70,2000
1920,56.262953367875646,321.2383419689119,224.82512953367876,1047.0,1.6262992118574633,26781.075129533678,mChi_1,mCherry RNAi,0.5824316697126493,-0.40058183290667115,17.512249586719864,70,2000
1921,54.25682182985554,349.74317817014446,187.1219903691814,778.0,1.5980489036817271,26166.71268057785,mChi_1,mCherry RNAi,0.6720133451320223,-0.3220503903104014,12.453284426533823,70,2000
1922,54.57016434892541,347.9810366624526,227.7269279393173,980.0,1.5270242250023767,36369.58027812895,mChi_1,mCherry RNAi,0.5742920784925565,-0.32836018724767424,13.983742224894474,70,2000
1923,54.55917667238422,380.21097770154375,186.4802744425386,792.0,1.4270970916189518,27558.01372212693,mChi_1,mCherry RNAi,0.6723878829000403,-0.2391761986701706,10.551528995614124,70,2000
1924,54.05811403508772,389.1842105263158,227.4517543859649,1177.0,1.6350403127101132,36831.49890350877,mChi_1,mCherry RNAi,0.5733137742484815,-0.216489299403399,10.509599849172726,70,2000
1925,55.129651860744296,402.9591836734694,191.13805522208884,1067.0,1.4824592277865392,53023.249699879954,mChi_1,mCherry RNAi,0.6603151170069741,-0.17743226773517562,9.613432315511574,70,2000
1926,54.50451807228916,403.74548192771084,277.0090361445783,905.0,1.4618915638428758,39198.99548192771,mChi_1,mCherry RNAi,0.45339871788625175,-0.17876659688320995,11.242245450006063,70,2000
1927,55.54671280276817,412.02768166089965,290.66782006920414,2288.0,1.9913214307874851,56058.1199538639,mChi_1,mCherry RNAi,0.42023857893686856,-0.15658915577672838,12.05435229895981,70,2000
1928,54.58779576587796,416.52054794520546,197.1706102117061,998.0,1.6180219269388065,55911.70485678705,mChi_1,mCherry RNAi,0.6452204865883566,-0.140923882323726,8.262360282716948,70,2000
1929,54.38317757009346,436.76448598130844,210.81869158878504,1269.0,1.391137467933696,60677.621495327105,mChi_1,mCherry RNAi,0.6115414481769188,-0.08648765851263973,6.972813962886914,70,2000
1930,54.34936211972522,440.4347399411187,228.44357212953875,1253.0,1.6939975380463934,61289.128557409225,mChi_1,mCherry RNAi,0.5689410115318692,-0.07720835429243045,7.149589399396948,70,2000
1931,56.84073416222617,438.4073416222617,261.0550621669627,2110.0,1.8949342811937941,63302.67081113085,mChi_1,mCherry RNAi,0.4906201366853007,-0.08349910897073953,10.655812872119466,70,2000
1932,53.79814385150812,468.47447795823666,153.5290023201856,1116.0,1.5752089618518808,49118.69721577726,mChi_1,mCherry RNAi,0.7482665094831631,0.0017961362216925014,2.5742517634775197,70,2000
1933,54.14624098867147,477.4304840370752,226.32028836251288,1230.0,1.4347775453177372,63308.232749742536,mChi_1,mCherry RNAi,0.5725979843038407,0.02336252875211997,4.235654196433725,70,2000
1934,54.62208258527828,476.237881508079,347.6346499102334,1364.0,1.4966117895171036,63676.02244165171,mChi_1,mCherry RNAi,0.2804509345583661,0.015485485469263649,8.057033163188052,70,2000
1935,53.84499461786868,482.4155005382131,161.3745963401507,1044.0,1.433982680111855,49626.77179763186,mChi_1,mCherry RNAi,0.7288263654266642,0.03938120278924462,1.8316578623992363,70,2000
1936,54.320197044334975,481.00821018062396,192.67816091954023,886.0,1.6545581273415517,61283.01642036125,mChi_1,mCherry RNAi,0.653506533071222,0.034430109469612225,3.2479856326241077,70,2000
1937,56.69805825242718,493.0174757281553,212.04757281553398,1394.0,1.3181154569725668,63189.04174757282,mChi_1,mCherry RNAi,0.6065280011723446,0.06677497205461225,5.277949814710684,70,2000
1938,55.77196095829636,489.44986690328307,271.19787045252883,1443.0,1.3372362902474388,61870.157054126,mChi_1,mCherry RNAi,0.46412799555179696,0.05459248319471044,6.2007144135653185,70,2000
1939,55.34582942830365,497.1818181818182,199.09184629803187,1309.0,1.4905100329440004,60549.61761949391,mChi_1,mCherry RNAi,0.6374892026583325,0.07832999037461374,3.282620263380231,70,2000
1940,55.34517766497462,507.06598984771574,270.6162436548223,1184.0,1.7476700533090588,61476.28629441624,mChi_1,mCherry RNAi,0.4648144479860543,0.10239931137591984,4.49564737850773,70,2000
1941,54.47866666666667,514.512,82.35733333333333,947.0,1.5754806096484748,54322.316,mChi_1,mCherry RNAi,0.9179496463852612,0.12980196517834242,-1.9636277407417744,70,2000
1942,54.98086734693877,519.2920918367347,153.27869897959184,2072.0,1.8733317462441257,58113.54400510204,mChi_1,mCherry RNAi,0.7469580833163534,0.14012440390799363,0.10076385635989027,70,2000
1943,53.270270270270274,521.953316953317,70.52579852579852,588.0,1.5586651368032478,39577.11302211302,mChi_1,mCherry RNAi,0.9460838283769406,0.15024590509197866,-4.020438030830626,70,2000
1944,54.669701986754966,523.3509933774834,127.21523178807946,1440.0,1.4661895603582658,57554.415562913906,mChi_1,mCherry RNAi,0.8095621441928107,0.15210862390344215,-1.2013810414563721,70,2000
1945,55.239445910290236,530.7176781002638,140.54419525065964,1716.0,1.2543370146455557,60711.63192612137,mChi_1,mCherry RNAi,0.7772028813309015,0.1717183323104241,-0.8035176508726884,70,2000
1946,53.33794466403162,531.1660079051384,118.79644268774703,671.0,1.5024174258355072,43958.39328063241,mChi_1,mCherry RNAi,0.8294534101744799,0.17341069643464269,-3.316254280163207,70,2000
1947,54.502242152466366,542.5044843049327,254.1457399103139,1010.0,1.4409095005279633,60768.773542600895,mChi_1,mCherry RNAi,0.5030522088168672,0.19917231060927865,0.6698009682949468,70,2000
1948,56.43903979785218,546.6677195198989,140.0783322804801,1999.0,1.3334096662835997,63302.576753000634,mChi_1,mCherry RNAi,0.7777766147559451,0.21531314435905458,-0.7643399104537849,70,2000
1949,54.18454935622318,552.0912017167382,76.64163090128756,1154.0,1.4978364686845436,42872.96351931331,mChi_1,mCherry RNAi,0.9302316285298666,0.23208044665414507,-5.106730169223571,70,2000
1950,55.1078348778433,554.0749789385004,194.48862679022747,1401.0,1.3427859972603204,61325.0151642797,mChi_1,mCherry RNAi,0.64634054159537,0.23305768594095255,-1.1603332834615436,70,2000
1951,53.87794871794872,560.1948717948718,251.09948717948717,1169.0,1.5680404007816808,61374.981538461536,mChi_1,mCherry RNAi,0.5096603023444151,0.24723820336757085,-1.3037819735503895,70,2000
1952,54.89304257528556,559.4683281412254,181.14953271028037,1150.0,1.4416632775299145,58534.86812045691,mChi_1,mCherry RNAi,0.6782478774979201,0.2481908151495582,-2.120053523935095,70,2000
1953,54.0,582.5738461538461,199.41846153846154,795.0,1.442263904794722,53823.416923076926,mChi_1,mCherry RNAi,0.6332835516135895,0.31008727567280236,-4.177084907395486,70,2000
1954,55.88672438672439,588.9163059163059,307.4978354978355,1957.0,1.626838540927959,49541.42640692641,mChi_1,mCherry RNAi,0.3728104293343524,0.3234785300494798,0.15460775870063515,70,2000
1955,54.27615062761506,613.1938633193863,219.93305439330544,893.0,1.8808321883416823,49120.557880055785,mChi_1,mCherry RNAi,0.5826889960662145,0.39254506853830784,-5.547130260501994,70,2000
1956,53.37595907928389,627.3273657289003,236.7007672634271,996.0,1.744302595085364,46607.098465473144,mChi_1,mCherry RNAi,0.5416908013276194,0.43011911984298146,-7.007933526276762,70,2000
1957,53.881889763779526,627.4527559055118,163.60629921259843,882.0,1.3522778232265051,55903.574803149604,mChi_1,mCherry RNAi,0.7177879975422121,0.4334091888784779,-8.477531114379827,70,2000
1958,55.1115834218916,699.8405951115834,194.44952178533475,1208.0,1.641873476969932,43810.25079702444,mChi_1,mCherry RNAi,0.6407416093059919,0.6291468576617312,-11.615876612196491,70,2000
1959,54.578947368421055,715.1808612440192,402.9827751196172,1237.0,1.4438867357599947,38030.754066985646,mChi_1,mCherry RNAi,0.13779244486954068,0.6625955123636182,-7.6414322454476125,70,2000
1960,55.09675036927622,726.0649926144756,363.0361890694239,1553.0,1.3239001110975268,50116.15288035451,mChi_1,mCherry RNAi,0.23362322397462032,0.6938300876819763,-8.979963190407632,70,2000
1961,55.231675392670155,727.6112565445026,224.89659685863873,969.0,1.3473696406463451,30326.40706806283,mChi_1,mCherry RNAi,0.5663231891726619,0.703444197829127,-12.670068286621925,70,2000
1962,54.256890848952594,739.0385887541345,189.41234840132304,1162.0,1.7685258084705524,29357.01433296582,mChi_1,mCherry RNAi,0.6512910838913717,0.7356874054846592,-15.415808456731096,70,2000
1963,55.47983014861996,185.27388535031847,559.2611464968153,620.0,1.655305509783713,11613.299363057326,mChi_1,mCherry RNAi,-0.2178991350609164,-0.7832295091492001,35.47730982215866,70,2000
1964,55.8463687150838,190.7332402234637,435.3058659217877,886.0,1.4929255944209325,17414.935754189944,mChi_1,mCherry RNAi,0.08049507728686489,-0.7634899135495294,32.1187111446352,70,2000
1965,55.67966903073286,213.68203309692672,446.4881796690307,980.0,1.4754321267144623,31336.522458628842,mChi_1,mCherry RNAi,0.05265231267122883,-0.7016002324784865,30.606618165543654,70,2000
1966,54.97435897435897,270.758547008547,565.8547008547008,1129.0,1.6629056188017177,36367.81303418803,mChi_1,mCherry RNAi,-0.23715204923749744,-0.5512996541644618,29.017324580526466,70,2000
1967,54.88614540466392,268.44444444444446,749.1755829903979,901.0,1.3938188182528068,44800.42524005487,mChi_1,mCherry RNAi,-0.6786522462586992,-0.5647525988420997,34.023731001381606,70,2000
1968,55.8007662835249,332.669220945083,240.44955300127714,1062.0,1.708099748565265,35837.53512132823,mChi_1,mCherry RNAi,0.5443202180957913,-0.3702209031537055,16.651332327949884,70,2000
1969,55.50246305418719,343.7081280788177,266.3682266009852,1034.0,1.5027439598964774,41970.51477832512,mChi_1,mCherry RNAi,0.48143737110830864,-0.34129422035486545,16.25868677547081,70,2000
1970,55.43598615916955,359.0,266.20415224913495,1180.0,1.7165112253504267,48884.919261822375,mChi_1,mCherry RNAi,0.4812311892485108,-0.29974849755897537,15.090850128098499,70,2000
1971,54.81258023106547,367.1270860077022,212.55198973042363,972.0,1.3761612200769735,33442.29910141206,mChi_1,mCherry RNAi,0.6101128657887116,-0.2756955772282992,12.443818593188727,70,2000
1972,53.97035881435257,380.85179407176287,199.73946957878314,781.0,1.6102314111240656,31394.258970358813,mChi_1,mCherry RNAi,0.6403873892626435,-0.2380676333001065,10.274920697234414,70,2000
1973,54.67981961668546,386.3607666290868,312.706877113867,1111.0,1.7004462798281068,43766.129650507326,mChi_1,mCherry RNAi,0.3680993267304222,-0.22736321236749446,13.624018544733335,70,2000
1974,56.18952618453865,394.5935162094763,270.1184538653367,970.0,1.3698353225919235,38424.67331670823,mChi_1,mCherry RNAi,0.4704589819806775,-0.2030352062191524,13.39368169201779,70,2000
1975,55.712788259958074,393.2536687631027,139.71278825995807,1122.0,1.52454641432848,43066.06813417191,mChi_1,mCherry RNAi,0.7846041097826006,-0.2016852685720214,9.508697173434797,70,2000
1976,55.68031968031968,396.9150849150849,328.27972027972027,1180.0,1.5596859289385865,50939.54745254745,mChi_1,mCherry RNAi,0.33023724752978967,-0.19909459865976387,14.282992712240794,70,2000
1977,55.40811153358682,412.6147021546261,127.63117870722434,1000.0,1.5368511410096577,28407.82256020279,mChi_1,mCherry RNAi,0.8129312652205061,-0.14866464061860607,7.4910245790362815,70,2000
1978,55.917780061664956,430.8283658787256,127.90030832476876,1145.0,1.327130988477947,35612.246659815006,mChi_1,mCherry RNAi,0.811603257629328,-0.09908320295405604,6.699656401154957,70,2000
1979,55.55075187969925,444.39473684210526,118.47556390977444,702.0,1.366238890337109,32124.695488721805,mChi_1,mCherry RNAi,0.8337529862769502,-0.06192417788722915,5.106990821364413,70,2000
1980,54.995876288659794,469.70515463917525,168.24123711340206,1217.0,1.5377466866016725,55670.21546391753,mChi_1,mCherry RNAi,0.7128538934776651,0.004802073326096945,4.075684547800268,70,2000
1981,56.730110775427995,518.5427995971803,236.59214501510573,1249.0,1.628060648964653,64505.574018126885,mChi_1,mCherry RNAi,0.5464098151728196,0.13518391373334082,4.138392758463677,70,2000
1982,55.66897347174164,527.1880046136101,97.60322952710496,1018.0,1.3513369792007883,47432.55363321799,mChi_1,mCherry RNAi,0.8808040448522254,0.16388586818759876,-1.276418684001083,70,2000
1983,55.287904599659285,545.4361158432708,275.8381601362862,1458.0,1.6091172613898108,62821.34327086883,mChi_1,mCherry RNAi,0.45073361351972485,0.20644707167295628,1.825989551637523,70,2000
1984,55.53517877739331,539.0922722029989,195.2318339100346,1082.0,1.4670177838302765,59394.72549019608,mChi_1,mCherry RNAi,0.6451620509223894,0.19240041384314632,0.3606971537657877,70,2000
1985,55.9117849758787,552.9269469331496,359.3266712611992,1823.0,1.7546826989090885,35594.00344589938,mChi_1,mCherry RNAi,0.24937187375648384,0.22366930290752052,4.155066565146377,70,2000
1986,55.45127719962157,553.6225165562914,263.56102175969727,1289.0,1.4067653610953341,63731.68779564806,mChi_1,mCherry RNAi,0.4799973067679655,0.2292026574489785,1.07147906790399,70,2000
1987,55.16844512195122,575.3780487804878,312.4352134146341,1540.0,1.4210833072718068,58402.178353658535,mChi_1,mCherry RNAi,0.3614013753887575,0.286357504033256,0.5425023589768969,70,2000
1988,55.324766355140184,576.5128504672897,211.84228971962617,1048.0,1.5576344066730452,59610.53855140187,mChi_1,mCherry RNAi,0.6036759655963555,0.2933938471391062,-2.0873574880432955,70,2000
1989,55.4994124559342,585.4477085781433,246.08813160987074,1114.0,1.5801647058046886,63089.89894242068,mChi_1,mCherry RNAi,0.5208461244144702,0.31637153094943127,-1.6336204457399717,70,2000
1990,56.58430458430458,590.7738927738927,169.60916860916862,1473.0,1.2737819578042975,59611.9020979021,mChi_1,mCherry RNAi,0.7049287656588392,0.33403941872056286,-2.990086752230006,70,2000
1991,57.662212323682255,592.2397921306607,225.3600593912398,1566.0,1.3763359945007287,61004.0571640683,mChi_1,mCherry RNAi,0.57064520811491,0.3360609056350907,-0.5217348357335858,70,2000
1992,56.00095877277085,595.8331735378715,194.23106423777566,1222.0,1.4908876483504316,62368.16970278044,mChi_1,mCherry RNAi,0.6453854521792777,0.3467122705508521,-3.2727795142394456,70,2000
1993,57.54668567355667,612.9322879543835,245.48752672843906,1946.0,1.5963284672485898,57680.08838203849,mChi_1,mCherry RNAi,0.521346578648525,0.3914808775322647,-1.580444696006964,70,2000
1994,56.03855421686747,618.0048192771085,232.50602409638554,693.0,1.8679565687456494,46966.460240963854,mChi_1,mCherry RNAi,0.5523247100843893,0.40547406221623206,-3.797071287250308,70,2000
1995,55.5507614213198,647.0076142131979,212.4289340101523,840.0,1.8012289908258547,47404.55583756345,mChi_1,mCherry RNAi,0.5995234862179621,0.4849698560700093,-6.90403563501979,70,2000
1996,55.91628440366973,650.5779816513761,226.03440366972478,1077.0,1.4401269110964585,47988.13646788991,mChi_1,mCherry RNAi,0.5666337605344312,0.49421295649584596,-6.429985431804161,70,2000
1997,56.598796389167504,661.8756268806419,145.81444332998996,1209.0,1.383704305249431,56571.832497492476,mChi_1,mCherry RNAi,0.7594695137230043,0.5281737706978555,-8.716654436515059,70,2000
1998,57.442622950819676,670.3475409836066,157.47295081967212,1521.0,1.6161800974026301,54948.26885245902,mChi_1,mCherry RNAi,0.7311079237448648,0.5509057133430248,-8.169718764851321,70,2000
1999,54.98329048843188,696.7223650385604,177.58226221079693,1021.0,1.4650222667064372,37201.87275064267,mChi_1,mCherry RNAi,0.6814854470904577,0.6213061536569555,-11.973522310087557,70,2000
2000,57.26995798319328,715.4285714285714,198.3886554621849,1261.0,1.3677419653139609,39922.497899159665,mChi_1,mCherry RNAi,0.6307782627900649,0.6717745679736462,-10.476337176128993,70,2000
2001,54.813374805598755,828.959564541213,438.97356143079315,820.0,1.5880788675923463,24363.825816485227,mChi_1,mCherry RNAi,0.046668053863740955,0.9704076572216176,-14.603398935597426,70,2000
2002,55.71303258145363,211.95363408521303,420.593984962406,946.0,1.683435070216794,25179.38972431078,mChi_1,mCherry RNAi,0.11509607896288765,-0.7052806362307593,30.067760911084786,70,2000
2003,55.968513853904284,217.98614609571788,474.1448362720403,956.0,1.5446683419892497,15866.778337531487,mChi_1,mCherry RNAi,-0.014117470496329942,-0.6909262526618919,31.329318573530596,70,2000
2004,55.52512562814071,274.60804020100505,311.2386934673367,532.0,1.6582244956754204,21588.361809045226,mChi_1,mCherry RNAi,0.3760533021343313,-0.5308039476851479,22.445280201193437,70,2000
2005,56.88213851761847,344.90279465370594,279.4374240583232,985.0,1.3222512003780245,45175.20656136087,mChi_1,mCherry RNAi,0.4499952312594464,-0.3382863055179044,17.8999405687448,70,2000
2006,56.270805812417436,352.4332892998679,211.66842800528403,1055.0,1.6689888364502654,27079.881109643327,mChi_1,mCherry RNAi,0.6129057239934208,-0.3153017180724167,14.928238592629132,70,2000
2007,56.723763570566945,372.59951749095296,302.9891435464415,1094.0,1.8977763320211625,46543.162846803374,mChi_1,mCherry RNAi,0.3921719944203843,-0.2639757754962696,16.3880331943295,70,2000
2008,55.493197278911566,383.2267573696145,212.12131519274377,1139.0,1.545970463514443,37398.725623582766,mChi_1,mCherry RNAi,0.6105637445583796,-0.23179757170905935,11.955755532691011,70,2000
2009,57.58635863586358,376.74367436743677,292.6149614961496,1217.0,1.5737246235021558,49030.27392739274,mChi_1,mCherry RNAi,0.417053159710439,-0.2521408629554053,16.67186661494804,70,2000
2010,56.240799158780234,399.6246056782334,237.61514195583595,1292.0,1.4455376116676488,42407.6792849632,mChi_1,mCherry RNAi,0.5485599517454458,-0.1880869400999623,12.210031871897773,70,2000
2011,56.33723404255319,402.32978723404256,220.5531914893617,1246.0,1.5222785745917689,49170.097872340426,mChi_1,mCherry RNAi,0.5895592741909086,-0.18005199906496516,11.653407736002766,70,2000
2012,56.45375408052231,419.5462459194777,229.16539717083788,1152.0,1.5959513980706683,59965.55386289445,mChi_1,mCherry RNAi,0.5681489046383705,-0.133582828626869,10.765885266915571,70,2000
2013,56.73456790123457,428.63271604938274,270.4619341563786,1199.0,1.5983742390767715,63730.74485596708,mChi_1,mCherry RNAi,0.4683359567563168,-0.11044720136658792,11.504148547222602,70,2000
2014,56.41608118657299,430.1857923497268,361.6580796252927,1500.0,1.672864540778807,59753.498048399684,mChi_1,mCherry RNAi,0.2485813554905203,-0.10984531709019274,13.5268531896016,70,2000
2015,57.603896103896105,424.53246753246754,255.4795918367347,1415.0,1.3840317954665013,64506.172541743974,mChi_1,mCherry RNAi,0.504639733837386,-0.12083370671461469,12.262321674493403,70,2000
2016,56.18711385701677,444.3053839364519,247.48984995586937,1379.0,1.5315526654448914,63894.08473080318,mChi_1,mCherry RNAi,0.5230251677959816,-0.06707203400331896,9.21626552349053,70,2000
2017,56.52598225602028,443.5513307984791,280.6577946768061,988.0,1.4142690758735599,61038.33967046895,mChi_1,mCherry RNAi,0.4431804127947685,-0.07034758630188065,10.49991358907447,70,2000
2018,55.73262839879154,443.1480362537764,134.93655589123867,804.0,1.395602676422872,37797.013595166165,mChi_1,mCherry RNAi,0.7941615862492291,-0.06591786647817721,5.820310846296476,70,2000
2019,57.53061224489796,444.55545696539485,195.42768411712512,1340.0,1.4748149478251622,59127.07542147294,mChi_1,mCherry RNAi,0.6485067273365797,-0.06409854596090092,9.138252667854566,70,2000
2020,56.80625,447.31125,167.93375,948.0,1.4324832947360542,46826.0775,mChi_1,mCherry RNAi,0.7145817327359842,-0.05568069958748001,7.479163311293643,70,2000
2021,56.04149026248942,457.26164267569857,360.4860287891617,1438.0,1.6677801854714829,58414.0533446232,mChi_1,mCherry RNAi,0.25032378897375884,-0.03630042114980103,11.179246346454722,70,2000
2022,56.09748743718593,459.3457286432161,181.3035175879397,1164.0,1.646216851975179,58313.403015075375,mChi_1,mCherry RNAi,0.6818624205690711,-0.0236401821467791,6.268475644699471,70,2000
2023,58.34341524889729,459.0359168241966,213.122243226213,2221.0,1.6234367961635836,58541.3352236925,mChi_1,mCherry RNAi,0.6053688267679584,-0.02528110350436119,9.385432493413024,70,2000
2024,56.77805486284289,459.23358270989195,331.6034912718205,1461.0,1.536727020034864,62580.352452202824,mChi_1,mCherry RNAi,0.319865070474024,-0.029671194146904334,10.995697763280287,70,2000
2025,57.595884003741816,484.88774555659495,199.55753040224508,1303.0,1.3004953997385367,61397.422825070156,mChi_1,mCherry RNAi,0.6369874579221169,0.045347640947245305,6.4206415697206545,70,2000
2026,57.46266471449488,480.51390922401174,101.00732064421669,845.0,1.2285592542505286,33057.99707174231,mChi_1,mCherry RNAi,0.8745387059618566,0.037278875122838784,3.952235514996957,70,2000
2027,57.18625498007968,479.246015936255,213.91633466135457,1312.0,1.5092634052504692,63126.09462151394,mChi_1,mCherry RNAi,0.6025947354529633,0.02937708287666152,6.803010001230653,70,2000
2028,57.38181818181818,484.6222222222222,113.23737373737374,1237.0,1.440202128934128,43588.926262626264,mChi_1,mCherry RNAi,0.8449133491907279,0.04794960535989867,3.9056561906299834,70,2000
2029,57.1442869057548,487.77648040033364,310.91993327773145,1410.0,1.4867513411271838,62066.35446205171,mChi_1,mCherry RNAi,0.36859574244562765,0.04876645953954206,8.75693999096007,70,2000
2030,56.21713870733478,503.34640522875816,358.08496732026146,1569.0,1.4705903903263788,59429.25853304285,mChi_1,mCherry RNAi,0.25431840938848604,0.08905321704589508,7.9833908517274494,70,2000
2031,56.179867986798676,508.1691419141914,373.25577557755776,1493.0,1.5535720655352394,41854.66584158416,mChi_1,mCherry RNAi,0.2175841368613718,0.10155914970432267,8.0080597492077,70,2000
2032,56.14494163424124,511.511673151751,189.12451361867704,1317.0,1.639816339250568,59111.186770428016,mChi_1,mCherry RNAi,0.6609885642168392,0.11781401833194449,2.7833028641076503,70,2000
2033,56.002490660024904,513.9053549190536,94.56911581569116,922.0,1.2470422131901617,56427.501867995015,mChi_1,mCherry RNAi,0.8886521692713667,0.12797696755820076,-0.07246106083771053,70,2000
2034,56.508532423208194,514.4869169510807,133.92377701934015,1181.0,1.4429325034453067,48460.88282138794,mChi_1,mCherry RNAi,0.7938630131200455,0.12812231268769048,1.448364135418231,70,2000
2035,56.509476031215165,525.1404682274248,221.09141583054625,1062.0,1.4941941756603805,62519.010033444814,mChi_1,mCherry RNAi,0.583476716720901,0.15367265538724295,3.0283284757482924,70,2000
2036,58.074107142857144,536.9035714285715,75.03392857142858,1389.0,1.2887228042294125,47789.80535714285,mChi_1,mCherry RNAi,0.9349391697418865,0.1916386104616039,-0.18216135476213324,70,2000
2037,56.92513966480447,538.4312849162011,104.89944134078212,1044.0,1.461911877393016,54061.9720670391,mChi_1,mCherry RNAi,0.8628677715478001,0.1943995472858997,-0.63446670429067,70,2000
2038,56.223044397463,557.9217758985201,212.02959830866808,1131.0,1.4559374816666901,59665.1955602537,mChi_1,mCherry RNAi,0.6040067283203869,0.24304585819423408,0.14716738156458575,70,2000
2039,57.29653937947494,573.3036992840096,259.10322195704055,2293.0,1.9182346346192096,63426.84785202864,mChi_1,mCherry RNAi,0.49008124426573363,0.2832186181349079,1.3794116211399583,70,2000
2040,55.89209726443769,582.5288753799392,120.53495440729483,834.0,1.4123886157800472,47363.89513677811,mChi_1,mCherry RNAi,0.8234182282146301,0.31341263150549703,-4.407998067390718,70,2000
2041,57.26353790613718,581.202166064982,282.72292418772565,1442.0,1.5552470506115736,60304.42599277978,mChi_1,mCherry RNAi,0.4328753272308714,0.30375361412763846,1.4148001002792228,70,2000
2042,56.632380952380956,596.8876190476191,210.0209523809524,1279.0,1.4601664095321267,60596.87619047619,mChi_1,mCherry RNAi,0.6073486684111544,0.34908599343694546,-2.2943770484641597,70,2000
2043,57.732156561780506,602.4896392939371,177.376055257099,1580.0,1.4233654291677995,63136.29086722947,mChi_1,mCherry RNAi,0.6858335421368105,0.36579727986588795,-2.4773751319822566,70,2000
2044,56.608247422680414,605.4079528718704,236.58762886597938,822.0,1.4058024018466353,46166.78939617084,mChi_1,mCherry RNAi,0.5430203134504916,0.37119762350238883,-2.215538349394656,70,2000
2045,56.66135458167331,616.0258964143426,130.47111553784862,1205.0,1.3431988902036485,55298.43924302789,mChi_1,mCherry RNAi,0.7982233701867405,0.40419744785607037,-5.777188953005156,70,2000
2046,58.573232323232325,624.1407828282828,224.69507575757575,1911.0,1.250248679774706,59792.95896464647,mChi_1,mCherry RNAi,0.5710576364718682,0.42295004830718597,-1.9200668055515777,70,2000
2047,57.32552693208431,637.5257611241218,233.23887587822014,1006.0,1.4988120446390425,42299.4906323185,mChi_1,mCherry RNAi,0.5498769240322643,0.4587424733517782,-3.8947467617771743,70,2000
2048,57.66355140186916,648.8556593977155,155.40602284527517,1152.0,1.3755735313814912,57281.2492211838,mChi_1,mCherry RNAi,0.7369399247489139,0.49263013669672895,-6.463030606110982,70,2000
2049,56.53186558516802,698.3256083429895,162.45538818076477,1134.0,1.564373839260123,37295.97914252607,mChi_1,mCherry RNAi,0.7179568116382857,0.6265568318980128,-10.95119226558368,70,2000
2050,56.149628252788105,708.7602230483271,369.56877323420076,1236.0,1.4475983192250714,47953.976765799256,mChi_1,mCherry RNAi,0.21862879156391957,0.6467603525010315,-6.512997257983958,70,2000
2051,56.90438247011952,733.2171314741036,200.45916334661354,1284.0,1.3996858020492533,33362.883466135456,mChi_1,mCherry RNAi,0.6250732959608021,0.7199585850654886,-12.061449165186588,70,2000
2052,56.36407766990291,756.0404530744337,409.47330097087377,1422.0,1.3382933182446597,49052.41504854369,mChi_1,mCherry RNAi,0.12067302065134089,0.7737205869748691,-8.618609041391744,70,2000
2053,56.44521138912856,792.518550474547,437.15012942191544,1337.0,1.4471913766688167,42337.15789473684,mChi_1,mCherry RNAi,0.05258507847131888,0.8717788745225106,-10.410850185919022,70,2000
2054,55.81902245706737,197.14795244385732,577.4914134742404,941.0,1.6804471643094523,12013.494055482166,mChi_1,mCherry RNAi,-0.26225508170207845,-0.7516083725535803,35.45367347442355,70,2000
2055,56.06296851574213,195.54272863568215,480.26536731634184,848.0,1.5577254290542988,13248.634182908545,mChi_1,mCherry RNAi,-0.027978192779552935,-0.7521315092885218,33.19828308169882,70,2000
2056,56.3371757925072,203.52017291066284,428.28674351585016,795.0,1.5737650008079942,23418.548991354466,mChi_1,mCherry RNAi,0.09693386817830496,-0.7283740028543246,31.501953350671958,70,2000
2057,55.821158690176325,213.17884130982367,490.34508816120905,617.0,1.5925635306271368,10949.54911838791,mChi_1,mCherry RNAi,-0.05296218379046158,-0.7046496774912583,31.96282732563503,70,2000
2058,56.25308641975309,221.88888888888889,362.69547325102883,630.0,1.52055876993166,15187.152263374486,mChi_1,mCherry RNAi,0.2542080730780205,-0.6759201258523988,28.336881386970543,70,2000
2059,56.35665914221219,285.4006772009029,544.6557562076749,1045.0,1.574662347595732,37861.43905191874,mChi_1,mCherry RNAi,-0.1865738318380299,-0.5104145293337095,28.77512957386286,70,2000
2060,56.86231884057971,370.9842995169082,222.8816425120773,1006.0,1.374308652863536,33093.89009661836,mChi_1,mCherry RNAi,0.5852074091212707,-0.2652142246814424,14.488487516245545,70,2000
2061,56.75655823714585,370.99370409233995,367.2277019937041,1143.0,1.7229098934301466,42418.571878279115,mChi_1,mCherry RNAi,0.23749829638447717,-0.27083738974908156,18.262909305812297,70,2000
2062,57.44736842105263,366.88345864661653,279.9862155388471,1051.0,1.61562395200646,48367.12781954887,mChi_1,mCherry RNAi,0.4478498912103619,-0.278468831036775,16.90121821801156,70,2000
2063,57.131964809384165,370.80791788856305,199.30938416422288,863.0,1.5229306377702456,30685.538123167156,mChi_1,mCherry RNAi,0.6420121357051316,-0.2647214341148256,14.136287790702358,70,2000
2064,56.5404958677686,379.4413223140496,151.12396694214877,722.0,1.4586678689977772,25341.548760330577,mChi_1,mCherry RNAi,0.7577076722434921,-0.23949956714414433,11.631738557708598,70,2000
2065,57.48300970873787,379.93203883495147,327.97208737864077,1011.0,1.3487292734235345,42443.34223300971,mChi_1,mCherry RNAi,0.33175362140886344,-0.24487602459851343,17.290594188027132,70,2000
2066,57.44795918367347,390.2030612244898,193.77959183673468,1185.0,1.3561539173972628,47096.78163265306,mChi_1,mCherry RNAi,0.6545944458342132,-0.21174155611909562,12.911151195450774,70,2000
2067,57.331989247311824,392.3225806451613,301.56451612903226,941.0,1.7015604660875558,40287.592741935485,mChi_1,mCherry RNAi,0.3948710945437426,-0.21020745467348134,15.54110340295188,70,2000
2068,59.722885572139305,403.263184079602,204.76318407960198,2667.0,1.2595417393120085,52868.798507462685,mChi_1,mCherry RNAi,0.6277683159266525,-0.17623449267438018,14.537646106217966,70,2000
2069,58.16050295857988,410.5073964497041,238.30991124260356,1641.0,1.5006054679123817,59893.95192307692,mChi_1,mCherry RNAi,0.5465806075136743,-0.15816498954726887,13.361964248933763,70,2000
2070,57.9064914992272,424.39103554868626,306.55100463678514,1527.0,1.6034036874193143,59566.55950540958,mChi_1,mCherry RNAi,0.38164275118244584,-0.12314976349316331,13.947159935250884,70,2000
2071,57.84789644012945,433.7928802588997,240.59762675296656,1227.0,1.5919899724852031,63065.14994606257,mChi_1,mCherry RNAi,0.5401410195821674,-0.09504231282666253,11.441117699905657,70,2000
2072,57.53717277486911,439.88062827225133,146.49528795811517,1247.0,1.6786215981477535,43565.910994764396,mChi_1,mCherry RNAi,0.7665585515758173,-0.07489227195169135,8.164717828644502,70,2000
2073,58.11480601741884,455.31037212984955,347.29216152019,1542.0,1.5999573906460545,61770.08709422011,mChi_1,mCherry RNAi,0.28231034793704524,-0.040680585913713485,13.031766131596118,70,2000
2074,59.27170311464546,459.08813783962887,243.19085487077535,2050.0,1.5608318929655742,63540.255135851556,mChi_1,mCherry RNAi,0.5329949085905901,-0.02612906799185677,11.115598440496594,70,2000
2075,56.98511904761905,475.4203869047619,322.59598214285717,1671.0,1.6455592216020503,62632.52976190476,mChi_1,mCherry RNAi,0.34094308189836786,0.0147048872841411,9.798645875525118,70,2000
2076,58.16413043478261,466.93260869565216,142.00978260869564,1141.0,1.5640791202271207,48311.52391304348,mChi_1,mCherry RNAi,0.7763456325306273,-0.0010861613276316184,6.728350425645711,70,2000
2077,57.79116022099448,472.9756906077348,248.93480662983424,1061.0,1.3314734406957578,60510.0408839779,mChi_1,mCherry RNAi,0.5185244000091034,0.011092387602635645,8.797437159480598,70,2000
2078,59.095944609297725,472.47972304648863,154.6587537091988,1267.0,1.4871757530854297,57121.503461918895,mChi_1,mCherry RNAi,0.7457179094614439,0.013676942583404239,7.599487614711471,70,2000
2079,57.57795698924731,477.3333333333333,182.72177419354838,989.0,1.5430488863027814,58009.87634408602,mChi_1,mCherry RNAi,0.677835537873908,0.025473027771756307,6.492166566730141,70,2000
2080,56.5115712545676,487.77466504263094,284.9768574908648,972.0,1.4260004095661192,56372.96711327649,mChi_1,mCherry RNAi,0.431048427720359,0.04964864395104529,7.428770362151212,70,2000
2081,57.8359375,496.1908482142857,181.15513392857142,1077.0,1.546241918624981,50811.74553571428,mChi_1,mCherry RNAi,0.6808887632834504,0.07682609090148218,5.354303727993102,70,2000
2082,58.1031746031746,493.76984126984127,123.83630952380952,1190.0,1.367384135571754,53916.29067460317,mChi_1,mCherry RNAi,0.8190700637586532,0.07253486804887355,4.253516858956342,70,2000
2083,58.145956607495066,501.84023668639054,253.66074950690336,1293.0,1.6068409136706168,63715.7268244576,mChi_1,mCherry RNAi,0.506035148737505,0.08941110930678131,7.207299730273231,70,2000
2084,58.747812251392205,504.8926014319809,220.91487669053302,1568.0,1.3160344362815228,63269.21002386635,mChi_1,mCherry RNAi,0.5848318992739787,0.099100306226787,6.708060572012261,70,2000
2085,57.315265486725664,512.3053097345132,253.15154867256638,1114.0,1.567351721914511,63162.54314159292,mChi_1,mCherry RNAi,0.5068013509119311,0.1177042624734812,5.614524812344381,70,2000
2086,56.98330550918197,514.8889816360601,327.3714524207012,1479.0,1.5389080914094093,54651.14440734558,mChi_1,mCherry RNAi,0.3278981931149547,0.12176581056288138,7.093470742344973,70,2000
2087,56.856502242152466,512.4825112107624,172.04663677130046,1288.0,1.4330970707199462,56216.807174887894,mChi_1,mCherry RNAi,0.7021322134586632,0.12125779569563822,2.9640018868802116,70,2000
2088,58.75878787878788,525.3272727272728,83.46,2004.0,1.333416166543661,57753.24303030303,mChi_1,mCherry RNAi,0.9151370635279099,0.1599885639186942,1.5575935901337097,70,2000
2089,57.59625,527.1825,167.85875,959.0,1.289881305152758,56138.4375,mChi_1,mCherry RNAi,0.7116918446456169,0.16151057752431552,2.53431108422399,70,2000
2090,57.66135458167331,532.6082337317397,245.70119521912352,928.0,1.6152792652452266,59173.545816733065,mChi_1,mCherry RNAi,0.5239763407414575,0.17323163755331294,4.302632378224729,70,2000
2091,57.39928698752228,536.8680926916221,335.1016042780749,1349.0,1.6272163502082007,45698.9688057041,mChi_1,mCherry RNAi,0.3084451099286336,0.18126973049355954,6.1391111451117375,70,2000
2092,57.9893899204244,543.1352785145889,165.29708222811672,916.0,1.3495481416231685,40340.989389920425,mChi_1,mCherry RNAi,0.7172637545409208,0.205036005648511,1.7128662016092093,70,2000
2093,56.44399185336049,548.7637474541751,56.80855397148676,637.0,1.798974507805361,28106.49287169043,mChi_1,mCherry RNAi,0.9782760964169492,0.22425624317448123,-3.148379924407948,70,2000
2094,58.19878910191726,546.6468213925328,124.91019172552977,1201.0,1.2996545383104612,56817.82038345106,mChi_1,mCherry RNAi,0.8144239406787894,0.21619368753379464,0.5839612981680311,70,2000
2095,58.10864197530864,562.480658436214,137.59423868312757,1526.0,1.4997201444792163,60702.05020576132,mChi_1,mCherry RNAi,0.7832464418070784,0.25870649431473636,-0.3009561564435259,70,2000
2096,58.93419062027232,568.232223903177,170.05748865355523,1606.0,1.4000766425042728,61271.48335854765,mChi_1,mCherry RNAi,0.7048753049619603,0.2732317186901876,0.9822389081319294,70,2000
2097,57.43949661181026,572.6302032913843,97.81800580832527,1220.0,1.3373105631298483,44584.83736689255,mChi_1,mCherry RNAi,0.8786218098051697,0.2877050121352036,-2.7656624295135295,70,2000
2098,57.35115303983228,584.29035639413,107.18972746331237,1158.0,1.3935727517676169,46417.35849056604,mChi_1,mCherry RNAi,0.8555862011168136,0.3190062240466818,-3.438380122707219,70,2000
2099,56.67536704730832,618.489396411093,170.24143556280586,749.0,1.423513038201506,47844.87275693312,mChi_1,mCherry RNAi,0.7023288920580761,0.40934362650318024,-4.870795514338468,70,2000
2100,59.07152406417112,624.3582887700535,143.31283422459893,1800.0,1.2365220640286627,61846.25133689839,mChi_1,mCherry RNAi,0.7671144284493774,0.42681205375493225,-3.626695349774611,70,2000
2101,57.796470588235294,621.6847058823529,209.3764705882353,1091.0,1.501655064001265,47331.25529411765,mChi_1,mCherry RNAi,0.6080049035804733,0.4167207453525805,-2.9301491084199434,70,2000
2102,57.24466338259442,676.644499178982,218.10180623973727,1388.0,1.2913211564397524,52768.35057471264,mChi_1,mCherry RNAi,0.5848063053585304,0.5656135688853303,-7.1889597943703425,70,2000
2103,58.29891756869276,676.052456286428,140.57868442964195,1435.0,1.325549244228299,49057.14571190674,mChi_1,mCherry RNAi,0.7716333786631233,0.5672346273011963,-8.179430378214182,70,2000
2104,57.783300198807154,677.0059642147118,185.3916500994036,607.0,1.279635367563898,39884.833001988074,mChi_1,mCherry RNAi,0.663618194990724,0.5679770006194467,-7.557208070668777,70,2000
2105,57.292845257903494,681.6955074875208,162.96006655574044,771.0,1.3554394269214005,38840.51747088187,mChi_1,mCherry RNAi,0.717437967183634,0.5814980054534413,-8.985723890084973,70,2000
2106,57.90040376850606,684.7335127860027,194.6635262449529,908.0,1.3771105811178317,37864.674293405114,mChi_1,mCherry RNAi,0.6409894621463432,0.5886364804380617,-7.745614599423249,70,2000
2107,56.988875154511746,690.3238566131026,149.831891223733,1057.0,1.4450179118794584,34573.317676143386,mChi_1,mCherry RNAi,0.7487053449624739,0.6053958012266709,-10.260790714259224,70,2000
2108,58.53853296193129,706.309192200557,186.10770659238625,1246.0,1.2553414647799566,46473.89600742804,mChi_1,mCherry RNAi,0.6607957446204182,0.647722807621204,-8.887360573193227,70,2000
2109,59.12715105162524,721.5305927342256,173.72370936902485,1262.0,1.3224214577190923,45837.125239005734,mChi_1,mCherry RNAi,0.6900684889881592,0.6896822642597542,-9.725487682665621,70,2000
2110,57.871244635193136,715.549356223176,218.6623748211731,878.0,1.3884177068048968,35674.67668097282,mChi_1,mCherry RNAi,0.5819753780200674,0.671430522532122,-9.34045273680471,70,2000
2111,58.43362068965517,720.3758620689655,297.1844827586207,1403.0,1.355591722588135,42972.79913793103,mChi_1,mCherry RNAi,0.39267700027700325,0.6815945644253785,-7.0150571571555815,70,2000
2112,57.13149847094801,783.1518858307849,329.09887869520895,1119.0,1.5043861479560268,33448.717635066256,mChi_1,mCherry RNAi,0.313268459136296,0.8506747031489492,-11.959361384883433,70,2000
2113,56.28260869565217,181.93478260869566,525.5027173913044,552.0,1.9666871361371807,14014.141304347826,mChi_1,mCherry RNAi,-0.136401204235846,-0.7908287824927841,35.6097496775736,70,2000
2114,57.27272727272727,278.9968102073365,322.5534290271132,804.0,1.6330787921624457,25613.75119617225,mChi_1,mCherry RNAi,0.34873543275194163,-0.5189760064408233,24.17704536589193,70,2000
2115,58.3185595567867,288.6648199445983,273.47091412742384,510.0,1.8207745047416808,18391.587257617728,mChi_1,mCherry RNAi,0.46665323527313207,-0.490585978209509,23.206637566352992,70,2000
2116,58.0639175257732,297.8577319587629,252.08865979381443,604.0,1.3610739686433282,21593.150515463916,mChi_1,mCherry RNAi,0.5177841320405925,-0.46482258691339906,21.718348566232113,70,2000
2117,58.52992518703242,293.8778054862843,404.42269326683294,939.0,1.3587045551289383,38701.88902743142,mChi_1,mCherry RNAi,0.15102485596307846,-0.48148495096158905,26.563825754332303,70,2000
2118,60.734502923976606,323.97543859649124,237.28187134502923,1067.0,1.6293743774876754,30953.617543859647,mChi_1,mCherry RNAi,0.5525966966896911,-0.3927510054540144,22.109159339221147,70,2000
2119,59.33483146067416,330.65280898876404,269.32022471910113,1144.0,1.5377174982524258,32932.42359550562,mChi_1,mCherry RNAi,0.47507462396773104,-0.37613097783463634,21.0958289276907,70,2000
2120,58.35249457700651,339.9761388286334,222.83188720173536,1120.0,1.6046898219050731,31550.251626898047,mChi_1,mCherry RNAi,0.5866309835785757,-0.34917739161919026,18.19768436904204,70,2000
2121,58.54522292993631,353.0713375796178,236.16433121019108,987.0,1.634177606564687,41531.44968152866,mChi_1,mCherry RNAi,0.5540161635937604,-0.31407592109413174,17.80873092995343,70,2000
2122,58.380447585394585,361.1660777385159,251.79740871613663,1117.0,1.547812286558234,37613.31802120141,mChi_1,mCherry RNAi,0.5160326505992496,-0.29272210696783685,17.48394140655537,70,2000
2123,57.95015576323988,373.12305295950154,182.18068535825546,832.0,1.573641364973003,29899.118380062304,mChi_1,mCherry RNAi,0.683232325155267,-0.25760187370970655,14.325488312149314,70,2000
2124,58.40203193033382,376.61538461538464,163.98984034833092,790.0,1.6361063341439768,25450.718432510886,mChi_1,mCherry RNAi,0.7269422812151602,-0.24731413220403275,14.036436286202122,70,2000
2125,57.731327800829874,392.06327800829877,157.10269709543567,1092.0,1.38570250924738,35018.436721991704,mChi_1,mCherry RNAi,0.7428870529160108,-0.20520110842188954,12.074213964571737,70,2000
2126,58.478953356086464,396.35608646188854,254.24232081911262,1119.0,1.6509877338338732,43129.78612059158,mChi_1,mCherry RNAi,0.5087749807785766,-0.19717673925745793,15.123112065516363,70,2000
2127,58.08912188728703,411.2437745740498,178.63695937090432,963.0,1.5021149106626979,41249.4128440367,mChi_1,mCherry RNAi,0.6902881896179538,-0.15385147436109226,11.633734518207316,70,2000
2128,58.0045871559633,425.3669724770642,189.27675840978594,793.0,1.3822871948225868,39640.55504587156,mChi_1,mCherry RNAi,0.6641020582084225,-0.1159061570847354,10.822189191264894,70,2000
2129,59.23269230769231,431.97403846153844,201.47884615384615,1254.0,1.4048673875349558,60277.855769230766,mChi_1,mCherry RNAi,0.6345278030118635,-0.09818719180517532,11.900684331959486,70,2000
2130,57.76030927835052,445.8118556701031,210.1701030927835,609.0,1.6332338316790111,56740.3118556701,mChi_1,mCherry RNAi,0.6129602470463684,-0.06121419078064738,9.673461567212371,70,2000
2131,58.18190854870775,455.66600397614314,230.6590457256461,1262.0,1.338210087020158,64139.271371769384,mChi_1,mCherry RNAi,0.5632475960570513,-0.035153615843430464,9.937634240716253,70,2000
2132,58.87582417582418,465.9307692307692,128.5857142857143,1088.0,1.3079596467855683,41781.10549450549,mChi_1,mCherry RNAi,0.8087650104905464,-0.0031451462453583323,7.148943308340577,70,2000
2133,58.30662710187933,467.44114737883285,264.5499505440158,1228.0,1.8492450098995779,59940.281899109796,mChi_1,mCherry RNAi,0.4811586915046435,-0.0044540399621151305,10.128266864434018,70,2000
2134,58.831826401446655,471.6627486437613,204.44213381555153,1311.0,1.3855429455395996,58944.74412296564,mChi_1,mCherry RNAi,0.6258147234953417,0.009464056761852246,8.733119194232096,70,2000
2135,61.350931677018636,469.3527950310559,283.0857142857143,1993.0,1.2888926773480573,61397.688198757765,mChi_1,mCherry RNAi,0.43662406677140564,0.0006162185431684009,13.524776594348712,70,2000
2136,58.93614931237721,475.53241650294694,234.0098231827112,1224.0,1.450527094831262,61996.22396856581,mChi_1,mCherry RNAi,0.5544471291613275,0.018846741380478482,9.354385678805755,70,2000
2137,60.28167641325536,485.50779727095517,246.66276803118907,1274.0,1.5525958502340051,64086.45419103314,mChi_1,mCherry RNAi,0.5236625806412343,0.045723886846904094,10.32041217496867,70,2000
2138,58.410986775178024,503.12410986775177,334.08646998982704,1256.0,1.8184259533641365,54673.02950152594,mChi_1,mCherry RNAi,0.3122712236963432,0.08981613070705619,9.541572362019316,70,2000
2139,58.83095499451153,506.37211855104283,237.019758507135,1129.0,1.683374710243223,62826.62239297475,mChi_1,mCherry RNAi,0.5459856842068609,0.10250900669344798,7.1177658729725515,70,2000
2140,57.87172011661808,530.4742468415938,205.66666666666666,1213.0,1.4901358491731933,59828.97667638484,mChi_1,mCherry RNAi,0.6205083190506537,0.169035250486671,3.589212957380269,70,2000
2141,58.98955067920585,531.1431556948799,119.4367816091954,1164.0,1.5352047568447613,58717.38035527691,mChi_1,mCherry RNAi,0.8282630270732947,0.17443464306222167,2.3375930880439704,70,2000
2142,58.16003386960203,551.1176968670618,328.0203217612193,1473.0,1.6436229407598053,48335.899237933954,mChi_1,mCherry RNAi,0.3249932766741399,0.22041562747738852,5.684886450299089,70,2000
2143,58.867662753468515,548.948772678762,179.98826040554962,1158.0,1.456566744518448,53787.52934898613,mChi_1,mCherry RNAi,0.6817030121645544,0.22043279055825882,2.5664094528889905,70,2000
2144,58.58342541436464,552.3082872928177,151.70386740331492,1140.0,1.4633719695129714,56191.787845303865,mChi_1,mCherry RNAi,0.749685850589412,0.23060846163077464,1.2815857071290289,70,2000
2145,58.7688679245283,556.7679245283019,294.1556603773585,1302.0,1.590597665821581,63264.204716981134,mChi_1,mCherry RNAi,0.40638394128465727,0.23720895412164444,4.976139506818345,70,2000
2146,59.00205761316872,557.698559670782,58.925925925925924,1107.0,1.3673770856194778,34448.45884773663,mChi_1,mCherry RNAi,0.972985724480306,0.24895500327170872,-1.1819559199451888,70,2000
2147,59.20355555555555,558.0364444444444,101.80088888888889,1329.0,1.4959821254210972,57803.42044444445,mChi_1,mCherry RNAi,0.8697074255762716,0.24824108588052507,0.14734224033008303,70,2000
2148,60.95234657039711,562.5537906137184,236.4274368231047,1826.0,1.2697049326818726,57790.15523465704,mChi_1,mCherry RNAi,0.5453499308006611,0.25561081719502643,5.186137652487979,70,2000
2149,57.08212560386473,569.3599033816425,200.7608695652174,558.0,1.4954009132871646,38775.24879227053,mChi_1,mCherry RNAi,0.630757577607602,0.2747347638978841,-0.11987109510974747,70,2000
2150,58.481546572934974,581.2530755711775,188.2688927943761,759.0,1.6965856114002,58233.36028119508,mChi_1,mCherry RNAi,0.6604708007708437,0.3078140712737052,0.08630847441210676,70,2000
2151,59.65991316931983,603.678002894356,113.849493487699,1637.0,1.3384287362952223,57380.16787264834,mChi_1,mCherry RNAi,0.8389303051515808,0.37188221414778844,-2.348371215671989,70,2000
2152,59.67654986522911,610.0341419586703,147.96226415094338,1304.0,1.40580690690071,59042.564240790656,mChi_1,mCherry RNAi,0.7565119093105321,0.38782690644325624,-1.8707414777862326,70,2000
2153,58.917229729729726,629.9155405405405,129.96452702702703,721.0,1.3753070960752496,41797.50844594595,mChi_1,mCherry RNAi,0.7990413144533686,0.44240280523890574,-4.538102636989418,70,2000
2154,59.56958250497018,635.9811133200795,215.33399602385686,1235.0,1.3503444387626458,47884.23757455268,mChi_1,mCherry RNAi,0.5932061427388284,0.4556844618581024,-2.0278120901179157,70,2000
2155,59.3515873015873,647.0412698412698,177.2515873015873,1474.0,1.3215659482578481,57346.6619047619,mChi_1,mCherry RNAi,0.684493877405826,0.4871800199094325,-4.062491766365721,70,2000
2156,58.4359375,692.84921875,299.946875,1471.0,1.472397991070526,44484.53046875,mChi_1,mCherry RNAi,0.3870982120452917,0.6066895461053476,-4.963532983256972,70,2000
2157,59.87452107279694,706.0909961685824,171.2844827586207,1252.0,1.2421509959495793,41984.20114942529,mChi_1,mCherry RNAi,0.6965936063350973,0.6479704837087565,-7.938146789640262,70,2000
2158,59.53130755064457,736.767955801105,180.15745856353593,1309.0,1.2832791598357427,50987.54143646409,mChi_1,mCherry RNAi,0.6740007796275731,0.7309151458623313,-10.242790062548478,70,2000
2159,58.58311345646438,752.3984168865435,233.81662269129288,938.0,1.351258193669033,30406.64907651715,mChi_1,mCherry RNAi,0.5440766514907189,0.7711090598756636,-10.867080721842681,70,2000
2160,58.40416047548291,759.7206537890045,274.2147102526003,1564.0,1.483691789790788,40331.37295690936,mChi_1,mCherry RNAi,0.4464682362731829,0.7893954078769987,-10.484808098425237,70,2000
2161,57.63398692810458,815.4030501089325,339.4727668845316,643.0,1.4122216990504535,19059.799564270153,mChi_1,mCherry RNAi,0.28705128459943263,0.9380046612288779,-13.493382925280123,70,2000
2162,58.014084507042256,263.5827464788732,309.9612676056338,700.0,1.6239053147102966,24959.0,mChi_1,mCherry RNAi,0.3797156660387586,-0.5602237347390189,25.68361148770479,70,2000
2163,59.917973462002415,305.2955367913148,241.88902291917972,988.0,1.5412377374235873,30817.15681544029,mChi_1,mCherry RNAi,0.5421778141291067,-0.44384979109293266,22.759111877202248,70,2000
2164,59.706555671175856,339.9292403746098,242.64724245577523,1193.0,1.6086557576283966,35538.02601456816,mChi_1,mCherry RNAi,0.5389855359074622,-0.3498112266739173,20.083838735046303,70,2000
2165,59.098692033293695,349.38644470868013,260.5243757431629,1101.0,1.5949345199945804,43111.293697978595,mChi_1,mCherry RNAi,0.4955157716571865,-0.32492980470480715,19.279839175098825,70,2000
2166,58.578796561604584,349.7865329512894,317.32521489971344,834.0,1.3438562601920738,41724.64756446992,mChi_1,mCherry RNAi,0.35864543307443153,-0.3261594690348498,20.259779669657124,70,2000
2167,60.04352226720648,357.1417004048583,221.87145748987854,1188.0,1.46198491048756,36290.24291497975,mChi_1,mCherry RNAi,0.588379094588735,-0.30216377311801346,18.62634580531014,70,2000
2168,59.99939357186173,365.21467556094603,308.63068526379624,2104.0,1.642819904566185,48589.63614311704,mChi_1,mCherry RNAi,0.3790745749157989,-0.2836185313720426,20.335539070201282,70,2000
2169,59.71864009378663,355.35756154747946,276.44548651817115,1055.0,1.5461381905781024,37317.77022274326,mChi_1,mCherry RNAi,0.4569701475987311,-0.3092034501048492,19.89757311572951,70,2000
2170,61.21915037086986,372.97167902899525,236.38098449089682,2067.0,1.841695510821492,36627.5947403911,mChi_1,mCherry RNAi,0.552883165170363,-0.2594837949527188,19.052835205518843,70,2000
2171,58.85127737226277,377.6934306569343,248.85857664233578,1418.0,1.7949051067506514,43517.70802919708,mChi_1,mCherry RNAi,0.5224954630523673,-0.24760541788485768,16.688594549161127,70,2000
2172,59.645270270270274,389.115990990991,209.75225225225225,1101.0,1.646155945572517,47178.541666666664,mChi_1,mCherry RNAi,0.6162983435253178,-0.2148862438083743,15.609400324386048,70,2000
2173,58.61603888213852,410.4337788578372,147.1433778857837,999.0,1.5966581341843609,30219.270959902795,mChi_1,mCherry RNAi,0.766214609599847,-0.1547209739858607,11.370555480731117,70,2000
2174,59.26164079822616,417.330376940133,132.83813747228382,584.0,1.4232334677941085,28397.62084257206,mChi_1,mCherry RNAi,0.8004439567529431,-0.13529627923150678,11.13487338262519,70,2000
2175,59.371364653243845,428.8680089485459,218.6890380313199,1075.0,1.4810291211551783,59545.48769574944,mChi_1,mCherry RNAi,0.593201660751957,-0.10727091325138782,12.724469462654145,70,2000
2176,59.21251819505095,436.6608442503639,182.7132459970888,861.0,1.5799950276947448,40867.47452692867,mChi_1,mCherry RNAi,0.6795462484120312,-0.08472410990062318,11.039818305615118,70,2000
2177,59.64229249011858,445.07213438735175,221.550395256917,1304.0,1.3578539169070112,62684.723320158104,mChi_1,mCherry RNAi,0.5856931247848836,-0.063297967479095,11.908928983251581,70,2000
2178,61.54140914709518,463.9375772558715,194.62978986402968,2175.0,1.3072729313458653,49872.67305315204,mChi_1,mCherry RNAi,0.6499208918519408,-0.010612213102999202,11.72520272029438,70,2000
2179,59.87064676616915,467.27280265339965,221.3117744610282,1400.0,1.4822726690656898,63001.83499170813,mChi_1,mCherry RNAi,0.585414985245351,-0.0029182018480373717,10.537368125049372,70,2000
2180,59.9918509895227,469.41327124563446,171.209545983702,1051.0,1.4824081130027722,54958.4772991851,mChi_1,mCherry RNAi,0.70602564238021,0.004875333772208279,9.157714262149593,70,2000
2181,58.994359387590656,474.54552780016115,340.98549556809024,1489.0,1.4162512162757652,64336.01128122482,mChi_1,mCherry RNAi,0.29680526592824363,0.01200563547030864,12.359125387583621,70,2000
2182,59.990281827016524,483.31875607385814,141.6365403304179,1232.0,1.3400899239780624,53772.99708454811,mChi_1,mCherry RNAi,0.7767181597339494,0.04381323472919996,7.363444643688577,70,2000
2183,59.81614906832298,485.14906832298135,224.50310559006212,1047.0,1.3684672359576573,64365.56894409938,mChi_1,mCherry RNAi,0.5770260727092071,0.04552158916235838,9.286258733358547,70,2000
2184,59.567940552016985,493.79723991507433,151.80148619957538,1123.0,1.3683366097109995,52978.638004246284,mChi_1,mCherry RNAi,0.7517972250613918,0.07180692760120433,6.463816872895752,70,2000
2185,59.55490483162518,505.8579795021962,86.50658857979502,1588.0,1.471358681938922,51995.76720351391,mChi_1,mCherry RNAi,0.9086083188444805,0.10712263946262834,3.8301349584407305,70,2000
2186,60.39108494533221,507.85618166526496,101.6282590412111,1431.0,1.3569723648652965,58273.769554247265,mChi_1,mCherry RNAi,0.8721570059083268,0.11212712449860263,4.927017751488819,70,2000
2187,58.34538878842676,513.6057866184449,201.22965641952985,741.0,1.5995859102789787,62178.665461121156,mChi_1,mCherry RNAi,0.6318845186045345,0.12346492518970353,5.152465888434936,70,2000
2188,59.00955414012739,514.9033970276008,146.74309978768576,1121.0,1.3927791314396838,53329.82271762208,mChi_1,mCherry RNAi,0.7631228465762843,0.1292458518799937,4.25678291421853,70,2000
2189,59.83670295489891,514.5458786936236,71.1244167962675,881.0,1.8673411848885588,37731.970451010886,mChi_1,mCherry RNAi,0.9453392173872015,0.13138528320011433,3.074246357390905,70,2000
2190,59.5524109014675,522.1415094339623,290.34381551362685,1147.0,1.699321118118133,59569.82809224319,mChi_1,mCherry RNAi,0.41696708748170774,0.14342172285783028,8.139240612796186,70,2000
2191,59.711977186311785,546.7252851711027,201.1235741444867,1320.0,1.8073336317853435,62364.98574144486,mChi_1,mCherry RNAi,0.6309313751792363,0.21373286840325756,4.135964326322018,70,2000
2192,58.805392731535754,547.3868698710434,309.3540445486518,1085.0,1.50895125015408,59274.74208675264,mChi_1,mCherry RNAi,0.3701426055173762,0.21113255109576978,6.0942062003053294,70,2000
2193,59.548358473824315,572.2484472049689,144.66193433895296,1303.0,1.3619912558135245,59280.396628216506,mChi_1,mCherry RNAi,0.7659296560829805,0.2852558329933639,0.623725167849944,70,2000
2194,60.04663677130045,588.1668161434977,238.57937219730943,1296.0,1.384566569000178,62805.79730941704,mChi_1,mCherry RNAi,0.5391096472827481,0.3249467911289483,2.5032871039068247,70,2000
2195,61.743695014662755,599.0697947214077,157.46862170087977,2103.0,1.2360660530651584,60401.43812316716,mChi_1,mCherry RNAi,0.7341696011356529,0.3580693566043387,1.232550535639767,70,2000
2196,60.19130434782609,601.5289855072464,198.54492753623188,905.0,1.5068163968650614,58901.066666666666,mChi_1,mCherry RNAi,0.6350320871764186,0.36284497861065157,0.6125640868507567,70,2000
2197,60.19090009891197,611.2720079129575,218.8921859545005,1210.0,1.4402150224410513,49418.342235410484,mChi_1,mCherry RNAi,0.5856388444674203,0.38852615814878466,0.4601376690623873,70,2000
2198,59.56339370829361,691.5748331744519,255.02383222116302,1230.0,1.4148422629372353,35491.815061963774,mChi_1,mCherry RNAi,0.4954291018342758,0.6051998251987563,-4.955652247804668,70,2000
2199,59.64074074074074,708.8435185185185,242.90555555555557,1311.0,1.5535094305978767,38626.531481481485,mChi_1,mCherry RNAi,0.5239500431389783,0.6526114734358186,-6.4432903204358905,70,2000
2200,60.582770270270274,736.8285472972973,167.9341216216216,1448.0,1.397103979981575,50264.85810810811,mChi_1,mCherry RNAi,0.7035074400576666,0.7317630672976503,-9.527373046857505,70,2000
2201,61.11078717201166,193.54227405247812,511.0116618075802,507.0,1.3495315666924583,21737.215743440232,mChi_1,mCherry RNAi,-0.10164836687036838,-0.7577737741513827,39.201362151912264,70,2000
2202,59.073170731707314,249.45232815964522,330.24833702882484,576.0,1.8337380001058343,19386.694013303768,mChi_1,mCherry RNAi,0.3314656984177349,-0.5992029039521487,28.29878819548021,70,2000
2203,60.14173228346457,337.3070866141732,256.2564679415073,1065.0,1.4759135036529933,42944.66591676041,mChi_1,mCherry RNAi,0.5063329608278828,-0.3573814329182923,21.07173292678826,70,2000
2204,60.30135135135135,337.1,310.06081081081084,873.0,1.4583219257465416,41615.44864864865,mChi_1,mCherry RNAi,0.3767465501015681,-0.36001055342302823,22.692196738230745,70,2000
2205,58.98118279569893,359.44086021505376,190.99462365591398,542.0,1.686466387421165,23080.892473118278,mChi_1,mCherry RNAi,0.6625996954389803,-0.2949212741114795,16.572090088332526,70,2000
2206,60.74374255065554,363.06197854588794,266.18474374255067,1019.0,1.5869162186927088,43121.219308700835,mChi_1,mCherry RNAi,0.48144909932207036,-0.28766676828334625,20.091048308318836,70,2000
2207,60.291501976284586,365.09584980237156,337.5009881422925,1204.0,1.4428373706647308,48567.63636363636,mChi_1,mCherry RNAi,0.3095543043492681,-0.2850096198603751,21.411452783987432,70,2000
2208,60.57936507936508,375.72354497354496,210.34656084656083,981.0,1.4855581209606508,37550.36507936508,mChi_1,mCherry RNAi,0.615447896551923,-0.25111689829130346,17.517592887065614,70,2000
2209,59.8544776119403,387.2363184079602,238.88681592039802,970.0,1.46845408791491,34166.96641791045,mChi_1,mCherry RNAi,0.5462051434735586,-0.22108865745900985,16.736096234894458,70,2000
2210,59.94579008073818,397.88235294117646,171.06805074971166,1053.0,1.532949966673583,35869.672433679356,mChi_1,mCherry RNAi,0.7091574936350085,-0.18949818774207727,14.240105741157276,70,2000
2211,61.36221590909091,407.13210227272725,302.8792613636364,915.0,1.3829515157283048,47512.55965909091,mChi_1,mCherry RNAi,0.39137611817941775,-0.1692247319117708,18.53229125403151,70,2000
2212,60.7621776504298,407.4823304680038,188.03724928366762,1434.0,1.4028898346079708,50821.27125119389,mChi_1,mCherry RNAi,0.6679576948156842,-0.16391342715514756,14.821518696268601,70,2000
2213,60.87920168067227,409.984243697479,278.73214285714283,1189.0,1.373353125593694,58800.84348739496,mChi_1,mCherry RNAi,0.4494005156586198,-0.16062812396991122,17.19690233307743,70,2000
2214,60.07117117117117,417.9792792792793,202.56396396396397,1277.0,1.5130183750318495,56803.92792792793,mChi_1,mCherry RNAi,0.6325126740621745,-0.13609243627962353,13.769950841633392,70,2000
2215,60.486083499005964,422.03677932405566,269.1163021868787,1270.0,1.454923631650372,62253.783300198804,mChi_1,mCherry RNAi,0.47206806550486813,-0.1275803010741725,15.681699060437015,70,2000
2216,61.476699029126216,439.18640776699027,279.8611650485437,1315.0,1.514002313352155,64250.30485436893,mChi_1,mCherry RNAi,0.44557745559202555,-0.08120404582068563,15.727831117333888,70,2000
2217,61.05251951738822,437.6167494677076,347.2817601135557,1662.0,1.435637921994104,61931.54009936125,mChi_1,mCherry RNAi,0.2832090296377916,-0.08818131449340594,17.23002700665919,70,2000
2218,59.334545454545456,453.88363636363636,122.84181818181818,728.0,1.4484870201145872,30833.49818181818,mChi_1,mCherry RNAi,0.8231000074405055,-0.035566528866563085,8.316243704908494,70,2000
2219,61.6728515625,477.359375,190.71484375,1293.0,1.4107902231048035,61246.302734375,mChi_1,mCherry RNAi,0.6588351861627995,0.026037133596440887,10.788038552435875,70,2000
2220,60.53312302839117,491.0010515247108,265.74132492113563,1270.0,1.8933702016698946,62016.572029442694,mChi_1,mCherry RNAi,0.47750703668558203,0.05995620480699704,10.689896649437241,70,2000
2221,59.51465416178195,499.98593200468935,286.92497069167644,995.0,1.7507908532012346,58810.730363423216,mChi_1,mCherry RNAi,0.42606544746562536,0.08334455160156629,9.599277662324688,70,2000
2222,60.8454157782516,508.1950959488273,126.6407249466951,1113.0,1.2481103709216728,55783.48933901919,mChi_1,mCherry RNAi,0.8119217316712151,0.11216215066035629,6.028122950534918,70,2000
2223,61.02199816681943,506.7332722273144,205.37580201649862,1347.0,1.443979444018675,63368.19156736939,mChi_1,mCherry RNAi,0.6223319910931282,0.10515485693577453,8.425752372972994,70,2000
2224,59.67880794701987,514.39293598234,348.9580573951435,1171.0,1.9012229124266768,48800.66887417219,mChi_1,mCherry RNAi,0.2760870393891175,0.1201061588508825,10.396965833468506,70,2000
2225,61.84905660377358,513.001179245283,162.43514150943398,1071.0,1.3743697848198027,57571.856132075474,mChi_1,mCherry RNAi,0.7255744439904814,0.12402335983541568,7.6462759546615295,70,2000
2226,60.207478005865106,531.0909090909091,353.9824046920821,1574.0,1.6227733661134067,52928.197214076245,mChi_1,mCherry RNAi,0.2633649988673017,0.16538736469780657,9.86112693812273,70,2000
2227,60.99323017408124,533.1624758220503,215.17311411992264,1327.0,1.7515990528647558,63797.38394584139,mChi_1,mCherry RNAi,0.5976980634811091,0.17658292537290454,6.764243118776829,70,2000
2228,59.61486486486486,559.3455598455598,249.98455598455598,1274.0,1.5307789513176642,62783.5444015444,mChi_1,mCherry RNAi,0.5127356118783755,0.24610162926719958,4.447232638648732,70,2000
2229,59.9054054054054,561.4944356120827,277.76073131955485,1495.0,1.5684686303545923,62828.70985691574,mChi_1,mCherry RNAi,0.4457622161800554,0.2509148859202015,5.329468444734612,70,2000
2230,61.01646706586826,579.9738023952095,207.5127245508982,1656.0,1.5619858289439483,61901.34580838323,mChi_1,mCherry RNAi,0.6143235549976918,0.3040859412181698,3.22290553704784,70,2000
2231,60.89655172413793,617.4869383490073,234.5224660397074,1306.0,1.8324161764479912,43319.649947753394,mChi_1,mCherry RNAi,0.5477895786526499,0.40494321118519805,1.1380117970680281,70,2000
2232,61.53778677462888,626.9885290148449,158.04993252361675,1753.0,1.298654661448431,61461.02024291498,mChi_1,mCherry RNAi,0.7316660801690948,0.43386940764739657,-0.9602070394361633,70,2000
2233,61.30119284294235,651.1232604373757,143.9214711729622,1244.0,1.5399319023521716,53293.24453280318,mChi_1,mCherry RNAi,0.764741489707734,0.4999547287153192,-3.307521762922665,70,2000
2234,61.045793397231094,661.6421725239617,178.34504792332268,1129.0,1.441421079153879,57737.43876464324,mChi_1,mCherry RNAi,0.681394926461081,0.5271452713592182,-3.3914389383903334,70,2000
2235,61.460696517412934,675.3154228855722,176.7582089552239,1254.0,1.4379071562140233,51269.90945273632,mChi_1,mCherry RNAi,0.6847090462614527,0.5644428394209646,-4.0014286010644895,70,2000
2236,60.5459587955626,690.56735340729,215.54041204437402,1464.0,1.4139061149302525,45313.79793977813,mChi_1,mCherry RNAi,0.5906375483601003,0.604194794446369,-4.965149579399416,70,2000
2237,61.058035714285715,706.4205357142857,203.8892857142857,1380.0,1.3856569492285224,36059.96875,mChi_1,mCherry RNAi,0.6181155138366048,0.647827362343683,-5.905219013755016,70,2000
2238,61.58998302207131,721.4804753820034,161.5025466893039,1404.0,1.3397580421428341,45643.853140916806,mChi_1,mCherry RNAi,0.7196619356440894,0.6905067242948377,-7.5948486588996875,70,2000
2239,61.32846153846154,723.3053846153846,246.9353846153846,1615.0,1.3458993749516392,44383.57384615385,mChi_1,mCherry RNAi,0.5137829672684153,0.6920831612876515,-5.68978803753085,70,2000
2240,60.1138353765324,739.5201401050788,351.61295971978984,1320.0,1.321289191989392,40410.986865148865,mChi_1,mCherry RNAi,0.2609258239502674,0.7318232303336454,-5.250088739301365,70,2000
2241,61.3587786259542,743.8691384950927,455.2464558342421,1091.0,1.5686834710312814,39318.693565976006,mChi_1,mCherry RNAi,0.011199957249509174,0.7398448572536223,-1.5347873875260767,70,2000
2242,61.346441947565545,258.41198501872657,358.3239700374532,640.0,1.416279009148611,22303.91947565543,mChi_1,mCherry RNAi,0.26362815115608274,-0.5755047099483177,30.677324604183053,70,2000
2243,60.31715210355987,341.93851132686086,210.17152103559872,501.0,1.7298983959385907,21315.462783171522,mChi_1,mCherry RNAi,0.6171728278046744,-0.34296522889849734,19.67541605756713,70,2000
2244,60.68074534161491,360.41242236024846,203.32298136645963,977.0,1.5341575505788678,29417.921739130434,mChi_1,mCherry RNAi,0.6329706886784954,-0.2924278288562583,18.528381244376522,70,2000
2245,60.89711934156379,363.73251028806584,291.82853223593963,892.0,1.5563298750599506,46863.46364883402,mChi_1,mCherry RNAi,0.41966143610151785,-0.2868144196826893,20.885263840286232,70,2000
2246,60.85266457680251,376.84169278996865,272.30564263322884,848.0,1.461214608062131,31306.01724137931,mChi_1,mCherry RNAi,0.466173574859996,-0.2504405761127706,19.37555051218467,70,2000
2247,61.59387483355526,379.0918774966711,181.52063914780294,1004.0,1.6497986461666754,30620.198402130492,mChi_1,mCherry RNAi,0.6848155314897473,-0.24064084127314478,17.51250766090777,70,2000
2248,61.547204399633365,400.0494958753437,223.6883593033914,1341.0,1.4953821910929255,56366.08615948671,mChi_1,mCherry RNAi,0.5824200528035939,-0.18534625012693295,17.09595192886604,70,2000
2249,60.847290640394085,396.57635467980293,101.62807881773399,513.0,1.4225214131680852,22610.931034482757,mChi_1,mCherry RNAi,0.8765321920397247,-0.19016233429859153,13.365859048140944,70,2000
2250,61.11001236093943,412.43139678615574,218.31273176761434,1052.0,1.6136981721981847,49461.92212608158,mChi_1,mCherry RNAi,0.5948581334344878,-0.15157743390507994,15.627165746352045,70,2000
2251,61.921052631578945,425.3562753036437,161.95647773279353,1223.0,1.5639876929819825,32139.35020242915,mChi_1,mCherry RNAi,0.7301551912656252,-0.11410012001922876,13.99344137621733,70,2000
2252,61.75868372943327,441.7294332723949,116.10054844606947,1062.0,1.9541408790668213,27171.87385740402,mChi_1,mCherry RNAi,0.8399637964172255,-0.06785359789543588,11.42405269816842,70,2000
2253,61.50414746543779,448.1760368663594,238.26820276497696,1339.0,1.368690721309746,63843.00829493088,mChi_1,mCherry RNAi,0.5454175680713256,-0.05514958005145831,13.992051075183728,70,2000
2254,61.55641025641026,448.934188034188,179.52393162393162,1454.0,1.3839069569589493,52900.57863247863,mChi_1,mCherry RNAi,0.6868949676670324,-0.05078880347486847,12.410505918748047,70,2000
2255,61.442643391521194,457.2082294264339,164.52493765586036,1038.0,1.4752822086035444,39917.04239401496,mChi_1,mCherry RNAi,0.7226944488312159,-0.027743430933308333,11.300209311113957,70,2000
2256,62.33140495867769,463.22644628099175,337.3586776859504,1542.0,1.4425644930120245,64674.479338842975,mChi_1,mCherry RNAi,0.30619104106180806,-0.017954137042754725,16.400968592712967,70,2000
2257,61.84597341673182,478.0766223612197,357.3494917904613,1549.0,1.5481519982437253,60382.644253322906,mChi_1,mCherry RNAi,0.25742678936480456,0.021523190552677818,15.388935707977996,70,2000
2258,61.51445663010967,502.1874376869392,161.52143569292124,1209.0,1.702193503405351,54443.412761714855,mChi_1,mCherry RNAi,0.728176962696101,0.09460917615903841,8.06394812658434,70,2000
2259,61.74650912996778,507.3576799140709,188.94629430719655,1134.0,1.3544806657012494,60110.174006444686,mChi_1,mCherry RNAi,0.6619281782314008,0.10763455025940094,8.66164950209929,70,2000
2260,61.3428927680798,514.8341645885287,229.90149625935163,1053.0,1.3865620179314326,64580.43890274314,mChi_1,mCherry RNAi,0.5629577957524794,0.12627414723286012,8.823829601166736,70,2000
2261,62.20525783619818,519.252780586451,213.680485338726,1218.0,1.4029106547643109,62584.71385237614,mChi_1,mCherry RNAi,0.6019121243427565,0.13908276141920473,8.930558120097022,70,2000
2262,61.83216783216783,522.8505244755245,256.7089160839161,1404.0,1.4416621478457847,62685.9256993007,mChi_1,mCherry RNAi,0.49810112243211346,0.14710787678349035,9.457198350586285,70,2000
2263,61.94438138479001,527.9852440408627,158.68898978433597,1041.0,1.489461387542541,57508.46878547106,mChi_1,mCherry RNAi,0.734018880939376,0.1649041521159409,6.565550324444079,70,2000
2264,61.16143497757847,535.7560538116592,191.85829596412557,1341.0,1.364029679104237,62342.41255605381,mChi_1,mCherry RNAi,0.6537681723188111,0.18457251026149546,6.119085353903198,70,2000
2265,61.288747346072185,532.1953290870488,131.23142250530785,575.0,1.2756469539129298,50863.732484076434,mChi_1,mCherry RNAi,0.7999537539565873,0.1772858191074589,4.871623892254014,70,2000
2266,63.11842105263158,550.2621457489879,302.5485829959514,1307.0,1.5870155050437207,61650.824898785424,mChi_1,mCherry RNAi,0.3866913656312956,0.22005870538931038,10.005308782976641,70,2000
2267,60.89123196448391,550.5849056603773,267.79578246392896,1110.0,1.5833771635214624,64644.63374028857,mChi_1,mCherry RNAi,0.4702532458547519,0.22185289120061524,6.827228002131829,70,2000
2268,61.18445322793149,553.7193675889328,114.06982872200264,904.0,1.4631551056342695,46151.25559947299,mChi_1,mCherry RNAi,0.840445592154474,0.23642140721152138,2.7619875702822227,70,2000
2269,62.33231083844581,552.7760736196319,132.3517382413088,1182.0,1.4767851276710413,62979.43865030675,mChi_1,mCherry RNAi,0.7965161219525723,0.23337106057918655,4.465633586505454,70,2000
2270,61.42462311557789,561.3065326633166,184.821608040201,523.0,1.2970031330496945,44151.4296482412,mChi_1,mCherry RNAi,0.6697366086235532,0.25432656882273585,4.359160742508173,70,2000
2271,62.46606334841629,571.3144796380091,179.2285067873303,1183.0,1.3508792098384923,58434.34954751131,mChi_1,mCherry RNAi,0.6828831437997855,0.2819438254440312,4.529137729692049,70,2000
2272,63.02516175413372,574.6347951114307,262.20920201294035,1824.0,1.4809301501633327,63514.15672178289,mChi_1,mCherry RNAi,0.482903503815022,0.2878406360602257,7.079192786860062,70,2000
2273,61.85776805251641,583.2035010940918,93.42341356673961,1282.0,1.6744016733599136,28776.245076586434,mChi_1,mCherry RNAi,0.8890691124750689,0.31747558711641144,0.7628777041958656,70,2000
2274,61.6956106870229,594.5438931297709,211.11164122137404,1381.0,1.6468111942633645,61318.82442748092,mChi_1,mCherry RNAi,0.6051275670960279,0.34367023831018706,2.9514460781715783,70,2000
2275,61.54695222405272,602.1960461285008,123.74464579901154,762.0,1.4809535603331951,42506.14991762768,mChi_1,mCherry RNAi,0.8152699066623568,0.36784046937168347,-0.09453568343331753,70,2000
2276,61.90875912408759,607.2737226277372,185.85401459854015,1317.0,1.360977167039393,62442.9799270073,mChi_1,mCherry RNAi,0.6654844192513945,0.3792875040252912,1.5716255708046063,70,2000
2277,62.7643362136685,622.1311861743912,183.28043990573448,1535.0,1.3371948470663448,59993.73998428908,mChi_1,mCherry RNAi,0.6711565266967303,0.4199280192689716,1.2895238672226839,70,2000
2278,62.16,633.0648648648648,170.00432432432433,1117.0,1.487668261208886,56137.255135135136,mChi_1,mCherry RNAi,0.702671557926364,0.45003677669290365,-0.4544035399808344,70,2000
2279,62.818731117824775,659.1148036253776,134.8021148036254,858.0,1.3439617687212906,35516.77039274925,mChi_1,mCherry RNAi,0.7864904431519826,0.5223239173591196,-2.6129740636372922,70,2000
2280,61.513666352497644,673.9585296889727,204.83506126295947,1251.0,1.4785018980423252,47385.73138548539,mChi_1,mCherry RNAi,0.6171335443283161,0.5596714926729083,-3.0964538553267573,70,2000
2281,61.86525505293552,687.330125120308,152.73724735322426,1356.0,1.3930864003928467,39447.151106833495,mChi_1,mCherry RNAi,0.7421268333408997,0.5981063110640696,-5.105847455256512,70,2000
2282,61.94409377817854,689.6573489630298,168.41298467087466,1350.0,1.4595784817418402,40967.504959422906,mChi_1,mCherry RNAi,0.7042809682096134,0.6038343592679565,-4.7727908037813975,70,2000
2283,62.271047227926076,689.9219712525668,199.42402464065708,1242.0,1.4301318015660953,31393.373716632443,mChi_1,mCherry RNAi,0.6295912579451621,0.6034085933355757,-3.632094889294933,70,2000
2284,61.731439046746104,808.1173235563703,245.33822181484877,1320.0,1.3250737948060392,38836.563703024745,mChi_1,mCherry RNAi,0.5143426557170498,0.9226829705489599,-11.415925433955316,70,2000
2285,61.66613418530351,298.7635782747604,359.8594249201278,745.0,1.4382324570727374,21921.607028753995,mChi_1,mCherry RNAi,0.2583733317992256,-0.4658548989335004,28.1422544058039,70,2000
2286,62.79668674698795,341.4653614457831,271.83584337349396,814.0,1.356786536082001,38366.32981927711,mChi_1,mCherry RNAi,0.4688077697308113,-0.3461677176940253,23.839370071269453,70,2000
2287,63.709779179810724,344.8698738170347,226.38880126182966,1755.0,1.8862378022226736,30066.62302839117,mChi_1,mCherry RNAi,0.5782048040839445,-0.3349652433242356,23.28373377280118,70,2000
2288,62.38168846611177,371.10701545778835,253.79191438763377,1015.0,1.7350040246579832,43287.120095124854,mChi_1,mCherry RNAi,0.511088618417401,-0.26500092188941715,20.813808861238957,70,2000
2289,62.04607508532423,378.8788395904437,195.99829351535837,764.0,1.6766825490616364,29957.974402730375,mChi_1,mCherry RNAi,0.6499780383513918,-0.24169530278241513,18.367875404028485,70,2000
2290,62.17883755588674,381.3532041728763,317.1192250372578,782.0,1.5383185773081784,41912.318926974665,mChi_1,mCherry RNAi,0.3581323808797632,-0.23966804841905887,21.57889013751203,70,2000
2291,62.20686070686071,392.6340956340956,185.54261954261955,1256.0,1.4422160824716266,45712.20374220374,mChi_1,mCherry RNAi,0.6746364997134628,-0.20387906866744254,17.260205075401938,70,2000
2292,63.94200497100248,411.2278376139188,290.53603976801986,1449.0,1.417149984965201,62713.89312344656,mChi_1,mCherry RNAi,0.4211089189024626,-0.15710705246653378,20.478810152334407,70,2000
2293,62.32102272727273,417.71022727272725,243.265625,958.0,1.5332414913699204,56421.05965909091,mChi_1,mCherry RNAi,0.534620432009838,-0.13796816826230274,17.126701072278205,70,2000
2294,62.181705809641535,420.65636588380715,229.15080346106305,1043.0,1.5208742511531246,55975.163164400496,mChi_1,mCherry RNAi,0.5684966215050302,-0.12943972872255205,16.396959734382268,70,2000
2295,62.22680412371134,434.8030927835052,228.3422680412371,1312.0,1.4771512162156233,60669.34226804124,mChi_1,mCherry RNAi,0.5698944841536484,-0.09095863203249643,15.405205461133892,70,2000
2296,62.22133599202393,441.5593220338983,209.84745762711864,1268.0,1.513398743989983,60848.07377866401,mChi_1,mCherry RNAi,0.6141807341938934,-0.07188000104725967,14.417807302634895,70,2000
2297,62.13414634146341,439.9906743185079,363.55308464849355,1591.0,1.4767923789106585,59925.615494978476,mChi_1,mCherry RNAi,0.2439889953730794,-0.08215245676073846,18.575584963312163,70,2000
2298,62.51095530236635,462.14723926380367,180.37160385626643,1502.0,1.4438463150750718,53511.487291849255,mChi_1,mCherry RNAi,0.6843963203392549,-0.014730563356892601,12.437038266173158,70,2000
2299,62.547490347490346,483.33976833976834,326.1173745173745,1575.0,1.5647218967645382,63756.001544401544,mChi_1,mCherry RNAi,0.33249703433418,0.03718028467226642,14.871143451955536,70,2000
2300,63.70259481037924,487.5918163672655,92.1996007984032,1225.0,1.4309834110243924,35325.63672654691,mChi_1,mCherry RNAi,0.8958661109174462,0.05808164393316462,9.429222062442843,70,2000
2301,62.98153846153846,487.57641025641027,233.3025641025641,1268.0,1.4773647305743747,64258.11384615384,mChi_1,mCherry RNAi,0.5559317352686257,0.05239655007180111,12.504750651557654,70,2000
2302,63.645833333333336,491.23778735632186,215.75933908045977,1629.0,1.4566666971163726,63291.42744252874,mChi_1,mCherry RNAi,0.598088294702352,0.06316014417296634,12.4327748192128,70,2000
2303,62.9875,496.97333333333336,351.0525,1398.0,1.5501520317969448,62109.4825,mChi_1,mCherry RNAi,0.2719279016903069,0.07334088305589903,15.00204053956951,70,2000
2304,63.26465661641541,504.60134003350083,175.32914572864323,1508.0,1.4121735506035984,60014.018425460636,mChi_1,mCherry RNAi,0.694931288956566,0.10097414843915709,10.007014814073184,70,2000
2305,63.12280701754386,521.1754385964912,125.07843137254902,1268.0,1.4183591173976235,57951.828689370486,mChi_1,mCherry RNAi,0.8153195211910704,0.14794206633486473,7.325520478359309,70,2000
2306,62.602069614299154,520.7478833490122,198.24741298212606,1241.0,1.323041140248982,62189.188146754466,mChi_1,mCherry RNAi,0.6390537180060911,0.14382511232843886,8.804037470988593,70,2000
2307,62.93127962085308,534.457345971564,104.34241706161137,1008.0,1.3257608137283994,56460.77962085308,mChi_1,mCherry RNAi,0.8647379612633348,0.18480363956894208,5.624161167409241,70,2000
2308,63.6889400921659,542.215821812596,278.3164362519201,1573.0,1.4689207261024833,61835.74577572964,mChi_1,mCherry RNAi,0.4454117201497232,0.19925148460482855,10.500001399241985,70,2000
2309,63.91393078970719,557.4401064773735,155.16503992901508,1345.0,1.4459621546128245,58598.98402839396,mChi_1,mCherry RNAi,0.7414793310457739,0.24546602139067586,6.321278920127639,70,2000
2310,63.91263157894737,563.3526315789474,108.54631578947368,1163.0,1.2918033324360658,58708.88210526316,mChi_1,mCherry RNAi,0.8535439471556892,0.2633494135155545,4.642497645882095,70,2000
2311,63.60390243902439,566.0351219512195,194.44780487804877,1238.0,1.3532560371160254,58962.20195121951,mChi_1,mCherry RNAi,0.6464996582888136,0.26722859145448585,6.4515596433526845,70,2000
2312,62.372634643377005,577.6011644832605,279.6783114992722,855.0,1.400326960766636,55258.10043668122,mChi_1,mCherry RNAi,0.4406673371017429,0.29509172961130337,6.685389099912346,70,2000
2313,63.18595825426945,585.2789373814041,122.99240986717268,658.0,1.2595684963273601,36534.39658444023,mChi_1,mCherry RNAi,0.817844498209308,0.3222233712663809,2.733179599594642,70,2000
2314,62.64953751284686,592.1891058581706,190.344295991778,1170.0,1.461812038402588,61659.75436793423,mChi_1,mCherry RNAi,0.6553033966936381,0.33826883382088857,3.513215850305208,70,2000
2315,61.73877551020408,617.465306122449,124.39387755102041,628.0,1.4625895643347246,48527.94693877551,mChi_1,mCherry RNAi,0.8131215586648601,0.40934381636826167,-0.9813444642946472,70,2000
2316,63.0253164556962,632.6413502109705,142.97257383966246,631.0,1.3987342944734222,44027.66244725738,mChi_1,mCherry RNAi,0.7678562086878158,0.4501100173239223,-0.287956433579847,70,2000
2317,63.41509433962264,643.8279689234184,153.38845726970033,1111.0,1.416145733088199,56584.21642619312,mChi_1,mCherry RNAi,0.7423536180140271,0.48017778024065705,-0.42191262572690036,70,2000
2318,63.327556325823224,653.6741767764298,191.03552859618716,1352.0,1.3516107485575957,54355.06585788562,mChi_1,mCherry RNAi,0.6512789753497388,0.5054477102818371,-0.20353812039401475,70,2000
2319,63.53532608695652,660.3922101449275,205.98460144927537,1309.0,1.248704788712487,47530.23007246377,mChi_1,mCherry RNAi,0.6150200203653795,0.5231605226626646,-0.0764917308135189,70,2000
2320,62.67536704730832,662.1305057096248,153.89070146818923,834.0,1.4005934674176101,36794.376835236544,mChi_1,mCherry RNAi,0.7403829757296079,0.5297460127128708,-2.4591134327700495,70,2000
2321,62.264223722275794,678.9623915139827,225.80520732883318,1203.0,1.5272581791927649,45161.08968177435,mChi_1,mCherry RNAi,0.5664716507487206,0.5725983564754737,-2.1433605881441657,70,2000
2322,64.31208499335989,689.570385126162,127.04116865869854,2203.0,1.8384656714658423,29598.438911022575,mChi_1,mCherry RNAi,0.804088334390118,0.605676611802809,-3.517745550584319,70,2000
2323,63.03373819163293,703.9649122807018,156.76653171390012,944.0,1.3258815048481214,37448.01214574899,mChi_1,mCherry RNAi,0.7318439345438206,0.6433803955393753,-5.02597150692225,70,2000
2324,63.53234200743494,763.7070631970261,162.3724907063197,1637.0,1.3460369177553557,47469.90408921933,mChi_1,mCherry RNAi,0.7160378001771897,0.8055963684895724,-8.664438303962518,70,2000
2325,61.566744730679154,763.3793911007026,264.1709601873536,617.0,1.9347184020092887,23761.655737704918,mChi_1,mCherry RNAi,0.4707153299782063,0.8003505516901617,-7.864035734905645,70,2000
2326,64.078125,344.80580357142856,259.86607142857144,1217.0,1.6003201066127684,41746.88169642857,mChi_1,mCherry RNAi,0.49758982506398275,-0.3363721801485561,24.55558427576717,70,2000
2327,63.270967741935486,353.0430107526882,247.9763440860215,1117.0,1.4630189988379256,40841.23655913978,mChi_1,mCherry RNAi,0.5258580278016634,-0.31368443301573334,22.840166609315073,70,2000
2328,63.67723004694836,358.7335680751174,236.23356807511738,1080.0,1.5891916100302463,42079.461267605635,mChi_1,mCherry RNAi,0.5539471199857129,-0.29768385464049796,22.52126645905042,70,2000
2329,63.152,370.7371428571429,283.344,1060.0,1.5879830948750393,47337.22742857143,mChi_1,mCherry RNAi,0.43996558306099653,-0.26700675210418434,22.402860655420316,70,2000
2330,65.51642335766424,380.8211678832117,178.42700729927006,798.0,1.6702924146530578,26582.2901459854,mChi_1,mCherry RNAi,0.6924436972725938,-0.2350501403406703,21.21628661547305,70,2000
2331,62.674199623352166,384.4425612052731,167.45197740112994,722.0,1.6926356511178406,23392.75329566855,mChi_1,mCherry RNAi,0.718562399276911,-0.22534060338200446,17.827545213137842,70,2000
2332,62.949101796407184,392.9865269461078,250.67365269461078,826.0,1.672704629208952,43738.03592814371,mChi_1,mCherry RNAi,0.5177805977746746,-0.20531490323426382,19.725937190876483,70,2000
2333,63.19714656290532,399.90920881971465,237.61608300907912,921.0,1.3988614948862712,39701.652399481194,mChi_1,mCherry RNAi,0.5489788215501392,-0.18594612988755532,19.125537048807676,70,2000
2334,64.79041248606465,419.18060200668896,213.4102564102564,1183.0,1.451411479089814,51188.11817168339,mChi_1,mCherry RNAi,0.6066323427375302,-0.13232326419104268,18.680716537988122,70,2000
2335,62.590998043052835,437.55381604696674,192.573385518591,732.0,1.6209835348966097,48016.610567514675,mChi_1,mCherry RNAi,0.6559701033036713,-0.08201793703802618,14.609375542746509,70,2000
2336,63.5303776683087,460.08045977011494,151.50738916256157,737.0,1.2952974181799182,35343.58620689655,mChi_1,mCherry RNAi,0.7540687874759617,-0.019020802951696503,12.82577413819023,70,2000
2337,64.36929922135707,472.7452725250278,268.3681868743048,1107.0,1.550123938254706,60952.98109010011,mChi_1,mCherry RNAi,0.4721308385539622,0.011001734247554351,15.895211377302676,70,2000
2338,62.693396226415096,475.19221698113205,119.74056603773585,1036.0,1.5854113132495717,35145.78655660377,mChi_1,mCherry RNAi,0.8299467676714993,0.023116192738285912,10.053023857304972,70,2000
2339,63.500613496932516,482.8110429447853,176.440490797546,1013.0,1.469942020292956,48340.860122699385,mChi_1,mCherry RNAi,0.6931200247918714,0.04176672762577294,11.835541131483065,70,2000
2340,63.39225589225589,485.3198653198653,152.92592592592592,845.0,1.3581409789351049,41514.318181818184,mChi_1,mCherry RNAi,0.7496574108445353,0.049479427768544415,10.915344946390011,70,2000
2341,63.43520782396088,488.4156479217604,128.5122249388753,1017.0,1.5849339557656053,41331.90586797066,mChi_1,mCherry RNAi,0.8083471209711943,0.05885186829665834,10.079728909817014,70,2000
2342,63.64461883408072,490.9719730941704,80.03699551569507,1119.0,1.4404038351352104,34934.03699551569,mChi_1,mCherry RNAi,0.9250278854862237,0.06772930994277426,8.801925777175814,70,2000
2343,66.14942528735632,489.4898320070734,247.34924845269674,1556.0,1.5647352043544425,61990.06631299735,mChi_1,mCherry RNAi,0.5222180579117517,0.057670948825016666,15.903669321158855,70,2000
2344,63.93933463796478,504.07142857142856,279.31898238747556,1256.0,1.5465785591647385,62344.31115459883,mChi_1,mCherry RNAi,0.44450219273156333,0.0956123827316755,13.513353563067877,70,2000
2345,64.55723746452223,510.94039735099335,112.31409649952697,1292.0,1.3868062555621214,56033.18921475875,mChi_1,mCherry RNAi,0.8465552696715015,0.12091018402899256,9.14691512695692,70,2000
2346,63.500974658869396,504.7007797270955,258.2768031189084,1223.0,1.3762942479668363,64118.33820662768,mChi_1,mCherry RNAi,0.49513697596940975,0.09805675249107204,12.46543796063111,70,2000
2347,62.76585820895522,513.3078358208955,328.16231343283584,1430.0,1.894610381214288,56019.299440298506,mChi_1,mCherry RNAi,0.3264142320553398,0.11857530049124376,12.993729177884884,70,2000
2348,63.554266777133385,518.0588235294117,243.09693454846726,1455.0,1.3872375191658461,63748.10024855012,mChi_1,mCherry RNAi,0.5311839576542423,0.13495670815091598,11.152085341675527,70,2000
2349,63.288119738072965,527.9794200187091,317.47240411599626,1297.0,1.6468179487775778,51646.093545369506,mChi_1,mCherry RNAi,0.3516235928641245,0.15896165313957478,12.174431409303704,70,2000
2350,63.21166892808684,542.876526458616,156.80325644504748,876.0,1.2974627662518463,46708.01356852103,mChi_1,mCherry RNAi,0.7380583714397357,0.2056906797886613,6.710014129103904,70,2000
2351,63.23876651982379,547.4969162995594,252.5656387665198,1333.0,1.4937566697904379,62585.33127753304,mChi_1,mCherry RNAi,0.5072062447428305,0.21451723537836398,8.979974057729176,70,2000
2352,63.68523949169111,561.464320625611,206.28641251221896,1201.0,1.3427414546641188,60589.560117302055,mChi_1,mCherry RNAi,0.6181662885650823,0.2543628279806194,7.17886314846233,70,2000
2353,64.76130055511499,561.5574940523394,267.60586835844566,1553.0,1.4743113976496331,63543.23235527359,mChi_1,mCherry RNAi,0.47052261967709885,0.25243674893882684,9.893565883735647,70,2000
2354,64.49283439490446,580.2093949044586,192.9450636942675,1539.0,1.543551332184111,62303.14649681529,mChi_1,mCherry RNAi,0.6496210885841214,0.30597748837975236,6.2805194531052955,70,2000
2355,64.42122186495178,613.9244372990354,115.78135048231512,759.0,1.349907520470487,50312.47909967846,mChi_1,mCherry RNAi,0.834172478523149,0.4005853801060848,1.7157271788480806,70,2000
2356,62.946,676.916,123.806,691.0,1.4498226697459233,30630.374,mChi_1,mCherry RNAi,0.8122906132379555,0.5711486121678975,-4.058875255706333,70,2000
2357,63.830830039525694,731.1509881422925,262.1841897233202,1717.0,1.3362447043435588,44083.482213438736,mChi_1,mCherry RNAi,0.47690055486565397,0.7132992970850915,-3.3477296256363047,70,2000
2358,64.23581560283688,742.0673758865248,210.23670212765958,1308.0,1.4040930724681044,43121.764184397165,mChi_1,mCherry RNAi,0.6016309506934949,0.7450672491067658,-5.123688490344634,70,2000
2359,63.65670202507233,761.8910318225651,295.46673095467696,1173.0,1.5001610947197286,35897.092574734816,mChi_1,mCherry RNAi,0.395517775308448,0.7954969079134742,-4.832092740806562,70,2000
2360,63.714568880079284,785.8434093161546,553.9563924677899,1152.0,1.4423593174411407,54860.65411298315,mChi_1,mCherry RNAi,-0.22806654677900573,0.8505154599018621,0.45623621652102386,70,2000
2361,64.77327935222672,334.06275303643724,209.1417004048583,684.0,1.597992082340621,20396.111336032387,mChi_1,mCherry RNAi,0.6202379779445328,-0.3634497688345527,24.655820392664705,70,2000
2362,65.49595141700405,367.1255060728745,190.54655870445345,622.0,1.624532811064816,21725.139676113362,mChi_1,mCherry RNAi,0.6637836631242484,-0.2727417297539414,22.504313540600915,70,2000
2363,64.7271714922049,372.6436525612472,319.19376391982183,1048.0,1.5243445148027865,49177.71826280624,mChi_1,mCherry RNAi,0.3536337403506391,-0.2629143193051635,24.800387640047585,70,2000
2364,64.61134453781513,381.95693277310926,216.65126050420167,1156.0,1.471790007920381,45791.279411764706,mChi_1,mCherry RNAi,0.6002681484657288,-0.233632195868839,21.259987404831097,70,2000
2365,64.9647577092511,383.00881057268725,250.15271659324523,821.0,1.354804721425583,40307.627019089574,mChi_1,mCherry RNAi,0.5195503952122342,-0.2320106608626359,22.437533557699293,70,2000
2366,63.6356050069541,388.8970792767733,227.39221140472878,878.0,1.5367513695555572,41831.5173852573,mChi_1,mCherry RNAi,0.5740635418967419,-0.21538442508453404,20.077937893836147,70,2000
2367,64.46696428571428,391.27410714285713,199.93125,1340.0,1.4381457456642923,52686.614285714284,mChi_1,mCherry RNAi,0.6401705854976356,-0.20769124949661777,19.998058677047563,70,2000
2368,64.18876941457587,395.584229390681,280.72759856630825,1032.0,1.3670852061969372,42385.29988052569,mChi_1,mCherry RNAi,0.445361932875469,-0.1991842822077573,21.5835429474327,70,2000
2369,63.824833702882486,400.97339246119736,166.0731707317073,645.0,1.6885756578346602,28497.91130820399,mChi_1,mCherry RNAi,0.7213095133071341,-0.18014164884084294,17.75169395637587,70,2000
2370,66.94399569197631,409.15293484114164,256.14001077005923,2197.0,1.5652355380927592,58466.43295638126,mChi_1,mCherry RNAi,0.5042299833307688,-0.16081394566938634,22.69615419635122,70,2000
2371,64.93943139678616,414.99876390605687,185.1372064276885,1026.0,1.612965346719673,40380.18665018542,mChi_1,mCherry RNAi,0.6749093322694271,-0.14255487894689456,18.369249030379468,70,2000
2372,64.68304668304668,426.47174447174444,260.13841113841113,1409.0,1.4953550807664056,62246.60524160524,mChi_1,mCherry RNAi,0.4937816637386492,-0.11435413976470832,19.306772031064934,70,2000
2373,63.87549019607843,434.706862745098,242.14607843137256,1151.0,1.354803636280586,63285.86666666667,mChi_1,mCherry RNAi,0.5367499376397378,-0.09143421191618106,17.42704598858828,70,2000
2374,65.20559845559846,435.6399613899614,289.43243243243245,1301.0,1.372684258159855,63197.50482625483,mChi_1,mCherry RNAi,0.4228923190604741,-0.09048089372854606,19.957526390431813,70,2000
2375,64.22595777951524,445.3448006254887,338.78577013291635,1504.0,1.6152414954371326,63667.2064112588,mChi_1,mCherry RNAi,0.3035695978306976,-0.06622689209173283,19.611270272247463,70,2000
2376,65.40575396825396,452.4484126984127,249.75496031746033,1165.0,1.4102963658792764,63503.15773809524,mChi_1,mCherry RNAi,0.5178237219398083,-0.04322118164904365,17.88446491127039,70,2000
2377,64.8957399103139,448.1434977578475,291.1109865470852,1057.0,1.7122289659457266,60641.189461883405,mChi_1,mCherry RNAi,0.4183413805747096,-0.056631564067019746,18.796614459110717,70,2000
2378,65.34733158355206,452.15748031496065,192.9623797025372,1331.0,1.332440185998172,54317.922134733155,mChi_1,mCherry RNAi,0.6546339683714313,-0.04180891897305827,16.32029694794858,70,2000
2379,64.76457055214723,461.11196319018404,351.1019938650307,1604.0,1.6077025278176351,62534.31288343558,mChi_1,mCherry RNAi,0.27331978908234844,-0.023757314424515563,19.348159743882707,70,2000
2380,63.98275862068966,470.3002028397566,141.44016227180526,1137.0,1.4410753981422053,45323.184584178496,mChi_1,mCherry RNAi,0.7779477641336929,0.009230607662319645,12.272946925075484,70,2000
2381,66.34986945169713,468.95648389904267,206.4525674499565,1424.0,1.3354929792303945,60817.4316797215,mChi_1,mCherry RNAi,0.621544829172002,0.0035098940196987005,16.477276842619656,70,2000
2382,64.01826484018265,487.67123287671234,165.66575342465754,1385.0,1.4203520741986746,43709.19726027397,mChi_1,mCherry RNAi,0.7189166504567699,0.05549511425483966,11.713303263559322,70,2000
2383,64.94175491679273,483.9425113464448,345.66490166414525,1578.0,1.603822269303005,63596.47428139183,mChi_1,mCherry RNAi,0.2855359957160002,0.03852664001700368,17.740633675766627,70,2000
2384,65.09983361064891,488.06821963394344,186.86106489184692,1431.0,1.3587848137097887,60281.31946755408,mChi_1,mCherry RNAi,0.6679128814995627,0.05596007176590323,13.333017146158891,70,2000
2385,65.03617810760667,493.7207792207792,200.89332096474953,1327.0,1.4758533843873565,58032.24768089054,mChi_1,mCherry RNAi,0.6338871134107769,0.07076007519487915,13.2412331896637,70,2000
2386,64.75851393188854,508.297213622291,215.1795665634675,777.0,1.4274644188665935,61566.399380804956,mChi_1,mCherry RNAi,0.5988876832079777,0.10975682802563158,12.30263753729525,70,2000
2387,64.6486268174475,515.7907915993538,286.24151857835216,1470.0,1.624881681961894,62515.96445880453,mChi_1,mCherry RNAi,0.42741345626043015,0.12732677812493898,13.565835849206689,70,2000
2388,64.81378178835111,522.9614438063987,169.6743232157506,1408.0,1.3112276742201443,59837.29122231337,mChi_1,mCherry RNAi,0.7079318240598624,0.15138881482492406,10.082283840687182,70,2000
2389,63.82035175879397,525.3530150753769,184.66582914572865,969.0,1.412503755930699,55197.73492462312,mChi_1,mCherry RNAi,0.6716650002426647,0.15710760134202606,9.323212311971972,70,2000
2390,65.2359437751004,525.0783132530121,228.5491967871486,1181.0,1.326941531814514,63585.273092369476,mChi_1,mCherry RNAi,0.5660570143230652,0.1549284640470736,11.934096487440389,70,2000
2391,65.2228666114333,542.7970173985087,128.41176470588235,1450.0,1.33436028481302,62530.7091963546,mChi_1,mCherry RNAi,0.8065761463439995,0.2069769578625933,7.95773803900202,70,2000
2392,64.61558109833972,544.7203065134099,202.60408684546616,983.0,1.4635586455048237,62734.135376756065,mChi_1,mCherry RNAi,0.6277481126924038,0.2091910079619752,9.208806668077298,70,2000
2393,64.28367875647669,546.1968911917098,184.41839378238342,1073.0,1.4389968961614592,58922.900259067355,mChi_1,mCherry RNAi,0.6714756880641282,0.21384710955122577,8.283042123659726,70,2000
2394,63.6952288218111,548.0837390457643,234.935735150925,1233.0,1.5299264494074853,62097.3982473223,mChi_1,mCherry RNAi,0.5496787690898428,0.21688890829372354,8.919036054396305,70,2000
2395,63.95593869731801,560.8965517241379,222.8132183908046,1243.0,1.4985122487581046,61136.3908045977,mChi_1,mCherry RNAi,0.578395356705758,0.25222888614366656,7.93380284602188,70,2000
2396,65.24484536082474,557.4621993127148,285.5103092783505,1434.0,1.4715713973270592,64391.92697594502,mChi_1,mCherry RNAi,0.42758423235541865,0.24070563849654425,11.150850362689798,70,2000
2397,64.26373626373626,561.8772893772893,142.33150183150184,667.0,1.2593994631805832,53825.703296703294,mChi_1,mCherry RNAi,0.7722413080194603,0.25809225206772113,6.00668996375725,70,2000
2398,64.2369337979094,566.3275261324042,161.8170731707317,708.0,1.435176293843324,54203.775261324045,mChi_1,mCherry RNAi,0.7251287924637564,0.26941982473429804,6.1845185562977,70,2000
2399,65.16159860990443,566.8705473501303,250.30408340573413,1336.0,1.5158984101714092,62351.648132059076,mChi_1,mCherry RNAi,0.5120166800328956,0.2676271093336897,9.44635740726574,70,2000
2400,64.02173913043478,572.2739130434783,215.76521739130436,594.0,1.5691059819499424,52808.67391304348,mChi_1,mCherry RNAi,0.5949323571201273,0.2834321648171072,6.993643711730286,70,2000
2401,65.21935483870968,602.3373271889401,169.42857142857142,1265.0,1.2769917606861358,62876.19078341014,mChi_1,mCherry RNAi,0.7054487052276359,0.36716512473493523,4.78508527028378,70,2000
2402,65.30597014925372,607.8159203980099,200.69817578772802,1472.0,1.3941593107480164,61295.23134328358,mChi_1,mCherry RNAi,0.6299175794718239,0.38084988292676614,5.31901447175343,70,2000
2403,64.6048951048951,670.166083916084,143.770979020979,747.0,1.3837553788160102,31733.223776223775,mChi_1,mCherry RNAi,0.7645655008261025,0.5523548506564366,-1.3838398404759609,70,2000
2404,67.56646216768917,680.657464212679,130.90899795501022,1240.0,1.3343794162607585,39091.83231083844,mChi_1,mCherry RNAi,0.7953218140007126,0.5819466054446694,0.47052105400776156,70,2000
2405,64.6095406360424,682.4593639575971,139.81448763250884,761.0,1.406031221520657,31184.851590106005,mChi_1,mCherry RNAi,0.7736160689203384,0.5859143853964603,-2.3675774268479017,70,2000
2406,64.56710393541877,709.912209889001,134.56306760847627,1264.0,1.4012041149697079,31313.423814328962,mChi_1,mCherry RNAi,0.7851908406047894,0.6607080332663771,-4.52072293135593,70,2000
2407,65.55867346938776,717.3375850340136,192.94302721088437,1379.0,1.2636661933941917,49510.824829931975,mChi_1,mCherry RNAi,0.6443362247962627,0.6788036442725947,-2.495350363952948,70,2000
2408,65.97433774834437,723.1134105960265,139.52566225165563,1639.0,1.5566100910202063,32848.4892384106,mChi_1,mCherry RNAi,0.7728087206605228,0.6966626256741242,-3.931358196984455,70,2000
2409,64.44031007751938,727.2682170542636,150.27751937984496,858.0,1.4118383873678384,29360.531782945738,mChi_1,mCherry RNAi,0.7466519429531326,0.7072316550389397,-5.4699220800342125,70,2000
2410,64.59920634920636,746.8035714285714,170.71428571428572,618.0,1.3128810887006894,29510.62103174603,mChi_1,mCherry RNAi,0.6966705191684872,0.7595492298824389,-6.163679302761862,70,2000
2411,64.80018761726079,760.3358348968105,230.20637898686678,1225.0,1.5029162899128565,43818.723264540335,mChi_1,mCherry RNAi,0.5528493347461716,0.7940402275498726,-5.334823123016097,70,2000
2412,64.82016632016632,774.5758835758836,419.96673596673594,1124.0,1.3500212928207145,52545.29106029106,mChi_1,mCherry RNAi,0.09519781422328344,0.825339850197842,-1.2351348532695496,70,2000
2413,64.56858638743455,798.8010471204188,217.84188481675392,1118.0,1.4719743182424314,30147.260732984294,mChi_1,mCherry RNAi,0.5811162687771416,0.8989977735146428,-8.657905400934377,70,2000
2414,65.02164502164503,317.9076479076479,275.86147186147184,835.0,1.5282752593582558,26772.76911976912,mChi_1,mCherry RNAi,0.46016917637792365,-0.40990033681790505,27.856204280856762,70,2000
2415,65.2582304526749,353.6553497942387,275.0205761316872,1191.0,1.5782624588780185,47602.359053497945,mChi_1,mCherry RNAi,0.46081318941989924,-0.31268430219293175,25.50470151944575,70,2000
2416,65.98267074413863,436.55759429153926,204.7981651376147,1286.0,1.486787858747513,58301.4373088685,mChi_1,mCherry RNAi,0.6267725989536994,-0.08453484571449077,18.391200726662586,70,2000
2417,64.86571428571429,457.2914285714286,137.03714285714287,844.0,1.5154192607582575,31514.071428571428,mChi_1,mCherry RNAi,0.7891167655813025,-0.025772712376503137,13.968277087971234,70,2000
2418,65.91988130563799,467.3175074183976,239.99703264094956,1264.0,1.5457319990726144,61352.29475766568,mChi_1,mCherry RNAi,0.5407798965542849,-0.0023360725758857503,17.067941146635125,70,2000
2419,66.02023608768971,472.27234401349074,328.5,1386.0,1.6047541221236055,64184.266441821244,mChi_1,mCherry RNAi,0.3274058074176618,0.00769671007512196,19.191787976072415,70,2000
2420,66.1627486437613,498.00904159132006,230.28390596745027,1368.0,1.4131319573937924,63149.01627486438,mChi_1,mCherry RNAi,0.5629933004768237,0.08148806245209506,14.846948346861023,70,2000
2421,67.24368048533873,513.7785642062689,228.12133468149645,1235.0,1.4290721132242636,62109.98483316481,mChi_1,mCherry RNAi,0.5676537585339194,0.12463517950771141,14.735150829340864,70,2000
2422,65.5552460538533,532.4512534818941,203.15598885793872,1333.0,1.5330576957114932,63968.152274837514,mChi_1,mCherry RNAi,0.6269562833621298,0.17601568222787267,11.04081300832588,70,2000
2423,65.14143920595534,538.9429280397022,263.27915632754343,1035.0,1.380908208781636,63230.43796526055,mChi_1,mCherry RNAi,0.4818517533743927,0.19122992233593794,11.778794158919293,70,2000
2424,64.96180215475025,540.5631733594515,322.6366307541626,1188.0,1.7485206208999768,57390.917727717926,mChi_1,mCherry RNAi,0.33879645285254445,0.19328298205564076,13.079182051815334,70,2000
2425,65.69526248399488,550.7247119078105,105.65813060179258,931.0,1.2745817605733083,46349.384122919335,mChi_1,mCherry RNAi,0.8611050297519796,0.2294987830965871,7.248257571820059,70,2000
2426,66.7,572.9112903225806,234.43467741935484,1525.0,1.513986944637072,62100.065322580645,mChi_1,mCherry RNAi,0.5501027091800073,0.2849626952863793,10.120204896509406,70,2000
2427,66.759209344115,591.8283917340522,199.6648697214735,1342.0,1.4323597218740474,63541.42407906559,mChi_1,mCherry RNAi,0.6331213644506286,0.33773316014289567,7.887258314292826,70,2000
2428,68.11320754716981,602.2140161725067,233.15795148247977,2428.0,1.9335293912810965,58625.11320754717,mChi_1,mCherry RNAi,0.5521213970326646,0.3649141812886787,9.39255586397292,70,2000
2429,64.87259615384616,606.2956730769231,132.9158653846154,582.0,1.4492368855634026,38944.324519230766,mChi_1,mCherry RNAi,0.7932247087968873,0.37927651607238766,3.173752743553507,70,2000
2430,65.64810690423162,613.7371937639198,162.70601336302894,1023.0,1.2711402799732294,59339.143652561244,mChi_1,mCherry RNAi,0.7212234496094441,0.3984882179606499,4.213945280329547,70,2000
2431,66.77321603128054,671.0557184750733,168.46236559139786,1242.0,1.4854437708510353,53298.15053763441,mChi_1,mCherry RNAi,0.7051886390854893,0.554235801159592,1.378072944496278,70,2000
2432,65.56087824351297,678.9540918163673,212.44610778443115,1234.0,1.4954753459107646,44357.57584830339,mChi_1,mCherry RNAi,0.59885634929319,0.5737447294584141,0.785057808792029,70,2000
2433,65.58135860979463,684.6635071090047,186.37598736176935,774.0,1.4768041919127564,30894.08214849921,mChi_1,mCherry RNAi,0.6614325779893013,0.5902793231109458,-0.30501432385616667,70,2000
2434,65.57762096774194,724.6078629032259,179.8054435483871,1190.0,1.2763907741010467,51588.28830645161,mChi_1,mCherry RNAi,0.6756993748672109,0.6990750185316308,-3.3512643420841997,70,2000
2435,66.02325581395348,735.1209302325582,160.8,838.0,1.3524815107185435,30279.497674418606,mChi_1,mCherry RNAi,0.721096937663612,0.7284706423802301,-4.172154656649159,70,2000
2436,66.46928982725528,737.4740882917466,177.52303262955854,1319.0,1.3158955408313284,50483.63339731286,mChi_1,mCherry RNAi,0.6807501413249559,0.7343005124284476,-3.4466876833883653,70,2000
2437,65.60296684118674,757.7469458987783,190.87260034904014,1324.0,1.3438167899221,39996.47469458988,mChi_1,mCherry RNAi,0.64774791898805,0.788696877962819,-5.406093737168884,70,2000
2438,64.36416184971098,774.7803468208092,171.50481695568402,651.0,1.5802061845850814,23912.341040462426,mChi_1,mCherry RNAi,0.6936589485949964,0.8354931101931402,-8.38402715514963,70,2000
2439,64.6592517694641,807.2093023255813,468.37714863498485,1135.0,1.4297055874099796,33293.71587462083,mChi_1,mCherry RNAi,-0.022698258278761263,0.9120950779269936,-2.435474997813607,70,2000
2440,64.88470588235295,820.1317647058823,596.42,1002.0,1.5768324411043262,29952.517647058823,mChi_1,mCherry RNAi,-0.3316198283146723,0.9422611470369322,0.3044267341789322,70,2000
2441,64.69161676646706,823.5838323353294,466.3353293413174,763.0,1.4689409509954032,20720.724550898205,mChi_1,mCherry RNAi,-0.018417455089810075,0.9566753349916644,-3.6329182514879435,70,2000
2442,66.41351888667992,334.337972166998,240.06560636182903,658.0,1.2901877480496522,24063.053677932407,mChi_1,mCherry RNAi,0.5458393478572812,-0.36358517329699025,27.10283922725819,70,2000
2443,66.24077046548956,355.68378812199035,262.17977528089887,861.0,1.7334026556701105,34280.406099518455,mChi_1,mCherry RNAi,0.49172605931575886,-0.3064786521784053,25.993611864663908,70,2000
2444,66.67302052785924,358.4516129032258,223.1715542521994,850.0,1.6065549030406667,29079.063049853372,mChi_1,mCherry RNAi,0.5856081890621918,-0.2973518097579191,25.17732587559824,70,2000
2445,66.54740957966764,368.4574780058651,238.85630498533723,1235.0,1.6641534820119588,43365.97653958944,mChi_1,mCherry RNAi,0.5474279933437498,-0.2707992376722539,24.75585751873783,70,2000
2446,66.08465011286681,374.4074492099323,297.5744920993228,1094.0,1.4044632580917344,43691.8769751693,mChi_1,mCherry RNAi,0.40572590973977607,-0.2570118049245672,25.446124503002896,70,2000
2447,65.97533908754625,380.0419235511714,268.9667077681874,1025.0,1.5086246728473902,32757.117139334154,mChi_1,mCherry RNAi,0.4744097497232167,-0.24060742071204633,24.163797658659586,70,2000
2448,66.23273273273273,387.5885885885886,299.7117117117117,766.0,1.3384242633643337,35386.92942942943,mChi_1,mCherry RNAi,0.40007212285495264,-0.22124909348255828,24.705522307671348,70,2000
2449,66.52054794520548,395.9241306638567,265.0031612223393,1140.0,1.6350295649887738,46218.85669125395,mChi_1,mCherry RNAi,0.48337072431001604,-0.1971892030904311,23.461350394002164,70,2000
2450,66.62959285004965,400.1668321747766,177.20854021847072,1222.0,1.3648040316024768,39966.18272095333,mChi_1,mCherry RNAi,0.6946923131110196,-0.18221609498664537,20.905435893848473,70,2000
2451,67.12642369020502,408.6708428246014,241.59567198177677,1078.0,1.4950088498729524,57210.187927107065,mChi_1,mCherry RNAi,0.5392946916167878,-0.16152099416108057,22.52162990822583,70,2000
2452,67.86648122392211,410.49930458970795,204.40751043115438,1079.0,1.7206051778304003,39134.83031988874,mChi_1,mCherry RNAi,0.6288484610800655,-0.15495712287088315,22.12857277530087,70,2000
2453,66.79206049149339,415.05293005671075,225.2797731568998,1353.0,1.5754899609784676,59474.9763705104,mChi_1,mCherry RNAi,0.5783265350228721,-0.14360862318324574,21.291724049649257,70,2000
2454,66.21861471861472,440.93290043290045,184.8603896103896,1083.0,1.577063599348787,45332.34199134199,mChi_1,mCherry RNAi,0.6746426729318906,-0.07182214698991818,17.776536730256087,70,2000
2455,67.72246696035242,446.4676945668135,222.65638766519822,1768.0,1.4179541010973211,58298.65932452276,mChi_1,mCherry RNAi,0.5834765763921343,-0.05796052880427671,19.89495782562052,70,2000
2456,65.95855855855856,455.4594594594595,168.3783783783784,815.0,1.6274510338471477,34109.94054054054,mChi_1,mCherry RNAi,0.713761157303838,-0.03175783040764646,16.03191326197609,70,2000
2457,66.81912878787878,468.65625,222.38920454545453,1241.0,1.4327911446405173,60801.20738636364,mChi_1,mCherry RNAi,0.5831973901791601,0.0021649650710282575,17.39513232025971,70,2000
2458,67.2532427424336,470.1556516368128,407.37121680049415,2053.0,1.8314011436398914,30563.476837554044,mChi_1,mCherry RNAi,0.13757935420070933,-0.0008876823315221438,22.69338103216535,70,2000
2459,66.07253269916765,480.18430439952436,218.77170035671818,1005.0,1.420954051704352,61612.41498216409,mChi_1,mCherry RNAi,0.5914146105205582,0.033484264617354986,15.72637715025029,70,2000
2460,67.5161923454367,483.1727183513248,200.8351324828263,1238.0,1.47293344254658,62314.78606476938,mChi_1,mCherry RNAi,0.6345933708912495,0.04258777104330247,16.469183683352657,70,2000
2461,68.51068376068376,481.91096866096865,231.71652421652422,1836.0,1.3881897632767755,63300.900284900286,mChi_1,mCherry RNAi,0.5603170554852055,0.03815069685711703,18.38148236654057,70,2000
2462,66.17599460552933,489.1503708698584,295.03573836817264,1722.0,1.5029949673453367,60441.693189480786,mChi_1,mCherry RNAi,0.40736529300371727,0.05489450339168189,17.23650183814463,70,2000
2463,66.40891719745223,491.98471337579616,142.1936305732484,977.0,1.4597861213421943,51588.14267515924,mChi_1,mCherry RNAi,0.7754365980338356,0.06860119492841177,13.15643360605176,70,2000
2464,66.17202572347267,505.2170418006431,335.2138263665595,1508.0,1.5954662058187594,59621.69855305466,mChi_1,mCherry RNAi,0.30995614498652757,0.09698495854795075,17.159943866007243,70,2000
2465,66.66900175131349,501.47285464098076,121.9614711033275,698.0,1.3353814072156118,37651.863397548164,mChi_1,mCherry RNAi,0.8238175881155665,0.09522315383199986,12.191095101435867,70,2000
2466,66.93795620437956,508.89902676399026,197.5985401459854,1008.0,1.6523810148659253,59593.05352798053,mChi_1,mCherry RNAi,0.6413489485302448,0.1125060367926507,13.959853298866538,70,2000
2467,66.86129970902037,515.7827352085354,184.52764306498545,1218.0,1.434159983615598,61289.94956353055,mChi_1,mCherry RNAi,0.6725606214498066,0.13170559709499408,13.038144285619868,70,2000
2468,66.33270852858482,525.7563261480788,332.0178069353327,1303.0,1.7857449685279783,61175.866916588566,mChi_1,mCherry RNAi,0.316862501589217,0.15295227182630233,15.760603970406816,70,2000
2469,68.06787762906309,548.8183556405354,267.4483747609943,1257.0,1.5080264041512974,62818.08413001912,mChi_1,mCherry RNAi,0.4716050249758288,0.2184770197348207,14.100182854084611,70,2000
2470,68.72603901611535,560.8464800678541,229.58184902459712,1506.0,1.316651168575508,63277.872773536896,mChi_1,mCherry RNAi,0.5623893739444548,0.25276664398338156,12.875439344056264,70,2000
2471,66.71877729257642,575.9475982532751,137.98427947598253,1324.0,1.513586821746922,61134.281222707425,mChi_1,mCherry RNAi,0.7823159272416071,0.2969774229222615,7.328144395261692,70,2000
2472,65.39909297052154,584.6712018140589,77.78911564625851,552.0,1.5836674289021644,26887.14285714286,mChi_1,mCherry RNAi,0.9268918838964477,0.3227694818395084,3.768183257395222,70,2000
2473,67.04529616724739,592.0789779326365,157.92218350754936,1058.0,1.4332255258164515,61685.22880371661,mChi_1,mCherry RNAi,0.7336795370468703,0.34009782594631655,7.03233041633824,70,2000
2474,66.79888268156425,599.2472067039106,96.74301675977654,872.0,1.3523264172197589,33926.5782122905,mChi_1,mCherry RNAi,0.880753210504712,0.36191283835981003,4.627624974036454,70,2000
2475,68.12491026561378,616.2383345297918,126.46805455850682,1643.0,1.2607521878237113,60467.5944005743,mChi_1,mCherry RNAi,0.8085700055779674,0.4071843175518801,5.529811096898104,70,2000
2476,68.7731520815633,618.0475785896347,190.38147833474937,1406.0,1.3890686650653787,61782.44604927782,mChi_1,mCherry RNAi,0.6545843512000042,0.4097360551902438,7.76456470396576,70,2000
2477,67.27027027027027,632.983983983984,133.06306306306305,1181.0,1.3759149842722949,49135.37637637638,mChi_1,mCherry RNAi,0.7919767231364936,0.4522618998923922,3.6535328253576935,70,2000
2478,67.144,644.8066666666666,142.496,1046.0,1.375655130809817,51634.632,mChi_1,mCherry RNAi,0.7687849536702,0.4839949087325286,2.93298461639419,70,2000
2479,67.95142002989536,662.5029895366218,179.89910313901345,1573.0,1.3853784655301624,61372.66367713005,mChi_1,mCherry RNAi,0.6780469823288311,0.5307812941970989,3.4739063561173644,70,2000
2480,67.07383279044517,668.1487513572204,119.25190010857763,1248.0,1.5340692366699418,34540.60043431053,mChi_1,mCherry RNAi,0.823859501691536,0.5483145092874602,0.5634158757297953,70,2000
2481,67.33074684772066,699.5043646944714,144.48496605237634,1250.0,1.4644665580485068,40927.71774975752,mChi_1,mCherry RNAi,0.761869116395621,0.6325833767383433,-0.751736547892186,70,2000
2482,67.11855670103093,708.9309278350515,371.1061855670103,1155.0,1.4721495950767771,45076.32164948453,mChi_1,mCherry RNAi,0.2156003765990222,0.64932056724612,4.452771788545885,70,2000
2483,66.58978328173374,714.3080495356037,167.05572755417955,783.0,1.2445020437732979,38461.687306501546,mChi_1,mCherry RNAi,0.706876200292428,0.6717835511703001,-1.9458563653182992,70,2000
2484,67.59684893419833,717.1325301204819,364.4003707136237,1332.0,1.5555876270648754,46442.72474513439,mChi_1,mCherry RNAi,0.23146278695830813,0.6719621467155774,4.16094197645328,70,2000
2485,66.38980263157895,781.9259868421053,316.2779605263158,1261.0,1.824629343048798,45452.82072368421,mChi_1,mCherry RNAi,0.34477478294062025,0.8496634851972396,-2.984990345567578,70,2000
2486,69.65150136487716,800.3575978161965,598.2793448589626,1620.0,1.6881125267568435,34815.66151046406,mChi_1,mCherry RNAi,-0.33503009148645957,0.8893936505222069,6.525931164148989,70,2000
2487,68.1193680514921,804.6828554710357,580.765359859567,2366.0,1.7767328033144192,41285.957870099475,mChi_1,mCherry RNAi,-0.2931063771787048,0.9015282779677865,4.217138245483834,70,2000
2488,65.56540084388186,832.409282700422,573.1533052039381,837.0,1.3704834757361104,24362.521800281294,mChi_1,mCherry RNAi,-0.2760120329679162,0.9766636398128021,-0.5232461776572848,70,2000
2489,66.2188679245283,307.7792452830189,329.33584905660376,621.0,1.5357137085262569,25085.577358490566,mChi_1,mCherry RNAi,0.33182957469496865,-0.43927167306921755,31.214174786680157,70,2000
2490,66.55309033280507,324.93819334389855,290.1394611727417,716.0,1.4120764960738061,31131.180665610143,mChi_1,mCherry RNAi,0.4255967780761163,-0.39105196277828314,29.262572353761858,70,2000
2491,67.50782361308677,336.375533428165,285.7339971550498,832.0,1.5302285595543497,37657.53769559033,mChi_1,mCherry RNAi,0.4358213037833649,-0.35961398591949734,29.27547075496229,70,2000
2492,67.51693851944793,386.76537013801754,239.02007528230865,996.0,1.5816179310602865,41226.553324968634,mChi_1,mCherry RNAi,0.5463786706464058,-0.22086724590047258,24.413404959670718,70,2000
2493,69.4302393461763,405.6474022183304,215.85113835376532,2147.0,1.4056773128096176,47816.03035610041,mChi_1,mCherry RNAi,0.6015696161314188,-0.1682798998631605,24.343489420038235,70,2000
2494,67.41059602649007,416.3951434878587,301.48565121412804,1612.0,1.567584571722807,60299.3642384106,mChi_1,mCherry RNAi,0.3947470943280016,-0.14281105348181633,23.86083250221527,70,2000
2495,67.68141592920354,426.77535738597686,343.1204901293397,1703.0,1.5377375541902603,57517.076242341725,mChi_1,mCherry RNAi,0.29406808903669246,-0.11617510875503334,24.50540393466795,70,2000
2496,68.84031791907515,444.60621387283237,317.3338150289017,1671.0,1.5824577956284442,63238.794797687864,mChi_1,mCherry RNAi,0.3555588477710334,-0.0664903462578007,23.688351379524274,70,2000
2497,67.68191489361702,450.73297872340424,274.7627659574468,1104.0,1.6575583383464838,59609.90425531915,mChi_1,mCherry RNAi,0.45779311748686524,-0.04841008556657089,20.949312758394736,70,2000
2498,67.67776689520079,487.8344760039177,262.4211557296768,1260.0,1.4855381059103014,62577.75122428991,mChi_1,mCherry RNAi,0.48607232635165465,0.05288567766413932,17.95147262358091,70,2000
2499,67.98905109489051,491.4766423357664,319.8620437956204,1610.0,1.519247995622811,62951.437226277376,mChi_1,mCherry RNAi,0.34758524940259794,0.06060410839255148,19.544747362777176,70,2000
2500,67.95476190476191,503.29047619047617,136.30833333333334,1001.0,1.3407976155424526,51406.421428571426,mChi_1,mCherry RNAi,0.7892676298169581,0.09985553848369966,13.728362835182832,70,2000
2501,67.487714987715,506.1670761670762,150.1953316953317,947.0,1.2903695385943657,48367.68304668304,mChi_1,mCherry RNAi,0.7556751183555199,0.10703882856123759,13.429634643904716,70,2000
2502,67.36968085106383,508.3523936170213,164.05718085106383,965.0,1.3842583309264112,50172.234042553195,mChi_1,mCherry RNAi,0.7221918738030806,0.11241329658531107,13.527814581446425,70,2000
2503,69.78669154228855,520.7070895522388,201.85696517412936,2172.0,1.618147922797944,59274.845771144275,mChi_1,mCherry RNAi,0.6308070246189454,0.14498590410311407,16.067504950329134,70,2000
2504,67.78427947598253,523.446288209607,254.48034934497818,1343.0,1.5654897231549822,63071.468995633186,mChi_1,mCherry RNAi,0.5038158975035905,0.14998371046660197,15.289157640980608,70,2000
2505,68.68195050946143,529.1914119359534,119.24308588064046,1554.0,1.2829784754170646,60682.0269286754,mChi_1,mCherry RNAi,0.82940810032785,0.17104410824693161,12.136326474194018,70,2000
2506,67.28128031037828,532.3346265761397,217.9505334626576,1226.0,1.4581080131256532,63941.322987390886,mChi_1,mCherry RNAi,0.5914308496825165,0.17546125566495996,13.167872300721495,70,2000
2507,68.59116541353383,548.0018796992481,190.4859022556391,1283.0,1.4046991296806213,62223.674812030076,mChi_1,mCherry RNAi,0.6570573737022034,0.21936199117290345,12.611481303176443,70,2000
2508,69.23185673892554,550.5900094250707,241.39396795475966,1303.0,1.4218595684220017,63332.70122525919,mChi_1,mCherry RNAi,0.53436825955399,0.2245357676307982,14.433192737443843,70,2000
2509,68.00537634408602,559.431899641577,179.0609318996416,1313.0,1.4524931037792082,60614.5564516129,mChi_1,mCherry RNAi,0.6840951147629186,0.25075092135821553,10.90020108593134,70,2000
2510,68.25795828759605,571.5620197585072,168.10867178924258,1044.0,1.3732447419882465,59897.77716794731,mChi_1,mCherry RNAi,0.7100189367072882,0.2841886029548051,9.987305653823263,70,2000
2511,67.0014245014245,587.8874643874644,264.56410256410254,868.0,1.928415723480828,46956.749287749284,mChi_1,mCherry RNAi,0.4769604461907937,0.32454178212800033,10.15623781592906,70,2000
2512,68.15032154340837,588.4172025723473,227.38183279742765,1480.0,1.4191476431376082,61756.49678456592,mChi_1,mCherry RNAi,0.5665761538683955,0.3276567907666681,10.264156180176318,70,2000
2513,67.20744680851064,605.2783687943263,108.70035460992908,696.0,1.3586181311645822,35067.56914893617,mChi_1,mCherry RNAi,0.85174008049739,0.37791534275234007,4.923727672391696,70,2000
2514,67.30906148867314,600.294498381877,212.9126213592233,796.0,1.5817047417337566,47228.52103559871,mChi_1,mCherry RNAi,0.6009135477929892,0.3603295686686445,8.184225025415515,70,2000
2515,67.06015037593986,621.9218045112782,140.73984962406016,847.0,1.3276607004707572,46786.9969924812,mChi_1,mCherry RNAi,0.7739038198421055,0.42186217398561543,4.444087446636324,70,2000
2516,68.74350649350649,627.2426948051948,162.29626623376623,1482.0,1.3325581730881766,62749.295454545456,mChi_1,mCherry RNAi,0.721875291691449,0.4358110089617617,6.3202527806753395,70,2000
2517,67.13362701908957,653.5565345080763,135.72834067547723,955.0,1.4699522332284152,41183.68869309838,mChi_1,mCherry RNAi,0.784744556622397,0.5080326307357705,2.112927066026117,70,2000
2518,66.56880733944953,666.8773978315263,313.0108423686405,1418.0,1.725217516110615,43037.61968306923,mChi_1,mCherry RNAi,0.3571493773989296,0.5372061031740407,5.3600345919343155,70,2000
2519,66.95993836671803,679.768875192604,152.7195685670262,804.0,1.4813784437021424,35247.03852080123,mChi_1,mCherry RNAi,0.742781320844403,0.5785624470252264,0.5158809652523964,70,2000
2520,68.6421052631579,697.4023391812865,133.84795321637426,1103.0,1.352115002973432,38761.33918128655,mChi_1,mCherry RNAi,0.7876552416737794,0.6275440902482867,0.42061939834114526,70,2000
2521,69.25952626158599,725.1452111225541,169.5211122554068,1164.0,1.2994533097430692,53432.01647785788,mChi_1,mCherry RNAi,0.7006801687055453,0.7016599242359822,0.004784780937409749,70,2000
2522,67.3412213740458,728.1969465648855,431.0931297709924,1483.0,1.575413595941633,40640.281679389314,mChi_1,mCherry RNAi,0.07036458695151304,0.6993767882387638,4.9051719193927426,70,2000
2523,66.79633027522935,789.0275229357799,351.96146788990825,648.0,1.518649711497479,25287.97614678899,mChi_1,mCherry RNAi,0.2585678944946683,0.8676490388197424,-2.129868553596644,70,2000
2524,67.77234530175707,817.5836516424752,547.8464476699771,1548.0,1.3942043015375576,43716.078686019864,mChi_1,mCherry RNAi,-0.2143364323371223,0.9377986959893927,2.060563666323695,70,2000
2525,68.08458390177353,336.24829467939975,256.418826739427,943.0,1.8035960450989008,32630.31514324693,mChi_1,mCherry RNAi,0.5064767760795654,-0.35870337544332065,29.071566408802948,70,2000
2526,68.08555555555556,349.1788888888889,242.59666666666666,1095.0,1.617741231966563,42315.067777777775,mChi_1,mCherry RNAi,0.5392667408869927,-0.3230281438996099,27.77321543457904,70,2000
2527,67.965,360.61375,310.28375,945.0,1.7060129823878631,44860.815,mChi_1,mCherry RNAi,0.37576732715843675,-0.29461911317374834,28.652273133616827,70,2000
2528,68.0378698224852,371.82721893491123,215.5976331360947,962.0,1.4579531313967264,33900.99526627219,mChi_1,mCherry RNAi,0.6034147029524723,-0.2604428522071841,25.374890572188033,70,2000
2529,67.98841251448435,375.53070683661645,256.1297798377752,1029.0,1.4522282525270984,35939.45191193511,mChi_1,mCherry RNAi,0.5056327536759102,-0.2519694514677958,26.149516198459207,70,2000
2530,68.40620384047267,384.0147710487445,283.7562776957164,779.0,1.5573943290364771,34773.30132939439,mChi_1,mCherry RNAi,0.4387803677272508,-0.2299108229965694,26.70007479711673,70,2000
2531,69.05668934240363,388.6337868480726,190.12131519274377,1061.0,1.6074787361547078,39342.61111111111,mChi_1,mCherry RNAi,0.6641891729610818,-0.21358101337947466,24.500000365183187,70,2000
2532,67.87246376811594,426.01159420289855,195.4840579710145,793.0,1.4748313823434782,36809.47826086957,mChi_1,mCherry RNAi,0.6497378466189019,-0.11245669716614226,20.781684396801477,70,2000
2533,69.0858695652174,430.3054347826087,227.07608695652175,1070.0,1.3214261761759385,59263.16086956522,mChi_1,mCherry RNAi,0.5735463521716326,-0.10178231440942431,22.532762152744947,70,2000
2534,69.32280102476516,440.9812126387703,236.266438941076,1384.0,1.326065190981121,63322.31938514091,mChi_1,mCherry RNAi,0.5510062884448694,-0.07308491691300578,22.250113334090496,70,2000
2535,67.80607814761215,454.0926193921852,206.10998552821997,812.0,1.3851454913823806,42768.55571635311,mChi_1,mCherry RNAi,0.6230410872727956,-0.036579858547264865,18.986431222481517,70,2000
2536,68.5748344370861,455.74304635761587,234.10993377483445,879.0,1.283194615203875,57983.986754966885,mChi_1,mCherry RNAi,0.5555778491327463,-0.03303574568008516,20.38725504512735,70,2000
2537,67.83956043956044,461.88791208791207,180.36483516483517,674.0,1.5286709973610535,33181.44175824176,mChi_1,mCherry RNAi,0.6847538619922868,-0.014387453176585074,17.768403955987164,70,2000
2538,68.9865671641791,458.6440298507463,310.6507462686567,1576.0,1.465638601092313,61868.66641791045,mChi_1,mCherry RNAi,0.3711178819044263,-0.02805626415740803,22.647335935650172,70,2000
2539,68.27795786061589,475.7188006482982,251.75688816855754,1461.0,1.4114529741402886,63314.12722852512,mChi_1,mCherry RNAi,0.5122710290818113,0.020497697065112064,19.13246711532656,70,2000
2540,67.83724569640063,480.8114241001565,309.9718309859155,1471.0,1.61787404140072,63109.096244131455,mChi_1,mCherry RNAi,0.37181602171562655,0.03197942570742218,19.892699594615156,70,2000
2541,67.51351351351352,489.1007371007371,107.87469287469287,503.0,1.3760302651000826,27410.046683046683,mChi_1,mCherry RNAi,0.858285665177082,0.062319816443215936,13.542081624445995,70,2000
2542,70.42207245155855,494.8963774220725,153.36562763268745,1407.0,1.357771518526811,56231.921651221564,mChi_1,mCherry RNAi,0.7486610285350797,0.07686635066786507,17.249233229808443,70,2000
2543,68.14830508474576,495.85593220338984,166.95338983050848,636.0,1.466946275340095,39724.042372881355,mChi_1,mCherry RNAi,0.7157519308089113,0.07849697680500944,15.27859290648139,70,2000
2544,69.02614379084967,504.2044817927171,180.34453781512605,1387.0,1.4766565363163837,59694.57329598506,mChi_1,mCherry RNAi,0.6832236716297302,0.10083283478412874,15.914871432710594,70,2000
2545,68.21877691645133,507.3557278208441,350.91903531438413,1408.0,1.6042334521534853,56924.34539190353,mChi_1,mCherry RNAi,0.2721689342098441,0.10258640430542343,19.469447626655704,70,2000
2546,69.03096539162112,510.1703096539162,252.55828779599273,1330.0,1.5556764715305258,63081.27322404372,mChi_1,mCherry RNAi,0.5090417818131496,0.11422909259260217,17.433017105210265,70,2000
2547,68.78397212543554,521.5836236933798,101.7630662020906,751.0,1.4674139199673388,34567.79442508711,mChi_1,mCherry RNAi,0.871817626443157,0.15107315627230355,12.313956935192987,70,2000
2548,67.91280353200882,525.4635761589404,295.6578366445916,1023.0,1.5762763866753142,58030.37637969095,mChi_1,mCherry RNAi,0.40455636514274773,0.15388505000461739,16.379570156847738,70,2000
2549,68.45185995623632,538.5065645514223,169.7483588621444,1068.0,1.5355115398329724,49900.42778993436,mChi_1,mCherry RNAi,0.7073723823074711,0.1943416555131381,12.596344187783192,70,2000
2550,68.95929018789144,542.4676409185804,230.48851774530272,1167.0,1.5422850057995592,60812.65553235908,mChi_1,mCherry RNAi,0.5609377221505916,0.2028365793119733,14.451003966514843,70,2000
2551,68.80625,564.446875,212.18125,1197.0,1.70859185607112,63475.43958333333,mChi_1,mCherry RNAi,0.604168462627912,0.26324415032774917,12.229306120029886,70,2000
2552,68.37209302325581,562.8393234672304,298.0729386892178,1141.0,1.6656413408369286,61573.75792811839,mChi_1,mCherry RNAi,0.3973075491139886,0.25544178136725937,14.220842667522849,70,2000
2553,68.73887587822014,575.344262295082,181.8407494145199,1087.0,1.3430634831128978,49411.316159250586,mChi_1,mCherry RNAi,0.6768231314302837,0.2940251769466713,10.564613566238368,70,2000
2554,67.80281690140845,587.4073672806068,170.30877573131093,1072.0,1.4099816151971396,55856.443120260024,mChi_1,mCherry RNAi,0.7040721308545563,0.3270696953461354,8.455794536940871,70,2000
2555,67.8119964189794,592.8961504028648,130.54521038495972,1354.0,1.6442990760207665,51665.99283795882,mChi_1,mCherry RNAi,0.7996411764408735,0.34353644236728575,7.002154920173904,70,2000
2556,68.68364611260054,591.4486148346738,248.22877569258267,1342.0,1.4848110128974943,60615.34763181412,mChi_1,mCherry RNAi,0.5162745754697702,0.3351860437581937,11.138860173478296,70,2000
2557,68.21849593495935,602.1930894308944,299.4563008130081,1118.0,1.5800860544813673,51136.29979674797,mChi_1,mCherry RNAi,0.39242865652377934,0.3622930993579754,11.28137657277404,70,2000
2558,68.34014869888476,605.996282527881,186.97583643122675,1289.0,1.3447704270667318,63206.56970260223,mChi_1,mCherry RNAi,0.6632316917059373,0.3770368956611172,8.105921118067691,70,2000
2559,68.5570117955439,627.9462647444299,176.8872870249017,924.0,1.4238658366345136,59846.20314547837,mChi_1,mCherry RNAi,0.6866892320946363,0.4371172568411843,6.476086952795619,70,2000
2560,68.45092024539878,627.2862985685072,280.14621676891613,1159.0,1.4691588805781224,41840.371165644174,mChi_1,mCherry RNAi,0.43797731580878385,0.4312771067600054,9.193632786049744,70,2000
2561,69.63023057216054,650.9684030742955,156.3057216054654,1412.0,1.250950076049312,60590.211784799314,mChi_1,mCherry RNAi,0.7354337856850197,0.5006884316885678,5.341076974549551,70,2000
2562,69.17250673854447,653.7771787960468,242.81401617250674,1310.0,1.391434127664761,48319.946091644204,mChi_1,mCherry RNAi,0.5269136272460035,0.5048578144465421,7.008834801016334,70,2000
2563,69.37511520737327,662.068202764977,229.55576036866358,1270.0,1.2645130908584092,47460.20368663594,mChi_1,mCherry RNAi,0.5585389971951371,0.5279436575891856,6.259562460098792,70,2000
2564,69.0608,682.4688,177.424,793.0,1.3644003981236297,32853.3248,mChi_1,mCherry RNAi,0.6832981378192924,0.5853487044494412,3.081000751955866,70,2000
2565,68.46262626262626,693.1939393939394,155.3979797979798,602.0,1.3909860438902548,32800.044444444444,mChi_1,mCherry RNAi,0.7358985514103102,0.6152331636289774,1.1229505416273966,70,2000
2566,69.02517162471396,708.3215102974829,328.7528604118993,1076.0,1.503076788180401,42835.160183066364,mChi_1,mCherry RNAi,0.317763748645306,0.6496907330324917,5.258894860671081,70,2000
2567,69.4581447963801,721.7341628959276,124.68099547511312,1066.0,1.3427630180852652,40722.0814479638,mChi_1,mCherry RNAi,0.8088370440181529,0.6941784524217567,-0.7579135937781629,70,2000
2568,68.63713477851084,755.9934024505184,208.44769085768144,1281.0,1.3692412418255144,38637.1027332705,mChi_1,mCherry RNAi,0.6056698995391445,0.783843226083851,-1.7825511723915923,70,2000
2569,68.8076923076923,832.9448717948718,541.8089743589744,1011.0,1.1787027097305631,20602.858974358973,mChi_1,mCherry RNAi,-0.20032895801921735,0.9799784562767273,1.8284383033612492,70,2000
2570,68.45683930942896,351.20717131474106,287.9721115537849,879.0,1.4643754602013712,42293.293492695884,mChi_1,mCherry RNAi,0.42990978314220896,-0.31921288159688055,29.217741582798997,70,2000
2571,69.86846846846846,360.66486486486485,213.0036036036036,696.0,1.5052266453594025,24445.243243243243,mChi_1,mCherry RNAi,0.6102129586503295,-0.2903131605548138,27.93123543705924,70,2000
2572,69.06763285024155,387.6231884057971,224.231884057971,799.0,1.6439918036089352,32008.62962962963,mChi_1,mCherry RNAi,0.5820634595435981,-0.2176548892380632,25.500434960274465,70,2000
2573,69.17861482381531,433.11178614823814,174.85176184690158,1014.0,1.7535075643605726,35952.26123936816,mChi_1,mCherry RNAi,0.6992409593945705,-0.09210224047336668,21.019908298509588,70,2000
2574,69.87395957193817,434.4696789536266,213.97859690844234,1093.0,1.433780136097903,55096.45659928656,mChi_1,mCherry RNAi,0.6049820337447118,-0.0898012859091577,22.667655912553666,70,2000
2575,69.84666666666666,440.93333333333334,278.2761904761905,1242.0,1.4822790708246818,62851.34380952381,mChi_1,mCherry RNAi,0.44984721768317604,-0.07474995992878442,23.905248943883226,70,2000
2576,69.11870967741936,462.8541935483871,155.68516129032258,953.0,1.4834231421429396,31546.55741935484,mChi_1,mCherry RNAi,0.7442442396160771,-0.01054809164030257,18.310986198177556,70,2000
2577,69.99338478500552,462.14994487320837,255.3274531422271,1104.0,1.6457315553845484,59747.194046306504,mChi_1,mCherry RNAi,0.5043067877719087,-0.01617475841710969,21.91236450375808,70,2000
2578,70.3228021978022,473.14903846153845,341.84065934065933,1702.0,1.5689041451023902,62980.17376373626,mChi_1,mCherry RNAi,0.2955038092952673,0.010404609757107774,23.777451991103543,70,2000
2579,69.2258064516129,471.19165085388994,165.70398481973436,640.0,1.3098520340959756,35178.055028463,mChi_1,mCherry RNAi,0.7197918089248878,0.011737594815508068,18.088923892367323,70,2000
2580,68.9890909090909,475.9418181818182,183.1418181818182,1067.0,1.5081784237818374,41693.87272727273,mChi_1,mCherry RNAi,0.6775871459216904,0.023918738951899332,17.980886727570525,70,2000
2581,68.78888888888889,498.9101851851852,268.7564814814815,1337.0,1.8642121886470526,62120.29074074074,mChi_1,mCherry RNAi,0.47044817692462515,0.08295296897298243,18.4349973603758,70,2000
2582,69.95904436860069,529.292377701934,177.77246871444822,1105.0,1.6195471553300398,60105.88282138794,mChi_1,mCherry RNAi,0.6884973734922073,0.16928750538217696,14.975904700050673,70,2000
2583,69.59107806691449,532.2332713754647,239.31133828996283,1269.0,1.3790604979404308,62198.78345724907,mChi_1,mCherry RNAi,0.5401242226932255,0.17480707173304388,16.052408346550155,70,2000
2584,70.20700985761226,536.9364731653889,98.95618838992333,1100.0,1.3791217422039093,55069.29463307776,mChi_1,mCherry RNAi,0.8780676285410427,0.19318042622510423,12.555833393140386,70,2000
2585,69.04132231404958,532.8696051423324,314.4416896235078,1311.0,1.7666756006009157,55463.28650137741,mChi_1,mCherry RNAi,0.35909049642122115,0.17349883212125383,17.478390301883525,70,2000
2586,70.31860662701784,547.9668649107902,150.96516567544606,1410.0,1.3296713664528583,58160.55564995752,mChi_1,mCherry RNAi,0.7523640105098932,0.22114731098926854,13.27389600158887,70,2000
2587,70.36413043478261,553.8985507246376,115.96286231884058,1350.0,1.6502641817712496,51492.19293478261,mChi_1,mCherry RNAi,0.836449041828996,0.23863905855764234,11.952716963116767,70,2000
2588,69.13899613899613,555.3333333333334,205.0939510939511,937.0,1.3246047576205182,60767.21879021879,mChi_1,mCherry RNAi,0.6216170521368383,0.23882178842279167,13.02441009020566,70,2000
2589,69.75364238410596,552.8622516556292,131.04900662251654,896.0,1.3237064214870424,59759.98410596026,mChi_1,mCherry RNAi,0.8001119342904546,0.23511492996828354,11.823945015755346,70,2000
2590,69.68952734012974,563.9481000926784,191.87025023169602,1458.0,1.4460045969685893,61919.57924003707,mChi_1,mCherry RNAi,0.6531681601421246,0.26285438179006504,12.599739189157166,70,2000
2591,69.69864253393665,574.1511312217194,218.00361990950228,1365.0,1.861213752007288,59531.53755656109,mChi_1,mCherry RNAi,0.5898199014347607,0.28956181256005364,12.579351719103418,70,2000
2592,69.61869747899159,577.9254201680673,199.29726890756302,1191.0,1.4809170207518645,52696.70693277311,mChi_1,mCherry RNAi,0.6347275542469955,0.3005312649438028,11.725953524319618,70,2000
2593,70.12739383846794,580.9791840133222,151.71773522064944,1357.0,1.4309189967431548,58491.74521232306,mChi_1,mCherry RNAi,0.7492499261101455,0.3107843018359686,10.734945870278874,70,2000
2594,68.47529644268775,597.594861660079,279.1314229249012,1166.0,1.4615285967226381,48332.05335968379,mChi_1,mCherry RNAi,0.44158297362603105,0.35064133025092703,11.320924231610721,70,2000
2595,70.34467713787086,596.6500872600349,142.36910994764398,1360.0,1.2555010662574035,61942.634380453754,mChi_1,mCherry RNAi,0.7711704066010219,0.35377384142360424,9.57592690581215,70,2000
2596,69.70959595959596,611.7474747474747,219.65404040404042,996.0,1.3932371737805485,49903.430555555555,mChi_1,mCherry RNAi,0.5843765828870335,0.3916596460912105,9.937221535610977,70,2000
2597,68.92703862660944,620.4957081545065,255.59442060085837,1160.0,1.935710204486593,42817.66201716738,mChi_1,mCherry RNAi,0.4974127322145392,0.41387597876349713,9.495513922403855,70,2000
2598,69.6896551724138,618.5556650246306,315.9655172413793,1195.0,1.5030633149943324,50684.56650246305,mChi_1,mCherry RNAi,0.35211341734967894,0.4064004261438001,12.018075132550347,70,2000
2599,72.02985984156003,640.2815356489945,165.94454600853138,1979.0,1.2402020530390685,60622.34186471663,mChi_1,mCherry RNAi,0.7127822120458582,0.4717450698490542,8.759528649750063,70,2000
2600,69.42941176470588,666.1647058823529,155.52254901960785,1257.0,1.4277931110635362,48253.72745098039,mChi_1,mCherry RNAi,0.73671427864124,0.5419721946360574,4.029506489754027,70,2000
2601,69.87463976945244,708.707492795389,123.29394812680115,830.0,1.3569071265523922,39405.43083573487,mChi_1,mCherry RNAi,0.8127128571001674,0.6589172159365353,0.5546912868935046,70,2000
2602,69.94866310160428,710.4213903743315,152.1764705882353,1148.0,1.4943867721038178,34832.34973262032,mChi_1,mCherry RNAi,0.7430780174235498,0.6624628132247319,1.281997295818197,70,2000
2603,70.54361702127659,723.6872340425532,157.3787234042553,1166.0,1.2857218527647198,40715.24574468085,mChi_1,mCherry RNAi,0.7300656083675738,0.6984240346905801,1.0632747787537369,70,2000
2604,69.52966101694915,760.5858050847457,509.1207627118644,1119.0,1.5747106970154667,35086.0031779661,mChi_1,mCherry RNAi,-0.11871819401552897,0.7847745685224514,6.861044926933843,70,2000
2605,70.17905405405405,782.0760135135135,512.2077702702703,1386.0,1.233618089113024,50014.60050675676,mChi_1,mCherry RNAi,-0.12695322722215074,0.8431769169821963,6.0496634396120434,70,2000
2606,70.16691505216096,374.58271236959763,231.88524590163934,763.0,1.5965420972445385,35901.50819672131,mChi_1,mCherry RNAi,0.5642056143785474,-0.2531718939485801,27.737849582877498,70,2000
2607,70.77688787185355,399.12814645308924,279.370709382151,1091.0,1.529492174359914,39123.660183066364,mChi_1,mCherry RNAi,0.4489013728574134,-0.18820642983061575,27.861552540336877,70,2000
2608,71.09142857142857,404.79714285714283,189.98380952380953,1263.0,1.594314073227613,33080.461904761905,mChi_1,mCherry RNAi,0.6640155186240273,-0.1692551916295736,25.365391321366292,70,2000
2609,71.0249343832021,412.5774278215223,233.253280839895,920.0,1.4773181189866185,57755.870078740154,mChi_1,mCherry RNAi,0.5594795840144247,-0.14981404123279474,25.90412186447333,70,2000
2610,68.6256880733945,416.0550458715596,168.7834862385321,647.0,1.5384468444382386,26515.924770642203,mChi_1,mCherry RNAi,0.7144901300410014,-0.13832238600576385,21.52923764910921,70,2000
2611,71.11600928074246,424.95436968290795,285.7107501933488,1506.0,1.5425718433752624,59409.61716937355,mChi_1,mCherry RNAi,0.43264176479859473,-0.11820971487184595,26.517169237909496,70,2000
2612,71.04239130434783,437.629347826087,248.56521739130434,1053.0,1.4006123814252467,60477.39347826087,mChi_1,mCherry RNAi,0.5216186428141012,-0.08233437007016386,24.53577059107454,70,2000
2613,70.20592020592021,464.1081081081081,195.97425997425998,954.0,1.3697559116648164,41227.100386100385,mChi_1,mCherry RNAi,0.647214053125265,-0.008497957303791215,20.38815368834248,70,2000
2614,70.53309796999118,473.79611650485435,268.846425419241,1355.0,1.5429289083330913,61932.3839364519,mChi_1,mCherry RNAi,0.4713208141897298,0.015050229279264249,21.978353683129864,70,2000
2615,69.85480572597137,479.2269938650307,147.37014314928425,655.0,1.4051664807574524,30041.0245398773,mChi_1,mCherry RNAi,0.7636797803267983,0.034410393469874956,17.64668311789116,70,2000
2616,70.36370967741935,487.9201612903226,337.4709677419355,1447.0,1.438155767345952,63024.54838709677,mChi_1,mCherry RNAi,0.3054551708587838,0.05072039152791419,22.64098392641967,70,2000
2617,69.61270236612702,492.58779576587796,214.8057285180573,1093.0,1.5956379407156742,59808.75093399751,mChi_1,mCherry RNAi,0.6007034005519789,0.06803866817093662,18.259608861808754,70,2000
2618,70.03307086614173,497.6456692913386,191.65511811023623,834.0,1.67503347043771,50417.82677165354,mChi_1,mCherry RNAi,0.6562973818385962,0.0827676182716468,17.693482520825466,70,2000
2619,70.21930646672915,508.25492033739454,284.09090909090907,1266.0,1.3282450042067862,63672.78350515464,mChi_1,mCherry RNAi,0.43323435387065024,0.10802860905080425,19.602999654080268,70,2000
2620,71.44321940463065,520.5711135611907,160.96582138919516,1168.0,1.626611762266398,51445.669239250274,mChi_1,mCherry RNAi,0.7294142484261859,0.14653637408198295,16.629616876986848,70,2000
2621,70.62446351931331,536.7349785407725,192.90236051502146,1131.0,1.54557286235523,61601.525751072964,mChi_1,mCherry RNAi,0.6518029970623669,0.18905209106654453,15.512130829579302,70,2000
2622,70.63488624052005,535.5828819068256,265.65872156013,1102.0,1.3860384055855601,62272.544962080174,mChi_1,mCherry RNAi,0.4765924228005025,0.18308685538581337,17.561137456767344,70,2000
2623,70.5626975763962,543.695468914647,207.07797681770285,1130.0,1.5710171872136445,58203.86195995785,mChi_1,mCherry RNAi,0.6173809332952573,0.20740089885187252,15.332244956669602,70,2000
2624,70.24871134020619,542.5618556701031,252.4742268041237,924.0,1.3681755048741202,61181.12242268041,mChi_1,mCherry RNAi,0.5080547771652175,0.2024888618943741,16.320930957487054,70,2000
2625,71.51899907321594,583.8007414272474,242.31603336422614,1357.0,1.4204573648307053,63818.442075996296,mChi_1,mCherry RNAi,0.5309921419694861,0.3151924967763,14.355633776851032,70,2000
2626,71.26510878323933,588.5165189363416,181.8992747784045,1471.0,1.4200399477881531,62029.84448025786,mChi_1,mCherry RNAi,0.6763246433894319,0.33031230154899616,12.139925558215435,70,2000
2627,71.17881355932204,602.6491525423729,202.60254237288135,1438.0,1.388485163856432,63950.00762711864,mChi_1,mCherry RNAi,0.625897054387009,0.3678905462265234,11.596490510708332,70,2000
2628,71.03863432165319,605.9685534591194,152.23989218328842,1296.0,1.3306356043263579,62349.19047619047,mChi_1,mCherry RNAi,0.7470727288962598,0.37884634859760036,9.86463571305077,70,2000
2629,72.85997666277713,653.1843640606768,124.89673278879813,2065.0,1.2853122655506302,62067.338973162194,mChi_1,mCherry RNAi,0.8112061973115565,0.5085693544074643,7.557953261735538,70,2000
2630,71.7908256880734,666.5633027522936,207.2211009174312,1275.0,1.2495202253765867,53925.991743119266,mChi_1,mCherry RNAi,0.6123134753200175,0.5415038276814201,7.7452257812682,70,2000
2631,71.79549902152642,672.9373776908024,140.82093933463796,1268.0,1.4509161304251958,38654.5626223092,mChi_1,mCherry RNAi,0.772010151581743,0.5614138182584016,5.507487856688439,70,2000
2632,70.40464344941957,727.3864013266998,188.61525704809287,759.0,1.2991791642990589,33739.66998341625,mChi_1,mCherry RNAi,0.6546696274584971,0.7072305257058475,1.499057429256606,70,2000
2633,70.848158131177,737.0,258.53009883198564,1295.0,1.329582040064932,41477.94429469901,mChi_1,mCherry RNAi,0.48591015339555454,0.7307146931294868,3.131087437080442,70,2000
2634,70.63516483516483,743.6527472527473,409.4065934065934,626.0,1.2914960692986464,22570.417582417584,mChi_1,mCherry RNAi,0.12220432482823496,0.7428676958456069,6.497514380296348,70,2000
2635,71.53443766346992,790.7401918047079,524.693112467306,1360.0,1.370838519463424,49229.434176111594,mChi_1,mCherry RNAi,-0.15728222702325234,0.8664996222415753,7.115086402599644,70,2000
2636,71.99477533960292,822.9832810867293,533.0250783699059,1390.0,1.5421000363356396,21837.299895506792,mChi_1,mCherry RNAi,-0.17858310331997873,0.9538789649256907,5.484723052833161,70,2000
2637,71.6148969889065,339.3343898573693,271.1267828843106,753.0,1.4863914840329064,30288.66402535658,mChi_1,mCherry RNAi,0.4711469386116649,-0.3501970228942758,32.7654877064674,70,2000
2638,71.61167684996606,422.49219280380174,321.9918533604888,1690.0,1.462768236211029,59170.670739986424,mChi_1,mCherry RNAi,0.34537446348118594,-0.12621728374362207,28.163401133283667,70,2000
2639,72.8180473372781,455.41715976331363,248.21227810650888,1795.0,1.5452959792803411,59947.71819526627,mChi_1,mCherry RNAi,0.521884379618071,-0.0336369682447738,25.0204986264164,70,2000
2640,72.09277238403452,476.40345199568503,204.88133764832793,1189.0,1.4775446445856022,59856.93959007551,mChi_1,mCherry RNAi,0.6253956083215262,0.02493565552452237,21.62676139011131,70,2000
2641,72.20525059665871,502.43078758949883,126.4928400954654,1035.0,1.6182514687650642,41753.55966587112,mChi_1,mCherry RNAi,0.8132089785470538,0.09873778934975475,17.764161125183644,70,2000
2642,72.21891418563924,505.0367775831874,200.0367775831874,1488.0,1.4822759059694928,61957.368651488614,mChi_1,mCherry RNAi,0.6359546993783767,0.10295428110089788,19.567940982093393,70,2000
2643,71.97513597513597,502.9191919191919,332.4949494949495,1561.0,1.637398626172019,59866.05128205128,mChi_1,mCherry RNAi,0.3169557448992866,0.09198784128157422,23.037766212531277,70,2000
2644,72.42120551924474,525.4008714596949,337.6652142338417,1589.0,1.589026523424821,58958.84604212055,mChi_1,mCherry RNAi,0.30365118249905754,0.15296310627044885,22.008529450041596,70,2000
2645,71.87567567567568,529.8243243243244,210.13153153153152,1324.0,1.6130236684899935,62254.17027027027,mChi_1,mCherry RNAi,0.6106488708381361,0.16984808136195606,17.718665684567167,70,2000
2646,72.33912386706949,526.7567975830816,225.66465256797582,1573.0,1.4036122657972077,62253.80135951662,mChi_1,mCherry RNAi,0.5733811499500603,0.16099821589129482,18.818423776247403,70,2000
2647,71.07906558849955,562.1203953279424,283.68014375561546,1372.0,1.809975140555703,63780.966756513924,mChi_1,mCherry RNAi,0.4321733374033472,0.25458155496043355,16.58450836907622,70,2000
2648,72.71812080536913,573.2176414189837,130.26941514860977,1233.0,1.3847933905704646,56899.790028763186,mChi_1,mCherry RNAi,0.8013789805919231,0.2910395127274117,13.29831522109227,70,2000
2649,71.7891770011274,598.6392333709132,101.67643742953777,1055.0,1.4748324733262406,42259.28635851184,mChi_1,mCherry RNAi,0.8692033722201109,0.36104945725538684,9.779498815822645,70,2000
2650,73.00845864661655,596.8928571428571,160.94078947368422,1293.0,1.3449473241036118,62269.77631578947,mChi_1,mCherry RNAi,0.7265908062622375,0.3542330766095021,12.713734450070707,70,2000
2651,71.91932907348243,612.7731629392971,138.88258785942492,1534.0,1.3977544329708451,59779.496006389774,mChi_1,mCherry RNAi,0.779036879591277,0.39803033999096016,9.895439257410903,70,2000
2652,73.31662688941925,621.6308671439937,115.53858392999204,1480.0,1.326877640899325,61492.224343675414,mChi_1,mCherry RNAi,0.8350089983295548,0.4232841057044592,10.025545402904068,70,2000
2653,71.80709219858156,637.2113475177305,121.89787234042554,845.0,1.2663564896712325,54200.07517730496,mChi_1,mCherry RNAi,0.8189883364992081,0.4650760395293456,7.573557739621542,70,2000
2654,71.37889039242219,668.6941813261163,129.5791610284168,1053.0,1.5094252501042824,35725.050067659,mChi_1,mCherry RNAi,0.7992293000648909,0.5502402481513486,5.094320162457475,70,2000
2655,71.22774327122153,680.5962732919255,113.00207039337474,771.0,1.6837202342834494,31004.27950310559,mChi_1,mCherry RNAi,0.8386860872972779,0.5831982530902178,3.6440268644634664,70,2000
2656,70.65046296296296,719.488425925926,199.2037037037037,539.0,1.3315622575647048,26388.020833333332,mChi_1,mCherry RNAi,0.629487831960589,0.6854049548775829,2.5954654242212705,70,2000
2657,72.88669064748201,759.2697841726618,172.65107913669064,1357.0,1.3317096347004458,49667.64208633093,mChi_1,mCherry RNAi,0.6920332098977202,0.7949771623143504,1.2571000428290589,70,2000
2658,70.84946236559139,794.4247311827957,249.6438172043011,857.0,1.4300014686586158,33035.47446236559,mChi_1,mCherry RNAi,0.5050726807480796,0.887100852691169,-1.2265535300742556,70,2000
2659,72.17581187010079,792.1287793952968,149.82754759238523,1045.0,1.325729223684027,29935.60582306831,mChi_1,mCherry RNAi,0.7456831617384077,0.885014582852079,-2.4227992231005686,70,2000
2660,72.34955752212389,417.63569321533924,222.22418879056048,827.0,1.465470287101759,39774.32743362832,mChi_1,mCherry RNAi,0.5859313086928046,-0.1353788729699893,26.565434428440543,70,2000
2661,72.70161290322581,441.3217741935484,292.0733870967742,1502.0,1.6323261778338762,61801.81048387097,mChi_1,mCherry RNAi,0.4167746265051564,-0.07367116228333781,27.094852410371747,70,2000
2662,72.50882352941177,452.1058823529412,187.55588235294118,506.0,1.6080928759747894,28682.311764705883,mChi_1,mCherry RNAi,0.6681042064102845,-0.04033050411453909,23.31909344813091,70,2000
2663,73.20014450867052,477.99060693641616,303.6098265895954,1678.0,1.7068938052747058,61386.26950867052,mChi_1,mCherry RNAi,0.3875842946001611,0.025616761013393274,25.27118527856887,70,2000
2664,72.2937181663837,481.3786078098472,257.6434634974533,745.0,1.4737843988424169,63921.4363327674,mChi_1,mCherry RNAi,0.4981198581709718,0.03643693058669939,22.888602082864967,70,2000
2665,72.33975481611209,484.18563922942207,175.8353765323993,741.0,1.4377887796026956,34132.4238178634,mChi_1,mCherry RNAi,0.6950731859920991,0.04726311585691745,20.533809178022498,70,2000
2666,72.7746170678337,485.7975929978118,244.9059080962801,1083.0,1.282773850021561,61553.17067833698,mChi_1,mCherry RNAi,0.5286594877455426,0.04903574130872279,22.70860719833632,70,2000
2667,73.29770387965162,494.57403008709423,230.33570863024545,1470.0,1.3210510806800022,62353.9936658749,mChi_1,mCherry RNAi,0.5634460346030261,0.07355474297783471,22.20877446509021,70,2000
2668,73.74675324675324,500.04155844155844,167.29090909090908,1041.0,1.4608595048034771,42340.28571428572,mChi_1,mCherry RNAi,0.7151233033517759,0.09095792097195954,20.569352547940756,70,2000
2669,72.93713813068652,504.00165425971875,313.9727047146402,1485.0,1.491267381885493,62917.344086021505,mChi_1,mCherry RNAi,0.36158980353362047,0.095840480960383,23.421332061574436,70,2000
2670,72.92857142857143,510.9192176870748,272.5654761904762,1452.0,1.4454530626408992,62081.361394557825,mChi_1,mCherry RNAi,0.4610612122731761,0.11625022953105901,21.803300212172683,70,2000
2671,72.08793264733396,529.2750233863424,280.7511693171188,1298.0,1.5194528283119244,57112.34518241347,mChi_1,mCherry RNAi,0.44057425343475476,0.16564380032582626,19.868221675007508,70,2000
2672,72.48396226415095,541.1047169811321,123.10754716981133,1225.0,1.5622173605135614,59844.454716981134,mChi_1,mCherry RNAi,0.8198702840504251,0.20401270701529972,15.176310412342897,70,2000
2673,73.43073047858942,565.0570948782536,266.416456759026,1420.0,1.6332785891774748,61638.98404701931,mChi_1,mCherry RNAi,0.4737896972655169,0.26369680177353993,18.254450899694778,70,2000
2674,72.43107769423558,602.1637426900585,173.33249791144527,1405.0,1.3116757126159702,61538.23809523809,mChi_1,mCherry RNAi,0.696499790800595,0.3679589363319129,12.093015183944996,70,2000
2675,72.68868778280543,623.3511312217195,264.4434389140271,1341.0,1.5239942748632556,44031.17285067873,mChi_1,mCherry RNAi,0.4762193448389269,0.4220294408252552,13.279131759631053,70,2000
2676,73.25842696629213,621.8356741573034,224.42415730337078,842.0,1.3488300414823757,49649.86797752809,mChi_1,mCherry RNAi,0.5727127681455868,0.4195838286085891,12.880061912977542,70,2000
2677,72.04703668861713,627.0310442144873,215.0639698965193,1240.0,1.2809461591344145,48410.435559736594,mChi_1,mCherry RNAi,0.5949814817002972,0.43382794355191256,11.047845038704057,70,2000
2678,73.13218390804597,630.1137931034483,232.95402298850576,1012.0,1.3814676072510075,46104.79770114942,mChi_1,mCherry RNAi,0.5518347718148862,0.4417204583333014,12.389574424418864,70,2000
2679,71.98952879581152,647.3167539267016,202.9829842931937,885.0,1.3738955306971656,51337.83376963351,mChi_1,mCherry RNAi,0.6232863763984864,0.4894097466224836,9.210288850902543,70,2000
2680,73.53870967741935,653.958870967742,145.70564516129033,1439.0,1.4722467265084933,59147.95080645161,mChi_1,mCherry RNAi,0.7610934135319558,0.50999601700891,8.738541814131846,70,2000
2681,73.37627118644068,690.7310734463276,142.9141242937853,1230.0,1.4458061407954053,33749.83050847457,mChi_1,mCherry RNAi,0.7663713013419677,0.6099935249839499,5.863243440731566,70,2000
2682,73.9125816993464,711.2401960784314,339.1732026143791,1483.0,1.586231120011385,50646.348039215685,mChi_1,mCherry RNAi,0.2928528226734153,0.6581761387302725,10.202668439094527,70,2000
2683,72.09009009009009,736.0878378378378,146.4144144144144,607.0,1.5651286567261702,32034.89864864865,mChi_1,mCherry RNAi,0.756088288791098,0.7328515244750231,1.4207368075287654,70,2000
2684,72.56109324758843,739.5755627009646,170.7250803858521,796.0,1.373275685917247,32281.5691318328,mChi_1,mCherry RNAi,0.6974215656680298,0.7414734105213103,2.2936810272258867,70,2000
2685,72.24371859296483,753.9899497487437,135.37437185929647,578.0,1.9160787557128167,26140.816582914573,mChi_1,mCherry RNAi,0.7819919688052832,0.7819573302419589,-0.007303561086466459,70,2000
2686,72.7271375464684,764.7197026022304,253.7814126394052,1557.0,1.4717673502320745,32718.386617100372,mChi_1,mCherry RNAi,0.496382904767126,0.8065915832916037,2.8880792337844383,70,2000
2687,72.69139465875371,328.7507418397626,265.32047477744806,805.0,1.601295541578847,31435.456973293767,mChi_1,mCherry RNAi,0.4856135002385258,-0.37851782055828,34.44207019745531,70,2000
2688,72.64975845410628,368.9347826086956,280.92753623188406,969.0,1.6189432165052675,33048.391304347824,mChi_1,mCherry RNAi,0.44644695203080853,-0.26994296849101374,31.937050933493406,70,2000
2689,73.01486486486486,369.1135135135135,348.49864864864867,923.0,1.6499930413245114,23317.166216216217,mChi_1,mCherry RNAi,0.28369671383155093,-0.272020071608844,34.10481761052496,70,2000
2690,73.98425196850394,371.15879265091866,296.0301837270341,894.0,1.4721765365889645,28957.884514435696,mChi_1,mCherry RNAi,0.4100636062624936,-0.2642261972370099,33.5140699189858,70,2000
2691,72.8383067314365,462.46356696738377,328.8438584316447,1639.0,1.6319109792745081,62866.15614156835,mChi_1,mCherry RNAi,0.32738429291070825,-0.017629636196469956,26.702810354507132,70,2000
2692,73.31767955801105,482.5552486187845,137.46132596685084,581.0,1.829203958537868,26585.71546961326,mChi_1,mCherry RNAi,0.7876334138662575,0.04452129242697134,20.594200940564743,70,2000
2693,75.65065963060685,486.96200527704485,194.09023746701848,2361.0,1.4584438810675415,55007.17308707124,mChi_1,mCherry RNAi,0.6511979941556263,0.054746422999655264,24.126542934929258,70,2000
2694,74.83774250440918,491.0229276895944,210.9805996472663,1458.0,1.6095864699300562,60329.74514991182,mChi_1,mCherry RNAi,0.6103032017963448,0.06496276545372481,23.478731092480775,70,2000
2695,74.07863247863249,494.95641025641027,261.1837606837607,1365.0,1.570258940153055,60319.66752136752,mChi_1,mCherry RNAi,0.48917254082720807,0.0735445574114384,23.78928060327547,70,2000
2696,74.53544303797469,495.21898734177216,137.9873417721519,1057.0,1.5742851272067393,40317.05949367089,mChi_1,mCherry RNAi,0.7859473866953668,0.07915117854468678,20.9139421641332,70,2000
2697,74.90403489640131,507.65321701199565,157.9400218102508,1153.0,1.339787705732206,44289.483097055614,mChi_1,mCherry RNAi,0.7374224227505615,0.11223306126643129,20.92573374192781,70,2000
2698,72.05633802816901,515.8215962441315,141.81924882629107,528.0,1.3932342625442409,27463.262910798123,mChi_1,mCherry RNAi,0.7757583023233767,0.13449761288495932,17.06696693737933,70,2000
2699,73.6329866270431,529.4977711738485,186.56017830609213,859.0,1.4033803259651851,61111.21991084695,mChi_1,mCherry RNAi,0.6675497229658485,0.17022522706220267,18.86055663306397,70,2000
2700,72.84152334152334,534.9348894348894,63.92997542997543,1070.0,1.7647148716460515,34876.649877149874,mChi_1,mCherry RNAi,0.9626809881667655,0.1896250924562457,14.384578350348978,70,2000
2701,74.21319018404908,529.8420245398773,92.829754601227,827.0,1.3869301302666697,38696.81441717791,mChi_1,mCherry RNAi,0.8933510739747133,0.17492918905760058,16.894541414059898,70,2000
2702,73.97231270358306,551.0342019543974,138.44218241042344,1479.0,1.3875152867898244,59261.35912052117,mChi_1,mCherry RNAi,0.7826367213259815,0.2306886602764704,16.360126875417624,70,2000
2703,73.47183613752743,558.1901975128018,301.76591075347477,1641.0,1.8897171277692366,59661.88661302121,mChi_1,mCherry RNAi,0.38891035693249076,0.24366731144167186,19.73843594786914,70,2000
2704,73.18123393316195,558.5604113110539,77.72493573264782,892.0,1.3863332317835089,40461.160668380464,mChi_1,mCherry RNAi,0.928549890809609,0.25335132669702065,13.399091283656286,70,2000
2705,74.59487951807229,561.2582831325301,216.68448795180723,1638.0,1.5043544559547737,63349.614457831325,mChi_1,mCherry RNAi,0.5938052541217071,0.25554220133882266,18.350754938861034,70,2000
2706,73.61237785016287,563.6069489685125,200.2540716612378,1142.0,1.3791380229186796,61805.415852334416,mChi_1,mCherry RNAi,0.6332302130509331,0.26237166368352116,16.760922603952334,70,2000
2707,74.30762411347517,564.4051418439716,165.43617021276594,1354.0,1.3337094011957868,56692.99556737589,mChi_1,mCherry RNAi,0.7171119333336673,0.2660347759067039,16.460825710266473,70,2000
2708,74.59424920127796,566.3663471778488,176.52183173588924,1152.0,1.366496768227675,58671.52609158679,mChi_1,mCherry RNAi,0.6903498943149742,0.27098805739843934,16.903920721408912,70,2000
2709,73.9114238410596,577.183774834437,234.76738410596028,1501.0,1.4296993499350275,64345.551324503314,mChi_1,mCherry RNAi,0.5495825086621646,0.2979769292646546,17.012837695528848,70,2000
2710,72.90357142857142,578.0190476190476,105.85595238095237,1034.0,1.3524169186586048,51281.3380952381,mChi_1,mCherry RNAi,0.8600103526498195,0.30507462438482924,12.482412218304557,70,2000
2711,74.39838709677419,593.075806451613,192.27983870967742,1462.0,1.6136426231269474,62403.34435483871,mChi_1,mCherry RNAi,0.6513364584874042,0.34291241052113564,15.215946178072851,70,2000
2712,73.84009009009009,591.7207207207207,111.40765765765765,1091.0,1.369665402389248,54193.11036036036,mChi_1,mCherry RNAi,0.8461603804939217,0.3422736401169262,12.58237556075537,70,2000
2713,75.68634686346863,606.0819188191882,191.90553505535055,1676.0,1.5321628366884645,63866.17933579336,mChi_1,mCherry RNAi,0.6518101187789813,0.37852152592070176,15.556909246278078,70,2000
2714,73.51812977099236,607.9303435114504,270.7891221374046,1217.0,1.4927047291594764,50844.69179389313,mChi_1,mCherry RNAi,0.46158765218749376,0.3800423871485903,15.383124170806287,70,2000
2715,76.86872586872587,622.853833425262,149.46552675124104,2292.0,1.1922783411092175,60080.47931605075,mChi_1,mCherry RNAi,0.7534584057060305,0.42598275454688483,14.391538410498395,70,2000
2716,75.12903225806451,626.7559966914806,166.944582299421,1441.0,1.278808717799696,61539.934656741105,mChi_1,mCherry RNAi,0.7110941760436751,0.43556256192434395,12.846891027234992,70,2000
2717,75.24306569343065,644.7459854014598,133.6138686131387,1618.0,1.2508167146406441,62450.68467153285,mChi_1,mCherry RNAi,0.7906859459735383,0.48576846458274425,10.773812906836714,70,2000
2718,73.70945945945945,640.7280405405405,222.9028716216216,1548.0,1.8456339460922384,45742.65118243243,mChi_1,mCherry RNAi,0.5756673776009229,0.4710677756226629,11.933402390675358,70,2000
2719,75.32408435072142,672.3251942286348,119.53274139844618,1185.0,1.226351510952156,36434.45283018868,mChi_1,mCherry RNAi,0.823532536827486,0.5612740085477457,8.497319125700336,70,2000
2720,74.54887218045113,684.968045112782,154.875,1244.0,1.3229523874805922,46172.64943609023,mChi_1,mCherry RNAi,0.7378577863483238,0.5940978960712506,7.767428713522925,70,2000
2721,72.80208333333333,708.6083333333333,136.86666666666667,604.0,1.3989610661759702,33369.65833333333,mChi_1,mCherry RNAi,0.780204540563606,0.6586940678523838,3.845527995804648,70,2000
2722,73.6401179941003,710.877581120944,166.3746312684366,841.0,1.267063080929043,29894.6401179941,mChi_1,mCherry RNAi,0.7090889128547864,0.6638745167287268,5.31156903309844,70,2000
2723,75.30974124809741,727.9033485540335,266.6316590563166,1523.0,1.2526158823437414,43857.75875190259,mChi_1,mCherry RNAi,0.46702757074431633,0.7065576847712476,8.450011566601539,70,2000
2724,72.54313099041534,743.9297124600639,159.9297124600639,527.0,1.6216722969467499,25458.23642172524,mChi_1,mCherry RNAi,0.7232543695927678,0.7537222530398795,1.6731561756490052,70,2000
2725,74.7189349112426,758.0044378698225,186.4630177514793,1572.0,1.325890640470974,47142.72781065089,mChi_1,mCherry RNAi,0.6589261536872342,0.7913605263180383,3.546058165355742,70,2000
2726,73.64857651245552,759.5951957295374,457.0071174377224,1365.0,1.5527690102479708,47665.4243772242,mChi_1,mCherry RNAi,0.007108287228443588,0.7849243739144938,9.637922007038373,70,2000
2727,73.23042505592841,286.7136465324385,326.7762863534676,542.0,1.805040261911267,26023.002237136465,mChi_1,mCherry RNAi,0.3392535444010547,-0.49503478857776384,39.64770234087072,70,2000
2728,75.03678929765886,386.02508361204013,219.15886287625418,745.0,1.6373375506096015,25320.148829431437,mChi_1,mCherry RNAi,0.5947167317528841,-0.22062617086467295,31.430322929406987,70,2000
2729,75.08591408591408,416.94305694305694,256.23676323676324,1264.0,1.5868990278501818,54002.62937062937,mChi_1,mCherry RNAi,0.5041985775161586,-0.13804916436371062,30.257823503760246,70,2000
2730,74.0927374301676,422.6156424581006,242.604469273743,1029.0,1.4366323835993604,54468.84469273743,mChi_1,mCherry RNAi,0.5367529024461561,-0.1222988555647363,28.49409035116364,70,2000
2731,74.08173076923077,434.8309294871795,264.0753205128205,1457.0,1.6293388641200164,55464.067307692305,mChi_1,mCherry RNAi,0.4845559172227305,-0.08994571743874147,28.183921645359785,70,2000
2732,75.06345009914078,450.77329808327823,329.90879048248513,1828.0,1.5276183020850846,63191.597488433574,mChi_1,mCherry RNAi,0.32541394247199795,-0.048999539278099746,29.78878260001633,70,2000
2733,75.13104661389622,480.02990325417767,273.53474054529465,1393.0,1.5998976563065113,61515.32541776605,mChi_1,mCherry RNAi,0.4600697812274457,0.03271029705425921,26.241570814393395,70,2000
2734,75.49807197943444,478.01863753213365,325.620822622108,1763.0,1.5179127063217317,62366.65552699229,mChi_1,mCherry RNAi,0.334705689606722,0.02528647143877505,28.152082403512292,70,2000
2735,74.12095032397409,505.93952483801297,141.2915766738661,626.0,1.612354839303534,30709.17494600432,mChi_1,mCherry RNAi,0.7775436319388855,0.10807163663358565,19.820332461785267,70,2000
2736,75.04391891891892,519.1478040540541,181.8285472972973,1372.0,1.300717749062206,61421.60810810811,mChi_1,mCherry RNAi,0.6794392459586474,0.14256325067329212,20.88271602320049,70,2000
2737,74.64928292046936,524.6336375488918,169.60365058670143,955.0,1.341845276783643,52407.123859191655,mChi_1,mCherry RNAi,0.7086479051528025,0.1578688903906562,19.766998947265865,70,2000
2738,74.66106870229008,544.5251908396947,163.34351145038167,780.0,1.3835869204065898,37469.05954198473,mChi_1,mCherry RNAi,0.7229511898612697,0.21216632975087624,18.18329773400048,70,2000
2739,74.15417867435158,565.1484149855908,141.9207492795389,796.0,1.390679263129681,49041.79827089337,mChi_1,mCherry RNAi,0.7737175392197404,0.2689411432073807,15.622323877981902,70,2000
2740,75.96898079763663,588.2629246676514,221.83382570162482,1596.0,1.453625253387102,63142.06868537666,mChi_1,mCherry RNAi,0.5804321074391068,0.3289908999997011,17.92175092053647,70,2000
2741,75.36159169550173,591.0640138408304,133.21626297577853,1349.0,1.3404302636059495,61946.739619377164,mChi_1,mCherry RNAi,0.79374779543459,0.3399379818097559,14.732815905599463,70,2000
2742,75.41640127388536,637.0509554140127,151.17117834394904,1414.0,1.2313755076977062,59474.24522292994,mChi_1,mCherry RNAi,0.7487050554975834,0.4642083954397951,11.970737678881871,70,2000
2743,75.41568627450981,642.2411764705882,192.68333333333334,1247.0,1.5158565755037288,49453.48431372549,mChi_1,mCherry RNAi,0.6485074122785064,0.4766930480139897,12.71364003817369,70,2000
2744,75.40839694656489,679.5725190839695,174.99618320610688,962.0,1.3165923699902933,37856.43384223919,mChi_1,mCherry RNAi,0.6896538363946414,0.5788211673084049,9.552469595651562,70,2000
2745,75.36708860759494,683.6526898734177,256.3892405063291,1513.0,1.3969494305451777,43679.38607594937,mChi_1,mCherry RNAi,0.4934315271957763,0.5867265933225074,11.406684071411963,70,2000
2746,75.8581016299137,686.1313518696069,129.99137104506232,1273.0,1.3417107896194664,40473.29050814957,mChi_1,mCherry RNAi,0.7978336265691921,0.5984864970318542,8.320383741348149,70,2000
2747,74.52572347266882,699.0675241157556,152.68649517684887,791.0,1.3204454991966486,34596.096463022506,mChi_1,mCherry RNAi,0.7425773372402096,0.6324909943299264,6.673919330905129,70,2000
2748,74.04466019417475,711.5436893203884,115.85436893203884,672.0,1.491801944984989,31558.3786407767,mChi_1,mCherry RNAi,0.8307817260426791,0.667733791242374,4.3089627809893365,70,2000
2749,74.87205387205387,728.3392255892256,362.6540404040404,1370.0,1.4186960299110787,50190.42845117845,mChi_1,mCherry RNAi,0.23568371522769227,0.7039122151910497,10.563768255951945,70,2000
2750,74.69597615499255,731.6766020864382,125.12220566318926,848.0,1.2611216007279775,31644.72131147541,mChi_1,mCherry RNAi,0.8077113853845352,0.722207371584944,3.763043440337203,70,2000
2751,77.04872881355932,781.5042372881356,412.73093220338984,704.0,1.3052957442614481,29620.398305084746,mChi_1,mCherry RNAi,0.11311673491630958,0.846852214361181,10.265869353482625,70,2000
2752,73.93548387096774,829.4233870967741,563.796370967742,1314.0,1.3597836917248172,31910.2247983871,mChi_1,mCherry RNAi,-0.25283623656756304,0.9705603403704359,7.7849133981949805,70,2000
2753,74.73634204275534,403.19239904988126,292.938242280285,535.0,1.564910152417515,31342.16864608076,mChi_1,mCherry RNAi,0.41630705857803996,-0.17691331763061935,31.882514993914693,70,2000
2754,74.92651439920556,434.50943396226415,222.18669314796426,1192.0,1.5604396246910595,54978.02184707051,mChi_1,mCherry RNAi,0.585522695062187,-0.08902004112004169,27.923169924917953,70,2000
2755,76.16412490922295,444.70588235294116,310.9949164851126,1687.0,1.6092600030464017,62399.09368191721,mChi_1,mCherry RNAi,0.37127924045613736,-0.06453263528982656,30.813066573265377,70,2000
2756,75.46999076638966,453.5004616805171,218.62603878116343,1278.0,1.530356262328135,55731.87165281625,mChi_1,mCherry RNAi,0.5933916461022672,-0.03717031689279171,27.00677825853199,70,2000
2757,75.68567639257294,507.9575596816976,176.815649867374,952.0,1.5666758525553865,43920.49469496021,mChi_1,mCherry RNAi,0.6919913111339784,0.11247776017648481,22.19068739574057,70,2000
2758,76.17678571428571,513.0258928571428,239.63125,1314.0,1.4370059455479098,61442.4625,mChi_1,mCherry RNAi,0.5405130464229091,0.12389728962972457,24.005427405339457,70,2000
2759,76.42691415313224,538.0591647331787,235.91531322505801,1019.0,1.5670044150448945,59920.82250580046,mChi_1,mCherry RNAi,0.5485018152230734,0.19211390821072838,22.358863325376678,70,2000
2760,75.11118980169972,546.6699716713881,329.88456090651556,1610.0,1.7305221527098773,54753.943342776205,mChi_1,mCherry RNAi,0.3217297093049438,0.21158950646604757,22.95544254118683,70,2000
2761,76.40883190883191,566.1695156695157,242.10683760683762,1620.0,1.377074316160154,62806.06766381767,mChi_1,mCherry RNAi,0.5324885448672461,0.2682528224790026,20.49045464815976,70,2000
2762,77.38503649635037,570.5091240875912,227.10036496350364,1364.0,1.3940186161849064,64013.891423357665,mChi_1,mCherry RNAi,0.5685274416484396,0.2808217755430662,20.749007803490894,70,2000
2763,76.48039215686275,583.8355119825708,172.45098039215685,1218.0,1.5252199522273273,53304.6917211329,mChi_1,mCherry RNAi,0.6995906846245172,0.31898628178329846,17.421721867050085,70,2000
2764,76.23423423423424,593.2513513513513,207.409009009009,1310.0,1.4928292451682075,62067.46306306306,mChi_1,mCherry RNAi,0.6150003870200007,0.34316043896036486,17.440529092752048,70,2000
2765,76.49818621523579,595.5961305925031,150.10640870616686,1032.0,1.442261127209893,53426.511487303505,mChi_1,mCherry RNAi,0.7529562589365106,0.3518179432008659,15.99497258565044,70,2000
2766,74.84813084112149,626.4322429906542,93.95794392523365,596.0,1.4354638553958978,33253.0070093458,mChi_1,mCherry RNAi,0.8869002818222684,0.4374732965661179,10.62789775478107,70,2000
2767,76.96366177498253,634.6198462613557,107.84626135569532,1694.0,1.2614996115227377,61865.42767295597,mChi_1,mCherry RNAi,0.8532576299871271,0.4595957421911927,12.523143438750818,70,2000
2768,76.12470023980815,661.8489208633093,186.99760191846522,1039.0,1.4961063686722889,55940.26498800959,mChi_1,mCherry RNAi,0.6614814675435634,0.5303339647941987,11.860922082014387,70,2000
2769,76.14285714285714,684.060820367751,106.08628005657708,882.0,1.5447164263414543,43568.86987270156,mChi_1,mCherry RNAi,0.8555150048211493,0.5938482872560944,8.110200757347133,70,2000
2770,76.03647416413374,687.7158054711247,213.40577507598783,1032.0,1.3447824406313484,25750.189969604864,mChi_1,mCherry RNAi,0.5968534070168978,0.5995747198680863,10.627034425862707,70,2000
2771,76.39169675090253,700.7951263537906,124.35198555956678,1268.0,1.1949677751429366,55146.87364620939,mChi_1,mCherry RNAi,0.8108782463725024,0.6386569408424636,7.648722993422911,70,2000
2772,76.25556408288566,736.2524942440522,188.22640061396777,1492.0,1.373862662330619,48453.36070606293,mChi_1,mCherry RNAi,0.6556235776352708,0.7324875903312529,6.686210858561477,70,2000
2773,76.12667946257197,771.1084452975048,478.61804222648755,1260.0,1.6025315767587138,54013.095969289825,mChi_1,mCherry RNAi,-0.04524402007626105,0.8158537302195401,11.863680881372584,70,2000
2774,76.8053872053872,459.38047138047136,315.8801346801347,1732.0,1.3960606999218332,63396.00202020202,mChi_1,mCherry RNAi,0.3589783617002984,-0.024721985033589022,30.530920169884322,70,2000
2775,76.959927140255,466.1366120218579,205.9398907103825,1289.0,1.6472543523636929,57284.88160291439,mChi_1,mCherry RNAi,0.6235491959060999,-0.00204676082230959,27.244680762347254,70,2000
2776,76.49449204406365,497.98531211750304,243.4969400244798,981.0,1.3621753487567914,60738.82619339045,mChi_1,mCherry RNAi,0.5318085367710088,0.08293946149168452,25.505238510983883,70,2000
2777,76.31521739130434,502.2214673913044,189.9008152173913,911.0,1.4834765215506354,42619.5625,mChi_1,mCherry RNAi,0.660734799775299,0.09650473282522332,23.58170140549758,70,2000
2778,75.76190476190476,502.9248120300752,285.6390977443609,500.0,1.4705040696086318,60016.93984962406,mChi_1,mCherry RNAi,0.43005765267770557,0.09457439612325258,25.553345144533875,70,2000
2779,77.59002169197397,515.6258134490239,195.2809110629067,1086.0,1.3207476118556583,59876.80802603037,mChi_1,mCherry RNAi,0.6473308355184058,0.1329690179218801,24.035674804658047,70,2000
2780,76.38779527559055,525.9685039370079,269.4704724409449,1210.0,1.5538529065040012,53313.14173228347,mChi_1,mCherry RNAi,0.46814363587550134,0.15794414438266435,24.089411275175433,70,2000
2781,76.78403361344537,528.7042016806722,318.62605042016804,1464.0,1.7596072730157812,57028.9025210084,mChi_1,mCherry RNAi,0.3496549774159863,0.16353917811958074,25.609687509597695,70,2000
2782,77.10304659498208,536.0636200716846,78.25358422939068,1343.0,1.505859843188255,51554.32526881721,mChi_1,mCherry RNAi,0.9283988575232569,0.19297145393804094,18.9376625922682,70,2000
2783,76.94123819517314,541.5309548793284,185.9202518363064,1135.0,1.392870496084882,60123.55508919203,mChi_1,mCherry RNAi,0.6688267556838301,0.20359812790137277,21.27853656809881,70,2000
2784,77.67213114754098,544.9572344975054,269.93656450463294,1595.0,1.364571336886498,62388.411261582325,mChi_1,mCherry RNAi,0.46635904662996563,0.20977626746162747,24.02011974283735,70,2000
2785,76.45382585751979,559.6860158311346,280.2414248021108,998.0,1.5797510545485136,63771.29155672823,mChi_1,mCherry RNAi,0.44088561568784135,0.2491573074027369,22.025683470854776,70,2000
2786,76.4364012409514,570.9203722854188,185.22440537745604,1182.0,1.4710080265950156,59120.739400206825,mChi_1,mCherry RNAi,0.6693236462090404,0.28338547700746597,18.647877413239026,70,2000
2787,77.43489583333333,573.8541666666666,199.01649305555554,1331.0,1.4000272836569383,62520.250868055555,mChi_1,mCherry RNAi,0.6360485882524505,0.2910159814887159,19.803727717592036,70,2000
2788,77.2308499475341,580.8992654774397,141.88247639034628,1099.0,1.2765220407024294,60890.3536201469,mChi_1,mCherry RNAi,0.7733857072457135,0.3123470263546937,17.55884785142519,70,2000
2789,75.63866666666667,600.512,245.32133333333334,904.0,1.6106742253300488,50484.88,mChi_1,mCherry RNAi,0.5233562201320168,0.36129445253614145,17.345004188328392,70,2000
2790,77.40129449838187,598.5016181229773,122.32038834951456,1087.0,1.2558810450399052,59234.56418554477,mChi_1,mCherry RNAi,0.8198301252401294,0.360973873383738,15.939977365291202,70,2000
2791,75.92488262910798,619.6467136150235,190.5305164319249,1081.0,1.4892612226250055,46361.67957746479,mChi_1,mCherry RNAi,0.6546072806980476,0.4154814596672767,14.784546509278538,70,2000
2792,76.91309130913092,674.4917491749175,147.74037403740374,1104.0,1.4560072122897618,41391.342134213424,mChi_1,mCherry RNAi,0.7555998360773744,0.5663737386886718,10.684535229406894,70,2000
2793,75.93725490196078,708.9568627450981,146.68235294117648,653.0,1.3291484163964575,31780.229411764707,mChi_1,mCherry RNAi,0.7567416212113607,0.6598747378436927,7.210359139562364,70,2000
2794,76.838,715.484,155.34,644.0,1.4974806770791396,31507.096,mChi_1,mCherry RNAi,0.7356880291807231,0.6774503552132705,7.872903700000617,70,2000
2795,76.28811188811189,721.6083916083916,166.93286713286713,924.0,1.4074601513101983,39801.7034965035,mChi_1,mCherry RNAi,0.7074896421470425,0.6935319860126423,7.196884299013433,70,2000
2796,76.41620421753608,749.0455049944507,401.21309655937847,1102.0,1.5115962398350522,39549.65482796892,mChi_1,mCherry RNAi,0.142089488151957,0.7589772732140394,11.654375893121955,70,2000
2797,77.2609819121447,778.0913006029285,161.41171403962102,1405.0,1.2408746491233549,45535.08182601206,mChi_1,mCherry RNAi,0.7186433726344221,0.8474187347603146,3.965992898174246,70,2000
2798,76.51172707889125,368.74200426439234,237.13432835820896,1103.0,1.6208226838898492,27787.742004264393,mChi_1,mCherry RNAi,0.5521839557117647,-0.26800014591430577,34.62417811530317,70,2000
2799,76.82360248447205,403.9192546583851,233.23975155279504,917.0,1.8506962898296666,38977.72049689441,mChi_1,mCherry RNAi,0.5602106642847573,-0.1722003301790609,32.30657809782987,70,2000
2800,76.55204460966543,451.03903345724905,235.61338289962825,736.0,1.587423340111141,45963.68401486989,mChi_1,mCherry RNAi,0.5526357443479664,-0.04430833081381713,28.718932728864136,70,2000
2801,77.63970588235294,447.7095588235294,291.74724264705884,1312.0,1.475639968439629,59476.397977941175,mChi_1,mCherry RNAi,0.41761759285408306,-0.0553302621460563,31.551358272966848,70,2000
2802,77.17150760719225,476.79806362378974,259.7406639004149,1779.0,1.5883816467190441,62228.458506224066,mChi_1,mCherry RNAi,0.49355010566287283,0.02486740244210761,28.137073455335194,70,2000
2803,77.1318918918919,481.2648648648649,210.05297297297298,1118.0,1.556734182494165,59055.52864864865,mChi_1,mCherry RNAi,0.613061365085519,0.03893447296323527,26.44130952589538,70,2000
2804,77.78994845360825,485.83505154639175,180.61340206185568,923.0,1.446325827221751,39801.5,mChi_1,mCherry RNAi,0.683838072469565,0.05263016487494965,25.978092482154874,70,2000
2805,77.1326949384405,503.7140902872777,204.91655266757866,930.0,1.5052825253886717,56258.3023255814,mChi_1,mCherry RNAi,0.6245572442379446,0.10013586788433226,24.693362483868324,70,2000
2806,77.84089323098395,503.84089323098397,321.57362177250525,1710.0,1.4838930408790194,63826.378925331475,mChi_1,mCherry RNAi,0.34359162961305323,0.09607128819060784,28.526546963427162,70,2000
2807,78.71541501976284,530.3225296442688,194.49169960474308,1506.0,1.3581138756294397,61596.96442687747,mChi_1,mCherry RNAi,0.6487277960107956,0.17315620704555212,24.08209950226905,70,2000
2808,77.21246923707957,540.5258408531583,304.5816242821985,1531.0,1.661120665818028,58207.6899097621,mChi_1,mCherry RNAi,0.3830502144969994,0.19629375940139981,24.81113273341369,70,2000
2809,77.70100143061516,538.752503576538,130.5050071530758,988.0,1.6476893188721076,42260.23175965665,mChi_1,mCherry RNAi,0.8024672607677554,0.19835822964869232,20.745648710623993,70,2000
2810,78.34721189591077,550.8468401486989,251.75762081784387,1567.0,1.5157651546382938,62790.86691449814,mChi_1,mCherry RNAi,0.5099605706081625,0.2266215028975911,23.78193918794315,70,2000
2811,76.29096477794793,551.7947932618683,153.49310872894333,819.0,1.509671596397267,43790.04134762634,mChi_1,mCherry RNAi,0.7464962742540511,0.23262438914014671,19.022016782806237,70,2000
2812,77.30818619582665,546.2407704654896,109.12680577849117,738.0,1.3854780901077695,39306.62600321027,mChi_1,mCherry RNAi,0.8536463895313717,0.2194622916140334,19.242004609766123,70,2000
2813,77.88212334113973,550.3622170179548,289.0351288056206,1498.0,1.5076757599527553,62163.73926619828,mChi_1,mCherry RNAi,0.42015618048688186,0.22375979655045297,24.355142744926948,70,2000
2814,78.365308804205,583.203679369251,186.51642575558475,924.0,1.3200686120825995,59547.25492772667,mChi_1,mCherry RNAi,0.6658515078876674,0.31709155432594005,19.724560088301306,70,2000
2815,78.56468023255815,592.1526162790698,237.4484011627907,1612.0,1.4477293226221721,61592.23546511628,mChi_1,mCherry RNAi,0.5428289346038315,0.3394617767802677,20.650523531424934,70,2000
2816,77.26895734597156,610.6481042654028,225.4063981042654,1038.0,1.6434899265828633,43789.623222748814,mChi_1,mCherry RNAi,0.5710329107806567,0.389934103157235,17.707882907284233,70,2000
2817,77.07669616519173,644.3539823008849,208.89872173058015,1312.0,1.7542138664503377,51499.63421828909,mChi_1,mCherry RNAi,0.6094683180334,0.4821284482967654,14.654108679867019,70,2000
2818,78.9421052631579,644.5383458646617,117.37067669172933,1597.0,1.2448057390165042,63372.24586466165,mChi_1,mCherry RNAi,0.8300506631595552,0.4865647244512332,14.040200681143578,70,2000
2819,77.4479262672811,682.3981566820277,374.9953917050691,1313.0,1.4956931039645078,38456.59170506913,mChi_1,mCherry RNAi,0.2079101905116616,0.5791023722239286,16.759978029790712,70,2000
2820,79.34851936218679,684.8739559605164,164.54669703872437,1564.0,1.4116823383420551,51801.072133637055,mChi_1,mCherry RNAi,0.7148624245936923,0.5944086661060881,12.81972830732322,70,2000
2821,78.49958779884584,689.1302555647155,190.9752679307502,1421.0,1.3509557110580581,49914.20197856554,mChi_1,mCherry RNAi,0.6509820345632327,0.6047769379119274,12.378411873504067,70,2000
2822,78.27034120734908,739.6281714785652,150.98687664041995,1368.0,1.4662210186806792,43979.373578302715,mChi_1,mCherry RNAi,0.7453198461266608,0.7435082796053696,7.451737580898264,70,2000
2823,78.19201030927834,751.8118556701031,153.2306701030928,960.0,1.3037789623549918,41162.1043814433,mChi_1,mCherry RNAi,0.7394342332052406,0.776511955503336,6.559816807918821,70,2000
2824,77.92436974789916,760.9810924369748,146.00840336134453,609.0,1.2693346860586128,30749.741596638654,mChi_1,mCherry RNAi,0.7564565329529451,0.8016563732939408,5.440937999152666,70,2000
2825,76.53924050632911,371.17721518987344,330.62784810126584,530.0,1.8044466564286734,20715.232911392406,mChi_1,mCherry RNAi,0.32688246225390616,-0.2650228042738467,36.99033718237102,70,2000
2826,77.75129533678756,386.9602763385147,304.01208981001724,698.0,1.7251892094155632,23354.61139896373,mChi_1,mCherry RNAi,0.3904536108107801,-0.22085971378931213,36.350915404516584,70,2000
2827,77.44806201550388,399.9441860465116,301.9565891472868,865.0,1.7418209545603427,23759.279069767443,mChi_1,mCherry RNAi,0.3948789484126525,-0.18555818223322473,35.06175897707858,70,2000
2828,77.38248175182481,409.83795620437957,317.0759124087591,840.0,1.8621214413360931,24054.935766423358,mChi_1,mCherry RNAi,0.35806886823707496,-0.15927635766715598,34.6929865648263,70,2000
2829,78.565625,417.334375,275.8052083333333,1163.0,1.3882232009366102,42050.177083333336,mChi_1,mCherry RNAi,0.45726285679050704,-0.13706474655869028,34.22530084316955,70,2000
2830,78.74689100219459,426.8683247988296,314.12362838332115,1642.0,1.5788755220649644,54150.31089978054,mChi_1,mCherry RNAi,0.3645999620694984,-0.1126166440954336,34.75214105268688,70,2000
2831,78.40621650589496,504.94533762057875,228.45551982851018,1131.0,1.5706878739510688,61988.52733118971,mChi_1,mCherry RNAi,0.5678873976644403,0.10281410772128274,26.507615293909307,70,2000
2832,79.42728531855956,513.6170360110804,289.2313019390582,1790.0,1.487155178709432,62343.57340720222,mChi_1,mCherry RNAi,0.4212148553173125,0.1242087237777989,28.537389020039324,70,2000
2833,78.55886157826649,525.0905562742562,250.3221216041397,913.0,1.4920481645768506,58998.8680465718,mChi_1,mCherry RNAi,0.514437563826553,0.15673188147063355,25.80230855109453,70,2000
2834,78.51955782312925,537.4600340136054,218.76955782312925,1310.0,1.3131528406365052,61331.501700680274,mChi_1,mCherry RNAi,0.5899561089260936,0.1915657747283417,24.02740128052218,70,2000
2835,79.13866967305525,553.4859075535513,178.99661781285232,1016.0,1.2675344788219185,56560.252536640364,mChi_1,mCherry RNAi,0.6851740750323903,0.23678508081564353,22.425645616363933,70,2000
2836,79.15164369034994,568.3510074231177,285.44432661717923,1118.0,1.5658573529205746,59493.34040296925,mChi_1,mCherry RNAi,0.4281820124468798,0.273030058311559,24.2337577861294,70,2000
2837,79.37412236710131,582.0822467402206,154.00802407221664,1188.0,1.3528658195288423,58219.90170511535,mChi_1,mCherry RNAi,0.744264544746271,0.31551009102595273,19.936923664813865,70,2000
2838,78.09944751381215,585.1325966850828,121.21731123388582,662.0,1.343025670296843,47535.668508287294,mChi_1,mCherry RNAi,0.8230527814080772,0.324826667691837,17.565609151087617,70,2000
2839,78.44444444444444,585.8790849673203,277.7598039215686,879.0,1.4912867444001103,34903.021241830065,mChi_1,mCherry RNAi,0.4459640031522176,0.32081945279267265,22.064464427580685,70,2000
2840,78.15034965034965,601.3216783216783,179.26048951048952,799.0,1.5061767460245148,54409.253496503494,mChi_1,mCherry RNAi,0.6826086608516342,0.36656398990874006,18.015256819417008,70,2000
2841,78.46666666666667,670.6451282051282,93.99179487179487,1109.0,1.3104292658514625,50589.05128205128,mChi_1,mCherry RNAi,0.8853167079986746,0.5583223856443309,11.064569961311125,70,2000
2842,79.5990371389271,666.7001375515819,287.97936726272354,1711.0,1.5017303637871458,52620.86382393398,mChi_1,mCherry RNAi,0.4182620293838921,0.5402619119087206,17.691743042551398,70,2000
2843,78.44157937147462,678.8283642224013,287.2054794520548,1545.0,1.7202655296148255,49434.93714746172,mChi_1,mCherry RNAi,0.4195805474926817,0.5730204128055321,15.646720159830007,70,2000
2844,79.59269932756965,695.9039385206532,171.61959654178673,1221.0,1.1953161941953838,48986.01344860711,mChi_1,mCherry RNAi,0.6974095164921308,0.6241525217792225,12.461968789728804,70,2000
2845,80.02445652173913,699.2038043478261,159.8496376811594,1298.0,1.2467046324196724,52476.94927536232,mChi_1,mCherry RNAi,0.7256590476045639,0.6336629786288903,12.339282491605577,70,2000
2846,80.0506329113924,735.8869198312236,137.3662447257384,1436.0,1.3531675776936138,48668.248101265825,mChi_1,mCherry RNAi,0.7783861056438415,0.7342232594190989,9.129047250380431,70,2000
2847,78.96729435084242,764.5946481665015,161.90782953419227,1154.0,1.2280737007423932,50762.70168483647,mChi_1,mCherry RNAi,0.7180815082448389,0.8110605548213556,6.648969861312402,70,2000
2848,77.7395104895105,767.6241258741259,222.44755244755245,723.0,1.4910741650711223,23687.033216783217,mChi_1,mCherry RNAi,0.5720582243234538,0.8166907598287199,6.8349670565369784,70,2000
2849,77.24256292906179,770.441647597254,274.68192219679634,514.0,1.439738941903353,21344.782608695652,mChi_1,mCherry RNAi,0.44609464609995597,0.8222125082469125,7.541581393672512,70,2000
2850,78.81421647819063,779.389337641357,220.74959612277868,782.0,1.4409009605513965,25789.117932148627,mChi_1,mCherry RNAi,0.5757555282404994,0.8489376790877328,7.016749372609354,70,2000
2851,78.13986013986013,797.5034965034965,410.4965034965035,533.0,1.4156475346929487,24846.340326340327,mChi_1,mCherry RNAi,0.11794194446491946,0.890628398234272,10.145826664446606,70,2000
2852,78.81532663316582,339.24748743718595,298.535175879397,940.0,1.4846597210018118,27348.379396984925,mChi_1,mCherry RNAi,0.4055761522350321,-0.3500863103498588,40.68782384999484,70,2000
2853,78.76388888888889,357.5401234567901,294.358024691358,793.0,1.5768093389306495,26743.436728395063,mChi_1,mCherry RNAi,0.4149204380429097,-0.3002272295454008,39.21180057692166,70,2000
2854,79.34912718204488,369.2057356608479,283.4413965087282,925.0,1.6519368044682126,30293.74438902743,mChi_1,mCherry RNAi,0.44079724292509037,-0.2679877436520438,38.66486856692863,70,2000
2855,79.39136904761905,413.54761904761904,263.3690476190476,887.0,1.649359610589608,38920.572916666664,mChi_1,mCherry RNAi,0.4874184144557281,-0.1467072441983065,34.985976422107925,70,2000
2856,79.71572580645162,414.59173387096774,292.1602822580645,1177.0,1.5809055218176609,43920.23588709677,mChi_1,mCherry RNAi,0.4180451855496028,-0.14492886791233073,36.00848068554835,70,2000
2857,79.763353115727,456.50370919881306,304.61572700296733,1593.0,1.4782413829904208,61021.201038575666,mChi_1,mCherry RNAi,0.38640833833035604,-0.03151829644663218,33.383761714017226,70,2000
2858,79.45567957977676,491.64543663821405,315.1418253447144,1711.0,1.533926940611006,60949.579120157585,mChi_1,mCherry RNAi,0.3596612761872553,0.06350095076950724,30.83866269184856,70,2000
2859,80.26700507614213,531.1979695431472,179.44162436548223,1159.0,1.266965840031613,60278.98680203046,mChi_1,mCherry RNAi,0.6850427810239732,0.1764268334423411,25.161717904927418,70,2000
2860,80.31183932346723,541.4397463002114,91.28224101479915,1160.0,1.5899260781084243,54379.545454545456,mChi_1,mCherry RNAi,0.8970047090842275,0.20770274551238654,22.10156036823987,70,2000
2861,79.74137931034483,548.089836660617,211.8802177858439,1268.0,1.4052060175710925,60215.67876588022,mChi_1,mCherry RNAi,0.6062119563945221,0.2209587903451964,24.297765476640944,70,2000
2862,79.1273516642547,558.1273516642547,224.09696092619393,866.0,1.6269873466980218,61259.5484804631,mChi_1,mCherry RNAi,0.5763539452801387,0.24763656456674066,23.293812699625224,70,2000
2863,80.63883677298311,554.8742964352721,238.3189493433396,1279.0,1.3096131934437343,63690.25328330207,mChi_1,mCherry RNAi,0.5423168624664356,0.23853971111628214,25.41659009708628,70,2000
2864,79.43879173290938,554.9586645468999,164.40063593004768,825.0,1.592066210514354,44602.117647058825,mChi_1,mCherry RNAi,0.7202941418205708,0.24141506689009695,22.22682673897499,70,2000
2865,80.88218923933209,564.7634508348794,206.3803339517625,1288.0,1.417536714794631,63286.92486085343,mChi_1,mCherry RNAi,0.6188797733430271,0.2667044729630985,24.09108519755087,70,2000
2866,79.36936936936937,581.2511261261261,105.21846846846847,1053.0,1.3192007345479373,55279.20945945946,mChi_1,mCherry RNAi,0.8618214614625883,0.3151530270184453,18.680174527618096,70,2000
2867,79.10327455919395,588.1675062972292,251.73551637279596,896.0,1.4470519269110864,56003.030226700255,mChi_1,mCherry RNAi,0.508603113203443,0.32818192809419444,21.857543448864288,70,2000
2868,79.71350762527233,605.9694989106754,253.8355119825708,1053.0,1.5684165605748288,57227.298474945535,mChi_1,mCherry RNAi,0.5028872260903223,0.37659312286179136,21.245200648436604,70,2000
2869,79.97314234556849,612.8307967770814,116.25693822739481,1318.0,1.3278036130488498,60431.54073410922,mChi_1,mCherry RNAi,0.8340359574882956,0.4006523440067997,17.313183726200666,70,2000
2870,80.45288197621225,632.1271729185727,97.36322049405307,1266.0,1.3305323491967642,58537.230558096984,mChi_1,mCherry RNAi,0.8788234518828721,0.45391708077996107,15.89912645334589,70,2000
2871,79.45067264573991,661.2791479820628,119.17937219730942,1061.0,1.5280384975421997,56338.91255605381,mChi_1,mCherry RNAi,0.8250715935725779,0.5320837326450341,13.394796955525972,70,2000
2872,80.07164634146342,684.6371951219512,116.58993902439025,786.0,1.2270244167103443,44810.30792682927,mChi_1,mCherry RNAi,0.8304353047071245,0.5957772664319099,12.26846470713139,70,2000
2873,79.22842639593908,688.1192893401015,204.31472081218274,509.0,1.4958540686486046,24621.36040609137,mChi_1,mCherry RNAi,0.618934607561888,0.6016530365833317,13.536254671139819,70,2000
2874,81.49782797567333,690.2033014769765,144.5664639443962,1360.0,1.366737843757986,54262.771503040836,mChi_1,mCherry RNAi,0.7629164000216779,0.6100915530262732,14.043213856265101,70,2000
2875,80.32488479262673,700.9331797235023,110.72119815668202,687.0,1.6552712384133963,32293.177419354837,mChi_1,mCherry RNAi,0.8439512257814317,0.6403367214674063,11.193999491273221,70,2000
2876,79.52340823970037,709.7818352059925,314.7780898876405,1221.0,1.605047330080735,46849.69662921348,mChi_1,mCherry RNAi,0.3520216104421434,0.6562674916315505,15.24580563051661,70,2000
2877,80.58310871518418,712.3683737646002,250.97843665768195,1313.0,1.3911133293028846,48824.45462713387,mChi_1,mCherry RNAi,0.5056676492317727,0.6659916701986248,14.40164866535962,70,2000
2878,78.93201754385964,717.6381578947369,260.58991228070175,586.0,1.4197582421983332,22539.64254385965,mChi_1,mCherry RNAi,0.4822070101944984,0.6796118629235863,12.635711613196914,70,2000
2879,81.32641770401106,727.2780082987551,119.34301521438451,986.0,1.356137234442831,35198.705394190874,mChi_1,mCherry RNAi,0.8222161581904521,0.7117838898679427,10.53421464835191,70,2000
2880,78.44876325088339,741.605418138987,364.8610129564193,1002.0,1.6274553671921383,36586.639575971734,mChi_1,mCherry RNAi,0.2300716323873282,0.7405773301059897,13.237487306351728,70,2000
2881,78.69329073482429,749.3338658146965,281.961661341853,776.0,1.4996997563218695,19963.897763578276,mChi_1,mCherry RNAi,0.4294737204663228,0.7648579796594448,10.69816830789728,70,2000
2882,82.55051813471502,762.5200777202073,405.75582901554407,2073.0,1.7894086279964123,39341.12564766839,mChi_1,mCherry RNAi,0.1310017896005291,0.796620328668006,16.926024499541622,70,2000
2883,80.40923076923077,351.35846153846154,281.9246153846154,824.0,1.4895920767442283,32118.923076923078,mChi_1,mCherry RNAi,0.44521383720144914,-0.31621636071484216,40.9615658080578,70,2000
2884,79.63051702395964,432.4325346784363,271.0138713745271,962.0,1.6363178465146877,41317.283732660784,mChi_1,mCherry RNAi,0.4682807364696828,-0.09564257463546455,34.07500809201859,70,2000
2885,80.45040650406504,480.8666666666667,222.88780487804877,798.0,1.5840020501794543,44469.70243902439,mChi_1,mCherry RNAi,0.5823664572414979,0.038004398456104926,30.12368575927523,70,2000
2886,80.94942528735632,485.2145593869732,293.8245210727969,1513.0,1.6694100285188611,60160.0061302682,mChi_1,mCherry RNAi,0.4113546008839468,0.04715120444165666,32.216326433335055,70,2000
2887,81.10526315789474,521.9459459459459,165.9132290184922,847.0,1.4528346133395267,39980.36984352774,mChi_1,mCherry RNAi,0.7180435657868325,0.15197868430670525,26.29762345408211,70,2000
2888,80.99290780141844,532.3333333333334,166.05200945626478,569.0,1.520398618618417,35209.855791962174,mChi_1,mCherry RNAi,0.7172965745936195,0.18017669155888494,25.44406655155053,70,2000
2889,80.37192118226601,555.5665024630542,144.3694581280788,536.0,1.4281114356878406,41242.24384236453,mChi_1,mCherry RNAi,0.7685796767508284,0.24403117225571713,22.57509197993397,70,2000
2890,81.59368421052632,582.5905263157895,130.01052631578946,1152.0,1.34781259493354,59554.82105263158,mChi_1,mCherry RNAi,0.8021880140325064,0.3182632018600249,21.468353758087037,70,2000
2891,81.86064659977704,594.5897435897435,169.26755852842808,1073.0,1.3132861625030392,59787.48383500557,mChi_1,mCherry RNAi,0.7071732170831597,0.3493903925872779,21.928996480790953,70,2000
2892,81.1097046413502,607.6835443037975,208.1476793248945,1181.0,1.5851624104321789,54772.61814345991,mChi_1,mCherry RNAi,0.612960324940552,0.38330647279024443,21.286061273926297,70,2000
2893,79.90846286701209,609.6753022452505,235.99481865284974,737.0,1.5518025306079282,32614.35578583765,mChi_1,mCherry RNAi,0.5457294310501801,0.3873967696676408,20.694080334200184,70,2000
2894,81.26402640264027,613.1573157315731,156.6204620462046,1066.0,1.3723900394085067,57419.20242024202,mChi_1,mCherry RNAi,0.7368753733861952,0.40021961593437294,19.661964615969385,70,2000
2895,80.7934093789607,615.3916349809886,196.0659062103929,991.0,1.3498516829298595,51396.67173637516,mChi_1,mCherry RNAi,0.641742296913344,0.40466044165828796,20.092862293293773,70,2000
2896,81.0536398467433,629.4252873563219,118.16245210727969,1511.0,1.2604403356873186,62891.55708812261,mChi_1,mCherry RNAi,0.8288649240869854,0.44588243865879473,17.25112916173757,70,2000
2897,80.75586854460094,633.8372456964006,216.69483568075117,872.0,1.6818077451368627,41337.9765258216,mChi_1,mCherry RNAi,0.5913283461039649,0.4539707625547138,19.286597150951952,70,2000
2898,80.99278846153847,648.5492788461538,138.28846153846155,1052.0,1.6274997550302661,57317.56971153846,mChi_1,mCherry RNAi,0.7796344670060842,0.49705114029878117,16.359429962270166,70,2000
2899,80.39499036608863,695.3526011560693,100.60115606936417,709.0,1.6632402946910871,31550.74759152216,mChi_1,mCherry RNAi,0.8685508046033368,0.6255810451751522,11.392224662807376,70,2000
2900,81.82883939038688,714.6764361078547,109.69284876905041,1183.0,1.3148446831818856,39368.53106682298,mChi_1,mCherry RNAi,0.8459849875613694,0.6780168297617986,11.679851560398209,70,2000
2901,80.9046673286991,731.3823237338629,322.0039721946375,1189.0,1.379561043615936,45236.75273088381,mChi_1,mCherry RNAi,0.33385798526695676,0.7149520038336248,15.267494608921009,70,2000
2902,81.61649089165867,737.5800575263662,173.64046021093,1225.0,1.3870487100989022,51959.06711409396,mChi_1,mCherry RNAi,0.6910395951611139,0.7377175195038768,11.544007677479879,70,2000
2903,80.77051926298158,747.5963149078727,269.36348408710217,770.0,1.3029591245986158,23005.998324958124,mChi_1,mCherry RNAi,0.46001727120428293,0.7610360960807645,12.555269956132602,70,2000
2904,81.76216216216216,474.6410810810811,271.26378378378377,1122.0,1.4792725828085742,48580.196756756755,mChi_1,mCherry RNAi,0.46616260560080525,0.019459430792170274,33.17877390844585,70,2000
2905,80.82211538461539,507.0480769230769,167.78365384615384,545.0,1.3882608058860895,32719.233173076922,mChi_1,mCherry RNAi,0.7141023602063481,0.11136832082163828,27.13446756731197,70,2000
2906,82.71310116086235,504.4850746268657,292.50082918739633,1441.0,1.5275508891640164,62575.30845771144,mChi_1,mCherry RNAi,0.41390003953196564,0.09991302933987378,32.55663281958972,70,2000
2907,81.84605757196496,510.3354192740926,208.17021276595744,982.0,1.9291945987247672,56868.789737171464,mChi_1,mCherry RNAi,0.6167540569063328,0.11892762325113626,29.00528065901472,70,2000
2908,81.78633540372671,513.1776397515528,234.98136645962734,960.0,1.3425143247469833,61925.65838509317,mChi_1,mCherry RNAi,0.5520563691280442,0.1255936657017349,29.462594738640075,70,2000
2909,81.2262592898431,535.2072667217176,305.2914946325351,1491.0,1.8066583272364103,54154.97853014038,mChi_1,mCherry RNAi,0.381797415056335,0.18260303594328353,29.21379932139283,70,2000
2910,81.70383275261324,567.7781649245064,159.17305458768874,1055.0,1.3862832848442321,46342.82229965157,mChi_1,mCherry RNAi,0.7325264265139861,0.27689840665989607,23.424914037794334,70,2000
2911,81.84367635506678,578.1060487038492,227.5058915946583,1538.0,1.6105039577928553,62679.095836606444,mChi_1,mCherry RNAi,0.5675309324792026,0.30232547568973667,24.66038783743119,70,2000
2912,81.43468715697036,583.3238199780461,209.4324917672887,1106.0,1.7440802409098262,61243.14818880351,mChi_1,mCherry RNAi,0.6108371003067923,0.3171279201464303,23.392363381403054,70,2000
2913,81.53427638737759,601.7159956474429,197.6093579978237,1115.0,1.3882002938670341,62093.49619151252,mChi_1,mCherry RNAi,0.6386045989960785,0.36758527830582644,21.85422970245133,70,2000
2914,82.87030411449017,608.5214669051878,183.31663685152057,1385.0,1.5004374794536373,61824.686046511626,mChi_1,mCherry RNAi,0.6728502504826577,0.3868975931564871,22.313818542969937,70,2000
2915,81.96931407942239,609.9530685920578,128.99097472924188,1321.0,1.4060865862101637,62407.315884476535,mChi_1,mCherry RNAi,0.8035985252870834,0.39272865664221324,19.85229291690435,70,2000
2916,81.96536796536796,622.5357142857143,171.59199134199133,1063.0,1.2518343744904161,56607.98917748918,mChi_1,mCherry RNAi,0.700489085192415,0.4252575543567658,20.09086273967179,70,2000
2917,82.57128810226155,621.3294001966568,140.4267453294002,1255.0,1.347175506416274,62833.20943952802,mChi_1,mCherry RNAi,0.7756449961591754,0.4233138733965198,19.94371607540076,70,2000
2918,82.8780260707635,631.1294227188082,130.26722532588454,1272.0,1.281746498447871,59839.56890130354,mChi_1,mCherry RNAi,0.7997536329893999,0.45039975063655735,19.273306464722804,70,2000
2919,82.96512570965126,660.9594484995945,182.61881589618815,1443.0,1.2348921555109922,59366.64395782644,mChi_1,mCherry RNAi,0.6724889202548257,0.5294324492777565,18.62733937362049,70,2000
2920,82.42714819427148,746.1108343711084,397.1755915317559,974.0,1.2661745906564839,35590.91407222914,mChi_1,mCherry RNAi,0.15230319972909867,0.7523420004090442,17.749661433029342,70,2000
2921,82.27330508474576,751.0879237288135,178.91843220338984,1109.0,1.3010880265537978,47890.64088983051,mChi_1,mCherry RNAi,0.6778391838966096,0.7743455939272663,11.371634838365825,70,2000
2922,80.84257206208426,760.8957871396896,344.50776053215077,582.0,1.5814865302126493,23011.068736141908,mChi_1,mCherry RNAi,0.2784940388038015,0.7942589229654367,13.693066221687527,70,2000
2923,81.80503144654088,759.8553459119497,127.10272536687631,645.0,1.4238534199829114,25149.79245283019,mChi_1,mCherry RNAi,0.8022818174918589,0.8000973854824691,8.882708051835564,70,2000
2924,81.85618279569893,770.3172043010753,457.97849462365593,872.0,1.4874016238113716,55293.63037634409,mChi_1,mCherry RNAi,0.004859644108333283,0.8156347423676917,17.078245468404265,70,2000
2925,81.37735849056604,780.1442841287459,404.0632630410655,1092.0,1.5680794764562138,37135.76470588235,mChi_1,mCherry RNAi,0.13431758900993396,0.8443457117027229,14.446329039113035,70,2000
2926,80.3844696969697,783.8522727272727,460.40909090909093,691.0,1.5833169105138145,30240.479166666668,mChi_1,mCherry RNAi,-0.0016153058880938875,0.8520293177724021,14.705102655045327,70,2000
2927,81.35108153078203,784.4725457570715,149.5008319467554,760.0,1.5006108164198961,32938.95008319468,mChi_1,mCherry RNAi,0.7473393291242749,0.8660268433086793,7.266027441207676,70,2000
2928,80.949083503055,791.337067209776,509.9460285132383,1152.0,1.5724908102521058,44479.15784114053,mChi_1,mCherry RNAi,-0.12119761637033655,0.8705472378065218,16.06277883137715,70,2000
2929,80.55756578947368,794.4292763157895,528.3552631578947,739.0,1.6327856820587319,35155.99506578947,mChi_1,mCherry RNAi,-0.1656870621062646,0.8781549292414403,15.945462674980508,70,2000
2930,80.54337152209493,833.0294599018004,395.0687397708674,741.0,1.6731851081483893,25552.415711947626,mChi_1,mCherry RNAi,0.1538662540965734,0.9882366159067772,9.578641254237919,70,2000
2931,82.09529025191675,479.7776560788609,254.1489594742607,1140.0,1.5887098057065363,56484.282584885,mChi_1,mCherry RNAi,0.5072090325126792,0.034149755222768086,32.68228086272387,70,2000
2932,81.67056856187291,495.75250836120404,220.22909698996656,750.0,1.481970821934356,47581.04347826087,mChi_1,mCherry RNAi,0.5882651804821968,0.07879701567920216,30.20077259559493,70,2000
2933,82.38847858197931,496.13293943870013,193.80354505169868,848.0,1.59312829562864,40275.40768094535,mChi_1,mCherry RNAi,0.6519490540626176,0.08100219428132571,30.17886277928361,70,2000
2934,83.37912673056444,501.8125665601704,239.3003194888179,1126.0,1.7125756988025622,56102.854100106495,mChi_1,mCherry RNAi,0.5421957070987049,0.09485623135049326,31.98222185895587,70,2000
2935,82.57675438596492,533.0219298245614,254.14583333333334,1118.0,1.5257382144885994,60311.80153508772,mChi_1,mCherry RNAi,0.5051668474728843,0.17892445969248194,29.34213466452478,70,2000
2936,82.98400852878464,562.1631130063965,172.37100213219617,1300.0,1.4570037071453255,52744.97121535181,mChi_1,mCherry RNAi,0.7010339457595816,0.26137778701875614,25.45899801320049,70,2000
2937,83.04249783174328,572.3625325238509,107.90980052038161,1357.0,1.3370182856286985,58135.341717259325,mChi_1,mCherry RNAi,0.8559139690658828,0.29161731487684306,23.052587576494442,70,2000
2938,82.64674868189806,572.1177504393673,132.8927943760984,710.0,1.3985654391289903,40224.11072056239,mChi_1,mCherry RNAi,0.795719663415206,0.28990030883423135,23.3471976802636,70,2000
2939,83.2050274941084,576.4234092694422,259.630793401414,1609.0,1.5867323987388062,63565.18067556952,mChi_1,mCherry RNAi,0.49029847321267317,0.2967683585149079,27.002095459207506,70,2000
2940,81.92003948667325,628.6061204343534,344.04639684106616,1181.0,1.521078775012896,51130.57749259625,mChi_1,mCherry RNAi,0.2848393412717569,0.43501982533351713,24.24633541753347,70,2000
2941,83.29281045751634,626.0679738562092,159.37385620915032,895.0,1.3111567298398652,51049.10326797386,mChi_1,mCherry RNAi,0.7298647666937246,0.43559304192809467,20.832506744719023,70,2000
2942,83.93912397921306,649.0319227913883,160.4543429844098,1536.0,1.382306677971263,60082.32739420935,mChi_1,mCherry RNAi,0.7264053068107814,0.49807759240598837,19.85837593164482,70,2000
2943,83.49938650306748,659.1484662576687,127.08098159509203,995.0,1.3022039001104189,48771.244171779144,mChi_1,mCherry RNAi,0.806372920414089,0.5267818911871907,17.79690338702486,70,2000
2944,82.6685393258427,685.3651685393259,92.91947565543072,692.0,1.4149482595652152,32147.623595505618,mChi_1,mCherry RNAi,0.8875858761074971,0.5991887743752311,14.169146301152939,70,2000
2945,82.74709562109025,709.8257372654156,167.9034852546917,1269.0,1.2108159650279953,50488.90259159964,mChi_1,mCherry RNAi,0.7060131663326576,0.6627470228705412,14.50834443319415,70,2000
2946,82.20899470899471,706.4312169312169,285.7724867724868,510.0,1.3759230707503785,20880.0,mChi_1,mCherry RNAi,0.42218833188707094,0.6488217464436459,17.384118332881503,70,2000
2947,82.9991173874669,715.7413945278023,199.84907325684026,1311.0,1.3769870124273917,50850.80141218005,mChi_1,mCherry RNAi,0.6288469317042755,0.677625569272813,15.194008788067098,70,2000
2948,83.8636763412489,722.0949868073878,160.73087071240104,1320.0,1.2787245305920962,53584.418645558486,mChi_1,mCherry RNAi,0.7228807946488047,0.6965852411547773,14.548536554034687,70,2000
2949,82.25841476655809,733.9109663409338,297.0792616720955,1098.0,1.410472398892601,39572.26384364821,mChi_1,mCherry RNAi,0.3938822216761,0.7230609663879577,15.765773742597137,70,2000
2950,81.16539440203562,785.8854961832061,392.0356234096692,505.0,1.4211055326900783,25551.152671755724,mChi_1,mCherry RNAi,0.1630524696447999,0.8603735073609375,13.499727279549095,70,2000
2951,81.56347150259067,807.5829015544041,540.5854922279793,885.0,1.5485548624183514,44248.849740932645,mChi_1,mCherry RNAi,-0.19559860908340976,0.9136179924105983,16.33347280784714,70,2000
2952,83.12003610108303,443.9828519855596,272.7870036101083,1304.0,1.7864270510640288,46137.11913357401,mChi_1,mCherry RNAi,0.46377529375123294,-0.0636402090466357,36.77323864442391,70,2000
2953,83.68432671081678,513.4083885209714,222.6578366445916,1076.0,1.4536805997953817,58811.220750551875,mChi_1,mCherry RNAi,0.5818503305533793,0.1270742726102072,31.007150173392315,70,2000
2954,83.2277318640955,516.7447199265381,314.7961432506887,1354.0,1.8224672387060379,56485.60146923783,mChi_1,mCherry RNAi,0.3597480097799264,0.132457887784714,32.78953835723165,70,2000
2955,83.53019145802651,523.7820324005891,186.20324005891015,875.0,1.5564424544622621,53524.77172312224,mChi_1,mCherry RNAi,0.6692477578810054,0.15665346604422292,29.129159380036672,70,2000
2956,84.51630941286113,569.3103448275862,273.5079217148183,1318.0,1.5328365557118218,60983.535880708296,mChi_1,mCherry RNAi,0.4572304180421176,0.2771568442410137,29.192930725499853,70,2000
2957,83.68377823408625,574.0328542094455,120.21560574948666,591.0,1.2404297855721782,40344.383983572894,mChi_1,mCherry RNAi,0.8262462351386199,0.2958023290183103,23.902967285950094,70,2000
2958,82.7504159733777,582.6705490848585,76.4459234608985,736.0,1.7223611953468339,35200.354409317806,mChi_1,mCherry RNAi,0.9312836948750867,0.3207964782779331,21.175932890899634,70,2000
2959,84.33511586452762,588.6461675579322,220.7139037433155,1341.0,1.272546325113904,63479.106060606064,mChi_1,mCherry RNAi,0.5836346713513543,0.3317205842332267,26.205689735710475,70,2000
2960,84.38604240282686,594.1227915194346,181.66872791519435,1346.0,1.3323367778638413,63064.18286219081,mChi_1,mCherry RNAi,0.6774763223585698,0.3481344886902096,24.813859725573206,70,2000
2961,83.40591397849462,596.0672043010753,123.49731182795699,521.0,1.6246067279665644,42905.021505376346,mChi_1,mCherry RNAi,0.8174633391913793,0.35549339213550457,22.133247903894077,70,2000
2962,84.11902113459399,634.3448275862069,191.14794215795328,1141.0,1.9242301561852277,52020.44493882091,mChi_1,mCherry RNAi,0.653055102350937,0.4570071975343106,21.91665308563896,70,2000
2963,83.40836653386454,644.1454183266932,207.06673306772907,1179.0,1.7339161511534333,54221.301792828686,mChi_1,mCherry RNAi,0.614282812704626,0.48287784582798987,20.932880454928185,70,2000
2964,82.88028169014085,655.6971830985915,207.37089201877933,595.0,1.3721827949013674,32380.50469483568,mChi_1,mCherry RNAi,0.6130661449705621,0.514151626522146,19.585721618503836,70,2000
2965,84.54273858921162,660.0423236514523,165.7701244813278,1415.0,1.4500988297137465,59890.51784232365,mChi_1,mCherry RNAi,0.7132080607679123,0.5279074062121445,19.813161716209525,70,2000
2966,83.71153846153847,663.981684981685,241.18589743589743,1265.0,1.5224162556513512,49879.242673992674,mChi_1,mCherry RNAi,0.5313403090510966,0.5355079826229467,20.729217816323985,70,2000
2967,83.9881337648328,677.1704422869472,233.53721682847896,1097.0,1.3548584605975846,44831.11758360302,mChi_1,mCherry RNAi,0.5492665805148345,0.571698201414546,19.853123445137857,70,2000
2968,84.1413881748072,678.6966580976864,123.10025706940874,560.0,1.3493406147938718,38537.956298200515,mChi_1,mCherry RNAi,0.8152381007388136,0.5801813364051966,16.927479606683153,70,2000
2969,83.97464788732394,681.9164319248827,104.52957746478873,1248.0,1.3512818532351947,55103.1455399061,mChi_1,mCherry RNAi,0.8598352121495223,0.5896216602920195,16.030973388226375,70,2000
2970,82.91638795986623,693.3963210702341,295.4046822742475,745.0,1.4592464688304605,24722.229096989966,mChi_1,mCherry RNAi,0.39953928410673734,0.6131657129846855,19.28359383383076,70,2000
2971,84.49201877934273,692.9295774647887,270.9323943661972,1243.0,1.249125687351909,49547.982159624415,mChi_1,mCherry RNAi,0.458604502731337,0.6131613325552736,20.23017653110799,70,2000
2972,84.53009708737864,716.0572815533981,99.59708737864078,1248.0,1.552604782198983,43708.86699029126,mChi_1,mCherry RNAi,0.8704176714421441,0.6826936282219593,14.002686834920969,70,2000
2973,83.04563492063492,746.6329365079365,128.19246031746033,709.0,1.5465635701687475,28289.910714285714,mChi_1,mCherry RNAi,0.800250387211018,0.7643697072592315,11.097627560800017,70,2000
2974,84.24729891956783,767.3277310924369,148.1704681872749,1025.0,1.4391766545139393,39739.641056422566,mChi_1,mCherry RNAi,0.7513935348056304,0.8200606899532255,11.34805353444472,70,2000
2975,85.01571946795647,434.9322853688029,230.683192261185,1130.0,1.8046326582416665,33091.97339782346,mChi_1,mCherry RNAi,0.5656666524794003,-0.086218939198077,38.1807963211631,70,2000
2976,84.0241935483871,436.5282258064516,249.5665322580645,1267.0,1.7806225892674679,39306.23991935484,mChi_1,mCherry RNAi,0.5200563357337846,-0.08281347439225828,37.58533397531309,70,2000
2977,84.41206030150754,463.8994974874372,291.55108877721943,1470.0,1.8603671343063797,46265.175879396986,mChi_1,mCherry RNAi,0.4178785580015425,-0.00999858711127255,37.136954332168884,70,2000
2978,85.04507042253522,485.97464788732395,212.78591549295774,962.0,1.5254042186288894,38292.45915492958,mChi_1,mCherry RNAi,0.606785978857453,0.05318134199432856,34.06678645885049,70,2000
2979,84.08058252427185,503.75922330097086,263.34757281553397,1222.0,1.7366602454666644,55548.62427184466,mChi_1,mCherry RNAi,0.4842380062724758,0.0993461673909708,33.18842665687269,70,2000
2980,84.12871287128714,506.6948694869487,306.6840684068407,1384.0,1.9468801010328205,58586.98199819982,mChi_1,mCherry RNAi,0.379736968978444,0.105642967263051,34.1908344166212,70,2000
2981,84.12044534412955,556.0030364372469,225.60425101214574,1201.0,1.6089270071778272,63426.02125506073,mChi_1,mCherry RNAi,0.5731164029639146,0.24278698062941784,28.46516365567273,70,2000
2982,83.59140969162996,560.2698237885462,262.87444933920705,1055.0,1.619302978114254,58894.890969162996,mChi_1,mCherry RNAi,0.48314006472113524,0.2528239309296596,28.633512653516615,70,2000
2983,84.78309232480534,588.7285873192436,192.85094549499445,1084.0,1.45626769249485,59587.254727474974,mChi_1,mCherry RNAi,0.650775849772206,0.33311895970136773,25.89737851100131,70,2000
2984,83.48595041322314,596.1504132231405,77.40330578512396,739.0,1.6024897428638172,35375.69752066116,mChi_1,mCherry RNAi,0.9284967467010181,0.3575323942196602,20.96790482177816,70,2000
2985,83.9410480349345,606.9126637554585,266.0043668122271,1144.0,1.619460633011099,53002.42139737991,mChi_1,mCherry RNAi,0.47380062376081655,0.37951258052899184,25.71978809577367,70,2000
2986,83.52525252525253,629.7353535353535,282.4909090909091,652.0,1.5706504075376155,21686.579797979797,mChi_1,mCherry RNAi,0.43317042963045016,0.4408038280934994,24.110975936355434,70,2000
2987,83.70631970260223,651.1375464684015,107.1914498141264,678.0,1.3855537073944821,47808.07063197026,mChi_1,mCherry RNAi,0.8546087670406948,0.5058300840216035,18.043284044013337,70,2000
2988,84.08155339805825,663.8174757281554,337.1009708737864,694.0,1.4359951104192037,22454.28932038835,mChi_1,mCherry RNAi,0.30032856514388273,0.5313948710751812,23.688472081177256,70,2000
2989,84.06756756756756,672.9662162162163,113.77027027027027,587.0,1.4984565068753957,39522.48198198198,mChi_1,mCherry RNAi,0.8379314969405969,0.5649593415846612,17.014193449358313,70,2000
2990,85.0090782122905,677.9427374301677,294.97974860335194,1799.0,1.4636024317320793,39549.95810055866,mChi_1,mCherry RNAi,0.40129649495732855,0.5716018568938979,22.467455436454852,70,2000
2991,83.97619047619048,696.3246753246754,120.6969696969697,610.0,1.4753525381241535,38043.0670995671,mChi_1,mCherry RNAi,0.8203283764577163,0.6281429329885471,15.433403008017049,70,2000
2992,84.72833333333334,703.52,84.255,730.0,1.323804712586603,28998.903333333332,mChi_1,mCherry RNAi,0.9078758420681159,0.6492633896625242,14.687400299892833,70,2000
2993,84.0797481636936,720.6033578174187,329.52570828961177,1087.0,1.4931694074822395,30907.158447009442,mChi_1,mCherry RNAi,0.31635785640353276,0.685993367976357,19.40881117362861,70,2000
2994,83.470066518847,739.3680709534368,382.00665188470066,592.0,1.6132506651758707,21386.467849223947,mChi_1,mCherry RNAi,0.18917045298985147,0.7348164256674383,18.865490226277284,70,2000
2995,83.83507853403141,744.9973821989529,306.16230366492147,532.0,1.3528468914423635,20413.539267015705,mChi_1,mCherry RNAi,0.37166785659052937,0.7531417372338796,16.786572216197957,70,2000
2996,84.8,765.1958904109589,363.5876712328767,934.0,1.27487829057629,20978.101369863012,mChi_1,mCherry RNAi,0.2326121181201557,0.8059775877558293,17.843279579146976,70,2000
2997,85.18484042553192,450.9494680851064,250.27260638297872,912.0,1.7029403895002282,37859.63164893617,mChi_1,mCherry RNAi,0.5178643880929383,-0.043426196425901065,37.72687169786637,70,2000
2998,86.69866444073456,524.3288814691152,199.92237061769617,1519.0,1.5970511629402675,55208.762938230386,mChi_1,mCherry RNAi,0.6363765077120458,0.15822738185640595,32.617903987468836,70,2000
2999,86.38411458333333,545.5208333333334,171.93880208333334,924.0,1.7044805064827218,47169.548177083336,mChi_1,mCherry RNAi,0.7029363284733194,0.21684120234787652,30.031522174480447,70,2000
3000,85.32387312186978,556.4123539232054,202.00166944908182,740.0,1.4016042695321937,54073.99666110184,mChi_1,mCherry RNAi,0.6300293192004984,0.2450560311461636,29.001163605949106,70,2000
3001,85.19198312236287,575.6402953586498,197.47151898734177,1101.0,1.427816752726277,60412.8364978903,mChi_1,mCherry RNAi,0.6401823824451986,0.29745455213733885,27.368329409737637,70,2000
3002,85.98309492847855,577.6098829648895,181.11313394018205,908.0,1.3492553669776721,41820.157347204164,mChi_1,mCherry RNAi,0.6795588465850744,0.3035998039843313,27.576031169379466,70,2000
3003,85.34606986899563,596.6582969432314,208.91375545851528,1103.0,1.472399347788489,60989.45524017467,mChi_1,mCherry RNAi,0.6118088599547649,0.3541506474638796,26.321595848222717,70,2000
3004,85.77960526315789,602.3179824561404,256.63486842105266,1093.0,1.7373322661742152,52819.211622807015,mChi_1,mCherry RNAi,0.49666366607437684,0.3677542535985969,27.630708848081593,70,2000
3005,84.77442528735632,626.2341954022988,105.66666666666667,890.0,1.394207601889188,43949.59195402299,mChi_1,mCherry RNAi,0.8593207324858183,0.43842997087722035,20.853996210858416,70,2000
3006,86.29283887468031,623.5115089514067,195.56649616368287,912.0,1.4599483195764777,47822.81457800511,mChi_1,mCherry RNAi,0.6429698548426801,0.4278250290275203,24.980124596488043,70,2000
3007,84.83908045977012,624.1494252873563,208.45977011494253,528.0,1.441078861943365,44259.92816091954,mChi_1,mCherry RNAi,0.611797163357904,0.42876994863686235,23.831489006299652,70,2000
3008,86.61795075456712,639.6243050039714,107.95393169181891,1498.0,1.2890259958152888,60689.448768864175,mChi_1,mCherry RNAi,0.8534027039825935,0.4750879591078643,21.792893922184813,70,2000
3009,85.98459958932239,707.0154004106777,177.90451745379877,1099.0,1.2407523743988227,51860.916837782344,mChi_1,mCherry RNAi,0.6822335227025711,0.6553570391861159,18.20682877193266,70,2000
3010,86.41053677932406,714.1858846918489,136.70775347912524,1154.0,1.2044689462053972,51654.53876739563,mChi_1,mCherry RNAi,0.7812150829033999,0.6765312563114674,17.00953536020742,70,2000
3011,86.48270181219111,743.0428336079077,148.0329489291598,733.0,1.34618792313221,32916.25205930807,mChi_1,mCherry RNAi,0.7528122233039349,0.7545164746616613,15.315554316890942,70,2000
3012,86.08309455587393,771.4570200573066,168.51146131805157,1066.0,1.3900020232252002,32693.207736389686,mChi_1,mCherry RNAi,0.7023487446274208,0.8308489582945182,13.429028984459787,70,2000
3013,87.57034632034632,467.5422077922078,279.487012987013,1110.0,1.5888931221552036,41940.08874458874,mChi_1,mCherry RNAi,0.44699259061093266,0.00099093254631466,39.70027728973393,70,2000
3014,86.60192616372392,491.70304975922954,264.13402889245583,1482.0,1.5215143900311048,58931.34991974318,mChi_1,mCherry RNAi,0.4829711483179586,0.06705108203753296,36.58849457107186,70,2000
3015,86.65231431646932,500.80624327233585,281.1270182992465,1089.0,1.5867630102265937,48358.86329386437,mChi_1,mCherry RNAi,0.44168584778321307,0.09113442829140839,36.44244205216185,70,2000
3016,85.93005181347151,508.6269430051814,190.7020725388601,910.0,1.7308270845860247,39086.113989637306,mChi_1,mCherry RNAi,0.6591519817786367,0.11576911522345879,32.73024084201229,70,2000
3017,86.69140625,523.8893229166666,172.79557291666666,942.0,1.6504303139276122,46041.744791666664,mChi_1,mCherry RNAi,0.7017365158215638,0.15808919920921016,31.91293726017547,70,2000
3018,85.63684771033014,524.9818956336528,240.32907348242813,1142.0,1.7574934095201882,48326.7571884984,mChi_1,mCherry RNAi,0.5389529692899291,0.15821765057067028,32.5986356315252,70,2000
3019,86.80318257956449,522.8961474036851,292.2035175879397,1371.0,1.5382489017249703,56357.6013400335,mChi_1,mCherry RNAi,0.41415124981412244,0.1507568167916964,35.30576145053796,70,2000
3020,87.04387755102042,539.5173469387755,189.6765306122449,1123.0,1.3427731511632806,57010.291836734694,mChi_1,mCherry RNAi,0.6604850001658555,0.1999661303301543,31.596931804829925,70,2000
3021,85.9163179916318,555.2719665271967,160.14435146443515,684.0,1.4735682536586185,31015.16317991632,mChi_1,mCherry RNAi,0.7309369834563488,0.24370571760996484,28.548409527865285,70,2000
3022,86.03100775193798,556.4082687338502,145.63049095607235,909.0,1.3743167347335612,42645.99870801034,mChi_1,mCherry RNAi,0.7658608544802619,0.24738180505142804,28.191050733108735,70,2000
3023,85.58757062146893,557.3629943502825,190.52683615819208,861.0,1.3364725123870396,36636.05790960452,mChi_1,mCherry RNAi,0.6576492629568276,0.24813842567853373,28.887395286025285,70,2000
3024,87.87666666666667,562.6333333333333,243.875,1469.0,1.3750424051150825,63109.38,mChi_1,mCherry RNAi,0.529080082752436,0.26082944335575053,32.22582449326842,70,2000
3025,86.44832826747721,574.031914893617,166.3145896656535,772.0,1.4663480258394668,37885.11246200608,mChi_1,mCherry RNAi,0.715374380166105,0.2945458798762961,27.898766428528067,70,2000
3026,85.99803149606299,588.7598425196851,158.53937007874015,677.0,1.5484366840328405,38069.37795275591,mChi_1,mCherry RNAi,0.7335001749745649,0.33478050419743943,26.184084166603053,70,2000
3027,87.22739726027397,591.6452054794521,248.93972602739726,885.0,1.5200863437862497,46719.953424657535,mChi_1,mCherry RNAi,0.5157066225366447,0.33933790116969,29.63311024999801,70,2000
3028,87.85837971552257,602.7668521954237,113.33395176252318,2006.0,1.3993982373108518,52175.68521954236,mChi_1,mCherry RNAi,0.8419599282330712,0.3749697926654505,25.8187187244034,70,2000
3029,87.26926263463132,614.0157415078708,145.91466445733224,1418.0,1.2305403105361314,61207.66031483016,mChi_1,mCherry RNAi,0.7630032254113623,0.40415014093951473,25.300148401033542,70,2000
3030,87.11304347826086,618.704347826087,132.36304347826086,570.0,1.3039226837774391,48687.74347826087,mChi_1,mCherry RNAi,0.7954536638413312,0.41738808268978844,24.44367874648299,70,2000
3031,85.97765957446809,635.6053191489361,217.17659574468084,1198.0,1.7136517614770486,49231.56808510638,mChi_1,mCherry RNAi,0.5904232909130518,0.4597828555228598,24.379136450737516,70,2000
3032,89.56214689265536,632.4766949152543,206.25494350282486,1876.0,1.5390576585865614,49930.793785310736,mChi_1,mCherry RNAi,0.617076402989893,0.4524119624404601,27.883942576919228,70,2000
3033,87.49187592319055,639.8803545051699,118.77252584933531,839.0,1.3632884606567588,46534.83161004431,mChi_1,mCherry RNAi,0.8273870735267355,0.4755337098951331,22.936722536185687,70,2000
3034,87.6409978308026,654.0195227765727,216.0,1120.0,1.5380918910697265,54185.925162689804,mChi_1,mCherry RNAi,0.5926416143001838,0.5101923768098366,24.68479233469328,70,2000
3035,86.7491408934708,662.6071019473081,292.8087056128293,1058.0,1.4700164539706053,32068.474226804123,mChi_1,mCherry RNAi,0.40723323230681685,0.5303572584832212,25.244321841413733,70,2000
3036,85.68141592920354,658.0951327433628,75.88053097345133,587.0,1.4979800571952926,34568.011061946905,mChi_1,mCherry RNAi,0.9298817855016508,0.5263448937951698,18.6716381129788,70,2000
3037,86.83734939759036,667.5636833046472,104.44922547332186,1359.0,1.3609322325461721,57627.78399311532,mChi_1,mCherry RNAi,0.8607672414386185,0.5511870241794556,19.912864924066067,70,2000
3038,88.0213849287169,669.9175152749491,326.5651731160896,1205.0,1.5479031835846968,25671.58044806517,mChi_1,mCherry RNAi,0.3257138513675544,0.5491557099906317,26.895823136351513,70,2000
3039,87.54211843202668,668.8323603002502,153.91492910758967,1418.0,1.2594766400068873,58641.42452043369,mChi_1,mCherry RNAi,0.7416080201530391,0.5528443028667569,21.854356410620138,70,2000
3040,88.40706476030277,692.3380992430614,129.87973086627417,1406.0,1.327260309977465,58268.180824222036,mChi_1,mCherry RNAi,0.7986398873931311,0.6178232704212803,20.38414316786989,70,2000
3041,86.27745664739885,710.2416184971098,212.72023121387284,1040.0,1.6484939779932632,31082.31098265896,mChi_1,mCherry RNAi,0.5982612840230868,0.6628237331646922,19.203326682049617,70,2000
3042,85.5568,726.848,364.9776,760.0,1.3726103011985529,23016.5152,mChi_1,mCherry RNAi,0.23080887492660462,0.701869972730409,21.386563162635536,70,2000
3043,86.16450216450217,730.5,303.40909090909093,608.0,1.4690296207728475,23834.422077922078,mChi_1,mCherry RNAi,0.3790108109300827,0.7143134695412785,20.075274244737347,70,2000
3044,85.6501547987616,744.5123839009287,329.3095975232198,749.0,1.3111223058249557,26345.930340557275,mChi_1,mCherry RNAi,0.31604216118451145,0.7512781777288857,19.253393512272655,70,2000
3045,86.43189964157706,748.4534050179211,343.64874551971326,656.0,1.410522678063322,24046.13440860215,mChi_1,mCherry RNAi,0.2813965301141732,0.7615816669087467,20.13557278403837,70,2000
3046,87.62958843159066,416.1624026696329,175.50945494994437,1303.0,1.7442113319859829,21694.804226918797,mChi_1,mCherry RNAi,0.6994652211296302,-0.13455706546954505,40.65039211861499,70,2000
3047,86.31323877068557,457.8888888888889,261.2836879432624,1035.0,1.8108039178060822,36206.7328605201,mChi_1,mCherry RNAi,0.4911398632292556,-0.024777292291089048,38.65008912368263,70,2000
3048,87.95454545454545,518.4436363636364,233.30727272727273,690.0,1.562984657089514,42449.23818181818,mChi_1,mCherry RNAi,0.5562665406948248,0.14118072196375153,35.189848781524745,70,2000
3049,86.60990443092963,528.4665508253693,272.59252823631624,1427.0,1.8865022857548914,43869.014769765425,mChi_1,mCherry RNAi,0.4611608086533061,0.16661981814237325,34.1861777130153,70,2000
3050,86.4962962962963,541.0148148148148,242.7716049382716,909.0,1.4598191955514352,50577.43703703704,mChi_1,mCherry RNAi,0.5324965613254073,0.2018574026785751,32.37090990730944,70,2000
3051,88.09621710526316,547.4013157894736,227.66776315789474,1448.0,1.5276712265882229,61424.89967105263,mChi_1,mCherry RNAi,0.5687288100206442,0.22011475708036343,33.10187006424074,70,2000
3052,87.23304347826087,568.6295652173914,139.30434782608697,715.0,1.9363243527303797,35191.674782608694,mChi_1,mCherry RNAi,0.7806966772932746,0.28107351694166605,28.342643373944274,70,2000
3053,87.9288256227758,581.1615658362989,266.56939501779357,1625.0,1.3862000694271528,62404.540213523134,mChi_1,mCherry RNAi,0.4736931653923422,0.3103013740110172,31.558594827680803,70,2000
3054,87.81515957446808,588.0186170212766,169.7912234042553,908.0,1.4772605136348387,56030.125,mChi_1,mCherry RNAi,0.7065384662114798,0.3326848984269575,28.35154211090133,70,2000
3055,88.51799242424242,600.5833333333334,172.51041666666666,1239.0,1.2703196031586392,61482.677083333336,mChi_1,mCherry RNAi,0.6995413630769249,0.36685897565639225,28.2239314637434,70,2000
3056,88.16416593115622,608.2833186231245,93.76522506619594,1331.0,1.5122717293891792,50747.53839364519,mChi_1,mCherry RNAi,0.8889008018778128,0.39078269147878175,25.201738340037803,70,2000
3057,88.00094428706326,607.5703493862134,128.93295561850803,1325.0,1.4723743643644873,61239.23040604344,mChi_1,mCherry RNAi,0.8042061400856204,0.38744210366571696,26.03558611588714,70,2000
3058,88.87293388429752,605.1973140495868,185.81301652892563,1199.0,1.5810754062544718,59200.430785123965,mChi_1,mCherry RNAi,0.6673397737618179,0.3789476006212884,28.60441300234358,70,2000
3059,88.3085808580858,605.6658415841584,276.87706270627064,1661.0,1.746201555347998,42060.337458745875,mChi_1,mCherry RNAi,0.4479304575888712,0.37655927274213963,30.456235747413086,70,2000
3060,87.33111111111111,626.5466666666666,277.49333333333334,589.0,1.5542214068397553,22698.402222222223,mChi_1,mCherry RNAi,0.4455696708959316,0.4330822707642623,28.00007260679566,70,2000
3061,88.10368466152528,634.1696658097686,230.36589545844043,1446.0,1.8568733751767603,52481.88174807198,mChi_1,mCherry RNAi,0.5588409600931181,0.45578547498491684,26.956492035235986,70,2000
3062,87.6084452975048,648.274472168906,99.74664107485604,659.0,1.332472788140254,41439.00383877159,mChi_1,mCherry RNAi,0.8728961905488475,0.49910764922484785,21.93921254875838,70,2000
3063,88.4651474530831,654.239946380697,200.72117962466487,940.0,1.285956578859446,38316.006702412866,mChi_1,mCherry RNAi,0.629487985022984,0.5115490526639448,25.079954491323296,70,2000
3064,88.72703180212014,654.4779151943463,135.9160777385159,1359.0,1.5059637560654198,58709.452296819785,mChi_1,mCherry RNAi,0.7855981147918509,0.5147738594695253,23.58179903791024,70,2000
3065,87.33720930232558,672.0537790697674,218.61191860465115,842.0,1.3335392098003915,30172.81976744186,mChi_1,mCherry RNAi,0.5856267349583884,0.5590350580684798,23.158212852504295,70,2000
3066,87.23663101604278,698.0762032085562,326.4598930481283,879.0,1.38949000057732,24946.874331550804,mChi_1,mCherry RNAi,0.3248188566919159,0.6255207622213363,24.090247417794057,70,2000
3067,88.2179176755448,741.8099273607749,132.5326876513317,1021.0,1.5185431905687936,40739.31719128329,mChi_1,mCherry RNAi,0.7903053793705406,0.752111771039708,16.717423402334074,70,2000
3068,87.27118644067797,750.006518904824,437.09778357235984,901.0,1.4905607528410019,33343.25814863103,mChi_1,mCherry RNAi,0.05628707970161706,0.7623234133978163,23.373210909917308,70,2000
3069,87.09285714285714,758.875,243.5142857142857,689.0,1.5584779128756787,22313.039285714287,mChi_1,mCherry RNAi,0.5222353984872523,0.7939342138271483,17.35489247125872,70,2000
3070,88.35399159663865,759.5031512605042,151.58823529411765,1133.0,1.260382953169178,41993.92331932773,mChi_1,mCherry RNAi,0.7437215808384408,0.7994731160543076,16.09594587271449,70,2000
3071,86.14566929133858,792.4645669291339,495.7224409448819,679.0,1.6413255822900144,29390.037401574802,mChi_1,mCherry RNAi,-0.08665683548618486,0.8751871025476068,20.78081300753262,70,2000
3072,87.80903225806452,399.24129032258065,230.98193548387096,1019.0,1.6954410033969602,25146.76516129032,mChi_1,mCherry RNAi,0.5665146382071007,-0.1826641209740485,43.534647370870786,70,2000
3073,87.99372647427855,469.9159347553325,250.33626097867003,997.0,1.70930353255788,36155.87954830615,mChi_1,mCherry RNAi,0.5171447960042221,0.00866082042027183,39.16842732174784,70,2000
3074,88.2803738317757,478.56728971962616,265.3551401869159,1395.0,1.8527162529434251,42184.227102803736,mChi_1,mCherry RNAi,0.4806470797734732,0.03163980535817412,39.23728628478227,70,2000
3075,87.92670157068063,516.2,261.8356020942408,1169.0,1.7717659669480013,44254.80732984293,mChi_1,mCherry RNAi,0.4876331296020897,0.1339663508703237,36.090005766643515,70,2000
3076,88.12548412083656,546.269558481797,284.2052672347018,1506.0,1.7152928167009027,48140.33307513555,mChi_1,mCherry RNAi,0.43258675063470853,0.2148408529838799,34.73218453699877,70,2000
3077,88.653452685422,553.0843989769821,246.962915601023,992.0,1.9180401560362839,56785.43350383632,mChi_1,mCherry RNAi,0.5220631152969162,0.23491456259436294,33.76844787861269,70,2000
3078,88.24109014675052,582.8029350104822,109.22222222222223,600.0,1.5780554608315822,32273.092243186584,mChi_1,mCherry RNAi,0.852667839928331,0.3209576613621954,27.522114921502283,70,2000
3079,89.36200378071834,595.5850661625709,197.55954631379961,1263.0,1.463253454477733,62268.39035916824,mChi_1,mCherry RNAi,0.6394504481937142,0.35246652685859714,30.09748354612824,70,2000
3080,87.72849162011173,619.0882681564245,317.01564245810056,980.0,1.723272092268466,41606.90167597766,mChi_1,mCherry RNAi,0.35068395828436194,0.41135284396342864,29.99390510413215,70,2000
3081,88.0971098265896,621.1329479768787,223.03236994219654,1100.0,1.6340605779951711,40528.55260115607,mChi_1,mCherry RNAi,0.5770148106494448,0.4206456157525664,27.688128684981994,70,2000
3082,88.67731277533039,629.1751101321586,181.24008810572687,1137.0,1.3663654004791568,57458.52092511013,mChi_1,mCherry RNAi,0.677406399457684,0.4442419759492291,26.56609770995627,70,2000
3083,88.65879574970484,649.8972845336482,184.64935064935065,1036.0,1.5658965063014172,56558.93624557261,mChi_1,mCherry RNAi,0.6683836109550991,0.5004134919592407,25.152536913799874,70,2000
3084,89.67703568161025,675.3293687099725,120.06587374199451,1303.0,1.3422847802111086,56272.65690759378,mChi_1,mCherry RNAi,0.8230228465829217,0.5722379685665764,22.606872412180532,70,2000
3085,89.72392086330935,681.418165467626,148.37140287769785,1338.0,1.372212641923588,54770.26978417266,mChi_1,mCherry RNAi,0.7546053113990543,0.5876885809867465,22.977722958825613,70,2000
3086,90.82786885245902,686.9159836065573,137.37295081967213,1156.0,1.3660103194121047,45972.671106557376,mChi_1,mCherry RNAi,0.780952349687436,0.6032735643171101,23.38829621808625,70,2000
3087,89.3644859813084,700.9042056074767,163.86915887850466,635.0,1.4674746634994065,28685.827102803738,mChi_1,mCherry RNAi,0.7164907412437707,0.6399628276990161,21.63791782288332,70,2000
3088,89.04034896401309,715.8680479825518,111.2257360959651,1109.0,1.2773334863976777,48379.498364231185,mChi_1,mCherry RNAi,0.8426941194678814,0.6826126736047335,18.82587808287637,70,2000
3089,88.23959827833572,721.8436154949785,190.1764705882353,883.0,1.3887945907931931,29916.995695839312,mChi_1,mCherry RNAi,0.6522336797150898,0.6956143658695981,19.721235261973856,70,2000
3090,88.18297101449275,721.3605072463768,238.95471014492753,653.0,1.2957819253457359,23631.331521739132,mChi_1,mCherry RNAi,0.5347515387479411,0.6923886687040808,21.010772181125223,70,2000
3091,88.65471698113207,722.9566037735849,85.61509433962264,654.0,1.6089675311705947,28555.62830188679,mChi_1,mCherry RNAi,0.9040844496512168,0.7027970374152421,17.244290779602093,70,2000
3092,89.03058510638297,730.8404255319149,153.4880319148936,882.0,1.345042201848598,40768.33377659575,mChi_1,mCherry RNAi,0.7403068928319563,0.7216472196888517,18.87808539071342,70,2000
3093,89.00572082379863,742.9050343249428,170.79633867276888,1014.0,1.2892411596504196,38555.84324942792,mChi_1,mCherry RNAi,0.6981417088685566,0.7537504917844509,18.453006180826772,70,2000
3094,87.7979002624672,787.8976377952756,429.3228346456693,887.0,1.5336415699433465,43535.3687664042,mChi_1,mCherry RNAi,0.07356821631931543,0.8656911127246409,20.970787675346717,70,2000
3095,90.17073170731707,377.33044846577496,237.99606608969316,1569.0,1.2805448568517346,23656.989771833203,mChi_1,mCherry RNAi,0.5506214850141522,-0.24201135642665994,47.65000467403377,70,2000
3096,88.55992509363296,406.06928838951313,155.4681647940075,680.0,1.5504216761280167,18600.34831460674,mChi_1,mCherry RNAi,0.7481929025932839,-0.16101866552203015,41.76336096056416,70,2000
3097,89.38513513513513,542.6486486486486,67.11317567567568,732.0,1.752827611924621,34273.34966216216,mChi_1,mCherry RNAi,0.9557399634184021,0.21371366491994492,30.41169806089437,70,2000
3098,89.35407066052227,554.7657450076805,313.8886328725038,1495.0,1.6709888593218676,54364.24961597542,mChi_1,mCherry RNAi,0.3608296694599544,0.23701161418290262,36.14558135928536,70,2000
3099,89.53651685393258,562.9925093632959,229.98970037453182,1248.0,1.3230137037382188,61467.46816479401,mChi_1,mCherry RNAi,0.5626162365476122,0.26267310150291934,33.481738521978954,70,2000
3100,88.94301470588235,582.4080882352941,252.22610294117646,752.0,1.6830315152050792,56526.57904411765,mChi_1,mCherry RNAi,0.5082577575133354,0.3144471371049402,32.09476882645083,70,2000
3101,89.6054054054054,600.5054054054054,146.73783783783784,863.0,1.3973351516374681,47143.87837837838,mChi_1,mCherry RNAi,0.7616932116354465,0.3678658407054449,28.620878578395764,70,2000
3102,89.25352112676056,627.6068075117371,249.00469483568074,1011.0,1.5674765616349537,43210.75938967136,mChi_1,mCherry RNAi,0.5142714239427215,0.4374516374341497,29.074891846178044,70,2000
3103,88.96809986130374,640.2108183079057,192.6005547850208,909.0,1.4479680951068596,42894.507628294035,mChi_1,mCherry RNAi,0.6496282308204242,0.47384338334719733,26.369662892163984,70,2000
3104,89.85868263473054,652.437125748503,122.86107784431138,1002.0,1.4111698571522477,54454.08502994012,mChi_1,mCherry RNAi,0.8171951520777292,0.5099599167195694,24.505577880332762,70,2000
3105,88.29105691056911,656.7626016260162,231.70243902439023,830.0,1.8555554528358464,37257.78211382114,mChi_1,mCherry RNAi,0.5547506816660588,0.5171616731775179,25.558271777927086,70,2000
3106,88.75979557069847,659.3986371379898,63.58432708688245,774.0,1.4389098637517934,32355.32367972743,mChi_1,mCherry RNAi,0.9596413707635207,0.5309714635586182,21.316879879430633,70,2000
3107,88.76694915254237,662.5974576271186,188.5593220338983,603.0,1.3439080000901722,35011.25,mChi_1,mCherry RNAi,0.6584759072079382,0.5347923128357592,24.454288713296382,70,2000
3108,91.1829573934837,690.7435254803676,118.7702589807853,1375.0,1.2359402781233897,58856.36925647452,mChi_1,mCherry RNAi,0.8256352594117249,0.6144691987182886,22.967618843795275,70,2000
3109,89.36608557844691,716.6164817749603,75.31695721077655,813.0,1.554099339364758,30797.939778129952,mChi_1,mCherry RNAi,0.9291825387486079,0.6861104692663487,18.131601023925622,70,2000
3110,90.15871254162042,729.6592674805771,95.90344062153163,1069.0,1.3472236932377017,45927.81576026637,mChi_1,mCherry RNAi,0.8791334426190764,0.7209046195429076,18.539558191735726,70,2000
3111,90.0011013215859,747.9911894273127,200.4295154185022,1104.0,1.3808029068382819,36286.05726872247,mChi_1,mCherry RNAi,0.6266242223845626,0.7666113338637954,19.87719235715397,70,2000
3112,93.45257142857143,430.66285714285715,215.03485714285713,2181.0,1.4594086836711748,38248.47085714286,mChi_1,mCherry RNAi,0.604051517239308,-0.09555154227397722,46.478482334647595,70,2000
3113,90.45665961945032,439.44080338266383,243.85306553911204,1298.0,1.5928050477945181,30858.662790697676,mChi_1,mCherry RNAi,0.5341049286567183,-0.0734118915080686,43.63632474086397,70,2000
3114,88.47792207792207,439.53506493506495,152.82597402597403,581.0,1.6966071848662703,21383.70909090909,mChi_1,mCherry RNAi,0.7532452241964114,-0.06999567341520807,39.20950193460283,70,2000
3115,90.19949811794228,482.06022584692596,242.36762860727728,983.0,1.9228432020296975,38121.71894604768,mChi_1,mCherry RNAi,0.5360024404019907,0.04240464314445602,40.28217422699153,70,2000
3116,92.03285077951003,570.554565701559,251.80178173719378,2381.0,1.882178712257652,61745.83129175947,mChi_1,mCherry RNAi,0.5099348412052813,0.28286167559674946,36.014568425531024,70,2000
3117,91.49724626278521,593.45397324941,223.46026750590087,1498.0,1.3209079905868142,61478.248623131396,mChi_1,mCherry RNAi,0.5772764587575141,0.3460856424438663,33.07565422729489,70,2000
3118,89.91755725190839,586.2488549618321,142.28091603053434,781.0,1.6560979858366531,43056.04427480916,mChi_1,mCherry RNAi,0.7730053211944705,0.3293618469338435,29.835157764140593,70,2000
3119,90.27407407407408,604.6074074074074,159.1822222222222,797.0,1.529929014730744,40643.205925925926,mChi_1,mCherry RNAi,0.7315983913823925,0.3786584074097099,29.3278260583099,70,2000
3120,91.5879732739421,614.5746102449889,245.5055679287305,1127.0,1.51972000540514,43805.40200445434,mChi_1,mCherry RNAi,0.5233542282325163,0.40263476774214046,32.2434322674726,70,2000
3121,90.74977168949772,625.407305936073,158.89406392694065,1332.0,1.345663698995199,57878.9899543379,mChi_1,mCherry RNAi,0.7315096593684742,0.435282435526646,28.30205059922608,70,2000
3122,90.54871794871795,651.348717948718,67.51794871794871,567.0,1.5523148116758398,32824.692307692305,mChi_1,mCherry RNAi,0.9505916014911127,0.5092958314661911,23.783850429594803,70,2000
3123,92.1713004484305,649.9058295964126,77.86995515695067,1290.0,1.281763807831419,57416.30403587444,mChi_1,mCherry RNAi,0.925812769674488,0.5052904467765118,25.783485635887832,70,2000
3124,90.78748370273794,663.5684485006519,211.01955671447197,933.0,1.5461084137740833,36962.5593220339,mChi_1,mCherry RNAi,0.6044611047811905,0.5369522701698066,27.003031011571704,70,2000
3125,90.35647279549718,677.9446529080675,61.00093808630394,1338.0,1.4792462719100115,46924.17917448405,mChi_1,mCherry RNAi,0.9652391007112422,0.5817809014210058,21.50879385890001,70,2000
3126,89.06666666666666,680.7726495726496,269.45299145299145,678.0,1.4331680723596523,22843.79316239316,mChi_1,mCherry RNAi,0.4629271909517394,0.5810844571168048,25.62382731260242,70,2000
3127,89.5968253968254,732.1936507936508,140.52063492063493,531.0,1.3267499275908108,30435.819047619047,mChi_1,mCherry RNAi,0.7715252134428752,0.7259412209812481,18.99696079700409,70,2000
3128,91.33211344922232,750.2827081427264,139.2753888380604,1264.0,1.448315282754602,50736.45288197621,mChi_1,mCherry RNAi,0.7739260729024513,0.7754840474585629,19.395837644852765,70,2000
3129,93.47562674094708,388.8398328690808,222.85793871866295,1747.0,1.4665322861701757,26992.790389972146,mChi_1,mCherry RNAi,0.5868421733911817,-0.2094971556466363,49.71245462255422,70,2000
3130,92.0768156424581,424.7918994413408,249.93016759776538,974.0,1.5694152864428152,27129.86033519553,mChi_1,mCherry RNAi,0.5201391817023902,-0.11313560342462625,46.46610619173826,70,2000
3131,90.11004784688996,539.5598086124402,57.48803827751196,575.0,1.3710787032918634,25067.38995215311,mChi_1,mCherry RNAi,0.9790907762590282,0.20583818352484196,31.097335915548374,70,2000
3132,90.79805013927577,557.0891364902507,196.62116991643455,967.0,1.8135286469828362,40574.727019498605,mChi_1,mCherry RNAi,0.6433036379316859,0.2481809535968884,34.26604490678751,70,2000
3133,92.58367346938776,566.5173469387755,205.85204081632654,1275.0,1.3186699088479374,53635.72142857143,mChi_1,mCherry RNAi,0.6208109321982038,0.27379121976678,35.618133966091904,70,2000
3134,90.90420168067227,573.7495798319328,193.65882352941176,799.0,1.4309541136220054,37943.347899159664,mChi_1,mCherry RNAi,0.6497952332618324,0.2935885147714645,33.09691079911585,70,2000
3135,91.82222222222222,588.6322222222223,156.61333333333334,1111.0,1.6101414633675515,44020.427777777775,mChi_1,mCherry RNAi,0.7385065183309172,0.33565375392470864,31.94853222109108,70,2000
3136,91.02486678507992,617.6820603907638,212.84369449378332,720.0,1.5285892852420204,40019.65364120781,mChi_1,mCherry RNAi,0.6018741004205734,0.41224136080936247,30.580961377018216,70,2000
3137,92.65290806754221,636.1744840525329,130.47467166979362,670.0,1.229729024122757,41113.909943714825,mChi_1,mCherry RNAi,0.7996642731056811,0.46602211275679695,28.663064714791606,70,2000
3138,93.40514705882353,664.8764705882353,98.70367647058823,1665.0,1.382849896967293,61478.72132352941,mChi_1,mCherry RNAi,0.8751202421584883,0.5454002284156922,26.49969452104983,70,2000
3139,91.20574162679426,671.4138755980862,50.35167464114833,580.0,1.396761779187122,31767.73205741627,mChi_1,mCherry RNAi,0.9911990017576693,0.5646170671459996,22.537838355509347,70,2000
3140,92.28616352201257,672.7809224318659,256.15408805031444,1334.0,1.756550127800992,24090.924528301886,mChi_1,mCherry RNAi,0.4954739133915773,0.5605200573029117,29.04971922627514,70,2000
3141,90.39858906525573,687.2751322751323,222.81305114638448,712.0,1.5257884881438053,28822.238095238095,mChi_1,mCherry RNAi,0.5751027135862024,0.6008338486626572,25.231450661364928,70,2000
3142,91.3472,735.776,242.6096,776.0,1.5727425109857982,24240.0864,mChi_1,mCherry RNAi,0.5255811784009414,0.7320392216716554,23.229689881774572,70,2000
3143,91.82485875706215,761.8446327683616,269.5517890772128,1222.0,1.477171349338104,42512.18173258004,mChi_1,mCherry RNAi,0.45969405814359776,0.8019186066930208,22.55990512789059,70,2000
3144,92.23464373464374,776.1289926289926,184.04545454545453,940.0,1.2819892274882323,35840.83415233415,mChi_1,mCherry RNAi,0.665130077460028,0.844147677357739,19.644906374256404,70,2000
3145,92.24957555178268,482.9830220713073,191.41595925297113,811.0,1.301357165995354,23855.76910016978,mChi_1,mCherry RNAi,0.6588266552363988,0.04730171672647443,40.89025181435481,70,2000
3146,91.62768496420048,522.3102625298329,208.34606205250597,537.0,1.5635458585896889,37156.498806682575,mChi_1,mCherry RNAi,0.6164705617442483,0.15338274474119284,37.903724734418375,70,2000
3147,91.6445652173913,531.979347826087,264.379347826087,1189.0,1.9916676647522464,39042.2,mChi_1,mCherry RNAi,0.4811204356712506,0.17747504617049548,38.73320677480953,70,2000
3148,92.528,554.144,293.384,771.0,1.450183711223535,39275.96,mChi_1,mCherry RNAi,0.41044293154208056,0.2367455531949212,38.80355023296728,70,2000
3149,91.03367496339678,582.8814055636896,209.2152269399707,828.0,1.5265149487362888,44567.06149341142,mChi_1,mCherry RNAi,0.611974190721106,0.3178212209997444,32.989036018931856,70,2000
3150,94.1577380952381,651.5386904761905,177.875,1203.0,1.4180166032967645,58840.62003968254,mChi_1,mCherry RNAi,0.6849793139217473,0.5062187857824212,30.33543023876472,70,2000
3151,93.33697478991597,655.9638655462185,227.20672268907563,1414.0,1.6631134705357042,55441.91764705882,mChi_1,mCherry RNAi,0.5659247463155241,0.5161585036940572,30.525802864337255,70,2000
3152,94.19614590502408,685.1355815554026,46.55264969029594,1781.0,1.4866533487645164,50096.037164487265,mChi_1,mCherry RNAi,1.0,0.6026388535624501,24.432831051852293,70,2000
3153,93.48989113530327,694.4556765163297,149.0552099533437,1461.0,1.2738869718911348,58650.27604976672,mChi_1,mCherry RNAi,0.7526829363703367,0.6238288951604889,25.815605538424325,70,2000
3154,93.39366883116882,699.9423701298701,137.4650974025974,1448.0,1.3607673026659384,61141.503246753244,mChi_1,mCherry RNAi,0.7803810305892724,0.6391707853941337,25.014428564316514,70,2000
3155,92.50761421319797,701.3062605752962,196.4517766497462,709.0,1.443932626137149,27628.516074450086,mChi_1,mCherry RNAi,0.6381850225519055,0.6404028429276338,25.618899744017096,70,2000
3156,92.70945945945945,710.1368243243244,172.28209459459458,730.0,1.437301419423997,31294.986486486487,mChi_1,mCherry RNAi,0.6960728198463568,0.6653800472474327,24.536817361424962,70,2000
3157,90.67171717171718,719.3712121212121,353.67929292929296,501.0,1.6245700193984993,21986.439393939392,mChi_1,mCherry RNAi,0.258634206468056,0.6829994159269779,26.719141821551073,70,2000
3158,92.30463576158941,730.9668874172186,217.71788079470198,891.0,1.3884665825200115,27994.332450331127,mChi_1,mCherry RNAi,0.5857879195103883,0.7201302082735954,23.860170332512656,70,2000
3159,91.80662020905923,740.787456445993,212.36759581881532,728.0,1.6038497427315914,23839.343205574914,mChi_1,mCherry RNAi,0.5982612166441608,0.7469262075470839,22.515188322248743,70,2000
3160,94.63461538461539,415.16153846153844,217.97403846153847,1217.0,1.287739918759685,35778.75673076923,mChi_1,mCherry RNAi,0.5976504944226744,-0.1375552895571016,48.84823894765334,70,2000
3161,94.46926910299004,416.1935215946844,199.67109634551494,1444.0,1.4128792337902654,31323.17026578073,mChi_1,mCherry RNAi,0.6416882152751207,-0.1340699841429398,48.11728757071303,70,2000
3162,92.5009671179884,538.651837524178,225.3926499032882,664.0,1.5000439035134627,39972.16441005803,mChi_1,mCherry RNAi,0.5748245665577594,0.1972945228457068,38.06025688909665,70,2000
3163,93.24966261808368,548.1524966261809,235.3454790823212,937.0,1.5880758791811882,48093.14979757085,mChi_1,mCherry RNAi,0.5505255385608789,0.22286966197151847,38.39267705543429,70,2000
3164,94.25298588490772,576.5689467969598,229.60369163952225,1086.0,1.5815828897615858,59597.63952225842,mChi_1,mCherry RNAi,0.5633088565344557,0.3005063959228522,37.19989905013381,70,2000
3165,92.89532710280373,582.5476635514019,82.74953271028038,682.0,1.6338747248237049,27188.392523364488,mChi_1,mCherry RNAi,0.9167346834772898,0.32221110645088746,31.469303685375696,70,2000
3166,92.38860103626943,615.0673575129533,76.12694300518135,541.0,1.8628088764569697,31146.108808290155,mChi_1,mCherry RNAi,0.9313855892611769,0.41073502039765963,28.452840983899282,70,2000
3167,94.12236842105263,624.9092105263157,182.20131578947368,920.0,1.3336864408865052,47259.298684210524,mChi_1,mCherry RNAi,0.6755959481724512,0.4336832326265674,32.327053970342945,70,2000
3168,93.6640625,634.0267857142857,231.80691964285714,1107.0,1.8572649172420357,49154.53013392857,mChi_1,mCherry RNAi,0.5557208980071895,0.4564341195567261,32.54951634626849,70,2000
3169,94.24125452352231,637.1338962605549,176.76236429433052,984.0,1.535056723094721,50722.611580217126,mChi_1,mCherry RNAi,0.6882272582490767,0.46713663458483,31.42228866300312,70,2000
3170,95.43155452436194,650.7146171693736,101.8430007733952,1479.0,1.2359085898867435,60345.38205723125,mChi_1,mCherry RNAi,0.8682372626890122,0.5071943757166495,29.62061074666744,70,2000
3171,93.65393518518519,683.1469907407408,208.28587962962962,1081.0,1.8104466341385734,31004.105324074073,mChi_1,mCherry RNAi,0.6104594224405395,0.5908228535143503,28.382865903773347,70,2000
3172,92.58630952380952,715.7152777777778,303.4950396825397,1180.0,1.549214907610679,42172.0248015873,mChi_1,mCherry RNAi,0.37978028083446147,0.6753982127764471,27.5412731929289,70,2000
3173,94.86696428571429,723.8482142857143,104.07946428571428,1336.0,1.3196039946814653,54415.922321428574,mChi_1,mCherry RNAi,0.8599584892020729,0.705721109820856,23.870696260390655,70,2000
3174,93.84776403425309,724.8772597526165,144.83920076117982,1293.0,1.4273559143155392,44807.67459562322,mChi_1,mCherry RNAi,0.7616725209724999,0.7067277764282853,23.87643086167537,70,2000
3175,93.18496240601503,735.2887218045113,192.91729323308272,784.0,1.3086137879835584,28492.057142857142,mChi_1,mCherry RNAi,0.6454137108922107,0.7330138804018518,23.761101233228604,70,2000
3176,94.77536231884058,410.80289855072465,156.1014492753623,897.0,1.4143700532015488,23624.511594202897,mChi_1,mCherry RNAi,0.7468687680934849,-0.14695893431091622,47.63793113122324,70,2000
3177,94.08454425363276,422.3210039630119,154.21796565389695,989.0,1.7764003088314986,21751.752972258917,mChi_1,mCherry RNAi,0.7509129175669367,-0.11572331198487529,46.0721206042828,70,2000
3178,93.5813953488372,457.7568710359408,161.19450317124736,634.0,1.929795437424285,22703.16067653277,mChi_1,mCherry RNAi,0.7326924365800414,-0.01980483594594873,43.215592123086395,70,2000
3179,94.10512129380054,595.7088948787062,68.71698113207547,543.0,1.5766928084117995,34545.253369272235,mChi_1,mCherry RNAi,0.9500975467429271,0.35875888185241855,31.354018339211404,70,2000
3180,93.79933665008292,613.502487562189,183.18739635157544,779.0,1.7292518751070272,40204.2271973466,mChi_1,mCherry RNAi,0.6736461229009547,0.4025859517730783,32.8498780685275,70,2000
3181,93.85539488320356,611.797552836485,223.40266963292547,1047.0,1.5299935286515476,48710.6573971079,mChi_1,mCherry RNAi,0.5768452618367537,0.3963962170355353,34.10922786656431,70,2000
3182,94.21407624633432,616.4995112414467,268.64320625610947,1209.0,1.7714762084665168,47634.39491691105,mChi_1,mCherry RNAi,0.46770806000501297,0.407479404959632,35.34573390937146,70,2000
3183,94.9960988296489,618.2418725617686,155.3446033810143,927.0,1.6262032715733161,55599.49154746424,mChi_1,mCherry RNAi,0.7406033616803991,0.4167850472424428,32.95457085769287,70,2000
3184,93.86034912718205,646.7331670822942,114.66084788029926,647.0,1.5112799538890076,42750.259351620945,mChi_1,mCherry RNAi,0.8374193869474378,0.49556700704754,28.684270834057624,70,2000
3185,94.31906614785993,646.9066147859922,194.64396887159532,668.0,1.7411666085828759,35902.784046692606,mChi_1,mCherry RNAi,0.6447770064687124,0.4930100166143705,31.279431870153733,70,2000
3186,94.69767441860465,649.2713178294574,139.3811369509044,957.0,1.4451259298599286,43615.38888888889,mChi_1,mCherry RNAi,0.7778258110357867,0.50166467016866,30.00160153192491,70,2000
3187,96.21409921671018,667.1340295909487,178.75282854656223,1485.0,1.315259939413122,55737.47954743255,mChi_1,mCherry RNAi,0.6823834421109285,0.5489658064956104,31.290428846203202,70,2000
3188,95.7680157946693,669.0848963474828,191.38795656465942,1158.0,1.4017486719471686,58256.20039486673,mChi_1,mCherry RNAi,0.6518439081728182,0.553686544804245,31.04536618610258,70,2000
3189,97.15590200445435,670.8886414253898,85.33407572383074,1712.0,1.2844325937189136,61429.300668151445,mChi_1,mCherry RNAi,0.9073233034093344,0.562995621227057,29.448646172079773,70,2000
3190,95.31404958677686,676.2101534828807,75.25029515938607,1067.0,1.485711372992222,56173.03896103896,mChi_1,mCherry RNAi,0.9312909126250368,0.5774867743233345,26.95931728907235,70,2000
3191,94.34392523364485,671.6878504672898,152.42990654205607,644.0,1.3167771480497132,33253.771962616825,mChi_1,mCherry RNAi,0.7454962760024895,0.5619985055579,28.391374010282153,70,2000
3192,93.82064297800338,683.1539763113367,286.33502538071065,699.0,1.5697763518265806,26916.26565143824,mChi_1,mCherry RNAi,0.42246397698083005,0.5878315378380381,30.64682693391165,70,2000
3193,94.67246376811595,690.0695652173913,230.72028985507245,848.0,1.3833193852184604,30658.869565217392,mChi_1,mCherry RNAi,0.5562121047490252,0.6089589970390759,29.504845757737964,70,2000
3194,94.02296450939457,692.2275574112734,202.59707724425888,640.0,1.53993208902252,27994.390396659706,mChi_1,mCherry RNAi,0.6238309231557702,0.6157916991946308,27.946372387947047,70,2000
3195,94.85910652920963,688.4278350515464,87.95876288659794,868.0,1.7851297401588992,34367.28350515464,mChi_1,mCherry RNAi,0.9001731621183402,0.6101007866417665,25.970780645236378,70,2000
3196,95.44155844155844,705.7903525046382,120.53246753246754,1235.0,1.254837733828691,59030.76159554731,mChi_1,mCherry RNAi,0.8210673510635722,0.6561241964597337,26.181513291004546,70,2000
3197,93.11259541984732,716.2404580152672,61.152671755725194,839.0,1.618389386389306,24276.442748091602,mChi_1,mCherry RNAi,0.9635490925921262,0.6863774580535436,21.5132891308028,70,2000
3198,94.70665212649945,722.1352235550709,123.81679389312977,1079.0,1.4198072769201326,52193.19520174482,mChi_1,mCherry RNAi,0.8124719652836885,0.7002653673908572,24.364368188800274,70,2000
3199,92.36170212765957,737.628841607565,368.6713947990544,525.0,1.7207325172430388,21785.210401891254,mChi_1,mCherry RNAi,0.22191298713121554,0.7323583150549655,27.4972730920931,70,2000
3200,95.4052757793765,730.8057553956835,134.53237410071944,703.0,1.773381629096824,29087.038369304555,mChi_1,mCherry RNAi,0.7863649273141873,0.7235452308150296,24.72692826025629,70,2000
3201,92.5675057208238,746.7574370709382,378.90389016018304,591.0,1.561929902388685,21508.425629290618,mChi_1,mCherry RNAi,0.19692109457788032,0.7568048235667124,27.322610029934797,70,2000
3202,99.07382333978079,400.29916183107673,168.79722759509994,4031.0,1.3727654934901274,39200.06866537718,mChi_1,mCherry RNAi,0.7169644111337443,-0.1751505878285753,53.018675918752706,70,2000
3203,94.97504159733776,403.85024958402664,210.23460898502495,743.0,1.405919171461732,31858.710482529117,mChi_1,mCherry RNAi,0.6167562598718157,-0.16792262404004143,49.79115030462006,70,2000
3204,95.59627329192547,456.6149068322981,233.90683229813664,502.0,1.6640256685302048,26585.121118012423,mChi_1,mCherry RNAi,0.5577120836867855,-0.025346780599522556,47.261251181419084,70,2000
3205,94.66911764705883,491.5845588235294,164.65073529411765,806.0,1.6630996145794092,23623.034926470587,mChi_1,mCherry RNAi,0.7231133671974499,0.07219374828070291,41.96600175873199,70,2000
3206,94.136476426799,503.06451612903226,163.24317617866004,516.0,1.6722812591908012,23941.578163771712,mChi_1,mCherry RNAi,0.7260224239291029,0.10333825024730192,40.573434703984375,70,2000
3207,94.9042316258352,506.98329621380844,240.88307349665925,1124.0,1.602012049722325,40665.91091314031,mChi_1,mCherry RNAi,0.5388973396746706,0.111110512033465,43.14501519243413,70,2000
3208,96.04927536231884,585.9487922705314,202.3207729468599,1262.0,1.6676468240597107,56886.188405797104,mChi_1,mCherry RNAi,0.6287734694974947,0.32741097878413994,37.58446967917911,70,2000
3209,94.56723716381418,631.359413202934,205.06112469437653,558.0,1.552658547504999,33477.286063569685,mChi_1,mCherry RNAi,0.6203067301008947,0.45040644911192973,32.92238772202987,70,2000
3210,95.76785714285714,635.6153846153846,192.00686813186815,893.0,1.4140659561956792,45269.96428571428,mChi_1,mCherry RNAi,0.6516603214677945,0.462716137474096,33.46317995393491,70,2000
3211,95.32470119521912,637.808764940239,152.17131474103584,662.0,1.4985119998017953,32104.609561752986,mChi_1,mCherry RNAi,0.7475033783097011,0.47014221701042636,31.793034109590533,70,2000
3212,96.02649006622516,643.8013245033112,215.77373068432672,1240.0,1.6910708000893913,48128.95033112583,mChi_1,mCherry RNAi,0.594106816563319,0.48408387286837407,33.77267647503564,70,2000
3213,95.67305061559507,648.2202462380301,165.2640218878249,924.0,1.5132832893745622,41411.59917920657,mChi_1,mCherry RNAi,0.7155805302685956,0.49799119846788864,31.745347673252805,70,2000
3214,95.86085150571132,657.5077881619937,154.8515057113188,1107.0,1.2952437338654657,52345.80477673936,mChi_1,mCherry RNAi,0.7403112128467959,0.5236710023181606,30.986318031954017,70,2000
3215,95.44101433296582,693.9592061742006,245.55788313120178,1106.0,1.6041220646566665,39096.30650496141,mChi_1,mCherry RNAi,0.520367000863214,0.6191008438905545,30.39095592188711,70,2000
3216,94.6554054054054,702.5337837837837,50.322072072072075,628.0,1.7861982884053602,27497.105855855854,mChi_1,mCherry RNAi,0.9902691718534007,0.649858065917051,23.74380942968796,70,2000
3217,95.76578947368421,707.6578947368421,66.97894736842105,620.0,1.6785624743475742,31095.884210526317,mChi_1,mCherry RNAi,0.950014788448241,0.6633505875233181,24.931087804754785,70,2000
3218,96.96577017114915,751.3312958435208,148.62224938875306,1112.0,1.648335285411054,34628.676039119804,mChi_1,mCherry RNAi,0.7517203729399187,0.7790764147181062,25.188978919035026,70,2000
3219,98.4047442550037,411.232023721275,188.59970348406227,1829.0,1.4630384065666717,32449.273535952558,mChi_1,mCherry RNAi,0.6687954226228985,-0.1463464831831528,52.09952721540073,70,2000
3220,96.1587982832618,429.0665236051502,232.55150214592274,597.0,1.5225371173323305,26407.557939914164,mChi_1,mCherry RNAi,0.562087763961721,-0.10004019867531988,49.76219724785298,70,2000
3221,99.33474876150035,431.52583156404813,190.28803963198868,1700.0,1.2613335764778715,44131.67586694975,mChi_1,mCherry RNAi,0.6639936885507323,-0.09108540122438202,51.61616899603712,70,2000
3222,95.56798623063683,448.2667814113597,136.33046471600687,753.0,1.7102989600282463,20394.31325301205,mChi_1,mCherry RNAi,0.7930792807122728,-0.04423216906477223,45.208792201612624,70,2000
3223,97.4414655942806,449.41733690795354,221.16175156389633,1363.0,1.4682011861553668,37228.54155495978,mChi_1,mCherry RNAi,0.5888083379265463,-0.0440449856937597,49.274788755369855,70,2000
3224,98.91849529780565,451.0476489028213,204.51724137931035,1949.0,1.5459477763613516,43498.16112852665,mChi_1,mCherry RNAi,0.6289298960737599,-0.03867564733530782,50.18304204851347,70,2000
3225,95.90632318501171,464.6393442622951,216.18266978922716,560.0,1.7340011195417,29971.316159250586,mChi_1,mCherry RNAi,0.6001120611843964,-0.002790086382310708,46.51817140659905,70,2000
3226,96.52256532066508,535.6828978622328,270.229216152019,1075.0,1.9723076155141053,34789.08669833729,mChi_1,mCherry RNAi,0.4671876708416858,0.18826950177126767,43.48841553826766,70,2000
3227,96.73127753303964,556.2511013215859,202.49559471365637,1097.0,1.5830070568197436,49636.952643171804,mChi_1,mCherry RNAi,0.6295546775746799,0.2468411041590992,40.39988390664924,70,2000
3228,95.7096018735363,564.7224824355972,272.6639344262295,1059.0,1.8603532087330712,42989.96135831382,mChi_1,mCherry RNAi,0.46013814454404733,0.2669236244910531,40.659795992266965,70,2000
3229,96.26596858638743,600.6230366492147,248.9026178010471,1141.0,1.6088226329449071,52292.87120418848,mChi_1,mCherry RNAi,0.5160069878310063,0.365511513754468,37.9999836914873,70,2000
3230,96.08354430379747,602.3582278481013,189.69746835443038,993.0,1.6480018322689656,47190.59620253165,mChi_1,mCherry RNAi,0.6585418110005137,0.37249902160437065,36.10195165682201,70,2000
3231,98.5,659.4409448818898,58.66272965879265,1126.0,1.624166977553229,33779.5,mChi_1,mCherry RNAi,0.9721001451681224,0.5331930719545246,30.89310718366291,70,2000
3232,98.1915621436716,694.5974914481186,127.31927023945268,1147.0,1.7925921473880708,55912.579247434434,mChi_1,mCherry RNAi,0.8053272894573964,0.6259859805572265,29.908940244775867,70,2000
3233,96.8194297782471,701.2302006335797,99.04435058078141,1117.0,1.7362034134092967,52880.58817317846,mChi_1,mCherry RNAi,0.8730918633824256,0.6448416274814028,27.304832481099677,70,2000
3234,96.28451380552221,767.6962785114046,186.56902761104442,1053.0,1.4861850535217642,32705.349339735894,mChi_1,mCherry RNAi,0.6596322885564214,0.8219313220123319,24.355735696427697,70,2000
3235,96.04555808656036,478.34168564920276,144.29157175398635,729.0,1.9412749242337857,23514.4145785877,mChi_1,mCherry RNAi,0.772757489393862,0.037273441542040375,43.74120287183126,70,2000
3236,97.73010380622837,574.6043829296425,257.7635524798155,1042.0,1.3419745448207625,59115.10957324106,mChi_1,mCherry RNAi,0.4957699067891945,0.2947537263961659,41.56478667336293,70,2000
3237,97.18171160609613,588.6658851113716,231.18640093786635,1017.0,1.3745307252172183,54281.640093786635,mChi_1,mCherry RNAi,0.5592059097951119,0.33389126934352586,39.29464707775256,70,2000
3238,97.7503692762186,611.6277695716395,142.05022156573116,843.0,1.8860225023296682,40837.40768094535,mChi_1,mCherry RNAi,0.7730564765894532,0.39987241481148583,35.81788520131697,70,2000
3239,97.81938325991189,752.079295154185,195.59691629955947,614.0,1.2670935853920189,27370.30837004405,mChi_1,mCherry RNAi,0.6385911704823992,0.7794452466507953,27.249265825083565,70,2000
3240,100.41172506738545,401.0357142857143,202.6731805929919,1767.0,1.4474639536450056,34562.20013477089,mChi_1,mCherry RNAi,0.6354180562543272,-0.17420694979336027,55.21050817993333,70,2000
3241,98.86981818181818,467.00363636363636,131.8189090909091,1808.0,1.396994450877151,21996.308363636363,mChi_1,mCherry RNAi,0.8034200977897936,0.007506215254587056,47.03532037814419,70,2000
3242,99.68074534161491,467.2577639751553,203.45590062111802,1911.0,1.3236099967959072,41951.60621118012,mChi_1,mCherry RNAi,0.63090068844427,0.005563102147928989,49.75149343342521,70,2000
3243,99.60166666666667,474.76666666666665,230.98166666666665,745.0,1.2843778064103049,28956.57,mChi_1,mCherry RNAi,0.5642981599807366,0.02487818890994231,49.87389934617599,70,2000
3244,99.96538461538462,484.2576923076923,212.6048076923077,1355.0,1.2781815058206232,32130.842307692306,mChi_1,mCherry RNAi,0.6082164113211102,0.05145602146012207,49.06155987644969,70,2000
3245,97.58071278825996,498.7316561844864,187.77777777777777,630.0,1.7157592551190703,25596.53668763103,mChi_1,mCherry RNAi,0.6673064919451903,0.091285124065704,44.97799516641521,70,2000
3246,98.18947368421053,584.6248803827751,244.21244019138757,1187.0,1.47686968674701,58947.84880382775,mChi_1,mCherry RNAi,0.5280491165133252,0.32260093724015126,40.93956360427208,70,2000
3247,97.99434229137199,613.6379066478077,237.4073550212164,883.0,1.7459026191142402,48717.19943422914,mChi_1,mCherry RNAi,0.543295945549295,0.4016646006521225,38.4804660052921,70,2000
3248,97.69473684210526,638.7657894736842,247.62105263157895,917.0,1.8028436594460953,45008.83815789474,mChi_1,mCherry RNAi,0.5176930226809924,0.4694871314901541,36.65347509145103,70,2000
3249,98.60635226179018,646.1376323387873,122.70259865255053,1253.0,1.5154483717863991,56911.51395572666,mChi_1,mCherry RNAi,0.8183665077056277,0.4945682105618969,33.6752423538566,70,2000
3250,98.06215722120658,662.8318098720292,207.52468007312615,673.0,1.5330068963433896,32748.691042047532,mChi_1,mCherry RNAi,0.6133604019175651,0.5365169505208698,34.215217231497064,70,2000
3251,98.27871621621621,672.9222972972973,165.4358108108108,697.0,1.3764936142283182,32044.199324324323,mChi_1,mCherry RNAi,0.7143638131293373,0.5656192744081285,32.575676917646746,70,2000
3252,98.8145956607495,705.2741617357002,82.91617357001972,1417.0,1.6172061009429808,36547.30966469428,mChi_1,mCherry RNAi,0.9119075960064116,0.6568512667692246,28.57040799016821,70,2000
3253,99.79661016949153,401.79661016949154,214.96468926553672,936.0,1.608433460255995,31249.58757062147,mChi_1,mCherry RNAi,0.6057422109116131,-0.17273953428828992,54.873049883843976,70,2000
3254,100.73456790123457,416.44581618655695,133.980109739369,1694.0,1.4280584756588053,25601.849108367627,mChi_1,mCherry RNAi,0.8003047526240832,-0.12959154180921106,52.58005594216682,70,2000
3255,100.57551739321885,420.23205636283575,167.8405988551299,2692.0,1.5105277422016998,43903.09291061207,mChi_1,mCherry RNAi,0.7185835141263639,-0.12065470137685685,53.06011491510982,70,2000
3256,99.8719512195122,430.24146341463415,124.98414634146341,1097.0,1.5168909373911963,19601.059756097562,mChi_1,mCherry RNAi,0.8213818794700811,-0.09192364950298382,50.48833597362365,70,2000
3257,100.82577720207254,452.4812176165803,148.95142487046633,1949.0,1.4244469141190836,27912.143134715025,mChi_1,mCherry RNAi,0.7628398899316513,-0.032238828178541845,50.48805248399083,70,2000
3258,99.23701298701299,480.39935064935065,158.71266233766235,822.0,1.5548101241177275,23980.56168831169,mChi_1,mCherry RNAi,0.738137769277466,0.04292982580039029,47.16333673255954,70,2000
3259,98.63991769547324,576.4650205761317,275.63168724279836,637.0,1.5691815484896172,37975.51234567901,mChi_1,mCherry RNAi,0.4527128327677621,0.2992918021042994,42.818791556128474,70,2000
3260,99.47233201581028,583.5415019762846,214.2608695652174,618.0,1.6772649921397493,42688.59881422925,mChi_1,mCherry RNAi,0.6003187764072526,0.3210770620087844,41.49117302838246,70,2000
3261,98.48427672955975,591.4171907756813,275.0503144654088,590.0,1.4470984740337443,29048.236897274634,mChi_1,mCherry RNAi,0.4535195710762807,0.33991320004982173,41.57520697989389,70,2000
3262,98.56680731364276,618.9915611814346,198.62165963431787,810.0,1.4718060053153934,46950.630098452886,mChi_1,mCherry RNAi,0.6365497678602772,0.4178367705769952,37.624439870798966,70,2000
3263,99.92561983471074,662.5661157024794,190.17079889807164,1025.0,1.578645214215724,47466.074380165286,mChi_1,mCherry RNAi,0.6552887666783005,0.5368379211813674,35.62572959439733,70,2000
3264,98.98214285714286,682.9387755102041,259.4744897959184,555.0,1.5443234182279242,22987.339285714286,mChi_1,mCherry RNAi,0.4874950230274848,0.5893087073601988,35.086485869011995,70,2000
3265,100.225,689.8113636363636,247.175,617.0,1.3389354951344876,26666.245454545453,mChi_1,mCherry RNAi,0.5169309488077107,0.6087073678331807,35.50194786997807,70,2000
3266,98.9546191247974,711.9951377633712,137.3063209076175,744.0,1.5406838064867006,39199.39546191248,mChi_1,mCherry RNAi,0.7806382776583558,0.6730209837119485,29.690015404894528,70,2000
3267,99.07906976744187,765.029457364341,136.84496124031008,768.0,1.4974660048485644,32618.356589147286,mChi_1,mCherry RNAi,0.7796859063291761,0.8171728660615418,25.99664972964136,70,2000
3268,101.41776315789474,428.8421052631579,104.65789473684211,515.0,1.8804370069524008,16663.509868421053,mChi_1,mCherry RNAi,0.8704946595344019,-0.09462972293733918,51.58356014688739,70,2000
3269,101.3407550822846,424.8170377541142,211.43949661181026,1206.0,1.5059877247270808,37999.15392061955,mChi_1,mCherry RNAi,0.6134305392335084,-0.10974544538772257,54.66624173697143,70,2000
3270,101.37909186906019,492.3009503695882,235.67687434002113,1277.0,1.7976658183792134,33031.94825765576,mChi_1,mCherry RNAi,0.5524138842565591,0.07269020680127891,50.51429373491064,70,2000
3271,100.94326241134752,526.7304964539007,230.17163120567375,888.0,1.831219166511116,29543.812765957446,mChi_1,mCherry RNAi,0.56430312462404,0.16637410840637412,47.46153162614466,70,2000
3272,100.55257731958763,552.6288659793814,249.38453608247423,1225.0,1.631361908191776,38145.382474226804,mChi_1,mCherry RNAi,0.5169870714866769,0.23592149610561552,45.73038014482243,70,2000
3273,99.31515151515151,570.7963636363636,288.43757575757576,1004.0,1.8202127317886687,40704.45696969697,mChi_1,mCherry RNAi,0.4221292514738051,0.28352188709689874,44.24301782093802,70,2000
3274,101.09677419354838,606.1129032258065,246.70967741935485,725.0,1.717324091252009,30833.271889400923,mChi_1,mCherry RNAi,0.5213751147103398,0.38146420739342113,42.36375412629003,70,2000
3275,100.03181189488244,614.6957123098202,216.4149377593361,849.0,1.5552191673060276,54089.02213001383,mChi_1,mCherry RNAi,0.5939479696948244,0.40575796945663645,39.87169980649452,70,2000
3276,100.59285091543155,626.5562336530079,209.795989537925,1395.0,1.815256724473707,53339.89537925022,mChi_1,mCherry RNAi,0.6094633653151809,0.4383547592569552,39.4021927770286,70,2000
3277,100.92013129102844,629.5940919037199,249.83807439824946,1081.0,1.5074081236338834,54203.59737417943,mChi_1,mCherry RNAi,0.5129112897742132,0.44511262093660475,40.58703088419668,70,2000
3278,101.1973203410475,666.9561510353228,72.6979293544458,990.0,1.492077402420071,56390.08526187576,mChi_1,mCherry RNAi,0.9381660957979339,0.5535970651260866,33.42062323921735,70,2000
3279,100.6640625,698.3973214285714,135.68526785714286,1082.0,1.6246958998045122,50473.58258928572,mChi_1,mCherry RNAi,0.7851804150257984,0.6364710745763604,32.326455117407264,70,2000
3280,100.53128991060025,704.3231162196679,111.13665389527459,952.0,1.2971990889612943,48786.236270753514,mChi_1,mCherry RNAi,0.8440736501167181,0.6535041841341633,31.108959578004463,70,2000
3281,100.19522471910112,733.5800561797753,344.3258426966292,858.0,1.4139741982653342,26135.352528089887,mChi_1,mCherry RNAi,0.28120168409451773,0.7238457544579657,34.94376000876596,70,2000
3282,101.77892918825562,436.4499136442142,162.98445595854923,1348.0,1.9663088856904367,44711.216753022454,mChi_1,mCherry RNAi,0.7297223727768418,-0.07616023316875864,52.96585771787325,70,2000
3283,101.5811623246493,438.27154308617236,205.84569138276552,1271.0,1.9811541292648385,45580.59619238477,mChi_1,mCherry RNAi,0.6263943788366986,-0.07292034491096921,53.7902415973562,70,2000
3284,101.65119196988708,447.1129234629862,186.3801756587202,925.0,1.641611049981657,46823.941028858215,mChi_1,mCherry RNAi,0.6729421218944138,-0.04812307282256567,52.702420099170496,70,2000
3285,101.3647363872083,479.50216076058774,194.85393258426967,1310.0,1.4976892913903572,43838.67934312878,mChi_1,mCherry RNAi,0.651247585565911,0.03950106079283766,50.32078487636896,70,2000
3286,101.15714285714286,494.74285714285713,149.94571428571427,1188.0,1.6613958292209512,25045.112857142856,mChi_1,mCherry RNAi,0.7588147572889385,0.08262451974868679,47.813033017190875,70,2000
3287,100.38689217758986,609.2071881606765,268.38054968287526,601.0,1.696423160565645,29715.224101479915,mChi_1,mCherry RNAi,0.4690091414050992,0.3888877860254383,42.016545226516385,70,2000
3288,100.99110320284697,637.8362989323844,189.87366548042704,714.0,1.7400540023186128,33490.380782918146,mChi_1,mCherry RNAi,0.6570366167709045,0.46986096990540194,38.45438038948127,70,2000
3289,101.34578313253012,662.5493975903614,83.24578313253012,973.0,1.5010168060628553,61560.52530120482,mChi_1,mCherry RNAi,0.9129396699680687,0.541240587866568,34.16838509139339,70,2000
3290,101.0952380952381,673.7857142857143,61.4547619047619,531.0,1.4682723363072259,33517.73095238095,mChi_1,mCherry RNAi,0.9649756509555123,0.5725732375545403,32.5265839733445,70,2000
3291,100.67374517374517,712.1583011583011,174.94015444015443,580.0,1.5935215348673748,26535.434362934364,mChi_1,mCherry RNAi,0.6900859881695003,0.6723349851413261,32.40411573787054,70,2000
3292,101.86889460154242,547.6580976863753,195.77377892030847,539.0,1.7475219784787948,29650.706940874035,mChi_1,mCherry RNAi,0.6464011210455953,0.2247634985200342,45.95821344947045,70,2000
3293,101.57882352941176,567.2470588235294,260.6564705882353,612.0,1.611273211018338,37912.83294117647,mChi_1,mCherry RNAi,0.48932793400362673,0.2754055704254028,46.00783037549928,70,2000
3294,101.0105580693816,585.0678733031674,293.8325791855204,771.0,1.997323531896728,35377.16742081448,mChi_1,mCherry RNAi,0.408681643062101,0.3224246059396867,45.05454159442449,70,2000
3295,101.77181208053692,582.8478747203579,269.420581655481,537.0,1.6027343848909341,35055.98881431767,mChi_1,mCherry RNAi,0.4676195092030022,0.3174936866053517,45.31655275406314,70,2000
3296,102.02671755725191,607.0553435114504,199.13931297709922,610.0,1.965858253266513,40969.020992366415,mChi_1,mCherry RNAi,0.6359840397838084,0.3860626261677882,41.944482624678486,70,2000
3297,102.30942622950819,640.3217213114754,214.21311475409837,661.0,1.5950163366984211,39148.110655737706,mChi_1,mCherry RNAi,0.5983923590840277,0.47592475948448176,40.244839672682374,70,2000
3298,101.41944847605225,730.0304789550073,88.33962264150944,833.0,1.5308540863629707,30210.920174165458,mChi_1,mCherry RNAi,0.8980384594398969,0.7244218818897123,29.53721710598251,70,2000
3299,102.48007246376811,413.8242753623188,149.0923913043478,620.0,1.622643479338485,30814.697463768116,mChi_1,mCherry RNAi,0.7641129987060169,-0.13696109738003093,54.91479001340464,70,2000
