label,centroid_x,centroid_y,centroid_z,area,aspherity,int_0,int_1,int_2,sample,type,x_std,y_std,z_std,r,theta,rotation
1,11.11503347534997,270.950091296409,833.5374315276932,1998.0,1.2398179651581913,645.4193548387096,1139.1746804625684,1404.3791844187463,Vsx_enh3_1,enh3,0.9036750166207899,0.2645323890763662,-35.75357840435049,0.9415975363896376,0.284773390664825,-100
2,10.996529786003471,335.6946211683054,848.054945054945,1993.0,1.242514385976293,702.5986119144014,1183.8640832851358,1508.0653556969346,Vsx_enh3_1,enh3,0.8765283840728775,0.07817470401906612,-37.143715419217315,0.8800075524868399,0.08895138452202761,-100
3,11.995705521472393,301.6165644171779,809.2306748466258,1902.0,1.2785300839476859,424.03435582822084,1397.8662576687116,1572.3815950920246,Vsx_enh3_1,enh3,0.8038692998934232,0.20736415660834706,-38.096438457505286,0.8301841631572078,0.25245398764966404,-100
4,12.279889426399446,251.4464409122322,847.9550794747754,1741.0,1.2764999632523586,711.0310988251555,1238.1831375259158,1496.6475466482377,Vsx_enh3_1,enh3,0.9637822040868633,0.30189825026343575,-32.633342140521435,1.0099597469338353,0.3035618310222434,-100
5,12.935110663983904,320.69617706237426,788.5523138832998,2414.0,1.3384464318280949,779.3390342052314,1125.9909456740443,1729.1720321931589,Vsx_enh3_1,enh3,0.72622146127219,0.1773328114509869,-39.63055621334365,0.7475590524028362,0.23949882918678822,-100
6,13.07939767282683,363.7214236824093,858.6420260095824,1674.0,1.2983455561845951,719.2785763175907,1261.3545516769336,1509.4976043805614,Vsx_enh3_1,enh3,0.8761526653540817,-0.0068294426698614075,-35.25930248013246,0.876179282050336,-0.007794651124337938,-100
7,13.06563245823389,188.75954653937947,760.8144391408115,1951.0,1.3734887525400552,861.8186157517899,1089.1998806682577,1529.8031026252984,Vsx_enh3_1,enh3,0.7867033132282508,0.5552530867833418,-36.75328820754099,0.9629164519452021,0.6146061927367834,-100
8,13.89959373186303,344.9767846778874,828.0661636680209,1901.0,1.2319632267475846,876.8543238537435,1182.621009866512,1748.062100986651,Vsx_enh3_1,enh3,0.8104785819889282,0.07342758400908256,-36.287794237704674,0.8137979736741758,0.09035114842037512,-100
9,13.429577464788732,490.76327193932826,861.5823401950163,2150.0,1.3465314708563711,735.9501625135428,1160.8781148429036,1619.5568797399783,Vsx_enh3_1,enh3,0.7517063817708372,-0.34701889877321956,-39.550908266214265,0.8279399739720154,-0.4324927568629049,-100
10,14.014907573047108,511.0954084675015,866.8944543828264,2059.0,1.3889466435571864,272.4913536076327,1118.3410852713178,2021.3649373881933,Vsx_enh3_1,enh3,0.745103999628355,-0.4063049856882679,-39.30436906178994,0.8486835167819128,-0.4992273725822393,-100
11,15.315661182205972,494.5374771480804,891.4527726995734,1952.0,1.3415784336342749,292.539914686167,1071.636197440585,1548.6916514320537,Vsx_enh3_1,enh3,0.830292583385662,-0.3868809460232657,-35.31101730707803,0.9160036246768315,-0.43604454744156,-100
12,16.805443548387096,207.2076612903226,736.8835685483871,2284.0,1.3471088022702438,932.1628024193549,1031.624495967742,1479.5892137096773,Vsx_enh3_1,enh3,0.6999030046585477,0.5300922175329985,-35.747654372424705,0.8779874572105885,0.648207310972019,-100
13,15.625201938610662,215.33117932148627,760.6478190630048,2133.0,1.2922678370926293,901.2364028002154,1163.8314485729672,1834.857296715132,Vsx_enh3_1,enh3,0.7578188290658652,0.48483436316654016,-35.24079898926934,0.8996408935757998,0.5691543245176834,-100
14,17.619233268356076,232.47238466536712,799.2504873294347,3806.0,1.427735946401042,841.2189733593242,1121.9324236517218,1681.524041585445,Vsx_enh3_1,enh3,0.8467075751909439,0.400771886162391,-30.67472234290446,0.9367666852658074,0.4420846816803684,-100
15,15.638090349075975,272.95687885010267,766.8352156057495,2229.0,1.218588382400217,717.3896303901438,1058.2479466119096,1476.3239219712525,Vsx_enh3_1,enh3,0.7149040221660761,0.3256848487943371,-36.92541001637814,0.7855942856484024,0.427471668530953,-100
16,16.220398593200468,301.3546307151231,768.0222743259086,1959.0,1.2186547303507598,345.19460726846427,1402.1488862837045,1620.8769050410317,Vsx_enh3_1,enh3,0.6884209275832973,0.24910406642723015,-37.33836888612345,0.732103960817881,0.34719101817754827,-100
17,16.170510132774282,310.7330538085255,778.8183088749126,1671.0,1.1349020815834274,763.0607966457023,1138.4535290006988,1701.856743535989,Vsx_enh3_1,enh3,0.7086649844732833,0.21343523878002046,-36.8426953539261,0.7401085470196944,0.2925383887817721,-100
18,16.012890094979646,321.17571234735414,829.4905020352782,1697.0,1.2250204183386357,837.0400271370421,1337.8005427408411,1617.8514246947084,Vsx_enh3_1,enh3,0.8386861369977552,0.13515022928554132,-33.14839360337113,0.8495057509329479,0.1597716583377726,-100
19,14.693430656934307,337.8481751824817,811.9124087591241,819.0,1.2230354111866493,1016.3868613138686,1371.890510948905,1951.8934306569342,Vsx_enh3_1,enh3,0.7727885834060129,0.10845682427967662,-36.57892106732635,0.7803621450169816,0.13943405300190473,-100
20,15.98989898989899,368.6425364758698,835.8540965207632,2013.0,1.2609395580035418,707.8759820426487,1149.7800224466891,1517.5123456790122,Vsx_enh3_1,enh3,0.8068683036210862,0.0027935784407397968,-34.4631486753819,0.8068731396377462,0.0034622345008751645,-100
21,16.01356589147287,536.5826873385013,874.8023255813954,1740.0,1.3363611603517378,275.9593023255814,987.5691214470285,2133.9728682170544,Vsx_enh3_1,enh3,0.7399521900738109,-0.4818924657071134,-37.63098336243553,0.8830343096960109,-0.5772521266393967,-100
22,16.417079207920793,511.41212871287127,883.3972772277227,1905.0,1.3183466400062982,239.99071782178217,1206.9090346534654,1906.032797029703,Vsx_enh3_1,enh3,0.789992550169234,-0.42365847584860705,-35.539545745529935,0.8964233003895282,-0.49224988596189184,-100
23,19.20069808027923,185.25770796974984,821.7254217568353,1972.0,1.3496730838754774,934.3304246655032,1104.7865037812683,1685.13321698662,Vsx_enh3_1,enh3,0.9580068922034537,0.5036520358639296,-25.397408280459672,1.0823320094773141,0.48401833954858,-100
24,17.09225413402959,217.6840731070496,805.6353350739773,1568.0,1.4284501620547234,1012.395996518712,869.6788511749347,1833.213228894691,Vsx_enh3_1,enh3,0.8800289902063181,0.43366753084007015,-30.094685178771883,0.9810802978902772,0.4578612028228485,-100
25,17.478950246036085,251.28212137780207,747.1131765992345,2178.0,1.5490916004239361,675.3892837616183,1080.7255330781848,1688.364133406233,Vsx_enh3_1,enh3,0.6821803579897401,0.4028702325511795,-35.91391064336712,0.7922590896309435,0.5334513644975535,-100
26,18.452900810979415,271.6400499064255,864.5096693699314,1945.0,1.207413953200799,754.7816593886463,1445.0636306924516,1848.5633187772926,Vsx_enh3_1,enh3,0.9870443976476608,0.23165781998777435,-25.874068681109904,1.0138648768396712,0.230526201374672,-100
27,17.835408022130014,504.00368833563857,836.4845550945136,2602.0,1.4234746119998725,415.9160903642231,1091.4605809128632,1824.0419548178884,Vsx_enh3_1,enh3,0.66691151897936,-0.3572030684860904,-37.77970892394161,0.75654808590283,-0.4917264986107951,-100
28,19.915831663326653,284.7004008016032,806.1903807615231,2384.0,1.1176970351228617,687.8827655310621,1467.7830661322646,1530.7089178356714,Vsx_enh3_1,enh3,0.8108881840708146,0.2551581683235402,-29.81458068274938,0.8500854885997569,0.30485607770255085,-100
29,19.46061334936861,383.3704149128082,858.708959711365,1950.0,1.3140287264561923,702.0751653638004,1426.3800360793746,1483.8003607937462,Vsx_enh3_1,enh3,0.8540893091366775,-0.05917467455993508,-29.655586127183128,0.8561367823489663,-0.06917340025587077,-100
30,20.80009727626459,148.85651750972764,761.7679961089494,2476.0,1.3980973852306053,1034.2631322957197,798.3915369649806,1704.1862840466927,Vsx_enh3_1,enh3,0.8288551493354988,0.6600865688050441,-27.436827908489775,1.0595825295354715,0.6725318686910426,-100
31,19.825331971399386,249.464759959142,792.708886618999,2384.0,1.3417611935425506,739.5985699693565,1336.2134831460673,2176.0755873340145,Vsx_enh3_1,enh3,0.810190057470481,0.3621507330513061,-29.68075461805975,0.8874463829852594,0.4203519809073076,-100
32,21.256438356164384,297.92986301369865,809.0427397260274,2265.0,1.1393818697383566,853.3901369863014,1351.4701369863014,2027.881095890411,Vsx_enh3_1,enh3,0.804649327829682,0.2171677358772235,-28.749212938901024,0.8334400795994866,0.2636103816681186,-100
33,19.307852675469075,319.3439888811675,793.9214732453092,1744.0,1.3454290374408775,954.5392633773454,1369.3738707435718,2267.9930507296735,Vsx_enh3_1,enh3,0.7408083626536293,0.1754468783407661,-32.78237931597209,0.761300622157286,0.23254705652045493,-100
34,20.09668025626092,333.5014560279557,768.3820617355854,2025.0,1.2470458883631148,775.9871869539895,1136.590564938847,1771.278392545137,Vsx_enh3_1,enh3,0.6548224796533544,0.16333568966915868,-34.68507732521125,0.6748859365693343,0.24444689168307512,-100
35,18.62751677852349,509.76677852348996,918.7592281879195,1530.0,1.4363750644656403,233.7541946308725,1227.4697986577182,1731.5218120805368,Vsx_enh3_1,enh3,0.8894097993015713,-0.4546196716823172,-30.307298032752712,0.9988637729811805,-0.472525854903631,-100
36,21.541977611940297,229.12033582089552,833.8376865671642,1374.0,1.1951840814057186,940.6912313432836,1239.0708955223881,1859.1212686567164,Vsx_enh3_1,enh3,0.9452810715946662,0.375082898460517,-23.736853391336552,1.0169776226804124,0.3777404836671862,-100
37,22.74172754619682,233.74344649763646,759.2810485603782,2706.0,1.3440510354974704,586.1474000859475,883.9445638160722,1314.5423291792006,Vsx_enh3_1,enh3,0.7328578593607491,0.43718932791049947,-28.977670784315734,0.8533552311116712,0.5378818649016968,-100
38,21.477732793522268,314.17206477732793,808.4296558704453,2425.0,1.266163858254582,802.5794534412955,1300.6482793522266,1723.0455465587045,Vsx_enh3_1,enh3,0.7859410171553329,0.17465846110933092,-29.205128808610468,0.8051141909594185,0.2186748891508809,-100
39,20.965314136125656,395.11321989528795,825.2683246073299,1811.0,1.3365916434125447,889.5726439790576,1168.8501308900525,1886.5477748691098,Vsx_enh3_1,enh3,0.7484599023066336,-0.057004285895645435,-31.4157370545001,0.7506275467709189,-0.07601535738812641,-100
40,21.51208106001559,508.9368667186282,869.9937646141855,1616.0,1.2645969563148547,277.47622759158224,1584.801247077163,2155.6788776305534,Vsx_enh3_1,enh3,0.7539129549706252,-0.4038059700422859,-31.496054706725886,0.8552449971290866,-0.4917308754550762,-100
41,20.895953757225435,527.2333158171308,935.9821334734629,2363.0,1.2498497807906384,252.79190751445086,1313.8187073042563,1653.2448765107724,Vsx_enh3_1,enh3,0.9184470260742412,-0.5182156567141831,-27.274923865237028,1.0545579199685193,-0.5137029132553784,-100
42,20.490107405313736,529.5308083663086,840.4358394573205,2134.0,1.3768224226901975,341.0944036178632,837.048615036744,1653.6902204635387,Vsx_enh3_1,enh3,0.6505384733832775,-0.42896007284250015,-35.78669646748662,0.7792349128760135,-0.582949594935175,-100
43,21.936890713186248,348.6310928681375,766.5325808106721,2238.0,1.2585050989944957,737.4268855823499,1176.8209338122115,1760.642893791688,Vsx_enh3_1,enh3,0.6333928942704394,0.12498382428394073,-33.589965355281464,0.6456063156792404,0.1948214750301199,-100
44,22.4385593220339,385.67637711864404,811.4560381355932,2144.0,1.2255214188980301,751.3527542372881,1024.0561440677966,1572.8151483050847,Vsx_enh3_1,enh3,0.7195005574155815,-0.018196661628269162,-30.74504253507098,0.7197306236473103,-0.025285294482601275,-100
45,22.184733803720334,407.52405388069275,848.33611289288,1800.0,1.1560407041822716,517.0288646568313,1251.683130211674,1412.207184092367,Vsx_enh3_1,enh3,0.7993081664244335,-0.11299261184159382,-28.74284989606946,0.8072551487872809,-0.1404325034127834,-100
46,21.565293602103417,408.3321647677476,894.4531113058721,1431.0,1.358901201311162,899.6187554776512,1030.7388255915864,1779.8098159509202,Vsx_enh3_1,enh3,0.9268428117005885,-0.16114726964156945,-25.520093197594335,0.9407475963902248,-0.17214600775571018,-100
47,21.221022993899577,472.191928671985,829.5626466447677,2545.0,1.4839838898035034,487.89863913655563,1347.903801032379,1769.3801032379165,Vsx_enh3_1,enh3,0.6799230667169176,-0.26590964866324285,-33.76577458094978,0.7300707622593492,-0.37279995613039957,-100
48,22.689170820117806,497.383325781604,819.7961033076574,2548.0,1.3475026940290897,417.0376076121432,1003.3158133212505,2005.1341187131852,Vsx_enh3_1,enh3,0.6260898665049262,-0.3230643245819085,-34.092679598709196,0.7045275571315298,-0.47636798825794824,-100
49,23.105238540692234,509.24789522918616,904.5187090739008,2538.0,1.2754051075144621,272.8507951356408,1064.7048643592143,1655.255846585594,Vsx_enh3_1,enh3,0.8491320045699395,-0.439113977932561,-27.023959586481197,0.9559530567976241,-0.4772596862277375,-100
50,22.740668928744547,520.3126514784294,861.1294231701406,2358.0,1.3098423710501748,597.2612699951527,739.100339311682,925.7624818225885,Vsx_enh3_1,enh3,0.7170655353343685,-0.4251812411605965,-31.45431200201729,0.8336438506935859,-0.5352166940408192,-100
51,23.215686274509803,542.6777275012569,928.9150326797386,2327.0,1.2742514338946662,251.70437405731522,1276.6289592760181,1507.9939668174961,Vsx_enh3_1,enh3,0.8820521506743677,-0.5522052338384402,-26.152365942223412,1.0406472105319093,-0.5593511522183279,-100
52,22.5496849248667,552.2564226854096,855.6854095976732,2458.0,1.4664757411718836,390.2506059137179,708.29471643238,1374.9001454192924,Vsx_enh3_1,enh3,0.6686610595472817,-0.5045438770158248,-33.330220617286,0.8376587231021075,-0.6464121622582144,-100
53,23.175524475524476,171.5951048951049,707.5377622377622,1753.0,1.3939647609129378,936.7629370629371,580.9916083916083,1396.6237762237763,Vsx_enh3_1,enh3,0.6537202061441472,0.6537974447420802,-30.497847756968184,0.9245545990759116,0.7854572360973777,-100
54,24.194665418811418,280.97847449695837,783.9349555451568,2524.0,1.22134706776978,808.7547964436126,1197.9831539541412,1746.2437997192326,Vsx_enh3_1,enh3,0.7517244496672892,0.2871686123287538,-27.278763089723782,0.804708307484402,0.3649049497660062,-100
55,21.893506493506493,477.9168831168831,874.4792207792208,996.0,1.4068414496767228,821.4844155844156,1551.0493506493506,2574.04025974026,Vsx_enh3_1,enh3,0.7986366391629622,-0.3259425995720615,-29.546507050451865,0.862588580743627,-0.38748995397474795,-100
56,24.10663082437276,603.7562724014336,838.119623655914,2663.0,1.349970636854293,803.1317204301075,1281.8767921146953,1721.8897849462367,Vsx_enh3_1,enh3,0.5656774045710875,-0.6237563568312786,-35.23534286179577,0.8420587382895038,-0.8341884880553083,-100
57,24.245441103992114,190.3011335633317,698.2050271069493,2352.0,1.3523032879117294,484.03696402168555,515.343026121242,1288.932479053721,Vsx_enh3_1,enh3,0.6079676254810009,0.6134334481035311,-30.935392626137116,0.8636696294794638,0.7898731767693605,-100
58,24.10635619886721,220.73945877910634,805.0862177470107,1899.0,1.3103037054825803,941.4726242920076,945.5802391441158,1894.547514159849,Vsx_enh3_1,enh3,0.8733888718165213,0.4259752396421552,-23.274164949190308,0.9717319724086099,0.45378100335463284,-100
59,23.97995283018868,224.88679245283018,734.2759433962265,2044.0,1.2671355450851904,801.3985849056604,1076.9593160377358,1816.7317216981132,Vsx_enh3_1,enh3,0.67224124854007,0.4856305837125501,-29.50273367599665,0.8293041420828092,0.6256052928243846,-100
60,25.750445632798574,251.7843137254902,782.8294711824124,2093.0,1.2671988041857074,828.4717765894236,1239.0392156862745,1878.1176470588234,Vsx_enh3_1,enh3,0.778677912920354,0.3657427295635465,-24.69936496685969,0.8602947380395815,0.4391127332631746,-100
61,25.0625,359.77904929577466,852.2544014084507,1340.0,1.219198778146182,799.9911971830986,1444.655809859155,1914.6690140845071,Vsx_enh3_1,enh3,0.8592163069857426,0.009789411590483077,-23.711845064100302,0.8592720726111758,0.011392926270182104,-100
62,24.808682483594144,392.02322059565876,839.4734982332155,2248.0,1.1879923061196815,828.7289247854619,1389.2897526501768,1584.1115598182737,Vsx_enh3_1,enh3,0.7901188115567475,-0.0630479232140847,-26.277665867906464,0.7926302902346442,-0.07962677985345738,-100
63,23.902450980392157,492.97892156862747,840.0794117647059,2390.0,1.3336261415134965,647.7946078431372,1318.2039215686275,2101.014705882353,Vsx_enh3_1,enh3,0.6867397251783778,-0.33163566516526366,-31.01275724858364,0.7626228848832696,-0.44988495280605795,-100
64,24.03477344573235,525.3840885142255,822.3498419388831,2239.0,1.4961299948065716,664.8329820864068,1348.7702845100105,1820.9747102212855,Vsx_enh3_1,enh3,0.6036107041745051,-0.39996915552757595,-33.6156262465574,0.7241002745252099,-0.5852011612733813,-100
65,25.065458207452163,187.7361530715005,737.1631419939577,2295.0,1.397436470632247,973.2764350453173,928.5528700906344,1896.7442094662638,Vsx_enh3_1,enh3,0.7187235586246945,0.5813505039412239,-26.750421056422397,0.9244089799189856,0.6801232485172972,-100
66,24.732767762460234,207.38335100742313,696.7932131495228,2226.0,1.4998128408710794,862.407211028632,549.2767762460234,1536.5185577942736,Vsx_enh3_1,enh3,0.5860894783001371,0.5694864031246676,-31.225764534020087,0.8171998775807534,0.7710313588396795,-100
67,23.80796812749004,217.04860557768924,759.2318725099601,1544.0,1.3335848772784555,1068.2549800796812,1358.1617529880477,2044.4621513944223,Vsx_enh3_1,enh3,0.7498436281073486,0.48153732592108,-27.277891035617927,0.8911473856037598,0.570860790382635,-100
68,24.88713910761155,220.29461942257217,775.8805774278215,1847.0,1.4225311900142386,1026.6443569553805,1067.6207349081365,1879.2460629921259,Vsx_enh3_1,enh3,0.7924453706971819,0.4562864722036426,-24.930858241258633,0.914421680766286,0.5224319077498718,-100
69,27.31076388888889,324.88324652777777,761.1432291666666,2707.0,1.2411628761178866,456.4973958333333,1348.7291666666667,1950.2044270833333,Vsx_enh3_1,enh3,0.6417070724241032,0.19330452768431527,-27.777840665159104,0.6701899784556387,0.2925892903982771,-100
70,25.32160259880888,400.2582566323768,810.1169463995668,2178.0,1.3171781210213014,700.1586356253384,1072.0216567406605,1867.672983216026,Vsx_enh3_1,enh3,0.6997748782635933,-0.05562299191408793,-28.547643277342104,0.7019820492564618,-0.07932020764435523,-100
71,28.618283881315158,213.3889334402566,718.5862068965517,2966.0,1.3759518423920962,508.90136327185246,896.9334402566159,1410.430633520449,Vsx_enh3_1,enh3,0.6393432225671356,0.531724604905025,-25.75876437167574,0.8315592652985925,0.6937577076313041,-100
72,28.035502958579883,236.61807423345886,728.3674018289403,2383.0,1.3079218407483513,338.0575578267886,895.9618074233459,1625.4324905863368,Vsx_enh3_1,enh3,0.6424638812010104,0.4603098290538128,-26.41169588849415,0.7903448471214425,0.6216981821970978,-100
73,27.81940549635446,241.56365675827257,792.9119461581604,2492.0,1.4664790896277935,897.8990465507571,1272.9960740325294,1817.7728547392037,Vsx_enh3_1,enh3,0.8168012102829525,0.38277516014401347,-21.399841224525346,0.9020427042789998,0.43823577241787837,-100
74,27.141361256544503,250.6738219895288,803.5492146596858,2343.0,1.2184888174237463,419.7041884816754,1488.341884816754,1616.2612565445027,Vsx_enh3_1,enh3,0.8370562366881666,0.3479884765625565,-21.532646448056354,0.9065093067359458,0.3939918181606554,-100
75,26.77761267954433,284.321446260525,769.3318474492323,2427.0,1.3597183660000451,823.1233283803863,1213.397226349678,1922.6998514115899,Vsx_enh3_1,enh3,0.7069304945378829,0.29281929442759647,-26.061097210895795,0.7651757074663643,0.39269799012296375,-100
76,26.017823042647994,310.7511139401655,796.7517504774029,1893.0,1.387920131394014,954.1260343730108,1287.2457033736473,1877.0184595798855,Vsx_enh3_1,enh3,0.7557975915163369,0.19530964282114804,-25.53296862864532,0.7806252980276901,0.25288310614166604,-100
77,26.735252477583767,341.42425672487025,784.8612553091081,2511.0,1.450937077595536,497.90136857008025,1384.850873053327,1750.3553563001415,Vsx_enh3_1,enh3,0.6905475634526359,0.12573634085818242,-26.996523547584147,0.7019013925066521,0.18010894720167267,-100
78,27.267611336032388,375.8255060728745,779.3113360323887,2798.0,1.2377013957583411,654.2174089068826,964.2635627530365,1657.3117408906883,Vsx_enh3_1,enh3,0.639086480289828,0.03994236057561151,-28.25560239915042,0.640333445524746,0.06241796140332567,-100
79,26.045503791982664,417.8564463705309,885.6933911159264,2262.0,1.2675921189666268,852.3542795232936,1324.0590465872156,1700.8580715059588,Vsx_enh3_1,enh3,0.8913246457191508,-0.17777185775162574,-22.160611583874072,0.908879781640473,-0.19686359037327603,-100
80,26.287269681742043,462.77638190954775,856.3752093802345,2841.0,1.3012316531481567,324.11557788944725,1040.4061976549415,1744.2303182579565,Vsx_enh3_1,enh3,0.7628938174655449,-0.2677649678072541,-26.108567155099266,0.8085202871369227,-0.337552850386413,-100
81,27.385026737967916,495.20359052711996,803.9400305576776,3062.0,1.1702212050646672,433.66768525592056,1109.9209320091672,2032.2402597402597,Vsx_enh3_1,enh3,0.5829933726831069,-0.30154152459566785,-30.663843437023232,0.6563600868790727,-0.4773362186962344,-100
82,27.539714867617107,530.857433808554,891.9820773930753,2880.0,1.2996020547427667,306.1006109979633,928.3071283095722,1708.6529531568228,Vsx_enh3_1,enh3,0.7905196045832172,-0.4840505441295311,-24.491914033281134,0.9269445369074146,-0.5494287222632972,-100
83,27.266615737203974,538.7303284950344,829.461038961039,3136.0,1.3965425082868872,341.331550802139,1040.1650114591291,1835.677998472116,Vsx_enh3_1,enh3,0.6085704128074403,-0.44255442579740134,-30.31414521870269,0.7524708413868845,-0.6287508900446337,-100
84,25.696465696465697,558.5879417879418,897.0399168399168,2735.0,1.4362911788445516,308.78669438669436,804.8898128898129,1547.3891891891892,Vsx_enh3_1,enh3,0.7761596469052494,-0.5626780213471925,-26.969524741624085,0.9586607080668702,-0.627276334645092,-100
85,27.860915492957748,158.2488262910798,699.6860328638497,1990.0,1.3305413298291568,1193.6026995305165,641.6367370892019,1885.6473004694835,Vsx_enh3_1,enh3,0.6445274871428068,0.6969757985471823,-25.978063687223624,0.9493107739002562,0.8244749313513677,-100
86,28.48371065709553,157.83600220872447,714.1816675869685,2126.0,1.271202551694566,687.8818332413032,768.5919381557151,1734.7653230259525,Vsx_enh3_1,enh3,0.6850856600007684,0.683594795034032,-24.125417430398954,0.9678038051879672,0.7843088920692803,-100
87,27.82355940846507,208.80316165221825,788.5318714941357,2232.0,1.1512826294375471,999.6114227434982,894.6491585925548,2095.024477307496,Vsx_enh3_1,enh3,0.8387975195320205,0.4741129450987238,-20.503090630360845,0.9635166648705439,0.5144603476701131,-100
88,29.322147651006713,229.99249901302804,717.4086063955783,3364.0,1.5213046410498414,394.48322147651004,972.3260955388866,1423.8456375838925,Vsx_enh3_1,enh3,0.6185560400462138,0.4888104840062779,-25.795453434148854,0.7883826887699303,0.6687640704778983,-100
89,28.60298638559508,234.31269213877908,775.7527448397013,2688.0,1.2100534142557073,955.294246815986,1050.292490118577,890.0013175230566,Vsx_enh3_1,enh3,0.7764464734991319,0.41913274698551284,-21.780861447832095,0.882349922539159,0.4949853257596301,-100
90,26.983341499265066,238.49436550710436,742.5541401273886,2535.0,1.3218951370072995,359.2861342479177,1402.4419402253798,2033.4654581087702,Vsx_enh3_1,enh3,0.6802354034945561,0.44119121789636573,-26.34083626407245,0.8107835068107145,0.575380614163975,-100
91,26.84220779220779,413.03506493506495,860.5532467532468,1843.0,1.3952882786778011,924.7337662337662,1549.9175324675325,802.2136363636364,Vsx_enh3_1,enh3,0.8262444611878852,-0.13989984848837456,-23.29187360459703,0.8380047000170876,-0.16772934338036055,-100
92,28.28158844765343,423.1464672511604,871.4889118102114,2458.0,1.312859758052506,510.3140794223827,1371.0237235688498,1629.3666838576587,Vsx_enh3_1,enh3,0.8457030842064346,-0.17768126718241295,-21.329769042314112,0.8641668469362984,-0.2070868918069285,-100
93,25.727447216890596,426.83685220729365,899.5854126679462,760.0,1.3986976400192854,923.341650671785,1028.31669865643,2066.5892514395396,Vsx_enh3_1,enh3,0.9206645394216635,-0.21546868435923117,-21.65680100695272,0.9455421450617639,-0.22989825459596858,-100
94,27.42433234421365,464.398897838067,832.1954217888936,2706.0,1.4539185398287613,386.0224671470962,1226.519287833828,2140.6252649427724,Vsx_enh3_1,enh3,0.6936680146905632,-0.24796373852590314,-27.068205938989493,0.7366555030870874,-0.34331178779812466,-100
95,27.72480889506602,475.2001389854065,867.9228630993746,1729.0,1.2827505935341488,741.4614315496873,1301.9770674079223,2290.93467685893,Vsx_enh3_1,enh3,0.7816421603611863,-0.3122955063382121,-24.185883611939744,0.8417202326979807,-0.38010777399456497,-100
96,27.75230247212797,493.04362578768786,912.0,2474.0,1.5102775776997377,271.6970431410567,1197.4672806592341,1542.1182743577315,Vsx_enh3_1,enh3,0.8855576851036626,-0.4036490676041764,-21.145484056931295,0.9732137398454045,-0.4276778302805165,-100
97,29.21487341772152,253.725,728.0591772151898,3867.0,1.2808972216628067,311.4626582278481,886.554746835443,1445.4990506329113,Vsx_enh3_1,enh3,0.6234379336184193,0.41518314176096904,-25.921305184612947,0.7490339767172871,0.5875114525019677,-100
98,29.75945683802134,252.33899127061105,817.2095053346266,2362.0,1.2067904899722186,766.9641125121242,1172.922890397672,1568.692046556741,Vsx_enh3_1,enh3,0.8725764676361929,0.3298879798726546,-17.84326993741807,0.9328535636084138,0.3614524325694346,-100
99,28.91083046306927,282.63643321852277,749.8790662074244,3048.0,1.1999914299858725,550.7466513585916,1400.7753539992345,1853.6341370072714,Vsx_enh3_1,enh3,0.6540226885784468,0.3166652601688471,-25.5048593951757,0.7266516112781858,0.45091238766707753,-100
100,28.84412780656304,474.81778929188255,818.13298791019,2688.0,1.3891841607398108,463.2607944732297,1104.4624352331607,2082.0746977547496,Vsx_enh3_1,enh3,0.6433153198568335,-0.2616150855447056,-27.235542539925078,0.6944761001986056,-0.38624051106341883,-100
101,26.878021978021977,493.5923076923077,853.6065934065934,2135.0,1.4891668048935789,271.3868131868132,1130.614835164835,2070.6774725274727,Vsx_enh3_1,enh3,0.7228889046964004,-0.34681783006137945,-26.938143908571647,0.8017798798807846,-0.4473301263747965,-100
102,28.70362075401269,586.6715192235908,838.5121313923106,3025.0,1.2382378830196918,758.6659201194476,594.1709593131766,971.1735722284435,Vsx_enh3_1,enh3,0.5833281540267263,-0.57887916291927,-29.96782424206542,0.8218106962934608,-0.7815701291810437,-100
103,30.353676470588237,630.3658088235294,857.5790441176471,3267.0,1.1991882369507605,608.8915441176471,689.8389705882353,1146.9014705882353,Vsx_enh3_1,enh3,0.5903020306281173,-0.7139288255472478,-28.405355794255186,0.9263643210481237,-0.8799048352549287,-100
104,30.683369330453562,260.7641468682505,792.4393088552915,2752.0,1.1845759432753828,361.61684665226784,1307.5714902807774,1574.7317494600431,Vsx_enh3_1,enh3,0.7946716302867001,0.33222384197577526,-19.3263873779689,0.8613220542629026,0.3959814147063218,-100
105,30.377463581833762,321.0638389031705,848.7660668380463,2641.0,1.1935677512499392,795.0518423307626,1174.6443873179091,1610.665381319623,Vsx_enh3_1,enh3,0.8884448636617046,0.1159469275830356,-17.22305667257146,0.895978775297055,0.12977205589193616,-100
106,31.37087517934003,330.4601865136298,793.3665710186514,4051.0,1.725463232690574,615.9318507890961,1469.45193687231,1712.8041606886657,Vsx_enh3_1,enh3,0.7243568854711568,0.14626879418516303,-21.24507423515621,0.7389773052549423,0.19924985357550265,-100
107,28.995915588835942,335.1055139550715,827.8543226684819,1735.0,1.3139660106953206,1138.4826412525529,1343.8087134104833,2227.9530292716136,Vsx_enh3_1,enh3,0.8160409683357817,0.09956513028996827,-20.894001862551875,0.8220924991581291,0.12140988515198696,-100
108,29.320379575237233,371.0167193854496,764.5842747401717,2565.0,1.2788427698345475,294.40081337550833,1279.0646181653863,1490.5765928603705,Vsx_enh3_1,enh3,0.6025970809185801,0.06736639895193441,-27.262670946760565,0.6063509492359561,0.11133117568691472,-100
109,29.255360623781677,425.0978557504873,835.495126705653,3258.0,1.3068736773774345,595.7247563352827,1168.085380116959,1233.9890838206627,Vsx_enh3_1,enh3,0.7433355704141063,-0.14696069462053507,-23.456210560735258,0.7577237069052378,-0.19518725714787916,-100
110,29.39323467230444,440.03002114164906,818.5192389006343,2754.0,1.4360626912520318,399.50697674418603,956.6473572938689,1885.4109936575053,Vsx_enh3_1,enh3,0.6805273452955098,-0.1696620834082091,-25.318139388077043,0.7013577476875608,-0.24432888446308154,-100
111,28.97424467558197,475.45666171371965,882.8474492322932,2363.0,1.2669685338599594,316.93808816245667,988.589895988113,1902.4160475482913,Vsx_enh3_1,enh3,0.822522510428253,-0.32789298986843796,-21.699019585572785,0.8854699842264893,-0.3793361584467326,-100
112,29.02633118782914,527.2229373902867,933.4944411936805,2162.0,1.395752940814464,252.2340550029257,1726.0661205383265,1848.2685781158573,Vsx_enh3_1,enh3,0.9093090752277717,-0.5158555383689516,-19.387667850569215,1.0454424569327125,-0.516032015573442,-100
113,29.538659793814432,584.8645066273932,820.829528718704,3069.0,1.1755456524148142,679.4974226804123,633.8895434462445,959.0537555228277,Vsx_enh3_1,enh3,0.5358253183893851,-0.5564518810024476,-30.550954717187082,0.7724943156413826,-0.8042799191465997,-100
114,30.138073739653876,601.7050413844996,791.0041384499624,3048.0,1.27772828635266,654.5635816403311,577.67870579383,780.558690744921,Vsx_enh3_1,enh3,0.43517736885896907,-0.5714050794645276,-33.1051958841926,0.7182500311206943,-0.9199177098269483,-100
115,31.27713059472716,223.15205395462905,765.9110974862048,2084.0,1.29573925863984,1117.8976088289394,1052.8779889638258,1002.6302881667689,Vsx_enh3_1,enh3,0.7599940785986616,0.4585318990960454,-19.514826857571137,0.8876049244983123,0.5428689394448929,-100
116,31.93649373881932,300.75626118067976,771.567084078712,2657.0,1.2125228382849926,543.3501788908766,1359.3676207513417,1950.7889087656529,Vsx_enh3_1,enh3,0.6945837039428568,0.24686526390766472,-21.36886354887558,0.7371492252639076,0.34149044453776217,-100
117,30.576818181818183,350.4622727272727,770.1631818181818,2746.0,1.3983414751347858,482.0022727272727,1485.1627272727274,1816.3459090909091,Vsx_enh3_1,enh3,0.6392031281140143,0.1163403568596928,-24.7526637540915,0.6497043309267544,0.18003765244167988,-100
118,31.077883175237144,409.0044932601098,814.0064902646031,2335.0,1.279058412273868,378.03444832750876,1358.5002496255618,2161.63105341987,Vsx_enh3_1,enh3,0.6998834553300248,-0.08282858442555163,-22.825948481519703,0.7047676393270591,-0.11779833730112634,-100
119,31.064440538957236,435.54305799648506,877.8623315758641,2095.0,1.1470664560424861,495.1944932630346,1562.252489748096,1635.1581722319859,Vsx_enh3_1,enh3,0.849725674837637,-0.21700105305518436,-18.500751425603923,0.876996681581713,-0.25003365987013587,-100
120,29.770770163735598,448.12431776834444,847.7483323226197,2159.0,1.4853442741385965,332.68344451182537,1146.7701637355974,2212.634323832626,Vsx_enh3_1,enh3,0.7532383655538959,-0.22032454301116777,-22.80036763621061,0.7847999360317153,-0.2845647756772347,-100
121,31.248733535967578,478.38500506585615,794.2239108409321,2346.0,1.4495065065841488,925.549645390071,1380.5526849037487,1864.126139817629,Vsx_enh3_1,enh3,0.5724653730411566,-0.24726983219902743,-26.98514037634537,0.6235855781261188,-0.407732906374351,-100
122,31.250110083663586,502.0066050198151,902.0660501981506,2702.0,1.3004703770059651,287.1902245706737,1135.5239982386613,1620.3456627036549,Vsx_enh3_1,enh3,0.8476304289853991,-0.41759370825229847,-18.841170729708196,0.9449136729426014,-0.45775848211501297,-100
123,31.826707834812815,575.6703975299113,807.6217676572752,2927.0,1.214123992041751,718.1883442686221,622.8510227711308,878.3238131995369,Vsx_enh3_1,enh3,0.5080696030236045,-0.518906915675935,-29.027536755373433,0.7262224925275139,-0.7959504109000577,-100
124,29.616071428571427,608.219387755102,772.5110544217687,2666.0,1.352394159100681,692.7321428571429,594.3350340136054,826.6670918367347,Vsx_enh3_1,enh3,0.37711357731407436,-0.570234090150086,-35.42770367272318,0.683653104844785,-0.9864966311472321,-100
125,30.32809110629067,312.95281995661605,810.5569414316703,2136.0,1.203922383317207,593.234273318872,1294.3177874186551,1961.4316702819956,Vsx_enh3_1,enh3,0.7906962347786191,0.17560903608923328,-20.167125277830806,0.809962387552209,0.21854693091856722,-100
126,31.106392106392107,370.7794937794938,806.1359931359931,2627.0,1.284749197333588,811.5405405405405,1284.4045474045474,1749.8146718146718,Vsx_enh3_1,enh3,0.7178698553625464,0.026498121454214596,-21.98769121232256,0.7183587402397535,0.036895401666363355,-100
127,32.30137741046832,431.08870523415976,863.4104683195592,2286.0,1.3309723034202372,378.6022038567493,1200.310743801653,1700.4077134986226,Vsx_enh3_1,enh3,0.8138556642873236,-0.1907774837429933,-18.310703591266545,0.8359169160842894,-0.2302546018427565,-100
128,30.810641627543035,446.8732394366197,920.9154929577464,2266.0,1.3278888571477379,353.0725091288472,1247.6191966614501,1878.3646322378718,Vsx_enh3_1,enh3,0.9576661363617567,-0.2900371851169502,-15.575830790279099,1.0006228047994004,-0.29407706579509296,-100
129,33.74880821415475,462.54822148881556,874.016868353502,3162.0,1.182019955111827,342.000733406674,1009.8984231756509,1674.911624495783,Vsx_enh3_1,enh3,0.8101273133742766,-0.2849017677947183,-17.189442544009808,0.8587638098846381,-0.33816651323757796,-100
130,32.36025452765541,483.7425354870289,781.2819383259912,2507.0,1.2484543586737005,463.071953010279,1522.7498776309349,1820.932941752325,Vsx_enh3_1,enh3,0.5305920616801818,-0.248597589996285,-27.170691980515727,0.5859425719897701,-0.43815508112290713,-100
131,32.0217083529967,495.499292118924,790.4959886739027,2504.0,1.1765088196131124,389.5549787635677,1459.824445493157,1666.5847097687588,Vsx_enh3_1,enh3,0.5440364297325204,-0.28899599860501923,-27.18671072355562,0.6160311064271186,-0.48830047077596467,-100
132,31.208886618998978,553.0878447395302,779.5260469867211,2399.0,1.4141683977128496,492.4034729315628,1669.7247191011236,1912.3682328907048,Vsx_enh3_1,enh3,0.45368890066237944,-0.4309101078453791,-31.132105685407367,0.6257133046592143,-0.759653436295677,-100
133,32.0484934086629,557.7867231638418,847.9736346516007,2546.0,1.2427345405769252,326.4830508474576,772.2452919020716,938.3050847457627,Vsx_enh3_1,enh3,0.6388443003726108,-0.5117042439767053,-24.73197999667778,0.8185128425518698,-0.675340826774922,-100
134,31.315904139433552,217.1358024691358,731.3464052287582,1659.0,1.2898580698822057,938.0493827160494,907.0457516339869,1818.851851851852,Vsx_enh3_1,enh3,0.6701677773182444,0.508994719463959,-22.145827613539367,0.8415464777407546,0.6495556054178105,-100
135,32.70914696813978,236.40236382322712,757.6495375128469,2511.0,1.3878615643489944,485.11459403905445,784.1767728674204,1299.6438848920864,Vsx_enh3_1,enh3,0.7228111326278683,0.43157518534158457,-19.292042220164006,0.8418509809066003,0.5382687719276437,-100
136,33.29209370424597,255.40959004392386,693.367130307467,3154.0,1.2049960451914172,368.93997071742314,682.1101756954612,1458.2946559297218,Vsx_enh3_1,enh3,0.5241153181665603,0.4452557078204036,-24.838034866353468,0.6877132484426073,0.7042255984014087,-100
137,31.85144012127337,254.53107630116222,759.6361798888328,2454.0,1.352653328841036,430.09297625063164,901.4658918645781,1348.1237998989388,Vsx_enh3_1,enh3,0.709658594584623,0.38148351955244153,-20.676724256422602,0.805695349718453,0.49324160058712363,-100
138,33.76872964169381,283.7406351791531,806.325325732899,2892.0,1.2166194450460002,793.4609120521172,1190.5297231270358,1894.9417752442996,Vsx_enh3_1,enh3,0.8084600573134064,0.2573158538988012,-15.972604899275865,0.8484215420054264,0.30814102094099827,-100
139,32.40817382307294,299.15519917227107,808.5235385411278,2322.0,1.2917693162151904,685.6989136057941,1365.2798758406623,1989.8954992240042,Vsx_enh3_1,enh3,0.7988650717662504,0.21422738604042135,-17.73582240824105,0.8270905487416769,0.262000417584723,-100
140,33.03946821769838,422.32073120066474,806.9119235562941,2873.0,1.2744776571541376,335.3136684669713,1172.5396759451598,1012.616535105941,Vsx_enh3_1,enh3,0.6657305974280541,-0.11113463899246223,-21.98044650442941,0.6749430615510457,-0.16541106487543888,-100
141,30.740092165898616,450.7078341013825,937.5751152073733,1421.0,1.4874916654769954,335.72718894009216,1525.4562211981568,1570.9880184331798,Vsx_enh3_1,enh3,1.0,-0.31684019355416915,-14.395333086145627,1.0489936645430435,-0.3068340234139825,-100
142,33.55959237926451,452.7027027027027,800.8599911386797,2652.0,1.2440413537324309,424.4235711120957,1040.3190075321222,1022.1258307487816,Vsx_enh3_1,enh3,0.6170699827169881,-0.18575774070780038,-23.139227736566113,0.6444232318928379,-0.29240320983644125,-100
143,32.06089238845144,543.0215223097113,840.6745406824147,2197.0,1.3176886099751817,444.50341207349084,943.917060367454,807.0671916010499,Vsx_enh3_1,enh3,0.6339514489539104,-0.46522448500222346,-24.764262061989044,0.7863385155747787,-0.6330839292199347,-100
144,33.49529569892473,592.0097446236559,878.0877016129032,3486.0,1.2324152361862961,731.9667338709677,650.8511424731183,826.6424731182796,Vsx_enh3_1,enh3,0.6864656262479365,-0.6326315888461274,-22.080357307783103,0.9335190320641283,-0.744609525018133,-100
145,32.741523733546074,645.713601914639,795.7961707219785,2944.0,1.441136740025397,667.0925408855205,528.7518946948544,658.0682090147586,Vsx_enh3_1,enh3,0.40187671264986813,-0.6930614783031528,-31.803597244167975,0.8011486159745994,-1.0453193677394412,-100
146,32.416965352449225,188.14336917562724,805.0035842293906,1048.0,1.2420431611111735,1155.0704898446834,885.2461170848268,2267.1373954599762,Vsx_enh3_1,enh3,0.9048795495127928,0.5124349225897047,-13.752074375473654,1.0399021824267856,0.5152727866854777,-100
147,33.08625730994152,225.90009746588694,743.3518518518518,2497.0,1.4888441449804297,442.1340155945419,874.307992202729,1441.3947368421052,Vsx_enh3_1,enh3,0.6939147910390095,0.47371571437672255,-19.712555730340128,0.8401930226264444,0.5990010466200435,-100
148,34.051799824407375,256.36962247585603,716.1035996488148,2721.0,1.2916086118959174,322.75504828797193,698.8656716417911,1671.0684811237927,Vsx_enh3_1,enh3,0.5861137120320401,0.4200041033833011,-22.21021371894402,0.7210636104330795,0.6217746247945586,-100
149,34.13276434329066,282.79753437648174,779.8767188240872,3022.0,1.2830575457562035,575.8330962541489,1298.543385490754,1591.325746799431,Vsx_enh3_1,enh3,0.7358154606743785,0.2862061854768474,-17.793699061381858,0.7895178102947744,0.37095707487392926,-100
150,33.85093833780161,324.1463806970509,777.8504021447721,2294.0,1.5037238132807047,968.9072386058981,1213.4187667560323,1961.992493297587,Vsx_enh3_1,enh3,0.6871263472062474,0.1784676803848697,-19.835007985824333,0.7099248762840732,0.2541156211562872,-100
151,33.990171095740806,490.5322169639607,841.9366581725519,3125.0,1.3102586245358152,338.3127047688387,1070.7368037859483,2115.497997815799,Vsx_enh3_1,enh3,0.6916848309328616,-0.3271799843321386,-20.718123378025908,0.7651631508967219,-0.4418306800265448,-100
152,34.19883303411131,510.3500897666068,783.9928186714542,2647.0,1.3732125978257932,483.0031418312388,1611.802513464991,879.0224416517055,Vsx_enh3_1,enh3,0.5098677057579595,-0.32196987654436704,-26.1359850802704,0.6030171463373825,-0.5632435874699926,-100
153,33.99032258064516,514.9666666666667,929.3,2187.0,1.3201156041723208,270.97795698924733,1419.0397849462365,1815.5327956989247,Vsx_enh3_1,enh3,0.9090702362772498,-0.4792255505838262,-14.325444808950309,1.0276506326653754,-0.48513885662280715,-100
154,33.04236343366778,559.5953177257525,830.9013377926422,2221.0,1.5026751874218083,310.65942028985506,792.2541806020067,1870.9604236343366,Vsx_enh3_1,enh3,0.5892228860839421,-0.499487015600645,-25.244820363731378,0.7724447476931469,-0.703160019744323,-100
155,34.51627003399709,628.3909664885867,799.6124332200097,2344.0,1.2071280163957878,709.5225837785333,837.1447304516755,1217.2170956775133,Vsx_enh3_1,enh3,0.4300688974278224,-0.6509173650308783,-29.049758377761847,0.7801619528235945,-0.9869275400685105,-100
156,35.15216030056356,185.29805886036317,766.7639323731997,1843.0,1.196096770814299,877.2016280525986,726.9987476518472,1533.186599874765,Vsx_enh3_1,enh3,0.8007883712622421,0.558097645495075,-14.128593554702277,0.9760814502161081,0.6086661238009083,-100
157,33.72712418300654,221.18872549019608,781.8218954248366,1471.0,1.3040014223563992,1191.4460784313726,866.2271241830065,2221.9795751633987,Vsx_enh3_1,enh3,0.80560208149386,0.4478209981437149,-15.664365585063962,0.9217040523322402,0.5073491572009984,-100
158,34.538240917782026,284.3895793499044,763.6610898661568,2594.0,1.4252721793239225,865.4302103250478,1143.610898661568,1836.2839388145314,Vsx_enh3_1,enh3,0.68896311215333,0.2981542415741545,-18.81218860468813,0.7507104113282705,0.4084232797956129,-100
159,33.83716075156576,335.1670146137787,804.3089770354906,1270.0,1.3448015992328757,1099.4540709812109,1181.5594989561587,1977.1837160751566,Vsx_enh3_1,enh3,0.7491900348035025,0.12280884332301945,-18.051980801317498,0.7591888567722864,0.16247715692440154,-100
160,34.710743801652896,352.4405991735537,787.4705578512396,2287.0,1.360270549050216,506.5485537190083,1330.1668388429753,1841.2871900826447,Vsx_enh3_1,enh3,0.684119466174439,0.09374110851568096,-19.25987535502361,0.6905120125128512,0.1361764280285293,-100
161,36.33692142088267,359.96501614639396,761.7438105489774,2668.0,1.382957558166385,320.69214208826696,1334.0312163616793,1659.2497308934337,Vsx_enh3_1,enh3,0.6043021154188148,0.09940970186427545,-20.089361488500714,0.6124241467515783,0.16304306013585965,-100
162,35.902057926829265,525.2210365853658,802.936737804878,3089.0,1.3922557777163749,352.2797256097561,894.109375,968.2065548780488,Vsx_enh3_1,enh3,0.5465522641589882,-0.38038253727819693,-23.422115017159186,0.665890570682237,-0.6080143651150914,-100
163,33.36252091466815,619.4210819854992,757.9012827663134,2088.0,1.3986577758025565,349.111544896821,970.0457334076966,1038.5839375348578,Vsx_enh3_1,enh3,0.3237836958584064,-0.5854601980159251,-33.354375424614815,0.6690287924780033,-1.06562110856972,-100
164,36.25796661608498,221.62215477996966,668.5351542741528,2326.0,1.321033111151124,871.1841173495195,592.9438543247345,1496.3105715730906,Vsx_enh3_1,enh3,0.48951221278501866,0.5596742780312016,-22.669255811486323,0.7435438816609495,0.852171571110407,-100
165,34.30804749340369,244.91754617414247,740.8944591029024,1836.0,1.4909127935612068,329.1088390501319,971.8792875989446,992.3746701846966,Vsx_enh3_1,enh3,0.6669094296371927,0.4256612048680952,-19.433802343859327,0.7911735894661577,0.5680773886726029,-100
166,34.31207482993197,275.5833333333333,792.2414965986394,1673.0,1.3207063311887581,923.4855442176871,1384.905612244898,929.6938775510204,Vsx_enh3_1,enh3,0.7776664324520748,0.2930148987881953,-16.2998510274178,0.8310371899467519,0.3603367681242549,-100
167,36.382290336313325,332.94806300553427,743.5789697743721,2701.0,1.3184437732824041,360.649638143891,1429.8752660706684,1923.9186888037464,Vsx_enh3_1,enh3,0.5819733775179368,0.1892557867827147,-20.529482515866604,0.611972846595647,0.3144097427157659,-100
168,35.90460704607046,334.7490514905149,817.9387533875339,2166.0,1.2247634806682441,1069.818970189702,1250.439024390244,2280.3392953929538,Vsx_enh3_1,enh3,0.7869496908039029,0.11027889331884455,-14.833328347373993,0.794639069117538,0.13922796801852058,-100
169,34.4099706744868,417.9102639296188,878.6551319648094,2010.0,1.3051005799150082,617.9049853372434,1649.0058651026393,2035.3302052785923,Vsx_enh3_1,enh3,0.8694046413102261,-0.17104539359874138,-14.42466829990687,0.8860705146900619,-0.1942575758935423,-100
170,35.6600580270793,417.19197292069634,791.5575435203094,2503.0,1.2811870316601506,328.51063829787233,1259.6639264990329,1731.4410058027079,Vsx_enh3_1,enh3,0.6276750585974809,-0.08224565592769228,-20.462461414160373,0.6330405414381668,-0.13028993447809958,-100
171,36.379466119096506,497.53675564681726,771.2468172484599,2913.0,1.332379616320584,429.4722792607803,1390.4813141683778,760.3741273100616,Vsx_enh3_1,enh3,0.48720061688983396,-0.27527603206756923,-24.541542295637896,0.5595903277655004,-0.514298495754201,-100
172,35.89158492514197,546.097057305111,802.2044398554466,2295.0,1.3322499000663062,318.4026845637584,1130.715539494063,883.1605575632422,Vsx_enh3_1,enh3,0.5227423924156374,-0.4350696366517457,-24.297068869237577,0.680106754535423,-0.694118121038073,-100
173,37.57560483870968,582.9149865591398,764.3272849462365,3410.0,1.2627486479606338,366.41229838709677,956.5036962365591,1850.509744623656,Vsx_enh3_1,enh3,0.3785727571354285,-0.4950404054021683,-27.215622569040292,0.6232032857951435,-0.9179338301345384,-100
174,35.73606370875996,613.2889647326507,849.5153583617747,2141.0,1.2422400483213476,864.7895335608646,745.7252559726962,1161.1740614334472,Vsx_enh3_1,enh3,0.5842202020354512,-0.6606485484602875,-23.065834010694317,0.8819125518151039,-0.8467159012087642,-100
175,36.72268907563025,195.3157262905162,682.4279711884753,1953.0,1.2466795667149881,1185.1740696278512,590.4387755102041,2012.9291716686675,Vsx_enh3_1,enh3,0.5554489756488807,0.615635631138532,-20.02852140277625,0.8291747673902828,0.8367469283593472,-100
176,36.39973082099596,226.58681022880216,710.9185733512786,1748.0,1.3344498918775276,429.01547779273216,1323.0773889636607,1708.521534320323,Vsx_enh3_1,enh3,0.602122353006084,0.5041972989128858,-19.161803209329634,0.7853446658764756,0.6971139959192303,-100
177,36.469208211143695,241.49325513196482,708.1542521994135,2057.0,1.3317459703273733,321.81055718475073,729.3560117302053,1474.7718475073314,Vsx_enh3_1,enh3,0.5788685927625674,0.4673835132462696,-19.898058624427833,0.7440001318154057,0.679242118531846,-100
178,35.49663608562691,244.90152905198778,783.3743119266055,1928.0,1.3146176746395877,1026.068501529052,1230.074006116208,2064.08623853211,Vsx_enh3_1,enh3,0.7846957808706478,0.38329051938360514,-14.684305229153182,0.8733035501848997,0.45437102339891444,-100
179,36.99581589958159,515.1705020920502,823.0554393305439,2306.0,1.3394652808162664,375.94612970711296,1040.4466527196653,1067.6448744769875,Vsx_enh3_1,enh3,0.6126671208802914,-0.3737990358713673,-20.257823402822638,0.7176954230215693,-0.5478257678024872,-100
180,35.55524397083567,592.9842961301177,896.6186203028603,2085.0,1.4486465840249816,392.93213684800895,606.1379697139653,1331.9248457655638,Vsx_enh3_1,enh3,0.7364001483891036,-0.6537489323425664,-18.511381480702397,0.9847196784296226,-0.7260131408791487,-100
181,35.755341144038596,636.2219159200552,871.8821502412129,1747.0,1.411758682259316,266.0234321157822,612.7008959338388,1272.8166781529978,Vsx_enh3_1,enh3,0.622473062268132,-0.7438475110353173,-22.051565271511947,0.9699390872229566,-0.8739986619678294,-100
182,37.71813587871982,264.20044918585063,782.1953958450309,2089.0,1.2077340852711391,432.6934306569343,1208.8966872543515,1536.9517125210557,Vsx_enh3_1,enh3,0.7606764754638209,0.33319456052267915,-13.31363630917835,0.8304500680269478,0.4128501822110179,-100
183,38.1951604418727,324.08311415044716,796.7122567069963,2452.0,1.4389854098405237,600.1767490794318,1347.3429773803261,1787.4955286691215,Vsx_enh3_1,enh3,0.7384361550211005,0.1597329856496268,-13.923816224624261,0.7555147793040786,0.21303035058327238,-100
184,34.763565891472865,374.64857881136953,792.2506459948321,932.0,1.4004853532055623,961.8875968992248,1591.8720930232557,814.9263565891473,Vsx_enh3_1,enh3,0.6742274749641628,0.030016093619521067,-19.66038342986967,0.6748952910435267,0.04448986139490068,-100
185,36.244140625,407.8544921875,868.216796875,1214.0,1.289128882104453,1085.724609375,1359.5439453125,2201.5126953125,Vsx_enh3_1,enh3,0.8503715631974222,-0.13396831633866568,-13.087602989152856,0.8608596315761613,-0.1562566453173904,-100
186,37.234726688102896,454.78043178686266,850.2838768948094,2594.0,1.4149499241770849,315.5429490124024,1093.054203031695,2041.267340376665,Vsx_enh3_1,enh3,0.7512940956776097,-0.24066195424559067,-15.411529739463546,0.7888985957785349,-0.3100021620357332,-100
187,37.93320878094348,464.197104156936,789.7781410555815,2483.0,1.3567310376380475,387.2078468005605,1278.1219056515647,889.33815973844,Vsx_enh3_1,enh3,0.5730703160051682,-0.20529300943303486,-20.156569893655288,0.6087321305864637,-0.34399091076924354,-100
188,37.52953054013125,550.7748611812216,768.1943462897526,2401.0,1.445017341251721,820.6042402826855,1612.8965169106511,2004.6415951539627,Vsx_enh3_1,enh3,0.42286316047410044,-0.41357848615945425,-25.700561236601885,0.591489997125979,-0.7742984135888437,-100
189,38.79428323949762,599.2247726288437,853.8124729320052,2823.0,1.3677167537885322,929.2589865742746,713.7033347769598,1373.4352533564313,Vsx_enh3_1,enh3,0.6099976336304416,-0.6276579081981644,-19.118992084872872,0.8752437162061969,-0.7996663305287018,-100
190,37.33780011166946,636.5443886097153,814.9570072585147,2073.0,1.3849210432145314,337.05806811836965,692.0558347292016,1725.5829145728644,Vsx_enh3_1,enh3,0.46344739574610294,-0.6879262811198237,-25.266044483621585,0.829473361163091,-0.9779488242728128,-100
191,37.125,187.14318181818183,727.2102272727273,1083.0,1.55075426491525,1091.8113636363637,1008.3590909090909,2143.5613636363637,Vsx_enh3_1,enh3,0.6883605801435209,0.5926343868058523,-15.554933958449212,0.9083258251972545,0.7108087986015187,-100
192,37.12220566318927,204.9694485842027,725.2771982116244,1568.0,1.323524481032145,998.849478390462,923.6870342771982,1033.2026825633384,Vsx_enh3_1,enh3,0.6643918742232238,0.5472413349390539,-16.40570171086634,0.8607494648268599,0.6890096620794388,-100
193,37.00921052631579,222.1013157894737,756.7592105263158,1045.0,1.3956170511779866,1112.9355263157895,1086.0407894736843,991.8907894736842,Vsx_enh3_1,enh3,0.7340732488873503,0.4703483142987921,-14.534935274485534,0.8718320202285214,0.5698362680641166,-100
194,39.40300107181136,220.88049303322614,768.9308681672026,2484.0,1.3094479999295172,1119.7952840300106,880.341907824223,1791.2272240085745,Vsx_enh3_1,enh3,0.7685271455900031,0.4613987180354493,-11.08282898689761,0.8963943052660888,0.5406896741358898,-100
195,38.87294384571753,341.84004537719795,789.6488939307998,2098.0,1.4669775252003259,526.4492342597845,1316.0391378332388,1750.6795235394216,Vsx_enh3_1,enh3,0.7000902889500853,0.11963108014113022,-14.524839056778433,0.7102379939273508,0.16924483136202695,-100
196,38.82760444209413,348.89423585404546,734.5832892649391,2220.0,1.4295175463719612,378.74986779481753,1352.3453199365415,1947.3135906927553,Vsx_enh3_1,enh3,0.5396590526805869,0.15585646337775172,-19.463048532135716,0.5617144562112755,0.28115516763930304,-100
197,38.06658946149392,508.78401852924145,839.2605674580196,1981.0,1.3681966505102725,379.89924724956575,1281.8181818181818,1859.6942675159235,Vsx_enh3_1,enh3,0.6640861916296701,-0.37303638795107297,-17.58583696332603,0.7616866919204919,-0.5118034853080945,-100
198,37.57386363636363,535.8402777777778,764.8604797979798,1971.0,1.5564707027954423,389.5246212121212,1432.0473484848485,553.5227272727273,Vsx_enh3_1,enh3,0.42916175747052043,-0.37060662875247063,-25.361724925794604,0.5670353492953129,-0.7123134583351609,-100
199,37.528,540.9322352941176,857.4569411764705,2384.0,1.347247428749566,425.93458823529414,804.6917647058824,1727.5647058823529,Vsx_enh3_1,enh3,0.681285344426912,-0.4765264389852283,-17.831573787124583,0.8314007262342502,-0.6103581261077239,-100
200,38.47845468053492,564.9078751857355,860.2020802377415,2309.0,1.3433216736152538,349.92521050024766,903.2575532441803,2215.419019316493,Vsx_enh3_1,enh3,0.6636456320887878,-0.5429297813524636,-17.577076939386885,0.8574370370295189,-0.6856816632586692,-100
201,39.06372239747634,212.66813880126182,712.9135646687697,1862.0,1.249689295136153,852.2233438485805,893.9104100946372,898.5930599369085,Vsx_enh3_1,enh3,0.6214562367968843,0.5391062296824847,-15.80632242943841,0.822704917413412,0.7145599123879824,-100
202,39.665097511768664,238.47679892400808,661.9979825151312,1733.0,1.3860155101120801,1030.6859448554135,546.6724949562878,1812.6805648957634,Vsx_enh3_1,enh3,0.45282083947322116,0.5213921810354458,-20.47371576400289,0.6905769465498626,0.8556686646276261,-100
203,38.36241610738255,284.40995525727067,750.6163310961969,2204.0,1.4317932158587634,422.98937360178974,1468.923937360179,1941.5620805369128,Vsx_enh3_1,enh3,0.6516265443095601,0.31104718814176957,-16.099988478797627,0.7220578276701393,0.44535555109647734,-100
204,38.83090379008746,285.10398445092324,791.8833819241983,1582.0,1.4060364100126548,998.935860058309,1367.9455782312925,1088.8522837706512,Vsx_enh3_1,enh3,0.765498321920917,0.26801514730023435,-12.196622252666103,0.8110609101948548,0.3367804102688058,-100
205,38.75316455696203,299.123417721519,758.2822784810127,1853.0,1.293251165938627,786.7113924050633,1040.3746835443037,1760.2727848101265,Vsx_enh3_1,enh3,0.6574825196870804,0.26433125204826546,-15.633500320277761,0.7086284460162997,0.3822598053940346,-100
206,38.885844748858446,463.54737442922374,805.4577625570777,2130.0,1.419784985747978,395.07876712328766,1356.8019406392693,1074.5445205479452,Vsx_enh3_1,enh3,0.6170765741014399,-0.21923271773042696,-17.867005330222497,0.6548637131710986,-0.3413676058280219,-100
207,39.16053511705686,494.25752508361205,808.4199713330148,2446.0,1.3211127877357727,391.0023889154324,1164.57668418538,1915.4615384615386,Vsx_enh3_1,enh3,0.5932007753711308,-0.3037178340588592,-18.52623221445822,0.6664320540207498,-0.4732001723082828,-100
208,37.570093457943926,504.65233644859813,867.5601246105919,1855.0,1.4188911911461748,655.6230529595016,1196.9071651090342,2308.371339563863,Vsx_enh3_1,enh3,0.7472066835089279,-0.3902997084503408,-15.546068722693065,0.8430015956668363,-0.48136343021159134,-100
209,38.35294117647059,550.1283422459893,786.1098687408847,2538.0,1.4016847989680714,360.16577540106954,1308.1239669421489,2396.280991735537,Vsx_enh3_1,enh3,0.4731174727783596,-0.42975557403427045,-23.35213255787795,0.6391635130869934,-0.7374084641385308,-100
210,38.23710762331839,675.396860986547,804.7152466367713,2168.0,1.4264014428448417,701.7477578475336,558.0257847533633,590.7791479820628,Vsx_enh3_1,enh3,0.3941986726644322,-0.7808613094983144,-26.72476270869025,0.8747210859478709,-1.1032958027652804,-100
211,40.514629948364885,195.2122776821572,715.2621916236374,2016.0,1.3184527640399017,507.4182444061962,700.8703384968445,1423.100975329891,Vsx_enh3_1,enh3,0.6457962348623614,0.583074555346043,-13.492994035137599,0.8700739704498623,0.7344023225328447,-100
212,40.236565420560744,241.0426401869159,755.0245327102804,2002.0,1.3508390371293861,556.508761682243,837.8586448598131,1025.4859813084113,Vsx_enh3_1,enh3,0.7086056853022127,0.4217376923130709,-12.195596948656231,0.8246118470893884,0.5368571746523635,-100
213,38.99487179487179,255.3058275058275,761.3524475524475,2687.0,1.4536722726290632,452.65780885780885,1065.8088578088577,1581.8382284382285,Vsx_enh3_1,enh3,0.7116598941624379,0.3775824169883182,-13.449559249143405,0.805622918354507,0.48780021420358555,-100
214,38.665217391304346,309.6208695652174,804.5808695652174,1420.0,1.3475959052242443,1020.9626086956522,1172.72,2134.8539130434783,Vsx_enh3_1,enh3,0.7752685521272744,0.19026398526750432,-12.239011116041809,0.7982742085320016,0.24066050380019968,-100
215,41.145319049836985,313.4666977177457,773.044713553796,2469.0,1.4154398277269933,543.462040055892,1126.2668840242197,1635.455985095482,Vsx_enh3_1,enh3,0.682903583227167,0.21147941121741232,-12.564300230335078,0.7148991854474082,0.3003107993376288,-100
216,39.73638814016172,393.2797843665768,829.6463611859838,2132.0,1.364011323263789,886.3159029649596,1192.3741239892183,1896.2700808625336,Vsx_enh3_1,enh3,0.7573884567940168,-0.056852276636046306,-12.286857133867244,0.7595192267767313,-0.07492305551770145,-100
217,39.98942598187311,441.6691842900302,837.6344410876133,2369.0,1.448321395401599,798.22306143001,1268.9869083585095,1630.482880161128,Vsx_enh3_1,enh3,0.7290485761567214,-0.19328421170532772,-13.22590767922631,0.7542351177787286,-0.2591563833990543,-100
218,40.524049217002236,646.3534675615213,871.4888143176734,2029.0,1.2554934184124091,280.4569351230425,638.4345637583892,1291.4602908277404,Vsx_enh3_1,enh3,0.6095011459698656,-0.7704384363844864,-17.72598107134654,0.9823782526080022,-0.9014999960118699,-100
219,40.464071856287426,670.9066866267465,732.1412175648702,2353.0,1.4325754268053525,720.3423153692614,812.5988023952095,975.9670658682635,Vsx_enh3_1,enh3,0.1965116713581352,-0.6965599197345891,-30.425779462707084,0.723748961146491,-1.2958252435441306,-100
220,40.01787043931497,224.97915115413255,656.8004467609828,1553.0,1.3691051708830573,497.61653015636637,1049.7915115413255,1028.2792256142964,Vsx_enh3_1,enh3,0.45235469048279575,0.5624036047354475,-20.039452679324242,0.7217496661732594,0.8934243834388779,-100
221,42.02813852813853,247.45454545454547,699.7916666666666,2159.0,1.3580884449046118,340.9237012987013,738.0313852813853,1467.719155844156,Vsx_enh3_1,enh3,0.5478749801842253,0.45980114050806664,-15.294070582310482,0.7152510627216042,0.6982167893904512,-100
222,41.25870380289234,271.43063738618105,795.2940546331013,2358.0,1.3551320218668033,542.1162292447777,1236.4059989287628,1728.666845206213,Vsx_enh3_1,enh3,0.7885768239346191,0.30086445919294613,-8.966942094336332,0.8440218184693303,0.3644818845529682,-100
223,41.36517085220255,268.7900370522849,717.3569370111156,2881.0,1.3167540877272599,321.8719637710992,680.2346644709758,1594.1313297653355,Vsx_enh3_1,enh3,0.5746331406356555,0.3856469309490349,-15.300677186290514,0.692045375439506,0.5910783121210633,-100
224,41.57600465928946,332.55445544554453,752.2020966802562,2206.0,1.4274128274664388,380.6161910308678,1376.733255678509,1900.8048922539313,Vsx_enh3_1,enh3,0.6049303197915714,0.18159973900874893,-14.619064129530855,0.631600472617919,0.29163975049271157,-100
225,39.87371007371007,431.53169533169535,870.804914004914,2355.0,1.4834916193609824,409.1921375921376,1423.3572481572483,1763.893366093366,Vsx_enh3_1,enh3,0.8318708643208794,-0.1994721331670889,-10.167133100365831,0.8554520832964263,-0.23534392878746302,-100
226,40.46457142857143,426.68,811.144,2117.0,1.4800008823566562,340.7674285714286,1244.6982857142857,1788.3011428571428,Vsx_enh3_1,enh3,0.6709094049503099,-0.12706705939863583,-14.399549119701533,0.6828363400076152,-0.1871782097421346,-100
227,40.384772263766145,502.3426240652617,823.8660774983005,2003.0,1.5842427572929045,808.1080897348743,1375.3745751189667,2341.197144799456,Vsx_enh3_1,enh3,0.6273714791315148,-0.34061724125916637,-16.321838925466537,0.7138732925881665,-0.49739707284636214,-100
228,40.895114942528735,509.2667624521073,791.867337164751,2437.0,1.4444072419522611,461.79597701149424,1585.6499042145595,1082.8817049808429,Vsx_enh3_1,enh3,0.5310503097608101,-0.32707563743739376,-18.765715932923925,0.623692956591727,-0.5520311076301057,-100
229,41.46635294117647,536.651294117647,813.2004705882352,2488.0,1.5285501703033149,708.3463529411765,919.1623529411764,1213.3421176470588,Vsx_enh3_1,enh3,0.5616342741674054,-0.42107056477983673,-17.459844325583305,0.7019497691740906,-0.6433242974562473,-100
230,41.58565459610028,671.9958217270195,791.3788300835655,1677.0,1.26126457771636,423.0766016713092,1177.6462395543176,1082.357938718663,Vsx_enh3_1,enh3,0.359750971265828,-0.7585859582240103,-24.37902264013485,0.8395673989271776,-1.1279691618641914,-100
231,41.66236679753225,699.3690409422322,847.1643297812675,2026.0,1.2657459929421127,342.36287156477846,517.7324733595065,1222.4985978687605,Vsx_enh3_1,enh3,0.4862618129029628,-0.8869222708677353,-20.673513912480686,1.011474994870786,-1.0692918895248231,-100
232,40.96875,245.74421296296296,720.2112268518518,2043.0,1.3834052083959687,378.1452546296296,781.5758101851852,1547.322337962963,Vsx_enh3_1,enh3,0.6067174412345335,0.44398398666699057,-14.56931026884034,0.7518163565092835,0.6317382902997393,-100
233,40.84571428571429,301.3390476190476,814.7723809523809,1389.0,1.3622785073330073,1152.6295238095238,1245.915238095238,2329.421904761905,Vsx_enh3_1,enh3,0.8116418389802811,0.20203866460769437,-8.893858744121161,0.8364102443058388,0.24396747792907614,-100
234,41.61996280223187,363.53068815871046,766.315561066336,1933.0,1.5397385509758983,382.0037197768134,1160.2715437073775,1344.0223186608803,Vsx_enh3_1,enh3,0.611841359005463,0.0852845229264434,-14.582339351161679,0.6177566660429031,0.13849754689366897,-100
235,42.786178381571176,361.1393975191967,750.4300059066745,1963.0,1.3484848528289013,323.695806261075,1173.0307147076196,937.8535144713526,Vsx_enh3_1,enh3,0.5698529438292201,0.1074634372812846,-14.662404000470062,0.5798972046346981,0.18639203075514033,-100
236,41.314115308151095,413.25646123260435,801.5381047051027,1786.0,1.3459110240768914,360.88005301524186,1396.7455268389663,2096.278992710404,Vsx_enh3_1,enh3,0.6579740638798888,-0.0818623603964781,-13.843484992228966,0.6630469928959024,-0.12377972726093824,-100
237,42.001938923897235,524.5477460009695,785.1357246728066,2450.0,1.4759182684229384,447.6335433834222,1046.5748909355307,900.8889966068832,Vsx_enh3_1,enh3,0.4960916939717124,-0.3609437944150997,-18.816441354418885,0.6135041903316496,-0.6289938027578946,-100
238,40.8941504178273,554.558217270195,823.2729805013928,2140.0,1.6693214433331507,393.741504178273,919.9091922005571,1921.8802228412255,Vsx_enh3_1,enh3,0.5711137950695311,-0.4786477367450124,-17.87305611710005,0.7451675132544662,-0.6975419914177431,-100
239,42.29120879120879,607.9871794871794,882.6478937728938,2485.0,1.3648314744934693,367.8397435897436,872.8992673992674,1608.4459706959708,Vsx_enh3_1,enh3,0.6800605945480336,-0.6797586268666467,-13.553896129622473,0.9615374163581227,-0.7851760988232256,-100
240,41.46783088235294,610.7509191176471,744.6213235294117,1286.0,1.3923221354899922,333.25827205882354,657.3051470588235,1915.8106617647059,Vsx_enh3_1,enh3,0.2936830961403316,-0.5493413475448297,-26.064757240285815,0.6229170707894757,-1.079845981616681,-100
241,41.62108559498956,660.4718162839248,887.7379958246347,1171.0,1.475781610477488,261.7244258872651,595.3496868475992,1435.3987473903967,Vsx_enh3_1,enh3,0.6396457578161627,-0.8241529308866494,-15.812930809514526,1.0432520064592579,-0.910783742055034,-100
242,42.08513853904282,685.2493702770781,720.1445843828716,2334.0,1.4204021360320078,820.2513853904283,615.448362720403,859.5012594458439,Vsx_enh3_1,enh3,0.14775360460323372,-0.7226926797958012,-30.37026143333172,0.7376420792658762,-1.3691268190913946,-100
243,43.3317043372022,234.658521686011,730.7220525351253,1973.0,1.2676458977365386,515.7660354306659,832.4160048869884,1237.8405620036654,Vsx_enh3_1,enh3,0.6468531986978672,0.4628798819306359,-10.907819614149787,0.7954098602367096,0.6211107631451452,-100
244,43.05647985989492,286.85683012259193,738.0915061295972,2792.0,1.4543408349411275,429.18563922942207,1440.6234676007005,1855.1361646234675,Vsx_enh3_1,enh3,0.6129653033174631,0.3169637912492067,-12.571319876865175,0.690067031551385,0.4772331074990171,-100
245,42.0933257918552,341.92986425339365,764.1566742081448,2183.0,1.4205079244858299,539.3207013574661,1311.1340497737556,1605.9372171945702,Vsx_enh3_1,enh3,0.6282425526569415,0.14477232534829,-13.461250256381575,0.6447074771985052,0.22648640979560736,-100
246,42.68116536725482,362.8440705785802,725.6832170701682,2771.0,1.3652978912498224,371.4620434961018,1214.0627821091507,1840.7390233894132,Vsx_enh3_1,enh3,0.4993062623632958,0.1276352950624413,-16.909562609094777,0.5153615354107065,0.25026598152489743,-100
247,42.64965596330275,391.45470183486236,771.0911697247707,2013.0,1.350128960224422,412.1227064220183,1384.7047018348624,1681.0940366972477,Vsx_enh3_1,enh3,0.5957059243889276,0.006372020481572482,-14.230410363004026,0.5957400028511467,0.010696179465295944,-100
248,42.26167209554832,425.9071661237785,828.1080347448426,2124.0,1.3428138672441685,647.1596091205212,1321.2296416938111,1646.5466883821932,Vsx_enh3_1,enh3,0.7183828934108087,-0.14197728072257865,-11.156589287865742,0.7322783144315168,-0.1951200586551031,-100
249,41.82955715756952,468.03192584963955,858.9685890834191,2283.0,1.4559899062643875,355.57723995880536,1069.0288362512874,2075.4593202883625,Vsx_enh3_1,enh3,0.7603527664125069,-0.2845910797176021,-10.617171017108674,0.8118672379434848,-0.35814649360994805,-100
250,44.07872784150156,552.6360792492179,774.8211678832117,2444.0,1.6213591825447884,394.2429614181439,1513.6350364963503,2119.3649635036495,Vsx_enh3_1,enh3,0.4375458833491237,-0.42525311086854856,-18.694740095360743,0.610152938482757,-0.771151576552531,-100
251,44.11493461803166,562.8967653131452,754.109772883689,3331.0,1.3760313644183424,666.427047487956,1555.034067446662,775.0715760495526,Vsx_enh3_1,enh3,0.36925376338714333,-0.4318238672058001,-20.791722690403034,0.5681726797938642,-0.8633473199745971,-100
252,41.84254431699687,724.5119916579771,691.2554744525547,1114.0,1.4679000985371389,437.80917622523464,986.8998957247132,602.148070907195,Vsx_enh3_1,enh3,0.026550093419826837,-0.7980869715496881,-34.546869193498424,0.7985284726407407,-1.5375414228866147,-100
253,43.139028475711896,193.9932998324958,697.7613065326633,1410.0,1.4337256727848147,1035.5653266331658,656.3458961474037,1660.1566164154103,Vsx_enh3_1,enh3,0.5976937542686078,0.6037264863346492,-12.301776701127253,0.849543109084927,0.790419454999039,-100
254,44.00210970464135,220.71835443037975,737.8560126582279,2214.0,1.310714478110276,811.5137130801688,1149.665611814346,1664.6387130801688,Vsx_enh3_1,enh3,0.6810435954161629,0.49275438685513673,-9.10526521074354,0.8406112446442505,0.6263429330488604,-100
255,43.57308584686775,229.36117556071153,756.4485692188708,1538.0,1.3388069248419954,1036.7347254447022,802.6589327146172,1962.9172467130704,Vsx_enh3_1,enh3,0.7238338348032014,0.4512650336718891,-8.304441890153711,0.852980393104554,0.5574748086333533,-100
256,44.08870967741935,275.210752688172,754.9354838709677,2213.0,1.3812702607882574,607.7301075268817,1357.068817204301,1619.2209677419355,Vsx_enh3_1,enh3,0.6716575638888225,0.3310518961096591,-9.681766200643395,0.7488118862884511,0.4579417704041544,-100
257,43.94260485651214,290.3318616629875,810.083885209713,1705.0,1.4399013802474843,1036.6328182487123,1385.3576158940398,2471.140544518028,Vsx_enh3_1,enh3,0.8092392830160247,0.23588025434970628,-5.780278200182707,0.8429161948665904,0.2836256997385556,-100
258,45.11157517899761,336.7326968973747,727.2350835322196,2011.0,1.3735637677090968,305.79236276849645,1333.398568019093,1878.4284009546539,Vsx_enh3_1,enh3,0.5301912640926478,0.1953578200640731,-13.354826283191642,0.5650375689990416,0.3530305702404204,-100
259,42.20808254514188,426.8030954428203,843.7644024075666,1412.0,1.4275276229918068,1083.1822871883062,1429.0902837489252,624.0928632846088,Vsx_enh3_1,enh3,0.760988485703866,-0.15997837651574964,-9.930362892518502,0.7776223738592389,-0.20720714257918707,-100
260,43.90237348858039,429.19301388266905,794.5467980295566,2637.0,1.304402358003978,435.9278996865204,1360.30855351545,1914.4988804299148,Vsx_enh3_1,enh3,0.6212027745216837,-0.11723897674782047,-12.466118657565119,0.6321691741474854,-0.18653494295779385,-100
261,43.75824587706147,446.8808095952024,770.1596701649175,3117.0,1.4054806775374011,328.1776611694153,1248.5798350824587,1800.3714392803597,Vsx_enh3_1,enh3,0.534993837178589,-0.13985454947518372,-15.336880321266506,0.5529716998436512,-0.25569149147558734,-100
262,42.5799522673031,529.6193317422434,764.0990453460621,1129.0,1.5765576361117961,285.45226730310264,1069.8400954653937,558.7505966587112,Vsx_enh3_1,enh3,0.43215950520571456,-0.3534248068091306,-20.201617520311103,0.5582749609356659,-0.6855073602182082,-100
263,43.53103964098729,535.9827973074047,779.997756170531,1560.0,1.583699341469294,446.16604338070306,905.8661181750188,1100.4712041884816,Vsx_enh3_1,enh3,0.46945941841185546,-0.38620054184584407,-18.164991679530587,0.6079004886143958,-0.6883998254509349,-100
264,43.669843049327355,548.9030269058296,805.6137892376681,2144.0,1.3974924496703822,329.2096412556054,1484.9702914798206,1917.3357623318386,Vsx_enh3_1,enh3,0.5271573221394583,-0.44606412696817566,-16.37382448828285,0.690556331991189,-0.7022656993014444,-100
265,43.51441753171857,571.4279123414071,817.4752018454441,2048.0,1.591127822484164,415.6470588235294,1432.5686274509803,1878.0680507497116,Vsx_enh3_1,enh3,0.536678369158476,-0.5176931287502704,-16.399540096190265,0.745674089316402,-0.7673938935336737,-100
266,43.372980910425845,596.2298091042585,795.3127753303964,1627.0,1.459957336499813,494.73054331864904,686.4148311306901,1578.5308370044054,Vsx_enh3_1,enh3,0.44923236179249737,-0.5614141040936732,-19.354567998576144,0.7190239990132228,-0.8959456120714924,-100
267,44.433274544385654,593.6166960611405,841.5102880658436,2000.0,1.3908010985833537,880.7225161669606,642.2974720752499,1080.111111111111,Vsx_enh3_1,enh3,0.580098396873646,-0.6005980095834063,-14.320885964527648,0.835004262965719,-0.8027587254377054,-100
268,43.642857142857146,610.75,843.7640515222482,1954.0,1.3841828897639663,907.0046838407494,578.809718969555,947.6533957845434,Vsx_enh3_1,enh3,0.5687083539107052,-0.6483150413385497,-15.577854682792903,0.8624045365335397,-0.8507160885652642,-100
269,43.69422863485017,604.7769145394007,818.6931187569368,2136.0,1.3524181032976677,395.2330743618202,730.2663706992231,1616.311320754717,Vsx_enh3_1,enh3,0.5052266797265044,-0.6074410087071881,-17.40115275411145,0.7900877020727977,-0.8770052507818061,-100
270,43.276048714479025,639.1346414073072,747.7571041948579,1659.0,1.312946070930432,946.3768606224628,591.4005412719891,693.6779431664411,Vsx_enh3_1,enh3,0.2722955035279362,-0.6278521534910381,-25.09294511239149,0.6843560242190218,-1.1615851688138408,-100
271,43.60897435897436,660.973076923077,780.2858974358975,1776.0,1.32594204774591,936.7320512820513,703.1615384615385,800.8121794871795,Vsx_enh3_1,enh3,0.33985483583323295,-0.7182921829304671,-22.871358603844428,0.7946351172067904,-1.1288643195920742,-100
272,44.96888888888889,193.29968253968255,741.3974603174603,1816.0,1.3862773332248761,1070.8253968253969,734.7015873015873,2230.0609523809526,Vsx_enh3_1,enh3,0.719225406206802,0.5619888607481465,-6.79063141408939,0.9127522470738371,0.6632841580663781,-100
273,43.48225923244026,235.99710354815352,770.8008689355539,1552.0,1.3305167577460673,1174.6929761042722,1125.5445329471397,771.6205648081101,Vsx_enh3_1,enh3,0.7568365730622699,0.41932841396703835,-7.44555250123409,0.8652386474752226,0.5059504421409886,-100
274,45.758507135016465,281.1822173435785,782.7546652030735,2175.0,1.2388191835517481,871.2096597145993,1000.1427003293085,1894.0751920965972,Vsx_enh3_1,enh3,0.7423085042646269,0.2874079061342618,-5.913925543653193,0.7960057914437986,0.3694070894693246,-100
275,45.68692152917505,299.78068410462777,720.5440643863179,3084.0,1.3027549723098233,319.0748490945674,1485.3875251509055,1806.39476861167,Vsx_enh3_1,enh3,0.5499785686073801,0.3001181166941289,-11.922042218182582,0.6265359605764489,0.4995286052409811,-100
276,44.6850136239782,326.48610354223433,767.1487738419619,2178.0,1.4108960977870526,482.4076294277929,1242.8196185286104,1627.292098092643,Vsx_enh3_1,enh3,0.6519592077416605,0.182736104422633,-10.03540881306472,0.6770844056826986,0.27327540696721825,-100
277,45.397085610200364,340.0807528840316,775.2823315118397,1924.0,1.2843572441976878,540.6508803885853,1284.6508803885854,1801.8579234972678,Vsx_enh3_1,enh3,0.6601940119186154,0.13851763956899976,-9.166683901343305,0.6745689511421084,0.2068135985148913,-100
278,43.3713163064833,370.7357563850688,842.196463654224,1265.0,1.3893842443439848,975.9371316306483,1242.311394891945,2249.7897838899803,Vsx_enh3_1,enh3,0.8147969977063265,-0.009597245340372651,-6.746885603903934,0.814853517259002,-0.011778150350604148,-100
279,43.504347826086956,372.6713043478261,799.1452173913043,1394.0,1.3595214335021375,1006.0730434782608,1244.0721739130436,2422.581739130435,Vsx_enh3_1,enh3,0.6930568160532489,0.028223629507915238,-10.30220597443163,0.6936312590566164,0.04070090991524729,-100
280,43.83942766295708,412.7615262321145,783.2501324854265,2128.0,1.3856913630558445,427.32962374138845,1323.5023847376788,1877.7578166401695,Vsx_enh3_1,enh3,0.6069553660489684,-0.06234522021163724,-12.844844118954654,0.6101489513707901,-0.10235897674272343,-100
281,44.48283261802575,455.74356223175965,807.5300429184549,2259.0,1.495610509333134,718.75,1278.5375536480688,2243.692060085837,Vsx_enh3_1,enh3,0.6294410817568608,-0.20068767928499054,-11.819796489674005,0.6606599882087929,-0.30864555994574516,-100
282,46.25644841269841,472.3844246031746,809.5486111111111,2331.0,1.27841836769829,463.92113095238096,1235.7619047619048,1684.4642857142858,Vsx_enh3_1,enh3,0.6172067088628308,-0.24691004227611257,-10.524480334256552,0.6647621307220192,-0.3805445891928063,-100
283,46.43181818181818,501.1018181818182,779.2272727272727,2683.0,1.3126456566141484,439.9836363636364,1527.229090909091,1147.3177272727273,Vsx_enh3_1,enh3,0.5029070520997903,-0.2928891454111444,-13.999461363575577,0.5819789983765493,-0.527371969451583,-100
284,46.07245681381958,534.9448176583493,836.2571976967371,2538.0,1.356565221841511,827.1617082533589,771.1521113243762,1077.7864683301343,Vsx_enh3_1,enh3,0.6262482339548512,-0.43963410498705824,-10.87259888698172,0.765156844574589,-0.6120753767061051,-100
285,44.9589570255915,575.8445195557701,854.1733462095606,2336.0,1.235729340188593,714.8488652824723,601.4099468855625,1166.9396426846934,Vsx_enh3_1,enh3,0.6336970815618608,-0.5660658479173863,-12.050963998790735,0.8497073233522524,-0.7290872602121256,-100
286,44.64340687532068,588.3324781939456,825.425346331452,2376.0,1.327617410136013,431.15546434068756,774.4130323242689,1747.751667521806,Vsx_enh3_1,enh3,0.5408360206833476,-0.5705228476779154,-15.258399163976378,0.7861297100295321,-0.8121040006731637,-100
287,43.187153053132434,756.426645519429,666.8429817605075,1536.0,1.5328299285316918,484.0396510705789,308.12291831879463,567.1570182394925,Vsx_enh3_1,enh3,-0.07497903286011498,-0.8584716994656993,-36.484663923236596,0.8617398181308348,-1.6579153857476288,-100
288,45.15203299941072,180.75721862109606,663.935769004125,1952.0,1.3710451983015395,614.5279905715969,647.3995285798468,1687.5975250441957,Vsx_enh3_1,enh3,0.5169115510190698,0.6725812451044331,-12.62720702920214,0.8482706424503739,0.9155292514141486,-100
289,45.70546737213404,203.40094062316285,658.808935920047,1974.0,1.377860344701673,382.04232804232805,989.7589653145209,971.4756025867136,Vsx_enh3_1,enh3,0.47888580270557424,0.6175765302948739,-13.377499344970886,0.781493686989228,0.9112192530585903,-100
290,45.695302843016066,250.43510506798518,731.5945611866501,1882.0,1.3466898353641417,333.12051915945614,734.3763906056861,1494.8819530284302,Vsx_enh3_1,enh3,0.6321722723136391,0.42008464771241427,-9.087983145040766,0.7590210096735486,0.5865078766129979,-100
291,46.09198355601233,260.27852004110997,774.4486125385406,2279.0,1.259399115164434,795.9850976361768,1151.399794450154,1056.2394655704009,Vsx_enh3_1,enh3,0.7409314827298805,0.3511820260923302,-5.474879443571709,0.8199440697697699,0.4426106234630385,-100
292,45.93765133171913,276.0690072639225,821.4273607748185,1936.0,1.3406990285114107,930.8117433414044,1072.7832929782082,2001.0714285714287,Vsx_enh3_1,enh3,0.8551051609261742,0.2623862059543698,-2.2930192146979778,0.8944559001525493,0.29772628383956096,-100
293,46.91849148418491,282.1088807785888,798.7481751824818,1898.0,1.2788769032095921,571.925790754258,1121.5498783454989,1726.6259124087592,Vsx_enh3_1,enh3,0.7854860206560059,0.2689664029167891,-3.4521943375775805,0.8302597271601242,0.32990645969329907,-100
294,46.65508253692441,292.8588184187663,756.3462206776716,2712.0,1.3282867201612962,541.400086880973,1118.0634231103388,1626.6507384882711,Vsx_enh3_1,enh3,0.656465003517213,0.28274772744097865,-7.686840119283872,0.7147674994121462,0.40669927669774275,-100
295,44.942376950780314,322.71488595438177,796.0126050420168,1998.0,1.4066777007250746,568.3349339735894,1388.8205282112845,2055.4321728691475,Vsx_enh3_1,enh3,0.7360653540209152,0.16393888484390384,-7.21150757598889,0.7541008973299249,0.21914636716908856,-100
296,46.27104591836735,436.8558673469388,880.2308673469388,1976.0,1.4327625788339875,697.9783163265306,1637.936224489796,1560.4457908163265,Vsx_enh3_1,enh3,0.8507646190881875,-0.22313010665457267,-3.2108049962778864,0.8795382206521497,-0.2564932220526202,-100
297,45.491911324146194,465.6752546434991,840.929298981426,1969.0,1.3810718934581,310.7249850209706,1209.284601557819,1944.2887956860395,Vsx_enh3_1,enh3,0.7116552269850622,-0.2604008555977756,-8.393855121933512,0.757800612094774,-0.35077651192545295,-100
298,45.85467314964884,521.5575364667748,815.0810372771475,2233.0,1.430351221822363,417.62668827660724,1612.4446245272825,1905.754186925986,Vsx_enh3_1,enh3,0.5814022911217216,-0.38295983104873654,-12.351800178394,0.696194553496696,-0.5824550958611059,-100
299,46.82356048600106,524.0929741151612,847.9651347068145,2287.0,1.3654221428173834,358.2308505018489,1239.880612783941,2009.7379820390913,Vsx_enh3_1,enh3,0.6699107476258936,-0.42252387854269036,-8.724595499781586,0.792027043555611,-0.5626996240309309,-100
300,45.471687429218576,541.1443941109853,851.7383918459797,2104.0,1.502006019761853,722.9116647791619,685.1993204983013,1092.365798414496,Vsx_enh3_1,enh3,0.6629845833826549,-0.47152951035100565,-10.409939488252874,0.8135653857772782,-0.6182181586426629,-100
301,45.23789173789174,549.2784900284901,840.5783475783476,1641.0,1.4275737163572826,876.7321937321938,660.7115384615385,845.9002849002849,Vsx_enh3_1,enh3,0.6235382002538277,-0.48198141903520464,-11.892312443809146,0.78810276961255,-0.6580456829987965,-100
302,45.0871995528228,566.4214645053103,911.9916154276132,2060.0,1.2878497888328233,368.1285634432644,783.7557294577977,1580.201788708776,Vsx_enh3_1,enh3,0.8042291847353147,-0.5987512318672117,-6.708046103295999,1.0026403239659436,-0.6399738891153535,-100
303,47.15883777239709,625.2421307506054,738.5670702179177,2338.0,1.2527507220771972,838.1404358353511,604.30799031477,776.8411622276029,Vsx_enh3_1,enh3,0.2601724580072933,-0.5818734412340898,-21.463647354976914,0.6373903117550176,-1.1503325356695369,-100
304,45.620795107033636,648.0741590214067,773.7033639143731,1504.0,1.415425628264315,698.3325688073395,728.3646788990826,1742.9166666666667,Vsx_enh3_1,enh3,0.33445812781085626,-0.6775186496938144,-20.92440992187116,0.755575118662382,-1.112240367996126,-100
305,46.04985119047619,654.8452380952381,797.9568452380952,1570.0,1.53117663950425,424.21800595238096,661.672619047619,1629.5,Vsx_enh3_1,enh3,0.3947028747093484,-0.7197041711025737,-18.722043046715754,0.8208315620188262,-1.0691640787633878,-100
306,45.75840597758406,714.8910336239103,657.8972602739726,1830.0,1.2897017491676162,465.04794520547944,670.2509339975094,1423.326899128269,Vsx_enh3_1,enh3,-0.05722664920600817,-0.73933046001513,-33.077414390867816,0.741541919574026,-1.6480456415024838,-100
307,43.81190019193858,769.2965451055662,372.0067178502879,1210.0,1.4146582747350873,320.6324376199616,313.2408829174664,972.6122840690979,Vsx_enh3_1,enh3,-0.9082351434227061,-0.5984264619518489,-61.10351809814079,1.0876604737289441,-2.558993691355757,-100
308,44.72919937205651,784.9638932496075,344.9678178963893,1431.0,1.2649104496840775,340.914442700157,269.350863422292,1187.3893249607536,Vsx_enh3_1,enh3,-1.0,-0.6130518297199736,-63.06222896377642,1.1729588850096186,-2.591631453586559,-100
309,46.41915028535193,251.43880786303106,716.7051363348129,1942.0,1.4408147123860873,375.0830691185796,763.3132530120482,1475.8402029169308,Vsx_enh3_1,enh3,0.5895331329333544,0.43226522290497815,-9.655519774064274,0.731028411047961,0.6326836692229386,-100
310,46.58419958419958,349.8662508662509,840.950796950797,1735.0,1.3492344992590124,987.2605682605682,1288.7470547470548,1161.2702702702702,Vsx_enh3_1,enh3,0.8322217466706558,0.04698734138838989,-2.8494624918115647,0.83354714676634,0.05640024303643829,-100
311,45.80190174326466,354.46275752773374,765.1877971473851,1798.0,1.6238842255766728,342.6259904912837,1382.338351822504,1909.4825673534074,Vsx_enh3_1,enh3,0.6170168777120615,0.11040479358123023,-10.164089439547368,0.6268165966431131,0.17705940898641748,-100
312,46.931752458068246,485.66743782533257,801.5367264314633,2076.0,1.3384073725912646,783.6448814343552,1430.4372469635628,2052.672064777328,Vsx_enh3_1,enh3,0.5808915760255151,-0.27418877092273364,-11.035478530030971,0.6423507649232825,-0.4410089495027899,-100
313,45.75413856529736,508.2397302268547,820.6033108522379,1890.0,1.5192210082141955,514.6033108522379,1525.3427345187001,2165.236051502146,Vsx_enh3_1,enh3,0.6106746270892989,-0.35311491918555116,-11.47610417407357,0.7054173561247785,-0.5242638810934283,-100
314,46.63717277486911,533.4015706806283,882.6837696335078,2210.0,1.5676516629153043,833.6460732984293,1407.3581151832461,1301.4005235602094,Vsx_enh3_1,enh3,0.7567711308063771,-0.48187754893578527,-6.35430851501205,0.8971669390867694,-0.5670074896075119,-100
315,47.222062350119906,582.5654676258993,909.5908872901679,2401.0,1.317275198105175,293.4925659472422,762.3836930455635,1372.7510791366906,Vsx_enh3_1,enh3,0.7801280426634813,-0.6392511981116107,-5.404827807925898,1.008584085357827,-0.6864697298211183,-100
316,47.58243375858685,593.5397448478901,783.8596663395485,2328.0,1.3004181577247205,734.7031403336605,551.4965652600589,1033.568204121688,Vsx_enh3_1,enh3,0.4190422571913395,-0.5429213843688092,-16.020881549340544,0.6858279980556036,-0.9134706480452065,-100
317,45.76796536796537,595.9792207792208,860.9567099567099,1410.0,1.390712724551664,387.6277056277056,793.2658008658009,1909.0484848484848,Vsx_enh3_1,enh3,0.6313293713174251,-0.6263001247161097,-11.450623765553559,0.8892854554683045,-0.781399195650316,-100
318,46.43386545039909,609.0815279361459,802.7309007981756,2015.0,1.350617064947578,849.397377423033,585.6687571265678,1252.3050171037628,Vsx_enh3_1,enh3,0.4556081593508965,-0.6029897405712192,-16.17853042237539,0.7557614849284516,-0.9237323362081244,-100
319,46.81198003327787,658.3926788685524,860.175540765391,1379.0,1.3974348972952608,287.88768718802,764.8635607321131,1969.5723793677205,Vsx_enh3_1,enh3,0.5637640554685652,-0.7912243347374048,-12.877566686481586,0.9715275899937235,-0.9517162585640677,-100
320,47.11867266591676,703.7362204724409,753.562429696288,2007.0,1.3630476321971623,819.9786276715411,885.3425196850394,1103.2215973003374,Vsx_enh3_1,enh3,0.2199898251135155,-0.8052093836371228,-23.264595380152855,0.8347201175548307,-1.304096678296009,-100
321,46.9,194.7923076923077,708.9934065934066,1135.0,1.667628664974785,1149.0549450549452,692.7010989010989,2025.29010989011,Vsx_enh3_1,enh3,0.6270531655036518,0.5903273771932982,-7.644886075835302,0.8612096635733186,0.7552394318326922,-100
322,47.53593429158111,334.78918548939083,738.4175222450376,1738.0,1.3608075183189754,355.52566735112936,1504.469541409993,1974.924024640657,Vsx_enh3_1,enh3,0.5626405648754114,0.18931328588234542,-9.927507413101026,0.5936361894754165,0.3245734714795848,-100
323,47.19214876033058,345.9469696969697,747.7830578512396,1758.0,1.3457763998537475,446.047520661157,1414.8856749311294,1860.9387052341597,Vsx_enh3_1,enh3,0.5771323292915445,0.15035385328625117,-9.912987452817077,0.5963958473291939,0.2548539978966906,-100
324,48.48088990302339,348.92926411865375,783.1066742726754,2040.0,1.2722110493715353,486.30062749572164,1288.7324586423274,1926.8511123787791,Vsx_enh3_1,enh3,0.6718687846245175,0.10716323598387567,-5.779734072408019,0.6803613913938401,0.15816794394653902,-100
325,46.31762794476036,364.4142973192526,785.6214459788789,1487.0,1.3757199185930857,447.6539398862713,1361.7668562144597,1834.8838342810723,Vsx_enh3_1,enh3,0.6633007876896968,0.06358660299815444,-8.318370965528459,0.6663416473781427,0.09557185309496621,-100
326,47.05084745762712,366.308615819209,813.1779661016949,1696.0,1.3514653439567947,973.0437853107345,1154.0480225988701,2402.9032485875705,Vsx_enh3_1,enh3,0.7377318274784077,0.031045303987779382,-5.348312772661757,0.7383847643162234,0.04205728451036358,-100
327,47.8404868673927,393.5060858424087,762.2863549007046,1889.0,1.4465932373659407,309.69762972453555,1407.5105701473415,1855.3926969891095,Vsx_enh3_1,enh3,0.5676626230749324,0.009617089163250325,-9.879659062293001,0.5677440814665413,0.01693993728563186,-100
328,47.550569800569804,408.48789173789174,797.9764957264957,1692.0,1.3994926421765541,404.71581196581195,1353.693732193732,2143.47150997151,Vsx_enh3_1,enh3,0.6513342365036101,-0.06576441120361975,-7.749158170508949,0.6546458931534662,-0.1006277300396075,-100
329,46.74431137724551,440.63532934131734,841.7982035928144,2047.0,1.4266091676614958,831.3059880239521,1318.3766467065868,936.5185628742515,Vsx_enh3_1,enh3,0.7398473952058753,-0.19481936473497974,-6.110635277673609,0.7650678094578675,-0.25747878937168217,-100
330,49.11746617466174,594.5424354243543,811.0424354243543,1896.0,1.2707918063464452,485.19987699877,705.3714637146371,1727.2189421894218,Vsx_enh3_1,enh3,0.4931441524932363,-0.5727375581752028,-12.249505068637035,0.7557906229126993,-0.8599335979800248,-100
331,49.1866927592955,620.7236790606654,773.3776908023483,3099.0,1.7661772356409646,342.59021526418786,862.9592954990216,1625.1146771037181,Vsx_enh3_1,enh3,0.36110421493682066,-0.6046540741006419,-16.348952909145012,0.7042746647236731,-1.0324323397570934,-100
332,47.36230964467005,670.8426395939086,754.3895939086294,1918.0,1.4832948066760194,543.9041878172588,752.8724619289341,1562.6357868020305,Vsx_enh3_1,enh3,0.25653557224028445,-0.7187191041337775,-21.6872171767382,0.7631301661391128,-1.2279572745512313,-100
333,47.86382723455309,167.19496100779844,630.9634073185363,1864.0,1.386719247193978,968.1067786442711,533.0893821235753,1595.0935812837433,Vsx_enh3_1,enh3,0.4386495600654541,0.7414375968828153,-12.172677151346562,0.8614773047602476,1.0365611285573524,-100
334,49.10565780504431,182.0068166325835,677.4628493524199,1733.0,1.3384652930894054,1086.0224948875255,636.6019086571234,1979.4948875255623,Vsx_enh3_1,enh3,0.5521281754005023,0.655692238572505,-7.60319979538653,0.8571918302196485,0.8709335377836068,-100
335,48.37013801756587,263.71831869510663,727.1951066499373,1857.0,1.3427599009169138,335.0414052697616,810.754705144291,1569.6229611041406,Vsx_enh3_1,enh3,0.6053505254410834,0.38916361379046105,-7.30480410641519,0.7196510105254121,0.5713488232240892,-100
336,49.83540205072855,282.4522396114409,742.8116567728009,2438.0,1.293887346365584,458.52131678359416,1314.917970858068,1783.8537506745818,Vsx_enh3_1,enh3,0.6288205067126043,0.32382101495479043,-5.255749057159463,0.7073014063245223,0.4755483908693929,-100
337,48.64067055393586,307.8046647230321,759.0393586005831,1589.0,1.3783360752641696,410.79956268221576,1212.2514577259476,1573.978862973761,Vsx_enh3_1,enh3,0.6478159172365525,0.24034792868643273,-6.05863568741816,0.6909649697697376,0.355270375721605,-100
338,48.4599533437014,330.1792379471229,667.3347589424573,2989.0,1.4810381507707078,745.4444012441679,1121.248833592535,547.8048211508553,Vsx_enh3_1,enh3,0.3695821292385857,0.27246850082040686,-14.79613356243928,0.4591623179136619,0.6352806620135345,-100
339,48.315848843767625,355.08178228990414,796.0958826847152,2150.0,1.6228515311830882,1023.6717428087986,1150.229554427524,2322.0180485053584,Vsx_enh3_1,enh3,0.7016067154589787,0.0778715073847489,-5.090551608320823,0.705914977061338,0.11053783610456601,-100
340,48.30716103235187,376.32533624136676,701.0821519447474,3565.0,1.5839967651225149,510.8858596873864,1308.2838967648129,1697.0043620501635,Vsx_enh3_1,enh3,0.415305964547545,0.11629357391484585,-13.890984670238964,0.4312809287722498,0.27302635078338966,-100
341,48.828054298642535,378.77957336780867,808.1247575953458,1816.0,1.3075670514162065,981.2889463477699,1108.290239172592,2272.1932773109243,Vsx_enh3_1,enh3,0.7101864399940006,0.0029494523312587617,-4.48255217405783,0.7101925646051264,0.004153043775523429,-100
342,49.13608748481167,380.5722964763062,837.640340218712,1910.0,1.2404795189644222,906.3754556500608,1145.921020656136,2469.0121506682867,Vsx_enh3_1,enh3,0.7902865193401698,-0.031269285563363614,-1.767530320763285,0.7909048936948385,-0.039546395185915045,-100
343,48.565558460963764,393.6361598804632,711.8987672768023,3031.0,1.3549759524308296,346.55323122898767,1111.5778856929398,1512.3141576391483,Vsx_enh3_1,enh3,0.4272478487974616,0.059540952550117376,-13.391759916101421,0.43137669076183743,0.13846748288835295,-100
344,49.65288868013152,400.8774072334429,738.5312353217473,2404.0,1.2574960849956118,303.094880225458,1069.108031939878,1590.1784875528417,Vsx_enh3_1,enh3,0.49343505290813083,0.013721142975440248,-10.352346751136025,0.49362579065827017,0.02780023004967688,-100
345,48.839586731919525,437.1642196846112,781.8624252311039,2270.0,1.4391854647488567,332.7090810222947,1318.6400217509515,1980.9989124524197,Vsx_enh3_1,enh3,0.5762684728175951,-0.12583268469043596,-8.921241228915719,0.589846774425296,-0.21498332766296463,-100
346,47.98367346938775,452.5574344023324,790.2810495626823,2140.0,1.4518303882607269,358.37667638483964,1387.867638483965,2053.319533527697,Vsx_enh3_1,enh3,0.583850214608882,-0.17508122705584717,-9.659066079706548,0.6095363066842029,-0.29134076638923756,-100
347,48.187915006640104,484.79150066401064,733.9913678618858,1871.0,1.5060513363023096,275.265604249668,1179.9130146082337,704.4515272244356,Vsx_enh3_1,enh3,0.3936809296439068,-0.20448211831188468,-15.420123248619745,0.44361876772134684,-0.47905537261183173,-100
348,47.78116494284159,508.0669569951007,797.7397931409907,2359.0,1.5512740809737018,728.3108328796951,1394.4229722373434,2185.622754491018,Vsx_enh3_1,enh3,0.5467364701830268,-0.32987780351244234,-11.370043286604897,0.6385453257822731,-0.5428849340404415,-100
349,48.29139072847682,757.8220198675497,516.5918874172186,1438.0,1.4833616232063525,458.057119205298,1212.6448675496688,1030.0852649006622,Vsx_enh3_1,enh3,-0.49554180879620635,-0.7123321982878614,-44.06660339524537,0.8677435364107491,-2.178604345771759,-100
350,49.113207547169814,215.25385934819897,432.46255002858777,2002.0,1.6407721752386764,321.7318467695826,571.7198399085191,1188.7970268724985,Vsx_enh3_1,enh3,-0.16366853035360762,0.8119230687223595,-29.43771384831186,0.8282550678092124,1.7697119308314893,-100
351,51.250967385295745,223.3305693753455,715.7656163626312,2186.0,1.5669605753216564,598.763405196241,859.5257048092869,1928.3051409618574,Vsx_enh3_1,enh3,0.6149154918934121,0.5077305866058659,-3.8419213847501084,0.797440537435647,0.6902114478644993,-100
352,49.108183079056865,231.17891816920942,725.6088765603329,910.0,1.2804620042152093,1221.8404993065187,1003.7891816920943,810.4202496532594,Vsx_enh3_1,enh3,0.6346816725460085,0.4771129211176499,-5.4513124033603475,0.7940135798355187,0.6446110816827536,-100
353,48.756620428751575,267.4079445145019,799.6967213114754,1934.0,1.305275098559353,776.2692307692307,1009.7332912988651,1925.5403530895335,Vsx_enh3_1,enh3,0.8029535682881317,0.30701144937179325,-0.9767854302524768,0.8596455449032541,0.3652012225990386,-100
354,49.662456946039036,266.79276693455796,708.5321469575201,2061.0,1.3574206137196612,303.47416762342135,727.8748564867968,1378.9328358208954,Vsx_enh3_1,enh3,0.5499045452166178,0.39960231438545235,-7.702671082128376,0.6797624721269225,0.6284057398313917,-100
355,49.56511891279728,312.0453001132503,772.2893544733862,2087.0,1.3272501030178743,519.8465458663646,1105.1155152887882,1749.341449603624,Vsx_enh3_1,enh3,0.6799740300298307,0.21585120135585845,-4.189182428010952,0.713411818406295,0.3073793433774167,-100
356,51.51870873074101,313.1573734409391,659.4082905355833,3160.0,1.4876132766284291,332.1760821716801,608.6342626559061,1581.3778429933968,Vsx_enh3_1,enh3,0.3644625656321394,0.3255087480811476,-11.760917099802938,0.4886603184467893,0.7290008777692428,-100
357,49.687041564792175,327.7830073349633,806.6601466992665,1978.0,1.3912788326683445,991.429706601467,1156.0372860635696,2159.3863080684596,Vsx_enh3_1,enh3,0.7590761627968301,0.13977206718080115,-1.7884130629829826,0.7718373220377167,0.18209472415594857,-100
358,49.910354101299866,385.09547288211564,744.1909457642313,2595.0,1.291897578953425,267.4365755266696,1212.2922456297624,1529.970416853429,Vsx_enh3_1,enh3,0.5255616188092551,0.04996364521788643,-9.013854041571904,0.5279312275371325,0.09478229489961336,-100
359,48.67618332081142,407.1021788129226,822.6198347107438,1657.0,1.4393327971748948,891.81667918858,1200.8054094665665,2465.3335837716004,Vsx_enh3_1,enh3,0.7209803067817127,-0.08669857686584515,-4.506710718010282,0.7261743908990562,-0.11967632002025981,-100
360,48.69455822118198,459.428320655354,933.0678759508485,1948.0,1.4042904563919063,777.4844938560561,1352.6793446459917,952.8162668227034,Vsx_enh3_1,enh3,0.9734419448320204,-0.33582310828247597,2.768687740642008,1.0297409285907062,-0.33220036551527676,-100
361,49.30168644597127,529.7870081199251,725.0568394753279,1859.0,1.752697275577524,282.2729544034978,1189.7638975640225,571.2485946283573,Vsx_enh3_1,enh3,0.32159933991353684,-0.31503307984327333,-16.79188806965061,0.4501910448113787,-0.775084476813969,-100
362,49.73835616438356,636.1246575342466,795.2109589041096,1711.0,1.342820295737772,905.6712328767123,559.8623287671232,699.1917808219179,Vsx_enh3_1,enh3,0.40558465659229226,-0.6673358596767767,-14.559609695141063,0.7809200108036867,-1.0246854234481662,-100
363,50.035276073619634,177.48159509202455,712.3136503067485,1570.0,1.3984115559149823,1123.439417177914,649.3159509202454,1878.0046012269938,Vsx_enh3_1,enh3,0.6534803099050006,0.6329097339151364,-3.5784184670524297,0.9097314146043679,0.7694085939889257,-100
364,51.5695171611402,310.60732984293196,717.2251308900524,2090.0,1.462548976216485,319.4828388598022,1363.4613147178593,1902.4490983129726,Vsx_enh3_1,enh3,0.5278423467067215,0.2745809311842673,-6.7596149577356215,0.5949892694384312,0.4796727473264896,-100
365,50.45816532258065,353.4375,712.25,2275.0,1.3945261995838958,331.2147177419355,1408.2172379032259,1701.773689516129,Vsx_enh3_1,enh3,0.4696379505072217,0.16586802677188395,-9.931386922157756,0.49806827530151127,0.33950742017803964,-100
366,50.47872943845717,357.6347135564379,757.1792399319341,2314.0,1.5333277506633025,335.93874078275667,1280.055019852524,1632.2263187748156,Vsx_enh3_1,enh3,0.5901594435793003,0.109890042326666,-6.301421774767178,0.6003032485739068,0.18409566079416367,-100
367,50.07225913621262,407.26827242524917,836.2167774086379,1444.0,1.298177958358277,1010.514119601329,1161.8588039867109,2132.2176079734218,Vsx_enh3_1,enh3,0.7582238025269916,-0.10073383365737965,-1.9817845500812723,0.7648860307011778,-0.13208153815583207,-100
368,50.511912427559565,421.87443657437217,802.1017385705087,1856.0,1.3357350090105489,330.27430779137154,1322.3065035415325,1967.9645846748228,Vsx_enh3_1,enh3,0.6480250904262899,-0.10547195870562709,-4.969185498014724,0.6565522461276045,-0.16134429558126728,-100
369,50.531543624161074,440.851677852349,800.3369127516778,1796.0,1.3755998371382925,870.0838926174497,1321.3020134228188,1019.5926174496644,Vsx_enh3_1,enh3,0.6233171942203473,-0.15408868555419009,-5.827781997112467,0.6420807173763624,-0.24234870625476154,-100
370,51.269644779332616,442.3891280947255,829.702906350915,2193.0,1.382140917802169,686.0473627556512,1269.1103336921421,1500.3546824542518,Vsx_enh3_1,enh3,0.7031495870015372,-0.18748842306830993,-2.687264326793084,0.7277164629751576,-0.26057831480423077,-100
371,51.03662819869543,453.07225288509784,901.4626191670848,2443.0,1.543105160252364,441.2824887104867,1300.8299046663321,2073.6312092323133,Vsx_enh3_1,enh3,0.891564938466942,-0.28745394418603676,2.6926055289604136,0.9367592057362827,-0.3118921164175941,-100
372,51.469201154956686,455.5837343599615,773.1896053897979,2488.0,1.4434522930389329,412.4980750721848,1104.5105871029837,1092.2362848893167,Vsx_enh3_1,enh3,0.532221022747057,-0.1661233962572689,-7.739341192246144,0.5575447962612268,-0.3025498884761584,-100
373,49.818080357142854,488.02901785714283,841.8035714285714,2143.0,1.6138708750536979,512.4263392857143,1235.005580357143,880.4162946428571,Vsx_enh3_1,enh3,0.6895791996252454,-0.320694007130757,-4.872695004325664,0.7605025435627261,-0.4353049832366844,-100
374,52.05216581276199,505.8644620400559,717.1290172333488,2538.0,1.6465590691794627,324.9087098276665,894.7070330693991,713.8896134140662,Vsx_enh3_1,enh3,0.32375915536428046,-0.24366705570967728,-13.79828765389712,0.4052081251905189,-0.6451746973113502,-100
375,50.29291553133515,545.9148501362398,810.9482288828337,1887.0,1.5622032110857051,343.724795640327,854.5858310626703,2051.1464577656675,Vsx_enh3_1,enh3,0.5432855415267792,-0.44357708858705147,-9.216366832632488,0.7013699545542357,-0.6847040742658865,-100
376,51.38594594594595,547.9605405405406,826.6551351351351,2143.0,1.31230502308089,477.7432432432432,1335.4367567567567,2022.1556756756756,Vsx_enh3_1,enh3,0.5845173548102482,-0.4647019509130086,-6.888405441522252,0.7467318402590892,-0.6716958850883527,-100
377,50.453187823090175,569.441125789776,810.6243538196438,2209.0,1.4769712595365412,391.92762780011486,1538.4428489373922,2044.423319931074,Vsx_enh3_1,enh3,0.5177995865811871,-0.5057103484125719,-9.98897598269916,0.7237812987050806,-0.7735871632287062,-100
378,49.16844700082169,584.1659819227609,798.9046836483155,1427.0,1.527643021032094,495.1741988496302,741.620377978636,877.7888249794577,Vsx_enh3_1,enh3,0.47021085642118954,-0.533080431625094,-12.818309888167974,0.7108255735959034,-0.8479796683319604,-100
379,49.0,585.561475409836,870.8032786885246,987.0,1.5463220277941103,438.4972677595628,1076.4275956284152,2141.4139344262294,Vsx_enh3_1,enh3,0.6686830126661623,-0.6085305324977535,-7.005211164193582,0.9041274138141672,-0.7383362880648668,-100
380,49.4625,593.34375,930.034375,1208.0,1.3824086701785778,322.5,767.3114583333333,1862.1114583333333,Vsx_enh3_1,enh3,0.825103221717232,-0.6883057074954644,-1.8727420235806989,1.0745045711670973,-0.6952528209918586,-100
381,52.38227717671303,688.1682122617208,599.6986089644513,4422.0,1.3054225809254323,588.9185986604842,514.8160741885627,732.5546110252448,Vsx_enh3_1,enh3,-0.19296483822044175,-0.6104361614643906,-30.338516799078945,0.6402091345902687,-1.876966428611729,-100
382,51.91621621621621,293.16648648648646,729.7108108108108,2226.0,1.4334450834981214,330.66486486486485,1422.2335135135136,2074.2897297297295,Vsx_enh3_1,enh3,0.5806514342293743,0.3084138358464663,-4.695545236154118,0.6574763738828646,0.48825706875495434,-100
383,52.62098501070664,301.4277301927195,704.9379014989294,2279.0,1.4307341995155478,296.7344753747323,707.943790149893,1689.0877944325482,Vsx_enh3_1,enh3,0.5029702246875831,0.3111915715661209,-6.390792657510161,0.591455189457384,0.5540617437975411,-100
384,50.970486111111114,318.9542824074074,740.4444444444445,2005.0,1.377607079617941,598.9554398148148,1307.9207175925926,1658.5162037037037,Vsx_enh3_1,enh3,0.5838505232053102,0.22926302359184825,-5.728363625932843,0.6272503227847641,0.3741751029730424,-100
385,53.75445292620865,324.2436386768448,791.6405852417303,1999.0,1.2666350550487224,540.234096692112,1212.5769720101782,1897.7251908396947,Vsx_enh3_1,enh3,0.7198961112581588,0.16408101008624576,1.137174514319284,0.7383583065663594,0.22409501814109495,-100
386,52.24233576642336,345.7109489051095,768.1576642335766,1645.0,1.2539736167851143,475.8963503649635,1498.6481751824817,1866.016788321168,Vsx_enh3_1,enh3,0.6326339892575075,0.13055513971566235,-3.1652340622332105,0.64596471178389,0.20351065984504124,-100
387,51.62390670553936,362.13702623906704,841.8804664723032,874.0,1.3299807516569842,1198.0860058309038,1208.0408163265306,2378.586005830904,Vsx_enh3_1,enh3,0.8206218831337808,0.013392328621495864,1.77471208572058,0.8207311554607506,0.0163182826880262,-100
388,52.37549933422104,407.9474034620506,784.9906790945406,1776.0,1.3564985253142494,422.2723035952064,1346.039946737683,1916.2756324900133,Vsx_enh3_1,enh3,0.614471758632811,-0.05145985389564767,-4.013955632429514,0.6166227847884482,-0.0835515266111067,-100
389,51.00062893081761,433.37044025157235,854.8069182389937,1909.0,1.5878061714333829,386.29119496855344,1046.214465408805,898.6327044025157,Vsx_enh3_1,enh3,0.7824217372916413,-0.1885938748558914,-0.5011979192391607,0.804830059465742,-0.23652682570319125,-100
390,51.556237218813905,443.5734151329243,743.3460122699387,2850.0,1.3573817582246432,304.98650306748465,1152.3754601226995,1795.40081799591,Vsx_enh3_1,enh3,0.46175909480229094,-0.10446070342251013,-9.69545874884561,0.47342739695982605,-0.22247856803687996,-100
391,51.89697717458359,464.99629858112274,890.2615669339914,1972.0,1.3601387979196395,422.21406539173347,1344.4725478099938,1645.4120913016657,Vsx_enh3_1,enh3,0.8477505580404514,-0.3079460141215984,2.150469485723434,0.9019488656632795,-0.3484303705448413,-100
392,51.04935064935065,469.49974025974024,760.3745454545455,2274.0,1.4009793530486272,386.18857142857144,1150.3262337662338,948.48,Vsx_enh3_1,enh3,0.4821932840419332,-0.19026912731378143,-9.768300857001208,0.5183750611129864,-0.37583476156252266,-100
393,52.61675245671502,496.17220402433315,856.2831071595695,2558.0,1.3476003910204413,432.30884417407583,1322.2208703790361,1738.9541413196068,Vsx_enh3_1,enh3,0.720569804380246,-0.3568120942676216,-1.183951076824016,0.8040744453097811,-0.45978455679363994,-100
394,52.36501457725947,509.3807580174927,823.8285714285714,2082.0,1.3018690032812341,841.5469387755102,1536.6559766763849,1055.5690962099125,Vsx_enh3_1,enh3,0.6166351749733461,-0.35948437526336374,-4.666659154454393,0.713770239694049,-0.5278088455410305,-100
395,52.5187074829932,511.4637188208617,728.125850340136,2468.0,1.5846676507729283,324.109410430839,1180.8253968253969,685.0742630385488,Vsx_enh3_1,enh3,0.34836186920450873,-0.26951350740102553,-12.626158811867882,0.440446957745495,-0.6584721072223833,-100
396,51.732830188679245,518.3607547169811,806.9154716981132,1805.0,1.4426186759185364,365.9033962264151,1666.76,2110.118490566038,Vsx_enh3_1,enh3,0.5604220214192408,-0.3664334279021172,-7.061118185731459,0.6695866629314865,-0.5790788251261543,-100
397,52.04463157894737,521.56,740.4606315789474,2738.0,1.3406011555449686,319.4227368421053,1317.64,1048.3098947368421,Vsx_enh3_1,enh3,0.37225137588087875,-0.30861569680235723,-12.45132736624339,0.48354393301747856,-0.6922061807323959,-100
398,52.41463414634146,530.2262584327971,797.8510638297872,2487.0,1.5268933675657277,332.0622729631552,801.4224182667358,1758.5843279709393,Vsx_enh3_1,enh3,0.5226577195683684,-0.38889898761002006,-7.599454313573446,0.6514702713006217,-0.6397013228031043,-100
399,49.43792325056433,535.0191873589165,780.262979683973,1085.0,1.6423343644039197,901.0925507900678,836.9187358916479,2352.554176072235,Vsx_enh3_1,enh3,0.4695797213322146,-0.38401611977476524,-12.224008858983439,0.6066081889764654,-0.6854928735206316,-100
400,51.28250825082508,554.7148514851485,800.1551155115511,1802.0,1.3557653891035468,314.05346534653467,897.4554455445544,957.9036303630363,Vsx_enh3_1,enh3,0.5038286187281313,-0.4561854555573305,-9.475396111502121,0.6796678945717135,-0.7358112784056702,-100
401,52.088135593220336,580.4203389830509,821.0005649717514,2065.0,1.3417231126715756,913.9299435028248,718.5180790960452,1336.1570621468927,Vsx_enh3_1,enh3,0.5347439299804471,-0.5452408010433221,-7.912478176345445,0.7637005969444418,-0.795117319826965,-100
402,51.12981455064194,653.913694721826,732.5285306704708,1664.0,1.42272271269983,502.1718972895863,1544.111269614836,1788.5984308131242,Vsx_enh3_1,enh3,0.21238557774585942,-0.652033052274083,-19.11939490812911,0.6857512193881244,-1.2559059017005083,-100
403,50.907715582450834,669.4084720121028,627.7723146747353,1649.0,1.6562570502564522,765.4780635400907,521.5385779122541,619.7798789712557,Vsx_enh3_1,enh3,-0.09494428424867973,-0.5886240152177806,-28.728877260996896,0.596232042415196,-1.7307176080068818,-100
404,53.76741854636592,237.796992481203,748.1142857142858,2372.0,1.3614553497249244,522.3804511278196,729.006015037594,1252.0817042606516,Vsx_enh3_1,enh3,0.6890645536099151,0.43699998617964786,0.822334530440159,0.8159527847630916,0.5651827880983736,-100
405,52.90536467751657,274.3399638336347,788.5569620253165,1950.0,1.449061415161858,875.2194092827004,1014.212778782399,2128.452682338758,Vsx_enh3_1,enh3,0.7636139399010191,0.2996495423119869,1.9526070576875298,0.8203024426508436,0.3739459666286365,-100
406,52.090788601723,374.6235917826375,779.9158383035123,1775.0,1.4228027349127226,929.2770046388337,1388.1762756792577,1889.068257123923,Vsx_enh3_1,enh3,0.6352035423230682,0.04207197161008991,-3.441478392089948,0.6365953117758048,0.0661372427721189,-100
407,54.24743777452416,429.9716935090288,882.723279648609,2797.0,1.701544733431941,788.2903855539288,1499.9912152269399,1404.6408003904344,Vsx_enh3_1,enh3,0.8626843256578429,-0.20748950200213157,5.205530061202182,0.88728582721512,-0.23603295078877334,-100
408,52.055936073059364,437.3396118721461,813.9851598173516,2011.0,1.3662841440455034,485.7197488584475,1153.3584474885845,1850.0810502283105,Vsx_enh3_1,enh3,0.6645049689190123,-0.15841336164549902,-3.0292890190196005,0.6831263769361312,-0.2340249902214378,-100
409,53.618871903004745,456.57459146020034,812.5250395361096,2177.0,1.4461345101813083,353.71850289931473,1193.4971006852925,2369.6810753821824,Vsx_enh3_1,enh3,0.6399514654547875,-0.2080468191995397,-2.335513215806472,0.6729200228234973,-0.31432036131438645,-100
410,52.10395136778116,488.7337386018237,883.6741641337386,1893.0,1.362694734994691,780.7665653495441,1131.6449848024315,1063.6352583586627,Vsx_enh3_1,enh3,0.8046185865757647,-0.36439022926781217,0.8905365975129769,0.8832843874138329,-0.4252407470978236,-100
411,52.3348271446863,654.7087067861715,683.2522407170294,1765.0,1.4178106459725142,392.6664532650448,1206.2451984635084,1175.4142125480153,Vsx_enh3_1,enh3,0.07423482427669259,-0.6049921834473828,-22.08591154010233,0.6095296146766153,-1.448702866770499,-100
412,52.729419272495214,662.9521378430121,743.7192086790045,1931.0,1.4499064614572688,940.4058710912572,684.7109125717932,1011.1480536056158,Vsx_enh3_1,enh3,0.23362840907784554,-0.6872235998018736,-16.935072360628396,0.7258501978045407,-1.2430938398321403,-100
413,51.657332350773764,669.5460574797347,721.1908621960206,1601.0,1.432326902969,483.89093588798823,847.4915254237288,1959.0280029476787,Vsx_enh3_1,enh3,0.16441445473897232,-0.6822268541604686,-20.147059178081918,0.7017589283114272,-1.3343090952411414,-100
414,53.085521380345085,736.152288072018,606.9489872468117,1508.0,1.2739621801063845,492.7516879219805,1094.6594148537133,1200.9017254313578,Vsx_enh3_1,enh3,-0.22305639117601472,-0.7450642509147698,-30.875607721822632,0.7777370324445495,-1.8616830538052367,-100
415,53.769503546099294,174.78191489361703,579.1660756501182,1969.0,1.5671341912511403,428.7192671394799,850.5992907801418,1400.513002364066,Vsx_enh3_1,enh3,0.28511418179403814,0.7728774857563003,-10.931474586873506,0.8237898425260316,1.217384664702681,-100
416,54.71831797235023,212.3254608294931,738.7177419354839,2011.0,1.387108315028809,952.4141705069125,715.3652073732719,2024.4107142857142,Vsx_enh3_1,enh3,0.6892513075349751,0.5139768370833402,1.9603570950466604,0.8597904128314454,0.6407454164551799,-100
417,54.10992907801418,279.15647163120565,686.3625886524823,2586.0,1.3943460130933305,276.8107269503546,669.6578014184397,1215.4574468085107,Vsx_enh3_1,enh3,0.4741534061193309,0.38882259827530397,-5.610514002440695,0.613192029843932,0.6868388420828564,-100
418,52.476377952755904,300.9219160104987,782.6174540682415,1698.0,1.3625750070844207,982.4199475065617,1150.5997375328084,1992.2716535433071,Vsx_enh3_1,enh3,0.7194905368543745,0.23501939047689469,0.0043846264650966305,0.7569020719506104,0.31572078845811297,-100
419,57.186180422264876,340.62725527831094,793.4763915547024,3438.0,1.697448919818863,789.0245681381958,1445.603838771593,1486.3136276391556,Vsx_enh3_1,enh3,0.7069666261987029,0.11869334125629205,4.078076649247748,0.7168611579778605,0.16633969383550812,-100
420,53.80921052631579,345.062969924812,737.0126879699249,2617.0,1.497182729688771,325.79605263157896,1267.6329887218046,1927.3157894736842,Vsx_enh3_1,enh3,0.5462950585931083,0.1633264280399367,-4.194148717777182,0.5701875245386664,0.29051257140919184,-100
421,53.92411101474415,362.19124024284474,695.4405897658282,2664.0,1.4355975927685893,306.31699913269733,1443.2124891587164,1674.6266261925412,Vsx_enh3_1,enh3,0.4128235971049803,0.159340550925676,-8.227813440962024,0.4425073259235298,0.3683597315039573,-100
422,55.08631826189078,386.05578391074573,772.8214914856136,2107.0,1.3948603649188398,555.1773341162655,1541.8126834997065,1468.571931884909,Vsx_enh3_1,enh3,0.6027326919600684,0.01874807016993163,-1.493953665867494,0.6030242019127652,0.031095089910549874,-100
423,54.90299277605779,387.5796353629171,657.5283797729618,3278.0,1.256816694485045,297.60096319229444,1339.0419676642587,2175.3474372205023,Vsx_enh3_1,enh3,0.28067293610798894,0.1297589264822936,-11.411761944760912,0.30921622865774123,0.43304663585399317,-100
424,52.05381727158949,394.15707133917397,690.2546933667084,2026.0,1.543352232401681,359.25156445556945,1470.052565707134,2361.0650813516895,Vsx_enh3_1,enh3,0.3655748818788873,0.07969274461664022,-11.755043719745913,0.3741602969387525,0.2146351012537774,-100
425,54.03719552337064,416.1774193548387,692.4028966425279,3399.0,1.3784169092596117,749.5612244897959,954.378538512179,2114.2004608294933,Vsx_enh3_1,enh3,0.34803165618716414,0.01905661663138991,-10.44691986795965,0.3485529921630514,0.05470078822413223,-100
426,54.56490670901151,452.51091703056767,729.280666931322,2914.0,1.3542761489557757,338.3545057562525,1357.068678046844,1813.1230647082175,Vsx_enh3_1,enh3,0.41250726734687837,-0.11420590881199355,-8.223965696796967,0.4280248067829274,-0.27009269332390934,-100
427,53.592,454.50228571428573,757.0148571428572,2075.0,1.562250454042314,328.7868571428571,1366.0525714285714,1899.664,Vsx_enh3_1,enh3,0.48779955906564454,-0.14715067569161744,-6.941567843877593,0.5095112669815427,-0.29298102669571796,-100
428,53.419937694704046,498.0018691588785,783.3302180685358,1922.0,1.679345399885048,370.4672897196262,1460.2816199376948,1923.846105919003,Vsx_enh3_1,enh3,0.5156279988566197,-0.2888831986742927,-6.577576525369864,0.5910378462342095,-0.5106824742788312,-100
429,53.81650793650794,505.24,808.3587301587302,1878.0,1.4457048117772435,409.695873015873,1297.5866666666666,2205.3949206349207,Vsx_enh3_1,enh3,0.5775490835315451,-0.333081384447791,-4.360474413142285,0.6667129461423296,-0.523122406689994,-100
430,54.064094179202094,513.3734466971877,792.6304774362328,1889.0,1.3923197063755903,484.48136036625243,1535.8534990189667,2275.8162197514716,Vsx_enh3_1,enh3,0.5252713312651631,-0.3389817631374199,-5.746910050097128,0.6251548665641423,-0.5730965693670783,-100
431,53.4213649851632,530.179821958457,840.4718100890208,2150.0,1.6514327886015157,461.29020771513353,965.9655786350148,1649.4456973293768,Vsx_enh3_1,enh3,0.6409174377037961,-0.43132616695165515,-3.0180427183099567,0.7725395939691417,-0.5923623106810142,-100
432,56.924173164829256,585.9327776283948,878.2834095186878,4645.0,1.48903957027834,872.5716590481312,600.141704759344,1150.5773057273461,Vsx_enh3_1,enh3,0.6869145761022915,-0.6171268723307597,1.498646371341522,0.9234160554238465,-0.7319326897302062,-100
433,55.10469798657718,180.0697986577181,720.4738255033557,1777.0,1.5842734182840068,1317.8778523489932,744.4469798657718,2121.0093959731544,Vsx_enh3_1,enh3,0.6720738676294038,0.6178023662693617,2.0546775244790183,0.9128872040500776,0.7433479974647743,-100
434,56.82592592592592,188.32275132275132,358.15714285714284,2237.0,1.4721797708764228,729.3708994708994,693.8460317460317,1187.6888888888889,Vsx_enh3_1,enh3,-0.34426604674336836,0.9574233850399609,-26.958460667845685,1.0174372949531998,1.9159761100779702,-100
435,53.95238095238095,198.12219227313568,673.2461814914645,1311.0,1.7179601974961687,386.4303683737646,787.1015274034143,1553.3827493261456,Vsx_enh3_1,enh3,0.522263728296722,0.6170304098838226,-3.751016159660182,0.808384765205153,0.8683872876261742,-100
436,54.39507042253521,219.40915492957745,702.7823943661972,1697.0,1.3550176908905933,495.59788732394367,708.688028169014,1844.850704225352,Vsx_enh3_1,enh3,0.5820486676539549,0.5310386524102464,-1.6500902137109108,0.7878976468244048,0.739602699268453,-100
437,54.37331701346389,248.0532435740514,661.1138310893513,1871.0,1.465009342523927,1023.8788249694003,590.3017135862913,1882.90758873929,Vsx_enh3_1,enh3,0.4363337756126313,0.49658134861664416,-6.27091450171406,0.6610447787663852,0.8498885172784791,-100
438,54.37777777777778,269.44362139917695,721.20329218107,1494.0,1.2960193113318972,252.37942386831276,724.7506172839506,1781.0164609053497,Vsx_enh3_1,enh3,0.5810707135548006,0.37983359718143705,-2.0459643625399906,0.6942022296844597,0.578957014437763,-100
439,54.24969400244798,282.4985720114239,706.968584251326,2816.0,1.4529895259877759,294.2745818033456,706.8000815993472,1456.735210118319,Vsx_enh3_1,enh3,0.5279143692421864,0.3593849548255279,-3.8704324645187853,0.638632231419087,0.5976987165157371,-100
440,56.47356426618049,319.0264357338195,706.5273473108477,2719.0,1.3038259972628907,300.28669097538744,1439.4061075660893,1861.23290793072,Vsx_enh3_1,enh3,0.4879727395389817,0.26281637955938786,-3.098255851761337,0.5542470964271108,0.49403958743495585,-100
441,55.075046904315194,338.6693245778612,714.9910881801126,2543.0,1.4906614157333908,333.4512195121951,1396.9179174484052,1904.0736397748592,Vsx_enh3_1,enh3,0.491395856068924,0.2022515184574829,-4.536057924390576,0.5313902182766147,0.39045399797414615,-100
442,55.413108839446785,371.8767288033674,766.3950691521347,2057.0,1.381626528673762,525.1900180396873,1323.996993385448,1845.9398677089598,Vsx_enh3_1,enh3,0.5995681272048354,0.06279518028713138,-1.1624908967031047,0.6028475543843627,0.10435357092406322,-100
443,53.41119221411192,378.6581508515815,701.7761557177615,1294.0,1.6340570821316258,983.0328467153284,1474.2591240875913,2121.5182481751826,Vsx_enh3_1,enh3,0.41340010591316756,0.10931413560947689,-8.840244803353528,0.42760873215249623,0.25851022103445703,-100
444,55.14556574923547,399.5382262996942,752.2770642201834,1921.0,1.2969179658230834,282.9987767584098,1402.3700305810398,1959.9461773700307,Vsx_enh3_1,enh3,0.5315376317413443,0.0034577055966700243,-3.677915430846298,0.5315488779831918,0.006505008524252375,-100
445,54.71224601867106,399.2416254805052,765.4733662822625,2260.0,1.3155141093786569,323.5700164744646,1360.9879187259749,1957.465678198792,Vsx_enh3_1,enh3,0.5686524015075014,-0.008915727195685452,-2.990398138239243,0.5687222906935128,-0.015677409821482916,-100
446,55.123116659492034,416.57727077055534,743.0120533792509,2582.0,1.3262371936832384,295.79337064141197,1410.8080068876452,1776.8923805424022,Vsx_enh3_1,enh3,0.48801225050162067,-0.032528506540009605,-5.1333502306461725,0.48909514450399116,-0.06655665069079712,-100
447,54.16944114149822,475.5743162901308,870.7128418549346,1936.0,1.4635313783168242,745.5701545778835,1254.5624256837098,1237.2907253269916,Vsx_enh3_1,enh3,0.7817455409657568,-0.3165606541090227,2.365569209955467,0.8434078127156376,-0.3847584057842745,-100
448,54.618942731277535,474.75936123348015,776.0963656387665,2187.0,1.5108720467416237,793.5187224669603,1355.3854625550662,1524.6998898678414,Vsx_enh3_1,enh3,0.5194337854172959,-0.21998633377038956,-5.096738153129095,0.5640970169028362,-0.40060944767349477,-100
449,54.423142370958594,558.4883720930233,719.2733976176971,2087.0,1.5415080949227817,296.40555870674984,1335.9444129325013,510.2512762336926,Vsx_enh3_1,enh3,0.27417459800928534,-0.3855475814370263,-13.281806213163478,0.47309475556752223,-0.9526393036499186,-100
450,55.67884057971015,564.4028985507247,798.0371014492754,2017.0,1.3459556566184485,329.9895652173913,856.4359420289856,1904.8788405797102,Vsx_enh3_1,enh3,0.4866269235403531,-0.4798710918004121,-5.648289988945464,0.6834339964181385,-0.7784082662581002,-100
451,53.516828294352536,684.5407872219054,652.8237307472904,2154.0,1.560313857392908,285.63605248146035,446.718197375927,2085.5236737022246,Vsx_enh3_1,enh3,-0.041802020142070795,-0.6538419811050691,-24.610435739028432,0.655176880806519,-1.6346423423833927,-100
452,55.85222672064777,253.2914979757085,742.3335020242915,2320.0,1.3514902487725808,376.627024291498,709.7064777327935,1781.0536437246963,Vsx_enh3_1,enh3,0.656257965077299,0.4015981258210315,1.8170061590898285,0.7693864902572455,0.549161140677377,-100
453,55.93047619047619,294.9290476190476,754.8314285714285,2548.0,1.2357991346890893,928.8976190476191,1192.1904761904761,1126.3438095238096,Vsx_enh3_1,enh3,0.647546907265325,0.2785926192528252,1.3421605645670667,0.7049332199655773,0.4062902140684043,-100
454,56.47159090909091,326.3181818181818,729.9727272727273,2227.0,1.4331958273270313,549.4034090909091,1471.322159090909,1659.5051136363636,Vsx_enh3_1,enh3,0.5455461637281886,0.22006304651382247,-1.412931141098042,0.588258753610593,0.38341777093836416,-100
455,55.9553368660106,329.00757002271007,744.7403482210447,1740.0,1.470033507865911,448.01816805450414,1543.9598788796366,1840.0522331566995,Vsx_enh3_1,enh3,0.5839372042056425,0.19819641108462194,-0.7909775022043277,0.6166558812030635,0.3272130565864584,-100
456,54.750507099391484,365.6443542934415,814.6693711967546,1727.0,1.2716747226653655,668.5273833671399,1372.050709939148,1917.816768086545,Vsx_enh3_1,enh3,0.740456352712501,0.031178380480491485,2.469187780891957,0.7411124757293497,0.042082120768249257,-100
457,57.20626895854399,379.9180990899899,683.865520728008,2398.0,1.434692204569614,288.1895854398382,1552.5288169868554,2199.6253791708796,Vsx_enh3_1,enh3,0.36125108958429286,0.12377274692387785,-6.613099974461917,0.38186652459586073,0.3300873668752425,-100
458,55.1540847983454,423.1401240951396,791.2063081695967,2301.0,1.4075902312622937,330.3857290589452,1391.2032057911065,2003.931747673216,Vsx_enh3_1,enh3,0.6151400585158717,-0.09804478333698985,-1.3099920421693838,0.6229045441562514,-0.15805664188885288,-100
459,55.3420054200542,476.98265582655824,792.1533875338754,2146.0,1.4548673655270654,541.1533875338754,1272.0113821138211,1704.9018970189702,Vsx_enh3_1,enh3,0.5615552740201393,-0.2419252319383327,-3.1146108971895075,0.6114508513594938,-0.40678386903278924,-100
460,58.842296805499394,485.90901738778814,802.9158916295996,3123.0,1.2150799929159044,752.8908208653457,1372.5802668823292,1276.9478366356652,Vsx_enh3_1,enh3,0.5812026878507455,-0.2764260153761082,0.9306546600695356,0.6435898587933495,-0.443946211655999,-100
461,55.8334131163236,486.71756821445666,748.8817616084251,2511.0,1.4244742190796176,305.9760651029201,1335.5806606031595,983.9861177596937,Vsx_enh3_1,enh3,0.43096805873454236,-0.22459545512243928,-6.631610051685456,0.48598002645281174,-0.4804176170225278,-100
462,56.569330199764984,496.2038777908343,842.2732079905993,2068.0,1.3674278210270756,907.8266745005875,1417.7685076380728,1211.385428907168,Vsx_enh3_1,enh3,0.680503050007317,-0.3429883791238103,1.5746635292975668,0.7620534294150507,-0.4668598784536504,-100
463,56.2748597654258,501.64150943396226,738.772565017848,2320.0,1.580147532293085,366.982151963284,1432.2952575216725,924.2891381947986,Vsx_enh3_1,enh3,0.3871747790603641,-0.25413298485014313,-7.614619475031915,0.46312836614623903,-0.5808457770388407,-100
464,57.27912395153774,510.7483690587139,769.4398881640261,2562.0,1.4005441033042842,320.97204100652374,1486.2227399813607,1749.0722273998135,Vsx_enh3_1,enh3,0.4626557677633032,-0.3089302113470651,-4.391035603428364,0.5563166678498801,-0.5887400039869657,-100
465,56.457344775365975,522.7309439676931,759.6850075719334,2293.0,1.3125954375989015,310.5330641090358,1490.145885916204,1780.5971731448763,Vsx_enh3_1,enh3,0.42326272830472655,-0.33098978969705584,-6.488988203108093,0.5373132959974674,-0.6636661207847115,-100
466,55.31920600858369,561.762339055794,774.9543991416309,2110.0,1.3488745832770082,280.57403433476395,767.8615879828326,1113.5633047210301,Vsx_enh3_1,enh3,0.4253091622794454,-0.4498201805180876,-7.842161124379757,0.6190525650703408,-0.8133992949348732,-100
467,53.41036717062635,578.1403887688984,834.9114470842333,673.0,1.5825975151800227,330.13390928725704,1300.0518358531317,2929.6501079913605,Vsx_enh3_1,enh3,0.5754320753955844,-0.5530946451019219,-5.34063671280262,0.798145199719005,-0.7656073038183863,-100
468,55.83817951959545,590.6807838179519,831.6877370417193,1849.0,1.3329979759869532,565.3078381795196,982.1997471554994,1673.6068268015172,Vsx_enh3_1,enh3,0.552721671235558,-0.5832125098472309,-3.676169303572621,0.803516071709667,-0.8122338017882735,-100
469,55.1588471849866,605.0630026809652,806.0951742627345,1731.0,1.3401170573818675,879.6233243967829,527.7962466487936,1109.774798927614,Vsx_enh3_1,enh3,0.4667567795875731,-0.5958402148141781,-7.053863228282978,0.7568932902865293,-0.9062850374061194,-100
470,56.89712292938099,217.10549258936356,762.3966870095902,1417.0,1.3708928150789832,1084.2972972972973,1059.0122057541412,2394.9163034001745,Vsx_enh3_1,enh3,0.7494952473759735,0.4776178751091098,5.933370020912889,0.8887417850325892,0.5673617716551427,-100
471,57.5092091007584,215.26814734561214,366.4750812567714,2111.0,1.4174929105076801,297.9387865655471,608.5373781148429,1022.7248104008668,Vsx_enh3_1,enh3,-0.3494376459295665,0.8775801923218247,-26.61650574473518,0.9445917966764309,1.949735473883475,-100
472,56.595647193585336,244.5721649484536,680.6053837342497,2020.0,1.361263675780769,326.9925544100802,610.7319587628866,1033.1975945017182,Vsx_enh3_1,enh3,0.4935422242087264,0.48633041875847427,-2.2882234051730848,0.69289335635918,0.7780383546630127,-100
473,56.59736147757256,267.55778364116094,652.3878627968338,2183.0,1.7680624837388828,276.4348284960422,489.665963060686,897.5804749340369,Vsx_enh3_1,enh3,0.3911181036092144,0.45347081559535085,-5.539051928713306,0.5988398379930822,0.8590905827215483,-100
474,56.79119850187266,260.61516853932585,709.4728464419476,1318.0,1.2428414072699292,296.9522471910112,799.1423220973783,668.191947565543,Vsx_enh3_1,enh3,0.5570061394487351,0.41493133400360716,-0.2877830596912503,0.6945673842915435,0.6402492710334851,-100
475,57.31594698589141,374.25181701581874,708.9016673792219,2698.0,1.365471937658902,426.5079093629756,1260.4873877725524,1974.14108593416,Vsx_enh3_1,enh3,0.4367334907218401,0.11382864576767204,-4.184614218551232,0.4513237225267311,0.2549640716334416,-100
476,55.700892857142854,407.18824404761904,818.3958333333334,1611.0,1.499987068334328,575.3043154761905,1434.3080357142858,1997.6450892857142,Vsx_enh3_1,enh3,0.707218379059505,-0.08284140110627491,2.1301600775225893,0.7120537433486355,-0.11660556603754645,-100
477,57.23096774193549,410.06451612903226,772.8677419354839,1775.0,1.3371887358898893,327.19612903225806,1281.7703225806451,1964.0251612903226,Vsx_enh3_1,enh3,0.5772274514008675,-0.0450718813887766,-0.2781556315844256,0.5789844601910009,-0.07792528504810513,-100
478,56.833333333333336,442.35786435786434,879.8210678210678,1617.0,1.281636835333273,744.2431457431458,1586.8160173160172,1639.5108225108224,Vsx_enh3_1,enh3,0.8409851671098809,-0.23752170214782653,7.060321812667837,0.873883636584434,-0.2752631070882114,-100
479,57.010822510822514,461.45454545454544,903.4123376623377,2320.0,1.3169171011383138,483.82738095238096,1203.4724025974026,1497.2207792207791,Vsx_enh3_1,enh3,0.886600509829544,-0.311761638436452,8.482472438133996,0.9398168881386354,-0.3381325215718296,-100
480,56.61769352290679,481.3973143759874,720.6635071090047,1524.0,1.406891195156708,272.77172195892575,1059.4573459715639,678.7551342812006,Vsx_enh3_1,enh3,0.3578543905970877,-0.18232720373076905,-8.014400195311069,0.4016254151443785,-0.4712195627082495,-100
481,59.96453569762016,580.7111525898273,837.6929538030798,2702.0,1.2980619851199187,614.0186654223052,839.1927204853009,1781.8268782081195,Vsx_enh3_1,enh3,0.5786831034203974,-0.5628156436587429,1.3200990142295552,0.8072394830106289,-0.7714985091730061,-100
482,55.835684647302905,616.346887966805,780.0672199170125,1388.0,1.6292971656240363,331.949377593361,1319.6705394190872,2131.0282157676347,Vsx_enh3_1,enh3,0.3824410708774193,-0.5998335238192318,-8.99853526622418,0.711379946998272,-1.0032027546166722,-100
483,56.73580786026201,625.2525473071324,771.3078602620087,1794.0,1.3994738508984346,465.53711790393015,863.5363901018923,1654.2416302765648,Vsx_enh3_1,enh3,0.3485524365236867,-0.6147502369379076,-9.180021755156943,0.7066870982420808,-1.0550085187824507,-100
484,59.76091476091476,162.74064449064448,533.2536382536382,2326.0,1.371881689373067,627.9927234927235,663.4132016632017,1279.445945945946,Vsx_enh3_1,enh3,0.168390830669074,0.8505487974995709,-8.355916567588665,0.8670575118072543,1.375344755011663,-100
485,59.478051391862955,170.19057815845824,474.84528907922913,2236.0,1.453444177079221,551.813704496788,619.402034261242,1131.3592077087794,Vsx_enh3_1,enh3,-0.0016809883507487022,0.8890637853592598,-13.826418329902111,0.8890653745136919,1.57268706441723,-100
486,58.01618578465869,205.7353976073188,707.1569317382125,1686.0,1.3042573271830393,1044.9683321604505,661.5200562983814,2064.6509500351863,Vsx_enh3_1,enh3,0.6074794646197734,0.5629051915237957,2.848722125638659,0.8281869079979275,0.7473314130716052,-100
487,58.4845869297164,228.08631319358815,325.98150431565966,1915.0,1.3986512673356062,587.9161528976572,749.6831072749692,1397.2102342786684,Vsx_enh3_1,enh3,-0.4756509744191503,0.8839438967857765,-29.537045214996965,1.003793137120747,2.0644580480396586,-100
488,57.191377497371185,248.2334384858044,758.9894847528917,1224.0,1.3361734539818668,1028.3901156677182,809.6824395373292,2419.322818086225,Vsx_enh3_1,enh3,0.7074709762823821,0.3983794384101804,4.742962014989715,0.8119244787724765,0.5128478467718383,-100
489,57.55809233891426,300.81481481481484,716.5210553018773,2408.0,1.4809280714693085,316.0131912734652,1437.685438863521,1921.8148148148148,Vsx_enh3_1,enh3,0.5344554313310603,0.3011685812304925,-0.47901136318635906,0.61346974041077,0.5131529628487409,-100
490,59.61458038994066,326.46792879344446,645.4116982198361,4050.0,1.341982498109491,709.641706696807,1239.2277479513987,750.8821701045493,Vsx_enh3_1,enh3,0.3094429884761771,0.30399228725883654,-5.3864034670021965,0.433781366393171,0.7765128612466684,-100
491,58.84610951008646,323.1556195965418,754.5412103746397,2071.0,1.3825634357028145,1001.1244956772334,1429.7020172910663,838.9221902017291,Vsx_enh3_1,enh3,0.6164946693882827,0.20389742213881745,3.1351565512786834,0.6493379983791362,0.3194117808279357,-100
492,57.36779324055666,329.4612326043738,804.6003976143141,1783.0,1.2868646989794388,1057.639496355202,1180.8767395626242,2284.808482438701,Vsx_enh3_1,enh3,0.7494899218243072,0.1372308122223156,5.6220977038105815,0.7619497612962436,0.18109299625523498,-100
493,59.48672566371681,339.10671525247267,772.9281624154087,2355.0,1.479320062585384,609.8094742321707,1452.4169703279542,1751.0530973451328,Vsx_enh3_1,enh3,0.65079589700286,0.14319277052753399,4.702658402630888,0.6663628659274976,0.2165762074101595,-100
494,57.02073255010366,356.3213545266068,758.1478921907394,1778.0,1.3335794327174024,357.968210089841,1214.083621285418,1067.4803040774016,Vsx_enh3_1,enh3,0.592425730444682,0.11228924316874678,0.34446139291625855,0.6029735651123729,0.18731935446767795,-100
495,58.976593778872804,380.34308592546967,751.3575608253773,4038.0,1.538538346966103,303.6732368340006,1438.378811210348,1758.3501693871265,Vsx_enh3_1,enh3,0.547952745385377,0.05526059323499144,0.7979775245229774,0.5507321893080656,0.10050936867191773,-100
496,59.778821828695335,397.5601734730755,676.2056378749548,3250.0,1.3640491633472178,388.96132996024573,1268.5186122153957,1847.9096494398266,Vsx_enh3_1,enh3,0.3208463155506782,0.08453607714812006,-5.373094392736533,0.33179618222944984,0.25762344803199566,-100
497,56.75987841945289,438.13617021276593,855.7629179331307,2063.0,1.5384892262659688,454.3519756838906,1166.9854103343464,1649.8231003039514,Vsx_enh3_1,enh3,0.7785263878502153,-0.2023053307676861,5.130361304068529,0.8043822371460765,-0.25423386698297706,-100
498,58.977653631284916,451.4581005586592,779.6162011173184,2144.0,1.4000335402777415,761.7513966480446,1128.2793296089385,2008.5670391061453,Vsx_enh3_1,enh3,0.5523288786990532,-0.16172303983203962,0.43513630970181794,0.5755184895878402,-0.284840178663457,-100
499,58.084798994974875,454.25502512562815,887.9032663316583,1928.0,1.3064301968001446,1024.1099246231156,1469.5062814070352,841.6111809045226,Vsx_enh3_1,enh3,0.8506997985115214,-0.2771926620142048,8.527125268876901,0.8947211403907166,-0.3149921424185681,-100
500,57.586107921928814,475.35820895522386,761.4827784156142,2205.0,1.4945752608755425,463.1768082663605,1440.939150401837,1618.3989667049368,Vsx_enh3_1,enh3,0.4773677253450668,-0.2070476522319583,-3.391813395405535,0.5203351568901423,-0.40923988403074646,-100
501,58.990639625585025,514.4050962038482,711.0488819552783,2431.0,1.5213593259300209,295.30941237649506,1161.38741549662,704.1861674466978,Vsx_enh3_1,enh3,0.29604134256501347,-0.2603997588181747,-7.7283032584680456,0.39426959165050907,-0.7214327941957257,-100
502,58.3475935828877,526.5496137849079,803.5282234105764,2044.0,1.4269628764996138,383.0427807486631,992.3790849673203,1126.4052287581699,Vsx_enh3_1,enh3,0.5406464236992574,-0.3849136018203997,-1.0739131862662674,0.6636693727490747,-0.6187016221216454,-100
503,57.67765326301912,677.8259723137772,740.129861568886,1758.0,1.333566144426587,1138.8042188529994,622.7719182597232,979.6651285431773,Vsx_enh3_1,enh3,0.20677518589372523,-0.7232174837289209,-12.88140003806798,0.7521964545732561,-1.2923156377284193,-100
504,58.43317230273752,147.97020933977456,609.6070853462157,1417.0,1.4012316960320237,526.6843800322061,701.328502415459,1590.1795491143316,Vsx_enh3_1,enh3,0.3964296425512912,0.8135890346061159,-2.7013879067939257,0.9050323633576073,1.1173923160524895,-100
505,57.97937356760886,223.75783040488923,778.5546218487395,1496.0,1.2680072024196205,1059.8059587471353,1031.5706646294882,2094.5897631779985,Vsx_enh3_1,enh3,0.7871784557346242,0.44381418935651173,8.111243385860945,0.9036708227263539,0.5133793175408011,-100
506,58.63201094391245,253.54172366621066,696.37414500684,1690.0,1.527475504445774,300.98632010943913,714.6073871409029,730.140902872777,Vsx_enh3_1,enh3,0.5274642595543468,0.4467461408041853,0.7178848438726959,0.6912312633487061,0.7027320703683672,-100
507,59.39509692132269,294.2200684150513,741.2286202964652,2154.0,1.3108719101925506,478.72805017103764,1405.276510832383,1858.799315849487,Vsx_enh3_1,enh3,0.6095185104424179,0.29398524894418876,3.677561398596225,0.6767127464210502,0.44940686956954806,-100
508,59.116966580976865,363.1805912596401,774.1053984575835,1755.0,1.2154239676863992,448.99421593830334,1497.517994858612,1861.8901028277635,Vsx_enh3_1,enh3,0.6290574365191628,0.0781176289071861,3.5072060423612044,0.6338892824351438,0.12354952693049179,-100
509,59.87314225053078,429.8949044585987,783.297770700637,2219.0,1.604696921442105,298.47717622080677,1296.4835456475585,1840.196390658174,Vsx_enh3_1,enh3,0.5848116456253947,-0.1081711894548878,2.465294897374548,0.5947315924744266,-0.18290040999359736,-100
510,58.904498269896195,474.46505190311416,828.4096885813149,1675.0,1.3659642089494763,461.0955017301038,1312.59169550173,1783.7010380622837,Vsx_enh3_1,enh3,0.6639974367586123,-0.27148833846884124,3.5725347590243643,0.7173552215928867,-0.38812908587791806,-100
511,58.56660168940871,525.4788823911631,784.2566601689409,1848.0,1.4414220099311514,318.64717348927877,1148.538661468486,2108.205977907732,Vsx_enh3_1,enh3,0.4881273270958155,-0.3628438640390874,-2.4321295874547815,0.6082137429625551,-0.6392241371084808,-100
512,59.22790253225036,556.0721452460583,818.696607740086,2449.0,1.224030988987201,941.7028189202102,788.2627806975634,1242.1810797897754,Vsx_enh3_1,enh3,0.5517769379455479,-0.47843792649248396,-0.05994824512225705,0.7303154378451769,-0.7143299798601687,-100
513,62.01112565445026,545.3756544502618,820.8344240837696,2370.0,1.7849847724683796,455.4509162303665,919.8946335078534,1825.9659685863874,Vsx_enh3_1,enh3,0.5681139037638252,-0.452227411887533,3.3022907082863213,0.7261288038029268,-0.6723065763829529,-100
514,58.351540616246496,632.6204481792718,789.7275910364145,1615.0,1.2498522290584126,951.5658263305322,590.4796918767507,866.9257703081232,Vsx_enh3_1,enh3,0.39163059322773597,-0.6527203948087489,-6.308636922734635,0.7611953989293402,-1.030378678118124,-100
515,58.56616541353384,660.4819548872181,730.2097744360902,1549.0,1.4919736887631783,1112.1187969924813,768.5676691729324,836.1165413533835,Vsx_enh3_1,enh3,0.19704534079504898,-0.6672925552010942,-12.162090653499575,0.6957774217059952,-1.2836654953208746,-100
516,57.41187050359712,691.1780575539568,706.5719424460432,698.0,1.4906648307865942,397.15107913669067,285.2428057553957,586.5989208633093,Vsx_enh3_1,enh3,0.09962722854893635,-0.7251694448263486,-16.476222275824412,0.7319810847133256,-1.4342662698828592,-100
517,60.55542021924482,196.1845310596833,541.0109622411693,1831.0,1.3035254984669058,473.6705237515225,689.8008526187576,1167.9311814859927,Vsx_enh3_1,enh3,0.15485121824517978,0.7540119259595481,-8.20025256391267,0.7697485851115566,1.3682429464159567,-100
518,59.503439649781114,223.682301438399,666.2958098811757,1834.0,1.3742217370125323,282.20888055034396,657.0187617260788,1258.9537210756723,Vsx_enh3_1,enh3,0.4747536968789088,0.5560113446109427,0.20973062572645063,0.7311222114231377,0.8640678339645854,-100
519,59.60499702558001,313.4223676383105,727.1076740035693,2022.0,1.3006310680291318,413.81796549672816,1302.1368233194528,1743.8405710886377,Vsx_enh3_1,enh3,0.5501729704888179,0.2570979269910476,1.9627041665863345,0.607280529508055,0.43715023626388205,-100
520,59.903351519875294,371.8690568978956,820.5128604832424,1560.0,1.2917930420964014,471.82852689010133,1235.477007014809,1849.1893998441153,Vsx_enh3_1,enh3,0.7487930678186552,0.008727778946084452,7.8510189853357275,0.7488439306949111,0.011655267801522434,-100
521,60.198641765704586,387.58404074702884,806.3865308432371,2021.0,1.2310737303019528,472.9394453876627,1340.4057724957556,1862.431805319751,Vsx_enh3_1,enh3,0.6930469211481272,-0.018898221499414336,6.354886137123501,0.6933045345940984,-0.02726155909230878,-100
522,60.657338965153116,446.37222808870115,851.0216473072861,2187.0,1.390491193821281,573.8020063357973,1299.4408658922914,1756.727560718057,Vsx_enh3_1,enh3,0.7556835674944038,-0.2195094889176955,8.296409774183516,0.7869193541310171,-0.2826983301993585,-100
523,59.139503688799465,485.85513078470825,851.7706237424547,1790.0,1.4378743790081252,966.8108651911468,1609.429242119383,1161.1368209255534,Vsx_enh3_1,enh3,0.7169958220027208,-0.3250413209965164,5.329082997553954,0.7872324111242611,-0.42562618793216594,-100
524,59.949098621420994,526.8711558854719,834.1240721102863,2352.0,1.4132163700297382,587.3101802757158,1282.722693531283,939.5143160127253,Vsx_enh3_1,enh3,0.6249291350807722,-0.416328769445662,3.0763171502826765,0.750910159833346,-0.5876805427809025,-100
525,61.013501350135016,549.1728172817282,805.6845184518452,2646.0,1.2361170564989836,620.2695769576958,711.583708370837,1073.7160216021603,Vsx_enh3_1,enh3,0.5223093766347418,-0.4471707486003267,0.8913133261465589,0.6875818230031602,-0.7080487505318207,-100
526,61.04485154769425,637.9014529374605,825.6645609602022,1833.0,1.3563893510899614,1008.2811118130132,644.7359444093494,779.602021478206,Vsx_enh3_1,enh3,0.4852885489009282,-0.7026512097184836,-0.8137609866188171,0.853945957431275,-0.966370732610663,-100
527,58.569640062597806,734.9906103286385,651.0586854460093,1436.0,1.4667906612232682,780.6087636932707,1368.6807511737088,1688.7449139280125,Vsx_enh3_1,enh3,-0.10072358339395415,-0.7860992981570872,-21.668061866104125,0.7925259281656241,-1.6982328224454968,-100
528,60.62848605577689,206.11205179282868,606.6528884462151,2236.0,1.5470519087116767,386.5328685258964,941.656374501992,1393.2973107569721,Vsx_enh3_1,enh3,0.32696297541419117,0.6621516391087074,-3.0000117739281933,0.7384778808238259,1.1121301193238087,-100
529,59.23744292237443,227.0958904109589,743.6461187214612,656.0,1.8678733307265096,1054.0981735159817,962.5159817351598,2279.6301369863013,Vsx_enh3_1,enh3,0.6863034882888677,0.46976540310178927,6.305630588419476,0.8316802342179682,0.6002380947616224,-100
530,60.663171690694625,265.25360419397117,679.802752293578,1834.0,1.70341184689473,257.7522935779817,600.4665792922674,1278.9993446920053,Vsx_enh3_1,enh3,0.4686198473597136,0.43215484233197055,0.8989842909923595,0.6374655826712621,0.7449384283994461,-100
531,61.45353594389246,327.5768556399766,716.5073056691994,2064.0,1.3271382299998922,352.3027469316189,1351.157218001169,1828.2793687901813,Vsx_enh3_1,enh3,0.5054304341144478,0.23006720760493082,2.3691520594527162,0.5553294911529996,0.4271620795478104,-100
532,61.024682651622,327.8787023977433,784.0183356840621,1715.0,1.328704434742238,1092.8504936530323,1401.8864598025389,1044.5416078984485,Vsx_enh3_1,enh3,0.6929173041438663,0.16190355128135892,7.596775426627943,0.7115807405344238,0.22953691283122807,-100
533,60.626269465132026,348.1496276235613,744.2268111035884,1747.0,1.3164979661223086,363.84089370345293,1493.8436018957345,1819.980365605958,Vsx_enh3_1,enh3,0.5612586214113748,0.14780770040765234,3.080542196255763,0.5803950003302882,0.2575037736620942,-100
534,59.948849104859335,392.7480818414322,850.1879795396419,972.0,1.4017211026518348,631.7992327365729,1583.9053708439897,1933.3196930946292,Vsx_enh3_1,enh3,0.8094987974375205,-0.07631234743037041,9.583800683313171,0.8130878657458401,-0.0939933225681692,-100
535,60.702560735390676,413.55022980958637,869.8522652659225,1771.0,1.262386825389002,413.4005252790545,1409.9455022980958,1769.0085357846356,Vsx_enh3_1,enh3,0.8422596162950331,-0.15117149328206492,11.184511312715586,0.8557184593209298,-0.17759236044028565,-100
536,61.571593533487295,464.5762124711316,835.1939953810623,1992.0,1.3145476207800098,403.49422632794455,1313.4699769053118,1824.7003464203233,Vsx_enh3_1,enh3,0.6924412603782801,-0.25205649883543235,7.178056733127889,0.7368903430493831,-0.3491021826128243,-100
537,61.10481586402266,545.0845136921624,786.3677998111426,2482.0,1.3636545918305054,345.2252124645892,884.514164305949,1076.3257790368273,Vsx_enh3_1,enh3,0.4728476100050365,-0.41704306382215994,-0.4817605807739085,0.630483766142832,-0.7227707306567723,-100
538,61.284734133790735,653.9273870783305,700.9411092052602,2019.0,1.500808562609957,1039.0771869639793,715.4305317324186,1011.8953687821612,Vsx_enh3_1,enh3,0.12176784050621703,-0.6207351106063428,-11.659534231224697,0.6325657946182485,-1.3770888968194377,-100
539,60.859197124026366,703.8226482923907,635.1905332534452,1922.0,1.387431932818768,374.8783702816057,722.6099460754943,1555.4188136608748,Vsx_enh3_1,enh3,-0.11295359771491686,-0.6875671167187016,-19.521135295948298,0.6967833631980689,-1.7336220487929273,-100
540,62.44284736481862,219.86858316221765,707.7563312799452,1761.0,1.301710955426244,1081.6919917864477,817.1327857631759,2407.1122518822726,Vsx_enh3_1,enh3,0.5931870146386999,0.5247070600307804,6.763106187876332,0.791952229103573,0.7242166163050792,-100
541,62.288167938931295,243.8447837150127,688.7741730279898,1848.0,1.4082945171890726,350.1889312977099,782.2709923664122,1351.4930025445292,Vsx_enh3_1,enh3,0.5154472745842422,0.48000460733940664,4.093577640232979,0.704336791558826,0.7498085959599786,-100
542,61.55911330049261,260.36371100164206,752.5960591133005,1459.0,1.2753522391693566,988.747947454844,906.539408866995,2036.0238095238096,Vsx_enh3_1,enh3,0.6758436618275128,0.37247762776156135,8.088806884307047,0.7716892110268886,0.5037102576556634,-100
543,61.954918032786885,443.5275175644028,799.0403981264637,1989.0,1.3106333064245055,420.30152224824354,1259.5386416861827,1722.9069086651054,Vsx_enh3_1,enh3,0.6137842677935783,-0.16010889905064363,5.335048409001416,0.6343232511473218,-0.25516906440334397,-100
544,62.16203143893591,453.2569528415961,735.1668681983072,1899.0,1.2862906905926583,342.503022974607,1374.46977025393,2093.5574365175335,Vsx_enh3_1,enh3,0.42600654177219743,-0.12220038916502429,-0.19395485673122437,0.44318676508306337,-0.2793502387340463,-100
545,62.09228824273072,479.4102402022756,748.7964601769911,2048.0,1.4200747972237315,362.4753476611884,1478.9936788874843,969.0025284450063,Vsx_enh3_1,enh3,0.4366346973836237,-0.2052275203167674,-0.1255274957926531,0.4824605621754568,-0.43937816864095025,-100
546,62.704184704184705,493.0238095238095,880.6883116883117,1635.0,1.4504656936892266,444.76911976911975,1253.7402597402597,1676.1515151515152,Vsx_enh3_1,enh3,0.7889313869405514,-0.372994629903026,11.02985763707818,0.8726612900985339,-0.4416392379340324,-100
547,61.90078515346181,508.7987152034261,756.1413276231264,1623.0,1.4589639218588963,378.4325481798715,1596.0556745182014,1824.7630264097074,Vsx_enh3_1,enh3,0.42644964876104674,-0.29056900352598447,-0.830273966911335,0.516032604336687,-0.5981112863269863,-100
548,62.96561443066516,517.553551296505,740.0913190529876,2070.0,1.4345307458709726,356.13416009019164,1497.608793686584,1784.7006764374296,Vsx_enh3_1,enh3,0.3724047520847462,-0.29781292609890075,-1.4538661634477563,0.4768415232830407,-0.6745593739881357,-100
549,61.92080745341615,547.7184265010352,837.3680124223603,2319.0,1.319558768279361,436.75879917184267,1376.7525879917184,2221.6247412008283,Vsx_enh3_1,enh3,0.6116590182243604,-0.4749440509237206,4.509913729534389,0.7744020958668837,-0.6602371621841536,-100
550,59.13815789473684,649.796052631579,874.5394736842105,528.0,1.8510822264292488,390.32236842105266,1009.6447368421053,2543.2006578947367,Vsx_enh3_1,enh3,0.609278927878937,-0.7829647933199658,0.9322370070164254,0.9920961039818087,-0.9095094445056727,-100
551,61.83399602385686,654.0801855533466,644.4768058316766,3470.0,1.3921302159090885,579.6454605699139,527.5950960901259,813.3558648111332,Vsx_enh3_1,enh3,-0.0355159227295998,-0.5648042836756944,-15.857591801632694,0.5659198349817305,-1.6335954645697484,-100
552,62.75316034597472,675.8183632734531,776.502994011976,1719.0,1.1805603817375203,1057.9035262807718,673.6367265469062,1005.9527611443779,Vsx_enh3_1,enh3,0.3085946181300221,-0.7542789272161374,-4.697515394259369,0.8149646240059388,-1.1824481192039509,-100
553,61.45812807881774,679.2764778325123,696.8559113300493,1906.0,1.4350255447853002,1030.948275862069,620.2456896551724,883.8146551724138,Vsx_enh3_1,enh3,0.08392014197088238,-0.6839540272235958,-12.804889139386603,0.6890832326967391,-1.4487080501320806,-100
554,62.61751824817518,231.37372262773724,338.0131386861314,1578.0,1.3922420420728299,409.6430656934307,714.9722627737226,1261.6751824817518,Vsx_enh3_1,enh3,-0.44676675953560274,0.8631342808847173,-24.538402303448933,0.971906026457456,2.0484323211077418,-100
555,63.32761679479598,242.41159077468953,717.1218214074512,1992.0,1.3852731014319906,502.97161442933174,840.093435836783,1546.3299822590184,Vsx_enh3_1,enh3,0.5954646988545254,0.4555014862927611,7.56296067079937,0.749706483629977,0.6530014626229959,-100
556,64.13627760252366,272.7659305993691,726.6876971608833,1921.0,1.2668362212870807,287.4359621451104,870.398738170347,1487.2719242902208,Vsx_enh3_1,enh3,0.5901719371814529,0.3653611691263936,8.003362147217246,0.6941121662540672,0.5543278754853245,-100
557,63.304951690821255,290.15458937198065,759.0036231884058,1980.0,1.3782778941496794,1072.8260869565217,877.6557971014493,2089.967391304348,Vsx_enh3_1,enh3,0.662101036791441,0.28696753466022096,9.218978707088013,0.7216149588729895,0.40898041477325314,-100
558,62.33934120571784,314.42635177128653,778.911124922312,1867.0,1.3221909561515348,940.8216283405842,957.6563082660037,2095.22311995028,Vsx_enh3_1,enh3,0.6923908454598198,0.20268685243256046,8.99465426847108,0.7214478796320511,0.28477816050452137,-100
559,62.08029197080292,336.31897810218976,753.0897810218978,1617.0,1.376965531524523,391.4189781021898,1482.9751824817517,1525.7875912408758,Vsx_enh3_1,enh3,0.597839988894588,0.1703423648595952,5.727334581446911,0.6216342763936369,0.2775741311542495,-100
560,63.100289296046284,346.4194792671167,780.0405014464802,1429.0,1.631694222963237,572.1186113789778,1465.7010607521697,1758.2729026036643,Vsx_enh3_1,enh3,0.6619477973305297,0.11661595369215916,8.616423245823384,0.6721414784450308,0.17438156808224115,-100
561,63.4229797979798,346.949494949495,798.8882575757576,1829.0,1.3027109478668755,652.9128787878788,1502.284090909091,1579.6010101010102,Vsx_enh3_1,enh3,0.7137039713099878,0.09639454848837214,10.49925443084446,0.7201841900805134,0.13424997923325238,-100
562,62.936557788944725,376.28706030150755,792.9327889447236,1826.0,1.4142577614048677,463.4177135678392,1419.5106783919598,1841.5659547738694,Vsx_enh3_1,enh3,0.6666774389814987,0.024466256084131333,8.386498926670228,0.6671262289355023,0.036682329104227245,-100
563,62.53023758099352,403.9373650107991,823.3434125269979,1124.0,1.325038710353494,1051.549676025918,1420.2688984881208,953.2159827213823,Vsx_enh3_1,enh3,0.7224884974435006,-0.0792747361391396,9.470645111867583,0.7268246781226525,-0.10928737660707707,-100
564,62.15091342335187,458.42732327243846,807.9960285941223,1485.0,1.287379989807383,373.813343923749,1275.6584590945195,930.2144559173947,Vsx_enh3_1,enh3,0.6230847259921277,-0.2086029096926062,5.708691214130127,0.6570766695728182,-0.3230615211331589,-100
565,62.551916932907346,460.1062300319489,879.5327476038339,1486.0,1.3541919489248402,968.1014376996806,1262.2859424920127,804.5303514376997,Vsx_enh3_1,enh3,0.820098815249042,-0.2844547474010729,12.04753324701096,0.868030281782779,-0.33386961219668215,-100
566,64.23758620689655,631.5310344827586,641.208275862069,3277.0,1.3387014399470214,697.48,2075.111724137931,783.6458620689655,Vsx_enh3_1,enh3,-0.021740443369727025,-0.5017272927778207,-12.87117273914589,0.5021980915894377,-1.6141004332807374,-100
567,62.33795837462834,670.1000991080277,727.1783944499505,1203.0,1.4684612907121586,1109.962338949455,617.1129831516353,747.4618434093162,Vsx_enh3_1,enh3,0.17754888235604604,-0.6898696462129534,-9.030826874717647,0.7123508506290047,-1.318897211288798,-100
568,65.2620879120879,190.73296703296703,416.16153846153844,2147.0,1.4563502936847597,406.2120879120879,805.5956043956044,1026.689010989011,Vsx_enh3_1,enh3,-0.1878420676568654,0.8929861216506005,-13.782691262971127,0.9125288246637404,1.778126327713075,-100
569,64.33447880870561,249.67697594501718,559.1118747613593,2923.0,1.4995147000772644,273.36998854524626,1566.4284077892326,2350.102710958381,Vsx_enh3_1,enh3,0.14833387836503675,0.5938765322154476,-4.975869391002263,0.6121211277084455,1.3260320269975083,-100
570,62.83420365535248,342.3896866840731,706.8198433420365,1880.0,1.39619551975797,279.8746736292428,1300.5267624020887,1738.650130548303,Vsx_enh3_1,enh3,0.46266756023564426,0.20038645820266776,2.361022797865033,0.5041983775513493,0.4087207177923637,-100
571,63.881008668242714,355.08353033884947,698.0173364854215,1599.0,1.5191943461773223,243.806146572104,1173.1907013396376,531.9345941686367,Vsx_enh3_1,enh3,0.4246670277405493,0.17545387810221147,2.1762455380006713,0.4594846545762961,0.3917963552161835,-100
572,64.27777777777777,401.3403656821378,807.6694796061885,1870.0,1.5120090604884042,1025.92194092827,1621.7524613220817,1365.0900140646977,Vsx_enh3_1,enh3,0.6811433374805644,-0.05677164343869323,9.995096992310351,0.6835051321628041,-0.08315537245112993,-100
573,64.01239275500477,405.42421353670164,768.8036224976167,1358.0,1.51911852431849,285.34699714013345,1373.6215443279314,1063.4642516682554,Vsx_enh3_1,enh3,0.5689071511618791,-0.02882302050512997,6.311703708608604,0.5696368256654096,-0.0506205575805672,-100
574,64.20443814919736,425.46836638338056,707.7157695939566,2385.0,1.2830416665011386,326.171388101983,1255.4154863078377,1812.653446647781,Vsx_enh3_1,enh3,0.37811803325380744,-0.021075837202120362,0.6047122076562061,0.37870494845657576,-0.05568116230730782,-100
575,64.58611825192801,469.4904884318766,728.1645244215938,2272.0,1.6899413959305771,332.3203084832905,916.4133676092545,1085.6570694087404,Vsx_enh3_1,enh3,0.38893985641086126,-0.15835134297557507,1.0075905656973418,0.4199397096335015,-0.3866427597951661,-100
576,63.10630942091616,594.3085566119274,845.1702679343128,1447.0,1.54121285009377,839.1279170267934,599.1253241140881,934.4995678478824,Vsx_enh3_1,enh3,0.5844233683296727,-0.6064313537213742,4.552962855271247,0.8422052364038939,-0.8038768912837942,-100
577,63.767524401064776,646.9991126885537,764.3096716947649,1306.0,1.2968107986725228,1114.9653948535936,535.1969831410826,751.0381543921917,Vsx_enh3_1,enh3,0.30448095092623584,-0.6656253517132823,-3.602254436445591,0.7319602163508449,-1.1417759138874883,-100
578,65.1604447974583,672.8816521048451,763.5385226370136,1444.0,1.2739034375212266,1003.7776012708499,606.8300238284353,953.4964257347101,Vsx_enh3_1,enh3,0.2749550782490835,-0.7335900053722586,-3.2756617186474557,0.783424910911716,-1.2121943837559246,-100
579,65.52508361204013,144.88879598662209,431.5175585284281,1345.0,1.278318000690551,653.1254180602007,769.3745819397993,1413.2040133779265,Vsx_enh3_1,enh3,-0.09740123520943356,0.9993564758087221,-10.468432105452806,1.0040918117190043,1.6679534189020975,-100
580,66.28427853553481,217.26992103374013,648.0409188801149,1743.0,1.355520558066993,300.908111988514,593.5197415649677,918.491744436468,Vsx_enh3_1,enh3,0.42883107024355716,0.591125608037435,5.676131845317244,0.7302914290089004,0.9431943472204741,-100
581,64.8796178343949,269.47579617834396,741.5662420382166,1861.0,1.2387975807502865,415.8993630573248,895.275796178344,1665.4464968152865,Vsx_enh3_1,enh3,0.6347629937839798,0.3592340185787102,10.118861549987116,0.7293648869953981,0.514994319240979,-100
582,64.88888888888889,284.33173461231013,691.1670663469224,1548.0,1.490934516226519,227.25579536370904,865.7801758593125,635.0031974420464,Vsx_enh3_1,enh3,0.4791512286585138,0.37009095836463257,5.326567210726793,0.6054363859136777,0.6576765318747677,-100
583,63.500319081046584,313.7785577536694,704.4926611359285,1834.0,1.5330393530593858,257.6962348436503,1281.766432673899,1739.1952776005105,Vsx_enh3_1,enh3,0.48586078260738463,0.2786484005780827,3.9295897812046263,0.5600943056491325,0.5207174752604371,-100
584,65.64490674318508,392.70875179340027,795.1750358680057,1663.0,1.2789978660604062,1023.2417503586801,1344.2360114777618,2307.5624103299856,Vsx_enh3_1,enh3,0.6550368243966993,-0.02141474027316903,10.639760447791588,0.6553867807765729,-0.032680782279846145,-100
585,63.98435689455388,476.6205098493627,812.5492468134415,2018.0,1.4720801350427775,539.5057937427579,1333.460602549247,1646.1396292004636,Vsx_enh3_1,enh3,0.616261058846933,-0.2614765843665541,7.216599638622839,0.6694383443030006,-0.401273489899824,-100
586,65.10507246376811,493.7210144927536,744.0295893719807,1942.0,1.3375668746248373,365.05012077294685,1323.875,781.8907004830918,Vsx_enh3_1,enh3,0.40762679834380733,-0.23851592740839422,1.9237911633082518,0.4722811179324337,-0.5294162189886004,-100
587,64.79763186221744,502.25403659849303,835.2874058127019,2209.0,1.4476920337139167,567.8191603875134,1271.2018299246502,1866.4041980624327,Vsx_enh3_1,enh3,0.6525111611153109,-0.35222980526298076,8.948757408750907,0.7415097107224211,-0.49498348364959704,-100
588,63.630434782608695,528.749527410208,751.0671077504726,1384.0,1.5716219776291926,270.11058601134215,1577.0028355387524,923.7051039697543,Vsx_enh3_1,enh3,0.39105626220055134,-0.33849924024297684,-0.3013675966804783,0.5172105333917117,-0.7134826135684706,-100
589,64.31391830559758,581.5098335854766,792.5022692889561,1562.0,1.4745498272740158,968.8978819969743,505.26021180030256,670.1149773071104,Vsx_enh3_1,enh3,0.4510231574975554,-0.5199195893099828,1.827289213303132,0.6882864722972012,-0.8562377130482132,-100
590,63.461897356143076,602.5303265940902,784.5598755832037,1563.0,1.7337671350976125,354.60886469673403,666.8654743390358,1799.578538102644,Vsx_enh3_1,enh3,0.4072492768405227,-0.5677796260168194,-0.49632502964490754,0.6987314771834228,-0.9485758914989948,-100
591,66.16684045881127,592.6162669447341,790.5787278415015,2277.0,1.3932523571398052,899.5625651720542,542.2982273201251,961.4098018769552,Vsx_enh3_1,enh3,0.43358101371768965,-0.5475176754505948,3.0836080728697652,0.6984039664744769,-0.9010119779818038,-100
592,65.09209453952731,692.8272208638957,673.4572127139364,1492.0,1.5068653795740454,347.758761206194,1335.0888345558271,1429.240423797881,Vsx_enh3_1,enh3,0.0037370834024834654,-0.6966433081398318,-11.671589077073804,0.6966533316997527,-1.5654319638387613,-100
593,65.45504587155963,176.06605504587156,645.2954128440367,1293.0,1.4202254867328539,1290.9798165137615,717.9669724770642,2048.75871559633,Vsx_enh3_1,enh3,0.4644081797186941,0.703261607954,6.2050475195998445,0.8427644075372882,0.9871702738510796,-100
594,65.80221300138312,247.28423236514521,730.4751037344398,1734.0,1.4189405593250846,374.50968188105116,909.0470262793914,1448.2572614107885,Vsx_enh3_1,enh3,0.6268249507187953,0.42919535927218955,10.960297531313415,0.7596829439077885,0.6003925653613293,-100
595,65.88846880907373,298.6061751732829,735.7038437303088,1979.0,1.422003005320669,390.95148078134844,1358.429111531191,1980.964713295526,Vsx_enh3_1,enh3,0.5878006774880067,0.28773527714309877,9.51077395499577,0.6544472676755366,0.45522177509577033,-100
596,66.9021113243762,351.04478566858603,731.6346769033909,1878.0,1.5219966391281585,308.2277671145234,1430.4612923864363,1638.5451055662188,Vsx_enh3_1,enh3,0.5215082199909924,0.15257227674324136,8.161338818149162,0.5433683126101388,0.284616910457691,-100
597,65.27067183462532,482.9935400516796,759.5497416020672,1891.0,1.403814045831367,405.6020671834625,1432.6808785529715,868.9754521963824,Vsx_enh3_1,enh3,0.4619185194277886,-0.22552932395026204,3.8039691750236955,0.514035207502193,-0.45419931755743265,-100
598,65.14920634920635,486.7055555555556,845.55,1567.0,1.4892596574478885,1013.6365079365079,1538.5833333333333,1002.218253968254,Vsx_enh3_1,enh3,0.6971645955350059,-0.32120205724255013,10.75830052218663,0.7675996579235395,-0.43173802196309524,-100
599,66.9542656112577,498.6750219876869,793.343887423043,2934.0,1.3785197782725342,322.42392260334213,1469.6829375549692,1704.0866314863677,Vsx_enh3_1,enh3,0.5390473120511681,-0.30091255668354133,7.713503909326192,0.6173494726647256,-0.5091401115599934,-100
600,65.21033210332104,514.179335793358,778.0464944649447,1605.0,1.4225039300455462,284.74022140221405,1346.0383763837638,1985.050922509225,Vsx_enh3_1,enh3,0.48082535195444365,-0.3267730780623901,4.096673060284388,0.5813550237406429,-0.5969090152005647,-100
601,64.3193668528864,516.5437616387337,842.0391061452514,1272.0,1.320822138573276,1049.5707635009312,1606.169459962756,1113.5670391061453,Vsx_enh3_1,enh3,0.6565061686288289,-0.3968925092225991,8.48951076391964,0.767153187652059,-0.5437602757033274,-100
602,65.599609375,520.896484375,816.8776041666666,1780.0,1.327481475305238,372.525390625,1656.0227864583333,1999.5390625,Vsx_enh3_1,enh3,0.5816638012247508,-0.3833619355650365,7.485018012305602,0.696634158863458,-0.5827306393214041,-100
603,68.16483516483517,512.8699633699633,709.080586080586,2626.0,1.4491942440165093,353.05860805860806,1279.1771978021977,801.0737179487179,Vsx_enh3_1,enh3,0.28965122717586844,-0.25452954843009423,1.3005604393080006,0.38559450777794313,-0.7209470917638192,-100
604,65.40452261306532,603.0402010050251,861.8994974874372,1880.0,1.3555605146013814,390.7437185929648,758.730527638191,1998.983040201005,Vsx_enh3_1,enh3,0.6211918214452854,-0.6463473524365368,7.909567164879093,0.8964620343507204,-0.805241517895917,-100
605,65.01352657004831,607.096618357488,875.4425120772947,1304.0,1.3480511977422573,994.9082125603865,476.97777777777776,877.2144927536232,Vsx_enh3_1,enh3,0.6547179731606196,-0.6706231981924498,8.500874409664632,0.9372252121733706,-0.7973984406710957,-100
606,66.07054963084495,682.045118949959,677.8941755537326,1435.0,1.465530812212228,343.7169811320755,967.926989335521,1739.5758818703855,Vsx_enh3_1,enh3,0.027050743677125455,-0.6724665978014519,-9.910147033453,0.6730104515474817,-1.5305918508328162,-100
607,64.75853658536586,770.7747967479675,630.9918699186992,1402.0,1.4608464897385067,583.1032520325203,1288.2471544715447,1680.3731707317072,Vsx_enh3_1,enh3,-0.1955384384212715,-0.8611821482676335,-18.566377537440886,0.8831024704954039,-1.7940688947426393,-100
608,67.21580102414045,191.15727871250914,688.0746159473299,1567.0,1.294668910716992,1308.5983906364302,869.3972201901975,2513.1741038771033,Vsx_enh3_1,enh3,0.5671104108296974,0.6204775441274779,10.968243507496979,0.840598953626457,0.8303053669871631,-100
609,66.69660916121356,230.7816775728733,641.0315288518739,1973.0,1.2541330944360614,309.79000594883996,731.1380130874479,1202.6876859012493,Vsx_enh3_1,enh3,0.3951365280658683,0.5622440961967241,4.978624302300716,0.6872054274523884,0.9582039045188775,-100
610,66.66489361702128,313.70626477541373,752.9048463356974,2027.0,1.327482866774162,594.4190307328605,1287.413120567376,1651.364657210402,Vsx_enh3_1,enh3,0.619655341266016,0.23047070207846354,11.14670336042792,0.6611274358821018,0.35607969854008403,-100
611,67.55269607843137,346.73161764705884,770.0091911764706,2406.0,1.6162456868363595,537.249387254902,1610.672794117647,1784.8504901960785,Vsx_enh3_1,enh3,0.6325118770509357,0.1257156281616012,12.19586928978103,0.6448842483535816,0.1961992686788747,-100
612,66.64752252252252,371.2477477477477,701.9498873873874,2039.0,1.3759290059724807,281.46734234234236,1249.9757882882882,1746.4448198198197,Vsx_enh3_1,enh3,0.4179781522452404,0.12856852711125177,4.639196699528043,0.4373049301321699,0.2984112117807218,-100
613,66.24839400428266,412.16059957173445,858.2162740899357,1099.0,1.3613728011207762,448.7002141327623,1642.230192719486,1972.8597430406853,Vsx_enh3_1,enh3,0.8098375217942202,-0.13597308603794278,15.783495389050984,0.8211732410596962,-0.16635007755247788,-100
614,66.2601194426012,446.7345719973457,785.9827471798275,1772.0,1.3937749349022384,376.34638354346384,1305.435301924353,1963.151293961513,Vsx_enh3_1,enh3,0.5729555539327262,-0.1556714033438623,8.402552309343505,0.5937269175314562,-0.2652946374056393,-100
615,65.85793357933579,458.4142066420664,818.3035055350554,1345.0,1.3540985415909588,958.3745387453874,1484.229704797048,942.289667896679,Vsx_enh3_1,enh3,0.6507356282230223,-0.21892244033251196,10.265497505708652,0.6865740256665364,-0.3245286833581517,-100
616,65.228,490.7184,772.4064,1509.0,1.4963314529507303,346.1976,1418.2352,1955.6688,Vsx_enh3_1,enh3,0.4896141520266264,-0.2588650176873821,4.543387988037793,0.5538349169626642,-0.4863527243857607,-100
617,66.89406207827261,499.82995951417,869.1950067476383,1711.0,1.420671505934484,966.9291497975709,1340.4730094466936,1457.887314439946,Vsx_enh3_1,enh3,0.7487288890325097,-0.37967035077968425,13.97537615163914,0.8394906339757607,-0.4693007657133465,-100
618,66.73860182370821,506.7130699088146,850.1452887537994,1908.0,1.2582284627214975,502.67537993920973,1378.6328267477204,1784.8717325227963,Vsx_enh3_1,enh3,0.6886322852386306,-0.3789295789143805,11.956940398744237,0.7860038486223896,-0.5030459012319219,-100
619,68.21190581963572,519.8489560195469,856.1017325633052,2816.0,1.6399594211234123,746.6912483340737,1704.9018214127054,1649.157707685473,Vsx_enh3_1,enh3,0.6910841079948673,-0.41977166186250114,13.418566774022324,0.8085823968068235,-0.5458505013166615,-100
620,66.4616991643454,543.3126740947075,849.0041782729805,1667.0,1.271613186134273,430.9011142061281,1425.2555710306406,1877.0800835654595,Vsx_enh3_1,enh3,0.6473569315164938,-0.47494406550008494,10.17752473629372,0.8028965451016709,-0.632965426389264,-100
621,67.82789009849662,557.8071539657853,851.2047693105236,2226.0,1.2858777204668626,560.144634525661,1346.7128045619493,1535.1321928460343,Vsx_enh3_1,enh3,0.637979492875115,-0.5156427116937492,11.165001057127384,0.8203080149870974,-0.6797472298827723,-100
622,66.12682926829268,650.7407665505226,731.811149825784,1652.0,1.385587599414976,996.8445993031359,610.1512195121951,875.1428571428571,Vsx_enh3_1,enh3,0.20958240259369654,-0.643170794708074,-4.124589154471096,0.6764565430553258,-1.2557885163048663,-100
623,68.36531871144619,227.30568882796436,654.0747087045922,1838.0,1.3431111298165883,289.7511994516792,584.4084989718986,868.3324194653873,Vsx_enh3_1,enh3,0.4345649179147748,0.5584247927115182,7.868646355269405,0.7075909248974135,0.9094915354355892,-100
624,66.53490080822924,231.6958119030125,683.9419544452609,1553.0,1.3177036418691794,965.9257898603968,563.3218221895665,1965.8457016899338,Vsx_enh3_1,enh3,0.5135204368553192,0.5169994316061075,8.383948943955701,0.7286917395916576,0.7887741114412663,-100
625,67.31574030826717,278.00513778608126,677.0196170014012,2645.0,1.3539882473281588,260.4941616067258,718.1602055114432,1179.8346567024755,Vsx_enh3_1,enh3,0.44575375434207265,0.40095891540338013,6.799018806135052,0.5995535516961832,0.7325430227707959,-100
626,68.01274944567628,293.3769401330377,667.6452328159645,2203.0,1.4740404348310805,255.73447893569846,716.0171840354767,1405.1807095343681,Vsx_enh3_1,enh3,0.4034659146310533,0.36949448771842097,6.114925302827615,0.5470931554345848,0.7414766646224907,-100
627,67.62985237834883,323.29852378348824,672.7457627118644,2087.0,1.2567221315557615,284.1180973209404,741.4784034991799,1637.4117003827228,Vsx_enh3_1,enh3,0.38653794605219893,0.28498098740174127,5.010725499422364,0.48023509546754706,0.6353009129284852,-100
628,67.4765625,336.3936298076923,718.2836538461538,1938.0,1.3568213487364207,391.2139423076923,1568.6977163461538,1786.1304086538462,Vsx_enh3_1,enh3,0.49951738494075504,0.2047782347549023,8.176377795090048,0.539862707813185,0.3890562815527995,-100
629,67.39100346020761,363.73148788927335,771.1058823529412,1686.0,1.3514955807750368,425.9128027681661,1656.9453287197232,1956.6179930795847,Vsx_enh3_1,enh3,0.6178716399214068,0.0794958783001094,11.472958860996883,0.6229646523566762,0.12795786560300573,-100
630,67.2878947368421,382.3942105263158,751.4673684210526,2218.0,1.396305707055378,306.9557894736842,1439.2563157894738,1588.2615789473684,Vsx_enh3_1,enh3,0.5438358166132797,0.04955276764516037,9.004092272947418,0.5460887036120854,0.09086623330865137,-100
631,67.22121212121212,389.85818181818183,770.4927272727273,1901.0,1.4676241654416058,375.52,1467.5333333333333,1519.4842424242424,Vsx_enh3_1,enh3,0.5889594796493394,0.010754239818312028,10.247382898326833,0.5890576562127772,0.018257698892852506,-100
632,67.79441222983658,405.4633632050606,755.276225619399,2172.0,1.350806615038597,313.1639430680021,1379.4269899841856,1651.7496046389035,Vsx_enh3_1,enh3,0.5302208191838991,-0.01549750201809419,8.940697768253273,0.530447254366394,-0.029220073131637735,-100
633,66.72822299651568,420.82787456445993,802.3317073170732,1706.0,1.3968592754404578,329.8773519163763,1430.0648083623694,1772.9386759581882,Vsx_enh3_1,enh3,0.6453026051135231,-0.10322227208020573,11.237422558426871,0.6535061511720449,-0.15861575777388606,-100
634,67.06328233657858,423.1571627260083,787.3004172461752,1753.0,1.4291424514646431,274.9318497913769,1457.1571627260084,1764.9979137691237,Vsx_enh3_1,enh3,0.600993056669856,-0.09441189321040722,10.219858659611859,0.60836359173191,-0.15581969308280155,-100
635,66.99112426035504,422.56804733727813,760.092899408284,1969.0,1.5805379318357067,288.0715976331361,1210.6260355029585,1821.1,Vsx_enh3_1,enh3,0.5259891818827651,-0.06569588833275619,7.887121586211691,0.5300760032311692,-0.12425623137366149,-100
636,68.16232586311327,445.6880678376741,816.9594185342216,1974.0,1.4795174990481061,474.0339188370684,1287.8509993943064,1754.2846759539673,Vsx_enh3_1,enh3,0.6596414725583546,-0.18384049153597015,12.936788722110293,0.6847804017691669,-0.27180057475944186,-100
637,68.75984889368591,488.42417701025363,785.4522396114409,2468.0,1.2721422864428782,309.7868321640583,1322.1732325957905,1936.8305450620614,Vsx_enh3_1,enh3,0.5273054915915436,-0.2658584830317835,9.243354334637658,0.5905351932463979,-0.4669884344970079,-100
638,69.37123385939742,488.9322094691535,803.170731707317,3431.0,1.5975065419328998,408.883787661406,1408.9670014347203,1989.9071018651364,Vsx_enh3_1,enh3,0.5758659031679461,-0.2848999453842851,11.319712500753923,0.6424869783204971,-0.45942524906540433,-100
639,68.24776652769506,499.3972602739726,754.9356759976176,2080.0,1.4728401380061273,337.0101250744491,1472.4693269803454,732.7957117331745,Vsx_enh3_1,enh3,0.4311619609867483,-0.26452555180426984,5.750063920416167,0.505840295112293,-0.5502998357776709,-100
640,68.63231347289319,501.90230810520666,819.829307568438,2293.0,1.367393172984609,503.9463231347289,1407.0085882984433,1879.7219538378959,Vsx_enh3_1,enh3,0.6088506686155131,-0.3359409459543232,11.483179698994533,0.6953815181914478,-0.5041953442041084,-100
641,69.15097690941386,518.1693309650681,830.2060390763766,2154.0,1.5370268311081463,547.9727649496743,1728.805802249852,1883.2403789224393,Vsx_enh3_1,enh3,0.6205870225769659,-0.3894884978716685,12.244792147445636,0.7326865240778434,-0.5604761374786166,-100
642,65.80985915492958,531.4211267605634,833.7887323943662,993.0,1.5427950913080666,942.9915492957747,1701.5718309859155,884.6591549295774,Vsx_enh3_1,enh3,0.6176409907738831,-0.4281806902811478,8.708870527511252,0.7515444744083907,-0.6061825565407938,-100
643,68.90762241292276,534.2468450277638,809.5890964159515,2444.0,1.3040629747076846,347.7218576476527,1257.288743059061,887.6138313982837,Vsx_enh3_1,enh3,0.546566408739735,-0.4115898669874696,9.653606829929188,0.6842083438320626,-0.6454479561236351,-100
644,67.85880908532842,540.3118477593616,776.1755678330264,1889.0,1.678144419409461,318.42848373235114,1026.1264579496624,886.1497851442602,Vsx_enh3_1,enh3,0.44763646630589493,-0.39432698579062486,5.571538375221152,0.5965502306508215,-0.7221668981417798,-100
645,67.24497487437186,558.2600502512563,837.2600502512563,1893.0,1.4416981903365322,514.4717336683417,995.3153266331658,862.0477386934673,Vsx_enh3_1,enh3,0.5989001386413755,-0.5029185874612148,9.396761704598447,0.782054014553114,-0.6985055889295666,-100
646,67.61238938053097,577.6312684365781,768.2666666666667,1937.0,1.386412374539419,294.012389380531,966.5522123893805,1463.5811209439528,Vsx_enh3_1,enh3,0.38678707169348026,-0.48549919903360883,3.2267591588579307,0.6207364264254943,-0.8980835979261039,-100
647,67.5263509006004,626.7244829886591,822.2541694462975,1743.0,1.5131092507696655,990.1981320880587,678.0320213475651,1186.015343562375,Vsx_enh3_1,enh3,0.48568677054226184,-0.6696967641556267,5.783775576574158,0.8272758880810493,-0.9433348623397317,-100
648,68.03280067283431,672.3490328006728,687.0428931875525,1464.0,1.3841136783676038,598.4524810765349,747.3666947014298,1598.7502102607234,Vsx_enh3_1,enh3,0.06206024709960034,-0.6558929290464885,-6.815426662306692,0.6588224409074462,-1.4764577120053812,-100
649,68.37806873977087,790.4402618657938,533.5155482815057,1425.0,1.2256595527016025,424.06792144026184,1123.6284779050736,1761.372340425532,Vsx_enh3_1,enh3,-0.4880355507151032,-0.8161802973867363,-23.90006856922868,0.9509621320557908,-2.1097075998395542,-100
650,69.0569498069498,793.7519305019305,544.9584942084942,1294.0,1.3077569764516903,426.93243243243245,1510.4247104247104,1680.1969111969113,Vsx_enh3_1,enh3,-0.45986462800247363,-0.8364031527450203,-22.391065232441008,0.9544871450206457,-2.073495314949167,-100
651,69.27104247104248,179.9976833976834,656.6061776061777,1472.0,1.3380564541560291,603.3297297297297,1276.0586872586873,1803.934362934363,Vsx_enh3_1,enh3,0.49070336246439306,0.6814670421120081,10.802824277072233,0.8397542017868985,0.9467277642014028,-100
652,69.23985431841831,271.52757544224767,712.6930280957337,2260.0,1.3440153656783167,283.522372528616,756.5598335067638,1443.7882414151925,Vsx_enh3_1,enh3,0.5511562577295424,0.38251991353023707,11.958193580410594,0.6708909782383526,0.606709151517755,-100
653,69.55639976621859,308.9865575686733,724.7720631209819,2172.0,1.3921171194039255,309.052016364699,1302.8158971361777,1667.3629456458211,Vsx_enh3_1,enh3,0.5455741103195899,0.2710205717756289,11.846210264831683,0.609182452288804,0.46105398120223645,-100
654,69.45601436265709,332.49670855774986,729.8138839018552,2040.0,1.5597760256424402,499.9120287253142,1664.028725314183,1749.458408138839,Vsx_enh3_1,enh3,0.5350934580352789,0.2035804151560736,11.265024309991517,0.5725120036010355,0.3635468784804647,-100
655,70.19702602230483,399.2089219330855,810.1375464684015,1677.0,1.443410577270729,472.5903345724907,1853.6334572490707,1966.5873605947954,Vsx_enh3_1,enh3,0.6886024885033304,-0.05368553596941383,16.178202574620286,0.6906920615913451,-0.0778056436758244,-100
656,68.01285634432644,469.6215762996087,795.4181106763555,2056.0,1.5151501080538239,339.80883174958075,1113.3331470095025,1295.7976523197317,Vsx_enh3_1,enh3,0.5748302750742997,-0.22587589473659364,10.059298579867061,0.6176161955171284,-0.37440853719190303,-100
657,68.11368142762723,542.5756774619961,824.3674818241903,1929.0,1.4781372961038477,344.2161269001983,1035.2498347653668,1964.354263053536,Vsx_enh3_1,enh3,0.5791808229436051,-0.448432748491439,9.783023715362816,0.7324905156964272,-0.6588434861612428,-100
658,69.22203389830509,592.983615819209,850.9276836158192,2150.0,1.3051389305162935,422.28757062146894,1269.9519774011299,1658.7875706214688,Vsx_enh3_1,enh3,0.6001318035504706,-0.6087723254926152,11.176758510531897,0.8548461416643508,-0.7925454421637516,-100
659,68.91310160427807,617.5735294117648,803.7005347593583,1602.0,1.9996396448926808,394.05080213903744,720.1016042780749,1780.3676470588234,Vsx_enh3_1,enh3,0.44327177321944955,-0.6269150113383261,5.9594021367479115,0.7677970411342105,-0.9553422281473377,-100
660,68.28400954653938,643.7398568019094,829.9673826571201,1503.0,1.3806788539771218,994.4470962609388,545.6404136833731,803.381861575179,Vsx_enh3_1,enh3,0.48917213137153737,-0.7225773517027584,6.531023422771142,0.8725866165054014,-0.9756860399351603,-100
661,68.7829070492826,669.5327510917031,669.3393636930755,1850.0,1.356942401014958,627.8665003119152,729.9363693075484,1533.6200873362445,Vsx_enh3_1,enh3,0.015575383246171581,-0.6307639638529587,-7.446058661237345,0.6309562351373998,-1.5461084567541372,-100
662,68.66693613581245,694.4567502021018,741.9991915925626,1446.0,1.3113699745855711,661.3185125303153,1505.5278900565886,1879.132578819725,Vsx_enh3_1,enh3,0.1916055158506096,-0.7694341018934675,-2.421916650859913,0.7929322233715724,-1.3267389615039218,-100
663,69.21266233766234,730.1672077922078,735.5194805194806,1398.0,1.2603478651633557,555.7678571428571,1040.0568181818182,1795.3238636363637,Vsx_enh3_1,enh3,0.1361901878718219,-0.8577759359610323,-3.796086347825266,0.8685201918127103,-1.4133393384604893,-100
664,68.36945500633713,743.1863117870722,592.1533586818758,1795.0,1.4428543459013317,582.1191381495564,813.819391634981,1425.2826362484157,Vsx_enh3_1,enh3,-0.27572401318654305,-0.7492540466513198,-17.16935069608266,0.7983767017336308,-1.9234141973102508,-100
665,68.52437981180496,746.022241231822,573.7527801539777,1320.0,1.2580618787224809,465.98716852010267,921.2891360136869,1533.0025662959795,Vsx_enh3_1,enh3,-0.3298793827853731,-0.7384230260637844,-18.66855648054471,0.8087576723642597,-1.9909317300251395,-100
666,69.1587982832618,175.14077253218883,461.7845493562232,1327.0,1.4080638081217822,391.9802575107296,322.725321888412,696.0454935622317,Vsx_enh3_1,enh3,-0.045812957013852684,0.8887778414657481,-5.473643780732118,0.8899577959155522,1.62229676318814,-100
667,69.06388206388206,243.5085995085995,701.958230958231,1497.0,1.3508073365688529,952.2727272727273,1003.3202293202294,948.7141687141687,Vsx_enh3_1,enh3,0.5505894571985344,0.4676155253338943,11.959832496680548,0.7223662712997269,0.704087431555977,-100
668,69.96725784447476,264.3976807639836,733.5266030013643,1810.0,1.4682169757907642,324.0668485675307,1014.9154160982265,1697.7291950886768,Vsx_enh3_1,enh3,0.6163124306680845,0.38064357675520033,14.705343644631299,0.7243828716369504,0.5532708545775215,-100
669,69.62369895916733,544.77742193755,868.1465172137711,1504.0,1.428422327547686,610.3666933546838,1606.2233787029625,1599.6685348278622,Vsx_enh3_1,enh3,0.6981772212885278,-0.4979931669959171,14.876305016195317,0.8575830144661176,-0.6195806776997479,-100
670,68.7969040247678,591.4476780185759,743.9145510835913,1883.0,1.4506811432548743,784.8934984520124,417.8340557275542,822.1052631578947,Vsx_enh3_1,enh3,0.30434903654958334,-0.49789712448223344,1.8308287501270541,0.583549383185636,-1.0221320348235374,-100
671,70.21246973365618,625.1301452784504,748.1876513317192,1922.0,1.4011311720200386,790.1912832929783,512.2384987893463,995.3032687651332,Vsx_enh3_1,enh3,0.28070367136616325,-0.5916018329787147,2.3032887770030186,0.6548185091322771,-1.1277717508833416,-100
672,69.49273858921161,678.6161825726141,805.1659751037345,1109.0,1.254110095036526,1176.3070539419086,602.856846473029,739.0508298755186,Vsx_enh3_1,enh3,0.38350963717569386,-0.7904336061649859,4.31135719995244,0.8785584371922088,-1.1190676238124686,-100
673,69.92415169660678,681.0372588157019,739.4923486360613,1761.0,1.2990443942992698,966.4424484364604,961.6487025948104,1007.4703925482369,Vsx_enh3_1,enh3,0.19828970532872003,-0.7313319166689771,-0.8642484722037409,0.7577368801754804,-1.3060268810421065,-100
674,68.31435493640218,723.8304058146578,625.3361599030891,1885.0,1.5569730015398902,678.3234403391883,707.549364021805,1381.0405814657784,Vsx_enh3_1,enh3,-0.16326786172934837,-0.7309839230620454,-13.694568428241979,0.7489952539561595,-1.7905431126527545,-100
675,69.7288708586883,746.9702501690331,673.9824205544287,1698.0,1.5158329342520485,608.8877620013523,1354.740365111562,1840.497633536173,Vsx_enh3_1,enh3,-0.05255579321697068,-0.8409825185293327,-9.09332188364165,0.842623111404265,-1.633208487011326,-100
676,71.61642743221691,181.41307814992027,563.3070175438596,1411.0,1.3911051756189834,416.78389154704945,866.0295055821372,1502.378787878788,Vsx_enh3_1,enh3,0.22920653749885278,0.7707710809895765,5.253068419764986,0.8041291538814229,1.2817513288399118,-100
677,70.84040590405904,206.52121771217713,607.630996309963,1245.0,1.2621202740202226,357.0793357933579,892.3182656826568,1505.1309963099632,Vsx_enh3_1,enh3,0.32645080824761896,0.6599010619774217,7.23464428692651,0.7362333473868544,1.1114004358433913,-100
678,70.37031484257871,215.52923538230885,703.512743628186,1479.0,1.5749916545014448,1161.8275862068965,644.3778110944528,2276.7286356821587,Vsx_enh3_1,enh3,0.5837391002718373,0.5403149569640235,14.46747288988999,0.7954191284506608,0.7467856428125155,-100
679,70.76737588652482,215.9028368794326,634.8312056737589,1648.0,1.3527882112549028,354.0028368794326,1172.9851063829788,1650.0921985815603,Vsx_enh3_1,enh3,0.3923022949465389,0.6078542034319916,9.083968081632463,0.7234554742693307,0.9976695563014506,-100
680,71.05973025048169,240.01477199743096,720.6152858060373,1778.0,1.4030306360364124,466.69299935773927,950.2504816955684,1637.267822736031,Vsx_enh3_1,enh3,0.6055534596201573,0.45823537366700573,15.647459291338436,0.7593909731736886,0.6477890622388881,-100
681,71.15275459098497,244.7762938230384,290.08597662771285,1366.0,1.2873272672263618,484.24624373956595,1075.6260434056762,1308.2245409015025,Vsx_enh3_1,enh3,-0.5963316311141098,0.875225276542134,-20.57776100155006,1.0590706770397667,2.1688931179444526,-100
682,70.2766631467793,247.70432946145723,787.8933474128828,1127.0,1.3849357532731583,1050.1214361140444,1104.1583949313622,2445.3896515311512,Vsx_enh3_1,enh3,0.7847834181065632,0.3706991105748507,20.218636510666613,0.8679302068231097,0.4412908962588814,-100
683,69.36916548797737,259.3635077793494,722.2446958981612,857.0,1.2834826325996733,242.75671852899575,862.7086280056577,1693.039603960396,Vsx_enh3_1,enh3,0.5903638554036572,0.40527684698484645,13.356561738082874,0.7160857521757076,0.6015988429891996,-100
684,70.16507177033493,259.0645933014354,694.1698564593302,1997.0,1.4363244439320364,316.6100478468899,933.7553827751196,1394.2290669856459,Vsx_enh3_1,enh3,0.51240766040784,0.43407198117350276,11.804222805838961,0.6715505158098876,0.7028210656936288,-100
685,69.29076086956522,291.8070652173913,680.7364130434783,603.0,1.7083877065641624,223.5108695652174,720.5815217391304,1602.8396739130435,Vsx_enh3_1,enh3,0.4411466744845105,0.3605744664366324,8.546621903409545,0.5697581366288724,0.6852354325978032,-100
686,70.67415009621553,309.34958306606796,669.940346375882,1864.0,1.339226262184092,242.89223861449648,725.5817831943554,1577.0224502886465,Vsx_enh3_1,enh3,0.3924535926575734,0.324753657515392,8.343150282585981,0.5093964668698253,0.6912832055446833,-100
687,69.44912790697674,310.40552325581393,628.1991279069767,954.0,1.4789073705016471,227.95639534883722,535.0625,1417.0014534883721,Vsx_enh3_1,enh3,0.2756458860610902,0.36362731192186626,3.579365395223931,0.4562953829241818,0.922166233479077,-100
688,69.7279489904357,316.5940488841658,781.3698193411265,1128.0,1.3428015720294146,1101.836344314559,927.1806588735387,2550.7151965993626,Vsx_enh3_1,enh3,0.6949357358646568,0.19434259670480247,16.4746765370748,0.7215987263540018,0.2726892144660865,-100
689,70.02793296089385,351.90006207324643,744.2973308504035,2121.0,1.3952845501384719,344.87026691495964,1577.397268777157,1718.5580384854127,Vsx_enh3_1,enh3,0.5549603773899252,0.13760793753390055,12.303695434812894,0.5717665301021931,0.24305767954461824,-100
690,70.0670426065163,377.26441102756894,824.062656641604,1871.0,1.4936401630527105,468.05889724310777,1670.3621553884711,1968.9154135338347,Vsx_enh3_1,enh3,0.7502421983211502,-0.009324708805158344,18.061686449775493,0.750300144166355,-0.012428291444227097,-100
691,71.47401847575058,411.95727482678984,742.2419168591224,1977.0,1.223389325865375,300.1535796766744,1468.1997690531177,1538.2956120092379,Vsx_enh3_1,enh3,0.4862001056267131,-0.01979714504700658,11.260798162646523,0.48660298978062105,-0.040695620395837635,-100
692,70.98895790200137,444.47550034506554,799.4596273291926,1757.0,1.3302045335612767,305.8737060041408,1422.8309178743962,2018.047619047619,Vsx_enh3_1,enh3,0.6114798060049171,-0.1632103987978163,14.32922100061667,0.6328863937766029,-0.26083005068900883,-100
693,70.41477272727273,450.3952922077922,844.3003246753246,1521.0,1.4168197046402824,513.702922077922,1459.6517857142858,2105.1469155844156,Vsx_enh3_1,enh3,0.7301215681654694,-0.2236618612168596,17.29328119803189,0.7636112443275007,-0.29725862851883195,-100
694,68.75294117647059,457.45882352941175,752.8725490196078,1190.0,1.5317461764382088,329.4519607843137,1321.9774509803922,609.2127450980392,Vsx_enh3_1,enh3,0.46903591627866703,-0.1511451050918109,7.693217628467906,0.4927875135924035,-0.31173929096895475,-100
695,70.95791934541204,480.1373465809468,848.5417884278199,2021.0,1.4352882655823986,486.5686732904734,1522.8310929281122,1834.6054938632378,Vsx_enh3_1,enh3,0.710738308269923,-0.3068585809194482,17.045973788790704,0.7741518788495508,-0.4075708551359561,-100
696,69.94793152639087,483.0727532097004,744.107703281027,1693.0,1.4222182310951685,352.60199714693294,1596.8231098430813,833.3373751783167,Vsx_enh3_1,enh3,0.4176217355448948,-0.21041601933027942,7.162141081559483,0.46763534424841174,-0.4667177222247858,-100
697,71.14042303172738,483.89130434782606,832.6427732079906,2012.0,1.313400474771048,714.9018801410106,1515.6504112808461,1712.1874265569918,Vsx_enh3_1,enh3,0.6625721871868306,-0.300961440109871,15.74887245283081,0.7277222627256555,-0.4263676195502315,-100
698,71.18758716875871,490.9135285913529,729.4386331938633,1712.0,1.429504380620328,335.5271966527197,1189.2433751743374,1120.9721059972105,Vsx_enh3_1,enh3,0.3683214092215843,-0.21661473440740364,6.863694117376966,0.4272968565919527,-0.5316334594625235,-100
699,69.60384153661465,652.3781512605042,782.7154861944778,989.0,1.3808406333945284,391.7046818727491,698.0,1512.4825930372149,Vsx_enh3_1,enh3,0.348435998948996,-0.6983797681234722,3.547027726298566,0.7804754614257771,-1.1080126724741997,-100
700,69.72813487881982,736.1485774499473,615.8250790305585,1120.0,1.4030351205089362,612.4868282402529,1496.945205479452,1878.3919915700737,Vsx_enh3_1,enh3,-0.2029471640001569,-0.7542189047576783,-13.558957957817313,0.7810465464167795,-1.8336528737477584,-100
701,70.95665634674923,177.7843137254902,692.0608875128999,1162.0,1.2680240546919481,1545.0433436532508,890.969040247678,2631.7884416924667,Vsx_enh3_1,enh3,0.5911151522966809,0.6519308396536436,15.542125959166725,0.8800175810551929,0.8342839117297127,-100
702,71.14829142488718,218.47711154094134,731.5499677627337,1800.0,1.2749490050501904,1119.9658284977434,819.8646034816247,2309.127659574468,Vsx_enh3_1,enh3,0.6583952050904773,0.5044963273932257,17.48191438894412,0.8294581306126214,0.6538212087374993,-100
703,72.22229684351915,218.31161853593017,661.6863666890531,1670.0,1.3927853135209196,313.63734049697786,883.1356615177972,1340.6924110141035,Vsx_enh3_1,enh3,0.4640486542136881,0.5746337836646251,12.69398904982134,0.7386102753186272,0.8914653411552174,-100
704,70.35422343324251,223.1244323342416,614.2270663033606,1285.0,1.6272794254565637,383.79291553133515,833.1707538601272,641.8837420526794,Vsx_enh3_1,enh3,0.3276020021485344,0.6092523562735419,6.665456005012615,0.6917452605089471,1.0774365869376026,-100
705,71.4,239.5316129032258,662.6929032258065,1614.0,1.781179149030148,277.40903225806454,842.0077419354839,1023.858064516129,Vsx_enh3_1,enh3,0.4449369633053599,0.5173133245913977,11.143388591383612,0.6823356777387505,0.8604725345138505,-100
706,71.66522544780729,304.79802347127855,739.656578134651,2079.0,1.3927557974853448,339.77331686226063,974.5120444718963,1659.9178505250154,Vsx_enh3_1,enh3,0.5907439267098209,0.2672471983415843,15.356423743928346,0.6483821804815153,0.42484045103012613,-100
707,72.85700389105058,335.5559338521401,778.3764591439689,2801.0,1.733076104396181,868.4197470817121,1534.5987354085603,1217.830739299611,Vsx_enh3_1,enh3,0.6659745222670825,0.1469352649973188,18.609701550720516,0.6819912289822363,0.2171530113752019,-100
708,72.16318327974277,362.66961414790995,697.0594855305466,1588.0,1.4602700641061142,241.35610932475885,1206.1551446945339,718.0192926045016,Vsx_enh3_1,enh3,0.4118161350688665,0.15611876596485863,10.050828892142334,0.44041525653574853,0.3623587850312858,-100
709,70.61290322580645,402.96774193548384,796.9239631336405,693.0,1.7472993077245174,1168.2235023041474,1220.2465437788019,2817.0184331797236,Vsx_enh3_1,enh3,0.6478328352521829,-0.050485439345276606,15.338681439234776,0.6497970160109753,-0.07777254765600697,-100
710,70.79811804961506,423.6184773310522,772.639863130881,1402.0,1.5206048559375533,265.81779298545763,1469.8502994011976,1956.4670658682635,Vsx_enh3_1,enh3,0.5587290669364238,-0.08107540063972174,12.69052373707467,0.5645807212689237,-0.14410104485186592,-100
711,71.12086220169361,432.7921478060046,803.3133179368746,1498.0,1.354603363142854,289.30869899923016,1127.6043110084681,963.4387990762125,Vsx_enh3_1,enh3,0.6343445758604609,-0.1360435355478028,15.233443034507431,0.648768744999275,-0.21126297234027314,-100
712,71.07335423197492,458.38369905956114,856.0137931034483,1882.0,1.3240382199406013,442.29529780564263,1350.2739811912227,1842.369905956113,Vsx_enh3_1,enh3,0.7541715690864692,-0.2565692996907516,18.62487109094647,0.7966194581870002,-0.3279179283150498,-100
713,73.02581261950287,500.6424474187381,807.1281070745698,1558.0,1.578520852993024,946.2619502868068,1660.217017208413,836.9206500956022,Vsx_enh3_1,enh3,0.5736483394782175,-0.3200027891066417,14.840355620366438,0.6568669594538502,-0.5088408754911125,-100
714,70.81659388646288,542.2782283218964,837.3799126637555,1949.0,1.4330053703025416,491.02058640049904,1221.7947598253274,1781.9844042420461,Vsx_enh3_1,enh3,0.6149239934111197,-0.4606782789552861,13.577977845308084,0.7683462724409375,-0.6429651877939597,-100
715,74.38776147361848,581.9778332812988,854.4258507649079,3938.0,1.7110325538890918,738.9506712457071,686.5650952232282,1283.897908211052,Vsx_enh3_1,enh3,0.6199189357164971,-0.5831422084978314,17.037398994116174,0.8510900787763906,-0.7548383883691546,-100
716,72.46078908913785,585.1300535801266,795.2454943984413,2371.0,1.5644093485349044,924.484169508037,620.7067705796395,767.0238675109596,Vsx_enh3_1,enh3,0.45263560660560054,-0.5324176737080799,10.030340712375747,0.6988186972627044,-0.8662143998737768,-100
717,71.36749116607774,629.7332155477031,868.2720848056537,1314.0,1.3736657358639033,1071.4505300353358,445.0318021201413,741.25,Vsx_enh3_1,enh3,0.60942534760643,-0.7236766375859596,13.35509053814691,0.9461010147404654,-0.8708925891626415,-100
718,71.75403225806451,637.9862903225807,818.2556451612903,1410.0,1.2875684506426068,1001.3677419354839,602.383064516129,912.7080645161291,Vsx_enh3_1,enh3,0.46166180631874143,-0.695680448353952,9.224578552784237,0.8349268887965214,-0.984911562216826,-100
719,72.20759193357058,690.8214709371293,799.7200474495849,1989.0,1.3356555583924556,481.79537366548044,873.2004744958482,1613.9727164887306,Vsx_enh3_1,enh3,0.35489209658308085,-0.8174495964927849,6.088017988789076,0.891163421053261,-1.1612048968632698,-100
720,71.62777380100215,697.7551896921975,715.934144595562,1606.0,1.309993942046446,991.9835361488905,695.1853972798855,863.386542591267,Vsx_enh3_1,enh3,0.1148894827714737,-0.7522341305575917,-1.7882713288926624,0.7609571475630101,-1.4192365352151348,-100
721,71.42470694319206,202.00450856627592,704.0946798917944,1272.0,1.3753026080429926,1228.6023444544635,738.0180342651037,2275.0351668169524,Vsx_enh3_1,enh3,0.5991757259617858,0.5756179041562455,16.08647591783273,0.8308715437220495,0.7653481185766394,-100
722,72.37528089887641,212.68539325842696,333.6921348314607,1528.0,1.3576607766371531,598.9423220973782,779.3475655430711,1212.7378277153557,Vsx_enh3_1,enh3,-0.44196434357608183,0.9168768833727525,-14.466075938259578,1.0178387398089979,2.0199667937480643,-100
723,71.67518939393939,214.7035984848485,679.4450757575758,1238.0,1.380528259538084,474.0833333333333,831.7698863636364,1951.7679924242425,Vsx_enh3_1,enh3,0.5173327117828064,0.5665001399467773,13.778515599268417,0.7671737373243889,0.8307314839180245,-100
724,71.87124749833222,257.89326217478316,671.657104736491,1669.0,1.3541176425102468,246.89126084056036,676.6324216144096,1230.4656437625083,Vsx_enh3_1,enh3,0.45057441690938727,0.45961577870405823,11.658656282441726,0.6436334121275652,0.7953313229425132,-100
725,71.23926380368098,262.20613496932515,290.0196319018405,953.0,1.3601456891861088,579.5423312883436,1035.401226993865,1260.0319018404907,Vsx_enh3_1,enh3,-0.6147218556507568,0.8290201477791097,-21.167684497823885,1.0320646129184,2.2088378625458107,-100
726,73.3981827899519,326.018172100481,753.5483698556922,2205.0,1.19608147006773,964.5836451095671,1394.6541956173169,780.4067343666488,Vsx_enh3_1,enh3,0.6067519571243045,0.19702081613390177,17.431627593781954,0.6379381940785821,0.3139731421678605,-100
727,71.9983870967742,329.93387096774194,837.5693548387097,1468.0,1.3868415977341673,785.9306451612903,1851.2056451612902,1572.3112903225806,Vsx_enh3_1,enh3,0.836634154836343,0.10280610071261509,22.939131370922894,0.8429269264784784,0.12226765193440568,-100
728,72.33744855967078,340.537037037037,751.9465020576132,1800.0,1.481898360414626,497.1227709190672,1567.2681755829904,1484.4396433470508,Vsx_enh3_1,enh3,0.5874445735609914,0.16009672432078337,15.682463112741488,0.6088695165177018,0.2660691450700727,-100
729,72.41344195519348,347.63340122199594,776.112016293279,1300.0,1.3978124634966171,412.28411405295316,1787.8818737270876,2022.183299389002,Vsx_enh3_1,enh3,0.6472024075938667,0.11714198679881127,17.51337901942641,0.6577181778440295,0.1790589188633826,-100
730,72.1466275659824,376.52394916911044,807.9403714565005,1244.0,1.4339993471269423,1069.0029325513196,1275.1143695014662,2431.5190615835777,Vsx_enh3_1,enh3,0.7056227504351633,0.008691262034871805,18.807716604057816,0.7056762741990434,0.012316528266682735,-100
731,72.90447030006123,434.8205756276791,830.272504592774,1889.0,1.38255050618567,450.4966319657073,1515.7385180649112,1394.7078995713412,Vsx_enh3_1,enh3,0.7066866310976481,-0.16836412778514642,19.19410974077674,0.726465741860548,-0.23388432958237487,-100
732,72.69313432835821,438.2817910447761,786.8417910447761,1985.0,1.4269236778395604,335.2919402985075,1337.877014925373,1198.172537313433,Vsx_enh3_1,enh3,0.5823945790290359,-0.13420830522972516,15.205354043665182,0.597658192343285,-0.2264883583041952,-100
733,71.25825242718446,556.9398058252427,822.9563106796116,1291.0,1.5572102138257151,534.6766990291262,916.9650485436894,1540.5194174757282,Vsx_enh3_1,enh3,0.5594100835206404,-0.4852139244256316,12.243160468154201,0.740521568896607,-0.7144905766573626,-100
734,72.5845824411135,576.5610278372591,840.0460385438972,2258.0,1.4112422442777688,590.0995717344754,732.4919700214133,1525.4405781584583,Vsx_enh3_1,enh3,0.5860881343458517,-0.5543795214513425,14.243387050782616,0.8067440455470499,-0.7576021569978036,-100
735,71.2970711297071,611.0627615062762,867.4560669456067,624.0,1.2946259601256358,1053.0230125523012,436.163179916318,746.6589958158996,Vsx_enh3_1,enh3,0.6266522938273857,-0.6732979172077442,13.934701231815055,0.9197951851773365,-0.8212653979390055,-100
736,75.18635755684352,730.0526081141329,801.9496210432457,2591.0,1.2360526537364844,1161.540347748551,525.3441818992421,629.2403031654035,Vsx_enh3_1,enh3,0.31934819851278573,-0.9238735201093697,7.732038872933273,0.9775098736343484,-1.2379910882157363,-100
737,70.75438596491227,275.6425438596491,755.1798245614035,679.0,1.5759928213134033,1144.5964912280701,1050.0701754385964,2519.1666666666665,Vsx_enh3_1,enh3,0.664563139952278,0.3291700591295952,16.87391273043552,0.741617890028694,0.45989496700609905,-100
738,73.77693761814744,294.31505986137364,746.3875236294896,1844.0,1.3957056866459732,592.0390674228104,981.9357277882798,2040.4095778197857,Vsx_enh3_1,enh3,0.6198116934474693,0.2883197087670628,18.427311022487757,0.6835896355253959,0.4353999650827918,-100
739,74.00221361372441,404.1593801881572,774.4775871610404,2133.0,1.5780735322205364,333.03652462645266,1652.5285002767016,1540.7880464858881,Vsx_enh3_1,enh3,0.5832569319112317,-0.03131172313203845,16.783732307751762,0.5840968007342624,-0.05363278718141953,-100
740,72.7946735395189,413.4132302405498,804.430412371134,1366.0,1.4384791617495933,320.26460481099656,1702.9450171821306,2161.041237113402,Vsx_enh3_1,enh3,0.6572056823230124,-0.0857453567645422,17.739336150380964,0.6627756596951452,-0.1297367633806425,-100
741,73.52908587257618,447.3524930747922,833.4072022160665,1725.0,1.2472433230457434,452.84141274238226,1662.9002770083102,1883.7181440443214,Vsx_enh3_1,enh3,0.7021569722725627,-0.2047713844454343,19.59707473347899,0.7314066814014432,-0.2837620843864329,-100
742,74.3666082895505,465.0134267367192,740.5510799766491,1993.0,1.3836509634105438,295.0858143607706,1376.3368359603035,690.6649153531815,Vsx_enh3_1,enh3,0.4253593091768024,-0.1590075103298103,11.958144415837424,0.4541078398845932,-0.357735116117677,-100
743,74.21497405485545,459.6100815418829,810.7131208302446,1729.0,1.3149735122827937,428.527057079318,1601.6538176426982,1790.4440326167532,Vsx_enh3_1,enh3,0.6260913845645246,-0.21467660190833748,17.903772844239853,0.6618734510711503,-0.330321220419344,-100
744,73.221269296741,469.47284162378503,820.338479130932,2076.0,1.4407142994359436,539.4905660377359,1420.2664379645512,1694.828473413379,Vsx_enh3_1,enh3,0.6428348689227952,-0.2504455228934117,17.34277391943074,0.6898982741247739,-0.3715048612255823,-100
745,72.49021084337349,479.66265060240966,752.6671686746988,1681.0,1.538595166298396,310.66942771084337,1383.6709337349398,875.0798192771084,Vsx_enh3_1,enh3,0.4442765392423331,-0.20995196987725495,10.543145321740454,0.4913872942766063,-0.441464186685243,-100
746,74.23615337796713,529.3524041387706,832.9251369446135,2181.0,1.3534330300860542,481.32866707242846,1491.3049300060864,1827.2550213024954,Vsx_enh3_1,enh3,0.6150840118899581,-0.42198260225881246,17.106272019991422,0.7459206782840688,-0.6013067247000177,-100
747,73.90823970037454,541.9207240948814,814.8064918851436,2079.0,1.3703538572498903,332.8445692883895,1203.801498127341,999.6554307116105,Vsx_enh3_1,enh3,0.5516926434558227,-0.43725989677141375,14.77556529674304,0.7039609294327498,-0.6701994144392053,-100
748,74.1681697612732,576.9167108753315,883.9400530503979,2153.0,1.3029154500718994,540.8440318302387,929.7511936339522,794.2281167108754,Vsx_enh3_1,enh3,0.7073097036421163,-0.5991554302037447,19.49058888458606,0.9269704668482879,-0.7028026046278376,-100
749,73.13188405797102,595.5949275362319,875.454347826087,1599.0,1.3881938116164125,949.1289855072464,446.281884057971,905.1289855072464,Vsx_enh3_1,enh3,0.6645193527039215,-0.6402520182348672,17.027999523709227,0.9227722454494715,-0.7668013905014563,-100
750,71.29620853080569,730.7511848341233,640.281990521327,553.0,1.4914492213080173,506.6872037914692,932.2369668246446,1801.563981042654,Vsx_enh3_1,enh3,-0.12975608204721367,-0.7643256751540048,-9.737265080378265,0.7752614904197606,-1.7389585003133228,-100
751,74.64581328200192,189.0577478344562,546.2925890279115,1208.0,1.3797695528994105,476.43984600577477,900.0307988450434,1554.0269489894129,Vsx_enh3_1,enh3,0.17309904945405297,0.7674004163586372,6.5474033085104395,0.7866807992758603,1.3489437099968948,-100
752,74.85943060498221,244.9655990510083,623.2372479240806,1982.0,1.4392423232883869,279.59015421115066,676.8641755634638,1403.370106761566,Vsx_enh3_1,enh3,0.3286297480052536,0.5421977094648154,11.067461790598074,0.634015668120977,1.0258985878878386,-100
753,72.98092643051771,285.72888283378745,718.9618528610354,952.0,1.5466820112073774,245.2316076294278,740.9114441416893,868.6648501362398,Vsx_enh3_1,enh3,0.5527423111278305,0.3384959824912668,15.663135485129501,0.6481539883960163,0.5494828061777755,-100
754,73.47569444444444,296.9840277777778,693.3138888888889,1757.0,1.6292985452307633,239.48472222222222,719.2291666666666,1604.3083333333334,Vsx_enh3_1,enh3,0.46956297717303896,0.3342031279476694,13.570170151670538,0.5763515596071673,0.6185566550255005,-100
755,74.25289403383793,325.3873552983081,723.1593944790739,1512.0,1.5378532468299488,275.07569011576135,1337.0890471950133,1758.918967052538,Vsx_enh3_1,enh3,0.5226924267833919,0.22900525410413053,15.756382805508906,0.5706581984200427,0.41293592995279793,-100
756,74.33986928104575,331.9477124183006,739.4444444444445,1795.0,1.3203598446012783,372.04836601307187,1272.3745098039215,887.8346405228758,Vsx_enh3_1,enh3,0.5610983071138065,0.19533724734585256,16.957439025038582,0.5941278906486669,0.3350112527981461,-100
757,74.12326768781911,360.18453683442743,771.656455142232,1662.0,1.5223359919134054,449.45587162654994,1654.6229029905178,1883.070021881838,Vsx_enh3_1,enh3,0.621253375932096,0.08823813355020893,18.359123037545658,0.6274884264426321,0.1410887537725556,-100
758,74.7820987654321,365.8450617283951,738.7,1927.0,1.4084814559970198,257.7561728395062,1326.530864197531,1449.6253086419754,Vsx_enh3_1,enh3,0.5235470773557303,0.10608714046147294,16.031327362135542,0.5341872551634111,0.19992458301357258,-100
759,74.2040939193257,367.53883202889824,721.0764599638771,1954.0,1.4651966679797463,297.3377483443709,1265.2191450933174,1631.399759181216,Vsx_enh3_1,enh3,0.4729446484679607,0.11918826645567115,13.911476729103427,0.4877319790368384,0.24687248488833385,-100
760,74.60438292964244,372.9584775086505,763.6672433679354,2008.0,1.3206146905223217,400.722029988466,1408.670126874279,1534.6551326412919,Vsx_enh3_1,enh3,0.5855856470942591,0.062291758551625165,17.676251527222234,0.58888947457588,0.10597661265413834,-100
761,74.33437110834372,382.37982565379826,774.4931506849315,1914.0,1.3480451826100825,336.70921544209216,1478.4059775840599,1846.412204234122,Vsx_enh3_1,enh3,0.6059284274269956,0.026483229839070255,17.95359788878075,0.6065069007248483,0.04367906240390047,-100
762,74.11052283256122,388.59099933818663,803.3653209794838,1781.0,1.4097065981762988,349.68365320979484,1813.989410986102,1698.953673064196,Vsx_enh3_1,enh3,0.6797767328083701,-0.01881296984756653,19.915038034770603,0.6800370095091205,-0.027668156445233665,-100
763,73.59437751004016,416.9103078982597,759.8574297188756,1847.0,1.5353853133616455,302.1037483266399,1539.7657295850067,1640.9036144578313,Vsx_enh3_1,enh3,0.5294229913437369,-0.050563492867277016,14.660050881986294,0.5318320887030884,-0.09521798362630819,-100
764,75.38655462184875,478.2597402597403,734.0137509549274,1618.0,1.483021926341643,321.6516424751719,1226.8953399541635,1073.2085561497327,Vsx_enh3_1,enh3,0.3930871464790693,-0.1876666520479192,11.915488910275897,0.43558727830129756,-0.4454188869720238,-100
765,72.7316715542522,505.5689149560117,757.8856304985337,977.0,1.5979603375952138,273.26099706744867,1554.541055718475,654.8240469208212,Vsx_enh3_1,enh3,0.43169355797159614,-0.28393549248799865,10.224996812225342,0.5166998082916019,-0.5817863986018975,-100
766,74.23856707317073,505.4001524390244,822.6463414634146,1654.0,1.4606666714889502,392.422256097561,1578.6730182926829,1998.4954268292684,Vsx_enh3_1,enh3,0.6114937041589059,-0.3481409700806355,17.167367942345464,0.7036523895181949,-0.5175617696024587,-100
767,73.91841491841492,513.2319347319348,798.9020979020979,1979.0,1.3543397443746163,520.4498834498835,1571.9667832167831,1702.6998834498834,Vsx_enh3_1,enh3,0.5374017077480999,-0.3452307939326148,14.554434607643728,0.6387369541289416,-0.5710191325727249,-100
768,74.53012048192771,522.9525602409639,738.2349397590361,1535.0,1.4527539352499328,280.980421686747,1505.4834337349398,1098.7884036144578,Vsx_enh3_1,enh3,0.358435927670101,-0.31050604549576044,9.697747724125207,0.4742260205156832,-0.7138701152358433,-100
769,74.71778755499686,547.4179761156505,800.4041483343809,1844.0,1.487799301773966,360.2884978001257,883.8378378378378,926.9032055311125,Vsx_enh3_1,enh3,0.5056966097337174,-0.43749566823246644,14.161385361731249,0.6686789370231039,-0.7132151622669066,-100
770,73.46796116504855,600.0718446601942,917.1883495145631,743.0,1.3476414405212136,357.38058252427186,1071.8912621359223,1861.8097087378642,Vsx_enh3_1,enh3,0.7757795026967422,-0.6937897537309092,20.693191360473122,1.0407584057726367,-0.7296642556793889,-100
771,73.63666666666667,679.0716666666667,724.1608333333334,1406.0,1.4248423167693502,396.5325,777.8341666666666,1605.6091666666666,Vsx_enh3_1,enh3,0.15669818042694517,-0.7108829161957725,1.6212356389980158,0.7279483774884873,-1.3538382453513729,-100
772,74.4578313253012,704.5194109772423,685.7054886211513,1710.0,1.380672975689657,375.00602409638554,861.9243641231593,1491.206157965194,Vsx_enh3_1,enh3,0.02301898228341992,-0.7400771797498632,-1.7676251261562896,0.7404350785395541,-1.5397028622792093,-100
773,74.51006036217304,755.0020120724346,534.3269617706237,1162.0,1.3787487450612497,586.307847082495,1255.9225352112676,1058.0543259557344,Vsx_enh3_1,enh3,-0.4504962446718964,-0.7230277426924787,-16.362919256362446,0.8518896543370288,-2.128005924406209,-100
774,75.03480783176215,776.8230601885424,577.269035532995,1584.0,1.3171049808455173,566.4880348078318,965.389412617839,1406.35170413343,Vsx_enh3_1,enh3,-0.3540220260421063,-0.8238167221578379,-13.075666148535362,0.8966635860956115,-1.9766698419673492,-100
775,75.59416195856873,188.8361581920904,380.1403013182674,1301.0,1.4127652483899031,249.34839924670433,923.4143126177024,1419.373822975518,Vsx_enh3_1,enh3,-0.28884173310234995,0.9337770372478202,-6.445073027916862,0.977429845090115,1.870787184647069,-100
776,75.41078561917443,245.7103861517976,696.8102529960054,1777.0,1.4902459184605392,382.61318242343543,727.7476697736352,1438.4094540612516,Vsx_enh3_1,enh3,0.5322379521378344,0.4667907984221853,17.76285422748785,0.7079342393100484,0.7199808585086419,-100
777,74.13926499032883,275.3394584139265,622.3017408123791,1213.0,1.46678200368436,221.15087040618957,724.7176015473888,577.4294003868472,Vsx_enh3_1,enh3,0.2945421327778792,0.4625132576095812,9.103426182627246,0.5483371056621725,1.0037355228884473,-100
778,76.16096791162546,280.9973698053656,756.1841136244082,2249.0,1.280552586663436,941.3887427669648,848.2177801157286,1192.4203051025777,Vsx_enh3_1,enh3,0.6602843731278627,0.3138530877832133,22.135702227474752,0.7310808533314985,0.4437176965387089,-100
779,76.34724451578384,281.55751738897806,674.1658640984484,2182.0,1.2819959027816599,274.04601391118246,950.8908507223114,1366.8694489031568,Vsx_enh3_1,enh3,0.431634149207768,0.3942099165433153,15.415775986617362,0.5845592331521258,0.7401128026833832,-100
780,78.30866965620329,285.3101644245142,659.6969357249626,3191.0,1.4270867172049635,225.59155455904335,491.160687593423,970.2750373692078,Vsx_enh3_1,enh3,0.38695655605183465,0.398650625270186,16.010076738918457,0.5555697051674137,0.8002824540548595,-100
781,74.13956834532374,318.59424460431654,712.0784172661871,1702.0,1.549903945294144,236.6726618705036,807.3496402877698,1355.8302158273382,Vsx_enh3_1,enh3,0.4990041579957092,0.25809839827112535,14.974824426185037,0.5618006166667381,0.4773339979400473,-100
782,75.90795724465558,314.8479809976247,697.4477434679335,1986.0,1.2696077394179355,264.25237529691213,1006.0486935866984,672.1187648456057,Vsx_enh3_1,enh3,0.46175244437207463,0.28261089131530315,15.651807701695006,0.5413725480421185,0.5492253197971099,-100
783,75.57769929364278,326.0625630676085,681.4929364278506,2263.0,1.4602323587045,263.3662966700303,761.1276488395561,1473.231079717457,Vsx_enh3_1,enh3,0.40578945363288854,0.26876798360676624,13.552455305241239,0.48672508635956413,0.5849967755519586,-100
784,75.41971620612398,355.30321135175507,783.941000746826,1804.0,1.4131816011057008,396.71844660194176,1617.3808812546677,1771.2897684839431,Vsx_enh3_1,enh3,0.6601409446142879,0.08891339363428563,20.868862060224927,0.6661018378024562,0.13388279082451265,-100
785,75.02039215686274,400.1749019607843,753.7396078431373,1524.0,1.451745100684285,273.81803921568627,1526.169411764706,1832.9082352941177,Vsx_enh3_1,enh3,0.5294811375802879,-5.845155582806516e-05,16.210282037299578,0.5294811408066393,-0.00011039402811918912,-100
786,76.4551407989522,402.88867059593974,796.2036673215455,1860.0,1.374102275295505,495.0805500982318,1629.1938441388343,2159.825802226588,Vsx_enh3_1,enh3,0.6443083893775903,-0.049664481229207746,21.098552270883857,0.6462196695537136,-0.07692972631812861,-100
787,76.53207150368034,446.70452155625657,814.1703470031546,2219.0,1.4497579728043142,369.56519453207153,1292.1871713985279,1059.920084121977,Vsx_enh3_1,enh3,0.6485287892019609,-0.18390989375099864,20.99759514677585,0.674101208605403,-0.27632548325633177,-100
788,75.73110367892977,464.5063545150502,867.828762541806,1748.0,1.4066235714664197,498.81404682274245,1389.608695652174,1645.6602006688963,Vsx_enh3_1,enh3,0.7793517115651987,-0.2846989036729095,24.01883880554351,0.8297243856077517,-0.3502415119538001,-100
789,76.15992757996379,525.8388654194328,750.4743512371756,1928.0,1.2995547984955433,296.73989136994567,1462.0953530476766,1200.28968014484,Vsx_enh3_1,enh3,0.38900362777493314,-0.3304120609080785,12.236826465036884,0.5103880410193625,-0.70413425041181,-100
790,74.90340514246004,561.3280055594163,883.2369701181376,1705.0,1.4179118512750113,513.0340514246004,1630.9374565670605,1620.5920778318277,Vsx_enh3_1,enh3,0.7214146134590638,-0.5570851626127864,20.763343223516983,0.9114729414061643,-0.6575660185674989,-100
791,75.83161720169595,608.1502119927317,908.33555420957,1887.0,1.3336944803310014,887.9291338582677,515.0920654149,1004.1356753482738,Vsx_enh3_1,enh3,0.7420921718112747,-0.7064440637551153,21.992968945831137,1.024579917175042,-0.7607933843383554,-100
792,75.82153137593552,618.3195164075993,836.1128382268279,1985.0,1.2665058396828641,883.8520437535982,531.3137593552101,1076.6856649395509,Vsx_enh3_1,enh3,0.5307040986152052,-0.6613674585585616,15.530019100175537,0.8479703742037148,-0.8945726651557387,-100
793,73.91327623126338,645.8822269807281,850.6702355460385,1088.0,1.4846382931060653,1031.4036402569593,508.127408993576,671.2312633832977,Vsx_enh3_1,enh3,0.5429462679636485,-0.7490280492779537,13.791440667751075,0.9251127869080563,-0.9435748334564498,-100
794,75.47526737967914,671.6671122994652,778.4211229946524,1703.0,1.3756289901857948,942.1938502673797,562.0681818181819,828.6216577540107,Vsx_enh3_1,enh3,0.3147635964599522,-0.7454076485708279,8.29093413920117,0.8091407072965088,-1.171239932990766,-100
795,77.29667088074167,693.126000842815,727.4479561736199,2934.0,1.5003312081525653,1129.3034134007585,686.290771175727,985.8651495996629,Vsx_enh3_1,enh3,0.15017053639174227,-0.7515397077394859,5.000852998848288,0.7663961914762726,-1.3735765726745568,-100
796,76.73715810540361,237.40093395597066,742.9773182121414,1666.0,1.2762392034150267,440.60973982655105,776.7631754503002,1675.726484322882,Vsx_enh3_1,enh3,0.6688884318098949,0.4427540299427619,23.27805113630464,0.8021489046552744,0.5847127801875471,-100
797,78.61320754716981,280.0529753265602,715.0780116110304,3608.0,1.4618409594169897,235.5711175616836,835.1759796806966,1559.488388969521,Vsx_enh3_1,enh3,0.5463190824134374,0.35733527877601134,21.163727937070718,0.6528039838014088,0.5792366465947932,-100
798,76.21138790035587,338.76370106761567,818.355871886121,1633.0,1.3484940791016318,357.80071174377224,1487.4740213523132,1704.370106761566,Vsx_enh3_1,enh3,0.7728518220987386,0.09846191803959714,25.18186628326916,0.7790986383156991,0.12671812799575488,-100
799,74.96468401486989,396.9814126394052,822.407063197026,718.0,1.4211331746910918,368.9014869888476,1858.981412639405,2228.440520446097,Vsx_enh3_1,enh3,0.7237266256500299,-0.06010418748066715,22.040975837072864,0.7262181091294059,-0.08285804998539552,-100
800,76.43093270365998,472.3636363636364,843.8807556080284,1165.0,1.5032959769567587,575.5584415584416,1638.435655253837,1892.3730814639905,Vsx_enh3_1,enh3,0.7043865224096939,-0.2816718910183307,22.40344714110489,0.7586167854340322,-0.3804051380072409,-100
801,75.68478260869566,485.69347826086954,817.7688405797102,1647.0,1.5490040950642754,597.0855072463768,1608.376811594203,1746.3463768115942,Vsx_enh3_1,enh3,0.6180939486916257,-0.290986425229124,18.95611424763861,0.683164130408521,-0.43999977506758015,-100
802,77.3636926889715,554.2552664188352,822.1084262701363,1997.0,1.365471188753151,323.4969021065675,1249.7757125154894,1104.0625774473358,Vsx_enh3_1,enh3,0.558176557778088,-0.47735394983291213,18.354628877523794,0.7344575297960241,-0.7075066011732598,-100
803,76.41896551724138,599.8448275862069,846.7387931034483,1348.0,1.4119539123384324,451.1086206896552,1121.7129310344828,1758.278448275862,Vsx_enh3_1,enh3,0.5793526603799313,-0.6229388553833655,17.727434895008386,0.8507069546181232,-0.821634895565466,-100
804,76.41310975609755,706.826981707317,741.391006097561,1523.0,1.3188982474975983,1128.935213414634,582.483231707317,919.407774390244,Vsx_enh3_1,enh3,0.1748833066482134,-0.8018083968634435,4.764265185401527,0.8206588062190878,-1.3560484378126156,-100
805,78.84514796971783,212.40055058499655,685.1114934618032,1657.0,1.386822614415451,377.2381280110117,788.3062629043359,1829.3145216792843,Vsx_enh3_1,enh3,0.5335189578217152,0.5668270447977484,21.48203098963677,0.7784185102304015,0.8156594803036022,-100
806,77.45948522402288,219.41277407054338,723.5510009532888,1286.0,1.303582878006724,1134.119161105815,739.0285986653956,2293.7197330791228,Vsx_enh3_1,enh3,0.63344838227097,0.5098783919623668,23.058798573962775,0.8131622394035756,0.6777367395345562,-100
807,78.77578001057641,233.34426229508196,628.2987837123216,2285.0,1.4404116911280982,291.0026441036489,896.4965626652565,1260.4352194606029,Vsx_enh3_1,enh3,0.3537483604998617,0.5679248253149243,15.83895455759317,0.6690863245989469,1.013723789131971,-100
808,76.42361574382922,260.8072048032021,731.1267511674449,1736.0,1.426433097425238,300.93795863909276,1360.1814543028686,1944.5256837891927,Vsx_enh3_1,enh3,0.6116130181468578,0.39245073581342393,21.07082270104857,0.7266966795074864,0.570493563813064,-100
809,77.85269121813032,279.9501416430595,690.1161473087818,2015.0,1.2589731145158616,273.4067988668555,936.7886685552407,628.9586402266289,Vsx_enh3_1,enh3,0.4772400131176009,0.38253210975103924,18.31534590247668,0.6116280283890438,0.6756858310854464,-100
810,76.36111111111111,309.46843434343435,725.3724747474747,2115.0,1.557432010687206,269.5511363636364,1010.8869949494949,1786.3598484848485,Vsx_enh3_1,enh3,0.5448718127593755,0.26901671793906723,18.653713329033877,0.6076637942731125,0.4586148457336688,-100
811,77.07881355932203,341.4508474576271,726.1550847457627,1589.0,1.483802380754717,401.27033898305086,1847.8898305084747,1714.7228813559323,Vsx_enh3_1,enh3,0.5134877901722479,0.18332110295977233,18.203729138249386,0.5452305360545812,0.34290753587617495,-100
812,77.8013010053223,346.12359550561797,738.2477823772915,2029.0,1.3330268308161168,319.2850384387936,1807.715552927262,1840.791839148433,Vsx_enh3_1,enh3,0.5420332619554808,0.15883588724512454,19.75832850545251,0.5648264301031289,0.285056689284697,-100
813,77.94694694694695,348.1011011011011,582.4224224224224,3314.0,1.414949131294288,350.08575241908574,1823.028028028028,2235.611945278612,Vsx_enh3_1,enh3,0.10672829541056883,0.30908413528611467,6.748730251354402,0.32699225025497297,1.2383102485442836,-100
814,80.07796193984039,365.23020257826886,795.3308778391652,1929.0,1.3303062719091596,405.9085328422345,1714.4604051565377,1732.195211786372,Vsx_enh3_1,enh3,0.6801706616802468,0.05110889129387863,26.08129959176651,0.6820881524992457,0.07500033181804865,-100
815,78.90151863782789,498.4675563736769,761.3373216751036,2605.0,1.2493841708267972,311.2489645651174,1400.4399447768062,785.1348366313852,Vsx_enh3_1,enh3,0.44700280110156765,-0.2686423062450296,16.931371014618122,0.5215172028776193,-0.541143989035696,-100
816,77.5973063973064,524.1649831649831,817.9818181818182,1827.0,1.4190776758057888,362.9737373737374,1725.9542087542088,1929.472053872054,Vsx_enh3_1,enh3,0.5780290545972271,-0.393361753078014,19.398414576257323,0.6991788446049927,-0.5975338320309056,-100
817,77.80896686159844,750.1923326835607,783.1994801819363,1757.0,1.3368336285453217,1019.1455490578297,510.28979857050035,765.5347628330085,Vsx_enh3_1,enh3,0.24549278150141918,-0.9586743088653454,7.994992444890016,0.9896075667898621,-1.3201079874321082,-100
818,76.53445512820512,763.1105769230769,666.0945512820513,1432.0,1.2932551617644419,550.2980769230769,695.3629807692307,1617.2740384615386,Vsx_enh3_1,enh3,-0.09319035583771407,-0.8760831606831131,-3.5997306304516172,0.8810256221323379,-1.6767694201810601,-100
819,78.0484886649874,768.1687657430731,458.38853904282115,1813.0,1.3703510995941834,591.1870277078085,776.27959697733,1421.6568010075566,Vsx_enh3_1,enh3,-0.6763155078377336,-0.6822657303728548,-19.71968028904932,0.9606712200243206,-2.3518147855987803,-100
820,78.34777227722772,257.3527227722772,692.1441831683169,1875.0,1.3223693250112798,295.5686881188119,902.9975247524752,1594.4560643564357,Vsx_enh3_1,enh3,0.5063146951681383,0.44048690701091187,19.84780940916795,0.6711060168045319,0.715983382556598,-100
821,77.45348080676642,359.750813272609,753.6798959011061,1800.0,1.4126160651978363,295.19518542615486,1592.2543916720886,1629.5783994795056,Vsx_enh3_1,enh3,0.5708155159905701,0.10726717269381436,20.183009224237594,0.580806852260978,0.18575284431042796,-100
822,79.2797695262484,359.348271446863,710.5096030729834,1781.0,1.4144232890760722,367.29513444302177,1064.9891165172855,889.6830985915493,Vsx_enh3_1,enh3,0.45071834443396375,0.15138237733862536,18.39366424758522,0.4754615128251572,0.3240310308342475,-100
823,80.30364873222015,388.79035250463824,747.1137909709338,1904.0,1.3057032513447913,271.8583797155226,1671.1106988249846,1706.3617810760668,Vsx_enh3_1,enh3,0.521485934187985,0.0366778594075412,21.352805685427427,0.5227741815799961,0.07021773121257888,-100
824,80.61399443929564,402.74328081556996,723.240500463392,2487.0,1.6719406616383798,305.9439295644115,1225.8127896200185,1835.4147358665432,Vsx_enh3_1,enh3,0.44047672173451957,0.02345582197244589,19.121376655075295,0.44110080250934985,0.05320074248343692,-100
825,78.69555214723927,413.8358895705521,839.0352760736197,1507.0,1.4137357936250154,489.7200920245399,1641.0437116564417,1912.0843558282209,Vsx_enh3_1,enh3,0.7513474201867878,-0.12150889732278058,26.503166644275097,0.7611092943526175,-0.16033316514212864,-100
826,78.97050938337802,445.1796246648794,786.9054959785523,1793.0,1.4478224186784023,302.2278820375335,1828.5998659517427,1847.5281501340482,Vsx_enh3_1,enh3,0.5736521976313995,-0.1526988233924661,21.19591655463293,0.5936276396132325,-0.2601546239299251,-100
827,79.03392857142858,486.68869047619046,750.6607142857143,1979.0,1.4769743483148647,301.83511904761906,1324.4476190476191,984.1238095238095,Vsx_enh3_1,enh3,0.429572128163797,-0.22672189654549024,16.620230853768987,0.48573143985988554,-0.48562805317315955,-100
828,77.30313588850174,492.33449477351917,845.3484320557492,1206.0,1.458392973584257,550.6608594657375,1711.4355400696863,1959.4401858304298,Vsx_enh3_1,enh3,0.6873944995051433,-0.33616778708980366,22.626865018255813,0.7651927724611505,-0.45484637181264487,-100
829,78.40458488228005,501.13754646840147,863.0254027261462,1867.0,1.2537996525392685,643.9646840148699,1681.6096654275093,1728.4801734820321,Vsx_enh3_1,enh3,0.7270519014931696,-0.3771970403650451,24.86861454921069,0.8190739128582859,-0.4785769680473264,-100
830,79.24003984063745,502.5652390438247,808.6254980079681,2485.0,1.4012575375704177,472.1513944223108,1461.6738047808765,933.5572709163347,Vsx_enh3_1,enh3,0.574098757339143,-0.32671595510084084,21.07975143924631,0.6605548413991096,-0.517384169486572,-100
831,79.19424850786761,515.3380358111774,829.6679327183939,2203.0,1.331686215125829,464.7786218122626,1596.6169289202387,2051.0059685295714,Vsx_enh3_1,enh3,0.6192863250383354,-0.3816206939651202,22.308917927846267,0.7274269079721389,-0.5522654482165098,-100
832,82.03148057058534,535.9483521888834,825.5307427447123,2524.0,1.2811906403944555,407.95425479586817,1520.2651254303985,1674.1165764879488,Vsx_enh3_1,enh3,0.5855057835843012,-0.4322571707302253,23.99395175437502,0.7277796948653937,-0.635946919119843,-100
833,78.35124508519004,552.4809960681521,893.0013106159895,971.0,1.4412455557074675,471.9986893840105,1675.8820445609435,1714.4600262123197,Vsx_enh3_1,enh3,0.7568418681398033,-0.5434072124533709,25.356314498835303,0.9317193847482677,-0.6227000512737351,-100
834,79.55416405760802,567.9931120851596,839.3619286161553,1904.0,1.4423769469426815,454.3656856606137,849.7207263619287,900.1446462116469,Vsx_enh3_1,enh3,0.5912098608544922,-0.5310807420901598,21.45537458315428,0.7947174681549556,-0.7318722016239761,-100
835,77.91725214676035,600.8477751756441,793.4746291959407,1540.0,1.5144374134731893,322.55737704918033,608.5214676034349,1694.815768930523,Vsx_enh3_1,enh3,0.42981797052627035,-0.5724758269249691,14.710235203337106,0.7158715388955961,-0.9267799296260913,-100
836,78.76532033426184,691.2869080779944,681.741643454039,1680.0,1.3681374077289683,360.525069637883,463.7555710306407,887.6796657381616,Vsx_enh3_1,enh3,0.024619870268405508,-0.7010736671700281,2.697807616468907,0.701505826640994,-1.5356933722186672,-100
837,76.20614035087719,715.2938596491229,694.4714912280701,558.0,1.672445313561171,497.859649122807,1011.688596491228,1906.186403508772,Vsx_enh3_1,enh3,0.03566933552987783,-0.7774592980032413,0.2944805390837786,0.7782771110271943,-1.524949116272201,-100
838,79.5069597069597,786.6915750915751,532.8307692307692,1530.0,1.3814254273823883,420.01831501831504,1744.464468864469,1902.6446886446886,Vsx_enh3_1,enh3,-0.48908517096182946,-0.8057508140340699,-12.731980277689544,0.942570251371922,-2.116341940022438,-100
839,79.93497474747475,802.8465909090909,500.8989898989899,1846.0,1.1697786958018515,416.3125,2163.9602272727275,1729.9589646464647,Vsx_enh3_1,enh3,-0.5948268108429893,-0.8167790566210832,-15.607308551506506,1.0104192012390045,-2.20023747578403,-100
840,80.21369539551358,169.42089728453365,602.3636363636364,1889.0,1.3059897075915121,517.9238488783943,769.9273907910272,1579.7426210153483,Vsx_enh3_1,enh3,0.3479344562243103,0.7634721200044097,17.55298760694069,0.8390161284815293,1.143190480267906,-100
841,80.60268456375839,192.56375838926175,368.5214765100671,1653.0,1.2333453069934392,295.01744966442953,1253.8691275167785,1419.71677852349,Vsx_enh3_1,enh3,-0.32640660509409014,0.9353838809893109,-2.5765145688883138,0.9906988829425795,1.9065396212481855,-100
842,79.71448863636364,326.7421875,817.9105113636364,1625.0,1.3317253500258919,457.6953125,1833.3551136363637,1793.223721590909,Vsx_enh3_1,enh3,0.7831919316725475,0.13075439019534296,29.095071191345056,0.7940316822346148,0.1654249580443161,-100
843,80.32222222222222,370.44814814814816,780.4092592592592,1927.0,1.264341630755218,458.8351851851852,1671.7703703703703,1737.527160493827,Vsx_enh3_1,enh3,0.633177624568376,0.05214319173712534,24.871407787782204,0.6353210343586823,0.08216619221148518,-100
844,78.26886145404664,458.1975308641975,825.4732510288065,1521.0,1.6739676488670572,493.02880658436214,1437.201646090535,1812.8120713305898,Vsx_enh3_1,enh3,0.6674854459334221,-0.22573092272966133,23.233513422453882,0.7046213664155548,-0.32610712756861954,-100
845,80.19120553359684,480.6042490118577,770.4145256916996,2359.0,1.312662370538947,317.6111660079051,1222.098814229249,1156.1669960474308,Vsx_enh3_1,enh3,0.49051787860416507,-0.2303039377567555,19.66457611405295,0.5418926950758775,-0.43896095261503687,-100
846,79.49864314789689,480.45522388059703,873.5284938941655,1659.0,1.3276292045271096,519.6078697421981,1595.4450474898235,1810.0827679782903,Vsx_enh3_1,enh3,0.7775254107439002,-0.3327945424127262,27.6351449534896,0.8457529023374183,-0.40442378343782104,-100
847,81.63344739093242,494.5885372112917,779.724123182207,2655.0,1.305401543150509,322.45936698032506,1275.008126603935,1205.1313088109496,Vsx_enh3_1,enh3,0.5014151484818088,-0.27674380217888905,21.34406946606822,0.5727165818897357,-0.504320313142127,-100
848,79.56582278481012,512.6506329113924,754.2253164556962,1863.0,1.4099156025357045,290.74620253164557,1523.9683544303798,1002.5151898734177,Vsx_enh3_1,enh3,0.41225349263471256,-0.29920816835443464,16.450323701466388,0.5093902926043395,-0.6278237624898406,-100
849,79.68735362997658,587.1094847775175,826.3998829039813,1910.0,1.2634211175835683,501.903981264637,811.327868852459,791.8928571428571,Vsx_enh3_1,enh3,0.5351968231380617,-0.568895030772625,19.764707388264014,0.7810743854043991,-0.8159098908198272,-100
850,80.08916083916084,595.7581585081585,920.5658508158508,2036.0,1.2450243198916935,413.6381118881119,1503.7459207459208,1828.5955710955711,Vsx_enh3_1,enh3,0.7878505637447302,-0.6858310885703651,27.735526735149364,1.044544299128812,-0.7162808155800072,-100
851,80.00148148148148,679.2881481481481,795.6651851851852,1576.0,1.4257396959042596,533.782962962963,942.7570370370371,1658.1985185185185,Vsx_enh3_1,enh3,0.35350996341940255,-0.7829302424514655,13.951956541498177,0.8590396142099024,-1.1466777070518976,-100
852,81.0971379011275,299.8933217692975,723.0737207285342,1456.0,1.3882232056628268,269.9314830875976,829.8083261058109,1639.0277536860365,Vsx_enh3_1,enh3,0.547168820177717,0.29664169818570074,23.544912679244675,0.6224066314534021,0.49678806715719115,-100
853,81.35100054083289,341.7171444023797,777.5332612222824,2134.0,1.3564895102026102,440.50405624661977,1976.1389940508384,1808.3445105462413,Vsx_enh3_1,enh3,0.6548705608475989,0.13126434058456948,26.759637457358338,0.6678965328357009,0.19782166235222162,-100
854,82.1693722943723,343.1001082251082,706.6975108225108,2118.0,1.1585977734748087,314.55627705627705,1347.8484848484848,1796.642857142857,Vsx_enh3_1,enh3,0.456276312396273,0.19826605719735646,21.576010657527107,0.4974912086565216,0.40991544625238896,-100
855,78.93203883495146,372.6233009708738,726.0679611650486,734.0,1.5896406590787246,230.2854368932039,1436.9456310679611,789.2271844660194,Vsx_enh3_1,enh3,0.48021892686288914,0.1006226084583286,18.842577954429785,0.49064766080182526,0.20654666452388626,-100
856,80.07078853046595,408.4310035842294,819.3629032258065,1376.0,1.512748392324848,387.6272401433692,1862.1353046594982,2101.043010752688,Vsx_enh3_1,enh3,0.7019177094072937,-0.087554941426505,26.429326921402748,0.7073572920015604,-0.12409579679840563,-100
857,79.99801849405549,409.56737120211363,780.7569352708058,1880.0,1.394110251818614,299.4887714663144,1581.3064729194189,1805.788639365918,Vsx_enh3_1,enh3,0.5934258077220598,-0.05204475515232554,23.072922932672924,0.595703656031625,-0.08747838359138971,-100
858,82.16535727646838,423.06696595585487,751.447063224841,3566.0,1.7741528092432746,305.7313879536102,1533.904227459783,1564.1840628507296,Vsx_enh3_1,enh3,0.49726553799776685,-0.05867236024138189,22.2516975195133,0.5007149499830248,-0.11744698931486133,-100
859,81.73297491039426,483.1015531660693,845.8428912783752,2198.0,1.4168010966249809,301.9121863799283,1642.473715651135,2290.0609318996417,Vsx_enh3_1,enh3,0.6971839283339261,-0.31223288634545565,27.43445838004351,0.7639075894653352,-0.4210634283581542,-100
860,80.7352435530086,501.8085959885387,734.9661891117479,2078.0,1.3910328684152453,352.3214899713467,1686.9174785100286,2227.7518624641834,Vsx_enh3_1,enh3,0.3697009391392161,-0.25122918908591807,16.41538896274217,0.44698421655488724,-0.5968668743236589,-100
861,81.16628352490422,514.7593869731801,887.0038314176245,1521.0,1.2815061545338862,430.77701149425286,1704.2183908045977,1906.4114942528736,Vsx_enh3_1,enh3,0.7787449621760969,-0.4373373218697112,29.10703882126009,0.8931448086479716,-0.5116998080351816,-100
862,81.62903225806451,522.7934243176179,843.5452853598015,1927.0,1.2612025723474258,507.15074441687347,1617.8846153846155,1767.1867245657568,Vsx_enh3_1,enh3,0.649420246660892,-0.41530529604577127,25.611244374820785,0.770860003954518,-0.5689595456963119,-100
863,81.43754266211604,537.4491467576792,812.3904436860068,1881.0,1.239696497125358,335.9146757679181,1560.223890784983,733.6764505119454,Vsx_enh3_1,enh3,0.5475726632367126,-0.4231173659129094,22.241941657608123,0.6920000916627289,-0.6578806411398501,-100
864,79.40898345153664,535.160756501182,777.7494089834515,655.0,1.504143653505094,240.0307328605201,1710.0921985815603,668.0709219858156,Vsx_enh3_1,enh3,0.45421314746676344,-0.3824363209234122,17.40262652486831,0.5937736293345292,-0.699816914768302,-100
865,81.30633284241532,557.4558173784978,870.9749631811487,1646.0,1.4279541003507643,451.0478645066274,1908.0633284241533,1854.8726067746686,Vsx_enh3_1,enh3,0.6896064705513045,-0.5346875839218742,26.25871844483055,0.8726098192356299,-0.6595297889679611,-100
866,79.94111349036403,565.3811563169165,819.0182012847965,1306.0,1.4380960252074817,438.58458244111347,1159.453961456103,832.490364025696,Vsx_enh3_1,enh3,0.5372717091865957,-0.5038527957554206,20.23368272572094,0.7365653598173345,-0.7533103172451604,-100
867,81.874715261959,291.8280182232346,747.8217539863326,2153.0,1.3893683011633446,346.0307517084282,685.9436218678816,1538.3394077448747,Vsx_enh3_1,enh3,0.6241693757770117,0.293341301460206,26.706549501184753,0.6896640695296746,0.4393368660257449,-100
868,81.79545454545455,297.8545454545455,736.2463636363636,1352.0,1.444228672853947,275.8454545454546,722.4609090909091,1590.580909090909,Vsx_enh3_1,enh3,0.5857243904584764,0.2888958332962652,25.424265530180833,0.6530956010217013,0.45821557209328995,-100
869,82.08440469536053,355.50139742873114,775.2688652878703,2061.0,1.31297472802303,356.7523756288429,1749.0648406931246,1929.733929569592,Vsx_enh3_1,enh3,0.6339949008665355,0.0969184297424488,26.769600884718216,0.6413600520366936,0.15169503351846636,-100
870,82.91001267427123,466.9721166032953,761.4871144909167,2677.0,1.3064570870285062,342.8888888888889,1377.4833122095479,1223.6514575411913,Vsx_enh3_1,enh3,0.47917299038224503,-0.1852570422191666,22.146889431616643,0.5137381885782457,-0.3689174610784544,-100
871,81.61365187713311,485.5023890784983,826.6737201365188,1747.0,1.44645426341638,368.8682593856655,1654.1358361774744,1721.7003412969284,Vsx_enh3_1,enh3,0.6414210211754714,-0.29947480664338,25.614404786908892,0.7078884701843041,-0.4368127732638345,-100
872,82.5625,490.0214416058394,796.1856751824818,2552.0,1.3590268615048746,310.180200729927,1268.1117700729926,1775.558394160584,Vsx_enh3_1,enh3,0.5516881078970639,-0.28106422766685857,23.826473537064913,0.6191581934118373,-0.47118866978055157,-100
873,82.81947261663286,496.3718728870859,852.448275862069,1862.0,1.24247090051494,1026.31169709263,1733.920216362407,1034.7187288708587,Vsx_enh3_1,enh3,0.7014058329203501,-0.35407229489067127,28.56022531221535,0.7857081725830758,-0.46748322021071537,-100
874,83.81765492643781,496.175211769951,834.932679447169,2872.0,1.2338485905830794,333.23807400802497,1674.3049487293804,2217.5969683459653,Vsx_enh3_1,enh3,0.652642632226911,-0.3360895633839447,28.091610916451742,0.7340971325483308,-0.4755495656471455,-100
875,83.51480883144858,540.1814754981152,839.5126548196015,2162.0,1.178995061536727,616.9375336564351,1532.1873990306947,1786.1147011308562,Vsx_enh3_1,enh3,0.6195530085521495,-0.45747465319726965,26.48161712648954,0.7701486796223064,-0.6360322443973732,-100
876,81.92685781158572,696.5453481568169,708.9765944997074,1917.0,1.326491779920458,506.9391456992393,1041.6495026331188,1801.447045055588,Vsx_enh3_1,enh3,0.09398073575256327,-0.7422693403679417,7.929410602202637,0.7481952635127093,-1.4448537456177517,-100
877,82.18720217835262,753.0292716133424,567.9843430905378,1657.0,1.440864700512201,518.1749489448605,940.5398230088496,1463.5166780122531,Vsx_enh3_1,enh3,-0.356977601795449,-0.7515196389225258,-5.817788584756386,0.8319944566341014,-2.0142509311633243,-100
878,83.33810497614179,273.8391274710293,769.6414451261077,1772.0,1.225095415757233,491.8568507157464,808.8602590320381,1439.0170415814587,Vsx_enh3_1,enh3,0.7031924891470389,0.3192939237739054,30.687033921308227,0.7722876967502104,0.4262278522057871,-100
879,83.41658137154555,306.4119754350051,665.4723643807574,2213.0,1.4806055567360445,270.1187308085978,553.9421699078813,1855.3592630501535,Vsx_enh3_1,enh3,0.37959727036004165,0.33677558645641126,20.769158995448876,0.5074562870808227,0.7256935137431635,-100
880,83.37915601023018,346.2039641943734,728.2078005115089,1972.0,1.3730342883037332,378.6700767263427,1727.5121483375958,1926.0927109974425,Vsx_enh3_1,enh3,0.5125059205520262,0.16853872228232492,24.466603692231956,0.5395068299006403,0.3177121674406034,-100
881,83.32061503416857,381.40774487471526,770.9612756264237,2011.0,1.2580742646640843,306.95728929384967,1700.0922551252847,1986.767653758542,Vsx_enh3_1,enh3,0.5946557526402003,0.0324225320078837,26.64242065778606,0.5955389867421657,0.054469263451209476,-100
882,82.6375,385.909375,734.1229166666667,1148.0,1.3402118358170987,245.30520833333333,1257.3802083333333,756.0427083333333,Vsx_enh3_1,enh3,0.487735021210455,0.05724653123627288,22.697179832159378,0.49108310524161647,0.11683762697381808,-100
883,82.11274509803921,422.96936274509807,780.2340686274509,1004.0,1.4341291538225518,276.33700980392155,1709.3946078431372,2025.4632352941176,Vsx_enh3_1,enh3,0.5774110854077144,-0.08713927634424667,24.619181790465063,0.5839493257411243,-0.14978347766350658,-100
884,82.05631244323342,435.6003633060854,760.4568574023615,1280.0,1.315383212269639,259.09173478655765,1375.100817438692,990.1326067211626,Vsx_enh3_1,enh3,0.5092688786443227,-0.10093286293225279,22.417180498857363,0.5191745694613198,-0.19565620318489085,-100
885,82.8550796812749,457.58416334661354,785.409860557769,2328.0,1.2745990339718123,326.14591633466136,1596.8137450199204,773.2206175298804,Vsx_enh3_1,enh3,0.555487570701845,-0.184207376886529,24.461184666541214,0.5852339693692198,-0.32020222994404524,-100
886,83.70362622036262,517.1101813110181,815.6443514644351,1818.0,1.3236551475714977,373.10041841004187,1847.4665271966528,2143.1778242677824,Vsx_enh3_1,enh3,0.57721303642323,-0.3724138981524785,25.553853104958307,0.6869257608752561,-0.5729886398074459,-100
887,81.74936061381074,561.5153452685422,804.6515345268542,1868.0,1.4225615548741564,265.35933503836316,892.6969309462916,1057.5632992327367,Vsx_enh3_1,enh3,0.5008677081627593,-0.4792871404151209,20.97711108742871,0.6932421106998036,-0.7633842116386608,-100
888,83.34843205574913,574.7293844367015,871.9332171893147,1995.0,1.3164612816993218,390.56620209059236,907.9970963995354,1721.5783972125435,Vsx_enh3_1,enh3,0.6736906289103226,-0.5815363901154234,27.70803920565575,0.8899683345546986,-0.7121132504910616,-100
889,81.0625,682.0673076923077,811.0649038461538,603.0,1.4853835227263414,1221.326923076923,608.7307692307693,878.0264423076923,Vsx_enh3_1,enh3,0.39313144975367464,-0.805695054819969,16.194045011154373,0.8964914155455025,-1.1168425754291929,-100
890,83.08098591549296,150.23521126760562,459.4950704225352,1611.0,1.382599042604657,840.6422535211268,841.5795774647887,1519.4140845070422,Vsx_enh3_1,enh3,-0.03002095535729299,0.9569207917095344,9.154993774751816,0.9573915914434212,1.6021584962081463,-100
891,83.08958333333334,191.16041666666666,583.36875,1079.0,1.3623952368250245,261.37291666666664,955.8708333333333,651.875,Vsx_enh3_1,enh3,0.2716602422033323,0.7246640358946883,17.986055064924827,0.7739103643918663,1.2121330580041434,-100
892,83.47797173732336,411.98254364089775,807.5112219451372,1393.0,1.3913601018870911,263.8528678304239,1843.4837905236907,1906.6608478802993,Vsx_enh3_1,enh3,0.6643289238729608,-0.08521882111826617,28.690614530172184,0.6697724737304402,-0.12758130341480756,-100
893,85.59926470588235,414.1585477941176,770.2610294117648,2654.0,1.4604068760907059,328.26056985294116,1668.6121323529412,826.8529411764706,Vsx_enh3_1,enh3,0.5579190798299245,-0.05386189384834328,27.592700621372643,0.5605129822289577,-0.09624243461606856,-100
894,84.42319277108433,674.3772590361446,806.2560240963855,1623.0,1.1968292868074848,1154.504518072289,553.4382530120482,718.0963855421687,Vsx_enh3_1,enh3,0.38686148342351734,-0.7805439617179359,19.43259272619703,0.8711547988336946,-1.1106503318343575,-100
895,85.31628197130381,676.6575171553337,820.8640049906426,1893.0,1.1939456371242558,546.6163443543356,1361.6363069245165,1746.743605739239,Vsx_enh3_1,enh3,0.42484845047180664,-0.8011911925696146,21.460209782190816,0.9068646717782187,-1.0832262053138386,-100
896,84.4874715261959,685.2687927107062,718.9316628701595,1743.0,1.4568616860265697,391.1586940015186,823.7676537585421,1734.98861047836,Vsx_enh3_1,enh3,0.132716277788701,-0.7223158183666621,11.748413422393483,0.7344070750290935,-1.3890858577007545,-100
897,83.40158172231986,235.28031634446398,656.2240773286468,1295.0,1.4332593274770922,208.7530755711775,382.97275922671355,913.9868189806679,Vsx_enh3_1,enh3,0.4280920399939807,0.5348329434242576,22.7143148652531,0.6850613637317924,0.895798136699369,-100
898,84.8069116840373,268.32254525507403,634.90126165661,2046.0,1.4934893396136881,238.54854635216677,793.0471749862863,1598.6028524410312,Vsx_enh3_1,enh3,0.33395945542947847,0.46837056843752634,21.052925351528216,0.5752390001114713,0.9513828000164909,-100
899,83.86356073211314,275.92346089850247,747.7787021630616,1497.0,1.3608385068410407,524.6555740432613,926.9342762063228,1469.5665557404327,Vsx_enh3_1,enh3,0.6400944040883414,0.33556826483915203,29.295106708632034,0.7227218735532833,0.4828573699720492,-100
900,84.3795476892822,286.5860373647984,704.9970501474926,1309.0,1.4161588470741888,218.047197640118,987.0717797443461,1751.9213372664701,Vsx_enh3_1,enh3,0.5098948926059732,0.349946033227337,25.808020166801953,0.6184294848058309,0.6014789261221126,-100
901,85.74061433447099,330.018771331058,751.4618885096701,2135.0,1.2726332771026285,468.26279863481227,1425.3617747440273,1336.8788395904437,Vsx_enh3_1,enh3,0.5933885516253619,0.18825522997604005,29.392325955255444,0.6225351434363979,0.3072105518900453,-100
902,85.35685210312076,569.2842605156038,853.2639077340569,1694.0,1.1866369710106257,323.7157394843962,915.0427408412484,994.8018995929443,Vsx_enh3_1,enh3,0.6269175646191196,-0.5484882665534063,28.350414502772793,0.8329856009408138,-0.7187716332739891,-100
903,84.49733028222731,669.4340198321892,783.9938977879482,1496.0,1.3115433603426465,436.6796338672769,739.673531655225,1631.5118230358505,Vsx_enh3_1,enh3,0.3301078870790586,-0.7452071576665118,17.82809253325658,0.8150490322362218,-1.1538000124825116,-100
904,85.4776926543488,702.7269040108157,784.6200991437585,2770.0,1.7534102981460746,1178.426318161334,534.4258675078864,864.8584948174854,Vsx_enh3_1,enh3,0.29684988135371704,-0.8342303468428889,17.576107402929978,0.885471695568708,-1.2289311525274929,-100
905,85.89661319073083,167.45989304812835,575.4723707664884,782.0,1.4243897113287132,304.70588235294116,1736.6060606060605,1944.235294117647,Vsx_enh3_1,enh3,0.27366033629352526,0.7954082527035617,21.03006266228269,0.8411683946328574,1.239431835184129,-100
906,85.83430656934307,230.48540145985402,625.2160583941605,1592.0,1.6238319301163633,277.05985401459856,1209.1226277372264,1581.7262773722628,Vsx_enh3_1,enh3,0.34622196290953866,0.5784601632836415,22.718572220255453,0.6741556260293843,1.0314632446863914,-100
907,86.63929313929314,259.17671517671516,704.8586278586279,2225.0,1.42296460383772,269.01455301455303,852.5764033264034,1409.700103950104,Vsx_enh3_1,enh3,0.5374816403954104,0.4228040403023563,29.10088350558553,0.683849230648202,0.6665407514171754,-100
908,85.20892857142857,267.2767857142857,276.1589285714286,1262.0,1.2359242518149705,351.9482142857143,1415.3044642857142,1501.1178571428572,Vsx_enh3_1,enh3,-0.6623812958334447,0.8291336377845973,-8.616086309624691,1.0612311578425848,2.2448561888781176,-100
909,87.16067864271457,303.73552894211576,709.4760479041917,2280.0,1.1144840762829644,266.75748502994014,903.3023952095808,1412.2684630738522,Vsx_enh3_1,enh3,0.5036933581532328,0.29989956898226366,28.29348799341554,0.586213911915632,0.5370310788412064,-100
910,85.03463203463204,359.1111111111111,751.6255411255411,1636.0,1.3930605659977577,259.42424242424244,1839.059163059163,1953.7366522366522,Vsx_enh3_1,enh3,0.5636895824625547,0.11087560593028556,27.58396423305348,0.574490509379587,0.1942168322730709,-100
911,83.6379716981132,383.1910377358491,793.127358490566,1072.0,1.6812807434172121,284.43278301886795,2058.228773584906,2117.619103773585,Vsx_enh3_1,enh3,0.6543311398390137,0.005562832545717766,28.750239353517827,0.6543547857767639,0.008501350756907685,-100
912,87.12976664769494,431.9846328969835,731.122936824132,1991.0,1.3087466940743322,313.45247581104155,1440.1889584519067,1035.121798520205,Vsx_enh3_1,enh3,0.4300975730346628,-0.062155246459249414,25.14603542482638,0.4345655266961671,-0.14352068311226834,-100
913,84.72665148063781,448.51765375854217,808.1144646924829,2016.0,1.3784128617176428,308.0233485193622,1677.614464692483,1512.2175398633258,Vsx_enh3_1,enh3,0.6275512592950105,-0.18283095069924682,28.579151156853044,0.6536419046973228,-0.28349327180350575,-100
914,85.30265995686557,551.4212796549245,849.9935298346513,1734.0,1.4718471201216556,313.2875629043853,1664.6764917325665,2095.2242990654204,Vsx_enh3_1,enh3,0.6364744935367024,-0.4978041432751795,28.709125260682754,0.8080276888725642,-0.6637476132141694,-100
915,85.99826989619378,560.2560553633218,773.8754325259515,1331.0,1.4040577508884915,248.0121107266436,802.4645328719723,1020.4852941176471,Vsx_enh3_1,enh3,0.41545538248135605,-0.4453106156651425,22.673251368248856,0.6090194736269097,-0.820068758882227,-100
916,85.68339768339769,706.5722007722007,828.8023166023166,1544.0,1.2742556682444681,1135.276447876448,864.027027027027,1317.83861003861,Vsx_enh3_1,enh3,0.41561087332183,-0.8885320725340476,21.341262084653223,0.9809289688580842,-1.133279941165412,-100
917,87.36768513723459,707.8788192646297,753.1833247022269,2641.0,1.3222342128434228,410.2594510616261,904.0926980838943,1842.9155877783533,Vsx_enh3_1,enh3,0.20356081040999197,-0.8165703876800678,16.621327936491,0.8415605751048162,-1.3264883413095432,-100
918,86.56528791565287,733.9026763990267,710.1557177615572,1385.0,1.3628740377930895,503.33657745336575,1021.9797242497972,1657.7988645579887,Vsx_enh3_1,enh3,0.057015408562850034,-0.8427013456570038,11.209924101624779,0.8446279149931725,-1.5032413747855136,-100
919,86.6700443318556,761.2761241291956,612.0012666244459,1791.0,1.2775029275454792,349.5319822672578,889.6985433818872,1412.7536415452819,Vsx_enh3_1,enh3,-0.24444228311237282,-0.8174197850736173,2.0230414092578144,0.853186459575507,-1.8613733569904065,-100
920,87.85155732273029,199.19814446653413,428.7972166998012,1731.0,1.2981848184415552,259.98807157057655,733.4870775347913,1372.5407554671967,Vsx_enh3_1,enh3,-0.1677485721425448,0.8574883044308397,9.445176315637752,0.8737423966430489,1.7639843595353637,-100
921,88.62531517902168,277.36056480080686,671.1245587493696,2299.0,1.2161295854458614,251.89258698940998,874.8315683308119,1277.9979828542612,Vsx_enh3_1,enh3,0.4241852784705584,0.4081597990205881,27.54759436927091,0.5886659256383642,0.766147133816029,-100
922,87.29866270430907,312.3883110450718,722.8103021297673,2622.0,1.3402800195302629,254.70232788509162,891.4358593363052,1030.075780089153,Vsx_enh3_1,enh3,0.5316991498541459,0.2636206556745091,29.2171805871601,0.5934642668719655,0.4602883338988698,-100
923,86.1888,320.7744,802.9328,861.0,1.3904571415354845,463.9568,1031.7216,1719.5472,Vsx_enh3_1,enh3,0.746000428059153,0.16142373090712514,34.51420782959164,0.7632655236314656,0.21310013802000227,-100
924,87.57828434313137,328.4115176964607,718.745650869826,2009.0,1.5430369520181686,266.7258548290342,983.0725854829034,749.372525494901,Vsx_enh3_1,enh3,0.5036077402161472,0.2251360268852005,28.538074242014375,0.5516402692038247,0.4203949963730334,-100
925,86.55935483870968,327.26129032258063,791.9761290322581,1774.0,1.2690214677434402,450.16322580645163,1720.8290322580644,1974.1503225806453,Vsx_enh3_1,enh3,0.7086717486102565,0.15513044534282172,33.71403843752731,0.7254523432663105,0.2155038071296784,-100
926,88.34321550741163,372.87058152793617,705.7970353477765,1989.0,1.2109118506458922,305.22919042189284,1595.0518814139111,1668.2633979475484,Vsx_enh3_1,enh3,0.42102218880925446,0.1200212747441991,26.50268950079817,0.437795374417042,0.27770495034180237,-100
927,87.29380053908356,444.14622641509436,829.7008086253369,1700.0,1.2986998493410797,286.8200808625337,1930.487870619946,940.2601078167116,Vsx_enh3_1,enh3,0.691417403101533,-0.1928151190044919,33.11525602110251,0.7177992027220316,-0.27195994045449984,-100
928,86.18079800498754,560.5897755610972,821.3628428927681,1993.0,1.3845296417970598,318.42518703241893,1488.1571072319202,1885.1034912718205,Vsx_enh3_1,enh3,0.5470744559448297,-0.4935882871992071,26.827819765879894,0.7368309559237983,-0.7340470915055078,-100
929,87.42214022140222,715.0789667896679,679.5483394833948,1603.0,1.2309436562991987,389.5830258302583,934.0605166051661,1725.8929889298893,Vsx_enh3_1,enh3,-0.008673874776101154,-0.7622036417332193,10.218328570366523,0.7622529944677248,-1.582175832081328,-100
930,88.52668539325843,719.7591292134831,749.3279494382023,1676.0,1.164750898053407,432.0582865168539,1157.061095505618,1725.813904494382,Vsx_enh3_1,enh3,0.18013137488720177,-0.8442822248881883,16.994778733184404,0.8632843028115957,-1.360593536925969,-100
931,87.58227848101266,721.9151898734177,695.2962025316456,1837.0,1.4737576023547085,353.00886075949364,920.8025316455696,1921.95,Vsx_enh3_1,enh3,0.027930735723407096,-0.7960692522619507,11.436536695595649,0.7965590878239681,-1.5357249017171635,-100
932,85.78152309612983,729.3483146067416,683.3533083645443,997.0,1.4352897479934295,355.63920099875156,1084.3695380774031,1798.4806491885145,Vsx_enh3_1,enh3,-0.012530447841687997,-0.8038502282534135,8.35515673925687,0.803947884869522,-1.5863831023378776,-100
933,86.78995433789954,240.7572298325723,708.0715372907154,1513.0,1.3962511542414084,249.80213089802132,821.4124809741248,1361.3645357686453,Vsx_enh3_1,enh3,0.5655866860948648,0.4684919278307884,30.229128022593216,0.7344201698825951,0.6917776984754933,-100
934,86.20718232044199,266.18600368324127,677.3213627992634,1321.0,1.3537431169203304,216.6731123388582,1056.573664825046,1564.2845303867402,Vsx_enh3_1,enh3,0.4537335946926311,0.4316848092998773,26.089758149229766,0.6262794500324661,0.7605012001154505,-100
935,89.47848948374761,281.33460803059273,738.3288718929255,2622.0,1.3958483875959484,273.38718929254304,848.8413001912046,1849.1539196940726,Vsx_enh3_1,enh3,0.6066367035135725,0.3305302626770168,33.88476368177464,0.6908388702115362,0.4988860879012462,-100
936,87.25032010243278,469.4711907810499,788.3060179257362,1821.0,1.362241041964941,283.2669654289373,1586.1830985915492,623.0492957746479,Vsx_enh3_1,enh3,0.54993194002007,-0.21873418451772542,28.623456244327997,0.5918359419052481,-0.37856326421481334,-100
937,87.69541139240506,541.690664556962,873.7365506329114,1456.0,1.3848377727220431,477.76107594936707,1344.9699367088608,1813.3488924050632,Vsx_enh3_1,enh3,0.7119746629910195,-0.49571062726720716,33.458747436270926,0.867546509834962,-0.6082031111873847,-100
938,89.515625,708.1060267857143,841.5524553571429,1183.0,1.2295508036380514,1141.8705357142858,638.1495535714286,1108.6082589285713,Vsx_enh3_1,enh3,0.44840440800130565,-0.9053980381001543,26.168247252039293,1.0103524734025298,-1.110950585213177,-100
939,88.84872727272727,746.8741818181818,495.9250909090909,1555.0,1.2648275186035505,324.06036363636366,910.952,1763.872,Vsx_enh3_1,enh3,-0.5527146107207945,-0.6633940030031065,-4.995933469697633,0.8634726655341934,-2.265433423119785,-100
940,89.86658506731946,211.38555691554467,595.8145654834761,1845.0,1.34928867700415,288.1511627906977,404.3029375764994,1035.7858017135864,Vsx_enh3_1,enh3,0.28330107418627537,0.6584289711660867,25.000673324288982,0.7167902124791666,1.164471909058464,-100
941,89.032,260.376,721.533,1166.0,1.2610608027943546,231.198,1121.551,2079.849,Vsx_enh3_1,enh3,0.5819290541247129,0.4029366526506357,32.83673006555318,0.7078130897940373,0.6056174864421764,-100
942,89.37570188871874,316.3379275140378,757.6360387953038,2278.0,1.340173238711615,405.66615620214395,1015.0632976008168,1426.6610515569168,Vsx_enh3_1,enh3,0.6238259156016233,0.21834446257468199,34.05636640965483,0.6609334893264452,0.3366825196955284,-100
943,90.2457627118644,337.619295958279,743.2835723598436,1935.0,1.408020371704126,300.1675358539765,1130.0091264667535,966.5938722294654,Vsx_enh3_1,enh3,0.5614866450279774,0.1761568487383729,32.89944045394199,0.5884713144259522,0.3040077099570896,-100
944,86.96842105263158,371.6907894736842,734.3723684210527,916.0,1.4285134501231418,233.5,1684.8802631578947,522.0710526315789,Vsx_enh3_1,enh3,0.5020712824593696,0.09466278148495588,27.577502857946683,0.5109174247066395,0.18635679014618786,-100
945,89.69460390355913,391.72330654420205,792.6917336394948,1983.0,1.2945908938533484,309.51090700344434,1954.841561423651,2011.6739380022962,Vsx_enh3_1,enh3,0.642556251394852,-0.016764143009241672,34.41621889336756,0.6427749004880624,-0.026083850053386086,-100
946,91.10984095427435,400.0675944333996,763.8185884691849,2463.0,1.3505622851304977,301.5382703777336,1798.6381709741552,819.5859840954274,Vsx_enh3_1,enh3,0.5531944395460497,-0.010128273777420094,33.08107442626684,0.5532871495655565,-0.018306659622615254,-100
947,89.11619462599855,476.6986201888163,814.0254175744371,1596.0,1.4889942343401452,378.84095860566447,1598.1002178649237,2205.6514161220043,Vsx_enh3_1,enh3,0.6133813695327526,-0.2636205055729617,32.36198535151317,0.6676319910313009,-0.40591438374674316,-100
948,89.39940682155215,553.8858131487889,806.6658428077113,2392.0,1.3927220006957641,318.4142362827484,951.6678200692041,1444.107266435986,Vsx_enh3_1,enh3,0.5123254116566174,-0.4611847614097725,29.057039325223627,0.6893248229867478,-0.732914187123178,-100
949,88.75698505523067,614.1552956465238,838.5536062378168,1790.0,1.3251247185470663,414.5120207927225,779.2326185834958,1845.72579597141,Vsx_enh3_1,enh3,0.538280976449981,-0.652987233798781,28.775268479140266,0.846249807747174,-0.8813914180061528,-100
950,89.27761194029851,658.6783582089553,848.9970149253732,1594.0,1.2839157057456505,938.3485074626866,656.9373134328358,1061.2753731343284,Vsx_enh3_1,enh3,0.5207267299873823,-0.7816106268653634,28.45747290641367,0.9391866158289408,-0.9831011585727896,-100
951,89.21123755334281,738.9359886201992,783.8762446657183,1586.0,1.3476833432345074,1200.219772403983,620.1180654338549,1012.7503556187767,Vsx_enh3_1,enh3,0.2559848894384178,-0.9296785366265045,19.838374429215747,0.9642771619637156,-1.302106848079177,-100
952,89.84262589928058,302.7598920863309,683.4037769784172,1337.0,1.4697119340707951,224.21043165467626,1034.7194244604316,1829.2329136690648,Vsx_enh3_1,enh3,0.43149235853836965,0.32845797402867216,28.813243876658277,0.5422824874362299,0.6506394491685339,-100
953,89.63878326996198,330.233206590621,675.8631178707225,1825.0,1.3618500182795268,247.39733840304183,950.0544993662864,618.5988593155894,Vsx_enh3_1,enh3,0.38192601594623254,0.2630552478548096,26.920528849263263,0.4637515984668055,0.6031422357324443,-100
954,89.47210300429184,341.4048640915594,724.5236051502146,1952.0,1.3326568166790511,312.26609442060084,1221.7646638054364,1367.527181688126,Vsx_enh3_1,enh3,0.5055965571022465,0.18484269619807936,30.408921648692058,0.5383258315290291,0.3504982746240618,-100
955,88.25298804780877,346.41434262948206,779.6314741035857,783.0,1.5721693178631277,276.82868525896413,2043.398406374502,1968.6075697211156,Vsx_enh3_1,enh3,0.6539082754429879,0.11657390510771282,33.62755700758228,0.664217967270447,0.17641921247516484,-100
956,91.8437009932044,385.6440146366963,756.40825927862,2351.0,1.3077237911875326,292.6387872451647,1539.5927861996863,1057.0726607422896,Vsx_enh3_1,enh3,0.547437847979164,0.03554230678389625,33.744694289281114,0.548590423696567,0.06483383116308432,-100
957,90.29038224414303,452.21023427866834,790.1103575832306,1878.0,1.4517402949663285,305.9081381011097,1438.7145499383478,1270.1196054254008,Vsx_enh3_1,enh3,0.5721190425786593,-0.17476941230082377,32.46597149430255,0.5982178084586727,-0.29647428531285336,-100
958,90.3545197740113,505.4279661016949,777.6680790960452,1663.0,1.3933471333727159,313.353813559322,1935.7055084745762,627.5338983050848,Vsx_enh3_1,enh3,0.4819969463746212,-0.30362752496460943,29.438353338017237,0.5696584329496001,-0.5621413673143589,-100
959,91.3307130825379,551.8349241998877,855.7125210555868,2615.0,1.969821624156601,280.76754632229085,1940.4362717574397,1978.606962380685,Vsx_enh3_1,enh3,0.6502865704746381,-0.5047204507510293,35.17551875964301,0.8231739531508445,-0.6600286454655957,-100
960,89.53356582388841,698.8064516129032,801.6948561464691,1351.0,1.419244087387484,524.8587619877942,1022.1944202266783,1866.7253705318221,Vsx_enh3_1,enh3,0.34729430313080956,-0.8409369597856231,23.198568304471394,0.9098287219694712,-1.1791463919357519,-100
961,92.25136612021858,212.53142076502732,376.7964480874317,1798.0,1.5656275555314436,235.94808743169398,814.3271857923497,1323.36543715847,Vsx_enh3_1,enh3,-0.32743025850634966,0.8739046300102729,8.948817864892703,0.9332308806179351,1.9292820765169882,-100
962,91.33663366336634,297.3842821782178,766.602103960396,1868.0,1.2365102910053698,487.83044554455444,911.3644801980198,1451.2141089108911,Vsx_enh3_1,enh3,0.6679850670134075,0.2596758007188782,37.49056473470219,0.7166837316640423,0.3707662257110461,-100
963,93.12213740458016,346.7045801526718,733.718320610687,1627.0,1.3259066236790888,310.83435114503817,1204.145038167939,957.8732824427481,Vsx_enh3_1,enh3,0.5246274705689997,0.16153106489235336,34.61121541433607,0.5489319336683596,0.29868563246684776,-100
964,90.40825285338016,457.5996488147498,776.6733977172959,1361.0,1.4514052960341255,280.09833187006143,1603.9640035118525,1085.2168568920106,Vsx_enh3_1,enh3,0.5291092714051706,-0.1756695305953626,31.248242380513602,0.5575091076085713,-0.3205590162294919,-100
965,91.33901918976545,720.5927505330491,725.998578535892,1594.0,1.3279865856044295,922.6958066808813,737.8898365316276,945.363184079602,Vsx_enh3_1,enh3,0.11363262646119865,-0.8232663126050798,17.804979180175323,0.8310714742227863,-1.4336364004531859,-100
966,92.69044414535666,722.0901749663526,667.1985195154778,1726.0,1.2685859223303482,425.7631224764468,989.9205921938088,1409.2240915208613,Vsx_enh3_1,enh3,-0.051767605462174515,-0.7685888745438175,14.157891208322752,0.7703302817933483,-1.638048842474453,-100
967,90.60099502487562,770.9791044776119,456.89651741293534,1155.0,1.2350138582173562,401.3830845771144,1190.281592039801,1901.9572139303482,Vsx_enh3_1,enh3,-0.6868423536508622,-0.6884687124525171,-7.4541236982608154,0.9724924610477362,-2.3550119518680046,-100
968,92.25214408233276,191.4845626072041,541.0634648370498,1331.0,1.4592523332996192,263.76929674099483,700.8018867924528,1348.3825042881647,Vsx_enh3_1,enh3,0.1511950030543503,0.7658516573866645,23.546293749540894,0.780633518413414,1.3758820476248814,-100
969,91.36708860759494,287.6506329113924,263.9506329113924,936.0,1.2738395941719574,249.1126582278481,932.2329113924051,1398.953164556962,Vsx_enh3_1,enh3,-0.719265268707175,0.7871179330535698,-4.292626918567521,1.066253800604213,2.3111814874879744,-100
970,93.46673387096774,705.625,831.8417338709677,1364.0,1.3180416414751273,582.422379032258,2163.1290322580644,1948.0040322580646,Vsx_enh3_1,enh3,0.4229111172350415,-0.8891942254875151,29.382891889405386,0.9846421602396136,-1.1268490714178137,-100
971,92.05375139977603,330.8073908174692,728.488241881299,1224.0,1.4042517085909691,265.7569988801792,1042.1937290033595,1832.1758118701007,Vsx_enh3_1,enh3,0.5269642414345883,0.20897106193033443,33.719964359361796,0.5668864229058788,0.37753426774198096,-100
972,93.05060622034792,448.0263574064312,809.7627833421192,2194.0,1.341265118653924,308.4380600948867,2104.2978386926725,981.3352662098049,Vsx_enh3_1,enh3,0.6303601303014408,-0.1833251318299497,37.0247965326794,0.6564769591037585,-0.2830192000945971,-100
973,94.75320829220138,487.90572556762095,748.672754195459,2291.0,1.3163212806881963,351.60858835143137,1381.847976307996,1222.7245804540967,Vsx_enh3_1,enh3,0.41845891086366804,-0.22825874685759673,32.058701855310005,0.476665412630503,-0.4993622509711882,-100
974,92.82525951557093,505.0916955017301,763.5942906574395,1391.0,1.2692707580591556,282.0562283737024,2248.528546712803,723.3304498269896,Vsx_enh3_1,enh3,0.44254336148171625,-0.28873597079464053,30.7302510745547,0.5284061767449927,-0.5780933218452241,-100
975,93.10716925351072,568.9216555801921,815.6407982261641,1707.0,1.3649074944361665,418.77679231337765,1061.6925351071693,884.2631189948263,Vsx_enh3_1,enh3,0.5205732392403768,-0.5101239465906761,32.923838528984334,0.7288504224451445,-0.7752604286484014,-100
976,92.25959780621572,715.9936014625229,817.6115173674589,1292.0,1.5730960351739491,510.1215722120658,1021.2001828153565,1887.7851919561242,Vsx_enh3_1,enh3,0.3728658811553369,-0.9024961933581359,26.587696382782127,0.9764877594499952,-1.1790057921957007,-100
977,92.61820851688694,749.9515418502202,741.5425844346549,1570.0,1.2725730391950696,1009.40234948605,668.237885462555,803.2459618208517,Vsx_enh3_1,enh3,0.1258686476175206,-0.916738162613873,19.253945814114445,0.925338735407593,-1.4343489254498463,-100
978,94.09172932330827,269.8187969924812,694.6511278195488,1520.0,1.3005724268066172,236.29624060150377,943.0263157894736,607.0300751879699,Vsx_enh3_1,enh3,0.4959562651154228,0.40460205711652164,35.25538296336805,0.6400589359818052,0.6843022449675935,-100
979,93.38826815642459,382.8262569832402,777.4430167597766,2186.0,1.4769634944763061,288.0189944134078,1849.0067039106145,1793.9530726256983,Vsx_enh3_1,enh3,0.608430671136823,0.022003018423996323,37.15652292297955,0.6088283948698283,0.0361478063413925,-100
980,93.81103928393834,492.6539035305818,786.6986573843859,2313.0,1.4478891453180764,311.4301342615614,1380.9269020387867,1086.4410740924914,Vsx_enh3_1,enh3,0.5194784472919434,-0.27879263846689706,34.1294485550749,0.5895618648319974,-0.49255766485145197,-100
981,93.46495956873315,492.53099730458223,851.6455525606469,1732.0,1.3634850616547776,430.5734501347709,1770.0222371967654,1905.266846361186,Vsx_enh3_1,enh3,0.700257247850856,-0.34327147142412406,39.24062149162103,0.7798689096645272,-0.4557830989552173,-100
982,94.2581503659348,546.1377245508982,758.5269461077844,1737.0,1.4557422982916655,325.5775116433799,506.7145708582834,1221.5475715236194,Vsx_enh3_1,enh3,0.3852450090722561,-0.3926675435397188,30.152747943101076,0.5500922802263267,-0.7949394790635189,-100
983,94.81195516811955,561.4887920298879,802.1002490660024,1950.0,1.408746196801429,305.8362391033624,952.4072229140722,922.8225404732254,Vsx_enh3_1,enh3,0.49021528781162327,-0.47691158193279726,33.770802453848006,0.683926666672587,-0.7716431253985271,-100
984,93.7806031933767,632.5215848610289,801.1862803075104,1982.0,1.5112100030924926,466.4015375517445,817.7043169722058,1485.8947368421052,Vsx_enh3_1,enh3,0.4138594455908944,-0.664546121030607,29.934640847976368,0.7828800595759408,-1.0138021517229825,-100
985,94.28773168578994,675.9947043248014,794.6787290379524,1359.0,1.4961529473357051,433.2691968225949,849.982347749338,1609.0211827007943,Vsx_enh3_1,enh3,0.35027966173794,-0.77346643867362,28.22108591955279,0.8490854922690049,-1.1455583618704723,-100
986,93.71275646743979,763.7725245316682,520.2123104371097,1301.0,1.3424107096253712,541.7591436217663,1070.5156110615521,1483.0196253345227,Vsx_enh3_1,enh3,-0.5041583654309364,-0.7325790957749798,1.2357177333315548,0.8892962324222906,-2.1735564701263206,-100
987,94.46223839854413,155.2202001819836,557.4786169244768,1284.0,1.2376315856875097,358.69517743403094,1060.6569608735215,1600.820746132848,Vsx_enh3_1,enh3,0.23405231199633447,0.8456983541977587,28.51971075198867,0.8774885703207919,1.3007980709672808,-100
988,95.74785801713587,321.8451652386781,733.4657282741738,1912.0,1.2652318876396376,276.6670746634027,939.0287637698898,931.7307221542228,Vsx_enh3_1,enh3,0.5491363628053023,0.22772720018696746,38.1608179945934,0.5944833241227476,0.3931147554293645,-100
989,94.98909557408595,525.5740859525337,785.772289929442,1778.0,1.3748096987122131,294.47273893521486,1562.8960872354073,867.6606799230276,Vsx_enh3_1,enh3,0.4822387167068203,-0.3652807572217299,33.958341739077156,0.6049662895463855,-0.648263996737886,-100
990,93.98884758364312,754.7862453531599,696.5873605947955,1250.0,1.5357033082839313,547.0529739776952,977.4284386617101,1639.1579925650558,Vsx_enh3_1,enh3,-0.004528841237942616,-0.8847362821716442,16.659619161255037,0.88474787334803,-1.5759151421682744,-100
991,94.84325230511315,775.0720871751886,424.36211232187765,1429.0,1.4410035781052786,629.2003352891869,993.5465213746857,1194.4048616932105,Vsx_enh3_1,enh3,-0.7827242706007146,-0.666945719190315,-6.11807519883962,1.0283354881232618,-2.4358907837687584,-100
992,98.09188660801564,418.7507331378299,804.7697947214076,2586.0,1.9444341726932068,280.3670576735093,2075.0224828934506,862.064027370479,Vsx_enh3_1,enh3,0.6456338868209801,-0.10071963886050528,42.751659824410666,0.6534428524850179,-0.15475382853364106,-100
993,96.51101072840203,465.0547713156409,802.0383963862224,2030.0,1.3581647831561405,336.1112365894975,1726.6798418972332,799.2727272727273,Vsx_enh3_1,enh3,0.5901723411863886,-0.22088476538344448,39.167054086309435,0.6301535304034426,-0.35813194832968126,-100
994,95.63577586206897,518.0704022988506,862.9116379310345,1737.0,1.577592822627185,513.044540229885,1824.1702586206898,1825.9533045977012,Vsx_enh3_1,enh3,0.7043397820516932,-0.422351714319789,41.36528232903322,0.8212645731854573,-0.5401562220748378,-100
995,96.06227106227107,688.8278388278388,841.0754578754579,1613.0,1.2448965226727027,1135.242490842491,546.178021978022,797.8996336996337,Vsx_enh3_1,enh3,0.46539054256683143,-0.8538663540264427,33.38849382994076,0.9724587948335189,-1.071769851024771,-100
996,93.82306477093206,705.8199052132701,753.3522906793049,848.0,1.603546291623246,475.521327014218,890.957345971564,1987.6350710900474,Vsx_enh3_1,enh3,0.20440544936648264,-0.811392399318422,23.14251945380468,0.83674321831875,-1.3240120299189873,-100
997,95.6052880075543,764.5646836638338,434.8999055712937,1258.0,1.6763291049878677,446.52313503305004,821.8734655335222,1358.7894239848913,Vsx_enh3_1,enh3,-0.7426771204338196,-0.6495823503196632,-4.070647598050186,0.9866744828273851,-2.422961065729481,-100
998,95.50203748981255,393.9869600651997,803.7758761206194,1429.0,1.4609191660588052,267.97799511002444,2120.8207008964955,844.9070904645477,Vsx_enh3_1,enh3,0.669414454720086,-0.0339414323290691,41.042070198116875,0.6702743714455587,-0.0506597836394571,-100
999,96.10420841683367,439.9078156312625,772.997995991984,1193.0,1.365966733388137,272.7955911823647,1683.0460921843687,922.3627254509018,Vsx_enh3_1,enh3,0.5357824997175045,-0.12514160391487816,37.29196300168374,0.5502029698519683,-0.2294543957022368,-100
1000,97.6579634464752,481.5535248041775,774.3139686684073,1807.0,1.2962315562420585,316.62859007832895,1706.2604438642297,995.5515665796345,Vsx_enh3_1,enh3,0.4955713288448431,-0.23703734155954137,37.34749627036649,0.5493429195563171,-0.4461465497267867,-100
1001,95.59416863672183,508.0661938534279,783.7612293144208,1504.0,1.4413490847205122,295.591804570528,2079.6193853427894,782.9085894405043,Vsx_enh3_1,enh3,0.49474514061936703,-0.3168081121009776,35.06553775080255,0.5874862841458197,-0.5695586699947082,-100
1002,95.78912685337727,518.6573311367381,765.3739703459638,769.0,1.396209216510421,252.05436573311368,1944.0510708401978,801.3838550247117,Vsx_enh3_1,enh3,0.43252592228441467,-0.32657831143430804,33.308983320760035,0.5419705406636669,-0.6467247135311421,-100
1003,97.1331811263318,545.2473363774734,841.599695585997,1683.0,1.5594914761656151,255.56012176560122,1688.8508371385083,1019.3447488584475,Vsx_enh3_1,enh3,0.6163305501392182,-0.47325646363418195,40.02211486270656,0.777068225708942,-0.6548347717560208,-100
1004,96.51796407185628,199.7574850299401,453.7784431137725,793.0,1.4045497506996585,204.48502994011977,1018.751497005988,448.76197604790417,Vsx_enh3_1,enh3,-0.10126310199527766,0.830914497679135,20.149745086437193,0.8370621949885654,1.6920677661955108,-100
1005,96.94919454770756,705.8711276332094,745.1226765799256,1046.0,1.5190189887708871,282.51548946716235,909.7608426270136,1818.6889714993804,Vsx_enh3_1,enh3,0.18061474793182675,-0.8033735710394421,25.562608123013206,0.8234262455224164,-1.3496528601791618,-100
1006,97.65785813630042,770.6383866481224,545.9367176634214,1636.0,1.1981011316420687,325.5069541029207,1192.7190542420028,1482.6175243393602,Vsx_enh3_1,enh3,-0.44088886854793075,-0.7765489319286548,7.0589222972757995,0.8929788564624636,-2.0871680984311194,-100
1007,96.53039215686275,784.8264705882353,496.0960784313726,1142.0,1.438245041419718,446.7264705882353,2381.119607843137,1584.0019607843137,Vsx_enh3_1,enh3,-0.5939390136511904,-0.764455495643992,1.2073157670895256,0.9680680537840562,-2.231319698912965,-100
1008,97.70061457418788,805.6093064091308,467.16330114135206,1317.0,1.3224610229836204,348.27655838454785,1234.1834942932396,1675.9929762949955,Vsx_enh3_1,enh3,-0.6963746491284237,-0.7907753144976046,-0.8552905075891175,1.0536903007845904,-2.292801973905218,-100
1009,97.63465553235908,344.14057063326374,745.4864300626305,1659.0,1.4708213020300689,284.9491997216423,1277.437021572721,841.1127348643006,Vsx_enh3_1,enh3,0.5587787626866647,0.156510763310304,40.19079960523757,0.5802838311219898,0.2730961733862792,-100
1010,97.30025445292621,524.1764206955047,838.7964376590331,1528.0,1.5935972568950214,334.12213740458014,1794.2663273960984,1710.7608142493639,Vsx_enh3_1,enh3,0.6304717016136043,-0.4145266941720168,40.7637553057034,0.7545375714414322,-0.5816202157383402,-100
1011,98.76899224806202,567.9038759689922,822.4490956072351,2328.0,1.5271880376103315,306.8677002583979,947.2558139534884,1285.401550387597,Vsx_enh3_1,enh3,0.5390074166697361,-0.5143206369174079,39.17205683841959,0.7450199411989659,-0.7619655195108233,-100
1012,96.6169014084507,743.512676056338,773.687323943662,559.0,1.7135349353761906,1424.0760563380281,504.4450704225352,739.0535211267605,Vsx_enh3_1,enh3,0.22085115682700462,-0.9317968336649759,26.181185593155618,0.9576119113189335,-1.3380743281316665,-100
1013,100.79650238473768,171.73926868044515,497.2861685214626,1463.0,1.3493182878058354,379.0286168521463,808.3314785373609,1761.7114467408585,Vsx_enh3_1,enh3,0.047742814835533665,0.8617965134786731,29.139458840625537,0.8631179566040883,1.5154537234732353,-100
1014,99.30105465004794,749.1035474592521,748.2627037392139,1224.0,1.3349111036491002,488.0230105465005,1647.4189837008628,1570.5417066155321,Vsx_enh3_1,enh3,0.14360016662032282,-0.9213164046858396,26.504894060063947,0.9324403066130433,-1.4161762949258223,-100
1015,101.51386202450033,314.287556415216,756.9123146357189,1908.0,1.4139083697345927,252.52224371373308,1053.057382333978,726.217279174726,Vsx_enh3_1,enh3,0.6206192409415949,0.22428580127950504,46.16081319987197,0.6599032981297419,0.3467858638676349,-100
1016,100.3613707165109,345.93395638629283,718.2585669781931,1868.0,1.3799254936774565,322.21619937694703,909.4367601246106,1582.228660436137,Vsx_enh3_1,enh3,0.4804643460151887,0.17887080136457056,40.551623047930065,0.5126799697399993,0.3563903440924565,-100
1017,101.98736998514116,741.0676077265973,670.7800891530461,1540.0,1.654158211853652,296.27711738484396,385.72362555720656,851.0839524517088,Vsx_enh3_1,enh3,-0.06416031292232593,-0.8227124475685119,22.98568404709502,0.8252104683887997,-1.6486251164788066,-100
1018,100.59958071278825,779.8071278825996,402.9266247379455,614.0,1.3190891042632573,434.70649895178195,1309.2767295597484,1852.4444444444443,Vsx_enh3_1,enh3,-0.8488362340497744,-0.6582308500615397,-2.3675800175584243,1.0741465468959719,-2.482000923387345,-100
1019,102.91997518610422,387.29342431761785,664.1042183622828,1858.0,1.3465622903351564,328.17245657568236,1115.2679900744417,1799.7090570719604,Vsx_enh3_1,enh3,0.28606559772400697,0.12307106614355212,36.963055193070716,0.31141614203972146,0.40628349102737477,-100
1020,103.11898512685914,488.17497812773405,775.7550306211724,1489.0,1.5445219193222108,299.1111111111111,1727.793525809274,1349.5013123359581,Vsx_enh3_1,enh3,0.4911705724749318,-0.2561536032893448,42.65142679443181,0.5539523442891701,-0.4807123421337522,-100
1021,104.03510204081633,497.2604081632653,810.3379591836734,1468.0,1.2358525314885072,281.29714285714283,1982.090612244898,815.665306122449,Vsx_enh3_1,enh3,0.5775836983033744,-0.31479975827580675,46.116704240481425,0.6578007421372446,-0.4990185517281466,-100
1022,104.32062146892656,715.0564971751412,798.42302259887,1697.0,1.5948297919975116,481.385593220339,767.5960451977401,1563.901836158192,Vsx_enh3_1,enh3,0.3171861154969764,-0.8810824682011197,37.02274735242199,0.9364365155393282,-1.2252443362513954,-100
1023,103.19646017699115,776.3513274336283,754.5548672566372,1272.0,1.2275942397360222,632.4530973451327,1023.9035398230088,1622.6300884955751,Vsx_enh3_1,enh3,0.13159922567643134,-1.0,29.863594542795568,1.0086220085833129,-1.439948997569061,-100
1024,101.71018276762402,777.1331592689295,678.0052219321149,534.0,1.6351998090180677,327.91383812010446,933.3603133159269,2191.096605744125,Vsx_enh3_1,enh3,-0.08161992336437873,-0.9256580181852718,21.92871479101501,0.9292494705517416,-1.6587439012789675,-100
1025,102.63517587939698,780.7648241206031,586.3597989949749,1145.0,1.304461740589625,543.1407035175879,935.3798994974875,1449.8763819095477,Vsx_enh3_1,enh3,-0.34044110465675004,-0.8438614461243389,15.01817745416298,0.9099463094023563,-1.954258220024263,-100
1026,104.43297974927675,142.78495660559307,435.75024108003856,1192.0,1.5274019287810685,350.08968177434906,1105.3500482160077,580.2622950819672,Vsx_enh3_1,enh3,-0.09412493723894289,1.0,28.709463520609603,1.0044199837768237,1.664644765589076,-100
1027,105.945178335535,490.5752972258917,851.7173051519154,1890.0,1.4105817951685617,362.053500660502,1769.8976221928665,863.5402906208718,Vsx_enh3_1,enh3,0.6990693402971033,-0.33838157542308656,51.748789101825906,0.7766595348859353,-0.4508029775405339,-100
1028,104.79837398373984,520.2479674796748,762.5495934959349,1458.0,1.285399696345667,302.1252032520325,1535.2520325203252,1132.3902439024391,Vsx_enh3_1,enh3,0.4205404986906971,-0.3281485165676681,41.981508802800846,0.5334189347638321,-0.6626139187760033,-100
1029,104.95893536121673,628.3368821292776,813.0889733840304,1542.0,1.2825026932606374,304.8752851711027,441.10494296577946,1093.902661596958,Vsx_enh3_1,enh3,0.44824486755833215,-0.6655213175502727,42.225208840166914,0.8023977102448869,-0.9780610543005853,-100
1030,104.91390728476821,177.54834437086092,600.533774834437,902.0,1.5486272090089208,430.9894039735099,2448.1907284768213,1812.0662251655629,Vsx_enh3_1,enh3,0.32758566890423935,0.7432673055638044,41.681469426535756,0.8122552911440563,1.1556718600322902,-100
1031,105.64715359828142,397.59935553168634,761.0392051557465,2403.0,1.6897136250434721,281.6084854994629,2142.8410311493017,702.9344790547798,Vsx_enh3_1,enh3,0.5440499460033075,-0.0010705228563370195,47.41796788757452,0.544050999232046,-0.0019676896994166304,-100
1032,106.92040256175663,153.12442817932296,587.032021957914,1239.0,1.477070631738574,356.70448307410794,945.1738334858188,1655.021043000915,Vsx_enh3_1,enh3,0.31497701392537336,0.8215403104357526,43.48572568457513,0.8798516926006437,1.2046833222460354,-100
1033,106.25128205128205,209.59358974358975,636.3153846153846,927.0,1.2785736022320424,235.54871794871795,635.623076923077,706.7987179487179,Vsx_enh3_1,enh3,0.39326485131396605,0.6224674371375492,44.78358867868238,0.7362899928530772,1.0073336298755498,-100
1034,107.10218978102189,167.66736183524506,557.3149113660063,1155.0,1.4579281993409463,253.9822732012513,921.2252346193952,1546.288842544317,Vsx_enh3_1,enh3,0.2171415352321442,0.8125860354222909,40.613114175718465,0.8410983957220993,1.3096747728347042,-100
1035,106.67818740399386,286.76344086021504,702.7864823348694,1472.0,1.3208195548762451,235.65514592933948,825.3824884792626,1840.0875576036867,Vsx_enh3_1,enh3,0.497440401596565,0.3512698266827694,47.819058420899495,0.6089642389157961,0.6148446347213797,-100
1036,107.04787714543812,710.3297199638663,763.8789521228546,1265.0,1.425065042739618,328.5356820234869,982.2990063233966,845.1517615176152,Vsx_enh3_1,enh3,0.22533367609561683,-0.8341128810274905,37.020872675042796,0.8640136363962926,-1.3069468334599812,-100
1037,111.4242053789731,562.6882640586797,829.8655256723716,2615.0,1.3996260848876512,253.91992665036676,2517.778728606357,792.5941320293399,Vsx_enh3_1,enh3,0.5615906055857216,-0.5081094800855404,52.59631919604496,0.7573369474909669,-0.7354433846812036,-100
1038,109.17618469015795,367.4787363304982,759.1458080194411,979.0,1.3726568368601162,271.28189550425276,2698.5929526123937,577.6974483596598,Vsx_enh3_1,enh3,0.5692374928329713,0.0807128765187124,51.93169774069037,0.574931206043551,0.14085229112830924,-100
1039,110.49609652235628,466.3243435060326,791.3073101490419,1618.0,1.3274110823350704,304.88076650106456,1669.5876508161816,1343.0191625266145,Vsx_enh3_1,enh3,0.5551742682988059,-0.21380420326576122,52.14289947801342,0.5949207556601311,-0.3676062712841073,-100
1040,111.96993318485524,222.01893095768375,583.8997772828508,1041.0,1.3106919557762506,240.0055679287305,780.1080178173719,675.9187082405346,Vsx_enh3_1,enh3,0.23301481218531483,0.6416836444685485,45.6005483890481,0.6826813328898016,1.2224723050187953,-100
1041,112.51295336787565,762.0453367875648,572.7888601036269,923.0,1.4369323976739652,260.1269430051814,1626.9935233160622,947.9559585492228,Vsx_enh3_1,enh3,-0.36135441801225543,-0.780807694538573,24.434849961072814,0.8603706592321808,-2.004240034603865,-100
1042,112.28741865509761,796.8611713665944,575.4869848156183,1064.0,1.586581764855722,267.36767895878523,1064.146420824295,1420.288503253796,Vsx_enh3_1,enh3,-0.39010986939440273,-0.8759191148215073,23.097431447645107,0.958863914175839,-1.9897949667492052,-100
1043,113.60144057623049,506.7827130852341,712.6794717887154,952.0,1.4568852983701708,333.98199279711883,2152.4585834333734,412.4921968787515,Vsx_enh3_1,enh3,0.29352785382006585,-0.2427994763572855,47.07931942559321,0.38093331002629055,-0.6910939859597752,-100
