label,centroid_x,centroid_y,centroid_z,area,aspherity,int,sample,type,x_std,y_std,z_std,rotation,int_threshold
1,11.945670628183361,309.07894736842104,192.86587436332766,1602.0,1.3200231569946999,33130.019524617994,LacZ_2,LacZ OE,0.6210893855379775,-0.39515220743713564,-42.181585899518296,70,2500
2,11.696314102564102,320.8838141025641,228.16907051282053,1507.0,1.2609694969133607,48459.938301282054,LacZ_2,LacZ OE,0.5428853904305675,-0.3676958657514402,-43.369308214664365,70,2500
3,12.2325,423.6566666666667,54.79416666666667,1434.0,1.2975035003008841,24525.129166666666,LacZ_2,LacZ OE,0.9254275280925004,-0.1233845134278947,-39.79704391754197,70,2500
4,11.645038167938932,443.131679389313,86.34064885496183,1370.0,1.313573998292546,36491.24713740458,LacZ_2,LacZ OE,0.8554779246498074,-0.07780297539035863,-41.310221247371715,70,2500
5,13.00575263662512,296.22914669223394,188.70373921380633,1404.0,1.2471264320970286,34180.59443911793,LacZ_2,LacZ OE,0.6303669793599895,-0.42539265667732395,-40.89911648269744,70,2500
6,13.178500986193294,305.53648915187375,206.82445759368835,1337.0,1.2792738720523613,33407.256410256414,LacZ_2,LacZ OE,0.5901788126262093,-0.4036313667516135,-41.23988990324775,70,2500
7,12.839258114374035,327.33307573415766,215.7758887171561,1570.0,1.3025785179486529,48729.03400309119,LacZ_2,LacZ OE,0.5701818500172706,-0.35232295471759634,-42.000916163637044,70,2500
8,12.310580204778157,335.35039817974973,228.01592718998862,1099.0,1.2743664584553784,33740.904436860066,LacZ_2,LacZ OE,0.5430524794632383,-0.3335567464203919,-42.893185474600045,70,2500
9,12.354893617021277,339.588085106383,253.59404255319149,1518.0,1.4894660335623964,34584.78808510638,LacZ_2,LacZ OE,0.4864217046845274,-0.3238374770319613,-43.486601926516904,70,2500
10,12.7370820668693,345.51519756838906,240.75151975683892,1609.0,1.4547743585698256,40850.647416413376,LacZ_2,LacZ OE,0.5147566300004915,-0.30970869123824085,-42.86313969409578,70,2500
11,12.487305487305488,363.6085176085176,255.46109746109747,1445.0,1.3340211353112048,50193.44226044226,LacZ_2,LacZ OE,0.48205189652236524,-0.26719588422657536,-43.63273200377105,70,2500
12,11.720338983050848,439.8742937853107,72.67090395480226,877.0,1.3015051475108121,36134.95903954802,LacZ_2,LacZ OE,0.88574767020307,-0.08533639682049732,-40.88441900796062,70,2500
13,13.320841551610782,276.78303747534517,270.59105851413545,2250.0,1.4715150890784727,28761.04667981591,LacZ_2,LacZ OE,0.4493762622443782,-0.4721428814466715,-42.302806421037104,70,2500
14,14.264586160108548,317.40434192673,182.66214382632293,1901.0,1.1416597192443794,42936.42672998643,LacZ_2,LacZ OE,0.6434631039956711,-0.3753508260690548,-39.706990280121566,70,2500
15,13.5007215007215,330.8225108225108,185.0851370851371,899.0,1.3328876021243756,30232.516594516594,LacZ_2,LacZ OE,0.6380122742806245,-0.34374409311531395,-40.6583551909811,70,2500
16,14.11890504704876,420.59709153122327,128.4054747647562,1452.0,1.3338756029875762,51605.093242087256,LacZ_2,LacZ OE,0.7625064041142917,-0.13135691298355134,-39.59729329297442,70,2500
17,13.519909842223893,428.59353869271223,82.7167543200601,1608.0,1.322031807963809,39291.295266716756,LacZ_2,LacZ OE,0.863538971017511,-0.11201307973853702,-39.209253797517675,70,2500
18,13.882764654418198,432.5398075240595,100.70341207349081,1496.0,1.4150841442559308,45153.38670166229,LacZ_2,LacZ OE,0.8236894364538014,-0.10289156865055038,-39.30441254053537,70,2500
19,13.314769975786925,443.364406779661,129.15254237288136,1044.0,1.3649525566463239,44785.40920096853,LacZ_2,LacZ OE,0.7606749171131479,-0.07768037281490114,-40.641304114947395,70,2500
20,14.567279767666989,308.3591481122943,222.540174249758,1299.0,1.455107897534102,30388.06582768635,LacZ_2,LacZ OE,0.5553112190617135,-0.3971121419053938,-40.24552226394388,70,2500
21,14.73031825795645,315.96984924623115,207.0820770519263,1467.0,1.3445493778056932,36550.41959798995,LacZ_2,LacZ OE,0.5894277211377683,-0.3789887736308213,-39.79663672931964,70,2500
22,15.57715582450832,316.17624810892585,270.00680786686837,1685.0,1.2174349629737373,33223.55370650529,LacZ_2,LacZ OE,0.4501710674514634,-0.37916526439414167,-40.41895130979448,70,2500
23,14.592677345537757,360.44393592677346,268.60869565217394,1127.0,1.2834609350069217,37594.87528604119,LacZ_2,LacZ OE,0.45288674574079346,-0.27475499992986696,-41.803564713074714,70,2500
24,14.493894165535957,448.9077340569878,108.59158751696066,988.0,1.4257883026269849,28610.236092265943,LacZ_2,LacZ OE,0.8060481616882291,-0.06435491993097131,-39.03747921652816,70,2500
25,15.004070556309362,456.84735413839894,80.1112618724559,1916.0,1.4741031123920978,34728.06241519674,LacZ_2,LacZ OE,0.8689531347432176,-0.045306502303324,-37.94121818633231,70,2500
26,15.651149086623453,471.9463759575722,229.0530347672363,2127.0,1.4353436345046189,41280.73364761344,LacZ_2,LacZ OE,0.5392637858504983,-0.011292388670502418,-40.91408874739527,70,2500
27,16.28110599078341,597.2864823348694,282.1290322580645,1881.0,1.4258587213362308,40285.52841781874,LacZ_2,LacZ OE,0.42059638159334,0.28379543606949476,-42.747727354415346,70,2500
28,13.92824074074074,662.8032407407408,363.1875,1104.0,1.5339226320939288,34405.29398148148,LacZ_2,LacZ OE,0.2407552156022179,0.4374016918770358,-47.63033259914102,70,2500
29,13.444647758462946,718.5251601097896,334.7511436413541,1392.0,1.4690365444884161,28770.174748398902,LacZ_2,LacZ OE,0.303151967895108,0.5691346987637982,-47.99597092787789,70,2500
30,15.637540453074434,272.2988133764833,239.29018338727076,1215.0,1.3091011716767618,31119.853290183386,LacZ_2,LacZ OE,0.5185480855193998,-0.4823276915892333,-39.213315106748375,70,2500
31,15.924003707136237,297.31603336422614,167.3058387395737,1342.0,1.3025032019041478,30321.86746987952,LacZ_2,LacZ OE,0.6775450646273888,-0.42253016794531173,-37.4936157744264,70,2500
32,16.764354066985646,309.70394736842104,286.6668660287081,2065.0,1.2686727824567818,39141.83014354067,LacZ_2,LacZ OE,0.4133146194430686,-0.3945856167557571,-39.55718724746227,70,2500
33,15.581118240146655,314.47571035747023,237.98350137488544,1405.0,1.3692779979677474,31969.914757103576,LacZ_2,LacZ OE,0.5210337526030844,-0.3828289404719071,-39.65184739957263,70,2500
34,15.979284369114877,327.25894538606406,245.11016949152543,1522.0,1.4001132794573126,36311.39642184557,LacZ_2,LacZ OE,0.505122880535104,-0.3527443770165203,-39.54499093963228,70,2500
35,15.789569436021832,357.8162522741055,230.4796846573681,2152.0,1.4443327777250665,36529.03759854457,LacZ_2,LacZ OE,0.537204639402967,-0.28051213174488543,-39.69251033441019,70,2500
36,15.548309178743962,431.1135265700483,121.71618357487922,967.0,1.3151712188855509,49243.73188405797,LacZ_2,LacZ OE,0.7771297628249356,-0.10644579201403881,-38.115284715343215,70,2500
37,18.930366492146597,429.1931937172775,135.7806282722513,2378.0,1.533195896006459,53963.49633507853,LacZ_2,LacZ OE,0.7458582134846199,-0.1110508048984763,-35.043384630897506,70,2500
38,15.347368421052632,443.2968421052632,142.72105263157894,1146.0,1.280712918058189,43731.696842105266,LacZ_2,LacZ OE,0.730552362469034,-0.07794054616103319,-38.924995088350784,70,2500
39,17.225,466.9701612903226,68.98225806451613,1520.0,1.2235148304469785,31837.61935483871,LacZ_2,LacZ OE,0.8933615459324031,-0.02125762538546505,-35.560590837589345,70,2500
40,16.954650269023826,590.5265180630284,269.4150653343582,1616.0,1.228970367781663,36951.970023059184,LacZ_2,LacZ OE,0.4487545903817127,0.26800350314780563,-41.71188995130033,70,2500
41,16.120253164556964,603.4430379746835,296.2381329113924,1528.0,1.347808739987349,38171.09493670886,LacZ_2,LacZ OE,0.3893310031513604,0.29816063130378034,-43.29765691370867,70,2500
42,14.74875868917577,610.0744786494538,285.5561072492552,1348.0,1.4923624661435009,34521.24428997021,LacZ_2,LacZ OE,0.4129699971145766,0.3138872961118686,-44.48457126524258,70,2500
43,15.691666666666666,674.3861111111111,352.0351851851852,1386.0,1.3999930875420195,26511.94814814815,LacZ_2,LacZ OE,0.2652247176753484,0.4648843399133902,-45.72080196680468,70,2500
44,17.5656146179402,182.61627906976744,300.11710963455147,1780.0,1.26836728388596,27418.347176079733,LacZ_2,LacZ OE,0.3847463074611257,-0.6944846207577855,-37.8265119809676,70,2500
45,17.987701040681173,195.27625354777672,300.8855250709555,1488.0,1.2629768532761885,40287.347209082305,LacZ_2,LacZ OE,0.382902007396384,-0.6646212744742673,-37.546317439917416,70,2500
46,17.276801405975394,267.31634446397186,211.8725834797891,1394.0,1.2302448740822842,41440.903339191565,LacZ_2,LacZ OE,0.5791686175924127,-0.4937453445536246,-36.88669573823973,70,2500
47,15.727668845315904,267.8736383442266,226.50435729847496,1142.0,1.3217085108554838,34292.86274509804,LacZ_2,LacZ OE,0.5468728346261382,-0.49262491814799836,-38.781871686859276,70,2500
48,15.905491698595148,280.79438058748406,283.9833971902937,1138.0,1.5802116440606822,25734.043422733077,LacZ_2,LacZ OE,0.41957546223011155,-0.4627673100425903,-40.07041658606808,70,2500
49,16.24341580207502,292.1404628890662,225.22825219473265,1525.0,1.3101170318451554,35917.098962490025,LacZ_2,LacZ OE,0.5494345684270072,-0.4353592903783269,-38.47392808186926,70,2500
50,16.72641509433962,295.39108061749573,199.1835334476844,1598.0,1.5095211410145086,40023.48370497427,LacZ_2,LacZ OE,0.6069979233839615,-0.4273982245117808,-37.41574341907169,70,2500
51,18.738863287250386,324.7511520737327,260.37403993855605,1665.0,1.2888729206068272,30488.794930875578,LacZ_2,LacZ OE,0.4712356497633552,-0.3587623006728481,-37.117583835787386,70,2500
52,17.06188605108055,332.3153241650295,204.30255402750493,1251.0,1.2094546180140282,33630.71316306484,LacZ_2,LacZ OE,0.5952983190169645,-0.34035007372511017,-37.56091656823774,70,2500
53,17.492839090143217,339.45577085088456,189.7826453243471,1640.0,1.5663598403431775,29114.57961246841,LacZ_2,LacZ OE,0.6273299322981287,-0.32333999275039926,-36.86147239470327,70,2500
54,17.179970972423803,373.97242380261247,279.62626995645866,1638.0,1.3474224365840473,36072.589259796805,LacZ_2,LacZ OE,0.4282475137956787,-0.24290478926266745,-39.60627313410701,70,2500
55,16.58839528558477,418.75611967361743,113.14052583862194,1284.0,1.2208687103785358,53502.79419764279,LacZ_2,LacZ OE,0.796167837911538,-0.1354773685819075,-36.754736261540955,70,2500
56,16.478324761204995,425.87803085966203,191.63703159441587,1802.0,1.3613812537515495,47265.53269654666,LacZ_2,LacZ OE,0.6224436732708749,-0.11953249663140397,-38.764302569941236,70,2500
57,16.652561247216035,630.2917594654789,332.47772828507794,1158.0,1.2569439333903996,29133.57461024499,LacZ_2,LacZ OE,0.30886942162998743,0.3611097457162682,-43.87295728413733,70,2500
58,16.3036093418259,651.5753715498938,331.984076433121,1230.0,1.4062066975025336,28551.84288747346,LacZ_2,LacZ OE,0.30977365735352835,0.41131041394671075,-44.41849344917609,70,2500
59,17.459310344827585,654.5006896551724,315.071724137931,1936.0,1.4273657329692824,35513.979310344825,LacZ_2,LacZ OE,0.34710149372321863,0.41842045048248155,-42.8975279672385,70,2500
60,15.854609929078014,663.9583333333334,337.1781914893617,1503.0,1.4015907032382717,33571.7304964539,LacZ_2,LacZ OE,0.29818590696188085,0.44045244896624647,-45.10956567909649,70,2500
61,15.803958529688973,676.5202639019793,363.4703110273327,1388.0,1.4768763779059522,24767.294062205467,LacZ_2,LacZ OE,0.23989988097915083,0.469796832392813,-45.895991582745346,70,2500
62,16.71414821944177,679.9412897016362,376.1838306063523,1436.0,1.8537274634996692,24358.648700673726,LacZ_2,LacZ OE,0.21169311357562437,0.47774911604333603,-45.315928138517684,70,2500
63,16.894686907020873,703.5891840607211,365.63092979127134,1282.0,1.3325331821586819,31204.252371916507,LacZ_2,LacZ OE,0.23480158530046524,0.5336478177603536,-45.12077615577788,70,2500
64,17.16068376068376,729.5555555555555,327.53931623931624,1407.0,1.4790368833697805,26484.289743589743,LacZ_2,LacZ OE,0.31880819959825946,0.5953160072613215,-44.220907999919,70,2500
65,21.02217294900222,181.36363636363637,344.00443458980044,1424.0,1.5135753323060481,21959.858093126386,LacZ_2,LacZ OE,0.2874861013976815,-0.6978365502739399,-35.381878810148166,70,2500
66,16.36111111111111,263.593253968254,281.12301587301585,698.0,1.307128076768831,22139.740079365078,LacZ_2,LacZ OE,0.4260464754906812,-0.5032994854510676,-39.379996111901924,70,2500
67,17.69410569105691,278.3404471544715,219.54674796747966,1296.0,1.4469341377467861,34896.36077235772,LacZ_2,LacZ OE,0.5620625284722975,-0.46781568357963144,-36.75626170815293,70,2500
68,17.225194132873167,284.0319240724763,192.45729076790337,1376.0,1.2502542163255732,40824.771354616045,LacZ_2,LacZ OE,0.6219627823405853,-0.45410757355822906,-36.64920667052757,70,2500
69,18.34771784232365,291.69460580912863,179.05145228215767,1456.0,1.2130756774464158,34864.598340248966,LacZ_2,LacZ OE,0.651488897875391,-0.43586195583388765,-35.28949205459728,70,2500
70,17.250243427458617,305.5335929892892,180.1587147030185,1289.0,1.2960721031239182,35179.90457643622,LacZ_2,LacZ OE,0.648962082613785,-0.40325594820298416,-36.5478051793276,70,2500
71,17.578181818181818,298.7248484848485,213.93454545454546,1084.0,1.2921569782975757,37282.5503030303,LacZ_2,LacZ OE,0.5742873940798268,-0.41967520132059877,-36.94072744564569,70,2500
72,16.50785340314136,304.6125654450262,268.9083769633508,1013.0,1.457534445348452,26196.93062827225,LacZ_2,LacZ OE,0.4526649498358317,-0.40640824088603666,-39.34982539148616,70,2500
73,17.508670520231213,311.1288191577209,304.0825763831544,1943.0,1.7068881298367184,23637.681255161024,LacZ_2,LacZ OE,0.374732894392259,-0.3913966146219783,-39.23303153600368,70,2500
74,17.09325681492109,328.8149210903874,233.0487804878049,948.0,1.457774001309733,37593.78909612625,LacZ_2,LacZ OE,0.5317341430323943,-0.3489178936291283,-38.16542796500015,70,2500
75,18.815573770491802,358.5696721311475,201.525956284153,1799.0,1.307706638679596,42581.2131147541,LacZ_2,LacZ OE,0.6010964410356887,-0.27835178340925026,-35.999891926562384,70,2500
76,17.063419117647058,414.8648897058824,181.54595588235293,1319.0,1.372520533037546,46391.78676470588,LacZ_2,LacZ OE,0.6448448774900808,-0.14538719717616688,-37.836424022578235,70,2500
77,17.974770642201836,418.92316513761466,137.60894495412845,1161.0,1.5161696996564082,54768.939220183485,LacZ_2,LacZ OE,0.7419621100405387,-0.1353171549039398,-35.9408307583774,70,2500
78,17.386831275720166,427.67489711934155,68.2559670781893,1467.0,1.2147688618644152,35535.69547325103,LacZ_2,LacZ OE,0.8953401774259488,-0.11393478734330076,-34.99748086886348,70,2500
79,20.158232931726907,429.4546184738956,106.25943775100401,1576.0,1.2097222219343169,50513.87469879518,LacZ_2,LacZ OE,0.8111031291451496,-0.11008585573134089,-33.130288228605515,70,2500
80,17.537264537264537,432.5249795249795,166.57002457002457,1475.0,1.3446507897513813,51310.95331695332,LacZ_2,LacZ OE,0.6777813703156839,-0.10355770523072705,-37.186377368391334,70,2500
81,16.2,441.58882681564245,115.41899441340782,1134.0,1.5281987075020897,37288.06815642458,LacZ_2,LacZ OE,0.7909262518172051,-0.08165370695441987,-37.419478930077155,70,2500
82,17.591939546599495,439.90302267002517,91.80352644836272,1049.0,1.3048073025673956,36188.43576826197,LacZ_2,LacZ OE,0.8431160622569298,-0.08534216080397461,-35.46098396151065,70,2500
83,17.59346991037132,451.12932138284253,153.44366197183098,1834.0,1.260779031743322,50504.9628681178,LacZ_2,LacZ OE,0.7066384379281063,-0.059530534206339136,-37.006190274894436,70,2500
84,17.751592356687897,449.87087434858137,183.0868558193399,2130.0,1.466701997268976,44492.2900984366,LacZ_2,LacZ OE,0.6410616226664352,-0.0628169190834208,-37.52683162186627,70,2500
85,17.143421052631577,461.5828947368421,124.20657894736843,924.0,1.2619370330781896,42037.42105263158,LacZ_2,LacZ OE,0.771242920408296,-0.03456597395667138,-36.87679887837944,70,2500
86,17.893571428571427,469.2835714285714,246.54642857142858,1737.0,1.3277232658620333,35703.349285714285,LacZ_2,LacZ OE,0.5004723201611088,-0.017711943281239484,-39.0541298302772,70,2500
87,17.86856264411991,467.7640276710223,185.54957724827057,1613.0,1.3359072572349924,52800.75326671791,LacZ_2,LacZ OE,0.6354340790121005,-0.020635021801553077,-37.64234503841634,70,2500
88,16.776011560693643,620.1994219653179,274.65606936416185,939.0,1.3234576438073855,28131.154624277457,LacZ_2,LacZ OE,0.43688184715640443,0.33793430631466315,-42.30291699674536,70,2500
89,17.390760346487006,624.3522617901829,307.0356111645813,1220.0,1.2633611142154064,30084.906641000962,LacZ_2,LacZ OE,0.36517534432022547,0.3473926738752475,-42.48380103672181,70,2500
90,16.585585585585587,642.1685971685972,322.7039897039897,1105.0,1.8067338522932588,27060.0296010296,LacZ_2,LacZ OE,0.33038080258739444,0.38922905495492577,-43.82825543250655,70,2500
91,17.974564926372157,685.8567603748327,327.8192771084337,929.0,1.3362855823232487,20880.512717536814,LacZ_2,LacZ OE,0.3185695650046496,0.49225586956510603,-42.98633683286859,70,2500
92,17.345588235294116,718.0147058823529,300.4432773109244,1370.0,1.5130304917109307,18981.497899159665,LacZ_2,LacZ OE,0.3788559505048017,0.5683919117680887,-43.29152001637092,70,2500
93,17.695652173913043,717.8971367974549,358.1558854718982,1142.0,1.3034369312768441,24297.93107104984,LacZ_2,LacZ OE,0.25115909307949535,0.5674964588175038,-44.285778506301014,70,2500
94,16.242105263157896,789.784962406015,489.90526315789475,827.0,1.3420246938971843,18818.14285714286,LacZ_2,LacZ OE,-0.04093571465729895,0.7356012201885735,-49.513351933829725,70,2500
95,16.745672436750997,791.9414114513982,592.1797603195739,926.0,1.5314474231088364,22040.785619174436,LacZ_2,LacZ OE,-0.26724854987297153,0.739589718609788,-51.415200674384565,70,2500
96,16.941299790356393,840.5010482180294,508.9706498951782,640.0,1.59341271917705,18628.186582809223,LacZ_2,LacZ OE,-0.08364165920514655,0.8550382398973215,-49.754943295717666,70,2500
97,18.091263650546022,251.60140405616224,224.03432137285492,1606.0,1.4039386010152535,29098.85647425897,LacZ_2,LacZ OE,0.5523726723815661,-0.5309267225810452,-36.20227185449209,70,2500
98,18.47555923777962,250.67771333885668,271.3222866611433,1757.0,1.3373677018807963,31515.183927091963,LacZ_2,LacZ OE,0.4477446979340214,-0.5336097574579328,-36.91141105144647,70,2500
99,18.004825090470447,260.92279855247284,236.1761158021713,1135.0,1.2120188754475996,30837.209891435465,LacZ_2,LacZ OE,0.5254251771252514,-0.5090733384829482,-36.6629098289525,70,2500
100,19.640120967741936,258.90524193548384,215.1764112903226,1231.0,1.3389600255151075,33171.3558467742,LacZ_2,LacZ OE,0.5718186620722163,-0.5135671451382007,-34.51886805418128,70,2500
101,19.634827810266408,261.7485380116959,249.10851202079272,2037.0,1.3041401576677585,29624.16049382716,LacZ_2,LacZ OE,0.4967220876408738,-0.5072286967913433,-35.342977760837954,70,2500
102,20.05217391304348,264.8440579710145,330.2904347826087,2111.0,1.366174910001617,38395.374492753625,LacZ_2,LacZ OE,0.3170685655450096,-0.5007982747339192,-36.84850926883894,70,2500
103,19.25,269.3240740740741,191.09362139917695,1191.0,1.231932244983692,33333.86111111111,LacZ_2,LacZ OE,0.6250173353348609,-0.4887390825991941,-34.44938176614105,70,2500
104,18.548494983277592,276.18729096989966,203.5406911928651,1109.0,1.1789072351868484,30552.979933110368,LacZ_2,LacZ OE,0.5974500398202465,-0.47270134257596286,-35.50795928244341,70,2500
105,18.336073997944503,288.0606372045221,209.70400822199383,1216.0,1.4477288013743637,33679.56834532374,LacZ_2,LacZ OE,0.5837107886821973,-0.44476649071590246,-35.98013690295226,70,2500
106,17.768796992481203,318.07894736842104,224.46428571428572,852.0,1.5209941405931604,35315.43421052631,LacZ_2,LacZ OE,0.5507949219548225,-0.374133098382578,-37.18496433288682,70,2500
107,18.423118865866957,335.6564885496183,217.76990185387132,1182.0,1.2387355192015381,40568.631406761175,LacZ_2,LacZ OE,0.5654012883802706,-0.3325840468370872,-36.54674570288397,70,2500
108,18.788005578800558,342.0746164574617,232.221059972106,1865.0,1.4477107500848543,38594.00069735007,LacZ_2,LacZ OE,0.53334945954269,-0.3175935701675153,-36.581636374394805,70,2500
109,18.834119496855347,355.7083333333333,243.98034591194968,1594.0,1.3719766309241452,32270.19496855346,LacZ_2,LacZ OE,0.5071996292628995,-0.2855612066048975,-36.94303203068878,70,2500
110,18.91835260115607,368.0606936416185,263.7615606936416,1819.0,1.5010468365832519,48664.19219653179,LacZ_2,LacZ OE,0.4633129935651392,-0.2566374363453999,-37.44078826678945,70,2500
111,18.724555735056544,424.78675282714056,205.6373182552504,1530.0,1.4213124528576462,43900.11954765751,LacZ_2,LacZ OE,0.5913647458594617,-0.12220718812491349,-36.83448028766169,70,2500
112,18.325097529258777,426.3289986996099,93.11443433029909,986.0,1.2860099724713412,46335.97139141743,LacZ_2,LacZ OE,0.8403093287038255,-0.11735773117328363,-34.625833681434635,70,2500
113,18.217025257249766,436.52478952291864,182.2553788587465,1299.0,1.3364956188654946,44119.746492048645,LacZ_2,LacZ OE,0.6430062041417657,-0.09427770105878241,-36.91160868342517,70,2500
114,18.267306374228923,437.7039067854695,200.57642220699108,1872.0,1.488277662213867,40783.91569568197,LacZ_2,LacZ OE,0.602459823015105,-0.09169404479385457,-37.299966997885164,70,2500
115,18.632478632478634,446.4211344211344,216.54312354312356,1500.0,1.3685990911440462,38846.93628593629,LacZ_2,LacZ OE,0.5670328383232894,-0.07129694192904601,-37.392392193394166,70,2500
116,18.257689110556942,449.8354114713217,201.04322527015793,1423.0,1.3618955748470012,48583.704904405655,LacZ_2,LacZ OE,0.6013102172330285,-0.06308382355683118,-37.43913749561284,70,2500
117,18.396590066716087,454.0370644922165,136.6916234247591,1623.0,1.217361979311561,47252.64195700519,LacZ_2,LacZ OE,0.7436299985898154,-0.05247174137650423,-35.84125816225081,70,2500
118,19.004996431120627,460.25910064239827,215.4768022840828,1680.0,1.2833885512091856,46636.52177016417,LacZ_2,LacZ OE,0.569238763831454,-0.03863620318955108,-37.13050370000313,70,2500
119,18.05949656750572,462.9805491990847,108.73798627002289,1048.0,1.24143672292157,36661.81464530892,LacZ_2,LacZ OE,0.8054038352165147,-0.031080487867802487,-35.614094207363,70,2500
120,18.277966101694915,462.96610169491527,199.5864406779661,1518.0,1.513961040427947,40808.11355932203,LacZ_2,LacZ OE,0.6044050285954992,-0.032095195711771995,-37.51335617764272,70,2500
121,17.64509394572025,464.6346555323591,94.56576200417537,1114.0,1.2805806883759852,29977.96764091858,LacZ_2,LacZ OE,0.8367630255464211,-0.02703452666093309,-35.71417127902022,70,2500
122,18.446952595936793,476.9813769751693,201.01128668171557,2108.0,1.393452216806314,45689.08521444695,LacZ_2,LacZ OE,0.601108449288785,0.0009521023361915848,-37.51474098682726,70,2500
123,19.226124460874924,597.3974121996304,257.0117067159581,1957.0,1.2814803160878359,37543.68453481208,LacZ_2,LacZ OE,0.47601115834134955,0.2843968242494539,-39.219215723982984,70,2500
124,18.40016038492382,601.6672012830794,338.5132317562149,1644.0,1.2509880039116084,24032.709703287892,LacZ_2,LacZ OE,0.29570346507236467,0.29356523385519884,-41.986597506944506,70,2500
125,18.050541516245488,609.0974729241877,245.59687123947052,1070.0,1.3242390523635779,25673.404332129965,LacZ_2,LacZ OE,0.5012122108180539,0.3120916523390367,-40.24278130656532,70,2500
126,18.775641025641026,613.8205128205128,260.0491452991453,1705.0,1.4797575995386514,29118.257834757835,LacZ_2,LacZ OE,0.46915569641749366,0.32309200676014527,-39.90101839835123,70,2500
127,18.489238410596027,618.7930463576159,290.9793046357616,1438.0,1.4227435968840707,29363.774834437085,LacZ_2,LacZ OE,0.40069436436122197,0.3344790006140994,-40.95699723678289,70,2500
128,18.132401315789473,631.2055921052631,280.6381578947368,1542.0,1.3603888802344593,26569.409539473683,LacZ_2,LacZ OE,0.42347084302450133,0.36386146391812346,-41.19407758524348,70,2500
129,17.356043956043955,636.4014652014652,295.2725274725275,1601.0,1.460832513125349,26610.734065934066,LacZ_2,LacZ OE,0.3910844977493837,0.37594087413834343,-42.362161980422464,70,2500
130,17.827426810477657,634.0338983050848,311.52388289676423,813.0,1.1949635187393328,26380.95223420647,LacZ_2,LacZ OE,0.35512952070517945,0.3701907633481212,-42.24661099518614,70,2500
131,18.4119373776908,645.8639921722114,308.23874755381604,1448.0,1.6302077027659958,25410.84931506849,LacZ_2,LacZ OE,0.36225268714964187,0.3981442919515552,-41.70143217885236,70,2500
132,20.972574911122397,657.5952260030473,300.062468257999,2958.0,1.5581075339695556,24036.851701371255,LacZ_2,LacZ OE,0.3800955488439015,0.42596280845773915,-39.06577157645845,70,2500
133,18.26640675763483,679.8083170890188,316.56530214424953,1895.0,1.473288399107853,25229.931773879143,LacZ_2,LacZ OE,0.34351061910106306,0.47811770217873684,-42.37307465048816,70,2500
134,19.43298332303891,718.5849289684991,286.2093885114268,2257.0,1.4446138170783998,25195.831995058677,LacZ_2,LacZ OE,0.41023274805053145,0.5699390167967433,-40.87855857595081,70,2500
135,17.987163029525032,727.5442875481386,371.26700898587933,1005.0,1.3422278459141477,22511.80487804878,LacZ_2,LacZ OE,0.22204442679893277,0.590116340868547,-44.39437091920017,70,2500
136,17.4375,752.7423469387755,518.9017857142857,1005.0,1.37111485656072,20091.57525510204,LacZ_2,LacZ OE,-0.1047892612931326,0.6479386840136014,-48.6319248671365,70,2500
137,18.300911854103344,754.4267477203647,336.40060790273554,1941.0,1.3433687671375085,22790.404863221884,LacZ_2,LacZ OE,0.2989044436307491,0.6539114783047939,-43.53091170311635,70,2500
138,17.964630225080384,194.77170418006432,352.2893890675241,646.0,1.8072651953942698,12545.276527331189,LacZ_2,LacZ OE,0.2691852652164477,-0.6663696018226222,-38.762740310868516,70,2500
139,19.20292504570384,208.40585009140767,324.1224862888483,1372.0,1.399267682252116,20044.020109689212,LacZ_2,LacZ OE,0.33130411221597256,-0.6338758502124268,-37.00160566203017,70,2500
140,19.6111801242236,221.87204968944098,352.967701863354,1080.0,1.5833888893517316,16030.298136645963,LacZ_2,LacZ OE,0.26733730303202674,-0.6024157208117511,-37.39763382030963,70,2500
141,20.187735849056605,225.82830188679245,294.00754716981135,1402.0,1.410075724232824,31297.52358490566,LacZ_2,LacZ OE,0.3977091256959733,-0.5924309850838474,-35.48552108575284,70,2500
142,20.201382886776145,239.8124459809853,258.48141745894554,1408.0,1.3422591804657795,29501.593777009508,LacZ_2,LacZ OE,0.4761689918223635,-0.5590597828271033,-34.78051286367924,70,2500
143,21.261969904240765,250.51641586867305,237.01162790697674,1831.0,1.1821692013663574,29566.593023255813,LacZ_2,LacZ OE,0.5235090833486229,-0.5335543748006112,-33.32448421148698,70,2500
144,21.11246730601569,260.7977332170881,200.26416739319964,1455.0,1.2877749611208809,33185.41150828248,LacZ_2,LacZ OE,0.6047152063937506,-0.5089077865904481,-32.71788026863695,70,2500
145,18.839181286549707,295.63157894736844,289.70175438596493,544.0,1.4873043485705313,21066.769005847953,LacZ_2,LacZ OE,0.40662933417794256,-0.4277647450652431,-37.416109932368606,70,2500
146,19.038333333333334,299.3183333333333,254.16166666666666,1030.0,1.5226887937379179,23826.925,LacZ_2,LacZ OE,0.4852101227780412,-0.41867839482479086,-36.42459805962088,70,2500
147,19.98872180451128,303.7844611528822,228.7218045112782,1139.0,1.4714422092063741,32362.315789473683,LacZ_2,LacZ OE,0.5413994125085169,-0.40784610481916306,-34.925164173349586,70,2500
148,19.703030303030303,319.08363636363634,173.3151515151515,1048.0,1.2951477489655994,34751.00606060606,LacZ_2,LacZ OE,0.6638444999965627,-0.3711641876998307,-34.068820429215194,70,2500
149,19.688509021842354,320.1025641025641,298.50522317188984,1501.0,1.421602234350637,28797.301994301994,LacZ_2,LacZ OE,0.3868724090394564,-0.3701192863779992,-37.011658127943676,70,2500
150,19.738446411012784,325.5152409046214,187.26155358898723,1219.0,1.4053374299075203,37324.64110127827,LacZ_2,LacZ OE,0.6329262609890061,-0.35614396795718395,-34.421441676200345,70,2500
151,18.820021299254527,342.3535676251331,249.2140575079872,1348.0,1.3966639715677007,29917.649627263047,LacZ_2,LacZ OE,0.4957508204698262,-0.31711921328817094,-36.948489935275674,70,2500
152,19.25225225225225,360.92535392535393,277.4517374517375,951.0,1.3170469132541005,30807.419562419564,LacZ_2,LacZ OE,0.4330774493681735,-0.27360900872053384,-37.35633196342519,70,2500
153,19.923224568138195,359.82725527831093,217.7197696737044,1377.0,1.6965903687270008,33101.1142034549,LacZ_2,LacZ OE,0.5652008073633958,-0.27553582690115097,-35.282397414601185,70,2500
154,19.169302325581395,369.8260465116279,229.40651162790698,1250.0,1.3239501584676976,42182.417674418604,LacZ_2,LacZ OE,0.5392879869531229,-0.25209491640338055,-36.40632436021102,70,2500
155,19.686475409836067,381.7137978142076,206.8292349726776,1835.0,1.3864573615084852,41093.997267759565,LacZ_2,LacZ OE,0.5890948486233458,-0.22379762319225627,-35.47929905713794,70,2500
156,19.34393063583815,408.6719653179191,216.27673410404626,1642.0,1.3198753264998448,43788.632947976876,LacZ_2,LacZ OE,0.567950645860346,-0.1603196538931011,-36.305682526063734,70,2500
157,19.198603568657873,422.37393328161363,223.33824670287044,1545.0,1.2245858643338798,41937.80294802172,LacZ_2,LacZ OE,0.5522031207612612,-0.12807970539943603,-36.74961404853382,70,2500
158,19.63162623539982,424.49146451033243,174.544474393531,1347.0,1.4815502104451161,51995.57232704403,LacZ_2,LacZ OE,0.6601086591534056,-0.12254567300024899,-35.199993928749265,70,2500
159,18.51100811123986,434.4380069524913,151.06604866743916,1043.0,1.3324994653741222,41344.2607184241,LacZ_2,LacZ OE,0.7120125979517351,-0.0988548692685487,-35.87023979031168,70,2500
160,20.12463768115942,443.15458937198065,166.39420289855073,1292.0,1.5574793707370809,44929.7884057971,LacZ_2,LacZ OE,0.6779337776041878,-0.07842386000853507,-34.69971496449477,70,2500
161,18.15491009681881,444.4260027662517,75.12309820193637,1105.0,1.8574369328122515,28793.22406639004,LacZ_2,LacZ OE,0.879945980571045,-0.07447964454371192,-34.55359483091975,70,2500
162,19.569868995633186,441.9301310043668,102.8056768558952,712.0,1.273013098340234,33804.7903930131,LacZ_2,LacZ OE,0.8186537266906084,-0.08063487473527275,-33.759991864125,70,2500
163,19.20794590025359,456.0752324598478,232.17751479289942,1540.0,1.5470835847058777,33502.91293322063,LacZ_2,LacZ OE,0.5323211031230837,-0.04868156539835644,-37.276007767379156,70,2500
164,19.128654970760234,470.4770258980785,145.66081871345028,1447.0,1.2789052758825814,46086.376775271514,LacZ_2,LacZ OE,0.7235901931865127,-0.013774145714106178,-35.47933283317165,70,2500
165,18.53309481216458,470.8676207513417,158.96511627906978,1321.0,1.310509179903175,45567.90339892665,LacZ_2,LacZ OE,0.6941835673758325,-0.013010754342098974,-36.38866513738557,70,2500
166,17.862068965517242,472.02021403091555,131.2639714625446,1063.0,1.3899187932135024,40799.48156956005,LacZ_2,LacZ OE,0.7554914431912731,-0.010006833055873021,-36.42499961177312,70,2500
167,18.469367588932805,474.45553359683794,117.44664031620553,1230.0,1.2360410962772748,41857.00592885375,LacZ_2,LacZ OE,0.786005125401005,-0.004098690721743847,-35.51961712371304,70,2500
168,20.701612903225808,477.33374689826303,104.7574441687345,2190.0,1.3608249200849052,38579.82382133995,LacZ_2,LacZ OE,0.8139347209586609,0.0028789951592191887,-33.020438213492255,70,2500
169,19.224884792626728,474.1124423963134,171.9188940092166,1353.0,1.2388098529970581,45155.98801843318,LacZ_2,LacZ OE,0.6654582598600032,-0.0054816892224713865,-36.03080866090852,70,2500
170,19.896353166986565,476.60364683301344,217.6919385796545,1212.0,1.2726553808305263,42854.31957773512,LacZ_2,LacZ OE,0.5641339225702589,-8.675931092072542e-05,-36.4509576180445,70,2500
171,18.743532889874352,587.1034737620104,292.38876570583886,1619.0,1.3491113499807164,29684.22690317812,LacZ_2,LacZ OE,0.39786962036579543,0.25972090331671005,-40.42564239648709,70,2500
172,19.326432022084195,630.4251207729469,263.8053830227743,1847.0,1.420859370500357,28402.349896480333,LacZ_2,LacZ OE,0.46065650065061736,0.3622303840184671,-39.60039842412533,70,2500
173,19.2798459563543,638.7946084724006,355.75353016688064,953.0,1.2554151619127378,21602.975609756097,LacZ_2,LacZ OE,0.25715738207157735,0.3809735219491843,-41.87228112835483,70,2500
174,19.44717261904762,665.1889880952381,309.5282738095238,1612.0,1.477269769797096,28537.82068452381,LacZ_2,LacZ OE,0.3591593369430577,0.4437372764041845,-40.885632094786814,70,2500
175,19.209345794392522,666.0289719626169,325.04579439252336,1761.0,1.581892870725557,21046.216822429906,LacZ_2,LacZ OE,0.32483347266694196,0.44554483120753474,-41.49333476187418,70,2500
176,19.572734196496572,670.1355674028941,274.5971058644326,1597.0,1.417013926830367,24199.076923076922,LacZ_2,LacZ OE,0.43638460233595455,0.45578698558947406,-39.994205966235036,70,2500
177,18.765571913929787,736.8618346545867,341.6727066817667,1151.0,1.2871996200718323,18636.079275198186,LacZ_2,LacZ OE,0.28738669966306274,0.6124331890041996,-43.01747413782354,70,2500
178,21.14406779661017,109.52824858757062,404.30790960451975,728.0,1.884370488958261,15211.570621468927,LacZ_2,LacZ OE,0.1547630493643688,-0.8679316079166322,-35.96306218567286,70,2500
179,20.093916755602987,225.1419423692636,308.76200640341517,1831.0,1.6251220204224566,26640.09605122732,LacZ_2,LacZ OE,0.36507873738199637,-0.5942121668244362,-35.91654282582996,70,2500
180,18.95601173020528,240.34310850439883,272.1143695014663,558.0,1.768801967311223,24500.208211143694,LacZ_2,LacZ OE,0.4460675001670902,-0.5579844031055254,-36.34848006015316,70,2500
181,20.5,252.11088295687884,258.2207392197125,1243.0,1.3999822754922222,25650.928131416837,LacZ_2,LacZ OE,0.47661127604614517,-0.5300408766069813,-34.59622189252939,70,2500
182,18.892241379310345,306.49568965517244,194.99784482758622,773.0,1.7954160262809502,32003.344827586207,LacZ_2,LacZ OE,0.6160387104902598,-0.401110082730993,-35.2616642074104,70,2500
183,20.15972894482091,324.2313649564376,211.50919651500485,1345.0,1.30649087994897,45447.46079380445,LacZ_2,LacZ OE,0.5792728828895364,-0.3594257898940999,-34.552980541857686,70,2500
184,20.92354124748491,344.8779342723005,201.63782696177063,1819.0,1.2946244157260747,35917.36955063716,LacZ_2,LacZ OE,0.6008724687075297,-0.3106006209574481,-33.7612688216344,70,2500
185,23.432375613174493,353.3426769446391,229.3363700070077,1968.0,1.434907492235465,34706.14716187806,LacZ_2,LacZ OE,0.5393823133342202,-0.290877415525576,-31.981732590550983,70,2500
186,21.318181818181817,380.16738816738814,266.0995670995671,1718.0,1.338134716380711,35575.569985569986,LacZ_2,LacZ OE,0.457899360620347,-0.2280510328270302,-35.2146599974138,70,2500
187,21.075757575757574,412.69251336898395,168.01871657754012,1470.0,1.2810066594902847,49334.02317290552,LacZ_2,LacZ OE,0.6745853731387701,-0.15027299296045205,-33.48877838059806,70,2500
188,21.017171717171717,415.34747474747473,192.8050505050505,1407.0,1.3045514839939134,51008.437373737375,LacZ_2,LacZ OE,0.6197269195350792,-0.1442807780140063,-34.15112093968629,70,2500
189,20.116312056737588,438.07234042553193,125.88652482269504,983.0,1.5161821723269988,46461.205673758865,LacZ_2,LacZ OE,0.7676001301547708,-0.08997246953536997,-33.714031698255624,70,2500
190,20.455667789001122,485.14590347923684,124.30864197530865,1183.0,1.318802721105183,39984.586980920314,LacZ_2,LacZ OE,0.7706179536525435,0.021088398598498426,-33.79849131787104,70,2500
191,21.21543985637343,479.72082585278275,235.8734290843806,1365.0,1.2436681194919539,39154.531418312385,LacZ_2,LacZ OE,0.5238119516745325,0.007098830241771381,-35.58662148722969,70,2500
192,20.979464285714286,610.5571428571428,279.0964285714286,1519.0,1.4744182495608278,39114.13214285715,LacZ_2,LacZ OE,0.4269343047459022,0.3152381133176394,-38.10999460297022,70,2500
193,20.30291697830965,623.4891548242333,247.9364248317128,1707.0,1.5066320950998737,30995.47793567689,LacZ_2,LacZ OE,0.49578066803579013,0.3460644468413627,-38.186448251331676,70,2500
194,21.772151898734176,622.5227848101266,319.5620253164557,1953.0,1.2827654591037647,35081.64683544304,LacZ_2,LacZ OE,0.3372539127181544,0.34304146933091495,-38.377921274618075,70,2500
195,19.72212837837838,640.4383445945946,236.06672297297297,1493.0,1.321449992400787,26263.18918918919,LacZ_2,LacZ OE,0.5219065114158781,0.3861593091224247,-38.656154782864114,70,2500
196,22.792951541850222,652.4919236417034,226.33553597650513,2046.0,1.5430068278855233,23360.290014684288,LacZ_2,LacZ OE,0.5431598702149123,0.4147666819898981,-35.47737785288014,70,2500
197,19.58,655.2707692307692,234.41538461538462,835.0,1.1777624611298536,19601.823076923076,LacZ_2,LacZ OE,0.5254236707876845,0.42116035089387194,-38.90483855295783,70,2500
198,19.40998685939553,654.2168199737188,255.1353482260184,930.0,1.280998989895124,20081.295663600526,LacZ_2,LacZ OE,0.4796030540170586,0.41844564790880456,-39.54749825111903,70,2500
199,19.40929203539823,655.4203539823009,269.34513274336285,649.0,1.5341147456917377,17595.765486725664,LacZ_2,LacZ OE,0.44815457298752737,0.4211303372317712,-39.89121594264279,70,2500
200,19.841269841269842,662.5347985347985,360.2356532356532,978.0,1.2972469824779445,27808.995115995116,LacZ_2,LacZ OE,0.24698269286190544,0.43693550841638307,-41.64775573289469,70,2500
201,19.136454849498328,680.6107023411371,281.4515050167224,1849.0,1.6570036842348104,20994.283612040133,LacZ_2,LacZ OE,0.421141540649296,0.48041116188118993,-40.69260270468243,70,2500
202,19.45375218150087,679.3935427574171,260.49040139616056,1377.0,1.5404153811698376,22595.301047120418,LacZ_2,LacZ OE,0.4675100024912211,0.47777480571420905,-39.874867826462186,70,2500
203,19.44800884955752,679.8716814159292,300.9391592920354,1175.0,1.8223187384777229,18984.34292035398,LacZ_2,LacZ OE,0.37801927464225726,0.47846366728609624,-40.8282030771221,70,2500
204,19.598765432098766,692.1466049382716,289.8888888888889,855.0,1.49705373457213,16659.45524691358,LacZ_2,LacZ OE,0.40233967296665707,0.5075407915740484,-40.53997505981307,70,2500
205,19.086655112651645,693.9861351819758,304.95320623916814,783.0,1.4790038521783808,18926.180242634317,LacZ_2,LacZ OE,0.3690209533876416,0.5117047078971735,-41.421086665608954,70,2500
206,20.13347164591978,695.6970954356847,394.00414937759336,1735.0,1.5371331678726543,25277.05947441217,LacZ_2,LacZ OE,0.171939346566087,0.5147982622502119,-42.467242434368245,70,2500
207,20.095238095238095,719.6322751322751,330.36772486772486,516.0,1.3861442847428738,17424.944444444445,LacZ_2,LacZ OE,0.31249514001431833,0.5719455157727054,-41.256152800629735,70,2500
208,18.08653846153846,782.0448717948718,847.7980769230769,563.0,1.5930666326424234,15841.23717948718,LacZ_2,LacZ OE,-0.8327366846796528,0.7135033976706566,-55.93676808563766,70,2500
209,22.90877598152425,233.28290993071593,702.4930715935335,1199.0,1.394472322185369,21941.086605080833,LacZ_2,LacZ OE,-0.5062124332601168,-0.5792167828263619,-42.36063615398892,70,2500
210,21.182368193604148,251.30942091616248,317.52636127917026,1488.0,1.4440580810307904,22405.749351771825,LacZ_2,LacZ OE,0.34537957260277197,-0.5325591765746885,-35.2887276176902,70,2500
211,22.3894523326572,270.53752535496955,274.36173089925626,1739.0,1.2983616165803007,46441.75659229209,LacZ_2,LacZ OE,0.4406259797961958,-0.48670853027758476,-33.26389791535822,70,2500
212,22.51031746031746,272.0722222222222,233.47460317460317,1510.0,1.2355771719725435,48247.5126984127,LacZ_2,LacZ OE,0.5310611059752259,-0.4826421792450727,-32.20494889453843,70,2500
213,21.54316848281643,274.86085498742665,247.3134953897737,1497.0,1.317974561978719,27996.915339480303,LacZ_2,LacZ OE,0.5004677785572507,-0.47623663572949515,-33.52167181294923,70,2500
214,23.456124314442413,282.7979890310786,225.89762340036563,1346.0,1.2880160031704022,46806.66453382084,LacZ_2,LacZ OE,0.547671302336735,-0.4572387008311458,-31.18773753937672,70,2500
215,23.018115942028984,282.07101449275365,284.9963768115942,1667.0,1.3590147748542283,43787.90362318841,LacZ_2,LacZ OE,0.41695444734764475,-0.45960463390788975,-32.99616801668536,70,2500
216,21.899211218229624,310.3900087642419,258.4057843996494,1447.0,1.3505245940457007,29793.08676599474,LacZ_2,LacZ OE,0.47556570913870666,-0.39254352404960835,-33.77187765940677,70,2500
217,21.770689655172415,307.65344827586205,214.95862068965516,1440.0,1.4226262568723285,32769.77672413793,LacZ_2,LacZ OE,0.5717187198402887,-0.398530032728974,-32.8607747622725,70,2500
218,21.90947546531303,314.57106598984774,317.7876480541455,1483.0,1.4853602073305399,22903.76649746193,LacZ_2,LacZ OE,0.3441518629877234,-0.38332534633271653,-35.18679050718004,70,2500
219,22.69922480620155,319.206976744186,199.24186046511628,1574.0,1.1609895159824652,35670.92713178295,LacZ_2,LacZ OE,0.6063297606120834,-0.3710861354125098,-31.6791775044811,70,2500
220,23.203429462197974,321.3959469992206,309.6461418550273,1598.0,1.3051109147055495,30544.61184723305,LacZ_2,LacZ OE,0.36203073226105165,-0.367109112381954,-33.77022360426234,70,2500
221,21.299674267100976,322.0138436482085,283.39820846905536,1488.0,1.487706044003507,26519.585504885992,LacZ_2,LacZ OE,0.42019249609460685,-0.36541032838620247,-35.067539219637,70,2500
222,22.559862187769163,320.2523686477175,235.6089577950043,1428.0,1.263383157885889,46086.172265288544,LacZ_2,LacZ OE,0.5258704706665231,-0.3690180186960076,-32.676489250958795,70,2500
223,21.92207792207792,335.1350649350649,179.24675324675326,1069.0,1.3948907907932175,31251.71038961039,LacZ_2,LacZ OE,0.6504517899911488,-0.33331615320479624,-32.14577637439016,70,2500
224,22.073422330097088,369.37560679611653,195.26577669902912,1956.0,1.4050612951199204,43871.63349514563,LacZ_2,LacZ OE,0.6146731569809443,-0.2527207119590662,-32.7028584749948,70,2500
225,21.555238774055596,381.78617248752676,250.93727726300784,1769.0,1.4804421314412775,36308.71489665004,LacZ_2,LacZ OE,0.4914155842584804,-0.22406277510365746,-34.64006037492304,70,2500
226,21.80546875,400.35859375,189.39140625,1581.0,1.374763614403159,39764.80546875,LacZ_2,LacZ OE,0.6273833402518219,-0.1795811640167605,-33.136872783327874,70,2500
227,22.399814471243044,412.860853432282,229.5500927643785,1325.0,1.3431321866987898,44878.73283858998,LacZ_2,LacZ OE,0.5383869970978192,-0.15051324506719088,-33.60117282962475,70,2500
228,21.90793413173653,416.43488023952096,100.9244011976048,1620.0,1.2026080218083035,43624.67664670659,LacZ_2,LacZ OE,0.822941581481337,-0.14069868168008925,-31.129415689133804,70,2500
229,20.228031145717463,421.05339265850944,157.2146829810901,1151.0,1.304156602699606,46163.34705228031,LacZ_2,LacZ OE,0.6984504869391577,-0.13045368879001917,-34.16616586757931,70,2500
230,19.95538057742782,449.6089238845144,113.11548556430446,582.0,1.4332643105147453,34369.69291338583,LacZ_2,LacZ OE,0.7957507068701148,-0.06262537104159538,-33.69005593252491,70,2500
231,22.971363978899774,461.0422004521477,176.56518462697815,1775.0,1.326870053883982,47937.49660889224,LacZ_2,LacZ OE,0.6551119118786266,-0.0362763458301123,-32.26598080677248,70,2500
232,20.432657926102504,480.6376638855781,186.55065554231228,1164.0,1.4772795364078029,41756.95351609059,LacZ_2,LacZ OE,0.632962275103707,0.009778679906547794,-35.228340046276486,70,2500
233,19.736363636363638,481.9431818181818,58.20909090909091,630.0,1.7964154104561647,20564.55909090909,LacZ_2,LacZ OE,0.9169207875366305,0.014234589423119282,-32.94536359370879,70,2500
234,22.85144312393888,484.99830220713073,224.1477079796265,1453.0,1.3429798121073544,44028.02971137521,LacZ_2,LacZ OE,0.549617615538009,0.01971177661766177,-33.72942439731918,70,2500
235,22.2849277357192,494.7474191328286,61.77563661390227,1801.0,1.3031707806051187,26885.03372333104,LacZ_2,LacZ OE,0.908774772034147,0.04445640728691469,-30.606010527187074,70,2500
236,23.693669162695713,582.1490810074881,277.4377127297481,1879.0,1.2908635453853052,27412.768550034038,LacZ_2,LacZ OE,0.4307385235241672,0.24830980900141308,-35.08009297785036,70,2500
237,21.850117096018735,607.8243559718969,313.53239656518343,1683.0,1.49113893903084,27134.729117876657,LacZ_2,LacZ OE,0.35073168264107646,0.3084383598751297,-38.01563701359342,70,2500
238,20.94607454401269,612.0340999206978,233.01903251387787,1675.0,1.3784195912143313,29093.568596352103,LacZ_2,LacZ OE,0.5288605994732272,0.3192210569590712,-37.08369399311127,70,2500
239,21.925897631779986,637.5416348357525,250.59587471352177,1653.0,1.2725421872443001,26672.6294881589,LacZ_2,LacZ OE,0.4896772173800854,0.3792193011339655,-36.76344788173599,70,2500
240,20.940634595701127,635.9600818833163,322.4708290685773,1284.0,1.4908405808812393,31879.138178096215,LacZ_2,LacZ OE,0.33073161657364825,0.3746865063824947,-39.40842923898369,70,2500
241,21.173504273504275,639.2299145299145,368.2068376068376,1404.0,1.3133357283627753,29934.928205128206,LacZ_2,LacZ OE,0.22950435059520968,0.3819084351739954,-40.273790156344695,70,2500
242,21.934688847812694,652.9408502772643,373.52125693160815,1922.0,1.256820252260552,31952.211953173137,LacZ_2,LacZ OE,0.21757505075926842,0.41420918543124596,-39.77086033354357,70,2500
243,20.67591674925669,675.3716551040634,395.2140733399405,1338.0,1.388741068106031,20259.454905847375,LacZ_2,LacZ OE,0.16943120245098586,0.4668543531490241,-41.75434536637135,70,2500
244,22.0875,672.3102272727273,248.1102272727273,1230.0,1.3078805019254673,20839.888636363637,LacZ_2,LacZ OE,0.4948315657923086,0.46126128727866433,-36.88407142107798,70,2500
245,21.565490196078432,726.5992156862745,255.00156862745098,1571.0,1.4182054536405242,25151.058039215688,LacZ_2,LacZ OE,0.4790872945439715,0.5892301827129458,-38.097634328572276,70,2500
246,22.55687203791469,725.5201421800948,277.4739336492891,1186.0,1.4340562291888808,24780.556872037916,LacZ_2,LacZ OE,0.42932998802002964,0.586463718587523,-37.61987536041971,70,2500
247,22.132142857142856,738.0017857142857,375.5625,1371.0,1.2948643063110292,29123.382142857143,LacZ_2,LacZ OE,0.2122259329955951,0.6148312619745511,-40.453148478412764,70,2500
248,20.226495726495727,741.2122507122507,299.92877492877494,830.0,1.4563639096805652,15044.5,LacZ_2,LacZ OE,0.37962086521787075,0.623181078926371,-40.62646575803621,70,2500
249,21.465901417960836,749.9061444969615,379.1208642808913,1815.0,1.4325492492172016,28770.261309925725,LacZ_2,LacZ OE,0.20427287774217806,0.6428571665355451,-41.31857983499002,70,2500
250,21.282670454545453,755.5965909090909,483.77627840909093,1955.0,1.4258829999605542,15488.450994318182,LacZ_2,LacZ OE,-0.02730605100089345,0.6551400646638794,-43.99708042854751,70,2500
251,23.026455026455025,108.16402116402116,397.02645502645504,513.0,1.552628138405505,18116.306878306877,LacZ_2,LacZ OE,0.17078801166756263,-0.8710275459853734,-33.89819048037997,70,2500
252,22.30188679245283,202.04528301886793,285.94150943396227,1351.0,1.2833173790144219,31066.033018867925,LacZ_2,LacZ OE,0.4156747824401543,-0.6483940331580023,-32.95136181996559,70,2500
253,21.795296167247386,210.7656794425087,297.24477351916374,1537.0,1.505451558285558,29216.403310104528,LacZ_2,LacZ OE,0.3906099311838058,-0.6279587633486825,-33.80659110790205,70,2500
254,21.867503486750348,227.9246861924686,718.139470013947,930.0,1.4896217415229855,23725.26359832636,LacZ_2,LacZ OE,-0.5407219244775526,-0.592049152771672,-43.71389905980527,70,2500
255,22.92019154030327,241.40143655227453,187.37988826815644,1511.0,1.2241222402403313,27860.029529130086,LacZ_2,LacZ OE,0.6333138450273292,-0.5544782606442435,-30.420642311370102,70,2500
256,24.913020277481323,234.2289220917823,308.6312700106724,2639.0,1.4999918272292903,42325.495731056566,LacZ_2,LacZ OE,0.36503098165589853,-0.5726665824473374,-31.184823794085588,70,2500
257,22.984967788117395,248.42591267000716,209.16392269148176,1776.0,1.2652877826198514,29468.429491768075,LacZ_2,LacZ OE,0.585048846074764,-0.5381439498901306,-30.932418513033753,70,2500
258,24.581607290803646,246.3811101905551,279.05219552609776,1574.0,1.277831083872134,43311.7845898923,LacZ_2,LacZ OE,0.4303694993176519,-0.5436889514981293,-30.94547857415459,70,2500
259,23.692664809656453,258.8393686165274,226.10027855153203,1395.0,1.3203856437572479,33743.58588672238,LacZ_2,LacZ OE,0.5474425415448709,-0.5137485243635309,-30.72162548513857,70,2500
260,23.28733459357278,292.9366729678639,165.47826086956522,1330.0,1.2933219108601945,29071.753308128544,LacZ_2,LacZ OE,0.6812500941464679,-0.4326721762613638,-30.047194519791244,70,2500
261,20.897025171624716,298.76773455377577,306.20480549199084,1111.0,1.4579996321652606,17743.905034324944,LacZ_2,LacZ OE,0.369982276201714,-0.42049931967180953,-35.77431161255194,70,2500
262,23.71608040201005,303.11725293132326,279.1164154103853,1651.0,1.3477577125622422,25213.24623115578,LacZ_2,LacZ OE,0.4297232182510242,-0.4098815410306623,-32.36723803170696,70,2500
263,24.032204789430224,308.05119735755574,200.52270850536746,1560.0,1.413226177464874,32892.6308835673,LacZ_2,LacZ OE,0.6035351313078714,-0.3973835885890836,-30.267352282241333,70,2500
264,22.033975084937712,313.4541336353341,186.19139297848244,1095.0,1.2295247773921383,34965.3805209513,LacZ_2,LacZ OE,0.6352918728600139,-0.3845294071285984,-31.98371391790217,70,2500
265,22.286356821589205,313.2293853073463,272.3568215892054,968.0,1.3094346341985563,27507.14992503748,LacZ_2,LacZ OE,0.44465379278795925,-0.3859885871429527,-33.73784948801501,70,2500
266,22.05263157894737,320.61933904528763,249.36719706242351,1097.0,1.3596639525999017,31770.933904528763,LacZ_2,LacZ OE,0.4954552349050776,-0.36831326049998814,-33.50787114219013,70,2500
267,23.687779433681072,328.08792846497767,222.76378539493294,1788.0,1.445735853652303,37000.65126676602,LacZ_2,LacZ OE,0.5541542508789001,-0.3503705798113482,-31.32614387546918,70,2500
268,22.87869362363919,332.5769828926905,254.01788491446345,1574.0,1.3269390620668324,34611.99144634526,LacZ_2,LacZ OE,0.48500794513821677,-0.3401394516300912,-32.907460792024025,70,2500
269,22.960093896713616,333.5179968701095,237.86306729264476,1739.0,1.2869545623993475,44358.39123630673,LacZ_2,LacZ OE,0.5207345801010823,-0.33774268798557927,-32.45870073015374,70,2500
270,22.868468468468468,366.4108108108108,254.86666666666667,861.0,1.3962036192485425,32434.983783783784,LacZ_2,LacZ OE,0.4828033278325341,-0.26034246373099623,-33.268442906578834,70,2500
271,23.20828025477707,366.6235668789809,290.57643312101914,2111.0,1.3650686676677488,32143.554777070065,LacZ_2,LacZ OE,0.4037815675789598,-0.26022027830533057,-33.76326497999794,70,2500
272,23.257009345794394,370.46183800623055,179.72663551401868,1633.0,1.2879372503771425,39177.28115264798,LacZ_2,LacZ OE,0.6489793361454501,-0.24996293130917002,-31.16803677126169,70,2500
273,22.74721508140531,384.37789203084833,234.29734361610969,1407.0,1.3048386170395354,45311.01371036847,LacZ_2,LacZ OE,0.5281420908144083,-0.21774175028948184,-33.08591826365841,70,2500
274,22.150316455696203,393.02848101265823,261.84098101265823,1515.0,1.3058119747296713,36673.18433544304,LacZ_2,LacZ OE,0.46715335754467047,-0.19764939438636686,-34.40932935234877,70,2500
275,24.17283163265306,399.72895408163265,205.0593112244898,2072.0,1.3288072217035753,41916.02040816326,LacZ_2,LacZ OE,0.5926043473576508,-0.18118228063795516,-31.129347696961034,70,2500
276,23.50040883074407,404.5208503679477,176.99672935404743,1480.0,1.310888019565092,46092.50858544563,LacZ_2,LacZ OE,0.6546767056551814,-0.16959016850131692,-31.194253976277302,70,2500
277,22.829906542056076,412.4915887850467,114.896261682243,1284.0,1.299546250364499,53189.2570093458,LacZ_2,LacZ OE,0.7920215792887635,-0.1501305574566808,-30.49486671253426,70,2500
278,23.07956777996071,413.00884086444006,203.05108055009822,1230.0,1.258499810176025,43972.46365422397,LacZ_2,LacZ OE,0.5969752534310873,-0.14986116957419726,-32.30535584684018,70,2500
279,24.131083202511775,414.7794348508634,141.83045525902668,1524.0,1.1738633621359666,48301.816326530614,LacZ_2,LacZ OE,0.7323446043786268,-0.14499654590363187,-29.844359674337703,70,2500
280,22.96978021978022,421.6630036630037,85.61538461538461,1284.0,1.3205171184226097,36867.02655677656,LacZ_2,LacZ OE,0.8567048648524389,-0.12817637986101815,-29.762177917099883,70,2500
281,22.727195225916454,426.3324808184143,119.5609548167093,1465.0,1.3411150494673654,56070.21142369991,LacZ_2,LacZ OE,0.7815730867017152,-0.1175359421580292,-30.841681932837005,70,2500
282,23.14188422247446,427.97843359818387,145.93984108967084,1132.0,1.41893444497865,46632.86833144155,LacZ_2,LacZ OE,0.723176667874865,-0.11393022609776626,-31.058155031730116,70,2500
283,23.527918781725887,432.4162436548223,229.38506163886873,1634.0,1.2630794229888864,46166.10079767948,LacZ_2,LacZ OE,0.5385045931707013,-0.10435891140512843,-32.66087941063752,70,2500
284,22.22918707149853,434.33986287952985,214.73457394711068,1289.0,1.3713740213895995,36146.17140058766,LacZ_2,LacZ OE,0.5709649626608291,-0.09969222901758712,-33.636490416673674,70,2500
285,22.315195071868583,440.0112936344969,138.5195071868583,1238.0,1.420642078824213,49575.376796714576,LacZ_2,LacZ OE,0.7395192732713314,-0.0854857705220593,-31.829311236583152,70,2500
286,24.102200141944643,457.3236337828247,144.95031937544357,1750.0,1.3211801915215917,56000.75230660043,LacZ_2,LacZ OE,0.7250322700269307,-0.044678806675579996,-30.362143595536285,70,2500
287,23.70091556459817,467.27161749745676,114.8972533062055,1239.0,1.236557634449544,48389.21363173957,LacZ_2,LacZ OE,0.7914443557054478,-0.02089685341582226,-30.16003596285991,70,2500
288,22.49216589861751,479.23410138248846,135.59539170506912,1357.0,1.3226618189076078,47689.63778801843,LacZ_2,LacZ OE,0.7455997718730321,0.00706782070716061,-31.967922574552173,70,2500
289,21.470642201834863,484.197247706422,162.24311926605503,1393.0,1.5314758205781451,47970.692660550456,LacZ_2,LacZ OE,0.6866507189667168,0.018462350531759153,-33.65886631262843,70,2500
290,23.091728091728093,495.2588042588043,131.86486486486487,1584.0,1.2978453005830721,44450.956592956594,LacZ_2,LacZ OE,0.7536669336864679,0.04492066909555903,-31.438347336203257,70,2500
291,21.3971119133574,568.6955475330926,270.9663056558363,1108.0,1.3719648716471322,29987.58604091456,LacZ_2,LacZ OE,0.445304337002874,0.21659371467665833,-37.093451770584814,70,2500
292,22.811819595645414,570.8608087091758,286.2698289269051,1673.0,1.3553116065545658,30311.842923794713,LacZ_2,LacZ OE,0.41135367569403836,0.22156734906045616,-36.05712383262437,70,2500
293,23.118491921005386,570.3967684021544,302.3052064631957,2047.0,1.3102594437489263,31018.695990424894,LacZ_2,LacZ OE,0.37586661084074713,0.22030581459774057,-36.11981693170641,70,2500
294,22.246993524514338,580.6160962072155,258.55689176688253,1362.0,1.480163608624481,27599.63737280296,LacZ_2,LacZ OE,0.472598917804985,0.2448656535070406,-36.07117204346337,70,2500
295,23.117948717948718,595.5355311355312,350.1377289377289,1641.0,1.3086393036381554,27872.95750915751,LacZ_2,LacZ OE,0.2698016189966548,0.27908358266985545,-37.48131803926748,70,2500
296,24.235225955967554,604.1448435689456,291.9345307068366,2182.0,1.3479788649364068,39088.11819235226,LacZ_2,LacZ OE,0.3984258304370989,0.3000479781306875,-35.09182012133111,70,2500
297,21.941244239631338,636.5103686635945,219.8548387096774,1124.0,1.3401473342838108,28287.34331797235,LacZ_2,LacZ OE,0.5576960206699826,0.3771206354701646,-36.021401955781485,70,2500
298,22.573091849935317,640.5174644243208,207.72574385510995,1047.0,1.3810491833408758,27620.464424320828,LacZ_2,LacZ OE,0.5844582742957785,0.3867184908759185,-35.146209094253216,70,2500
299,23.6,641.5885350318472,336.4853503184713,1886.0,1.3678203199224783,27326.93821656051,LacZ_2,LacZ OE,0.29953482968225975,0.3878714341190226,-37.13167107937721,70,2500
300,21.305785123966942,646.7355371900826,220.1818181818182,568.0,1.6681253123946425,27733.377410468318,LacZ_2,LacZ OE,0.5569065424693229,0.40122146601729836,-36.764306374769546,70,2500
301,21.971929824561403,659.2350877192982,396.35087719298247,1111.0,1.4402532130003964,20125.769590643275,LacZ_2,LacZ OE,0.16700534900158304,0.4288090543611771,-40.32739361469227,70,2500
302,21.107784431137723,668.9296407185628,194.62724550898204,1071.0,1.8168180526254463,22031.161676646705,LacZ_2,LacZ OE,0.6132374407318637,0.45384511232707325,-36.58364161340187,70,2500
303,21.889032258064518,699.9006451612903,263.50451612903225,1127.0,1.4641711251328349,21654.705806451613,LacZ_2,LacZ OE,0.46051747953938094,0.5261693660200217,-37.71123667934141,70,2500
304,21.240291262135923,704.8082524271845,314.0703883495146,573.0,1.3842251422949945,17773.009708737864,LacZ_2,LacZ OE,0.34863463281890894,0.5371819133362139,-39.586538562219005,70,2500
305,22.1302729528536,733.2679900744417,266.7047146401985,1114.0,1.4404418426516767,19757.40322580645,LacZ_2,LacZ OE,0.45310224588974934,0.6048462549634217,-37.87108479388334,70,2500
306,21.797535211267604,744.3503521126761,364.4806338028169,797.0,1.6001654218982524,19576.959507042255,LacZ_2,LacZ OE,0.23669865667643064,0.6299186983535559,-40.59141939092448,70,2500
307,23.901030927835052,752.1243986254295,407.78350515463916,1912.0,1.4551811297645105,18799.86735395189,LacZ_2,LacZ OE,0.14071405627323874,0.6478341610307528,-39.574094091290604,70,2500
308,24.513205282112846,150.6386554621849,448.46638655462186,1982.0,1.2443654007814269,37947.51860744298,LacZ_2,LacZ OE,0.056497606398823175,-0.7713635195981503,-34.02655253161917,70,2500
309,24.210295728368017,174.2541073384447,306.8882803943045,1344.0,1.3839987645557665,28671.90799561884,LacZ_2,LacZ OE,0.3695036602677104,-0.7141308837360631,-31.25999832046398,70,2500
310,22.12987012987013,182.47272727272727,320.64155844155846,534.0,1.4717882623769316,18406.32987012987,LacZ_2,LacZ OE,0.3391047422217217,-0.6949417013125111,-33.740764234393566,70,2500
311,22.536376604850215,221.91440798858773,731.3323823109843,833.0,1.5428515479823912,27948.18116975749,LacZ_2,LacZ OE,-0.5698855487160654,-0.606353914916232,-43.29399016041066,70,2500
312,23.572407045009786,236.7426614481409,202.77005870841487,1235.0,1.319854444133272,25596.31604696673,LacZ_2,LacZ OE,0.5992769238060824,-0.5656193477460396,-30.081827685614225,70,2500
313,23.545054945054947,242.93516483516484,246.7945054945055,1168.0,1.2422442123284436,25299.216483516484,LacZ_2,LacZ OE,0.5018213856601206,-0.5514908643874101,-31.19601889614845,70,2500
314,23.4434250764526,259.2528032619776,284.24974515800204,1262.0,1.4227549622540985,23921.80632008155,LacZ_2,LacZ OE,0.4188050414909128,-0.5134098791586703,-32.3303743365794,70,2500
315,24.034632034632036,259.61147186147184,311.9761904761905,1099.0,1.3695773064956482,22755.088744588746,LacZ_2,LacZ OE,0.3574306958193916,-0.512851168465496,-32.38920670454263,70,2500
316,24.00850661625709,283.6540642722117,198.12287334593572,1493.0,1.2869280215361372,36434.5179584121,LacZ_2,LacZ OE,0.6090816563896506,-0.45490547184323893,-29.996438397252007,70,2500
317,23.781972265023114,295.8497688751926,189.884437596302,1599.0,1.1566616669835865,39403.03389830508,LacZ_2,LacZ OE,0.62720158720709,-0.4260543259902283,-30.15015353336647,70,2500
318,25.6309127248501,301.64890073284477,178.00399733510991,1933.0,1.1579433022294159,37029.280479680216,LacZ_2,LacZ OE,0.6533334898390994,-0.4122043713631306,-28.081583601006304,70,2500
319,24.312456506610996,295.044537230341,219.90744606819763,1767.0,1.2907269642951558,49123.49617258177,LacZ_2,LacZ OE,0.5607608628334046,-0.42826729723716095,-30.311839605042948,70,2500
320,23.756395995550612,306.00444938820914,294.0789766407119,1222.0,1.2559112451914345,25151.625139043383,LacZ_2,LacZ OE,0.39659092980977717,-0.4032326993841022,-32.70397683407599,70,2500
321,24.426349496797805,311.4931381518756,225.20036596523332,1433.0,1.2697111648047534,35987.21043000915,LacZ_2,LacZ OE,0.5488860938639946,-0.38952355098572966,-30.48227407214678,70,2500
322,25.616194331983806,343.9651821862348,240.73846153846154,1625.0,1.2761805214607358,35214.32064777328,LacZ_2,LacZ OE,0.5141348737746965,-0.3130706751629557,-29.972676521539906,70,2500
323,23.710843373493976,352.828313253012,280.66039156626505,1717.0,1.624564192774472,28004.65888554217,LacZ_2,LacZ OE,0.42582672003682664,-0.2926411427106893,-32.89475601526586,70,2500
324,24.046153846153846,359.2733031674208,266.6334841628959,1322.0,1.3257632930345191,46077.46696832579,LacZ_2,LacZ OE,0.45677931882482703,-0.2772790206327267,-32.295613188075535,70,2500
325,24.239754098360656,369.5785519125683,210.53825136612022,1814.0,1.210421410308223,40844.70150273224,LacZ_2,LacZ OE,0.5807713248752535,-0.25235824661767015,-30.895226850955456,70,2500
326,25.768891069676155,364.59519136408244,76.62414131501473,2710.0,1.533183090209122,30144.356231599606,LacZ_2,LacZ OE,0.8770040293797889,-0.2626251338586342,-26.196106732769405,70,2500
327,24.13991769547325,371.6059670781893,222.68004115226339,1264.0,1.2953119146600627,40506.108024691355,LacZ_2,LacZ OE,0.5538951037085151,-0.24771003354640475,-31.297906104295077,70,2500
328,23.179946284691137,388.550581915846,196.28737690241718,1368.0,1.341733372817163,36153.73410922113,LacZ_2,LacZ OE,0.6121703172725701,-0.20747705884768353,-31.808079181398732,70,2500
329,24.40484429065744,400.1937716262976,222.780276816609,1428.0,1.256844253470547,47516.74653979239,LacZ_2,LacZ OE,0.5533830606263219,-0.18027283862579924,-31.31505639010461,70,2500
330,23.551162790697674,413.15232558139536,127.74418604651163,1013.0,1.1993246541140066,43698.62790697674,LacZ_2,LacZ OE,0.7635539342310182,-0.14869494922574145,-30.07980740503506,70,2500
331,24.74283717679944,433.46820405310973,94.05241090146751,1635.0,1.2282954970342432,44699.04262753319,LacZ_2,LacZ OE,0.8378334382997374,-0.10038161036468507,-28.301848849672133,70,2500
332,24.254506128334533,438.07209805335253,112.45421773612112,1707.0,1.4473758717710807,55609.47080028839,LacZ_2,LacZ OE,0.7971030827445884,-0.08973284410625337,-29.264032217844047,70,2500
333,23.29724208375894,454.9284984678243,121.59244126659857,1201.0,1.3143492906221033,39686.08580183861,LacZ_2,LacZ OE,0.7767726113079649,-0.050093361039116546,-30.59890994281312,70,2500
334,23.823176823176823,459.969030969031,240.65934065934067,1275.0,1.3494107534567337,40398.26373626374,LacZ_2,LacZ OE,0.5132802152475546,-0.039483625558749624,-32.89806544695449,70,2500
335,23.080042689434364,467.00640341515475,225.14727854855923,1274.0,1.6285457210890582,39686.397011739595,LacZ_2,LacZ OE,0.5475684876747156,-0.022732712687950185,-33.34819642407865,70,2500
336,24.683303085299457,470.7613430127042,190.61161524500906,1551.0,1.4577562944377322,47668.77676950998,LacZ_2,LacZ OE,0.6238539186668712,-0.013464371789877694,-30.977106498976312,70,2500
337,23.100141043723553,487.3356840620592,82.17277856135402,1639.0,1.3634475565472597,29278.596614950635,LacZ_2,LacZ OE,0.8636789396012539,0.026771103890194325,-30.194039232440687,70,2500
338,22.4011544011544,486.13419913419915,175.22510822510822,917.0,1.3241253546773448,40013.170274170276,LacZ_2,LacZ OE,0.6578633145620703,0.022911586106281412,-33.05022752868696,70,2500
339,23.221680876979292,497.7667478684531,189.93666260657736,2263.0,1.751044477614867,40180.41412911084,LacZ_2,LacZ OE,0.6251614004400792,0.05020929142070263,-32.68670348907903,70,2500
340,24.849800114220447,517.493432324386,198.1359223300971,2092.0,1.4983201722678248,46878.08052541405,LacZ_2,LacZ OE,0.6067468426124354,0.09668834019433414,-31.443213788244478,70,2500
341,24.02895622895623,519.0498316498316,175.37037037037038,1788.0,1.3558261643957,45190.95824915825,LacZ_2,LacZ OE,0.6571393459532093,0.10058778308387684,-31.748324075191324,70,2500
342,23.888667992047715,559.3141153081511,275.4721669980119,1328.0,1.2541393435127102,35821.431411530815,LacZ_2,LacZ OE,0.4352978352744925,0.19447301003903594,-34.615957524321985,70,2500
343,23.50057405281286,568.4850746268656,253.85591274397245,2179.0,1.2596339882888403,34034.11768082664,LacZ_2,LacZ OE,0.48305166224801566,0.2163309065834591,-34.589736095560255,70,2500
344,23.279644268774703,596.0899209486166,278.2203557312253,1304.0,1.3867366921419688,31054.750988142292,LacZ_2,LacZ OE,0.428893567969477,0.28117518859892887,-35.64860404878084,70,2500
345,25.781504986400726,616.0861287398005,313.74252039891206,1747.0,1.624729933641668,37088.67815049864,LacZ_2,LacZ OE,0.3499836929470268,0.3280135022581314,-34.171223361230965,70,2500
346,24.01682134570766,624.7041763341067,334.3573085846868,2190.0,1.4058102643992352,35937.53480278422,LacZ_2,LacZ OE,0.30438459931866224,0.34807761248238345,-36.50020685047936,70,2500
347,23.67439703153989,622.6901669758813,277.92578849721707,1358.0,1.377053729499904,28453.567717996288,LacZ_2,LacZ OE,0.42926748335508913,0.34393142467539217,-35.50732328951559,70,2500
348,23.534287867370008,650.3880934438583,355.26601356443103,1504.0,1.3161419526736313,27091.25395629239,LacZ_2,LacZ OE,0.25790387814640603,0.4084223715848647,-37.72124567956043,70,2500
349,23.01255230125523,654.4267782426779,203.51464435146443,1054.0,1.3886000949783772,24536.174337517434,LacZ_2,LacZ OE,0.5936173678376002,0.41958316861478884,-34.74478816349571,70,2500
350,23.46747967479675,657.8787262872629,340.17344173441734,1697.0,1.4102145051430044,33908.71205962059,LacZ_2,LacZ OE,0.29122475494914024,0.4262533129251047,-37.509479719645924,70,2500
351,21.85339168490153,676.1159737417943,355.20131291028446,641.0,1.6161043537254085,16439.06126914661,LacZ_2,LacZ OE,0.25788496848942954,0.4690710138235179,-39.65177520157161,70,2500
352,23.17529411764706,684.9870588235294,189.93764705882353,1211.0,1.4168213935045284,26781.103529411765,LacZ_2,LacZ OE,0.62335020914866,0.4918190449966111,-34.56455079694095,70,2500
353,21.216216216216218,689.3135135135135,265.76756756756754,506.0,1.509518282061066,19108.983783783784,LacZ_2,LacZ OE,0.4556480479843743,0.501156779887922,-38.3330256359403,70,2500
354,21.94736842105263,709.6715789473684,304.8336842105263,906.0,1.5506632135837328,17824.195789473684,LacZ_2,LacZ OE,0.3689857627982116,0.5487697633106239,-38.711941759454284,70,2500
355,30.38885202388852,700.4180491041805,893.8002654280026,2068.0,1.895344041109229,17688.08228268082,LacZ_2,LacZ OE,-0.9343552269456641,0.5207457544327068,-43.91225983091056,70,2500
356,22.60461956521739,758.8600543478261,389.08152173913044,880.0,1.3830312393349498,15254.263586956522,LacZ_2,LacZ OE,0.1820910333901311,0.6638953685617135,-40.50001249659311,70,2500
357,22.983967935871743,797.7855711422845,528.5741482965932,1192.0,1.3641354003662771,17802.496993987977,LacZ_2,LacZ OE,-0.12691028352853895,0.7542072547358352,-43.75333382540431,70,2500
358,24.29678068410463,812.3762575452716,521.7494969818913,1229.0,1.5163683967714097,18177.75855130785,LacZ_2,LacZ OE,-0.11202085589113575,0.7887274299549214,-42.42457964140474,70,2500
359,24.444600280504908,187.20617110799438,307.5539971949509,1330.0,1.6330214847921833,30890.16409537167,LacZ_2,LacZ OE,0.36789344373046085,-0.6835817368119012,-31.167988902514963,70,2500
360,25.066235864297255,181.6978998384491,353.58966074313406,1037.0,1.6814335331556542,14424.528271405492,LacZ_2,LacZ OE,0.26606807681180555,-0.6970597669961676,-31.565823156636498,70,2500
361,24.58724832214765,196.0268456375839,273.67002237136467,1072.0,1.3695900415687086,26689.875838926175,LacZ_2,LacZ OE,0.4427635959717571,-0.6624048747804008,-30.321790999669,70,2500
362,24.97555791710946,217.45164718384697,246.05632306057385,1214.0,1.3987242867366485,28162.97449521785,LacZ_2,LacZ OE,0.5036271225686642,-0.611560115483985,-29.499476680623953,70,2500
363,24.09683995922528,226.30479102956167,281.93272171253824,1191.0,1.2100419136391443,40115.21814475025,LacZ_2,LacZ OE,0.4242160953345706,-0.5910868138606308,-31.30084666926586,70,2500
364,25.256502242152468,223.42959641255607,232.2206278026906,1362.0,1.4727316601767897,31729.159641255606,LacZ_2,LacZ OE,0.5341640237160417,-0.5973029534588916,-28.95457129450385,70,2500
365,23.566216216216215,236.90405405405406,728.2081081081081,981.0,1.3821336417383783,19952.882432432434,LacZ_2,LacZ OE,-0.5631718476899981,-0.5709392885090513,-42.338282334885356,70,2500
366,25.038200339558575,247.76485568760611,177.18166383701188,1613.0,1.3308598424212983,24542.365025466894,LacZ_2,LacZ OE,0.6557047484250962,-0.5393093864921626,-28.12782486070339,70,2500
367,24.63627353815659,264.19623389494546,179.73736372646184,1249.0,1.2303999700651742,25428.644202180378,LacZ_2,LacZ OE,0.6499124665231601,-0.5005883441272029,-28.7499373998634,70,2500
368,24.104477611940297,274.1044776119403,340.09914712153517,1134.0,1.3492510412004317,22611.65671641791,LacZ_2,LacZ OE,0.2950693245024365,-0.4789689227574171,-33.11674391701658,70,2500
369,24.2197265625,296.486328125,204.6650390625,1275.0,1.4643428292732845,39119.70703125,LacZ_2,LacZ OE,0.5944730900007658,-0.42470318682826835,-30.063322428377926,70,2500
370,24.992825112107624,295.33811659192827,233.89775784753363,1449.0,1.2576315504992388,31736.292376681613,LacZ_2,LacZ OE,0.5297715341710636,-0.42771105844220825,-29.960693843644822,70,2500
371,25.081955427749822,327.8073328540618,324.40115025161754,1670.0,1.2920108643953037,27608.690869877784,LacZ_2,LacZ OE,0.32922851785294616,-0.35210328071114516,-32.298976011803745,70,2500
372,24.916666666666668,325.1679894179894,166.09391534391534,954.0,1.1899994022640485,28083.4126984127,LacZ_2,LacZ OE,0.6794919997150819,-0.3566151961300741,-28.748032593998353,70,2500
373,24.593542260208928,332.3903133903134,137.13675213675214,1269.0,1.2357270301536045,27196.47958214625,LacZ_2,LacZ OE,0.7435019077601523,-0.33927256951430307,-28.466673455367957,70,2500
374,24.367513611615244,336.3049001814882,168.8983666061706,1327.0,1.2639093991957644,32922.706896551725,LacZ_2,LacZ OE,0.6732082299703637,-0.33038867753240464,-29.471330798447507,70,2500
375,26.805663520266517,340.7967795669073,263.2976124375347,2674.0,1.5006782594629586,32203.65574680733,LacZ_2,LacZ OE,0.46419554434249255,-0.3207618186389303,-29.27847809176411,70,2500
376,24.440744368266405,343.71988246816846,188.07835455435847,1310.0,1.3096837405491701,34869.15866797257,LacZ_2,LacZ OE,0.6307000515568755,-0.31310480574016575,-29.917771335166105,70,2500
377,24.568848758465013,368.2972159518435,147.24228743416103,1649.0,1.5160998541380049,41263.71632806621,LacZ_2,LacZ OE,0.7207988959825926,-0.25468641938808334,-29.078186526326274,70,2500
378,25.187800963081862,369.26645264847514,273.5577849117175,1755.0,1.4417064800748762,38690.09309791332,LacZ_2,LacZ OE,0.4413047210631027,-0.253756476484986,-31.4135023391543,70,2500
379,24.432336182336183,376.6659544159544,302.005698005698,1724.0,1.334584795989732,30631.39458689459,LacZ_2,LacZ OE,0.37833572258514114,-0.2366285857624213,-32.904270261456205,70,2500
380,25.50531914893617,408.8776595744681,89.78191489361703,1549.0,1.1778038275301654,36541.59802431611,LacZ_2,LacZ OE,0.8474797393862545,-0.1583214654805425,-27.19950638414244,70,2500
381,24.661134163208853,410.15283540802216,255.3941908713693,1765.0,1.5280387092899648,37305.81258644537,LacZ_2,LacZ OE,0.48112039635602355,-0.1571296137612327,-31.9165467651559,70,2500
382,24.77054108216433,417.1022044088176,180.23547094188376,1205.0,1.2407710344105929,55546.21843687375,LacZ_2,LacZ OE,0.647324135018742,-0.13991971104231837,-30.123102273590554,70,2500
383,24.91919191919192,430.58310376492193,159.13774104683196,1392.0,1.2882282229565394,52423.41230486685,LacZ_2,LacZ OE,0.6938613689312871,-0.1078890025698388,-29.614556427689593,70,2500
384,24.028955532574972,427.8800413650465,187.77662874870734,1233.0,1.3251248342060378,46837.5791106515,LacZ_2,LacZ OE,0.6305745804750043,-0.11459594883382762,-31.145678062981446,70,2500
385,24.61545215100966,429.09130816505706,250.828797190518,1386.0,1.3449930375444574,32027.76733977173,LacZ_2,LacZ OE,0.4910397244872806,-0.11240950679987827,-32.041051089744116,70,2500
386,24.364341085271317,436.0645994832041,173.89664082687338,1435.0,1.461946606104764,53212.9112833764,LacZ_2,LacZ OE,0.6611853087335791,-0.0951321668082371,-30.566902120612532,70,2500
387,24.651020408163266,442.25,189.7642857142857,1241.0,1.3941158132145552,42925.07346938775,LacZ_2,LacZ OE,0.626006023549371,-0.08070779485249813,-30.710718832291757,70,2500
388,24.637444279346212,451.2258543833581,132.05497771173847,918.0,1.3317768553588583,47921.147102526,LacZ_2,LacZ OE,0.7535924824335689,-0.05890998312575546,-29.46681175201503,70,2500
389,24.481549815498155,455.82841328413286,189.49354243542436,1377.0,1.3014018936712086,42903.761992619926,LacZ_2,LacZ OE,0.6264823835008608,-0.048680287570249114,-31.006652493591993,70,2500
390,25.34977973568282,463.58942731277534,98.2942731277533,1453.0,1.2697606308752876,36542.32246696035,LacZ_2,LacZ OE,0.8281261967963842,-0.02936454860536042,-28.08863994182573,70,2500
391,23.9492600422833,467.35623678646937,129.84989429175477,1207.0,1.2430277309185016,45815.2600422833,LacZ_2,LacZ OE,0.7583503782270622,-0.020853807572938754,-30.261165356181255,70,2500
392,24.543703703703702,481.26444444444445,147.34148148148148,1621.0,1.2352424313531167,51205.34814814815,LacZ_2,LacZ OE,0.7194877539414581,0.011776346146504135,-30.210719544856133,70,2500
393,25.306258322237017,479.23435419440744,206.3641810918775,2120.0,1.469556106728877,51409.26498002663,LacZ_2,LacZ OE,0.5888897140935443,0.006364887123697205,-30.804450303269554,70,2500
394,26.55456026058632,484.30130293159607,186.5154723127036,1600.0,1.355564513530652,48827.64006514658,LacZ_2,LacZ OE,0.632688262024558,0.018560521688592235,-29.143413110242403,70,2500
395,24.349918433931485,496.85807504078304,168.92659053833606,1531.0,1.3256617364430139,45916.62805872757,LacZ_2,LacZ OE,0.6715932999063214,0.048319630489271015,-31.060163768861493,70,2500
396,26.98701298701299,504.7766233766234,190.83722943722944,1562.0,1.2580769049826235,45594.98181818182,LacZ_2,LacZ OE,0.622906611070358,0.06682020680408018,-29.012141242023315,70,2500
397,25.216479400749062,511.3513108614232,66.87640449438203,1623.0,1.234189204361078,28439.92434456929,LacZ_2,LacZ OE,0.8971779786540028,0.08363285805880416,-27.95672664503752,70,2500
398,24.523741007194246,512.3856115107914,99.86618705035971,884.0,1.260439297323617,37641.764028776975,LacZ_2,LacZ OE,0.8242191646432955,0.08569882067705725,-29.428398930402818,70,2500
399,24.675675675675677,519.072072072072,89.15945945945946,1367.0,1.344983810687476,35054.474774774775,LacZ_2,LacZ OE,0.8478335386291085,0.10159031104321392,-29.092333425889066,70,2500
400,23.720614828209765,583.9177215189874,243.2739602169982,1353.0,1.3562830868410565,30474.849005424956,LacZ_2,LacZ OE,0.506301849513302,0.2528528946438069,-34.27405308441496,70,2500
401,24.271544715447156,590.2121951219513,266.4967479674797,1579.0,1.3911542746677104,34023.63170731707,LacZ_2,LacZ OE,0.454835775942944,0.267460782011665,-34.326229222041064,70,2500
402,23.74802371541502,597.399209486166,238.89624505928853,1263.0,1.4534918889826762,26675.938735177864,LacZ_2,LacZ OE,0.5158549892608097,0.2847008279248773,-34.27648284427027,70,2500
403,25.018991486574983,603.9102815979044,264.85854616895875,1943.0,1.3656152771547263,35564.918795022924,LacZ_2,LacZ OE,0.4582888711510609,0.29980633922919875,-33.674831909999355,70,2500
404,25.64552948636652,639.2346227013317,379.9581483830057,1864.0,1.3838930236181115,28876.29803424223,LacZ_2,LacZ OE,0.20327528050003751,0.38189414117006537,-36.07717958987355,70,2500
405,25.62280701754386,639.3837719298245,308.90204678362574,1756.0,1.4109683490641238,27078.979532163743,LacZ_2,LacZ OE,0.36047525623974797,0.3830163212477422,-34.44493790828014,70,2500
406,25.492664092664093,659.6362934362934,271.93359073359073,1672.0,1.4023017354994443,21458.892664092666,LacZ_2,LacZ OE,0.44207282163987727,0.43118558856309686,-33.91137046096305,70,2500
407,25.42571931884909,669.1896652965355,312.8502642395772,2409.0,1.6283578736798188,25763.03464474457,LacZ_2,LacZ OE,0.3514622630593893,0.453274421106566,-35.02557235411467,70,2500
408,24.58965209634255,683.1409455842997,322.44781445138267,1569.0,1.5793042287655337,21265.692239072258,LacZ_2,LacZ OE,0.33013744886575735,0.48605915933782096,-36.22158066420812,70,2500
409,23.69462365591398,690.5591397849462,252.1215053763441,1213.0,1.2282663122450057,21181.447311827957,LacZ_2,LacZ OE,0.4856976295548243,0.5042995588851982,-35.54948688739476,70,2500
410,23.48985507246377,687.7362318840579,405.7536231884058,599.0,1.6104368445566315,12867.12463768116,LacZ_2,LacZ OE,0.14584907035740624,0.4959695180747141,-39.30795234588254,70,2500
411,23.86858316221766,712.7402464065708,437.42915811088295,1167.0,1.4713213293025464,20004.320328542093,LacZ_2,LacZ OE,0.07551052728502783,0.5546133910508364,-39.91234352015212,70,2500
412,24.104668674698797,721.5218373493976,354.832078313253,1630.0,1.4049718633362545,25239.301204819276,LacZ_2,LacZ OE,0.25814617130770445,0.5762286862088961,-37.8367858904102,70,2500
413,22.865486725663718,732.1893805309735,242.99823008849557,814.0,1.3680602215709112,20253.686725663716,LacZ_2,LacZ OE,0.5055214832921489,0.6025760325415079,-36.57292376465609,70,2500
414,23.1978287092883,735.4945717732207,286.9674306393245,1032.0,1.2812371640689875,20255.90952955368,LacZ_2,LacZ OE,0.40819751379544944,0.6099028033130198,-37.29800332249635,70,2500
415,24.032132424537487,733.1022395326193,461.90360272638753,1190.0,1.3385238982957723,21790.708860759492,LacZ_2,LacZ OE,0.021159277363848705,0.6023809867193664,-40.51856755922933,70,2500
416,22.967980295566502,742.7302955665025,274.9027093596059,1016.0,1.3368629416888858,18674.91748768473,LacZ_2,LacZ OE,0.43483064906497715,0.6270959000226735,-37.31731524845947,70,2500
417,24.572599531615925,787.635831381733,328.07494145199064,1072.0,1.414405159898357,16139.57962529274,LacZ_2,LacZ OE,0.3166781946423747,0.7324777762118615,-37.39200821223793,70,2500
418,26.64395099540582,146.26339969372128,315.69984686064316,1734.0,1.386409976342846,22737.9134762634,LacZ_2,LacZ OE,0.35015451822884835,-0.7801947397725084,-28.758716088151562,70,2500
419,28.951263537906136,162.12138989169677,627.5925090252707,2691.0,1.2341138162723355,32087.580776173287,LacZ_2,LacZ OE,-0.340130725446427,-0.7461203461397945,-33.87791814794141,70,2500
420,25.529284164859003,184.45770065075922,293.17353579175705,748.0,1.5284277383333715,23266.95878524946,LacZ_2,LacZ OE,0.39967844299886024,-0.689883987760121,-29.721536797546506,70,2500
421,27.14903846153846,190.7081043956044,248.45467032967034,2069.0,1.5946248044164355,25409.259615384617,LacZ_2,LacZ OE,0.49846758101355215,-0.6746185509859607,-27.120985203957616,70,2500
422,24.34162895927602,197.5610859728507,739.6719457013575,1100.0,1.4071758658230276,23258.380090497736,LacZ_2,LacZ OE,-0.5881931740153405,-0.6638472169889538,-41.44548909080521,70,2500
423,26.197814207650275,199.4950819672131,316.11366120218577,1508.0,1.5062387737569713,26874.67431693989,LacZ_2,LacZ OE,0.34874704638683074,-0.6546477860391611,-29.735087197173122,70,2500
424,25.727726894254786,207.11906744379684,752.1523730224812,1395.0,1.244271774700932,35943.802664446295,LacZ_2,LacZ OE,-0.6159682357331995,-0.6414058348394083,-40.444269579732094,70,2500
425,26.86857142857143,214.08380952380952,261.87714285714287,1273.0,1.2187426745361158,37234.16285714286,LacZ_2,LacZ OE,0.4685608391896223,-0.6196325162723979,-27.942928036020845,70,2500
426,24.57314629258517,222.40280561122245,259.27254509018036,636.0,1.4653895451952135,24550.967935871744,LacZ_2,LacZ OE,0.47436124233759935,-0.6000340101910421,-30.258281996097445,70,2500
427,26.566666666666666,222.79166666666666,193.50083333333333,1581.0,1.604852704066871,21272.423333333332,LacZ_2,LacZ OE,0.6197638253976112,-0.598357705726231,-26.73597325136244,70,2500
428,26.619756427604873,246.45602165087956,309.41136671177264,1268.0,1.5005687815696633,25569.186738836266,LacZ_2,LacZ OE,0.363098631192047,-0.5437950910405798,-29.61642788801469,70,2500
429,24.325547445255474,257.3094890510949,271.1518248175183,1024.0,1.3912137611029607,24865.59708029197,LacZ_2,LacZ OE,0.44775530311206,-0.5178314852133494,-31.12419312205045,70,2500
430,24.908006814310053,257.88586030664396,171.1328790459966,691.0,1.3284256576778752,19118.739352640547,LacZ_2,LacZ OE,0.6689955212496637,-0.5153735499194323,-28.215978334570654,70,2500
431,24.74418604651163,267.6292749658003,215.5923392612859,1051.0,1.28832884765911,27090.84678522572,LacZ_2,LacZ OE,0.5705502826954347,-0.49287709625959863,-29.51147157603382,70,2500
432,25.188235294117646,274.09705882352944,776.9610294117647,1595.0,1.268431181803422,46565.81617647059,LacZ_2,LacZ OE,-0.6714735631078611,-0.48370120497420055,-42.217114188569816,70,2500
433,25.69934640522876,276.9267973856209,188.19738562091504,1006.0,1.322640020410263,28809.235294117647,LacZ_2,LacZ OE,0.6310179074349767,-0.4706273076461527,-28.008953779838986,70,2500
434,26.315384615384616,278.47564102564104,267.1730769230769,1031.0,1.381477182947957,22405.728205128205,LacZ_2,LacZ OE,0.45625001445868896,-0.46781667761716683,-29.249296269097083,70,2500
435,25.38948393378773,283.5073028237585,212.74196689386562,1328.0,1.3386167240109639,31545.743914313534,LacZ_2,LacZ OE,0.576669299029628,-0.4553787261473966,-28.955258053368684,70,2500
436,25.62298387096774,282.05040322580646,239.7116935483871,774.0,1.3584806571993937,25653.941532258064,LacZ_2,LacZ OE,0.5170051260350208,-0.4591024909437368,-29.336282456066733,70,2500
437,26.385526315789473,297.7296052631579,249.0717105263158,1902.0,1.341127716569583,30291.030263157896,LacZ_2,LacZ OE,0.4961064756088289,-0.42220290068155397,-28.9455579151816,70,2500
438,27.444537114261884,316.7648040033361,140.06588824020017,1600.0,1.3417619506473255,23787.98331943286,LacZ_2,LacZ OE,0.737025494165749,-0.3760963436128971,-25.532017993906,70,2500
439,26.593805309734513,314.8345132743363,168.74424778761062,1743.0,1.4186222884500055,29576.253097345132,LacZ_2,LacZ OE,0.6736418620335938,-0.3809800208032226,-27.032127330309198,70,2500
440,25.946666666666665,322.8977777777778,179.38222222222223,1013.0,1.3110127168264716,30007.077037037037,LacZ_2,LacZ OE,0.6500624795826926,-0.36209076895353487,-28.00592260792675,70,2500
441,25.19260700389105,321.99027237354085,131.76848249027236,679.0,1.4111810303777053,22137.73540856031,LacZ_2,LacZ OE,0.7554480060004456,-0.3637320229126444,-27.64092167433642,70,2500
442,25.377162629757784,332.5544982698962,205.19463667820068,1470.0,1.255820876841525,33855.01557093426,LacZ_2,LacZ OE,0.5928926493233369,-0.3396057664803197,-29.271432983187196,70,2500
443,25.417105263157893,330.72763157894735,270.5815789473684,1157.0,1.2614622283828,21677.469736842104,LacZ_2,LacZ OE,0.44825012302531286,-0.3446234087207525,-30.737892066212147,70,2500
444,25.355066079295153,342.07577092511013,222.15066079295156,1492.0,1.4051213510959912,32231.389427312777,LacZ_2,LacZ OE,0.555289182613991,-0.3173316753604053,-29.781931134513847,70,2500
445,25.427407407407408,356.10148148148147,133.89407407407407,1633.0,1.4059574243538675,32054.84222222222,LacZ_2,LacZ OE,0.750403303825522,-0.2832890133630217,-27.789434180599386,70,2500
446,25.3005733005733,358.34479934479936,167.24160524160524,1428.0,1.2701439082852082,41522.028665028665,LacZ_2,LacZ OE,0.6766120825964184,-0.27836221199488953,-28.715549676939524,70,2500
447,27.59450171821306,374.00773195876286,285.74828178694156,1624.0,1.4625323667930612,35859.07044673539,LacZ_2,LacZ OE,0.4141649383138213,-0.2426501724648661,-29.338128911639718,70,2500
448,26.033676333021514,379.51449953227313,186.7848456501403,1285.0,1.2335830859764434,44244.31711880262,LacZ_2,LacZ OE,0.6331330806598441,-0.22862291515980737,-28.645350059621205,70,2500
449,26.936576889661165,379.2910512597741,201.4396177237185,1612.0,1.495066036411678,44544.19635099913,LacZ_2,LacZ OE,0.6006672410978118,-0.22928835748946064,-28.082175218552475,70,2500
450,25.02799227799228,383.4642857142857,220.28088803088804,1290.0,1.2732316576479497,43003.46911196911,LacZ_2,LacZ OE,0.5590422139427904,-0.21969261108468885,-30.470189868375826,70,2500
451,24.957342657342657,396.6104895104895,249.56573426573428,1732.0,1.520831555404335,43129.12587412587,LacZ_2,LacZ OE,0.4941306400319143,-0.18900298253400338,-31.352087754847584,70,2500
452,26.098185699039487,393.29455709711846,232.3479188900747,1177.0,1.505472741959203,46454.919957310565,LacZ_2,LacZ OE,0.5321954183694182,-0.19661168471199209,-29.7778006947642,70,2500
453,25.467368421052633,403.0098245614035,270.0933333333333,1674.0,1.4196945854654426,39484.04561403509,LacZ_2,LacZ OE,0.44862833927825907,-0.17411944410371316,-31.383352160348068,70,2500
454,24.537383177570092,404.9252336448598,238.5177570093458,1325.0,1.416721666034372,39185.87009345795,LacZ_2,LacZ OE,0.5185137778317948,-0.1692800889423769,-31.595707035974442,70,2500
455,26.09511400651466,417.92768729641693,214.95244299674266,1945.0,1.4853753187091099,46611.38957654723,LacZ_2,LacZ OE,0.5704419487970354,-0.13831898844523627,-29.616328438629196,70,2500
456,26.208016586040085,434.8154803040774,202.02349689011749,2048.0,1.3697333316941886,44241.36212854181,LacZ_2,LacZ OE,0.5988759418172995,-0.09834161953260112,-29.36727244921028,70,2500
457,24.58641975308642,440.1774691358025,240.34259259259258,922.0,1.539955725489607,37073.9537037037,LacZ_2,LacZ OE,0.5141330113702753,-0.0861466313041852,-31.934074866716085,70,2500
458,25.167435728411338,445.5187870797627,248.89321028345418,1814.0,1.4574108267168016,40828.9162821358,LacZ_2,LacZ OE,0.4951344312486534,-0.07362715935854869,-31.604821882218403,70,2500
459,24.94087837837838,448.6072635135135,175.59881756756758,1483.0,1.4870158770319981,41035.31081081081,LacZ_2,LacZ OE,0.6572683637294257,-0.06555213410040284,-30.152925768813617,70,2500
460,25.011577424023155,450.83502170767,203.68740955137483,1741.0,1.3644898911189065,51850.53256150507,LacZ_2,LacZ OE,0.5951016444382997,-0.060600470735670764,-30.7588258966058,70,2500
461,26.175061932287367,452.2881915772089,215.92237819983484,1599.0,1.3857153191329246,44614.68455821635,LacZ_2,LacZ OE,0.5679595426454376,-0.057278944708557655,-29.89514267304352,70,2500
462,25.513182674199623,456.4632768361582,253.97551789077212,1283.0,1.2903902914071548,41168.69868173258,LacZ_2,LacZ OE,0.48376687900162985,-0.04785880193658709,-31.484723755031034,70,2500
463,24.739811912225704,464.94278996865205,204.45689655172413,1641.0,1.4516500743969563,50701.44905956113,LacZ_2,LacZ OE,0.5932768268345339,-0.027337954249759266,-31.186449317444314,70,2500
464,24.649350649350648,470.77777777777777,163.982683982684,893.0,1.3363987056693714,41677.344877344876,LacZ_2,LacZ OE,0.6827677599671229,-0.013137483110686743,-30.39045166926583,70,2500
465,25.187745483110763,476.92301649646504,275.7014925373134,1557.0,1.356782704603996,32438.96779261587,LacZ_2,LacZ OE,0.43552050567424927,0.00015801120064584673,-32.51666352008611,70,2500
466,25.78943278943279,492.96891996892,215.4110334110334,1663.0,1.3735797421454479,37778.10178710179,LacZ_2,LacZ OE,0.5687171440546832,0.03867453546367661,-30.66668106085272,70,2500
467,25.656155245603397,494.89812007277135,153.57731958762886,1961.0,1.335600571290456,51527.57974530018,LacZ_2,LacZ OE,0.7055025553062608,0.043892879559598974,-29.377358782761714,70,2500
468,25.716432865731463,506.72645290581164,110.94088176352706,1145.0,1.2536175481992435,39818.749498998,LacZ_2,LacZ OE,0.7997112873939347,0.07225720981167938,-28.438894899242886,70,2500
469,25.597927461139896,510.439378238342,81.62694300518135,1256.0,1.4276149908208857,30416.95647668394,LacZ_2,LacZ OE,0.8645338831533975,0.0813304921192548,-27.91033510074416,70,2500
470,25.66456692913386,529.6456692913385,187.03070866141732,1604.0,1.3846169199484903,37593.954330708664,LacZ_2,LacZ OE,0.631155662525337,0.12549182894532662,-30.488706796980136,70,2500
471,25.76153846153846,557.2333333333333,262.12735042735045,1461.0,1.3005535099134242,29171.658974358976,LacZ_2,LacZ OE,0.46474443961198464,0.1897524443986478,-32.41224461205509,70,2500
472,24.69467787114846,573.2072829131653,236.52941176470588,1481.0,1.5741331985180873,28973.46685340803,LacZ_2,LacZ OE,0.5212763660115864,0.22768477479970195,-33.03830348174288,70,2500
473,25.015151515151516,588.0126262626262,292.0976430976431,1579.0,1.5761213382298964,31842.282828282827,LacZ_2,LacZ OE,0.3981807447099903,0.2620117221771241,-34.158135400333414,70,2500
474,26.067681007345225,624.1253934942288,372.74816369359917,2288.0,1.285138898343484,22368.151626442814,LacZ_2,LacZ OE,0.21935058462326418,0.3463427086060835,-35.33928469382153,70,2500
475,26.979902557856274,625.5487210718636,258.3708891595615,2162.0,1.427718813026246,33004.20280146163,LacZ_2,LacZ OE,0.47233106758077015,0.3509617262242706,-31.774985848603816,70,2500
476,26.1253804017042,626.208155812538,347.6147291539866,1999.0,1.404102437726401,25567.259890444308,LacZ_2,LacZ OE,0.27493114970483234,0.3515294692650024,-34.71608293687957,70,2500
477,25.224799286351473,633.513826940232,285.01338090990185,1387.0,1.3757712637892852,25090.126672613736,LacZ_2,LacZ OE,0.41340246746509357,0.36942051703665113,-34.22851883315648,70,2500
478,28.08177826564215,645.8748627881449,213.3271130625686,2363.0,1.3809804983655236,34197.67727771679,LacZ_2,LacZ OE,0.571729597457785,0.39942038189013385,-29.822266840852844,70,2500
479,24.272506082725062,657.051094890511,186.4890510948905,695.0,1.4908395289597418,26721.087591240877,LacZ_2,LacZ OE,0.6311932557875608,0.4259868185741227,-33.11401892176751,70,2500
480,27.22093023255814,657.4612403100775,312.7267441860465,1709.0,1.3748284117821672,25379.19476744186,LacZ_2,LacZ OE,0.3517562238700802,0.42565201325665725,-33.11332436040609,70,2500
481,28.2251632863527,666.6418013062909,409.8996218631832,3872.0,1.9013614226271771,26243.22344448264,LacZ_2,LacZ OE,0.136636068019391,0.4462755972802295,-34.46445367760032,70,2500
482,26.010298661174048,684.0216271884655,202.76519052523173,1232.0,1.358780277293006,23590.386199794026,LacZ_2,LacZ OE,0.5948341405342514,0.489467361069887,-32.02003592960379,70,2500
483,25.085616438356166,692.0119863013699,213.9623287671233,923.0,1.5528385429605873,22126.378424657534,LacZ_2,LacZ OE,0.5700327476211386,0.5081722430662126,-33.2836077775347,70,2500
484,23.57183908045977,705.9367816091954,383.3735632183908,547.0,1.425542068905719,15774.419540229885,LacZ_2,LacZ OE,0.19518103579584278,0.5391452158577013,-38.88232835245241,70,2500
485,26.131818181818183,708.459090909091,292.47727272727275,531.0,1.8221221294443786,17720.713636363635,LacZ_2,LacZ OE,0.3961178068370894,0.546139355996943,-34.22892338955619,70,2500
486,25.924137931034483,713.8812260536398,320.75325670498086,1654.0,1.4281864829693185,22222.113409961687,LacZ_2,LacZ OE,0.33351999396676835,0.5586174517816762,-35.148730683838735,70,2500
487,24.12721893491124,727.258875739645,370.99112426035504,902.0,1.3409685617317906,20977.976331360947,LacZ_2,LacZ OE,0.22234019719405618,0.5895862810792378,-38.2470541782512,70,2500
488,25.08704592186429,736.8684030157642,355.0130226182317,1716.0,1.2891971970780265,26630.693625771077,LacZ_2,LacZ OE,0.25754660548793806,0.6124482642030611,-37.00906597870594,70,2500
489,26.083333333333332,747.1676587301587,227.49603174603175,1356.0,1.61779871746929,23578.901785714286,LacZ_2,LacZ OE,0.5395063843547656,0.6381480824940466,-33.141250527959784,70,2500
490,24.89776357827476,761.9446219382322,419.94036208732695,1142.0,1.4922842672362087,18782.658146964855,LacZ_2,LacZ OE,0.11367242885331441,0.6708887347128465,-38.957137885884315,70,2500
491,25.66710182767624,775.3746736292428,367.81853785900785,931.0,1.465016624445505,17546.708877284596,LacZ_2,LacZ OE,0.2288139150895303,0.7031502554845144,-37.104391086264656,70,2500
492,26.31569173630455,784.3844011142062,689.8922934076137,1393.0,1.344438106553498,20430.39182915506,LacZ_2,LacZ OE,-0.48384337896702434,0.7209228082272052,-44.05212897075924,70,2500
493,25.04585798816568,792.8565088757397,579.2174556213017,810.0,1.4729532781841954,20820.12278106509,LacZ_2,LacZ OE,-0.23900936627238445,0.7420783397595809,-42.82445049034733,70,2500
494,26.75967413441955,77.68431771894093,431.0183299389002,896.0,1.821540072490393,15887.289205702647,LacZ_2,LacZ OE,0.09568838535419544,-0.943205900499897,-30.660399344633365,70,2500
495,26.361073825503357,139.4738255033557,391.96644295302013,1061.0,1.2749974639938282,18353.562416107383,LacZ_2,LacZ OE,0.18150720054538105,-0.7970437017662846,-30.75296467927611,70,2500
496,26.478632478632477,142.64102564102564,415.63532763532766,744.0,1.635439111972757,12077.133903133903,LacZ_2,LacZ OE,0.12910686453804265,-0.7898270858124602,-31.21818063072749,70,2500
497,26.016243654822336,173.28527918781725,729.1441624365482,1311.0,1.3276211489144725,23868.83147208122,LacZ_2,LacZ OE,-0.5647538147646385,-0.7209559680274702,-39.28851828523937,70,2500
498,27.87953995157385,199.28753026634382,332.271186440678,2179.0,1.4075204425428332,41430.153753026636,LacZ_2,LacZ OE,0.31291619962969186,-0.6552742557178662,-28.428522846377135,70,2500
499,26.131147540983605,208.4953161592506,732.0081967213115,1016.0,1.3799157889916145,22499.468384074942,LacZ_2,LacZ OE,-0.5714366379090435,-0.6379318178759872,-39.584852214624384,70,2500
500,26.597615499254843,208.94485842026825,325.32190760059615,919.0,1.3466627274536842,19754.287630402385,LacZ_2,LacZ OE,0.3282631834235663,-0.6324486512638177,-29.64251154374538,70,2500
501,27.717162872154116,229.18388791593696,243.95884413309983,1430.0,1.1505211555193426,29655.733800350263,LacZ_2,LacZ OE,0.5080122491931855,-0.5838010416986003,-26.82462158168183,70,2500
502,26.365019011406844,244.22528517110266,267.3802281368821,1258.0,1.2448143778501257,45296.359315589354,LacZ_2,LacZ OE,0.4561205424024033,-0.5486067178963991,-28.869458148581458,70,2500
503,25.504464285714285,252.20833333333334,193.28869047619048,870.0,1.2640631749850075,25723.17113095238,LacZ_2,LacZ OE,0.6200034414361453,-0.5289923182033494,-28.08065458641451,70,2500
504,26.587986463620982,262.9162436548223,239.4450084602369,1514.0,1.5224306664232787,35068.90693739425,LacZ_2,LacZ OE,0.5177303775591557,-0.504210769061405,-28.178194665731674,70,2500
505,27.18674136321195,264.66946778711485,192.15032679738562,1411.0,1.264424844979257,31894.089635854343,LacZ_2,LacZ OE,0.6223143770854234,-0.4995485357977125,-26.49427738170849,70,2500
506,27.016203703703702,260.49074074074076,207.33796296296296,687.0,1.4044122826689336,27299.75462962963,LacZ_2,LacZ OE,0.5887634089676925,-0.509573882059221,-26.977927600044545,70,2500
507,26.607032057911066,272.3433298862461,203.13340227507757,1283.0,1.3244585305125778,30852.778697001035,LacZ_2,LacZ OE,0.597971796420649,-0.48158000177325344,-27.40490038866257,70,2500
508,27.2020202020202,287.43518518518516,177.60185185185185,1466.0,1.2838940720130054,30091.27861952862,LacZ_2,LacZ OE,0.6542794932267375,-0.4456911167513832,-26.36256032157815,70,2500
509,28.145205479452056,305.17716894977167,160.6109589041096,1448.0,1.1821785417029902,27950.54611872146,LacZ_2,LacZ OE,0.6916487163084848,-0.4036358805143171,-25.197153388751037,70,2500
510,26.334661354581673,318.98207171314743,212.79681274900398,1331.0,1.4112564678953294,32468.358565737053,LacZ_2,LacZ OE,0.5761558822623183,-0.37168070159347133,-28.358687443574187,70,2500
511,27.28127159640636,325.62197650310986,296.10158949550794,1779.0,1.4259785407853005,42881.96682791984,LacZ_2,LacZ OE,0.3917442383554952,-0.3569008172280351,-29.419283001228283,70,2500
512,29.61575306013837,347.0713145290048,108.91484832357636,2407.0,1.2416615868342658,36646.777009047364,LacZ_2,LacZ OE,0.8055367397115918,-0.30422254192185316,-22.931790740492215,70,2500
513,26.60767423649178,347.70086139389196,211.08848864526234,1626.0,1.2955503445071728,33207.78308535631,LacZ_2,LacZ OE,0.5796433027577221,-0.3039147363499648,-28.32687534065584,70,2500
514,27.594827586206897,350.5665024630542,155.3737684729064,1868.0,1.300681015017452,39536.79495073891,LacZ_2,LacZ OE,0.7028244520405229,-0.29652834461243427,-26.069283047976203,70,2500
515,27.30324074074074,355.27893518518516,92.2800925925926,2116.0,1.1309413194749092,36568.25925925926,LacZ_2,LacZ OE,0.8423785810008653,-0.2847349221618116,-24.936074541068006,70,2500
516,26.36379460400348,355.78503046127065,198.93994778067886,1441.0,1.480083140069006,37572.333333333336,LacZ_2,LacZ OE,0.6064543916677496,-0.2847197580319717,-28.366559829272667,70,2500
517,26.24160206718346,358.73643410852713,238.70413436692508,1001.0,1.4540324495580699,30877.947028423772,LacZ_2,LacZ OE,0.5184602571891241,-0.27819224920172025,-29.44454307838498,70,2500
518,29.373458312777505,368.93635915145535,88.40059200789344,2741.0,1.3849456870580765,32993.89047853972,LacZ_2,LacZ OE,0.8507222183211243,-0.2524307656206679,-22.909683650541112,70,2500
519,27.027632950990615,390.94890510948903,154.21167883211677,2255.0,1.301943270992758,51626.71376433785,LacZ_2,LacZ OE,0.7050339926056137,-0.20127563308967222,-27.00424081319029,70,2500
520,26.66395112016293,390.70977596741346,211.20773930753563,1247.0,1.3224997902872522,42422.169042769856,LacZ_2,LacZ OE,0.5789604474403571,-0.20246633909037814,-28.694124095106908,70,2500
521,26.502316960148285,415.8285449490269,241.07506950880446,1314.0,1.4238906421080002,37215.5421686747,LacZ_2,LacZ OE,0.5126490854374379,-0.1435445045584497,-29.797675631072824,70,2500
522,26.187566988210076,416.5326902465166,154.2465166130761,1174.0,1.3295637207586772,48680.27009646302,LacZ_2,LacZ OE,0.7047528069105558,-0.1409487638963216,-28.095119642773213,70,2500
523,27.27188940092166,421.1553653719552,259.82488479262673,1832.0,1.3781899378427478,39217.81303489138,LacZ_2,LacZ OE,0.4710768090896458,-0.13116557582478938,-29.517542015238668,70,2500
524,26.87027027027027,424.4972972972973,168.6135135135135,1398.0,1.383106106791413,54757.383783783785,LacZ_2,LacZ OE,0.6728557826654935,-0.12230232053354873,-27.82546158992731,70,2500
525,27.578666666666667,421.84355555555555,196.56355555555555,1397.0,1.391895482544547,45560.224888888886,LacZ_2,LacZ OE,0.6110098541942963,-0.12884896233049847,-27.742885905845284,70,2500
526,28.283088235294116,431.77941176470586,127.46997549019608,1998.0,1.2550797339850859,59304.632352941175,LacZ_2,LacZ OE,0.7637357945165799,-0.10464682190705965,-25.525218555878663,70,2500
527,27.525741029641186,445.71762870514823,98.12948517940718,848.0,1.3089534303558847,29854.051482059283,LacZ_2,LacZ OE,0.8285512164850184,-0.07146866048770706,-25.73470468794857,70,2500
528,26.596273291925467,464.1068322981366,263.70745341614906,1895.0,1.2244246194915085,42745.441614906835,LacZ_2,LacZ OE,0.46210659839820534,-0.029910221220689537,-30.70361601285437,70,2500
529,26.70310825294748,466.81993569131834,245.491961414791,1389.0,1.4575251776663078,41298.41907824223,LacZ_2,LacZ OE,0.5023736853455212,-0.02331055820579042,-30.198727403097443,70,2500
530,25.965660770031217,469.25390218522375,152.95525494276794,1243.0,1.2950849748068798,43761.76586888658,LacZ_2,LacZ OE,0.7071108925053178,-0.016582278159039787,-28.802590576692012,70,2500
531,25.210459183673468,474.0688775510204,176.26147959183675,958.0,1.4912488479065182,46371.753826530614,LacZ_2,LacZ OE,0.6555420486564245,-0.005494918638367041,-30.14795281439079,70,2500
532,25.633939393939393,477.2812121212121,121.77333333333333,1076.0,1.3474533041601358,44220.48121212121,LacZ_2,LacZ OE,0.776035378049271,0.0026830704231672886,-28.485838112470642,70,2500
533,27.962025316455698,486.97068620919384,232.90939373750834,1903.0,1.4669048332760215,44576.948034643574,LacZ_2,LacZ OE,0.529950571049822,0.024385801587776257,-28.84401711972941,70,2500
534,26.70501474926254,489.4788593903638,119.1897738446411,1331.0,1.4094279269719598,43898.60275319567,LacZ_2,LacZ OE,0.7815777165466131,0.03150707151110965,-27.47420025258669,70,2500
535,28.421153846153846,494.6461538461538,106.79102564102564,1943.0,1.1812216045242145,31524.991666666665,LacZ_2,LacZ OE,0.8088692693865356,0.04386925452641566,-25.520125917135708,70,2500
536,25.053435114503817,499.7083969465649,74.12824427480916,837.0,1.3974927915374744,26126.29618320611,LacZ_2,LacZ OE,0.8812555199240961,0.056087431764635154,-28.174874303975987,70,2500
537,27.889979688557887,505.126269465132,293.3994583615437,3521.0,1.3695319122483445,37126.26641841571,LacZ_2,LacZ OE,0.3959540542445861,0.06655285749936413,-30.50375077322837,70,2500
538,26.65242718446602,502.173786407767,122.6,1369.0,1.3847736101161645,43707.95048543689,LacZ_2,LacZ OE,0.7739130281895916,0.06141336574619283,-27.73045416525721,70,2500
539,26.36813186813187,504.364010989011,133.75,1066.0,1.314804920693636,42734.29945054945,LacZ_2,LacZ OE,0.7492389414004206,0.06645215878460164,-28.29600604380354,70,2500
540,26.60433070866142,505.87204724409446,173.9724409448819,1306.0,1.3735575415260282,45774.25,LacZ_2,LacZ OE,0.6602264344942272,0.06957829690018835,-29.012275494623385,70,2500
541,27.171256454388985,520.3407917383821,103.3855421686747,1455.0,1.289331151651005,39038.68760757315,LacZ_2,LacZ OE,0.8162193526007024,0.10448556874965442,-26.94159094690617,70,2500
542,25.82621502209131,525.3100147275405,161.02503681885125,1745.0,1.4566396653508094,40031.377761413845,LacZ_2,LacZ OE,0.6887226405158404,0.11555081623146224,-29.678469381970775,70,2500
543,27.20378619153675,526.1553452115813,216.98329621380847,2226.0,1.3040547995295368,43719.6631403118,LacZ_2,LacZ OE,0.5648445768813539,0.11696911757635986,-29.614072156429323,70,2500
544,26.38272816486752,534.7203140333661,78.11187438665358,1201.0,1.258074870730199,24685.752698724238,LacZ_2,LacZ OE,0.8720349228697035,0.13865983789060854,-27.281368448233366,70,2500
545,26.483071342200727,558.9437726723096,242.8863361547763,2069.0,1.3716886174635465,28434.53446191052,LacZ_2,LacZ OE,0.5072582614379213,0.1940122059451035,-31.259139805017348,70,2500
546,27.513126491646776,572.2690930787589,268.78341288782815,2120.0,1.353220905963522,32792.27386634845,LacZ_2,LacZ OE,0.4497829632822008,0.22518621218573065,-30.96346330673859,70,2500
547,27.996477101157524,585.1675893306492,352.4363361852038,2484.0,1.5445942630463367,28720.46250629089,LacZ_2,LacZ OE,0.2645644902516806,0.2547143607749873,-32.55650987140528,70,2500
548,25.69991015274034,592.1626235399821,227.33063791554358,1469.0,1.301638170369748,30117.467205750225,LacZ_2,LacZ OE,0.5413918271680276,0.2725189279778759,-32.004383906487156,70,2500
549,27.22920892494929,607.869168356998,343.5897565922921,2824.0,1.3772503172732187,31809.247971602435,LacZ_2,LacZ OE,0.28395614175410544,0.30834076720964854,-33.33938135420147,70,2500
550,26.4453125,614.0234375,218.96875,1307.0,1.2870761632836671,31222.798828125,LacZ_2,LacZ OE,0.5596411299503947,0.32419143167003406,-31.278142512458253,70,2500
551,26.79374275782155,617.0393974507532,245.11123986095018,1145.0,1.2794910859685995,27540.535341830822,LacZ_2,LacZ OE,0.5017578696148133,0.3310297401753497,-31.56874431988185,70,2500
552,26.56497175141243,643.8706214689265,189.66497175141242,2387.0,1.3451882061186962,35324.428248587574,LacZ_2,LacZ OE,0.6241760814092856,0.3949149093566011,-30.767385193053762,70,2500
553,27.61253196930946,642.2397698209719,229.51598465473145,1959.0,1.1702773912845827,28723.82608695652,LacZ_2,LacZ OE,0.5359737349162805,0.3906596652184937,-30.633188420054722,70,2500
554,28.018043025676615,650.2532963219986,405.05135322692576,1819.0,1.4284879486012392,22740.750867453156,LacZ_2,LacZ OE,0.14753135418982177,0.4076666516065215,-34.398169998881976,70,2500
555,26.89063729346971,663.7883556254917,257.58457907159715,1650.0,1.2937379820543093,23742.815106215578,LacZ_2,LacZ OE,0.4737052867360967,0.4411669609421325,-32.219965651416544,70,2500
556,27.138794084186575,661.877133105802,174.8452787258248,1241.0,1.4079532729390012,29818.799772468716,LacZ_2,LacZ OE,0.6567584031239067,0.4375621201729667,-30.02442452496084,70,2500
557,25.762349799732977,673.150867823765,178.84245660881174,1074.0,1.3549986876516005,25670.6435246996,LacZ_2,LacZ OE,0.6478773505545792,0.4640795499340762,-31.603892113479276,70,2500
558,26.008149959250204,676.0317848410758,269.08149959250204,1572.0,1.3642538253154561,22428.04726976365,LacZ_2,LacZ OE,0.44819734306253567,0.46990159460277736,-33.48994940647707,70,2500
559,26.354382657869934,684.5051837888784,175.3147973609802,1379.0,1.318140497509666,27910.79641847314,LacZ_2,LacZ OE,0.655541276803973,0.49091362779280345,-31.040885622646982,70,2500
560,24.956611570247933,687.7045454545455,389.7809917355372,824.0,1.7315138489825688,19021.921487603307,LacZ_2,LacZ OE,0.18111045819581206,0.4961015484925113,-37.46901055766972,70,2500
561,27.10238095238095,696.7833333333333,261.7857142857143,758.0,1.597063190784367,24287.880952380954,LacZ_2,LacZ OE,0.4640807682230681,0.5189539864014501,-32.42899197002664,70,2500
562,26.11854103343465,697.241641337386,200.12158054711247,870.0,1.409348308604325,24257.475683890578,LacZ_2,LacZ OE,0.6005492023549865,0.5206815681009402,-31.979524602098543,70,2500
563,29.034300791556728,739.9010554089709,280.8120052770449,1911.0,1.3795950479443648,26183.331134564643,LacZ_2,LacZ OE,0.42147112111618346,0.6204967318951509,-31.36301086857829,70,2500
564,28.942481511914544,742.2990961380443,874.2292522596549,1451.0,1.2049608287505922,20580.56039441249,LacZ_2,LacZ OE,-0.8913879520682233,0.6197130810693388,-45.311635281736585,70,2500
565,26.073509015256587,752.8016643550624,356.2635228848821,899.0,1.5404102510497524,18299.95977808599,LacZ_2,LacZ OE,0.2545749307803793,0.6500402156566958,-36.20793360963893,70,2500
566,27.469727212242184,762.0785096473719,290.33000665335993,1835.0,1.2270494962910072,19320.480372588157,LacZ_2,LacZ OE,0.4002803573859415,0.6726694060250116,-33.36590952224207,70,2500
567,29.207572684246113,99.88843813387425,401.77484787018255,1809.0,1.3092387840181878,19733.810006761327,LacZ_2,LacZ OE,0.16004355762428046,-0.8904582030000033,-27.748785405331958,70,2500
568,29.750363901018922,162.6688500727802,728.4825327510918,1672.0,1.188634635544581,29039.737263464336,LacZ_2,LacZ OE,-0.5633803417865066,-0.7459053256087613,-35.436314491510316,70,2500
569,26.931464174454828,180.43821391484943,277.95742471443407,1185.0,1.1982371145066222,23899.751817237797,LacZ_2,LacZ OE,0.43330807135769156,-0.6991679677044836,-27.925776381861702,70,2500
570,29.419161676646706,174.07035928143713,297.86526946107784,1653.0,1.293481618543757,29708.124251497007,LacZ_2,LacZ OE,0.38919819032348224,-0.7143475016175465,-25.840660830678864,70,2500
571,28.867469879518072,209.37123493975903,226.89006024096386,1577.0,1.1333744068351217,27181.9593373494,LacZ_2,LacZ OE,0.5459064406628997,-0.6303232173567541,-25.08297120852828,70,2500
572,26.70223325062035,232.57816377171216,272.38585607940445,1062.0,1.3854091152018457,27389.225806451614,LacZ_2,LacZ OE,0.4451416530246106,-0.576126279234779,-28.535103708011263,70,2500
573,27.501470588235293,233.04117647058823,257.2838235294118,933.0,1.4901787610852855,22943.95882352941,LacZ_2,LacZ OE,0.4785066938380411,-0.5748520480273223,-27.38860191293323,70,2500
574,28.475409836065573,252.60848601735776,215.1648987463838,1445.0,1.4356413853291659,30354.673095467697,LacZ_2,LacZ OE,0.5714484128001027,-0.528217960062997,-25.62453764834767,70,2500
575,27.091772151898734,259.0996835443038,331.4517405063291,1701.0,1.9700752406257342,23994.26819620253,LacZ_2,LacZ OE,0.3141911074744601,-0.5141998625961169,-29.7820391717546,70,2500
576,28.318745441283735,312.68490153172866,251.42961342086068,1700.0,1.4296186028292028,32898.52297592998,LacZ_2,LacZ OE,0.4906453800344035,-0.3869081510002971,-27.21422040550575,70,2500
577,28.266909090909092,346.06690909090906,169.76218181818183,1698.0,1.24164238845839,32853.40290909091,LacZ_2,LacZ OE,0.6710011910690716,-0.30728263602564465,-25.68881359897395,70,2500
578,26.962645914396887,358.0536964980545,182.98365758754863,1573.0,1.329649978072665,32865.74630350195,LacZ_2,LacZ OE,0.641702227203022,-0.27918170131422215,-27.418129602118807,70,2500
579,27.70651204281891,368.2863514719001,133.0535236396075,1385.0,1.2500000531910735,36160.8545941124,LacZ_2,LacZ OE,0.752027201953849,-0.254486483174852,-25.61066009488962,70,2500
580,28.71264367816092,364.07553366174056,156.49671592775042,1469.0,1.2214664924057723,46819.19376026272,LacZ_2,LacZ OE,0.700151633799172,-0.26465022719538844,-25.110151590129163,70,2500
581,27.43638850889193,373.3214774281806,255.90492476060192,1863.0,1.4144043262363037,41779.313953488374,LacZ_2,LacZ OE,0.4802033976245732,-0.24394873166902797,-28.793788521662535,70,2500
582,28.886088221037323,387.34900630150264,106.94522539990305,2423.0,1.2285373480976112,47593.50121182744,LacZ_2,LacZ OE,0.8095422285262699,-0.2092117679658554,-24.009317748846886,70,2500
583,26.86949924127466,389.6198786039454,307.6176024279211,1643.0,1.3391807899357997,38287.23292867982,LacZ_2,LacZ OE,0.3656689878781576,-0.20607842334169946,-30.725427056340266,70,2500
584,26.546143250688704,390.2396694214876,290.82438016528926,1893.0,1.6050931724269295,37755.13842975206,LacZ_2,LacZ OE,0.402832018156722,-0.20444166726726953,-30.663269486644438,70,2500
585,27.793375394321767,401.15851735015775,283.36514195583595,1560.0,1.3156855010439241,40500.526813880126,LacZ_2,LacZ OE,0.41916428322409405,-0.1785771499151666,-29.349362683446852,70,2500
586,27.96153846153846,405.67352415026835,117.60286225402504,1471.0,1.4333893994118847,43564.151162790695,LacZ_2,LacZ OE,0.7858344031983429,-0.1661250616822103,-25.36127289011746,70,2500
587,27.155470249520153,410.63339731285987,188.95201535508636,1373.0,1.3835904373601182,50499.80038387716,LacZ_2,LacZ OE,0.627979501778434,-0.15521830064455155,-27.87884998513299,70,2500
588,28.83350357507661,435.10418794688457,240.94790602655772,1335.0,1.307879709246372,41642.41675178754,LacZ_2,LacZ OE,0.5126234321074283,-0.09802297798250648,-27.65283058795113,70,2500
589,27.474377745241583,448.56002928257686,267.5051244509517,1718.0,1.425831625710701,30899.84260614934,LacZ_2,LacZ OE,0.453809895465876,-0.06660280595128687,-29.76223708154836,70,2500
590,27.227598566308245,445.8826164874552,161.1030465949821,1420.0,1.2586464040083936,40639.15501792115,LacZ_2,LacZ OE,0.6892461105722592,-0.07176949893723394,-27.502366564641164,70,2500
591,27.366197183098592,468.9401408450704,289.5956572769953,2110.0,1.4869000244239234,34154.84507042253,LacZ_2,LacZ OE,0.4047465373169248,-0.01877281308483003,-30.584709060633735,70,2500
592,29.660109289617488,476.32459016393443,254.85628415300548,2250.0,1.189696958317654,45584.92131147541,LacZ_2,LacZ OE,0.4814118315522815,-0.0009252940938823118,-27.55394449765153,70,2500
593,27.59040959040959,492.1768231768232,198.39760239760238,1288.0,1.304617842899952,43061.217782217784,LacZ_2,LacZ OE,0.6062712176199332,0.0370318494612043,-28.461924721651453,70,2500
594,27.989690721649485,485.00294550810014,164.5456553755523,1793.0,1.3869180667662735,47799.75552282769,LacZ_2,LacZ OE,0.6812120016204823,0.020486652759339252,-27.203458242471452,70,2500
595,27.084327086882453,505.75042589437817,145.5068143100511,1447.0,1.2811448310068765,44063.35519591141,LacZ_2,LacZ OE,0.7231784430124932,0.06961120124411502,-27.867669694331585,70,2500
596,26.633500684618895,520.8306709265175,266.0848927430397,2584.0,1.455554792495181,35240.91967138293,LacZ_2,LacZ OE,0.4562961510169721,0.10386367917307426,-31.276713695490983,70,2500
597,27.8048403707518,521.4253347064881,283.16529351184346,2230.0,1.3169566462395421,33402.07929969104,LacZ_2,LacZ OE,0.41844220701347923,0.10510779255320135,-30.509733325938942,70,2500
598,28.1512987012987,528.9181818181818,48.685064935064936,1831.0,1.2317017210135741,30565.516883116885,LacZ_2,LacZ OE,0.9371017565244546,0.12533353252527646,-24.770625149999784,70,2500
599,26.704615384615384,530.8172307692307,233.54707692307693,1938.0,1.4336528205348151,36157.260307692304,LacZ_2,LacZ OE,0.528180558905138,0.12777436626936334,-30.544812182776926,70,2500
600,28.938628158844764,531.6823104693141,173.71191335740073,1685.0,1.2972570733684092,44993.17111913357,LacZ_2,LacZ OE,0.6604324427619179,0.13051504836492955,-26.925135574878247,70,2500
601,31.455166757791144,531.2353745215966,126.67987971569164,4392.0,1.2144164835192148,50189.58337889557,LacZ_2,LacZ OE,0.7643575443214492,0.13002852739080106,-23.308647509308113,70,2500
602,27.60552268244576,544.9122287968441,301.3007889546351,2518.0,1.2829550341046863,39201.42159763313,LacZ_2,LacZ OE,0.3781033869317556,0.16030681800218227,-31.361507514193754,70,2500
603,28.64908359409924,539.9977648636567,320.5815824765311,2737.0,1.3541937763359195,41081.472507822975,LacZ_2,LacZ OE,0.3354413328866861,0.1485293426326031,-30.719667124384607,70,2500
604,27.08888888888889,552.4397660818713,285.4374269005848,1107.0,1.3456729848619415,27702.74269005848,LacZ_2,LacZ OE,0.41315240531927255,0.1782229020315207,-31.58181621372278,70,2500
605,29.441340782122904,566.9474860335196,284.6653631284916,2295.0,1.2952741725065722,36426.42458100559,LacZ_2,LacZ OE,0.4145985225593114,0.21250544695522722,-29.3540377355534,70,2500
606,26.547535211267604,578.8952464788732,221.95774647887325,1365.0,1.262683548806345,30038.332746478874,LacZ_2,LacZ OE,0.5533630461289536,0.24130179487437187,-30.901994260951593,70,2500
607,27.899057127010536,602.8308374930671,212.55074875207987,2191.0,1.4402954371812968,35376.02384914032,LacZ_2,LacZ OE,0.5738730863123873,0.29789340877144976,-29.565760236592855,70,2500
608,28.010184595798854,608.5264162953533,277.56779121578614,1923.0,1.4899326967894169,38068.45321451305,LacZ_2,LacZ OE,0.42997244314190297,0.31062517042151927,-31.02602146682544,70,2500
609,28.42938659058488,618.1112696148359,203.2132667617689,1812.0,1.3550473506404972,28698.513552068474,LacZ_2,LacZ OE,0.5943555176337556,0.33404993845846565,-28.96740901962735,70,2500
610,27.999125874125873,617.7648601398602,230.46765734265733,1450.0,1.3948460966759704,33033.02972027972,LacZ_2,LacZ OE,0.5340851326955627,0.3329273302483491,-30.029481032063828,70,2500
611,28.158333333333335,636.8541666666666,294.70416666666665,512.0,1.7450824948352253,19282.308333333334,LacZ_2,LacZ OE,0.39177922092705497,0.37726146439492947,-31.554504308774618,70,2500
612,28.44750430292599,648.855421686747,324.12048192771084,1470.0,1.433431124979301,23671.672117039587,LacZ_2,LacZ OE,0.32656927364468213,0.4052572029034691,-32.068561055054026,70,2500
613,26.894736842105264,667.5560640732266,282.42105263157896,683.0,1.4083495663501286,18585.686498855834,LacZ_2,LacZ OE,0.41872190125131303,0.4497847843118139,-32.8316969304984,70,2500
614,28.48780487804878,707.5219512195122,903.7190243902439,1284.0,1.311466319769239,15141.234146341463,LacZ_2,LacZ OE,-0.9562693714075601,0.5373512627003363,-46.113412137631414,70,2500
615,31.594900849858355,705.4702549575071,266.0779036827195,1172.0,1.2487711371432453,23969.579320113313,LacZ_2,LacZ OE,0.4542687473464406,0.5395004833299535,-28.122943192066984,70,2500
616,26.958,719.95,204.672,649.0,1.40097369427251,20334.246,LacZ_2,LacZ OE,0.590219031674386,0.574215301408276,-31.468551346568034,70,2500
617,29.608667104399213,789.7216021011162,404.9875246224557,1959.0,1.3684162773237076,23578.810242941563,LacZ_2,LacZ OE,0.14624095885626343,0.7366781834798333,-34.17089251833678,70,2500
618,27.360544217687075,798.9142857142857,310.85850340136057,883.0,1.4085394966404323,18506.227210884354,LacZ_2,LacZ OE,0.3545135923673417,0.7593315531989202,-34.31394527162347,70,2500
619,26.414330218068535,814.0,717.0591900311526,792.0,1.3016288350486458,18890.923676012462,LacZ_2,LacZ OE,-0.544237424210811,0.7904868970991941,-44.87652972357459,70,2500
620,26.36146788990826,828.2899082568807,624.2880733944954,668.0,1.3040829008451265,13057.779816513761,LacZ_2,LacZ OE,-0.3391317137855745,0.825198862346977,-42.906540950350674,70,2500
621,28.71641791044776,881.3582089552239,565.7185501066098,809.0,1.4090069043400026,12413.893390191897,LacZ_2,LacZ OE,-0.21019118814237903,0.9510642922516432,-39.7061391425369,70,2500
622,28.033773861967695,142.98091042584434,367.96989720998533,1605.0,1.2630507527864412,19385.666666666668,LacZ_2,LacZ OE,0.23447533104080454,-0.7884727484788144,-28.555714102472045,70,2500
623,26.995203836930454,147.85131894484414,704.136690647482,596.0,1.528801099077911,18447.551558753,LacZ_2,LacZ OE,-0.5092333041423518,-0.7806553344061051,-37.47810865901748,70,2500
624,29.59430894308943,163.9959349593496,665.0747967479675,1466.0,1.2013719596563215,21709.370731707317,LacZ_2,LacZ OE,-0.423105655694184,-0.7420906799675908,-34.12717962083973,70,2500
625,27.75655976676385,170.49854227405248,226.49562682215745,879.0,1.536253915651399,14964.362973760934,LacZ_2,LacZ OE,0.5472125821301257,-0.7220362830929112,-25.804065645336117,70,2500
626,28.156626506024097,172.01112140871177,321.45875810936053,1412.0,1.5599095597804276,19590.373493975905,LacZ_2,LacZ OE,0.3370865518511206,-0.7194895713476332,-27.63264514564248,70,2500
627,28.105321507760532,185.73725055432374,264.7849223946785,1142.0,1.37599395633873,24114.931263858092,LacZ_2,LacZ OE,0.46233818382808645,-0.6864990194885734,-26.497061961148646,70,2500
628,28.27319587628866,190.3298969072165,223.90893470790377,1355.0,1.3432588965973096,22208.615979381444,LacZ_2,LacZ OE,0.5527166482903112,-0.6752186975290861,-25.421292310170088,70,2500
629,28.009183673469387,201.3734693877551,377.77755102040817,1144.0,1.2832867331122286,17543.383673469387,LacZ_2,LacZ OE,0.21221377375907924,-0.650844731963572,-29.380142162740604,70,2500
630,29.001024590163933,203.452868852459,239.69262295081967,1202.0,1.3030549047093551,26400.76844262295,LacZ_2,LacZ OE,0.5176331804150474,-0.6444191651162627,-25.190009151467976,70,2500
631,28.27659574468085,222.18581560283687,363.7836879432624,1679.0,1.3100308113179566,23653.556028368796,LacZ_2,LacZ OE,0.24295776818125758,-0.601595139585662,-28.990192685335916,70,2500
632,28.142633228840126,218.06269592476488,301.94514106583074,800.0,1.2912147634170963,20642.476489028213,LacZ_2,LacZ OE,0.3798124651416461,-0.6106528268586431,-27.642236655339424,70,2500
633,27.821766561514195,227.5922712933754,295.7460567823344,1744.0,1.51618183294796,35089.349369085176,LacZ_2,LacZ OE,0.3934513284955994,-0.5881147617808631,-27.91171308065569,70,2500
634,27.501118568232663,238.49664429530202,212.6599552572707,587.0,1.4692948927993519,22017.178970917226,LacZ_2,LacZ OE,0.5771770903753413,-0.5614997028317691,-26.402077020067715,70,2500
635,26.80191693290735,236.00638977635782,234.5111821086262,507.0,1.5533787020143253,21243.00319488818,LacZ_2,LacZ OE,0.5288949820444067,-0.5676266823621657,-27.586076965195737,70,2500
636,29.139644970414203,243.1112426035503,199.31005917159763,1128.0,1.4356420836742128,25603.873372781065,LacZ_2,LacZ OE,0.606582264387586,-0.5504326591398021,-24.498011341480744,70,2500
637,28.337598425196852,250.85334645669292,778.6938976377953,1225.0,1.2800502629125257,22736.878937007874,LacZ_2,LacZ OE,-0.6752451381209086,-0.5384748256312333,-38.88177531475658,70,2500
638,29.672904191616766,272.0456586826347,802.1145209580839,1660.0,1.2749279851842843,40549.44011976048,LacZ_2,LacZ OE,-0.7273335716890581,-0.48871051033741686,-38.30017378472448,70,2500
639,29.461733080328905,313.21252371916506,188.9829222011385,2021.0,1.3966136934335338,36474.535104364324,LacZ_2,LacZ OE,0.6287345039568486,-0.3849600298796114,-24.621040790096547,70,2500
640,29.01790510295434,323.49955237242614,229.61593554162937,1525.0,1.3482718986164781,36987.4297224709,LacZ_2,LacZ OE,0.5387638784995508,-0.3611461914490658,-26.112569800308798,70,2500
641,28.171091445427727,326.28171091445427,244.32743362831857,898.0,1.38177906893218,27701.28761061947,LacZ_2,LacZ OE,0.5062338935933606,-0.354762638993382,-27.32927417454915,70,2500
642,27.718926553672315,339.6214689265537,145.8954802259887,838.0,1.1878552265619453,24845.676553672318,LacZ_2,LacZ OE,0.7238931291995532,-0.32223956661409536,-25.61720372592882,70,2500
643,30.27937551355793,351.70172555464256,274.4067378800329,1607.0,1.3076259955973406,28971.966310599837,LacZ_2,LacZ OE,0.4393333401688664,-0.2950807136988437,-26.171521262305806,70,2500
644,30.389473684210525,366.06165413533836,189.99022556390977,1794.0,1.4259720635044726,40948.9045112782,LacZ_2,LacZ OE,0.6259467267162369,-0.2602905052701129,-24.234066407738293,70,2500
645,28.45740740740741,370.7546296296296,166.0435185185185,1351.0,1.171099843859927,42996.718518518515,LacZ_2,LacZ OE,0.6789794314931861,-0.24900513443200356,-25.65319262229322,70,2500
646,30.267679719462304,377.3781414377557,154.58737580362362,1984.0,1.1656655982348227,52030.846288720044,LacZ_2,LacZ OE,0.7041666661639094,-0.2332161379138723,-23.64123380474805,70,2500
647,28.864650827933765,382.2735781137509,274.38948884089274,1760.0,1.53372282164024,37533.1094312455,LacZ_2,LacZ OE,0.4391488278058291,-0.2230006631736966,-27.884455896387646,70,2500
648,27.953488372093023,384.1344792719919,244.76036400404448,1268.0,1.3443639259265863,41651.692618806876,LacZ_2,LacZ OE,0.5047276087340486,-0.2183105674046072,-28.122835259173808,70,2500
649,29.388702084734366,376.4539340954943,313.21250840618694,1851.0,1.4106018646438865,27021.123066577,LacZ_2,LacZ OE,0.35328833667629667,-0.23713712960320066,-28.20866063720252,70,2500
650,29.283232628398792,381.99546827794563,139.0203927492447,1582.0,1.3323532393969366,34517.19486404834,LacZ_2,LacZ OE,0.7386123290117259,-0.22217848417675434,-24.307646625549527,70,2500
651,28.923625981441827,400.0578158458244,103.31763026409708,1686.0,1.2896796830278034,37865.23768736617,LacZ_2,LacZ OE,0.817442800253301,-0.17919431703691624,-24.011549605273785,70,2500
652,29.36709956709957,404.7402597402597,213.47012987012988,1426.0,1.2739435336222154,46739.75670995671,LacZ_2,LacZ OE,0.5736798125095572,-0.1693344024307628,-26.181829986702233,70,2500
653,28.526694045174537,412.80287474332647,164.77515400410678,1197.0,1.2725701209258946,54124.312114989734,LacZ_2,LacZ OE,0.6813750748744867,-0.14980739021683853,-25.965690959761147,70,2500
654,28.516985138004248,424.8651804670913,102.33545647558387,1218.0,1.301320740669835,35690.26008492569,LacZ_2,LacZ OE,0.8193967007793108,-0.12067792198859173,-24.63783868861958,70,2500
655,28.878606423516604,434.8132825258574,268.80348394120847,2297.0,1.4413449394001487,37248.74305933587,LacZ_2,LacZ OE,0.4509979108358704,-0.09901033489214728,-28.2542484326094,70,2500
656,29.093183239524702,443.3202001250782,140.364602876798,1898.0,1.2779428669077122,51808.80425265791,LacZ_2,LacZ OE,0.7350549673180105,-0.07754608504138649,-25.12886994390578,70,2500
657,28.429324894514767,467.2668776371308,213.99472573839662,1318.0,1.383351146855716,51988.27426160337,LacZ_2,LacZ OE,0.5719627328308612,-0.02187520063688464,-27.743190524503284,70,2500
658,29.2564330079858,463.7888198757764,275.301685891748,1370.0,1.2381299708319913,35068.98491570541,LacZ_2,LacZ OE,0.4363218055111395,-0.03072539935376495,-28.311473181458588,70,2500
659,31.75075075075075,462.38838838838836,179.14964964964966,2620.0,1.4947612933157255,47466.07957957958,LacZ_2,LacZ OE,0.6489274195515349,-0.03292860629229688,-23.56281631759954,70,2500
660,28.330597889800703,470.2837045720985,92.50879249706917,1335.0,1.4783844219666311,33131.73974208675,LacZ_2,LacZ OE,0.8407068168124212,-0.013443431269834383,-25.039392619219065,70,2500
661,27.94110576923077,492.04447115384613,139.265625,1032.0,1.2829390504337783,44360.61538461538,LacZ_2,LacZ OE,0.7370744022229296,0.037369190673739006,-26.731597812027296,70,2500
662,28.245265151515152,504.47632575757575,205.8693181818182,1327.0,1.4310916876359365,37453.882575757576,LacZ_2,LacZ OE,0.5895883964003208,0.06597751277308173,-28.101772373136857,70,2500
663,28.927573062261754,505.32401524777634,94.70520965692504,1016.0,1.3846390326791693,30360.07369758577,LacZ_2,LacZ OE,0.8354777164752389,0.06919862059735893,-24.836585938570384,70,2500
664,31.203049203049204,511.8163548163548,134.999306999307,1916.0,1.200542619134727,51578.94871794872,LacZ_2,LacZ OE,0.7461530589549821,0.0841273917224663,-23.564658410330356,70,2500
665,29.10114503816794,513.6946564885496,123.71278625954199,1298.0,1.2799475822887283,38756.08301526718,LacZ_2,LacZ OE,0.7712131398546633,0.08863234898148797,-25.42116057682962,70,2500
666,28.610253242742434,516.7115503397159,233.82396541074738,2079.0,1.5136757591951404,36693.78381717109,LacZ_2,LacZ OE,0.5276059732925196,0.09454272160460175,-28.508251497369855,70,2500
667,27.872858431018937,523.5004508566276,245.86113615870153,1374.0,1.301434617162281,29857.898106402165,LacZ_2,LacZ OE,0.5009480877228163,0.11040879360284972,-29.59242503686025,70,2500
668,30.10833704859563,532.079358002675,300.0735621934909,3119.0,1.6002721897729428,39093.987962550156,LacZ_2,LacZ OE,0.3808132362155743,0.13010739744152455,-28.70534923299328,70,2500
669,28.507215007215006,534.3492063492064,143.92929292929293,1693.0,1.3973055788090374,40248.857142857145,LacZ_2,LacZ OE,0.726318214571303,0.1371189226900209,-26.688225284090862,70,2500
670,28.858163826278176,538.4442001099505,284.4617921935129,2170.0,1.3308246955523575,29187.90819131391,LacZ_2,LacZ OE,0.4153548090438237,0.14526146839141263,-29.653453996743124,70,2500
671,30.181365221723965,546.1629297458894,99.37319382162431,2387.0,1.1698250563002188,42823.69058295964,LacZ_2,LacZ OE,0.8246906199735398,0.16550646167084482,-24.091511741810614,70,2500
672,29.796423658872076,568.4112792297111,316.2861072902338,1933.0,1.2911538966029479,27715.33149931224,LacZ_2,LacZ OE,0.3446101758128586,0.21562325955655126,-29.750510907749145,70,2500
673,28.73547215496368,574.8565375302663,206.1041162227603,2001.0,1.3128066360199315,35068.611985472155,LacZ_2,LacZ OE,0.5883626585912616,0.2319973283293486,-28.30567855449502,70,2500
674,28.926001357773252,577.4826883910387,298.3333333333333,1910.0,1.3983454151980645,29669.49898167006,LacZ_2,LacZ OE,0.3842850311435886,0.23719558343115432,-30.290890639395,70,2500
675,28.78409090909091,578.9791666666666,251.27083333333334,1474.0,1.3999833396259382,32967.70549242424,LacZ_2,LacZ OE,0.48839613046507324,0.24123278326668585,-29.35030288133457,70,2500
676,29.595511221945138,582.5700748129676,89.3571072319202,2455.0,1.3198692782559256,39418.273316708226,LacZ_2,LacZ OE,0.8465276368864565,0.25147806125324856,-24.79983668960909,70,2500
677,29.286516853932586,588.3958120531154,51.02808988764045,2374.0,1.2364023680943528,34067.664964249234,LacZ_2,LacZ OE,0.9312840532968267,0.2656284502666817,-24.27221927435728,70,2500
678,30.241666666666667,603.6089285714286,195.47142857142856,2052.0,1.3260796323235224,35153.308333333334,LacZ_2,LacZ OE,0.61152974341136,0.29996752425241646,-26.833368410553852,70,2500
679,28.865030674846626,603.2770961145194,227.84560327198363,1139.0,1.3455314620187175,29059.534764826174,LacZ_2,LacZ OE,0.5399814273893961,0.298802150767284,-28.96100506872319,70,2500
680,30.490575916230366,610.0884816753927,305.6947643979058,2349.0,1.2724799251330527,36936.069633507854,LacZ_2,LacZ OE,0.36760271015908863,0.31406120722077957,-29.21738216417625,70,2500
681,26.895401262398558,636.0342651036971,323.3264201983769,1323.0,1.42015615837568,29074.43823264202,LacZ_2,LacZ OE,0.32853027513416255,0.3749881454824233,-33.4762364626659,70,2500
682,28.528248587570623,631.7146892655368,241.53860640301318,1335.0,1.30452250585063,28642.050847457627,LacZ_2,LacZ OE,0.5094301152786243,0.3657238261410256,-29.895068499788554,70,2500
683,27.83783783783784,678.0945945945946,245.3003003003003,1036.0,1.6740939156829158,21258.762762762763,LacZ_2,LacZ OE,0.5006949140681738,0.47506707345772337,-31.126652797173406,70,2500
684,28.92686357243319,691.2412095639944,315.4479606188467,1741.0,1.5759234295028028,24323.459915611813,LacZ_2,LacZ OE,0.34532096811880875,0.5053408242669029,-31.801818654731164,70,2500
685,27.124789207419898,697.5969645868465,169.98819561551434,818.0,1.5351524741995508,24583.738617200674,LacZ_2,LacZ OE,0.6671590456923548,0.5218695852477722,-30.274623083507706,70,2500
686,28.20353982300885,706.3126843657817,313.27581120943955,869.0,1.3472139262710825,18405.461651917405,LacZ_2,LacZ OE,0.350018064072501,0.5408981142250961,-32.62170968524822,70,2500
687,27.762516046213094,707.7034659820282,352.11039794608473,1098.0,1.4590111446348653,15952.543003851091,LacZ_2,LacZ OE,0.26411209827727644,0.5437472716051854,-33.981485483417764,70,2500
688,28.12015018773467,731.413016270338,210.360450563204,1128.0,1.5256284619726292,22050.85857321652,LacZ_2,LacZ OE,0.5774632734487886,0.6012188082548433,-30.551513338463863,70,2500
689,28.791974656810982,740.8152059134108,379.8658922914467,1309.0,1.3767370299687391,27235.050686378036,LacZ_2,LacZ OE,0.20233394028437934,0.6215728386857453,-33.92328506616076,70,2500
690,27.39889705882353,764.9797794117648,220.74448529411765,719.0,1.6188013259293073,20607.965073529413,LacZ_2,LacZ OE,0.554202768699875,0.6802661700692123,-31.84296358135059,70,2500
691,28.001816530426886,770.330608537693,238.31607629427793,1385.0,1.3189890193225862,19397.845594913713,LacZ_2,LacZ OE,0.5152455058531249,0.6927107080644743,-31.702198496084183,70,2500
692,26.575925925925926,797.2796296296297,345.4259259259259,728.0,1.5526787201316905,15900.566666666668,LacZ_2,LacZ OE,0.2780950742400359,0.7550828307062893,-35.88813641954144,70,2500
693,27.274193548387096,795.4193548387096,356.55760368663596,638.0,1.554640014884,16379.532258064517,LacZ_2,LacZ OE,0.25344992957710777,0.7505900314706684,-35.4313889226635,70,2500
694,27.643605870020963,814.1781970649895,666.335429769392,1165.0,1.4610025530621933,16880.851153039832,LacZ_2,LacZ OE,-0.43208448639240826,0.7914855900607265,-42.46694919868923,70,2500
695,30.55697151424288,129.16341829085457,392.5247376311844,1591.0,1.1975264593774189,28170.377061469266,LacZ_2,LacZ OE,0.1801549589592195,-0.8212739153404849,-26.4705627634008,70,2500
696,30.032723772858517,138.609239653513,714.8113570741098,1252.0,1.20635995992177,17964.99230028874,LacZ_2,LacZ OE,-0.5329168649239064,-0.802501798484057,-34.59999161851195,70,2500
697,28.045454545454547,146.51674641148324,474.92583732057415,910.0,1.5847455328319533,13174.442583732058,LacZ_2,LacZ OE,-0.002182370291676894,-0.7812926031228906,-31.07191665595859,70,2500
698,28.52408256880734,164.36353211009174,239.4369266055046,1106.0,1.4066683439284045,17295.767201834864,LacZ_2,LacZ OE,0.5186017185007998,-0.736630278225413,-25.278452985649494,70,2500
699,29.373214285714287,174.57410714285714,477.1276785714286,1442.0,1.205641698455647,20105.173214285714,LacZ_2,LacZ OE,-0.007393678266406134,-0.7151051437037499,-30.070375836519464,70,2500
700,28.40983606557377,173.38433515482697,253.0054644808743,741.0,1.3994755431077015,18440.41712204007,LacZ_2,LacZ OE,0.4885021274092729,-0.7155020356945656,-25.79720888959171,70,2500
701,29.350789692435576,205.45220282626767,291.4397339983375,1417.0,1.2907975651258765,39841.30839567747,LacZ_2,LacZ OE,0.4031135637111085,-0.6402566044241069,-26.066210663111764,70,2500
702,29.875854214123006,206.4248291571754,251.9100227790433,1095.0,1.2784901599725496,24942.572892938497,LacZ_2,LacZ OE,0.49053017088514994,-0.6375215513024356,-24.629336324104617,70,2500
703,28.59652928416486,221.3655097613883,728.5422993492408,1143.0,1.3620271105429966,27776.083514099784,LacZ_2,LacZ OE,-0.5640208383832426,-0.6074800277125911,-37.16536415939334,70,2500
704,28.820770519262982,220.29145728643215,215.7889447236181,1589.0,1.436647356048517,22997.979061976548,LacZ_2,LacZ OE,0.5703626380719364,-0.6044454860795847,-24.977698610319376,70,2500
705,31.286919831223628,218.54324894514767,236.17299578059072,1249.0,1.3620917550782305,32598.939873417723,LacZ_2,LacZ OE,0.5251556441218426,-0.6087339663205119,-22.97041633254251,70,2500
706,31.3408,227.5952,224.8672,1658.0,1.5312371226342634,25595.6768,LacZ_2,LacZ OE,0.5500775415593879,-0.5872585523129291,-22.74154890971344,70,2500
707,29.7078488372093,246.98982558139534,237.4622093023256,1012.0,1.2955087910745877,24162.595930232557,LacZ_2,LacZ OE,0.5221098492995118,-0.5416848918279598,-24.857310028031442,70,2500
708,29.171891891891892,272.6086486486486,228.08,1302.0,1.3656645624969495,36135.587027027024,LacZ_2,LacZ OE,0.5426463155070989,-0.4811662678294175,-25.424995408488492,70,2500
709,29.66046511627907,275.6139534883721,282.92868217054263,1004.0,1.485709272518207,26984.38139534884,LacZ_2,LacZ OE,0.42124806224229006,-0.47466132714571474,-26.24457581837465,70,2500
710,33.89250275633958,304.6058434399118,216.25523704520396,2551.0,1.4088068656365322,32987.14002205071,LacZ_2,LacZ OE,0.5682531481371,-0.40545599196244975,-20.743249111834885,70,2500
711,31.130779392338177,310.79062087186264,149.42602377807134,1814.0,1.1472796393664277,26907.756935270805,LacZ_2,LacZ OE,0.7161849761193821,-0.39020550095218665,-22.006710082764496,70,2500
712,29.386425339366514,311.468778280543,236.3266968325792,1381.0,1.2645587728328742,34683.29773755656,LacZ_2,LacZ OE,0.5240147486192928,-0.3895884879984288,-25.782915362329064,70,2500
713,28.430962343096233,317.72175732217573,116.26987447698745,692.0,1.330162348600718,16570.035564853555,LacZ_2,LacZ OE,0.7896101223698433,-0.3735584225527464,-24.000551312936718,70,2500
714,30.387596899224807,336.4325581395349,180.62945736434108,1768.0,1.3154318219765218,30278.898449612403,LacZ_2,LacZ OE,0.6469426942282415,-0.33007740092006044,-23.72788830945673,70,2500
715,30.07936507936508,337.4580498866213,322.9236583522298,1605.0,1.3937402928376987,23201.055933484506,LacZ_2,LacZ OE,0.3321455731166798,-0.3292092846724499,-27.363127775701802,70,2500
716,31.738244514106583,373.95454545454544,66.49608150470219,1847.0,1.440217758050507,24015.43260188088,LacZ_2,LacZ OE,0.899011665878082,-0.24030235936436384,-20.084118442690777,70,2500
717,31.537596210775607,389.1089402013026,164.78093546477206,2033.0,1.281469345038467,53208.65600947306,LacZ_2,LacZ OE,0.6814359149467915,-0.2056274079367797,-22.724103793437436,70,2500
718,31.216798277099784,396.3797559224695,77.96913137114142,1801.0,1.206284219103937,23736.59870782484,LacZ_2,LacZ OE,0.8734393605193553,-0.18754268080581527,-21.092221663444292,70,2500
719,28.688545688545688,412.5122265122265,103.6010296010296,1016.0,1.408033448748195,37492.342342342345,LacZ_2,LacZ OE,0.8167074744331262,-0.1498255901271417,-24.37499445360546,70,2500
720,29.850948509485097,421.16734417344173,116.9430894308943,1762.0,1.3159520998905132,48485.04200542005,LacZ_2,LacZ OE,0.7870464856861423,-0.12952831623637706,-23.60865228688979,70,2500
721,30.048526863084923,421.3726169844021,224.49740034662045,783.0,1.3967688178527997,45096.46793760832,LacZ_2,LacZ OE,0.5490876010370833,-0.1302064721280196,-25.92038473921628,70,2500
722,29.054054054054053,427.1029601029601,230.69626769626768,1071.0,1.3425618120823881,42077.30630630631,LacZ_2,LacZ OE,0.5353695553053759,-0.11677982907097395,-27.115100025298464,70,2500
723,28.37979094076655,447.2787456445993,121.56329849012776,1050.0,1.4650988836943213,43273.084785133564,LacZ_2,LacZ OE,0.7766484128445963,-0.06802107197897211,-25.44247368245865,70,2500
724,29.894301022893327,447.7350219191427,293.85776911836336,2907.0,1.463412743529236,30692.898197759376,LacZ_2,LacZ OE,0.39539180098780746,-0.06877947033064169,-27.949333292860757,70,2500
725,30.885657633840054,452.5261070720423,237.66953073364178,1845.0,1.2361388012563568,39345.27825512228,LacZ_2,LacZ OE,0.5196016870060114,-0.056846153651317066,-25.695336063965904,70,2500
726,31.344483985765123,468.3316725978648,123.20284697508897,1819.0,1.288362767698656,42339.34163701068,LacZ_2,LacZ OE,0.7726642544464004,-0.018312035160647944,-22.722895173486005,70,2500
727,29.95252225519288,477.28560830860533,241.39317507418397,1624.0,1.189965733527089,46571.44139465875,LacZ_2,LacZ OE,0.5111723929713288,0.001494269655969216,-26.957182317887,70,2500
728,28.746495327102803,493.14135514018693,270.3481308411215,1178.0,1.2946957865089013,33655.85514018692,LacZ_2,LacZ OE,0.4470231139574896,0.03855276372752048,-28.992910099711924,70,2500
729,30.077430972388957,511.62605042016804,249.54441776710684,2042.0,1.4876388120850257,37468.09243697479,LacZ_2,LacZ OE,0.49280036451924203,0.08241010746602795,-27.358260076793016,70,2500
730,30.292013311148086,514.3219633943428,212.3153078202995,1454.0,1.3173307231223348,46394.64891846922,LacZ_2,LacZ OE,0.575126633464121,0.0891779610075889,-26.302256655713904,70,2500
731,29.212683681361174,540.2034029389018,222.82675947409126,1683.0,1.295071995233487,34393.037122969836,LacZ_2,LacZ OE,0.5516771036920274,0.15008780725604187,-27.87945878410956,70,2500
732,29.75677966101695,546.9754237288136,235.5,1421.0,1.2208136467524953,28500.07711864407,LacZ_2,LacZ OE,0.5235459465318444,0.1659364178381184,-27.697213649721736,70,2500
733,28.76923076923077,549.7619542619543,210.81600831600832,1198.0,1.3486221157637792,29456.855509355508,LacZ_2,LacZ OE,0.5781794045873394,0.17275447253425424,-28.13628774159396,70,2500
734,28.59144893111639,563.972288202692,215.4449722882027,1536.0,1.275171240855309,31550.515439429928,LacZ_2,LacZ OE,0.5678102625265151,0.20621919249134035,-28.560930600290444,70,2500
735,29.98299480396788,581.4265470004724,313.5640056683987,2492.0,1.3698954567481276,27103.58809636278,LacZ_2,LacZ OE,0.3504968204709744,0.24635715539782654,-29.62786319492101,70,2500
736,32.71754321441706,573.0114012504597,235.2706877528503,3902.0,1.6071863410737162,31528.49172489886,LacZ_2,LacZ OE,0.5236483338181686,0.2274195415994158,-24.98674353692643,70,2500
737,30.642367601246107,591.4566978193146,286.0747663551402,2075.0,1.3662875071861715,28577.3738317757,LacZ_2,LacZ OE,0.41118123621294744,0.27032932093030815,-28.42600731352486,70,2500
738,29.873949579831933,599.5957983193277,251.97394957983192,1491.0,1.431316505912173,31652.77394957983,LacZ_2,LacZ OE,0.48658479838409363,0.28988005636198233,-28.47886201606804,70,2500
739,30.267879548306148,607.2484316185696,323.20639899623586,2127.0,1.3828877906518673,27789.590338770387,LacZ_2,LacZ OE,0.3289000113969207,0.30716709662464114,-29.82044542665931,70,2500
740,29.505494505494507,611.4571428571429,253.410989010989,1193.0,1.2748692095411955,28517.689010989012,LacZ_2,LacZ OE,0.48330986003374576,0.3178343123286582,-28.996730389354507,70,2500
741,30.012188044109113,621.0168311085316,171.20081253627393,2059.0,1.3438588403795508,40754.55078351712,LacZ_2,LacZ OE,0.6650680280354693,0.34128694505661117,-26.667282084305516,70,2500
742,30.980778471888517,628.0297933685728,52.117251321480055,2518.0,1.1395830581133977,39671.13407015858,LacZ_2,LacZ OE,0.9284034218157644,0.3591430056498619,-22.99160202956942,70,2500
743,29.111346018322763,627.4101479915433,217.06412966878082,1785.0,1.3934174906149368,31054.713178294573,LacZ_2,LacZ OE,0.5635874861682311,0.3558492119047052,-28.699515080303687,70,2500
744,29.408624229979466,638.4093086926763,176.0513347022587,1783.0,1.3983365493363453,38487.771389459274,LacZ_2,LacZ OE,0.6541999418511495,0.3822455061127421,-27.55386446892708,70,2500
745,31.178866587957497,630.9840613931523,203.62750885478158,2408.0,1.583002894254394,29470.861275088548,LacZ_2,LacZ OE,0.5931724216039218,0.36447224702782544,-26.35439033929139,70,2500
746,28.736708860759492,677.0987341772152,187.36962025316456,632.0,1.7007476747622767,24583.898734177215,LacZ_2,LacZ OE,0.6288204435833349,0.4733670728164663,-28.867883014706095,70,2500
747,29.55483870967742,674.5677419354839,294.5520737327189,1327.0,1.371909631815682,22550.83870967742,LacZ_2,LacZ OE,0.39167863561349536,0.4662528805984034,-30.523826723982754,70,2500
748,28.855345911949687,705.3694968553459,368.21069182389937,887.0,1.7244944316776991,18433.918238993712,LacZ_2,LacZ OE,0.22845887685928212,0.5380922361570799,-33.24149331792928,70,2500
749,30.06040268456376,709.9616490891659,402.00383509108343,1401.0,1.4517863729024327,20824.612655800574,LacZ_2,LacZ OE,0.1535902473079913,0.5485849831889302,-32.86950854465991,70,2500
750,28.26710816777042,717.4746136865342,193.96026490066225,652.0,1.447402748467438,23863.260485651215,LacZ_2,LacZ OE,0.6138733202975959,0.5685225160870384,-29.885941167290035,70,2500
751,32.187565858798735,725.1190727081138,902.6796628029505,1376.0,1.325765653207704,13484.166491043203,LacZ_2,LacZ OE,-0.9543314255576618,0.5789546718852765,-42.56274567291506,70,2500
752,28.89906542056075,732.0392523364486,298.34953271028036,696.0,1.630731732197648,16948.484112149534,LacZ_2,LacZ OE,0.3827552051980454,0.6017591452588757,-31.83012019812367,70,2500
753,30.40295119182747,742.2860385925085,347.4347332576618,1123.0,1.407495727742728,19479.190692395005,LacZ_2,LacZ OE,0.27398519323472637,0.6254308267680728,-31.571196463990738,70,2500
754,28.34131736526946,751.1437125748503,251.51646706586826,816.0,1.2914660976508667,18114.08383233533,LacZ_2,LacZ OE,0.48620984751736684,0.6473176525923741,-31.482832810325657,70,2500
755,27.485496183206106,753.2625954198473,648.5267175572519,943.0,1.5386354461471352,13197.46106870229,LacZ_2,LacZ OE,-0.3920880150442819,0.6479889132275047,-41.613965636638575,70,2500
756,28.71866295264624,759.7075208913649,230.92200557103064,581.0,1.4448915469247325,21254.618384401114,LacZ_2,LacZ OE,0.5316694351512301,0.6677498043391268,-30.709296540505694,70,2500
757,30.530008453085376,762.3254437869823,332.6838546069315,1437.0,1.2775629751190039,17542.94590025359,LacZ_2,LacZ OE,0.306418695877015,0.6728622329778098,-31.296348688291125,70,2500
758,28.78252032520325,766.6382113821138,280.6260162601626,632.0,1.3174725029277607,15178.34349593496,LacZ_2,LacZ OE,0.4216369152785968,0.6835599703954742,-31.87192710866655,70,2500
759,30.186388244392884,790.8422273781903,388.74864655839133,1604.0,1.3598438058548605,25600.417633410674,LacZ_2,LacZ OE,0.18212617451269741,0.7395108523449152,-33.225767671304936,70,2500
760,29.850818094321465,804.9672762271415,354.13089509143407,1474.0,1.640360459831296,20729.20404234841,LacZ_2,LacZ OE,0.2585930848600311,0.7731965901884648,-32.89241895435464,70,2500
761,30.401468788249694,817.8555691554468,345.88494492044066,1157.0,1.3882231533462197,13996.848225214198,LacZ_2,LacZ OE,0.2766827712119213,0.8036992206128863,-32.2757974019624,70,2500
762,29.97902097902098,106.22177822177822,389.4715284715285,1191.0,1.2228994098488772,15513.648351648351,LacZ_2,LacZ OE,0.1871615329587748,-0.8753681806478145,-26.752731171073787,70,2500
763,28.981308411214954,110.90520694259013,450.63951935914554,1117.0,1.4390359900898124,14814.420560747663,LacZ_2,LacZ OE,0.05184340191836734,-0.8650074095493647,-29.221850137751407,70,2500
764,31.05998356614626,115.97617091207889,397.21199671322927,1474.0,1.1747459475361919,22668.00739523418,LacZ_2,LacZ OE,0.1698867417889327,-0.8524190503174679,-25.947975849032776,70,2500
765,30.01399253731343,119.38619402985074,381.6380597014925,1302.0,1.352914781505303,15808.308768656716,LacZ_2,LacZ OE,0.2043626509957719,-0.8442304854554706,-26.663940577801007,70,2500
766,31.46514745308311,123.94638069705094,484.1682305630027,1824.0,1.2133112177212975,23482.73123324397,LacZ_2,LacZ OE,-0.022588053186760937,-0.8345532493951286,-27.6479787151201,70,2500
767,30.897025171624716,136.75858123569793,664.5766590389017,1069.0,1.4152882748655566,21002.361556064072,LacZ_2,LacZ OE,-0.42180740590849164,-0.8063023594002994,-32.54682246351053,70,2500
768,31.682891911238368,134.2168933428776,357.1281317108089,1797.0,1.1888147450974804,28076.483178239083,LacZ_2,LacZ OE,0.2583571946708936,-0.8089441765362977,-24.569293226366373,70,2500
769,30.738921001926784,146.48554913294797,633.6184971098265,1267.0,1.3665150124725896,16215.028901734104,LacZ_2,LacZ OE,-0.35340337071165073,-0.7830263620958342,-32.07835105899615,70,2500
770,28.62672811059908,160.95852534562212,307.76651305683566,942.0,1.5935806181692063,17372.609831029185,LacZ_2,LacZ OE,0.36746109147893935,-0.7454008931727347,-26.735388402663627,70,2500
771,30.0979381443299,163.57646048109964,278.3307560137457,1379.0,1.2306517448522607,24321.45790378007,LacZ_2,LacZ OE,0.43248162239358523,-0.7388728349309053,-24.604069935129925,70,2500
772,30.104347826086958,171.90108695652174,269.17826086956524,1288.0,1.3823217060562174,20964.789130434783,LacZ_2,LacZ OE,0.4526491775809234,-0.7191374617634636,-24.465739305585593,70,2500
773,30.6609865470852,175.63318385650223,310.20358744394616,1341.0,1.2627575382500797,34746.06457399103,LacZ_2,LacZ OE,0.3618223348069889,-0.7107666575027263,-24.90214417840751,70,2500
774,30.77051671732523,183.35942249240122,406.5729483282675,1616.0,1.391099002763397,21838.588145896658,LacZ_2,LacZ OE,0.1485401438618248,-0.6935852020911537,-27.1147326644424,70,2500
775,30.85727969348659,218.20977011494253,275.0095785440613,1374.0,1.3068446069632171,31045.456896551725,LacZ_2,LacZ OE,0.4392613568062864,-0.6099517153130759,-24.301991361036524,70,2500
776,29.488524590163934,250.75409836065575,700.1672131147541,1129.0,1.3227185725769162,20213.331147540983,LacZ_2,LacZ OE,-0.5015759495345625,-0.537830717834711,-35.89968058958471,70,2500
777,32.5455755156354,257.020625415835,196.91017964071855,1864.0,1.37167588573238,29568.530938123753,LacZ_2,LacZ OE,0.6115810045199663,-0.5175197478550246,-21.173291140906823,70,2500
778,30.139451728247913,265.3373063170441,771.1811680572109,1059.0,1.3642321255280137,21733.927294398094,LacZ_2,LacZ OE,-0.6588576904185466,-0.504187765291997,-37.04705278707173,70,2500
779,29.339925834363413,270.68479604449936,756.1644004944376,941.0,1.2958357533920697,18801.33374536465,LacZ_2,LacZ OE,-0.6256459132029066,-0.4914295684588761,-37.548572496885754,70,2500
780,31.40097087378641,275.66699029126215,239.38932038834952,1280.0,1.2770240520589984,30493.94563106796,LacZ_2,LacZ OE,0.5174814576950229,-0.4740241321905373,-23.490182477581705,70,2500
781,31.012302284710017,287.90333919156416,190.9007029876977,1405.0,1.1733489060259206,30753.395430579963,LacZ_2,LacZ OE,0.6246564554097391,-0.44464414178462486,-22.86809027480417,70,2500
782,30.636752136752136,289.8179487179487,223.9145299145299,1590.0,1.4647897280549544,41264.80683760684,LacZ_2,LacZ OE,0.5516195363215814,-0.4404947473441716,-24.03184767738822,70,2500
783,30.00171526586621,301.811320754717,227.0154373927959,797.0,1.370357487403593,32280.288164665522,LacZ_2,LacZ OE,0.544676056975802,-0.41225320511397767,-24.856291246479092,70,2500
784,31.631270903010034,336.12709030100336,233.09113712374582,1543.0,1.2993568481959354,30223.398829431437,LacZ_2,LacZ OE,0.5308183076543109,-0.3313386975653617,-23.704577853354156,70,2500
785,30.56611570247934,332.41818181818184,214.24710743801654,1601.0,1.3349226259987912,30503.310743801652,LacZ_2,LacZ OE,0.5725986413690027,-0.33990705968562696,-24.29383045230923,70,2500
786,31.08719052744887,338.7954790096878,249.43918191603876,1331.0,1.3832030400468653,27526.413347685684,LacZ_2,LacZ OE,0.49465317960216426,-0.3252343466016314,-24.65568293188004,70,2500
787,30.187412587412588,341.6545454545454,198.7986013986014,982.0,1.3274765765205194,34788.584615384614,LacZ_2,LacZ OE,0.6067061950867165,-0.3179615886398154,-24.4026397416446,70,2500
788,31.360207100591715,344.60502958579883,97.05177514792899,1602.0,1.2098661363716892,35918.730769230766,LacZ_2,LacZ OE,0.8317155910144884,-0.30987142985915894,-20.88722357989373,70,2500
789,33.21868131868132,345.1412087912088,182.90274725274725,2838.0,1.5686028683500584,32952.36263736264,LacZ_2,LacZ OE,0.6416828243378605,-0.30949567546929724,-21.035893224129946,70,2500
790,30.793856103476152,361.2675828617623,122.00565885206144,1546.0,1.2069368079117146,28801.01778496362,LacZ_2,LacZ OE,0.7763771761160874,-0.27085184919796557,-22.19810181154146,70,2500
791,31.523344947735193,359.16933797909405,104.37560975609756,1760.0,1.2465201967426907,34148.829965156794,LacZ_2,LacZ OE,0.8153634344308394,-0.2755932173120964,-21.03733957038815,70,2500
792,30.92090395480226,364.42033898305084,263.774011299435,1210.0,1.3370034592180808,29742.179661016948,LacZ_2,LacZ OE,0.4627003318452023,-0.2649503504371945,-25.40675208936544,70,2500
793,31.613736609955893,367.36420919974796,240.48708254568368,2328.0,1.3425466613484256,35908.364209199746,LacZ_2,LacZ OE,0.5141546410027324,-0.2577379624073639,-24.20008831580651,70,2500
794,30.17766497461929,385.3705583756345,67.33096446700507,1341.0,1.5020880847839786,23227.286294416244,LacZ_2,LacZ OE,0.8971348245850936,-0.21341922292785798,-21.77533678420596,70,2500
795,30.56472491909385,382.9360841423948,228.5299352750809,1515.0,1.3412307060408186,49528.9927184466,LacZ_2,LacZ OE,0.5405114688503068,-0.22090161787734341,-25.122356457206788,70,2500
796,31.382395382395384,387.77344877344876,256.74747474747477,1757.0,1.4718618863066653,41209.02669552669,LacZ_2,LacZ OE,0.47799561882459685,-0.20977882336378528,-25.010057902921684,70,2500
797,30.80695652173913,393.69217391304346,61.76086956521739,1453.0,1.3121102528223663,18733.208695652174,LacZ_2,LacZ OE,0.9093447291845884,-0.19371559781841619,-21.097804613514697,70,2500
798,32.04287901990811,398.3430321592649,318.8147013782542,1600.0,1.2842936657483213,27969.811638591116,LacZ_2,LacZ OE,0.34054542048354075,-0.18550583173206014,-25.900053421934384,70,2500
799,30.01206757843926,411.89782783588095,227.29766693483506,1600.0,1.4248218421164625,44149.81496379727,LacZ_2,LacZ OE,0.5429860153914774,-0.1525865922266162,-25.929424861739804,70,2500
800,30.521008403361346,413.7997198879552,176.21988795518206,913.0,1.3994311639353318,52147.12885154062,LacZ_2,LacZ OE,0.6559427153621005,-0.1475346920438323,-24.248558040858896,70,2500
801,30.45177304964539,414.01063829787233,270.4177304964539,1844.0,1.4782243139501354,39286.78794326241,LacZ_2,LacZ OE,0.4475466131551775,-0.14806071764383233,-26.51571641746504,70,2500
802,30.591987348444913,417.7443331576173,288.2461781760675,2360.0,1.4773995629867234,35534.46125461254,LacZ_2,LacZ OE,0.40806065667770297,-0.13944398716917195,-26.8276769501443,70,2500
803,31.116036505867015,412.3663624511082,251.90482398956976,1092.0,1.327389642876847,39936.337679269884,LacZ_2,LacZ OE,0.48848503091086504,-0.1517231852519486,-25.40401897025519,70,2500
804,31.236855036855037,428.64864864864865,142.2884520884521,2906.0,1.7699292232493453,47595.999017199014,LacZ_2,LacZ OE,0.7308299173340698,-0.11212492679001906,-22.887208785217997,70,2500
805,29.57794117647059,430.8794117647059,298.03308823529414,1707.0,1.4098289948294143,30187.394117647058,LacZ_2,LacZ OE,0.38633400977739996,-0.10859060348218907,-28.198037204853943,70,2500
806,30.98116947472745,425.4420218037661,180.78394449950446,1327.0,1.3125849700274566,44277.038652130825,LacZ_2,LacZ OE,0.6457090456895458,-0.12011211742569983,-24.0088274420311,70,2500
807,30.891362422083706,435.27426536064115,189.96972395369545,1433.0,1.5314332703688134,37205.40872662511,LacZ_2,LacZ OE,0.6252964916131536,-0.09702176172526111,-24.408921337004827,70,2500
808,32.63293753226639,445.80382034073307,199.46824987093444,2490.0,1.572684901206968,51678.797108931336,LacZ_2,LacZ OE,0.6040906364794305,-0.07224818924963261,-22.992330282776113,70,2500
809,30.290480863591757,444.6673209028459,218.90578999018646,1343.0,1.6644552403486441,38864.98037291462,LacZ_2,LacZ OE,0.5612202552635339,-0.07519329074525027,-25.776036580304968,70,2500
810,31.71043771043771,448.45050505050506,184.5023569023569,1803.0,1.2536391237244424,46899.36835016835,LacZ_2,LacZ OE,0.6372223486429927,-0.06586394643023707,-23.59155038566086,70,2500
811,30.927573062261754,456.6905972045743,148.21791613723,2001.0,1.4159466050276686,52990.07750952986,LacZ_2,LacZ OE,0.7174565986955361,-0.04605163389894973,-23.608931739613148,70,2500
812,29.01195219123506,467.5245683930943,109.81407702523241,998.0,1.4720257198470121,43606.774236387784,LacZ_2,LacZ OE,0.8024131268340335,-0.0201238071005172,-24.734675376189635,70,2500
813,31.395552025416997,474.4154090548054,176.51151707704528,1547.0,1.3500232261139387,44368.77998411438,LacZ_2,LacZ OE,0.6546658584745055,-0.004539043155360689,-23.97405538802984,70,2500
814,30.600274725274726,479.4052197802198,131.53434065934067,1953.0,1.2695414365948394,48092.30357142857,LacZ_2,LacZ OE,0.7541634828756787,0.0077006070398291104,-23.769410394118744,70,2500
815,30.536666666666665,479.5586666666667,269.25533333333334,2074.0,1.3806799094173956,36359.556666666664,LacZ_2,LacZ OE,0.449479646897456,0.006566963865444864,-27.044965839819547,70,2500
816,31.24554608830364,480.4089852827266,214.50890782339272,1587.0,1.3779657864152923,49297.38807126259,LacZ_2,LacZ OE,0.570552480423143,0.00918280317046416,-25.068416257045726,70,2500
817,32.40830267997898,486.1707829742512,307.7708880714661,2392.0,1.3826763695169153,27180.21755123489,LacZ_2,LacZ OE,0.3641094431807226,0.021788337803745117,-26.13646077917646,70,2500
818,31.444902162718847,493.5005149330587,208.48609680741504,1408.0,1.4010847407268383,40332.3192584964,LacZ_2,LacZ OE,0.5837400173425948,0.04013268505177048,-24.856789623552373,70,2500
819,30.60968660968661,513.8881766381767,180.37250712250713,1690.0,1.3463909393167302,50311.4594017094,LacZ_2,LacZ OE,0.645782742466037,0.0885085553080629,-25.235810615360062,70,2500
820,31.463028169014084,525.9969190140845,318.27244718309856,2819.0,1.3587095897904033,38251.39964788732,LacZ_2,LacZ OE,0.3405399516051526,0.11559377060784848,-27.71583176417907,70,2500
821,29.644149577804583,518.9903498190591,76.02412545235224,1013.0,1.4822361801314,26384.42943305187,LacZ_2,LacZ OE,0.8766373621152934,0.10165347603793484,-23.818445268449683,70,2500
822,32.62213976499691,530.0847247990105,156.83673469387756,2179.0,1.25163036733391,51810.19047619047,LacZ_2,LacZ OE,0.6975911518105633,0.12701387031705846,-22.833789393039837,70,2500
823,31.822884012539184,533.298328108673,335.8030303030303,2353.0,1.3152680108045922,32703.42685475444,LacZ_2,LacZ OE,0.3016671021663513,0.1326341863685807,-27.8361779046627,70,2500
824,30.076414401175604,544.8398236590742,179.09698750918443,1786.0,1.3359411108325392,38384.30786186628,LacZ_2,LacZ OE,0.6483327207315195,0.1615182294415809,-26.041957744064245,70,2500
825,30.599820948970457,550.1727842435095,260.22112802148615,1387.0,1.3290646358602944,29997.95702775291,LacZ_2,LacZ OE,0.46877990310780593,0.17322932141576053,-27.46200312197775,70,2500
826,30.850280224179343,556.2329863891113,273.5516413130504,1671.0,1.3722848715036782,36207.85668534828,LacZ_2,LacZ OE,0.439216698554038,0.18738507696306694,-27.58165952887671,70,2500
827,32.19348098620978,553.99331383201,321.7191809444212,2900.0,1.370765889377628,35707.31801086502,LacZ_2,LacZ OE,0.3326059793263205,0.18161028344990604,-27.339830738956305,70,2500
828,30.98099606815203,557.8224115334207,186.98361730013107,1872.0,1.2725066740218036,39792.24442988204,LacZ_2,LacZ OE,0.630712452866341,0.19207633764248944,-25.44851349453746,70,2500
829,29.334183673469386,561.1632653061224,174.13137755102042,970.0,1.3909888582290837,28880.47831632653,LacZ_2,LacZ OE,0.6591987647910953,0.20005850375151946,-26.827877447797196,70,2500
830,30.551006711409396,574.238255033557,170.14161073825503,1819.0,1.3454023796167593,33129.08993288591,LacZ_2,LacZ OE,0.6678360904281233,0.23097054260272354,-25.64634031236931,70,2500
831,31.050663449939687,585.5072376357057,193.47346200241253,1930.0,1.294646933859855,32032.898069963812,LacZ_2,LacZ OE,0.6160832514788801,0.2573098299251879,-25.800977962671933,70,2500
832,30.109801031687546,586.0803242446573,261.4355195283714,1743.0,1.3926969674652094,32668.292557111276,LacZ_2,LacZ OE,0.46577116665776597,0.2579028125111289,-28.33143527400812,70,2500
833,31.101152368758,581.7311139564661,69.85851472471191,1952.0,1.4163641794040625,26518.483354673495,LacZ_2,LacZ OE,0.889595449743581,0.24974505283783843,-22.831930624167846,70,2500
834,30.543775649794803,590.7435020519836,240.41723666210672,1837.0,1.4121787858992436,29732.54924760602,LacZ_2,LacZ OE,0.5122032041205962,0.26914014046472823,-27.453250923385692,70,2500
835,31.171717171717173,599.953823953824,268.63059163059165,1877.0,1.6254226336053041,32808.28787878788,LacZ_2,LacZ OE,0.4496641079348651,0.29057347686125357,-27.573300872499335,70,2500
836,31.84247374562427,603.0799299883314,148.11435239206534,2046.0,1.291048971811921,41034.9049008168,LacZ_2,LacZ OE,0.7162220720499375,0.29927005728131184,-24.12393923430613,70,2500
837,30.224719101123597,611.2852203975799,378.2817631806396,1353.0,1.4138942289388494,18602.522039757994,LacZ_2,LacZ OE,0.20701776262664917,0.3160904790411545,-31.18696415742651,70,2500
838,31.882280049566294,619.6660470879801,335.3271375464684,2142.0,1.4152386416316065,30516.28066914498,LacZ_2,LacZ OE,0.30188123612978823,0.3363628296671648,-28.61058538173421,70,2500
839,31.482794577685087,619.2200208550573,27.765380604796665,2256.0,1.216250040880166,28967.532325338896,LacZ_2,LacZ OE,0.9823373265429605,0.3386383778203814,-21.835890440189548,70,2500
840,32.01185277604492,620.9931378665003,86.69058016219589,1852.0,1.2431431461451392,35173.893948845915,LacZ_2,LacZ OE,0.8519302608109112,0.3421935611155733,-22.697974390587422,70,2500
841,30.80851063829787,635.7208510638297,332.60425531914893,1708.0,1.5981304392911113,26241.099574468084,LacZ_2,LacZ OE,0.3078053386286852,0.3742375478079498,-29.77759098438252,70,2500
842,29.39754816112084,652.0823117338003,177.12959719789842,920.0,1.5176719741570073,31782.98248686515,LacZ_2,LacZ OE,0.6516827409594232,0.41448511002235433,-27.723826728360216,70,2500
843,31.305523590333717,664.1438434982739,149.25201380897585,2182.0,1.4651978332414626,42559.0333716916,LacZ_2,LacZ OE,0.7131421189627825,0.44328156586169354,-25.284586097596396,70,2500
844,28.049382716049383,695.6018518518518,154.19135802469137,528.0,1.7315378787894102,22245.91975308642,LacZ_2,LacZ OE,0.702078535563391,0.5173560482372679,-28.96256210202413,70,2500
845,29.731977818853974,706.8040665434381,474.78558225508317,695.0,1.3896469071606323,18039.024029574863,LacZ_2,LacZ OE,-0.007380186747527939,0.5403398442338916,-34.86358300124866,70,2500
846,30.0126582278481,716.2356377799416,303.6913339824732,1359.0,1.6592391756574592,17268.95228821811,LacZ_2,LacZ OE,0.37103267520195815,0.5644494231648847,-30.68681176909435,70,2500
847,30.607567567567568,718.132972972973,413.70054054054054,1332.0,1.5673046163397732,18331.62702702703,LacZ_2,LacZ OE,0.1276058203262691,0.567744901185832,-32.675119562024975,70,2500
848,29.67748917748918,725.9567099567099,196.60173160173161,682.0,1.269629498648713,21585.0670995671,LacZ_2,LacZ OE,0.6078745375981294,0.5885334232193125,-28.620561901598624,70,2500
849,31.349194167306216,787.6032233307751,273.18495778971607,1591.0,1.2423191851785096,19121.358403683807,LacZ_2,LacZ OE,0.43776356718946396,0.7331510648091282,-29.33769908192282,70,2500
850,31.131125827814568,780.5688741721855,312.0205298013245,1900.0,1.36445599088196,19125.17417218543,LacZ_2,LacZ OE,0.35192541401583854,0.7161323029069655,-30.392196189574683,70,2500
851,31.447254335260116,793.4053468208092,719.1242774566474,2341.0,1.2910569284198676,17840.44436416185,LacZ_2,LacZ OE,-0.5488669611205275,0.7420012094088089,-39.69189034743638,70,2500
852,33.14513788098694,790.066763425254,707.8722786647315,2200.0,1.2890589455470984,18621.353410740205,LacZ_2,LacZ OE,-0.5240291673381428,0.7342870718937191,-37.69959066694254,70,2500
853,31.147474747474746,798.7585858585859,380.24343434343433,1454.0,1.2909368022459005,24417.17070707071,LacZ_2,LacZ OE,0.20081632861214116,0.7582979843424096,-32.14416058703632,70,2500
854,32.423328305681245,826.885872297637,456.4781297134238,2625.0,1.336598433832262,13249.707893413775,LacZ_2,LacZ OE,0.031821194189078694,0.8238460139117427,-32.9210015278956,70,2500
855,30.37043795620438,870.2828467153284,522.6824817518249,669.0,1.2646062463555172,14825.401459854014,LacZ_2,LacZ OE,-0.11495910838676748,0.9254446492310968,-36.94107457261951,70,2500
856,31.457917261055634,72.34094151212554,426.5320970042796,963.0,1.6844665543206323,14239.242510699001,LacZ_2,LacZ OE,0.1054223325591983,-0.9556538032005085,-25.806806813135008,70,2500
857,32.289865343727854,110.805811481219,490.05811481218996,1777.0,1.2115274023093092,20782.7824238129,LacZ_2,LacZ OE,-0.03553396455213298,-0.865593984197434,-26.832280257964396,70,2500
858,36.25978868862648,127.31075201988813,441.7675574891237,2036.0,1.0623027604359545,20363.903666873834,LacZ_2,LacZ OE,0.07093628822634379,-0.8260479888141767,-21.89936302556264,70,2500
859,31.704901960784312,136.66666666666666,382.11470588235295,1397.0,1.6257560183351758,16319.941176470587,LacZ_2,LacZ OE,0.20305356134377628,-0.803436286808061,-25.15372629426714,70,2500
860,33.785854616895875,144.57367387033398,459.25933202357567,1444.0,1.4299901399440826,14461.818271119842,LacZ_2,LacZ OE,0.032199377256413975,-0.7855748641519027,-24.949135584582645,70,2500
861,33.8957345971564,150.51816745655609,687.4591890468668,2272.0,1.1926753653470354,24386.70879410216,LacZ_2,LacZ OE,-0.4727194515540569,-0.7740263704964261,-30.217095772951176,70,2500
862,32.394719025050776,147.20176032498307,485.6269465132024,1810.0,1.1919662247361031,23456.72173324306,LacZ_2,LacZ OE,-0.026088274990183402,-0.7796936169123762,-26.98020091821078,70,2500
863,30.622285174693108,159.3314447592068,697.7714825306894,1290.0,1.2251987562201119,17811.420207743155,LacZ_2,LacZ OE,-0.4954498357638565,-0.7534244283089352,-33.81610724491397,70,2500
864,31.933461909353905,161.5612343297975,481.56605593056895,1317.0,1.344864166439971,13153.996142719383,LacZ_2,LacZ OE,-0.017219297494397212,-0.745789303881532,-27.487114874325076,70,2500
865,31.801295896328295,165.72498200143988,406.91144708423326,1634.0,1.3398950839424226,18168.4845212383,LacZ_2,LacZ OE,0.14790861325219806,-0.7351610425153556,-25.919667741630406,70,2500
866,33.4128,161.6376,259.644,1588.0,1.438759864693448,21155.6536,LacZ_2,LacZ OE,0.47367051136312566,-0.7431677658652469,-20.83568684320778,70,2500
867,30.05438066465257,179.94259818731118,289.0105740181269,950.0,1.5648780752041351,23861.187311178248,LacZ_2,LacZ OE,0.40869813963353474,-0.700385637920066,-25.05667390523681,70,2500
868,32.492845786963436,184.42448330683624,567.443561208267,1657.0,1.3397339468754599,19762.434022257552,LacZ_2,LacZ OE,-0.2074596434316346,-0.6927789320092219,-29.153489134333903,70,2500
869,35.5070281124498,178.30321285140562,247.0421686746988,1512.0,1.225631982960241,24616.738955823294,LacZ_2,LacZ OE,0.5012805624179639,-0.7036727879424691,-18.611390625276258,70,2500
870,30.9125,188.0225,306.005,758.0,1.5266696908153656,22427.1,LacZ_2,LacZ OE,0.3709781676660735,-0.681491740517437,-24.674032718489567,70,2500
871,31.62889983579639,193.1904761904762,254.27093596059115,841.0,1.4257918698425216,26735.188834154353,LacZ_2,LacZ OE,0.485344470626093,-0.6687240225569975,-22.80242422083227,70,2500
872,31.390334572490705,202.11152416356876,317.97769516728624,547.0,1.6404697636392147,21254.71375464684,LacZ_2,LacZ OE,0.3443294854285115,-0.6483778685811692,-24.613274535822708,70,2500
873,30.56739409499358,206.05263157894737,277.1578947368421,1005.0,1.4510968356847302,22408.602053915278,LacZ_2,LacZ OE,0.4346411575532827,-0.6386576098233554,-24.522939286374555,70,2500
874,30.304511278195488,208.61152882205513,357.71303258145366,1033.0,1.333412285208122,15382.992481203008,LacZ_2,LacZ OE,0.2564146455401888,-0.6335016894496904,-26.688621659564138,70,2500
875,32.860594795539036,212.998760842627,660.9591078066915,1919.0,1.3558898442374039,37393.54522924411,LacZ_2,LacZ OE,-0.41464328390614047,-0.62638476165667,-31.24535752659693,70,2500
876,31.650943396226417,219.0566037735849,248.9056603773585,556.0,1.9881442486281233,22988.600628930817,LacZ_2,LacZ OE,0.4969628819684706,-0.6076529038909915,-22.908346929387193,70,2500
877,28.913214990138066,233.61932938856015,339.6390532544379,674.0,1.5624433908378197,13340.854043392505,LacZ_2,LacZ OE,0.29623037991265866,-0.5743495599361897,-27.902778610383994,70,2500
878,29.23448275862069,235.05862068965519,366.0310344827586,513.0,1.845799783061822,13015.748275862068,LacZ_2,LacZ OE,0.23781181847417554,-0.5712335868200248,-28.21092670814157,70,2500
879,30.584146341463416,241.6219512195122,249.84146341463415,1098.0,1.345061906458088,24320.44756097561,LacZ_2,LacZ OE,0.49472937754163726,-0.5544608044146304,-24.21735975216113,70,2500
880,31.994152046783626,237.51949317738791,305.9805068226121,1403.0,1.4302519760820616,46155.79922027291,LacZ_2,LacZ OE,0.3704975531792929,-0.5647144500308471,-24.076351740873804,70,2500
881,32.502626970227674,244.5814360770578,314.3572679509632,879.0,1.3320617430332928,25976.65674255692,LacZ_2,LacZ OE,0.3518707045138114,-0.5481361786497537,-23.83239552227967,70,2500
882,31.730816077953715,251.7673568818514,226.73690621193666,1030.0,1.2283397191745256,27599.707673568817,LacZ_2,LacZ OE,0.5456870858534071,-0.5302532236290582,-22.631703136545685,70,2500
883,31.834343434343435,262.1141414141414,222.07979797979797,1431.0,1.2811513368501104,27327.902020202022,LacZ_2,LacZ OE,0.5558847330984369,-0.5057945855345534,-22.52086098709427,70,2500
884,31.498507462686568,265.41492537313434,269.62388059701493,998.0,1.2237614462250168,24165.205970149254,LacZ_2,LacZ OE,0.4506864862448292,-0.4985322481884835,-23.997197272264703,70,2500
885,32.58218729535036,290.34381139489193,242.04649639816634,1843.0,1.3086351258866424,32023.836280288146,LacZ_2,LacZ OE,0.5113998290184361,-0.4394066572078601,-22.514859657031526,70,2500
886,31.138912855910267,294.9007765314927,309.56427955133734,1428.0,1.2872339827279264,22387.90250215703,LacZ_2,LacZ OE,0.36205805150676573,-0.42942324605389304,-25.576183412552364,70,2500
887,31.443243243243245,312.82252252252255,221.0927927927928,1370.0,1.2450794542702006,40311.9009009009,LacZ_2,LacZ OE,0.557597919273993,-0.38618308072723084,-23.384874264981246,70,2500
888,30.921140939597315,322.49328859060404,205.2281879194631,822.0,1.4567498570973543,24669.71979865772,LacZ_2,LacZ OE,0.5926292334739154,-0.3632117108995263,-23.631586544070636,70,2500
889,32.06666666666667,326.0942528735632,253.81494252873563,1195.0,1.2851484753199738,26299.241379310344,LacZ_2,LacZ OE,0.4850447750039073,-0.3552188096866642,-23.65427717659918,70,2500
890,32.21629213483146,330.30477528089887,165.08988764044943,1798.0,1.497661816790394,31263.018258426968,LacZ_2,LacZ OE,0.6812862774585935,-0.3443211336750329,-21.477584651608773,70,2500
891,32.87140992167102,338.5744125326371,132.69060052219322,1922.0,1.3254151517894817,36485.67689295039,LacZ_2,LacZ OE,0.752850640968654,-0.3244484536587263,-20.148300482127492,70,2500
892,32.276135544340306,348.95529920692144,225.48810382119683,1780.0,1.5085748090816984,30157.444124008653,LacZ_2,LacZ OE,0.5474813553940394,-0.3009826161391689,-23.00817198350476,70,2500
893,30.86656200941915,352.3320251177394,290.1177394034537,1520.0,1.3947376174954162,26613.944270015698,LacZ_2,LacZ OE,0.40453881917997747,-0.2937510223185851,-25.956933395343178,70,2500
894,31.470649895178198,358.15408805031444,143.26100628930817,1222.0,1.4784473751076357,31534.684486373164,LacZ_2,LacZ OE,0.7293482688221953,-0.2784110361817289,-21.98655858939195,70,2500
895,32.27906976744186,361.59302325581393,250.5174418604651,1030.0,1.5297419943866422,27973.885174418603,LacZ_2,LacZ OE,0.49198552839369025,-0.2714445296161617,-23.7123336468511,70,2500
896,30.5751503006012,366.8697394789579,325.05811623246495,688.0,1.4215202533854938,16501.364729458917,LacZ_2,LacZ OE,0.32711323619101984,-0.25984552838452035,-27.204973272889195,70,2500
897,32.454861111111114,380.03125,91.51458333333333,1794.0,1.391103060793008,30233.819444444445,LacZ_2,LacZ OE,0.8435664061614079,-0.2262238397990184,-20.010391111364115,70,2500
898,31.708931419457734,392.8078149920255,271.5709728867624,1557.0,1.3683383028453655,42257.31738437001,LacZ_2,LacZ OE,0.4451354177312654,-0.19805724592633023,-25.078430328488654,70,2500
899,31.404395604395603,399.4095238095238,305.0886446886447,1653.0,1.2302329705464672,33767.05274725275,LacZ_2,LacZ OE,0.3709348032131703,-0.1828558780474553,-26.228792206305915,70,2500
900,30.818181818181817,402.50691699604744,239.7994071146245,1342.0,1.4528449771906815,41051.20948616601,LacZ_2,LacZ OE,0.515377114213492,-0.17485487876413253,-25.323136034742056,70,2500
901,31.457757296466973,400.9546850998464,256.8778801843318,1690.0,1.5274461159366983,43299.7158218126,LacZ_2,LacZ OE,0.47757569040286296,-0.17868693051067686,-25.06670331951913,70,2500
902,31.603211009174313,410.33792048929666,128.74770642201835,1611.0,1.1929417852329853,42817.239296636086,LacZ_2,LacZ OE,0.7609448753421628,-0.15516057023313368,-22.02619467270091,70,2500
903,32.83102310231023,410.82574257425745,144.04884488448846,2144.0,1.5412266185532073,42724.73729372937,LacZ_2,LacZ OE,0.7270253792362733,-0.15414788005775604,-21.160237720579133,70,2500
904,31.606942889137738,425.5128779395297,157.27547592385218,1233.0,1.404930350488067,53243.675251959685,LacZ_2,LacZ OE,0.6976847393461314,-0.1196756541667302,-22.83593228135299,70,2500
905,30.931259044862518,436.5318379160637,173.15412445730826,1813.0,1.5747664624610724,50826.10347322721,LacZ_2,LacZ OE,0.6624840829154268,-0.09387208586432882,-23.98934460503779,70,2500
906,33.47116736990155,445.6533052039381,272.12587904360055,1930.0,1.5782765496323183,37056.34388185654,LacZ_2,LacZ OE,0.4433054021284426,-0.07337234920179037,-23.84664569757756,70,2500
907,33.04728434504792,445.9859424920128,253.20894568690096,1983.0,1.3021734315561266,46492.6357827476,LacZ_2,LacZ OE,0.485174776987527,-0.07239217877196158,-23.832667359655805,70,2500
908,30.634969325153374,457.36196319018404,195.66257668711657,1243.0,1.3036112823711217,45744.0408997955,LacZ_2,LacZ OE,0.6125015132148033,-0.04498943965329638,-25.014010085602916,70,2500
909,32.66933867735471,462.3547094188377,159.44188376753507,1249.0,1.2089576835367404,39965.62224448898,LacZ_2,LacZ OE,0.6924805448425744,-0.03277326727507335,-22.18477726468339,70,2500
910,30.399305555555557,471.44097222222223,197.00520833333334,1576.0,1.6728108007729798,40874.55815972222,LacZ_2,LacZ OE,0.6094071172534508,-0.011800153654758061,-25.41862276384285,70,2500
911,32.085024684585846,472.69391113549096,146.3960504662644,2184.0,1.4106007428834964,49845.76412506857,LacZ_2,LacZ OE,0.721272526426606,-0.008257208440702324,-22.565929673618978,70,2500
912,31.609058402860548,477.31823599523244,106.07389749702027,1108.0,1.3261670792029614,32521.183551847436,LacZ_2,LacZ OE,0.8104586899527393,0.003077129394404743,-22.147015438456357,70,2500
913,31.43886743886744,482.17631917631917,198.25096525096524,1007.0,1.3992220355712222,43983.14929214929,LacZ_2,LacZ OE,0.6064934834241256,0.013532344430781773,-24.513450244496752,70,2500
914,31.43409490333919,493.88752196836555,223.38488576449913,1432.0,1.531778925591336,46869.579964850614,LacZ_2,LacZ OE,0.5507756471263161,0.04088366406394406,-25.218690620909044,70,2500
915,31.39547169811321,498.70566037735847,238.3245283018868,1626.0,1.4118295540590158,41948.47547169811,LacZ_2,LacZ OE,0.5176794600614063,0.05208561230165176,-25.65269785362169,70,2500
916,33.06662870159453,493.08371298405467,279.70899772209566,2275.0,1.3226565264911285,37836.7055808656,LacZ_2,LacZ OE,0.42609097174070665,0.03841386572898253,-24.89180834329875,70,2500
917,31.28498985801217,502.8346855983773,155.2261663286004,1280.0,1.3374782331201565,48556.80628803246,LacZ_2,LacZ OE,0.7014870374746396,0.06272407265398194,-23.86639825839404,70,2500
918,32.499688084840926,513.930754834685,195.45539613225202,1986.0,1.345242737785817,51265.75545851528,LacZ_2,LacZ OE,0.6123161716769414,0.0884884995141828,-23.69843269982656,70,2500
919,31.095846645367413,515.7827476038339,150.9632587859425,1589.0,1.2949944844397978,41511.015974440896,LacZ_2,LacZ OE,0.7108025370616753,0.09330758428344099,-24.082769077145,70,2500
920,32.197565024903156,513.5666851134476,318.23796347537353,2238.0,1.4536472986527031,30539.66961815163,LacZ_2,LacZ OE,0.3406985436996737,0.08629077275106334,-26.859129055952067,70,2500
921,31.009756097560974,517.2406504065041,92.45853658536585,842.0,1.3447456635764754,30281.661788617886,LacZ_2,LacZ OE,0.8402252086520403,0.09737920441735892,-22.819267889591554,70,2500
922,30.11064718162839,532.7014613778706,107.78288100208768,815.0,1.6562792263465065,31036.534446764093,LacZ_2,LacZ OE,0.8062194325767957,0.13366101850201306,-24.22656397075318,70,2500
923,31.3131221719457,541.8968325791856,164.67420814479638,1341.0,1.2820383867316658,36992.439819004525,LacZ_2,LacZ OE,0.6802053665729102,0.1547610774902093,-24.440640984095907,70,2500
924,31.187874750166557,546.2338441039307,196.59826782145237,1745.0,1.28801214085151,39646.42438374417,LacZ_2,LacZ OE,0.6095430089343572,0.16464191323827304,-25.35246843480753,70,2500
925,32.712859659424545,546.3552554315913,122.63534938344098,2076.0,1.4138552100195336,49914.770992366415,LacZ_2,LacZ OE,0.7730941282467689,0.1657655341375306,-22.104980776634047,70,2500
926,31.117484450587423,557.4830684174153,161.25846579129234,1731.0,1.3068552727979117,37535.55425017277,LacZ_2,LacZ OE,0.6876214594257395,0.19155811172828718,-24.709060336087568,70,2500
927,33.02730819245774,566.4362808842653,258.8146944083225,2052.0,1.3167849513479652,31646.971391417424,LacZ_2,LacZ OE,0.4716085962548622,0.21166194595012966,-25.161600839507713,70,2500
928,31.837193460490465,574.5238419618529,329.74455040871936,1766.0,1.3392803640169926,28672.2636239782,LacZ_2,LacZ OE,0.3146709102361289,0.22994200462831538,-28.083923416552764,70,2500
929,31.97309881013968,586.2069322296948,137.25142265907914,2335.0,1.3033840668891499,39825.0362131402,LacZ_2,LacZ OE,0.7404110642110202,0.25959126504225494,-23.575068642946757,70,2500
930,31.68185104844541,589.9746926970354,221.68474331164137,1855.0,1.5134297384348345,36481.425885755605,LacZ_2,LacZ OE,0.5535944637742913,0.26755590125711515,-25.871338204695075,70,2500
931,31.543673469387755,594.090612244898,64.18612244897959,1651.0,1.4763525606629355,26979.617959183674,LacZ_2,LacZ OE,0.902002256230904,0.2789699859779764,-22.378224448649227,70,2500
932,31.32370251471375,593.3734617442483,33.4788657035848,2218.0,1.4590334191209857,25509.98608881755,LacZ_2,LacZ OE,0.9699554512823494,0.2776065104253791,-21.875281102715892,70,2500
933,31.621805792163542,605.1047700170358,290.38926746166953,1660.0,1.3714566379530584,32248.03066439523,LacZ_2,LacZ OE,0.4014534233203517,0.30249762072808895,-27.680969201901476,70,2500
934,31.10126582278481,602.926582278481,163.87088607594936,1880.0,1.3727146503836254,40039.66075949367,LacZ_2,LacZ OE,0.6814030570199596,0.29872048053746747,-25.23071673483699,70,2500
935,30.355108877721943,604.6013400335008,74.20770519262982,821.0,1.57578233467246,22632.018425460636,LacZ_2,LacZ OE,0.8797908447430367,0.3036265832755476,-23.90284560243021,70,2500
936,32.46903914590747,605.8960854092527,177.31316725978647,1762.0,1.2749009255351802,36769.169395017794,LacZ_2,LacZ OE,0.6515647402068323,0.3056102629466104,-24.205787397341695,70,2500
937,33.82482152663372,620.0834706205382,181.39044481054367,2458.0,1.4573509730970409,38062.79626578803,LacZ_2,LacZ OE,0.6423370775057395,0.3390618465789461,-23.08427111215503,70,2500
938,31.32930513595166,628.8670694864048,363.7938066465257,1553.0,1.4544406953763243,24489.72658610272,LacZ_2,LacZ OE,0.23884284729905403,0.3577445235737049,-29.916988467120266,70,2500
939,35.63898500576701,630.3627450980392,20.735870818915803,2261.0,1.2865471416824241,34958.61937716263,LacZ_2,LacZ OE,0.9975663740251139,0.36509271501946783,-17.626162677290285,70,2500
940,31.152631578947368,639.2460526315789,276.2368421052632,1105.0,1.5172999196788406,22671.790789473685,LacZ_2,LacZ OE,0.43245731969101664,0.3831720966479475,-28.15406244943991,70,2500
941,29.534278959810873,649.3723404255319,280.6690307328605,1219.0,1.3983646272081587,20843.994089834516,LacZ_2,LacZ OE,0.4226374801599766,0.4069727139525674,-29.974277044241383,70,2500
942,31.79050279329609,652.213687150838,155.29189944134077,957.0,1.4757514547102646,30792.46648044693,LacZ_2,LacZ OE,0.6998702014741678,0.4150865410137703,-24.823855152506734,70,2500
943,30.136798905608757,658.84268125855,213.6593707250342,1073.0,1.4536147413321483,23101.2585499316,LacZ_2,LacZ OE,0.5707628517822803,0.4300518729841567,-27.902503975760915,70,2500
944,34.71355643788996,655.3970504821327,203.56040839478163,2682.0,1.3989186317132205,34998.365853658535,LacZ_2,LacZ OE,0.5929019814459335,0.42213844639222997,-23.05808212057845,70,2500
945,32.15588914549654,684.7869515011547,144.8660508083141,2097.0,1.203656830096614,35601.3435334873,LacZ_2,LacZ OE,0.7226016814106289,0.49204103494562035,-24.534187334973385,70,2500
946,31.676288659793816,690.1237113402062,253.75876288659794,916.0,1.4828199418142,23307.81855670103,LacZ_2,LacZ OE,0.4816671491425526,0.5034369293080541,-27.604280117382146,70,2500
947,29.8,693.8947368421053,385.2736842105263,701.0,1.5738708708293476,19921.786842105263,LacZ_2,LacZ OE,0.19077193727580255,0.510862293246918,-32.58265309532347,70,2500
948,30.356401384083046,702.4636678200692,299.5484429065744,734.0,1.4021031573375313,19512.534602076124,LacZ_2,LacZ OE,0.3803136400084741,0.5320172210275431,-30.11187989057214,70,2500
949,32.10650887573964,703.061143984221,165.0009861932939,1344.0,1.4029901293624034,28478.39546351085,LacZ_2,LacZ OE,0.6778821057422104,0.5349261945551014,-25.23168932312566,70,2500
950,30.07070707070707,752.7878787878788,236.41414141414143,547.0,1.5770141072376207,21134.902356902356,LacZ_2,LacZ OE,0.5195160348999293,0.6513991980424445,-29.41802354263855,70,2500
951,30.81566820276498,760.1751152073733,204.2442396313364,727.0,1.7858736153680792,21832.841013824884,LacZ_2,LacZ OE,0.5905768141263972,0.66919005433553,-27.995640088281085,70,2500
952,31.987982832618027,766.9107296137339,351.6763948497854,1608.0,1.3498705623177851,20427.168240343348,LacZ_2,LacZ OE,0.2642810247221239,0.6835051295358787,-30.326437464639298,70,2500
953,28.797333333333334,773.7386666666666,257.048,526.0,1.5822254598465393,12212.378666666667,LacZ_2,LacZ OE,0.4737300354330294,0.700564492250769,-31.376941750798082,70,2500
954,31.71875,796.5615808823529,284.54503676470586,1346.0,1.3464668226485126,19043.429227941175,LacZ_2,LacZ OE,0.41252543711138956,0.754167016607654,-29.320714185589004,70,2500
955,32.889078498293514,140.1868600682594,316.1399317406143,1501.0,1.2805637626706197,20374.75085324232,LacZ_2,LacZ OE,0.34891692087642734,-0.7943901432410476,-22.466400800671373,70,2500
956,36.1580310880829,151.33290155440415,441.2240932642487,3027.0,1.4573225450206229,15508.004533678757,LacZ_2,LacZ OE,0.07191145374618202,-0.7693815399341556,-22.22341199577117,70,2500
957,33.799347471451874,152.21696574225123,347.68515497553017,1519.0,1.203586110613041,16073.832789559543,LacZ_2,LacZ OE,0.2789647257851777,-0.7663352701791893,-22.409468065065003,70,2500
958,32.47107438016529,180.9467401285583,436.9439853076217,1294.0,1.3923672970342844,15954.483930211203,LacZ_2,LacZ OE,0.08128454079162806,-0.6995668543880064,-26.09910767880614,70,2500
959,31.85954583683768,196.19848612279227,443.8317914213625,1438.0,1.2963995619245716,20267.363330529857,LacZ_2,LacZ OE,0.06593041401190791,-0.6636800845274049,-27.02020279035121,70,2500
960,31.493949394939495,199.46204620462046,351.13861386138615,1226.0,1.5135851077899902,17505.79317931793,LacZ_2,LacZ OE,0.27098654313606874,-0.6549847923792858,-25.256801577527646,70,2500
961,32.48668639053255,194.57544378698225,294.31804733727813,897.0,1.2838872003105255,24816.21153846154,LacZ_2,LacZ OE,0.39668891697855746,-0.6658720836533079,-22.892013548336738,70,2500
962,33.13880742913001,214.9403714565005,286.7644183773216,1396.0,1.5272895110937266,29214.069403714566,LacZ_2,LacZ OE,0.41316937054485803,-0.6177389393305567,-22.26323201681129,70,2500
963,31.866331658291458,227.4391959798995,376.4793969849246,1200.0,1.341454683361619,18197.91959798995,LacZ_2,LacZ OE,0.21463418587377903,-0.5892593775889152,-25.748948946944456,70,2500
964,33.30992366412214,230.06106870229007,203.0030534351145,940.0,1.4345298639269506,21782.088549618322,LacZ_2,LacZ OE,0.5983228341493008,-0.5811599625842869,-20.287493086862103,70,2500
965,33.46621621621622,255.17997542997543,181.01965601965603,2011.0,1.4101418491119704,29003.078624078626,LacZ_2,LacZ OE,0.6467064695526263,-0.5216680156370874,-19.864508760169766,70,2500
966,33.2710843373494,262.71084337349396,836.8423694779117,1330.0,1.1990662715475406,18778.2359437751,LacZ_2,LacZ OE,-0.8042590253235016,-0.5110238722466462,-35.42138146323531,70,2500
967,31.910505836575876,267.09027237354087,250.768093385214,1503.0,1.336821867562547,42509.10038910506,LacZ_2,LacZ OE,0.49236439236491547,-0.49436650723548525,-23.162164932148293,70,2500
968,33.84846547314578,264.00255754475705,681.8177749360614,1961.0,1.2930758486057705,38607.916240409206,LacZ_2,LacZ OE,-0.46133427769429547,-0.5062819615577417,-31.242983330635084,70,2500
969,32.161654135338345,269.6390977443609,340.99624060150376,503.0,1.7167060739920543,13208.774436090225,LacZ_2,LacZ OE,0.29271142668364636,-0.4893275521560415,-25.039373166972197,70,2500
970,30.739864864864863,281.34797297297297,201.8277027027027,564.0,1.5037516013128844,27944.429054054053,LacZ_2,LacZ OE,0.6005597243002836,-0.4602315505912409,-23.33103727379667,70,2500
971,34.75757575757576,280.44781144781143,229.4949494949495,1509.0,1.1745878630513895,37199.72138047138,LacZ_2,LacZ OE,0.5391514304681913,-0.4625632734938956,-19.950766545066315,70,2500
972,32.47145488029466,286.6206261510129,297.5534069981584,1409.0,1.4433200370356079,28373.35635359116,LacZ_2,LacZ OE,0.38864142529950785,-0.4487935416647272,-23.88307801100498,70,2500
973,32.70367800138793,300.72727272727275,191.8029146426093,1739.0,1.3492379319435495,34281.54892435808,LacZ_2,LacZ OE,0.6224489645133315,-0.4143665280549963,-21.323734993061517,70,2500
974,33.76329331046312,300.60548885077185,168.967409948542,1481.0,1.258328566350507,28267.111492281303,LacZ_2,LacZ OE,0.6729152745864166,-0.414381856418399,-19.73093984546588,70,2500
975,32.070754716981135,310.92216981132077,176.74764150943398,599.0,1.3128467217315893,26273.46462264151,LacZ_2,LacZ OE,0.6556904183980121,-0.39017016079460254,-21.705226701754025,70,2500
976,33.56936226166995,331.29783037475346,194.88823142669295,1908.0,1.3862130080728583,32124.748849441155,LacZ_2,LacZ OE,0.6152826743566182,-0.34227113288049493,-20.829301948430704,70,2500
977,33.5030487804878,327.8269817073171,329.0541158536585,2193.0,1.5833622190406365,20342.098323170732,LacZ_2,LacZ OE,0.3184991519245619,-0.35191517065143374,-23.989233380867326,70,2500
978,33.885389326334206,335.33245844269464,100.91951006124235,1509.0,1.3461919705509662,23911.722659667543,LacZ_2,LacZ OE,0.8231180506156424,-0.33172766487268857,-18.362303240867785,70,2500
979,35.006501950585175,342.7886866059818,207.4928478543563,2085.0,1.3255395066564288,32449.76788036411,LacZ_2,LacZ OE,0.5872115249718617,-0.3152707137614261,-19.798860051344313,70,2500
980,32.75604229607251,350.1774924471299,241.63519637462235,1661.0,1.5312486584708713,30553.401812688822,LacZ_2,LacZ OE,0.5117218707345539,-0.2982639602320999,-22.916785561888318,70,2500
981,32.40138067061144,371.2100591715976,141.92110453648914,1322.0,1.2456264608071852,42521.94280078896,LacZ_2,LacZ OE,0.7321381627816801,-0.24757913753425353,-21.152608248771166,70,2500
982,31.622252747252748,368.8873626373626,222.94848901098902,1769.0,1.3732113627258327,45672.72664835165,LacZ_2,LacZ OE,0.5529407931124746,-0.2539547132680753,-23.797626051805718,70,2500
983,32.17812758906379,370.88235294117646,296.2560066280033,1698.0,1.6607549808473179,30352.522783761393,LacZ_2,LacZ OE,0.3907116194747806,-0.2500316024019277,-24.97034407720156,70,2500
984,32.638376383763834,371.9160516605166,273.9326568265683,1500.0,1.5366681862302571,38852.02121771218,LacZ_2,LacZ OE,0.4400646668232788,-0.24734064501999597,-23.999966241360394,70,2500
985,34.65556343019136,371.4138908575478,128.56343019135366,1815.0,1.3920505886723689,36030.74840538625,LacZ_2,LacZ OE,0.7615714008936061,-0.24690196635603945,-18.589754048336054,70,2500
986,33.29793510324484,385.3045722713864,204.35029498525074,1663.0,1.2572693300154396,47561.37684365782,LacZ_2,LacZ OE,0.5938408716975734,-0.2149901631611365,-21.849528354720597,70,2500
987,32.96986518636003,390.74147501982554,217.72640761300556,1687.0,1.3016831030646696,47743.55670103093,LacZ_2,LacZ OE,0.5642127171423585,-0.20231833322866433,-22.542494708868833,70,2500
988,33.098625707356504,391.15278900565886,242.1366208569119,1603.0,1.4530148544366759,50662.38075990299,LacZ_2,LacZ OE,0.5101983954657483,-0.20161002304526676,-22.98683475507772,70,2500
989,32.49791086350975,397.08356545961004,142.60863509749305,1709.0,1.3629244605974673,41882.81685236769,LacZ_2,LacZ OE,0.7303617888015213,-0.18655458074006515,-21.32523958762251,70,2500
990,32.45454545454545,400.98823529411766,225.08021390374333,1186.0,1.3103751381318989,43631.24064171123,LacZ_2,LacZ OE,0.547871091850737,-0.17824006414144178,-23.329314402428047,70,2500
991,33.20836621941594,402.69928966061565,90.72138910812944,1649.0,1.6178276740945678,34012.12470402526,LacZ_2,LacZ OE,0.845062957433997,-0.17272919923667174,-19.460382809551877,70,2500
992,32.48223645894001,411.0267909143856,312.77344205008734,2169.0,1.3580374622850517,33124.25567850903,LacZ_2,LacZ OE,0.3537653124427076,-0.1555121110798907,-25.444083121768053,70,2500
993,33.243744207599626,407.41334569045415,168.79518072289156,1566.0,1.4052536132510949,51733.843373493975,LacZ_2,LacZ OE,0.6722897594839485,-0.16245601240414742,-21.29113858740336,70,2500
994,31.879885057471263,437.4212643678161,111.04655172413793,2005.0,1.272456647078814,53366.42816091954,LacZ_2,LacZ OE,0.7998295062984817,-0.09107866557166899,-21.60190910870856,70,2500
995,32.42796610169491,435.2389830508475,286.53389830508473,1478.0,1.2511921918761224,30274.000847457628,LacZ_2,LacZ OE,0.41158464536557693,-0.09811753284118807,-25.123507965584256,70,2500
996,32.3900481540931,439.90208667736755,230.1573033707865,1491.0,1.3065123227329107,44436.01284109149,LacZ_2,LacZ OE,0.536265675227469,-0.08650754950184636,-23.892813520394036,70,2500
997,32.70121561100448,460.6928982725528,249.4971209213052,2006.0,1.4041282782017912,47327.8701215611,LacZ_2,LacZ OE,0.4932621869020044,-0.03766939139787395,-24.235966140135535,70,2500
998,32.240887480190175,465.83676703645006,79.80665610142631,843.0,1.4804753665960588,28713.332805071317,LacZ_2,LacZ OE,0.8686491857423331,-0.02370568919716287,-20.79074699104278,70,2500
999,33.87384356602187,467.3986543313709,234.06307821698906,1589.0,1.3250717838175796,37382.928511354075,LacZ_2,LacZ OE,0.5272820483848255,-0.021657799389455223,-22.769522078647668,70,2500
1000,32.27777777777778,492.33215130023643,263.2411347517731,1176.0,1.4369994490016156,38514.716312056735,LacZ_2,LacZ OE,0.4625715235047638,0.03680175159963084,-25.289166471290287,70,2500
1001,33.7677859988617,494.26636311895277,129.31587933978372,2150.0,1.300495300055963,56127.20717131474,LacZ_2,LacZ OE,0.7587639781417341,0.04285109743007176,-20.69657281705661,70,2500
1002,33.8,501.35714285714283,169.11666666666667,2000.0,1.2254523099652483,52712.975,LacZ_2,LacZ OE,0.670640840395935,0.05914559610223824,-21.66154486910156,70,2500
1003,32.88556338028169,500.67781690140845,253.74207746478874,1401.0,1.183208601983589,38519.64700704225,LacZ_2,LacZ OE,0.48347450693640015,0.05660423987052532,-24.54177909520447,70,2500
1004,31.854098360655737,517.5418032786886,165.3311475409836,1457.0,1.314731057944857,42688.06803278688,LacZ_2,LacZ OE,0.6789596756051126,0.09731823543523199,-23.67690272422619,70,2500
1005,32.673281360737064,534.7377746279235,261.70375620127567,1726.0,1.3248618621900783,25374.231750531537,LacZ_2,LacZ OE,0.46554199946533537,0.13685283671872428,-25.272777030932733,70,2500
1006,33.75513307984791,537.3908745247148,188.1596958174905,1717.0,1.3397147741129423,46799.0577946768,LacZ_2,LacZ OE,0.6281648704319052,0.1439334841187383,-22.502810927996467,70,2500
1007,31.86285195277021,542.7220708446866,136.4850136239782,1352.0,1.336507997186324,43871.31789282471,LacZ_2,LacZ OE,0.7425330480793444,0.15702600471538952,-23.242030584257616,70,2500
1008,31.59083044982699,544.5380622837371,150.63235294117646,1426.0,1.3478312622772946,36176.69982698962,LacZ_2,LacZ OE,0.7112308145619202,0.16114982750381102,-23.8615238183362,70,2500
1009,33.256227758007114,554.9270462633452,291.8944246737841,2346.0,1.3916787660671144,32024.771648873073,LacZ_2,LacZ OE,0.3985245148389793,0.18416057991120205,-25.59130143485617,70,2500
1010,33.63953488372093,561.9075304540421,118.16112956810632,2348.0,1.1780463486323474,41798.7707641196,LacZ_2,LacZ OE,0.7827942560684882,0.20251956684230188,-21.226439095154603,70,2500
1011,32.64508534432019,559.8975868157739,228.38552089464392,2031.0,1.3410487286623793,30988.663919952913,LacZ_2,LacZ OE,0.5390112876209483,0.1965600307480686,-24.77039172554597,70,2500
1012,32.1336032388664,559.4526315789474,147.41052631578947,1505.0,1.2620891855664973,32123.822672064776,LacZ_2,LacZ OE,0.7181862345838395,0.1963773038357488,-23.38971863634753,70,2500
1013,32.49270326615705,577.3370396108409,101.9041000694927,1730.0,1.304713325396763,38748.883947185546,LacZ_2,LacZ OE,0.8186703178168642,0.23906451874520318,-22.144867032423168,70,2500
1014,31.966257668711656,584.2638036809816,178.86196319018404,1175.0,1.525866535115397,28115.23619631902,LacZ_2,LacZ OE,0.6483735615544968,0.25455626976221524,-24.532898455821798,70,2500
1015,33.87722586691659,594.6691658856607,350.98031865042174,1345.0,1.2945953100764518,27429.78444236176,LacZ_2,LacZ OE,0.2673898255215119,0.27727650033846873,-26.73664649826962,70,2500
1016,32.69702842377261,602.076873385013,338.4328165374677,1889.0,1.3838545797751822,36546.355943152455,LacZ_2,LacZ OE,0.2951384897802778,0.2948588105600869,-27.69643182856779,70,2500
1017,33.21419676214197,607.7054794520548,20.09277708592777,1897.0,1.2568284075973586,23609.869863013697,LacZ_2,LacZ OE,0.9993336539526896,0.3116009169806093,-19.81354349631335,70,2500
1018,32.47993705743509,620.5688434303698,353.2045633359559,1630.0,1.4027302140510973,29238.049567269867,LacZ_2,LacZ OE,0.2622906707856738,0.3383120154249446,-28.43869834820879,70,2500
1019,31.877685950413223,654.8314049586777,230.90578512396695,895.0,1.3977452792274507,19941.487603305784,LacZ_2,LacZ OE,0.5325567566083504,0.4204428052519025,-26.524971422566612,70,2500
1020,33.54679802955665,650.1514778325123,190.10960591133005,1324.0,1.6088920378017098,32126.156403940888,LacZ_2,LacZ OE,0.6227707826746731,0.40988460662070647,-23.859596863961972,70,2500
1021,35.06981132075472,666.8858490566038,257.86509433962266,4218.0,1.9997296836533753,25066.972641509434,LacZ_2,LacZ OE,0.4726319911652763,0.44865693178973265,-24.080245684183502,70,2500
1022,34.991878172588834,659.6517766497462,131.71522842639595,2406.0,1.135820596908481,43703.93756345178,LacZ_2,LacZ OE,0.7517923849228616,0.4329601970381305,-21.146660087245845,70,2500
1023,32.210473313192345,680.4864048338369,213.1460221550856,1339.0,1.260480208047093,24638.554884189325,LacZ_2,LacZ OE,0.5715819684670038,0.4811574828383356,-26.029251694293542,70,2500
1024,34.307963354474985,686.5940803382664,383.522903453136,1764.0,1.239497274090318,27737.183932346725,LacZ_2,LacZ OE,0.1944829062980693,0.4937635834394922,-27.963899913091158,70,2500
1025,32.763888888888886,721.725,166.0611111111111,518.0,1.530750332639133,21771.969444444443,LacZ_2,LacZ OE,0.675322194993359,0.578953560717822,-24.781808545117595,70,2500
1026,31.599571734475376,738.4710920770877,433.23661670235543,1170.0,1.74506056034677,19247.62419700214,LacZ_2,LacZ OE,0.08413733291513914,0.6155286724218214,-32.33779974122414,70,2500
1027,32.561771561771565,750.1888111888112,403.82983682983684,902.0,1.5466154904041651,12827.750582750583,LacZ_2,LacZ OE,0.14903202104676327,0.6435091505625659,-30.805021459713785,70,2500
1028,31.722998729351968,753.010165184244,299.17916137229986,960.0,1.4428864245323905,16186.48538754765,LacZ_2,LacZ OE,0.38057093320840396,0.6512803026230729,-29.23157379738394,70,2500
1029,33.177083333333336,755.4114583333334,373.0709635416667,1898.0,1.4230184732258886,28046.173177083332,LacZ_2,LacZ OE,0.21699876952854735,0.6561759570712535,-29.523964208203353,70,2500
1030,31.51051051051051,789.2372372372372,328.6801801801802,855.0,1.3935499209225832,15413.13063063063,LacZ_2,LacZ OE,0.3149651287758495,0.7364069518160243,-30.486089093014964,70,2500
1031,32.206896551724135,791.9297082228117,373.17506631299733,1086.0,1.682852692104015,20396.67904509284,LacZ_2,LacZ OE,0.2164652771654736,0.7422910600899382,-30.853501565280347,70,2500
1032,32.27485380116959,805.4736842105264,370.1637426900585,1509.0,1.23003424922192,24841.314118629907,LacZ_2,LacZ OE,0.22299279419831097,0.774272490287184,-30.847859676259773,70,2500
1033,33.39398084815321,92.56224350205198,465.2270861833105,1026.0,1.3100181767002936,14190.243502051984,LacZ_2,LacZ OE,0.019520156196645377,-0.9083318811655059,-24.971207293893606,70,2500
1034,34.339596381350034,122.37299930410578,323.3716075156576,1796.0,1.136263244775589,17835.006263048017,LacZ_2,LacZ OE,0.33301538235084815,-0.8364543980626162,-21.01066565758039,70,2500
1035,35.23743315508021,150.88663101604277,471.3283422459893,1200.0,1.2282493378792645,13930.774331550801,LacZ_2,LacZ OE,0.005362522237406964,-0.7707818100027101,-23.84112177151346,70,2500
1036,34.02664576802508,155.58307210031347,762.9764890282132,1577.0,1.455310072582752,19013.901253918495,LacZ_2,LacZ OE,-0.6398451532999561,-0.7628956939520105,-31.896185668538727,70,2500
1037,33.9370188943317,173.69069279216234,541.6955913226033,1697.0,1.2903526228701703,17350.954513645906,LacZ_2,LacZ OE,-0.15046717177541336,-0.7177852332419463,-27.004555268816766,70,2500
1038,34.04558139534884,191.67906976744186,235.36,1364.0,1.2947603764454891,25652.549767441862,LacZ_2,LacZ OE,0.5270716075098825,-0.6720287572003552,-19.930889914930958,70,2500
1039,31.459349593495936,211.59959349593495,371.0609756097561,611.0,1.4413925749670846,13870.788617886179,LacZ_2,LacZ OE,0.22679586250268824,-0.6265719620743306,-25.87454169660131,70,2500
1040,32.624489795918365,214.42244897959185,330.6204081632653,672.0,1.4872665261557416,15169.430612244898,LacZ_2,LacZ OE,0.3161766101081418,-0.61944813834964,-23.794662500688172,70,2500
1041,35.11741935483871,240.18903225806451,793.1709677419354,1959.0,1.2563220105472372,31369.857419354837,LacZ_2,LacZ OE,-0.7075205640862237,-0.5636318439810757,-32.337279852374095,70,2500
1042,33.340839303991814,268.24257932446267,207.01228249744113,1233.0,1.2904824223683513,29968.950870010234,LacZ_2,LacZ OE,0.5890820419422986,-0.49114111254258197,-20.723552452537138,70,2500
1043,32.547504025764894,274.9710144927536,262.7713365539453,841.0,1.3380978063945417,24901.83735909823,LacZ_2,LacZ OE,0.46569996830491767,-0.47589328145709364,-22.882274603494427,70,2500
1044,34.135332845647405,275.9070958302853,195.4476956839795,1604.0,1.2877466395822,30769.840526700806,LacZ_2,LacZ OE,0.6145516191624945,-0.4729186313012568,-19.734703232328247,70,2500
1045,35.95235602094241,278.7041884816754,802.8277486910995,2767.0,1.5730398594875876,35543.75497382199,LacZ_2,LacZ OE,-0.7293004433603907,-0.4728689142426443,-32.104491236339925,70,2500
1046,33.93231649189705,290.2688274547188,212.91515729265967,1377.0,1.354747858178814,29399.24690181125,LacZ_2,LacZ OE,0.5757791967003341,-0.43923665928717903,-20.48533668549961,70,2500
1047,33.43860801050558,304.00787918581744,269.4832567301379,1877.0,1.5101996841471335,38043.906762967825,LacZ_2,LacZ OE,0.45052392411578146,-0.4074542895964378,-22.431967991828863,70,2500
1048,34.16139240506329,302.49129746835445,236.96360759493672,1569.0,1.3673980528667269,33035.873417721516,LacZ_2,LacZ OE,0.5224457565455043,-0.41066225991959104,-20.936500931520705,70,2500
1049,32.94103773584906,309.2606132075472,202.6816037735849,1147.0,1.3142453195881323,27153.622641509435,LacZ_2,LacZ OE,0.5982867769341689,-0.39435089169209137,-21.423524420718667,70,2500
1050,34.448534936138245,302.68670172802405,252.64838467317807,1753.0,1.3439478118240011,32681.84748309542,LacZ_2,LacZ OE,0.48772896811118693,-0.4103649543682597,-21.016995511716345,70,2500
1051,33.15674891146589,320.7910014513788,172.09143686502176,964.0,1.2212555990970868,28468.24092888244,LacZ_2,LacZ OE,0.6658399132499824,-0.3668164879565158,-20.607577285847555,70,2500
1052,33.199021207177815,322.9510603588907,102.16802610114192,860.0,1.371622450504168,15888.504078303426,LacZ_2,LacZ OE,0.820511176613512,-0.36096182672314747,-18.956437600007973,70,2500
1053,36.27777777777778,314.24152542372883,304.4717514124294,2761.0,1.476468040076399,25858.199623352164,LacZ_2,LacZ OE,0.3728717306418896,-0.3836301841423312,-20.509444796493035,70,2500
1054,33.62508759635599,325.70918009810794,266.1499649614576,1774.0,1.5446228409293044,33632.34127540294,LacZ_2,LacZ OE,0.4576786939282116,-0.3562253563399037,-22.380133837084536,70,2500
1055,32.670103092783506,334.9779086892489,302.7216494845361,1082.0,1.7883046624171788,26592.718703976436,LacZ_2,LacZ OE,0.37672937890840674,-0.33478106752877657,-24.27801946100111,70,2500
1056,34.88608414239482,348.3702265372168,84.86084142394822,1822.0,1.159583156270751,31500.388349514564,LacZ_2,LacZ OE,0.8584674190513835,-0.30077742168931887,-17.11511835751261,70,2500
1057,33.668508287292816,354.15285451197053,166.7329650092081,1373.0,1.4339199058385996,38977.97605893186,LacZ_2,LacZ OE,0.6773454387118985,-0.2880535242691078,-20.297425023282116,70,2500
1058,31.732919254658384,360.2888198757764,308.20186335403724,557.0,1.8208610510211678,17913.89751552795,LacZ_2,LacZ OE,0.36440883031261273,-0.27515914100797345,-25.59025502218648,70,2500
1059,34.52205882352941,358.96813725490193,232.61519607843138,1052.0,1.328793022019966,29846.700980392157,LacZ_2,LacZ OE,0.5315008501471843,-0.27739062192558417,-21.027057858777937,70,2500
1060,33.26452119309262,367.97802197802196,77.29356357927786,1929.0,1.5367830646533351,27648.418367346938,LacZ_2,LacZ OE,0.8751029068376834,-0.2544819401454711,-18.751569427377262,70,2500
1061,34.96266968325792,375.6962669683258,260.2811085972851,2320.0,1.4843886690872532,38871.07805429864,LacZ_2,LacZ OE,0.4701098277047373,-0.23822279631055088,-21.395158697212782,70,2500
1062,33.15909090909091,381.69565217391306,182.70256916996047,1282.0,1.3465828460309228,45687.41205533597,LacZ_2,LacZ OE,0.6417750913089062,-0.22327111118300424,-21.448386093264812,70,2500
1063,38.43234200743495,380.231970260223,75.25799256505576,3612.0,1.4906523250366108,26791.6687732342,LacZ_2,LacZ OE,0.879220628236234,-0.2254375591750961,-13.657820586898247,70,2500
1064,33.192173913043476,407.2721739130435,295.07217391304346,1457.0,1.3560863648588195,35356.712173913045,LacZ_2,LacZ OE,0.39292616785131185,-0.16416016408724377,-24.2850026152452,70,2500
1065,33.969380134428675,419.72218073188947,303.2397311426438,1690.0,1.368211339534446,29839.222554144882,LacZ_2,LacZ OE,0.3746961291529438,-0.13486425104021726,-23.820232019761225,70,2500
1066,34.382409177820264,421.6070745697897,128.87571701720842,1466.0,1.4139319245614501,47626.851816443595,LacZ_2,LacZ OE,0.7604090003681079,-0.12851710042089315,-19.36110754100016,70,2500
1067,33.906898485698264,430.80201906898486,311.75210319685925,2174.0,1.389252729605061,36082.30398205272,LacZ_2,LacZ OE,0.3557598979720924,-0.10882316878560794,-24.189515581463436,70,2500
1068,34.508389261744966,442.0838926174497,301.03859060402687,1605.0,1.4309502428295888,34350.473154362415,LacZ_2,LacZ OE,0.3793215859379748,-0.0820817909920164,-23.44883336816102,70,2500
1069,33.274924471299094,461.37260825780464,218.88016112789526,1280.0,1.4639766291211138,38555.556898288014,LacZ_2,LacZ OE,0.5609610789390707,-0.0357208465352431,-22.955366154583974,70,2500
1070,33.7294776119403,462.4925373134328,205.43936567164178,1323.0,1.3855669752754978,50055.33955223881,LacZ_2,LacZ OE,0.5906623575019943,-0.032922988127979225,-22.19859030278906,70,2500
1071,33.336238198983295,474.5301379811184,284.50835148874364,1762.0,1.396401111911189,38946.75381263617,LacZ_2,LacZ OE,0.4156387469556211,-0.005395779806926404,-24.55266723557847,70,2500
1072,33.06368563685637,475.99322493224935,92.48238482384824,1023.0,1.514108016147691,31058.58401084011,LacZ_2,LacZ OE,0.8404653740300125,0.00013238667814108318,-20.3630544673503,70,2500
1073,33.637883008356546,488.95208913649026,248.3883008356546,2099.0,1.3327258110254352,40227.506406685236,LacZ_2,LacZ OE,0.49539344729606105,0.02902112943478019,-23.55019094729288,70,2500
1074,34.20222376650452,486.18207088255735,116.07088255733149,1854.0,1.3249421649523911,45584.49617790132,LacZ_2,LacZ OE,0.788122176648155,0.023935673811171787,-19.874431440065646,70,2500
1075,33.90136789056876,488.3290136789057,185.6695464362851,1783.0,1.3955126754369842,50996.05327573794,LacZ_2,LacZ OE,0.63414105686426,0.028237885959403686,-21.818634309889344,70,2500
1076,33.04671857619577,490.11457174638485,157.49388209121247,1114.0,1.2785199436176675,41594.05895439377,LacZ_2,LacZ OE,0.6965020973899176,0.03273578573548397,-22.03366373418876,70,2500
1077,33.10733695652174,493.5108695652174,143.36684782608697,1021.0,1.4060718186439536,45149.538043478264,LacZ_2,LacZ OE,0.72771990495206,0.04090154070608287,-21.67696777236124,70,2500
1078,32.38288920056101,502.46984572230014,119.13884992987377,1020.0,1.5569687501117613,46547.096774193546,LacZ_2,LacZ OE,0.7812712314996331,0.062280072731937475,-21.924035614501765,70,2500
1079,34.012155591572125,500.91085899513774,183.4878444084279,1586.0,1.368812121485823,51864.40842787682,LacZ_2,LacZ OE,0.6388402642404671,0.05794184236125699,-21.78010339631557,70,2500
1080,33.508747375787266,505.25052484254724,272.82785164450667,1733.0,1.2058049577823835,34094.540237928624,LacZ_2,LacZ OE,0.44117383751621,0.06719739930286961,-24.408441820323958,70,2500
1081,34.019277108433734,508.16927710843373,104.83493975903615,2124.0,1.3914342468560426,38142.17409638554,LacZ_2,LacZ OE,0.8127766233311102,0.07591629622425078,-20.010480564330518,70,2500
1082,34.76106194690266,510.52286135693214,259.882005899705,1658.0,1.261021077930893,46538.77581120944,LacZ_2,LacZ OE,0.4696987119741407,0.0798026999755761,-22.906317725701804,70,2500
1083,34.792130660727544,511.5612472160356,283.60133630289533,1794.0,1.3285067123827363,42064.793615441726,LacZ_2,LacZ OE,0.4172118399184648,0.08199539762323282,-23.43834715147918,70,2500
1084,34.56958308866706,519.7022900763359,271.1667645331768,2454.0,1.5264213174343233,36093.24133881386,LacZ_2,LacZ OE,0.44465407360153164,0.10132811863262003,-23.450594980611683,70,2500
1085,33.47513321492007,520.7158081705151,221.7220248667851,1600.0,1.5546989160343236,44774.90674955595,LacZ_2,LacZ OE,0.5540894003427064,0.10423022315739683,-23.401984429614657,70,2500
1086,33.12277019937041,524.7827911857293,181.49213011542497,1194.0,1.316345903596074,39567.77334732424,LacZ_2,LacZ OE,0.6430704614873981,0.11425173708109893,-22.856204992972227,70,2500
1087,34.74654377880184,524.258064516129,206.93745885450954,1841.0,1.3567456200807613,49094.45951283739,LacZ_2,LacZ OE,0.5866979009748883,0.11277503606785655,-21.820983105656858,70,2500
1088,34.59765865680838,537.8502772643253,212.49229821318545,1971.0,1.526979485683663,38093.401725200245,LacZ_2,LacZ OE,0.5742848949178376,0.14477236126962767,-22.23227524789676,70,2500
1089,32.931366260423346,558.1994868505452,132.8986529826812,1858.0,1.3635363725461689,37534.4547787043,LacZ_2,LacZ OE,0.7502623231691168,0.19359706735399862,-22.24166008038204,70,2500
1090,34.00862600123229,554.3555144793592,245.1010474430068,2013.0,1.348126494430045,31292.200862600122,LacZ_2,LacZ OE,0.502014010404247,0.18333730295120443,-23.742734463014358,70,2500
1091,33.72502870264064,574.5803673938002,154.77611940298507,2129.0,1.2972396750766029,35304.86911595867,LacZ_2,LacZ OE,0.7016624233063384,0.2320166685690801,-22.11848858845777,70,2500
1092,33.73567608861727,573.4942704354469,217.7922077922078,1732.0,1.4671840384602208,37365.6012223071,LacZ_2,LacZ OE,0.5622593784304803,0.22877138905166117,-23.5662121359736,70,2500
1093,34.39954467842914,576.9049516220831,340.44963005122366,2231.0,1.8120217150777844,28333.921457029028,LacZ_2,LacZ OE,0.2908321659175852,0.2355008651557864,-25.795234167078014,70,2500
1094,31.863063063063063,587.6504504504504,151.4882882882883,742.0,1.613021963585665,27556.333333333332,LacZ_2,LacZ OE,0.7089059998034022,0.2628392335067078,-24.03107121616961,70,2500
1095,32.209411764705884,588.3894117647059,164.4294117647059,1084.0,1.33670645951087,26975.90705882353,LacZ_2,LacZ OE,0.680250786462729,0.2644497860874686,-23.9937374508556,70,2500
1096,32.89041095890411,607.0246575342466,219.37534246575342,557.0,1.6694472191712637,30183.33424657534,LacZ_2,LacZ OE,0.558476216871223,0.3078255980334508,-24.776117759867937,70,2500
1097,33.14128943758573,613.1467764060357,229.06172839506172,990.0,1.4362759435215182,31093.1755829904,LacZ_2,LacZ OE,0.5369744397333067,0.32216694606853347,-24.811011143229607,70,2500
1098,35.69063444108761,609.8350453172205,271.578247734139,2169.0,1.3761108173509753,31667.207250755288,LacZ_2,LacZ OE,0.44281373211458996,0.3139522491400941,-23.221203274594266,70,2500
1099,34.83255813953488,617.4162790697675,214.815503875969,1848.0,1.368755549073645,32258.982170542637,LacZ_2,LacZ OE,0.5683632098227551,0.3324309146760698,-22.829949525040295,70,2500
1100,33.16576086956522,619.1413043478261,314.7472826086956,1592.0,1.6034178289612502,27820.398550724636,LacZ_2,LacZ OE,0.34734961089194005,0.3353776504813004,-26.842636705337487,70,2500
1101,35.22479338842975,637.1462809917356,302.55537190082646,1812.0,1.4135903058454338,22979.790082644628,LacZ_2,LacZ OE,0.37404163854497474,0.378026637201035,-24.67618275799366,70,2500
1102,33.77450199203187,656.588844621514,166.3593625498008,1580.0,1.3343794148356214,38052.05338645419,LacZ_2,LacZ OE,0.6752403402531897,0.42533177960756663,-23.141287185754088,70,2500
1103,33.777276825969345,658.0342651036971,321.9395852119026,1501.0,1.6392887843120936,22018.227231740308,LacZ_2,LacZ OE,0.3310298871236732,0.4270533733427153,-26.779442807869724,70,2500
1104,33.146028037383175,672.7196261682243,899.9789719626168,1091.0,1.4284328394744286,18696.418224299065,LacZ_2,LacZ OE,-0.9478991368070924,0.4554072821491326,-41.029043876807954,70,2500
1105,32.04,680.4942857142858,262.7142857142857,611.0,1.866901125554605,20067.391428571427,LacZ_2,LacZ OE,0.46192885868373956,0.4806344132445697,-27.35525233512141,70,2500
1106,34.30135301353013,693.1008610086101,203.36531365313652,1143.0,1.296825239633408,28945.27798277983,LacZ_2,LacZ OE,0.5929901062816745,0.5110660057416878,-23.83443730437779,70,2500
1107,33.30631399317406,699.5042662116041,401.0853242320819,1578.0,1.477636727701084,23237.6023890785,LacZ_2,LacZ OE,0.155555722446429,0.5240024218108028,-29.500925241818273,70,2500
1108,33.208681135225376,703.821368948247,252.29215358931552,966.0,1.5545105088966518,26280.570951585978,LacZ_2,LacZ OE,0.4847000585461436,0.5357975326312503,-26.17218383926963,70,2500
1109,35.25566636446056,704.5784224841342,216.6826835902085,1521.0,1.6599592478338243,27291.364460562105,LacZ_2,LacZ OE,0.5633671868737773,0.5380163105129445,-23.30315264533512,70,2500
1110,33.25633802816901,708.2619718309859,353.1915492957746,608.0,1.9353051788884397,15189.766197183098,LacZ_2,LacZ OE,0.26143087841776924,0.5451783495262881,-28.520085998274702,70,2500
1111,33.80060422960725,795.3429003021148,235.44410876132932,812.0,1.1875344048044507,14810.521148036254,LacZ_2,LacZ OE,0.5210575691122752,0.7518726449054245,-26.082993307025806,70,2500
1112,34.32054356514788,819.4044764188649,408.4612310151879,1601.0,1.3959592541789319,16932.725819344523,LacZ_2,LacZ OE,0.13802522141283058,0.8067633223643731,-29.831866828407943,70,2500
1113,33.0,854.6238636363636,481.29886363636365,1078.0,1.233336953965318,12368.960227272728,LacZ_2,LacZ OE,-0.02338888204817169,0.8890176131563472,-33.194462164733125,70,2500
1114,35.5003663003663,103.42783882783883,455.88058608058606,1639.0,1.2310088385100364,21843.888644688646,LacZ_2,LacZ OE,0.03998379680965458,-0.882552886458585,-22.75390615713519,70,2500
1115,35.412546125461255,106.15940959409595,599.450184501845,1555.0,1.1925910349474234,17689.861254612548,LacZ_2,LacZ OE,-0.2776628353898696,-0.8776693166320019,-26.21522514259966,70,2500
1116,34.782488479262675,115.763133640553,310.97880184331797,1334.0,1.212056034360186,15623.66267281106,LacZ_2,LacZ OE,0.36047354205631255,-0.8519010317351176,-20.21436174434941,70,2500
1117,35.68290522586359,124.6917626217892,682.814880425155,1378.0,1.3053843618485077,18781.943312666077,LacZ_2,LacZ OE,-0.4622871524915326,-0.8348538958202736,-28.06958845724349,70,2500
1118,35.87986463620982,137.31133671742808,326.8138747884941,1541.0,1.255466669467138,18090.42385786802,LacZ_2,LacZ OE,0.32517577756298066,-0.8012203853908219,-19.697265562951422,70,2500
1119,35.807005003573984,138.48963545389563,347.71479628305934,1808.0,1.2668110888786122,22878.14010007148,LacZ_2,LacZ OE,0.27892820154110876,-0.7986694601461045,-20.268857787674104,70,2500
1120,33.646511627906975,152.49767441860465,418.0046511627907,1153.0,1.4561916691683896,15579.677906976744,LacZ_2,LacZ OE,0.12339928607690642,-0.7664395279666124,-24.204245674548737,70,2500
1121,35.598720292504574,167.8473491773309,316.7394881170018,1319.0,1.227610122651214,29446.297074954295,LacZ_2,LacZ OE,0.347182830407357,-0.7290898853336765,-20.042185781396093,70,2500
1122,35.59500959692898,169.99296225207934,760.704414587332,1885.0,1.2427965341025726,17855.488163787588,LacZ_2,LacZ OE,-0.6350390314646863,-0.7288455337304707,-30.416320327897665,70,2500
1123,34.23424657534247,175.45068493150686,283.12602739726026,1144.0,1.6623475999318444,24148.794520547945,LacZ_2,LacZ OE,0.42154418550166195,-0.7108217935960651,-20.69702558636538,70,2500
1124,34.9815157116451,182.67190388170056,260.22643253234753,1718.0,1.2748642769262566,23019.42236598891,LacZ_2,LacZ OE,0.472097382388702,-0.6935230564332883,-19.486814490689564,70,2500
1125,34.92884864165589,183.39197930142302,294.32470892626134,1126.0,1.1811490479321043,24481.34282018111,LacZ_2,LacZ OE,0.3966561621591207,-0.692195694876749,-20.341386690277602,70,2500
1126,34.52186177715092,191.3244005641749,553.6953455571227,1797.0,1.3980635088768962,23994.365303244005,LacZ_2,LacZ OE,-0.17721554431016928,-0.6763080964920782,-26.872129055178423,70,2500
1127,36.3304347826087,187.1552795031056,346.3565217391304,1199.0,1.292958051298261,16459.295652173914,LacZ_2,LacZ OE,0.28143525933669644,-0.6838514095271278,-20.189995840104977,70,2500
1128,33.88409090909091,225.27727272727273,265.95,628.0,1.424762246892282,21910.41590909091,LacZ_2,LacZ OE,0.4590794059122596,-0.5931136721576977,-21.134092946755942,70,2500
1129,36.145714285714284,226.05428571428573,323.1857142857143,1307.0,1.7574070356029596,18316.71857142857,LacZ_2,LacZ OE,0.33233014768689695,-0.5918501938412228,-20.215036998424825,70,2500
1130,33.233853006681514,237.89755011135858,292.30066815144767,814.0,1.7802382192913704,24780.296213808462,LacZ_2,LacZ OE,0.40069427492449017,-0.5636459846468307,-22.52184933791179,70,2500
1131,34.402072538860104,235.819689119171,239.23937823834197,1172.0,1.3621422532235483,27771.253886010363,LacZ_2,LacZ OE,0.5180436063489551,-0.5679448617773752,-20.096744849268067,70,2500
1132,34.71460843373494,266.82756024096386,648.0730421686746,1615.0,1.2661200627912612,16294.417921686747,LacZ_2,LacZ OE,-0.3867515593509928,-0.4992325420204161,-29.61811597821458,70,2500
1133,35.30284301606922,270.946847960445,845.3522867737948,1064.0,1.2638630349930127,17381.025957972804,LacZ_2,LacZ OE,-0.8232705492614865,-0.49164292200867465,-33.66921746657955,70,2500
1134,33.75968109339408,290.32460136674257,320.2608200455581,1070.0,1.4004029898828068,19240.80182232346,LacZ_2,LacZ OE,0.33830249321689143,-0.4402736375156072,-23.16083824069707,70,2500
1135,35.433762301286905,294.15140045420134,178.52611657834973,1752.0,1.2066809159594107,30404.28009084027,LacZ_2,LacZ OE,0.6517442759780248,-0.429671174761853,-18.220695334359256,70,2500
1136,33.292682926829265,300.5587583148559,293.51884700665187,699.0,1.5768427267311012,22406.567627494456,LacZ_2,LacZ OE,0.3973899433949164,-0.4158540879054372,-23.104408791949023,70,2500
1137,34.631413612565446,310.23560209424085,329.5675392670157,1854.0,1.819831999599435,16728.618848167538,LacZ_2,LacZ OE,0.3174751682963233,-0.3933891101035254,-22.701112965733937,70,2500
1138,35.66015625,321.8776041666667,287.6579861111111,3616.0,1.360089744918667,29789.58029513889,LacZ_2,LacZ OE,0.4100275332633212,-0.3654500695774553,-20.809615529981173,70,2500
1139,38.47017045454545,325.6036931818182,308.1598011363636,2448.0,1.5961732855111084,27588.465198863636,LacZ_2,LacZ OE,0.36448926771381074,-0.35681933484473205,-18.514874931455832,70,2500
1140,35.399068322981364,326.2639751552795,222.93167701863354,1601.0,1.574373875417045,29728.593167701863,LacZ_2,LacZ OE,0.5531951801622834,-0.35440734507628346,-19.60466926992944,70,2500
1141,33.99785100286533,338.56160458452723,293.8388252148997,1760.0,1.5121324169639239,25360.81446991404,LacZ_2,LacZ OE,0.39627790848875444,-0.32620125000284117,-22.778681927703104,70,2500
1142,33.81475903614458,351.9405120481928,196.65135542168676,1581.0,1.3392459225518405,34289.89081325301,LacZ_2,LacZ OE,0.6111696379158931,-0.2935931916605894,-20.827018157802133,70,2500
1143,36.41267605633803,358.4887323943662,180.8281690140845,1790.0,1.3034144609466551,37411.854929577465,LacZ_2,LacZ OE,0.6459782772738778,-0.2779164317710696,-17.925128020408827,70,2500
1144,34.689655172413794,363.93793103448274,286.58103448275864,828.0,1.3216176904877466,25844.82068965517,LacZ_2,LacZ OE,0.4120533296436981,-0.2662496408912982,-22.16614954458826,70,2500
1145,34.56497622820919,380.05071315372425,288.4904912836767,1589.0,1.33090134736861,35375.251188589544,LacZ_2,LacZ OE,0.4076795103415036,-0.22826675508907057,-22.4929214031735,70,2500
1146,34.61223277909739,384.0089073634204,306.66211401425176,2301.0,1.5695322729110324,36740.96496437055,LacZ_2,LacZ OE,0.36743696634614453,-0.21912632610078597,-22.908005986934175,70,2500
1147,33.83657587548638,394.2477302204929,289.5440985732815,1849.0,1.5174823478171362,42896.41763942931,LacZ_2,LacZ OE,0.4052488592476573,-0.19480722746375356,-23.38453001916803,70,2500
1148,33.71862615587847,401.15852047556143,118.62879788639366,947.0,1.3979357290786385,34368.46895640687,LacZ_2,LacZ OE,0.7833108203564532,-0.17665464847490353,-19.585773893142754,70,2500
1149,33.904086738949125,404.2435362802335,277.46455379482904,1749.0,1.7274694120320675,41219.43119266055,LacZ_2,LacZ OE,0.4318727158612117,-0.17109676509538918,-23.1332322087991,70,2500
1150,34.81085154483798,411.5018839487566,111.09570459683496,1597.0,1.3127286013703352,43892.040693293144,LacZ_2,LacZ OE,0.7998200572869534,-0.15215030754251968,-18.419473055532844,70,2500
1151,35.61714285714286,412.9742857142857,329.76514285714285,2080.0,1.1739797296752752,23129.914857142856,LacZ_2,LacZ OE,0.3159930291504536,-0.15103118396054405,-22.725329744648384,70,2500
1152,33.2981298129813,414.2079207920792,188.26402640264027,1157.0,1.3105262174354833,47144.53905390539,LacZ_2,LacZ OE,0.6291495062125962,-0.14663910638068,-21.757082892209592,70,2500
1153,34.385221078134464,421.205935796487,211.18413082980013,1953.0,1.344178022366911,43886.91399152029,LacZ_2,LacZ OE,0.5783185531582455,-0.130356198558075,-21.27309532710079,70,2500
1154,35.407783417935704,423.2978003384095,252.32402707275804,1561.0,1.3042952970815287,31035.355329949238,LacZ_2,LacZ OE,0.4872300323326808,-0.1258449419503982,-21.23035096364046,70,2500
1155,36.1714824120603,433.31281407035175,124.99057788944724,2480.0,1.5222982855443805,58104.18530150754,LacZ_2,LacZ OE,0.7687985258007501,-0.10082288784487037,-17.596547652176213,70,2500
1156,34.60662525879917,425.18840579710144,167.88509316770185,1228.0,1.258859914424045,54417.73084886128,LacZ_2,LacZ OE,0.67406076461987,-0.12048763634899418,-20.081359377852337,70,2500
1157,35.587847730600295,445.31625183016104,122.69326500732065,1606.0,1.2962654216358258,46355.68887262079,LacZ_2,LacZ OE,0.7737949903687689,-0.07249786397255975,-18.243863950651914,70,2500
1158,34.305263157894736,451.1039473684211,209.3328947368421,953.0,1.290094559178063,42139.298684210524,LacZ_2,LacZ OE,0.5821289771222706,-0.0598152201455886,-21.60234528545935,70,2500
1159,34.75595238095238,456.6241496598639,262.5034013605442,1505.0,1.3420456824923415,38446.93792517007,LacZ_2,LacZ OE,0.46442104410713325,-0.04736085736081297,-22.44527857541899,70,2500
1160,35.03730512249443,461.2511135857461,91.10579064587974,2224.0,1.3134764392803167,43861.648106904235,LacZ_2,LacZ OE,0.8435514980931673,-0.034580965516016526,-18.21376313359223,70,2500
1161,34.90738341968912,464.7215025906736,108.47862694300518,1940.0,1.3936535202350815,49144.18069948186,LacZ_2,LacZ OE,0.8050900180615059,-0.026586538564967843,-18.78257665227401,70,2500
1162,35.30845323741007,469.4901079136691,258.95593525179856,1426.0,1.4796013703232682,43318.402877697845,LacZ_2,LacZ OE,0.47211620745317284,-0.016961841151991286,-21.93611712251945,70,2500
1163,37.98740111338998,474.321125109874,300.33020802812774,4231.0,1.2159611886861448,36088.78816290653,LacZ_2,LacZ OE,0.38039705558386827,-0.0059542658798463766,-20.269775576507087,70,2500
1164,34.48393378773125,496.48685491723467,295.49756572541384,1401.0,1.5463235112967022,30232.872444011686,LacZ_2,LacZ OE,0.391055115547583,0.04630218087925475,-23.876300262989826,70,2500
1165,36.67460317460318,496.78472222222223,312.1622023809524,2956.0,1.378910281910209,32301.768353174604,LacZ_2,LacZ OE,0.35407117174976244,0.04687399842701501,-22.07772057950731,70,2500
1166,34.24119241192412,497.743450767841,196.71093044263776,1414.0,1.3193181575332982,47017.85546522132,LacZ_2,LacZ OE,0.6096051122892803,0.05033240613938972,-21.828403526755633,70,2500
1167,35.67153284671533,502.2846715328467,140.38564476885645,1167.0,1.445110751390999,44648.76277372263,LacZ_2,LacZ OE,0.7340979226149997,0.06168785691015066,-19.12992375727162,70,2500
1168,34.63347639484979,508.56223175965664,232.2283261802575,1474.0,1.312937807190537,43391.77939914163,LacZ_2,LacZ OE,0.5309036131039284,0.07547511618168534,-22.370037471086693,70,2500
1169,35.594306049822066,520.2731316725979,101.65391459074733,1525.0,1.2216317413174198,34720.70106761566,LacZ_2,LacZ OE,0.8196156201570861,0.10453704784924556,-18.4802049236186,70,2500
1170,33.77721196690006,527.6518141311267,237.97644812221515,2166.0,1.4354869694701815,41331.154042011454,LacZ_2,LacZ OE,0.5180463717385073,0.12042126079082571,-23.546765648625055,70,2500
1171,33.7748743718593,538.6572864321608,244.21306532663317,1311.0,1.581559886372448,27150.143718592964,LacZ_2,LacZ OE,0.5041424947129343,0.14631299293088817,-23.8021459151829,70,2500
1172,35.00857142857143,545.245,307.52285714285716,1976.0,1.4321379317376324,40409.755,LacZ_2,LacZ OE,0.3639522197692906,0.1611932497239541,-24.109125132551267,70,2500
1173,34.64728935336382,555.4382756368386,210.14565643370346,2107.0,1.4318495511712612,34103.742651861525,LacZ_2,LacZ OE,0.5793037299256032,0.18628510590770686,-22.300008701907345,70,2500
1174,34.9022869022869,565.2605682605682,104.83714483714483,1801.0,1.2939172271711559,36523.02841302841,LacZ_2,LacZ OE,0.8121737327943219,0.21060201201570172,-19.686290717354773,70,2500
1175,34.55982274741507,567.1536189069424,298.4490398818316,2120.0,1.508486099580248,30134.86189069424,LacZ_2,LacZ OE,0.3838378080186675,0.21295897736521008,-24.560524693579616,70,2500
1176,34.74837511606314,568.3955431754874,274.5868152274837,1351.0,1.316941944745366,44984.378830083566,LacZ_2,LacZ OE,0.43660739719111463,0.2161515850267106,-23.827920080802855,70,2500
1177,33.928495197438636,573.718249733191,125.38740661686232,1467.0,1.9181512639337681,30387.483457844184,LacZ_2,LacZ OE,0.7666780687420125,0.23030660955371918,-21.22156209112066,70,2500
1178,35.24499229583975,581.4614791987673,289.6787365177196,1910.0,1.4483130128266943,30710.74653312789,LacZ_2,LacZ OE,0.40306685464964054,0.24681880918808918,-23.811090570785915,70,2500
1179,34.644444444444446,591.1594202898551,98.2280193236715,1260.0,1.192192175757557,37062.34685990338,LacZ_2,LacZ OE,0.8265581118643721,0.2717574254377495,-20.04333425118817,70,2500
1180,37.20333170014699,585.3973542381186,362.75257226849584,2632.0,1.4511311937113216,33613.30573248408,LacZ_2,LacZ OE,0.24126340130366652,0.2553545845900276,-23.595331217093854,70,2500
1181,35.763636363636365,595.2310606060606,44.943939393939395,1645.0,1.2676774501087107,33899.11666666667,LacZ_2,LacZ OE,0.9443433662467009,0.2819651437647117,-17.722204665144474,70,2500
1182,35.356944444444444,599.7604166666666,300.7736111111111,1771.0,1.2474499359295241,35066.88402777778,LacZ_2,LacZ OE,0.37833838792536123,0.2898640955058225,-24.13681745863163,70,2500
1183,35.509049773755656,602.10407239819,258.4321266968326,1246.0,1.5021118563722027,30888.81221719457,LacZ_2,LacZ OE,0.47198160382395127,0.2958550910162827,-23.02064866598118,70,2500
1184,35.863691931540345,607.0470660146699,204.17481662591686,2224.0,1.2975857011238,41316.12958435208,LacZ_2,LacZ OE,0.5919510583110348,0.30811124170245363,-21.44966101816843,70,2500
1185,35.52302444570779,616.2689027856737,113.92893689596362,2058.0,1.2436568587143326,37086.8027288232,LacZ_2,LacZ OE,0.7915339964669768,0.33083479371340996,-19.77667458944612,70,2500
1186,35.89071938495332,608.8830313014827,352.60241625480506,2305.0,1.353743210884842,29677.35914332784,LacZ_2,LacZ OE,0.2635596059723935,0.31083219586259947,-24.900654686889805,70,2500
1187,39.93267736923874,619.0683583635422,243.79181771103055,2500.0,1.189076474573051,37781.34800621439,LacZ_2,LacZ OE,0.5039781781035015,0.3361298647245534,-18.423099451016178,70,2500
1188,33.19358974358974,635.1782051282051,78.05897435897435,1094.0,1.4683051051985385,27001.97564102564,LacZ_2,LacZ OE,0.8708279848373262,0.3757735829299158,-21.45416358463191,70,2500
1189,34.422664624808576,640.0811638591118,209.2281776416539,966.0,1.4332400368985876,30776.39050535988,LacZ_2,LacZ OE,0.5805261697963942,0.3859435663199926,-23.331179310410533,70,2500
1190,36.83560753736192,631.7881741390513,240.77777777777777,2169.0,1.2264375024717453,31037.5191682911,LacZ_2,LacZ OE,0.5106832593571187,0.3660950612816567,-21.573347539065,70,2500
1191,34.931407942238266,664.6274368231047,174.8967509025271,1717.0,1.4990876618400755,40540.23465703971,LacZ_2,LacZ OE,0.6562151667935012,0.44422680838153195,-22.26240554087414,70,2500
1192,34.581422018348626,747.7350917431193,285.57454128440367,1158.0,1.3402739840027902,19258.58371559633,LacZ_2,LacZ OE,0.41057227973551336,0.639050435673689,-26.00531903771746,70,2500
1193,36.36389961389961,770.4092664092664,775.6341698841699,1633.0,1.6069506601933154,21446.738416988417,LacZ_2,LacZ OE,-0.6739176649523297,0.6872577648570546,-35.869184711004884,70,2500
1194,34.286764705882355,90.78921568627452,368.2647058823529,632.0,1.570654559744145,10512.509803921568,LacZ_2,LacZ OE,0.2340049051197859,-0.9114417290322596,-21.801037348251146,70,2500
1195,37.75016523463318,111.6067415730337,681.9477858559154,1857.0,1.2313278893882469,13537.801057501652,LacZ_2,LacZ OE,-0.4603490872442598,-0.8656619326511876,-25.854773886524413,70,2500
1196,35.50930626057529,116.99915397631133,575.0456852791879,1409.0,1.248544003528081,18868.58883248731,LacZ_2,LacZ OE,-0.22378166810120648,-0.8518338111765047,-25.655631379906783,70,2500
1197,33.900584795321635,124.7280701754386,427.92105263157896,850.0,1.3731064595077727,13207.001461988304,LacZ_2,LacZ OE,0.1017163835318926,-0.8320435940372191,-23.909767067986408,70,2500
1198,36.77728085867621,121.66368515205724,362.89713774597493,1404.0,1.185841849649417,17712.216457960643,LacZ_2,LacZ OE,0.24545235100634177,-0.8385006754900726,-19.488216261256092,70,2500
1199,38.82135193133047,130.38197424892704,671.9817596566523,2260.0,1.130052019983389,26300.3991416309,LacZ_2,LacZ OE,-0.43853786932903627,-0.8212427842373022,-24.735273386336203,70,2500
1200,36.58993902439025,127.51524390243902,376.047256097561,1055.0,1.359604626650618,15714.620426829268,LacZ_2,LacZ OE,0.21631288730364218,-0.8248451003666494,-20.039287577123012,70,2500
1201,37.55325232308792,135.9471050750536,755.0929235167977,1643.0,1.097657942023408,18832.439599714082,LacZ_2,LacZ OE,-0.6223963122207693,-0.8090465096935534,-27.99484376769606,70,2500
1202,35.54437086092715,142.01721854304637,303.73245033112585,942.0,1.2195690144730265,16172.75894039735,LacZ_2,LacZ OE,0.37621154128887646,-0.7898775111387113,-19.540626740888783,70,2500
1203,34.27164685908319,165.25297113752123,381.553480475382,783.0,1.4868568461678628,15249.382003395585,LacZ_2,LacZ OE,0.2038859425908428,-0.7359429064221352,-22.854359711577438,70,2500
1204,36.02267573696145,184.67800453514738,274.92063492063494,1142.0,1.3309073603144321,23720.561224489797,LacZ_2,LacZ OE,0.4395155922545848,-0.6889267631968577,-18.8081537468859,70,2500
1205,35.87567987567988,194.47241647241648,325.7801087801088,1554.0,1.2786138990312306,42196.29526029526,LacZ_2,LacZ OE,0.3269099855515445,-0.666379068160169,-20.236519493673843,70,2500
1206,35.79472693032015,201.06967984934087,281.5838041431262,705.0,1.3910079861546918,22564.51035781544,LacZ_2,LacZ OE,0.42462758458905214,-0.6503399613967291,-19.35170629499401,70,2500
1207,37.883168316831686,209.8960396039604,854.8346534653465,1300.0,1.2152436116383278,16026.865346534654,LacZ_2,LacZ OE,-0.8437914437765438,-0.6356920876975607,-30.713544267111892,70,2500
1208,33.598971722365036,213.92030848329048,316.10796915167094,669.0,1.439501489007007,17138.213367609256,LacZ_2,LacZ OE,0.3482375504668591,-0.620452883477598,-22.477274911424026,70,2500
1209,33.882494004796165,214.45323741007195,301.91127098321346,637.0,1.4190602081896915,17482.194244604318,LacZ_2,LacZ OE,0.3796256616469964,-0.6190353306478324,-21.86811188431809,70,2500
1210,36.764900662251655,216.55711920529802,205.42632450331126,1473.0,1.2050978877950602,24817.08940397351,LacZ_2,LacZ OE,0.5929138230875639,-0.6129601753085441,-16.75800992274415,70,2500
1211,33.589595375722546,224.40751445086704,435.71098265895955,569.0,1.4987930458926908,11121.869942196532,LacZ_2,LacZ OE,0.08353405659266944,-0.5970137007670046,-25.377349175190222,70,2500
1212,36.604918032786884,223.94590163934427,445.4573770491803,1434.0,1.315655239503631,21766.940983606557,LacZ_2,LacZ OE,0.06182034270121339,-0.5981394449316231,-22.585676509076592,70,2500
1213,36.02589489718203,223.5156130997715,605.6778370144707,1564.0,1.2417332274346347,24013.894897182025,LacZ_2,LacZ OE,-0.29260767468347215,-0.6009058528367436,-26.895265676536447,70,2500
1214,35.15339805825243,229.83398058252428,251.52815533980583,1448.0,1.3542592219538871,24138.343689320387,LacZ_2,LacZ OE,0.490875737246641,-0.5821799783082985,-19.573573609081755,70,2500
1215,35.57305336832896,227.13385826771653,296.60454943132106,1349.0,1.1958013059927812,43423.34295713036,LacZ_2,LacZ OE,0.3911558698295725,-0.5890284172487017,-20.178431948908855,70,2500
1216,36.225130890052355,236.75,328.00130890052355,1190.0,1.620674445635605,17404.314136125653,LacZ_2,LacZ OE,0.321568827174991,-0.5666718285020513,-20.3525330370376,70,2500
1217,35.406852248394,252.37366167023555,862.0749464668094,1251.0,1.2900056730744285,18352.763383297646,LacZ_2,LacZ OE,-0.860092430160988,-0.5356319628257835,-33.77338058966584,70,2500
1218,36.34862385321101,256.78732276897415,213.67306088407005,1497.0,1.3488618728112898,25736.517931609676,LacZ_2,LacZ OE,0.5743015155548903,-0.5181650986560848,-17.75994196950725,70,2500
1219,36.18545454545455,268.35030303030305,233.5660606060606,1098.0,1.311043577339246,26152.700606060607,LacZ_2,LacZ OE,0.5301879977737787,-0.4911101599464561,-18.4999054245059,70,2500
1220,35.226168224299066,271.5523364485981,694.06261682243,1325.0,1.3640682760394511,17373.41121495327,LacZ_2,LacZ OE,-0.4885682805315269,-0.48857511571101564,-30.225019581231738,70,2500
1221,35.31753197893153,281.5665914221219,251.7456734386757,1615.0,1.25031168180351,28303.202407825433,LacZ_2,LacZ OE,0.48988550220496485,-0.46015293733980067,-19.92062869669525,70,2500
1222,37.68742857142857,285.5137142857143,777.5948571428571,2400.0,1.260419762010255,29601.324,LacZ_2,LacZ OE,-0.6736322715102201,-0.4564934048055648,-29.848372745183188,70,2500
1223,36.35623003194888,279.6757188498403,207.82108626198084,778.0,1.2664457800319315,26706.899361022362,LacZ_2,LacZ OE,0.5870262271662305,-0.46411283171883444,-17.83982264128099,70,2500
1224,36.1875,301.4638888888889,832.0861111111111,1946.0,1.4292512059831584,21668.440972222223,LacZ_2,LacZ OE,-0.7942622440347894,-0.4194959299903086,-32.77411835943347,70,2500
1225,33.00804289544236,306.2734584450402,349.3780160857909,521.0,1.5016317149656262,12238.479892761394,LacZ_2,LacZ OE,0.2737698981487391,-0.40298690423227423,-24.74701539973863,70,2500
1226,36.319683908045974,312.7363505747126,165.0977011494253,1720.0,1.3292372679389326,31942.685344827587,LacZ_2,LacZ OE,0.6812268917809854,-0.38566752615501143,-17.203826226086363,70,2500
1227,36.03445305770887,314.87510766580533,231.72093023255815,1509.0,1.3264855557108604,39395.072351421186,LacZ_2,LacZ OE,0.53382771657346,-0.3813519849994651,-19.06296749220163,70,2500
1228,34.792642140468224,334.5886287625418,312.7859531772575,570.0,1.572057274828065,25614.91304347826,LacZ_2,LacZ OE,0.354357784266937,-0.335760024730293,-22.386963553011704,70,2500
1229,34.92460317460318,346.8234126984127,341.2744708994709,1895.0,1.6732674559282945,17486.7876984127,LacZ_2,LacZ OE,0.2912063061998238,-0.307206966970587,-23.038836205300647,70,2500
1230,35.61709401709402,354.32649572649575,153.6094017094017,1465.0,1.422615762913506,38848.860683760686,LacZ_2,LacZ OE,0.706276830168334,-0.28745708192807506,-18.0452322998098,70,2500
1231,35.85343618513324,358.28541374474054,327.2727910238429,1808.0,1.4393761257324964,18316.0,LacZ_2,LacZ OE,0.3220238765473824,-0.27999756250657526,-21.896026723894913,70,2500
1232,33.38752783964365,375.94209354120267,340.31180400890867,773.0,1.6297328534623317,15961.674832962139,LacZ_2,LacZ OE,0.2931337628266608,-0.23854715963138473,-24.837827970500413,70,2500
1233,36.827861579414375,370.8846495119787,187.21827861579413,1774.0,1.2934739653575715,43827.48447204969,LacZ_2,LacZ OE,0.6316997907377335,-0.24873708513558623,-17.780298534264947,70,2500
1234,34.84339314845025,385.6035889070147,149.01141924959217,1057.0,1.5247541197090544,51327.911908646005,LacZ_2,LacZ OE,0.7161865028510592,-0.21364919633560198,-19.01746367001035,70,2500
1235,35.97661623108666,398.52063273727646,205.50343878954607,1784.0,1.4870463377110401,46114.63204951857,LacZ_2,LacZ OE,0.5910234119093809,-0.1837677931728643,-19.327868706376393,70,2500
1236,36.31811263318112,407.13698630136986,235.03424657534248,1684.0,1.3836092788710517,41533.8295281583,LacZ_2,LacZ OE,0.5255902137756889,-0.16375632743930524,-19.759173471486907,70,2500
1237,35.74193548387097,434.8131256952169,147.11568409343715,1202.0,1.3873005281966417,38244.395995550614,LacZ_2,LacZ OE,0.719857956584878,-0.09753383017297323,-18.5564006484189,70,2500
1238,35.50502706883217,435.48723897911833,205.60556844547563,1572.0,1.3116236542798432,40249.70456303171,LacZ_2,LacZ OE,0.590464177318694,-0.09658371407743149,-20.163307777577568,70,2500
1239,35.298449612403104,437.85594315245476,328.1589147286822,2058.0,1.4644331433350384,27420.94315245478,LacZ_2,LacZ OE,0.31932228567851606,-0.09233077066870354,-23.249878526552763,70,2500
1240,35.72574178027266,442.803528468324,313.0898155573376,1920.0,1.4829035919442248,31715.900561347233,LacZ_2,LacZ OE,0.3525903006895661,-0.08048728440960196,-22.519840353614477,70,2500
1241,35.82096069868996,443.4707423580786,240.21572052401746,1680.0,1.5151086325129424,45231.326637554586,LacZ_2,LacZ OE,0.5138011876388857,-0.07812068981026943,-20.73238292451815,70,2500
1242,36.532492725509215,442.8438409311348,216.5780795344326,1574.0,1.3112638553705327,47052.32880698351,LacZ_2,LacZ OE,0.5660649732432506,-0.07932672136411922,-19.46391967258537,70,2500
1243,36.42583025830258,452.56826568265683,320.69741697416976,1647.0,1.18763623562572,32125.59409594096,LacZ_2,LacZ OE,0.3356290410492515,-0.05752100706187502,-22.092841294446977,70,2500
1244,34.36585365853659,464.5243902439024,135.0548780487805,928.0,1.2407870342936258,35314.13719512195,LacZ_2,LacZ OE,0.7463242144221307,-0.027352171237108536,-19.941534253658364,70,2500
1245,36.5851226993865,467.5276073619632,316.3247699386503,3086.0,1.3416833747971986,33007.24348159509,LacZ_2,LacZ OE,0.34514985347323357,-0.022184191791089214,-21.978004661471466,70,2500
1246,38.12204007285975,473.9981785063752,243.85913782635095,2169.0,1.3220588594724398,45182.81724347298,LacZ_2,LacZ OE,0.5053264199178362,-0.0061002951893665,-18.815601795537443,70,2500
1247,34.36381514257621,484.3824975417896,230.8298918387414,1315.0,1.4819220041577466,41077.78269419862,LacZ_2,LacZ OE,0.534245308186126,0.018449548967886198,-22.37047875944509,70,2500
1248,36.589866156787764,485.81548757170174,208.24952198852773,1447.0,1.3062750779324388,44263.15200764818,LacZ_2,LacZ OE,0.5840718444865887,0.022125444662510096,-19.63277757952622,70,2500
1249,37.14441591784339,506.7374839537869,296.8767650834403,2159.0,1.3016042819612734,40521.983311938384,LacZ_2,LacZ OE,0.38776717605537625,0.07052689369607168,-21.349094609597543,70,2500
1250,35.99721059972106,523.6401673640167,288.2831241283124,2022.0,1.5423541828162766,31547.15829846583,LacZ_2,LacZ OE,0.4066749839486943,0.11046358524667022,-22.460951393476197,70,2500
1251,35.543103448275865,534.8620689655172,102.63395225464191,1881.0,1.3091490015516904,43397.063660477455,LacZ_2,LacZ OE,0.8173089379386678,0.13893728532474925,-18.6969511131481,70,2500
1252,35.41751152073733,534.1612903225806,276.1188940092166,1342.0,1.2857485814795389,27220.997235023042,LacZ_2,LacZ OE,0.43351456103271646,0.1353992964071733,-22.859821367140565,70,2500
1253,35.584016393442624,540.546106557377,292.9856557377049,1573.0,1.5735729455252496,36685.82172131148,LacZ_2,LacZ OE,0.39612917153163885,0.15028046255192007,-23.1490156664484,70,2500
1254,34.84875846501129,544.5981941309255,284.8013544018059,779.0,1.5284606972941517,35005.10835214447,LacZ_2,LacZ OE,0.4142344232853239,0.15991043713510034,-23.732890118353772,70,2500
1255,35.443866943866944,568.6611226611227,202.53534303534303,1212.0,1.3268220662177619,34117.9604989605,LacZ_2,LacZ OE,0.5959712243616255,0.2175755927523566,-21.455629146120224,70,2500
1256,35.641418983700866,590.5570469798657,253.58676893576222,1291.0,1.3459509973542685,28975.18120805369,LacZ_2,LacZ OE,0.4828060613028504,0.2686738308990535,-22.662412868016236,70,2500
1257,34.0230607966457,588.329140461216,123.21383647798743,679.0,1.6225124148374832,25199.899371069183,LacZ_2,LacZ OE,0.7713404924344536,0.2647961715321998,-21.219286468910028,70,2500
1258,36.05780346820809,602.0021676300578,228.79841040462426,2014.0,1.4955778732924718,29981.27023121387,LacZ_2,LacZ OE,0.5375140792200408,0.29594874463668597,-21.78027061512149,70,2500
1259,35.67927927927928,607.0675675675676,244.0117117117117,1357.0,1.323807620914889,30624.833333333332,LacZ_2,LacZ OE,0.5038276410257991,0.3077231990554299,-22.56286835632811,70,2500
1260,36.27653359298929,613.7088607594936,293.56767283349564,1312.0,1.410490066732549,27235.815968841285,LacZ_2,LacZ OE,0.3940978890968969,0.3228645246080384,-23.185990239197015,70,2500
1261,36.071524966261805,613.140350877193,328.04183535762485,1193.0,1.4334889593122342,31488.249662618084,LacZ_2,LacZ OE,0.3178454220430651,0.32114484599459847,-24.189012353590602,70,2500
1262,38.299065420560744,639.0147975077882,229.9626168224299,1844.0,1.4022861311951735,25980.341121495327,LacZ_2,LacZ OE,0.5344645139753779,0.38329179166539484,-19.928934317457156,70,2500
1263,35.85245901639344,641.8766928011404,249.55167498218103,2451.0,1.6678951252625958,25523.48325017819,LacZ_2,LacZ OE,0.4912256205944492,0.38977398727497814,-22.859402808307998,70,2500
1264,33.76373626373626,659.2692307692307,448.8873626373626,600.0,1.952552669811336,14013.434065934065,LacZ_2,LacZ OE,0.05016701275115709,0.42858881279678385,-29.764388007515336,70,2500
1265,35.15581854043393,662.1459566074951,119.44378698224853,727.0,1.493399414599237,33049.78303747535,LacZ_2,LacZ OE,0.7789083787333351,0.43898028516722176,-20.721106771125456,70,2500
1266,37.01339545719278,673.1642399534071,107.6359930110658,1966.0,1.2751390266911995,43794.746651135705,LacZ_2,LacZ OE,0.8048286199142778,0.46514045939408355,-18.696652133209675,70,2500
1267,34.75972927241963,693.1827411167512,134.1962774957699,794.0,1.363925036719,28635.03214890017,LacZ_2,LacZ OE,0.7459910377709185,0.5120200230798382,-21.76458271204888,70,2500
1268,33.97941680960549,697.4219554030875,344.12349914236705,754.0,1.5112649014075945,16196.711835334478,LacZ_2,LacZ OE,0.28155999583638525,0.5197240626578288,-27.479808830971013,70,2500
1269,34.067434210526315,704.296052631579,149.43256578947367,815.0,1.4852312521499487,25680.032894736843,LacZ_2,LacZ OE,0.712211446143435,0.5380527353166782,-22.92054961811034,70,2500
1270,35.411764705882355,719.8344537815126,364.7075630252101,1549.0,1.4466786098123605,20734.282352941176,LacZ_2,LacZ OE,0.2357301745520537,0.5723995133125785,-26.747008340185488,70,2500
1271,35.181463414634145,724.9570731707317,267.4087804878049,1426.0,1.6234208969673878,22980.401951219512,LacZ_2,LacZ OE,0.45095048753928935,0.5855329653274641,-24.759178149085546,70,2500
1272,36.30095541401274,763.7117834394904,362.8343949044586,1570.0,1.359838814584876,28130.960987261147,LacZ_2,LacZ OE,0.23940377631275123,0.6759369376143094,-26.24365857157795,70,2500
1273,34.30566037735849,799.5,334.23018867924526,663.0,1.2521633207206877,14313.630188679244,LacZ_2,LacZ OE,0.3024428645110988,0.7606181104761944,-27.921604764505194,70,2500
1274,35.37668161434978,828.7249626307922,399.0881913303438,903.0,1.3572495655180252,13077.554559043348,LacZ_2,LacZ OE,0.15861680682366597,0.8288740624938988,-28.648743972309322,70,2500
1275,32.70276008492569,840.6157112526539,347.38216560509557,607.0,1.4942078946501778,11299.021231422505,LacZ_2,LacZ OE,0.27303125964102914,0.8574215954609379,-30.232791310987334,70,2500
1276,37.472517730496456,81.06648936170212,463.65070921985813,1401.0,1.1635296481985473,18719.79964539007,LacZ_2,LacZ OE,0.022908067962977396,-0.9353375830238793,-20.744771064482403,70,2500
1277,36.84198645598194,111.63054928517683,537.6034612490595,1601.0,1.3095228456090005,19053.25583145222,LacZ_2,LacZ OE,-0.1409636794505016,-0.8640605135384465,-23.39802963156374,70,2500
1278,39.38143631436314,118.08875338753387,588.4295392953929,1847.0,1.2021111357378842,32545.690379403793,LacZ_2,LacZ OE,-0.25360197038354104,-0.8493204958343541,-22.107393852975477,70,2500
1279,37.09648331830478,179.1370604147881,308.2714156898106,1746.0,1.3748397134156103,26482.089269612265,LacZ_2,LacZ OE,0.3657304429920376,-0.7023339202488379,-18.45793875850939,70,2500
1280,36.82644628099174,189.19926538108356,358.58953168044076,1344.0,1.3014314810486227,26601.05325987144,LacZ_2,LacZ OE,0.254326272137976,-0.6791514970468928,-19.999306198356532,70,2500
1281,36.944700460829495,193.8767281105991,248.5610599078341,1128.0,1.3740313324077285,26834.91935483871,LacZ_2,LacZ OE,0.49769527609238007,-0.6669220082404392,-17.361930617924532,70,2500
1282,39.94912891986063,203.3979094076655,845.6738675958188,1898.0,1.1897200598686346,19980.019512195122,LacZ_2,LacZ OE,-0.8235685777687356,-0.6508731740489473,-28.37112647698355,70,2500
1283,36.62622950819672,210.5344262295082,233.38688524590165,783.0,1.409935280703525,27955.97049180328,LacZ_2,LacZ OE,0.5311209989804875,-0.6274728708682585,-17.489520043837192,70,2500
1284,36.19951923076923,218.19310897435898,412.52403846153845,1511.0,1.3248477915558372,16868.983173076922,LacZ_2,LacZ OE,0.13475669222432018,-0.6113609559054487,-22.166948346967438,70,2500
1285,38.36521739130435,215.83545150501672,541.6214046822743,1956.0,1.4583056234818406,18846.81939799331,LacZ_2,LacZ OE,-0.1509396748866968,-0.6182732822456218,-22.98831695704615,70,2500
1286,34.942622950819676,260.8524590163934,259.01024590163934,780.0,1.5337853082678459,25676.456967213115,LacZ_2,LacZ OE,0.47403359111200705,-0.5091003131207308,-20.262132471771892,70,2500
1287,37.27899432278994,269.94160583941607,219.86374695863748,1525.0,1.2793027574290594,32462.649635036498,LacZ_2,LacZ OE,0.560430257473437,-0.4871830118492303,-17.102861948645863,70,2500
1288,36.880981595092024,278.1006134969325,325.5042944785276,1309.0,1.6606450420166614,16245.093251533743,LacZ_2,LacZ OE,0.32665909558630624,-0.4690929210104049,-20.043188782389905,70,2500
1289,37.66256590509666,293.7961335676626,225.50263620386644,1609.0,1.2272574534485763,34192.939367311075,LacZ_2,LacZ OE,0.5477044942106659,-0.4309679383354724,-17.08421632047241,70,2500
1290,39.77255985267035,294.3268876611418,258.19060773480663,1589.0,1.3022917754748906,25861.565377532228,LacZ_2,LacZ OE,0.4752734046755933,-0.4300224721782978,-15.742090546705434,70,2500
1291,36.960903562119896,307.50651607298,797.4413553431798,1410.0,1.2483489106566608,30556.3370981755,LacZ_2,LacZ OE,-0.7177147072702288,-0.40484920698085947,-31.252455876741166,70,2500
1292,36.444529456771235,315.247895944912,249.73068094873756,1729.0,1.5770377509467592,25889.401683244072,LacZ_2,LacZ OE,0.4939592263946786,-0.38065868749873766,-19.07650107383976,70,2500
1293,36.686021505376345,318.0709677419355,191.768458781362,1909.0,1.3795694447555327,31286.897491039428,LacZ_2,LacZ OE,0.6221515644082611,-0.3733653464592369,-17.511522958437222,70,2500
1294,36.13740458015267,337.8212468193384,260.6647582697201,2066.0,1.365955169688535,30903.392493638676,LacZ_2,LacZ OE,0.46956680121323147,-0.3275388388568179,-19.8592363978839,70,2500
1295,37.0287610619469,335.69800884955754,347.4811946902655,1156.0,1.5006955679738534,13353.512168141593,LacZ_2,LacZ OE,0.27747381438134666,-0.33346860696168157,-20.97120566818577,70,2500
1296,38.08043626448534,362.772324471711,219.57327880027267,1815.0,1.2135213356680759,41403.5678254942,LacZ_2,LacZ OE,0.5601332860155095,-0.2681946701620923,-17.20300643804297,70,2500
1297,36.71350364963504,368.07025547445255,150.79562043795622,1355.0,1.211059230828773,45073.45894160584,LacZ_2,LacZ OE,0.7123122290277162,-0.2549830714130207,-17.018026067244296,70,2500
1298,38.23045054375971,368.6939409632315,340.79337131020196,2689.0,1.317381187724247,17906.16623511134,LacZ_2,LacZ OE,0.2918881993185072,-0.25553859651734445,-19.9367752236108,70,2500
1299,36.66388308977035,367.39144050104386,162.1972860125261,1347.0,1.3068953082567767,47609.831941544886,LacZ_2,LacZ OE,0.6870970023529972,-0.2567090737362514,-17.326778950027112,70,2500
1300,36.06979405034325,378.1681922196796,166.22311212814645,1049.0,1.383731913514056,42521.02860411899,LacZ_2,LacZ OE,0.6781169434695746,-0.2313463662935853,-18.119947514876557,70,2500
1301,37.34384537131231,378.00101729399796,60.595116988809764,1322.0,1.2731073965489872,19402.175991861648,LacZ_2,LacZ OE,0.9117377348663187,-0.23056564920724354,-14.38233350220736,70,2500
1302,36.625891946992866,378.17329255861364,221.61977573904178,1227.0,1.3899393000365352,48074.61365953109,LacZ_2,LacZ OE,0.5555319069453932,-0.23192264029399334,-18.855450023045016,70,2500
1303,37.32829373650108,395.82613390928725,105.97084233261339,1509.0,1.197700085847328,33276.82073434125,LacZ_2,LacZ OE,0.8111795505330461,-0.18901282468720837,-15.630022347888854,70,2500
1304,36.701219512195124,404.5317073170732,133.5609756097561,1025.0,1.3428174596985085,41542.14634146341,LacZ_2,LacZ OE,0.7500889801755701,-0.16879196613154124,-16.985221150285614,70,2500
1305,39.13132530120482,400.2542168674699,261.4265060240964,2440.0,1.3078133276455859,36496.517469879516,LacZ_2,LacZ OE,0.46712276182768897,-0.18021334860656157,-17.49477038818366,70,2500
1306,36.636853448275865,412.29741379310343,257.61422413793105,1215.0,1.327799773202532,39983.1713362069,LacZ_2,LacZ OE,0.4755692274467809,-0.1518217278284799,-20.017386055187295,70,2500
1307,37.30328441649196,414.4206848357792,355.36617749825297,1809.0,1.3417724922580294,25971.525506638714,LacZ_2,LacZ OE,0.25925369963583367,-0.14785870574413829,-21.65067174987459,70,2500
1308,37.582178217821784,414.1828382838284,271.1755775577558,1957.0,1.3752517133400144,44144.9102310231,LacZ_2,LacZ OE,0.44549980493109387,-0.14749998015434007,-19.40694116747846,70,2500
1309,36.53280318091451,425.3399602385686,281.4254473161034,1796.0,1.473167032039212,33338.72763419483,LacZ_2,LacZ OE,0.4227698970806921,-0.12131798281759276,-20.80406218485306,70,2500
1310,35.669099756691,423.1240875912409,115.61557177615572,647.0,1.51219064650746,37596.55717761557,LacZ_2,LacZ OE,0.7896637692819475,-0.1247655730158419,-17.78055582494496,70,2500
1311,36.23570800351803,430.5998240985048,232.33685136323658,1398.0,1.4139000877350907,41255.36675461741,LacZ_2,LacZ OE,0.5313350178972989,-0.1083853599557788,-20.0081931718395,70,2500
1312,36.73439917483239,433.452810727179,267.0809695719443,2379.0,1.5392259962900874,37327.46879834966,LacZ_2,LacZ OE,0.4544158432318084,-0.10202135803249845,-20.347503673092874,70,2500
1313,38.022364217252395,447.08306709265173,288.13162939297126,2010.0,1.6195230105991605,37219.909904153355,LacZ_2,LacZ OE,0.4076461861662548,-0.07006960945696283,-19.684006023547663,70,2500
1314,37.18305084745763,454.67186440677966,164.2637288135593,1849.0,1.3260780069975928,39546.54101694915,LacZ_2,LacZ OE,0.6816540326126306,-0.05084464957689694,-17.709755396682407,70,2500
1315,35.69574700109051,453.9596510359869,227.38495092693566,1128.0,1.309462357152356,38247.197382769904,LacZ_2,LacZ OE,0.5420921986864611,-0.05324335830140359,-20.661059686873042,70,2500
1316,36.36179775280899,465.87640449438203,274.4149812734082,1686.0,1.3016152909055059,35587.480149812734,LacZ_2,LacZ OE,0.4378960667703806,-0.025629427946430194,-21.20813052005875,70,2500
1317,37.6278659611993,471.32510288065845,214.41975308641975,1995.0,1.426374348998858,51279.70194003527,LacZ_2,LacZ OE,0.5705077472415407,-0.012097375358072426,-18.597196296063967,70,2500
1318,36.95785820525533,481.5399107585523,323.5379276152702,2617.0,1.535228690774826,30745.82895389192,LacZ_2,LacZ OE,0.32903705986602705,0.010797950065632334,-21.910610050561434,70,2500
1319,36.861133280127696,480.49561053471666,271.0598563447725,1741.0,1.3442704890686985,39546.56743814844,LacZ_2,LacZ OE,0.44515149066980797,0.008901807092693392,-20.77375200593997,70,2500
1320,38.88998262883613,511.0729588882455,46.430225825130286,2072.0,1.1901800097618458,29744.15170816445,LacZ_2,LacZ OE,0.9417078679425721,0.08351025788043898,-13.808241972273827,70,2500
1321,37.59361022364217,514.7309904153354,115.96421725239617,2176.0,1.7349598538132425,43335.31629392971,LacZ_2,LacZ OE,0.787906657519664,0.09135476548691313,-16.760917572907154,70,2500
1322,36.07632743362832,528.1980088495575,169.3816371681416,1208.0,1.370431735597787,47620.152654867255,LacZ_2,LacZ OE,0.669677293039642,0.12250628437640732,-19.65468822977281,70,2500
1323,38.30054012345679,537.5972222222222,343.7561728395062,3708.0,1.6696175822096224,27159.70447530864,LacZ_2,LacZ OE,0.28369566473610086,0.14283590861232853,-21.588044086277066,70,2500
1324,37.96260162601626,543.5739837398374,130.93170731707318,1782.0,1.507037394862722,56349.60081300813,LacZ_2,LacZ OE,0.7544953477249963,0.15923497414447874,-17.023108898680963,70,2500
1325,35.54414414414414,546.9918918918919,224.5972972972973,1638.0,1.511094705848834,33782.49009009009,LacZ_2,LacZ OE,0.5473671573856767,0.16622566442875986,-21.657702888312205,70,2500
1326,37.49413604378421,550.1344800625488,145.38467552775606,1676.0,1.4100191997719569,40814.76387802971,LacZ_2,LacZ OE,0.7224812077590339,0.17454222203106884,-17.89252041071593,70,2500
1327,36.09090909090909,554.0558213716108,280.21531100478467,1054.0,1.4587362312276089,30895.094098883572,LacZ_2,LacZ OE,0.4242246053684784,0.18229697447498872,-22.47674719501087,70,2500
1328,36.83233132932532,555.6673346693386,265.0661322645291,1887.0,1.3961078535254539,33646.928523714094,LacZ_2,LacZ OE,0.4576858256083396,0.1862794532636738,-21.398177999533665,70,2500
1329,36.70816326530612,557.0102040816327,196.1234693877551,1378.0,1.3964451303546566,35576.671428571426,LacZ_2,LacZ OE,0.610203850174887,0.19019210754519467,-19.92829404204338,70,2500
1330,36.6042654028436,557.827804107425,336.1714060031596,1567.0,1.4092760453207456,25277.633491311215,LacZ_2,LacZ OE,0.30036767986905755,0.19059888819373083,-23.304867664089826,70,2500
1331,37.46035087719298,575.5305263157895,91.41824561403509,1752.0,1.2679487433431855,40449.47789473684,LacZ_2,LacZ OE,0.8416293226960376,0.23503052446910644,-16.916695441956435,70,2500
1332,35.46007371007371,578.1203931203931,247.48218673218673,2116.0,1.479769647263952,32724.366707616708,LacZ_2,LacZ OE,0.4964411725728637,0.23940063598933037,-22.579734379632477,70,2500
1333,36.468120805369125,578.3280201342282,264.21392617449663,1408.0,1.3056447607463144,30564.678691275167,LacZ_2,LacZ OE,0.4593707701975567,0.23973187110751115,-21.964080509323786,70,2500
1334,37.6883604505632,582.1489361702128,144.36295369211516,1134.0,1.4407788512308746,36357.66207759699,LacZ_2,LacZ OE,0.724421816267298,0.25007267937005473,-17.987716573144105,70,2500
1335,36.658093797276855,586.2942511346445,324.05295007564297,1698.0,1.3630533644116256,29647.32602118003,LacZ_2,LacZ OE,0.3268996195236007,0.2578775696134554,-23.247026936296436,70,2500
1336,37.07288449660284,584.4410129709697,230.32736256948735,1989.0,1.5471756597176074,39697.248919085854,LacZ_2,LacZ OE,0.5342489633861058,0.25453249546914236,-20.62936684643531,70,2500
1337,36.72196620583718,594.9016897081414,195.37019969278035,925.0,1.3563765705356168,30944.385560675884,LacZ_2,LacZ OE,0.6115030142311875,0.27957813130303455,-20.26760308802396,70,2500
1338,34.8208,600.152,118.344,748.0,1.3488222614619965,25434.8064,LacZ_2,LacZ OE,0.7819586058481882,0.2927546961704386,-20.423934824193715,70,2500
1339,37.865280289330926,597.0253164556962,216.87974683544303,1418.0,1.4076994542533043,33358.89059674503,LacZ_2,LacZ OE,0.563836948560666,0.28438003452837113,-19.6468457192851,70,2500
1340,38.92030934767989,613.9697377269671,416.39710827168796,3425.0,1.3415157769775965,36600.48285137861,LacZ_2,LacZ OE,0.12221827099064919,0.3222076499315232,-23.408935314735885,70,2500
1341,36.65026495079485,616.4822104466314,163.9560938682816,1636.0,1.307186758338312,41546.439061317185,LacZ_2,LacZ OE,0.6807966000751586,0.3308209265552009,-19.818083166088776,70,2500
1342,35.91239048811014,631.2903629536921,284.24780976220273,1147.0,1.3168669274117712,23083.430538172717,LacZ_2,LacZ OE,0.41456530766047606,0.36442815290617925,-23.50474627706416,70,2500
1343,40.279802955665026,630.1093596059113,254.78866995073892,2550.0,1.1734798302117293,37259.518719211825,LacZ_2,LacZ OE,0.47952463810291346,0.36206173560075317,-18.440443440151693,70,2500
1344,38.88201363398007,642.2700576822234,431.22705820660724,2358.0,1.2605024070411353,30844.868379653908,LacZ_2,LacZ OE,0.08913754739883917,0.38880000785853186,-24.06976871920987,70,2500
1345,36.53574432296047,638.3952901597982,326.9957947855341,1519.0,1.5594320410184068,25864.677039529015,LacZ_2,LacZ OE,0.3198912777637619,0.3807375430560549,-23.947609074831536,70,2500
1346,36.1179820992677,646.6444263628966,95.60699755899105,1492.0,1.4911599895598449,30568.82017900732,LacZ_2,LacZ OE,0.8317437110923229,0.40269621458123805,-19.05194101422238,70,2500
1347,37.63020030816641,646.8104776579353,168.46995377503853,1858.0,1.3449535286552294,42606.05469953775,LacZ_2,LacZ OE,0.6704663263475585,0.4023319227168618,-19.24036668716279,70,2500
1348,36.586832061068705,649.0343511450382,351.6965648854962,1312.0,1.3287683009617581,15364.542938931298,LacZ_2,LacZ OE,0.26513920359050647,0.40556589453501357,-24.576421642437527,70,2500
1349,38.006582556226,656.6950082281953,264.4201865057597,2335.0,1.297422049719764,29534.253976961052,LacZ_2,LacZ OE,0.45807671526764016,0.4246149449125105,-21.19753106904842,70,2500
1350,34.993589743589745,665.6688034188035,239.64957264957266,772.0,1.8326412802237437,21441.371794871793,LacZ_2,LacZ OE,0.5129466301948227,0.4459820739793605,-23.719908366587315,70,2500
1351,36.30530164533821,690.0566727605119,264.51371115173674,756.0,1.3377622788992325,21271.703839122485,LacZ_2,LacZ OE,0.45763495196111803,0.5032677941621253,-23.22680351490287,70,2500
1352,37.332780082987554,709.8008298755186,276.67966804979255,1522.0,1.1916553237586136,24366.60082987552,LacZ_2,LacZ OE,0.43047558632706573,0.5497313103763097,-22.676402759746445,70,2500
1353,34.83793738489871,749.0570902394106,221.20073664825046,739.0,1.369351808341263,26832.565377532228,LacZ_2,LacZ OE,0.552962963936128,0.642872983017059,-24.261175551934553,70,2500
1354,36.853917662682605,762.6852589641434,323.27622841965473,1140.0,1.3190649684929294,17896.0411686587,LacZ_2,LacZ OE,0.3269012367057216,0.673957386873461,-24.758675720804835,70,2500
1355,36.37429264349232,773.6895715440583,224.98544866612772,1670.0,1.2641222422805545,23731.282134195633,LacZ_2,LacZ OE,0.5442721635816121,0.7009695075555871,-23.054501458581,70,2500
1356,35.85098743267505,771.048473967684,318.11669658886893,804.0,1.2823642467066938,16552.127468581686,LacZ_2,LacZ OE,0.33828679330852496,0.6937174200450609,-25.72282138800644,70,2500
1357,36.58662369057212,799.7735697018534,696.8049959709912,1529.0,1.333881161274103,20986.682514101532,LacZ_2,LacZ OE,-0.49981636236935745,0.7573818899741576,-34.09616639553205,70,2500
1358,38.509019607843136,81.82666666666667,430.7945098039216,1467.0,1.24436649323141,17124.34117647059,LacZ_2,LacZ OE,0.09553622155127606,-0.9331643752201229,-18.950113363096005,70,2500
1359,37.47826086956522,96.9262187088274,431.1534914361001,1715.0,1.1657838696129346,22389.087615283268,LacZ_2,LacZ OE,0.0946492132351644,-0.8975753359809864,-20.136619946917893,70,2500
1360,37.96886446886447,119.7032967032967,473.4175824175824,1541.0,1.3529487369887785,19076.78663003663,LacZ_2,LacZ OE,0.0009009498473293576,-0.8442966294912793,-20.854220594834906,70,2500
1361,39.66726296958855,120.11687537268932,548.7686344663089,1966.0,1.1362167033540516,28327.864042933812,LacZ_2,LacZ OE,-0.1658929658489373,-0.844099802806604,-20.916947829266448,70,2500
1362,41.08429828624363,148.9624826308476,786.3853635942565,2769.0,1.1104617584227554,17810.929597035665,LacZ_2,LacZ OE,-0.6919342497354919,-0.7786050292351194,-25.321717202649122,70,2500
1363,38.07624398073836,151.0505617977528,320.05056179775283,1567.0,1.292694703283219,17877.517656500804,LacZ_2,LacZ OE,0.33989207598170235,-0.7686891116688738,-17.478327776322068,70,2500
1364,38.99349442379182,156.7527881040892,297.7871747211896,1343.0,1.2870965408752977,20876.048327137545,LacZ_2,LacZ OE,0.38904367643578386,-0.754976360053057,-16.0981612840606,70,2500
1365,39.073593073593074,157.44155844155844,371.8484848484849,1537.0,1.1725921278668585,15885.379220779221,LacZ_2,LacZ OE,0.2251840856058669,-0.7541533691031007,-17.751297498776715,70,2500
1366,37.281716417910445,168.79384328358208,270.08022388059703,1547.0,1.3793874664951855,22649.488805970148,LacZ_2,LacZ OE,0.45031283821682866,-0.7263126894947356,-17.281294556364085,70,2500
1367,39.506360078277886,175.64921722113502,735.0724070450098,2470.0,1.1716076788834457,26490.570939334637,LacZ_2,LacZ OE,-0.5785891996237382,-0.7151363204536674,-25.9640338317661,70,2500
1368,38.87225130890052,178.81570680628272,549.0115183246073,1214.0,1.263378238874917,18387.596858638743,LacZ_2,LacZ OE,-0.16695714642486692,-0.7056631774177266,-22.29157918493401,70,2500
1369,37.84228416043508,181.74371176070701,411.3004758667573,1884.0,1.4372291439670508,23188.762746431,LacZ_2,LacZ OE,0.13773138254632422,-0.6972861517140525,-20.139625188237932,70,2500
1370,37.600361663652805,201.12115732368898,306.877034358047,1042.0,1.7891820902840536,21139.50813743219,LacZ_2,LacZ OE,0.36857654347172475,-0.6504517239787125,-18.13677237524432,70,2500
1371,37.900862068965516,205.44935344827587,242.22629310344828,1331.0,1.3592221760435645,28969.311422413793,LacZ_2,LacZ OE,0.5115485464358618,-0.6395342204494198,-16.371609775735045,70,2500
1372,36.0678391959799,211.8718592964824,351.3065326633166,624.0,1.562262933911069,12955.035175879397,LacZ_2,LacZ OE,0.270258584840813,-0.6256102256004399,-20.809685039789343,70,2500
1373,37.303108808290155,222.2396373056995,240.05569948186528,1114.0,1.4187711918429533,24820.365284974094,LacZ_2,LacZ OE,0.5162190805140614,-0.5999197947735835,-17.08282069016885,70,2500
1374,36.63442211055276,222.20979899497488,215.46231155778895,1159.0,1.2543562592536073,25717.552763819094,LacZ_2,LacZ OE,0.5706628614167111,-0.5997386277613789,-17.17769592496347,70,2500
1375,41.246006389776355,242.30287539936103,249.17955271565495,2387.0,1.3037670201648308,21851.991054313097,LacZ_2,LacZ OE,0.49563611468429114,-0.5526040787383548,-13.55013830162671,70,2500
1376,36.67801287948482,248.88592456301748,702.6872125114995,1393.0,1.3741559596490736,16663.78288868445,LacZ_2,LacZ OE,-0.5075045500098636,-0.5421005344041261,-28.75295968118151,70,2500
1377,37.63511187607573,245.9672977624785,234.592082616179,1475.0,1.3281741078700657,24161.086058519795,LacZ_2,LacZ OE,0.5280597265778935,-0.5438846986879464,-16.8556712768964,70,2500
1378,38.27399073461284,251.08934480476506,315.1078755790867,1866.0,1.3050536135369837,31807.02978160159,LacZ_2,LacZ OE,0.34984885306847935,-0.5326618685055113,-18.1440366003456,70,2500
1379,38.21513944223108,276.60637450199204,183.08366533864543,1464.0,1.3367113460992637,27045.780079681273,LacZ_2,LacZ OE,0.6416874301793236,-0.4710419149159282,-15.374818524350886,70,2500
1380,37.942583732057415,281.5956937799043,238.9066985645933,619.0,1.564075013824346,25032.825358851675,LacZ_2,LacZ OE,0.5181537234264617,-0.45988507446168336,-16.997406375586532,70,2500
1381,38.791718170580964,291.9839307787392,297.41718170580964,1987.0,1.302291755836496,36961.27873918418,LacZ_2,LacZ OE,0.3885642547831678,-0.43599694453596394,-17.61412479067022,70,2500
1382,36.56431535269709,306.4336099585062,180.6058091286307,729.0,1.4745719244414621,25684.946058091286,LacZ_2,LacZ OE,0.6469660240060147,-0.4006969442008784,-17.259132853244516,70,2500
1383,40.80812910938434,315.59055588762703,134.48535564853557,2054.0,1.5795933111532803,22599.61087866109,LacZ_2,LacZ OE,0.7486922078601776,-0.37850051492588377,-12.031120296681621,70,2500
1384,36.757936507936506,318.7063492063492,180.3452380952381,834.0,1.3606732245906974,26458.119047619046,LacZ_2,LacZ OE,0.6474137462838612,-0.3717410512596766,-17.179555397734138,70,2500
1385,36.783570300157976,322.2211690363349,318.8783570300158,961.0,1.5756393962471322,20181.23380726698,LacZ_2,LacZ OE,0.34089607640248554,-0.3649527412598037,-20.417711387825644,70,2500
1386,38.41161616161616,334.95454545454544,276.6066919191919,2229.0,1.6376499959207846,25383.38005050505,LacZ_2,LacZ OE,0.4342080224039877,-0.3344217829493402,-17.929337133451195,70,2500
1387,37.972911963882616,338.50338600451465,314.03160270880363,1258.0,1.5540040955484333,25704.16591422122,LacZ_2,LacZ OE,0.35139973913659595,-0.3264669008507327,-19.275043462284927,70,2500
1388,39.03599374021909,353.4319248826291,96.63145539906104,1539.0,1.1952101616136277,33200.444444444445,LacZ_2,LacZ OE,0.8321633640536217,-0.2888709702824729,-13.29043962830707,70,2500
1389,38.29386343993085,362.09507346585997,196.32238547968885,1533.0,1.327079960410802,33963.014693171994,LacZ_2,LacZ OE,0.6115676854741896,-0.26953503204565454,-16.44101192495663,70,2500
1390,39.15276695245518,368.65471551052224,232.88932190179267,1578.0,1.2309756260929616,39859.555728760715,LacZ_2,LacZ OE,0.5305613373230984,-0.2544394119561759,-16.498977380662847,70,2500
1391,36.73989898989899,380.8644781144781,273.78198653198655,1523.0,1.4904008035981344,36999.29797979798,LacZ_2,LacZ OE,0.4400994395601119,-0.2261380420056328,-19.983778718717165,70,2500
1392,38.83580167417901,389.6368319381842,172.62974887314874,1831.0,1.2410424262213677,52798.22150676111,LacZ_2,LacZ OE,0.663689365383116,-0.2043007725669791,-15.616361599780802,70,2500
1393,37.88527257933279,387.38161106590724,191.90561432058584,1503.0,1.243462122991152,40117.3409275834,LacZ_2,LacZ OE,0.6211155472431364,-0.2098511576519233,-16.993872623653676,70,2500
1394,37.891824938067714,408.50784475639966,343.0148637489678,1452.0,1.2417507890902875,20688.819157720893,LacZ_2,LacZ OE,0.2866057935088968,-0.16165833719932576,-20.716551737596287,70,2500
1395,37.650887573964496,412.5371466140697,197.9388560157791,1800.0,1.2341262442599372,43087.755424063114,LacZ_2,LacZ OE,0.6075366931009838,-0.15058568329707134,-17.61490587824665,70,2500
1396,38.202101859337105,415.2805173807599,287.9579628132579,1666.0,1.520226590457276,35788.99110751819,LacZ_2,LacZ OE,0.40832880501348834,-0.14507872114640208,-19.189174117934282,70,2500
1397,37.51191611058151,416.0066730219256,177.23927550047665,1373.0,1.3961755286851072,53278.72926596759,LacZ_2,LacZ OE,0.653304813646739,-0.14218044916112516,-17.30523718108039,70,2500
1398,41.16203143893591,407.5876662636034,98.37605804111246,2120.0,1.2886534699834562,46148.861547763,LacZ_2,LacZ OE,0.8276698557793192,-0.16110008612484328,-11.73552031250059,70,2500
1399,38.26789838337182,417.8675904541955,225.34642032332565,1580.0,1.2802905600591126,36973.7220939184,LacZ_2,LacZ OE,0.5468183835835754,-0.13829561862424034,-17.689144672645472,70,2500
1400,38.85536723163842,424.1734463276836,154.0774011299435,2109.0,1.3979276741182054,52799.52994350283,LacZ_2,LacZ OE,0.7043983004318066,-0.12263490528212595,-15.502170280342892,70,2500
1401,38.83845208845209,434.50307125307125,249.04299754299754,1983.0,1.358865759245613,43142.44533169533,LacZ_2,LacZ OE,0.49420306021706306,-0.09930030123499278,-17.833907182721553,70,2500
1402,37.66530612244898,437.99510204081633,162.93632653061223,1499.0,1.3492904228909937,43563.195918367346,LacZ_2,LacZ OE,0.6847271252617415,-0.0901559902965865,-17.0335729412431,70,2500
1403,37.3,438.8934306569343,176.21313868613137,1671.0,1.3895001117361525,46445.99635036496,LacZ_2,LacZ OE,0.6553644936290928,-0.08818941398402458,-17.717050900999457,70,2500
1404,35.924528301886795,451.5117924528302,108.31603773584905,599.0,1.4767226270673388,28220.42688679245,LacZ_2,LacZ OE,0.8055249584398219,-0.05772030505455028,-17.632744825149487,70,2500
1405,40.355661881977674,445.20095693779905,226.76634768740033,1781.0,1.293058609422132,48077.47926634769,LacZ_2,LacZ OE,0.5433046597748781,-0.07379006671580945,-15.90253314858677,70,2500
1406,38.57286096256684,460.1016042780749,192.07085561497325,1768.0,1.19292283801758,48006.83622994652,LacZ_2,LacZ OE,0.6200108530992665,-0.038307060613013366,-17.021727579770417,70,2500
1407,37.39361060880048,473.9168173598553,198.31585292344786,2073.0,1.254597412336927,46660.98432790838,LacZ_2,LacZ OE,0.6061220787781874,-0.005814736996396563,-18.481325640600648,70,2500
1408,39.78004807692308,480.31850961538464,284.09975961538464,2214.0,1.3135865791781336,44483.728966346156,LacZ_2,LacZ OE,0.41615364586581793,0.00840923060545018,-18.158015822022,70,2500
1409,39.319492502883506,486.4031141868512,336.17877739331027,2089.0,1.3621744430300684,24814.172433679356,LacZ_2,LacZ OE,0.30090209300543425,0.02218593110126621,-19.891979728384506,70,2500
1410,37.90380549682875,496.17653276955605,149.76638477801268,1196.0,1.301150837099718,46852.801268498944,LacZ_2,LacZ OE,0.7132882633044855,0.04722931237788752,-17.05729069256007,70,2500
1411,38.32773673606447,497.39758226997986,112.11752854264607,1885.0,1.3286690565836718,46069.30288784419,LacZ_2,LacZ OE,0.796546603457676,0.050527625991448666,-15.767792801165221,70,2500
1412,38.893959731543625,495.8181208053691,261.7268456375839,1894.0,1.2664967311458615,47209.958389261745,LacZ_2,LacZ OE,0.46554596802464454,0.04519184131892007,-18.673899866280365,70,2500
1413,37.31541850220264,496.9647577092511,227.13568281938325,1426.0,1.3904572363900525,46431.239647577095,LacZ_2,LacZ OE,0.5421438666924903,0.04823574536740094,-19.456785566021225,70,2500
1414,37.55949367088608,509.41350210970467,204.5071729957806,1518.0,1.3854227348511319,50326.97299578059,LacZ_2,LacZ OE,0.5920727605269398,0.07785061712381003,-18.807064402466306,70,2500
1415,37.39771283354511,507.16137229987294,158.38373570520966,985.0,1.2697820878177584,38472.41931385006,LacZ_2,LacZ OE,0.6941436298531047,0.07303504770558167,-17.871561379128966,70,2500
1416,36.674107142857146,518.1770833333334,154.95684523809524,895.0,1.4438908210141508,45733.427083333336,LacZ_2,LacZ OE,0.7016558946994702,0.0990393046827438,-18.622809659500373,70,2500
1417,38.186248912097476,519.9921671018277,229.97476066144475,1448.0,1.5264457868944385,45896.2088772846,LacZ_2,LacZ OE,0.5355950569309824,0.10254133051116243,-18.877678218179117,70,2500
1418,37.95967741935484,528.5783410138249,306.29953917050693,2338.0,1.426852312216157,38732.38824884793,LacZ_2,LacZ OE,0.36666734505284904,0.12196097214966661,-20.96740621055401,70,2500
1419,37.065384615384616,535.123076923077,143.36410256410255,1055.0,1.3202954441706782,38111.51666666667,LacZ_2,LacZ OE,0.7271188010341714,0.13914581419445393,-18.127185834253147,70,2500
1420,37.986376021798364,537.8937329700273,319.300408719346,1934.0,1.250424279457124,40779.519073569485,LacZ_2,LacZ OE,0.3378134943949429,0.14379346025325246,-21.334910691344675,70,2500
1421,38.16245487364621,577.5477050025786,304.42186694172256,2435.0,1.3490692937374538,32661.25012893244,LacZ_2,LacZ OE,0.370337121012013,0.2374937450175787,-21.199957317999562,70,2500
1422,38.28811282740094,581.4546675621223,215.11417058428475,1883.0,1.3382473052414896,40896.46809939557,LacZ_2,LacZ OE,0.5678718001644321,0.2476811652109281,-19.03067294430134,70,2500
1423,37.19016393442623,587.0245901639345,157.04098360655738,886.0,1.3555929869682946,29171.068852459015,LacZ_2,LacZ OE,0.6963522809546139,0.26142433880746174,-18.82899155475859,70,2500
1424,38.61273209549071,590.5736074270557,85.76989389920425,1853.0,1.3455093461563965,32658.87400530504,LacZ_2,LacZ OE,0.853920290536756,0.27060137343369073,-15.780168159853144,70,2500
1425,38.76279974076474,599.8554763447829,156.47051198963058,1916.0,1.3018765177472973,46024.73946856773,LacZ_2,LacZ OE,0.6974089356002007,0.29173161876091047,-17.3690759641317,70,2500
1426,37.34790528233151,605.2841530054645,311.1657559198543,822.0,1.5509599100346068,29730.739526411657,LacZ_2,LacZ OE,0.3551910876452662,0.30282606012419166,-22.44278326207274,70,2500
1427,44.2723623853211,603.1599770642201,310.1508027522936,2739.0,1.3691385254824588,32470.141628440368,LacZ_2,LacZ OE,0.35709917829000837,0.29798469222563484,-15.476099905214124,70,2500
1428,40.56414922656961,627.2156505914468,151.37943585077343,3183.0,1.5173303512831602,38221.440855323024,LacZ_2,LacZ OE,0.7083143078470719,0.3563645037280847,-15.717268666346836,70,2500
1429,38.711693548387096,629.9159946236559,171.79166666666666,1998.0,1.2840091803582698,42948.3313172043,LacZ_2,LacZ OE,0.6632251318538609,0.3624702691532533,-18.071385269791755,70,2500
1430,37.900763358778626,682.4625954198473,181.89160305343512,884.0,1.4376094737243301,28287.088549618322,LacZ_2,LacZ OE,0.6404141486143466,0.48628785625253235,-19.63152838035968,70,2500
1431,39.053741838272224,710.9834254143647,97.15620291310898,2584.0,1.381355556676642,44273.50226017077,LacZ_2,LacZ OE,0.8275421124878759,0.554507729892578,-16.782619543209492,70,2500
1432,37.43162393162393,709.8162393162393,904.502849002849,881.0,1.456337468883241,15323.420227920227,LacZ_2,LacZ OE,-0.9584879068583277,0.5429586473476404,-37.21316714106773,70,2500
1433,36.8821752265861,715.2628398791541,195.9939577039275,872.0,1.2474025761478007,28230.762839879153,LacZ_2,LacZ OE,0.6089502402833555,0.5634800440893801,-21.299399426114235,70,2500
1434,36.812664907651715,730.6583113456464,147.82058047493405,998.0,1.4381068235123025,23552.11345646438,LacZ_2,LacZ OE,0.7153807588476757,0.6003155637120241,-20.396503248661947,70,2500
1435,36.2771855010661,741.6993603411514,171.0639658848614,726.0,1.6875650169388743,24559.01066098081,LacZ_2,LacZ OE,0.6638793415920015,0.6260945355724443,-21.581654220899,70,2500
1436,36.24338624338624,779.0899470899471,277.8558201058201,999.0,1.4591739159272277,15730.562169312168,LacZ_2,LacZ OE,0.42725945005911536,0.7131312049375795,-24.470675737208747,70,2500
1437,38.77346780449961,85.94569433669511,514.0380139643134,1586.0,1.3352290804705986,18125.43987587277,LacZ_2,LacZ OE,-0.08868021958453409,-0.9243455840881456,-20.666564519650564,70,2500
1438,37.556109725685786,107.50623441396509,563.8428927680798,534.0,1.3856768884780046,9605.835411471322,LacZ_2,LacZ OE,-0.19901122387703918,-0.8740572191217864,-23.25546656555127,70,2500
1439,40.245053272450534,125.04490106544901,762.8980213089802,1576.0,1.154559115944496,17463.262557077625,LacZ_2,LacZ OE,-0.6396974817085854,-0.8347855968483637,-25.379201707237097,70,2500
1440,39.52955465587045,145.90121457489877,425.7392712550607,1540.0,1.3390362767337773,20166.816194331983,LacZ_2,LacZ OE,0.10604744216651141,-0.781948711396378,-18.438858796935843,70,2500
1441,38.55030181086519,214.32494969818913,222.73541247484908,1224.0,1.2444257625744377,24645.35814889336,LacZ_2,LacZ OE,0.5545495586370717,-0.6183723919359296,-15.354842324987992,70,2500
1442,36.877300613496935,217.03885480572598,274.39059304703477,708.0,1.2991334523285585,24580.359918200407,LacZ_2,LacZ OE,0.4403309540822402,-0.6125694976698877,-18.258010793337228,70,2500
1443,40.270124257158294,243.68503511615344,855.9773095623987,2360.0,1.10809597291153,20954.170718530524,LacZ_2,LacZ OE,-0.8467696728191317,-0.5559493130428097,-28.684523496705182,70,2500
1444,39.487826086956524,271.5608695652174,257.8791304347826,1489.0,1.2599253432222726,29379.972173913044,LacZ_2,LacZ OE,0.4761974822832715,-0.48372553588416634,-15.79676745125462,70,2500
1445,39.63932702418507,285.10725552050474,219.732912723449,1217.0,1.211370481372805,30941.512092534176,LacZ_2,LacZ OE,0.5604509840911098,-0.4513553347086825,-14.88858921888372,70,2500
1446,37.29354207436399,290.9481409001957,844.5264187866927,1277.0,1.3326561640188892,19671.221135029355,LacZ_2,LacZ OE,-0.8217398539402005,-0.44440994222445984,-31.85556194314581,70,2500
1447,39.03162853297443,290.771197846568,196.84589502018844,1773.0,1.2573526500460934,29589.753028263796,LacZ_2,LacZ OE,0.611061453088261,-0.43776093331408883,-15.017972075872105,70,2500
1448,37.800791556728235,349.5923482849604,294.0883905013193,1882.0,1.5597272799162603,26133.094986807388,LacZ_2,LacZ OE,0.3954225089556249,-0.3000980849358931,-19.090681004280267,70,2500
1449,39.28703134603565,349.28149969268594,245.9182544560541,2175.0,1.5204085001663488,28140.102642901045,LacZ_2,LacZ OE,0.5019174129433739,-0.3002747794124614,-16.478962969040346,70,2500
1450,38.7309721175584,363.10324039186133,247.5681989449887,1811.0,1.5071841510951853,32094.67143933685,LacZ_2,LacZ OE,0.49816218495799114,-0.2677029801151214,-17.208515906222356,70,2500
1451,39.3639181649101,367.28146311221326,276.8896466212027,2066.0,1.45561983399045,33773.8617482951,LacZ_2,LacZ OE,0.43322003949444343,-0.25815114723530974,-17.30016840488239,70,2500
1452,38.52110091743119,382.25871559633026,340.73577981651374,923.0,1.7824832823656442,15581.54495412844,LacZ_2,LacZ OE,0.2918693462120818,-0.22353506826850755,-19.777570421858854,70,2500
1453,38.5169779286927,388.3438030560272,259.41595925297116,1510.0,1.3708115664055671,36619.28607809847,LacZ_2,LacZ OE,0.47171776310232816,-0.2082995621567999,-17.945541088995554,70,2500
1454,39.391746411483254,380.3181818181818,357.6931818181818,2260.0,1.6069754556421691,22444.698564593302,LacZ_2,LacZ OE,0.2543275870906605,-0.22827644873304875,-19.283520708506433,70,2500
1455,39.72591006423983,388.3286937901499,288.830835117773,1472.0,1.4383471864731183,28973.67130620985,LacZ_2,LacZ OE,0.40657972525107233,-0.2086267257480806,-17.42254893738988,70,2500
1456,41.25090579710145,425.17753623188406,171.66123188405797,1478.0,1.2658851103056075,50917.891304347824,LacZ_2,LacZ OE,0.6653633655701039,-0.1204025620907152,-13.527123089203144,70,2500
1457,38.63250517598344,423.6697722567288,318.64699792960664,1413.0,1.556519094067221,30536.33126293996,LacZ_2,LacZ OE,0.3403308166058223,-0.12561346640513593,-19.556378707245702,70,2500
1458,38.85418265541059,429.70913277052955,295.57482732156564,1859.0,1.5256132707950387,32172.370683039142,LacZ_2,LacZ OE,0.39130440911568476,-0.11111259517062055,-18.856006966798123,70,2500
1459,39.25897294312534,457.98619547211484,144.923799006074,2194.0,1.2046223883053089,51231.695196024295,LacZ_2,LacZ OE,0.7243011710312681,-0.04276967418377309,-15.216078202538021,70,2500
1460,40.513392857142854,466.80357142857144,339.3851461038961,3015.0,1.3173990586690991,38048.030844155845,LacZ_2,LacZ OE,0.2939364416418928,-0.024052535613164894,-18.581476481546442,70,2500
1461,38.442542787286065,471.6332518337408,166.66585167074166,1489.0,1.352477515867604,37890.12795436023,LacZ_2,LacZ OE,0.6761105187639556,-0.010833839798320755,-16.672584834677842,70,2500
1462,37.635091496232505,473.81162540365983,98.19052744886976,1161.0,1.3712817469068956,34676.56512378902,LacZ_2,LacZ OE,0.827621862378271,-0.004971086812731951,-15.904833215341064,70,2500
1463,38.38291139240506,471.8971518987342,141.39240506329114,909.0,1.5146896481894552,41721.601265822785,LacZ_2,LacZ OE,0.7320245002495249,-0.00993852774653703,-16.14561976634471,70,2500
1464,36.60189573459716,476.7843601895735,131.89099526066352,1126.0,1.459348158303947,49784.568720379146,LacZ_2,LacZ OE,0.7530896123027593,0.0016517257597954416,-17.752383529681083,70,2500
1465,39.173622704507515,486.2228714524207,138.78380634390652,1511.0,1.291146382573254,53490.508347245406,LacZ_2,LacZ OE,0.7376161346152348,0.023898991000698366,-15.434490166999684,70,2500
1466,39.524407252440724,481.6234309623431,257.67782426778246,1784.0,1.3029311647847996,44538.384937238494,LacZ_2,LacZ OE,0.4746085330885885,0.011768064264704226,-17.810408299865,70,2500
1467,38.23257766582704,498.68345927791773,242.1024349286314,1567.0,1.4661171704793012,44044.002518891684,LacZ_2,LacZ OE,0.5089682934656041,0.0521483407872132,-18.90562812772195,70,2500
1468,41.29233226837061,498.3905750798722,308.529552715655,2371.0,1.5873467398995555,38494.72444089457,LacZ_2,LacZ OE,0.3618536281517364,0.05080667363058278,-17.3924942633228,70,2500
1469,39.21888111888112,504.7916083916084,125.05524475524476,1683.0,1.2935181933791473,51051.9958041958,LacZ_2,LacZ OE,0.767806381314694,0.06784846135278899,-15.250860143525422,70,2500
1470,39.8457269700333,510.67536071032185,320.6609322974473,2197.0,1.3493995252110451,34838.82297447281,LacZ_2,LacZ OE,0.33497080108217236,0.0796190964595449,-19.241610365528516,70,2500
1471,38.893303899926416,510.29948491537897,181.40691685062546,1741.0,1.3747843061496652,49928.63649742457,LacZ_2,LacZ OE,0.6431008688949607,0.08022151669503552,-16.94384856238785,70,2500
1472,39.5491452991453,509.994301994302,218.56552706552708,1739.0,1.2890424512316137,40555.17022792023,LacZ_2,LacZ OE,0.5608624514468015,0.07911349595403316,-17.1514499243143,70,2500
1473,38.56443298969072,513.5934278350516,137.3028350515464,1867.0,1.3720937945959075,53267.12177835051,LacZ_2,LacZ OE,0.7406592136157741,0.08846216943232177,-16.276709735360516,70,2500
1474,39.55021520803443,525.5860832137733,146.65781922525107,1718.0,1.2208783112525763,49304.6599713056,LacZ_2,LacZ OE,0.7197958279765919,0.11667117187078158,-15.626636401933855,70,2500
1475,39.04866310160428,527.4101604278075,330.28502673796794,2632.0,1.5266201677529083,35864.07272727273,LacZ_2,LacZ OE,0.31355831483218144,0.11897013663459877,-20.426475898822684,70,2500
1476,38.98718730933496,537.5784014643075,228.08297742525932,2240.0,1.4891697162417794,40219.97620500305,LacZ_2,LacZ OE,0.5395687768440665,0.14406213088094266,-18.204930220808137,70,2500
1477,37.38259292837715,543.0580235720762,174.46146872166818,1325.0,1.3812305124288613,43858.599274705346,LacZ_2,LacZ OE,0.6582276915153045,0.15753244338810535,-18.612623813176604,70,2500
1478,38.29620661824052,539.3486682808717,160.22356739305891,1541.0,1.3534783156860388,46275.400322841,LacZ_2,LacZ OE,0.6897154378592707,0.14895822815956694,-17.331110799011828,70,2500
1479,39.23271731690623,549.2306639288158,101.92607802874743,2012.0,1.1906873526099406,36605.05749486653,LacZ_2,LacZ OE,0.8185452824648625,0.17292149485656738,-15.132573407107024,70,2500
1480,38.24699352451434,558.0323774283071,182.04902867715077,1361.0,1.4377869923968511,36174.12210915819,LacZ_2,LacZ OE,0.6412518735615531,0.1927910092166807,-18.07186018987156,70,2500
1481,38.14198161389172,563.5536261491318,310.5423901940756,1351.0,1.4364912884732168,28258.14504596527,LacZ_2,LacZ OE,0.35693289848933407,0.20441797509728454,-21.22620707486625,70,2500
1482,39.99183197199533,565.4912485414236,245.14935822637105,1147.0,1.2537234575299585,31281.429404900817,LacZ_2,LacZ OE,0.5014901538719594,0.2097400729119363,-17.871500484522464,70,2500
1483,42.109870740305524,569.4700352526439,223.6186839012926,2222.0,1.278246162362222,33548.61398354876,LacZ_2,LacZ OE,0.5489753581118721,0.21940707940645332,-15.29115072655554,70,2500
1484,39.24546722454672,571.5083682008368,118.81171548117155,1825.0,1.2990116125819913,47012.813807531384,LacZ_2,LacZ OE,0.7809723117983607,0.22528671305023829,-15.731383157228922,70,2500
1485,37.89221556886228,595.5651197604791,139.19011976047904,1691.0,1.5165137731998137,38646.43862275449,LacZ_2,LacZ OE,0.7357255413713124,0.28177922854288817,-17.79458234874886,70,2500
1486,42.59775641025641,609.2423878205128,321.62419871794873,3570.0,1.6950431828835948,27917.586939102563,LacZ_2,LacZ OE,0.33174382831965277,0.31216903401134766,-17.477131576387208,70,2500
1487,40.81665547347213,606.0436534586971,335.08462055070515,2199.0,1.4707334258386724,25270.817998656818,LacZ_2,LacZ OE,0.3020878037025023,0.3044372426781903,-19.540153189612273,70,2500
1488,39.34505494505495,616.7531135531135,305.57142857142856,1693.0,1.3522043204570415,31860.63663003663,LacZ_2,LacZ OE,0.3673534549830322,0.32998505727062954,-20.428053656667338,70,2500
1489,37.578457446808514,622.3843085106383,228.33510638297872,1047.0,1.3707854647336077,27625.301861702126,LacZ_2,LacZ OE,0.5382632687679969,0.3440653954989683,-20.448687391473985,70,2500
1490,38.38644688644688,628.3901098901099,66.50244200244201,2243.0,1.4783953054926091,34039.44627594628,LacZ_2,LacZ OE,0.8961922516433416,0.36000590853008996,-15.927163939809134,70,2500
1491,38.48073394495413,634.1009174311927,85.34128440366972,1393.0,1.3677455514299588,32265.405504587157,LacZ_2,LacZ OE,0.8544542032282674,0.37327419518869265,-16.327931516389484,70,2500
1492,40.66580310880829,646.5740932642487,189.75077720207253,2697.0,1.3900974487896616,38073.296373057,LacZ_2,LacZ OE,0.6232313082641938,0.4016127677014978,-16.699507099328688,70,2500
1493,39.19766643788607,656.6568291008922,152.70830473575842,1829.0,1.242987530541694,49205.983527796845,LacZ_2,LacZ OE,0.7051601714432878,0.4257640443970059,-17.402296054831037,70,2500
1494,37.22734254992319,658.4976958525345,108.23655913978494,887.0,1.3852089507144605,32281.84024577573,LacZ_2,LacZ OE,0.803630808995804,0.430543732070511,-18.353300349496145,70,2500
1495,40.811764705882354,655.6941176470589,402.94117647058823,599.0,1.4651824000233993,11628.658823529411,LacZ_2,LacZ OE,0.15148591179714943,0.4208152896061803,-21.612570118610584,70,2500
1496,39.129124820659975,677.2482065997131,168.64562410329987,939.0,1.5207903714431559,27802.720229555238,LacZ_2,LacZ OE,0.6697057198172536,0.47416002758641773,-18.043768524342628,70,2500
1497,38.18472906403941,687.7130541871921,902.5665024630542,1024.0,1.2751895390447856,16313.757389162562,LacZ_2,LacZ OE,-0.9540291189232675,0.4908603790953723,-36.19894295858214,70,2500
1498,37.104294478527606,699.8670756646217,99.1799591002045,726.0,1.47726619076164,27117.456032719838,LacZ_2,LacZ OE,0.8232731849294683,0.5282202889073389,-18.66987650209596,70,2500
1499,39.4125,706.7576388888889,423.49791666666664,1797.0,1.5162050385050088,23724.871527777777,LacZ_2,LacZ OE,0.10558568152119441,0.5410077468545527,-23.990114269223177,70,2500
1500,37.48211508553655,724.6687402799378,192.62519440124416,849.0,1.4134003532777109,23386.96267496112,LacZ_2,LacZ OE,0.6162810775241394,0.5857167022290501,-20.713132485392393,70,2500
1501,39.458251150558844,724.7462195923734,255.90138067061145,2119.0,1.3271166082264132,26778.9355687048,LacZ_2,LacZ OE,0.47618976575782,0.5852580866041046,-20.213441278330645,70,2500
1502,36.96116504854369,731.6375404530744,163.1359223300971,603.0,1.487224920561637,21466.47572815534,LacZ_2,LacZ OE,0.6814808685173355,0.602462579679018,-20.61465150207433,70,2500
1503,36.707458363504706,748.3779869659667,661.6097031136858,1699.0,1.4667359046385178,18263.956553222302,LacZ_2,LacZ OE,-0.42146139185092124,0.6365358029820769,-32.652150452349176,70,2500
1504,39.1141924959217,748.2079934747145,445.5138662316476,1511.0,1.3915757889441458,22572.619902120718,LacZ_2,LacZ OE,0.056493292676287554,0.6385341973669334,-25.20703003127908,70,2500
1505,39.548536209553156,765.9560862865948,347.2419106317411,1590.0,1.2680043267127385,23403.24345146379,LacZ_2,LacZ OE,0.27371008866200874,0.6814740472320051,-22.655587905252617,70,2500
1506,40.05745454545455,752.7454545454545,346.1876363636364,1681.0,1.62637905981942,25084.705454545456,LacZ_2,LacZ OE,0.2761440154536987,0.6503361786258515,-21.99302476457627,70,2500
1507,39.14565217391304,764.6543478260869,203.3217391304348,672.0,1.5075703235384998,23973.56304347826,LacZ_2,LacZ OE,0.5921438351009016,0.6799557331082176,-19.690631057589457,70,2500
1508,39.16266300617708,778.3019903912149,425.62663006177075,1765.0,1.349830548945863,22535.101578586135,LacZ_2,LacZ OE,0.10019694426534609,0.7097360661599701,-24.989365716265645,70,2500
1509,37.50149551345962,786.2452642073779,694.6221335992024,1288.0,1.3817572411541978,14162.038883349951,LacZ_2,LacZ OE,-0.49490352281262273,0.7255162115449405,-32.99836297365823,70,2500
1510,38.81931236283833,789.9078273591807,380.11631309436723,1634.0,1.3003732514820217,23519.992684711047,LacZ_2,LacZ OE,0.20078668745642658,0.7375975429011326,-24.385230469329056,70,2500
1511,38.74111675126903,798.1624365482234,344.5507614213198,948.0,1.1832082398322588,17529.158629441623,LacZ_2,LacZ OE,0.27939395005489276,0.7574523853315946,-23.71506831349643,70,2500
1512,39.21125461254613,859.2214022140222,457.0968634686347,1415.0,1.2219544945442853,17911.799815498154,LacZ_2,LacZ OE,0.029788662962025647,0.9002665410809663,-26.465985332100583,70,2500
1513,40.08457711442786,67.95771144278606,462.53648424543945,1474.0,1.2364119528074715,17949.315091210614,LacZ_2,LacZ OE,0.02536494216883267,-0.96618653879079,-17.97933789208176,70,2500
1514,39.804270462633454,94.79359430604983,486.94424673784107,1052.0,1.1944961454995646,13963.181494661922,LacZ_2,LacZ OE,-0.0288784808063709,-0.9031578949923542,-19.091051312518832,70,2500
1515,39.31624674196351,108.33101650738489,484.05734144222413,1501.0,1.418418938305677,19037.978279756735,LacZ_2,LacZ OE,-0.022597420741041874,-0.8712059658716944,-19.644048949201064,70,2500
1516,39.96073903002309,146.0461893764434,364.78290993071596,1182.0,1.257618409739595,15806.90300230947,LacZ_2,LacZ OE,0.24087994085500308,-0.7809355880327467,-16.588253411175057,70,2500
1517,40.656462585034014,157.80680272108845,664.6081632653061,2090.0,1.2232536843712465,16085.297278911565,LacZ_2,LacZ OE,-0.42258515704883226,-0.7564318605832752,-22.99713947935455,70,2500
1518,40.17921146953405,188.34408602150538,288.24014336917566,929.0,1.379927190589518,23528.53046594982,LacZ_2,LacZ OE,0.40979801683942263,-0.6803289124153233,-14.999305474894971,70,2500
1519,39.66139468008627,235.16822429906543,286.7469446441409,1648.0,1.3049020727244438,40875.49676491733,LacZ_2,LacZ OE,0.41267520552487347,-0.5698768684265549,-15.940197803038718,70,2500
1520,39.26792179580014,237.26864590876175,303.44605358435916,1878.0,1.3238114622021795,28745.57132512672,LacZ_2,LacZ OE,0.3757311155412357,-0.5651125952907297,-16.74337126978601,70,2500
1521,39.63212435233161,231.95509499136443,397.4680483592401,743.0,1.3849438822232265,12361.991364421416,LacZ_2,LacZ OE,0.16775509745009987,-0.57865780532343,-18.519088784029243,70,2500
1522,43.85871156661786,252.40409956076135,845.3631039531479,2077.0,1.1129222945412218,12273.773792093703,LacZ_2,LacZ OE,-0.8235572744201104,-0.5351859142391626,-24.934944168425886,70,2500
1523,41.573626373626375,251.3131868131868,223.5978021978022,1347.0,1.2215680566858231,21588.54835164835,LacZ_2,LacZ OE,0.5521275304799047,-0.5310657540585869,-12.714418988224068,70,2500
1524,39.79706601466992,262.2127139364303,264.9494702526487,1581.0,1.3690826686069952,29634.801140994296,LacZ_2,LacZ OE,0.4606299512263834,-0.5058453900816269,-15.560998929263604,70,2500
1525,39.89068825910931,263.5165991902834,247.1408906882591,1560.0,1.2337236198545143,25846.695546558705,LacZ_2,LacZ OE,0.5000111270565253,-0.5025744735776736,-15.065019055758476,70,2500
1526,38.37150837988827,283.6117318435754,268.25698324022346,541.0,1.5267817983768575,18803.45810055866,LacZ_2,LacZ OE,0.4531792450980878,-0.4554383218048552,-17.27253607526001,70,2500
1527,39.2467018469657,306.6715039577836,369.3588390501319,897.0,1.3598692612215049,10781.060686015831,LacZ_2,LacZ OE,0.22923923826771797,-0.4021223555894671,-18.98002478551958,70,2500
1528,39.64889705882353,315.0257352941176,152.63327205882354,1317.0,1.3245187562170169,26224.79136029412,LacZ_2,LacZ OE,0.7086082277745447,-0.38005615126057823,-13.607509589800927,70,2500
1529,40.40080699394755,327.95830531271014,162.37256220578345,1889.0,1.2194706284618708,32767.757901815738,LacZ_2,LacZ OE,0.6868976201967956,-0.3496396088441872,-13.20938705834564,70,2500
1530,39.51201671891327,330.18390804597703,296.0240334378265,1427.0,1.528632478295948,29049.882967607107,LacZ_2,LacZ OE,0.39123954852984877,-0.34586018756308956,-17.235265346643892,70,2500
1531,38.74937965260546,328.0074441687345,175.0,649.0,1.461338980562187,27509.915632754342,LacZ_2,LacZ OE,0.659046313206221,-0.3496983966185373,-15.155130306602377,70,2500
1532,40.3589196872779,337.82871357498226,193.98152096659558,1786.0,1.302343539160948,36417.81378820185,LacZ_2,LacZ OE,0.6168745272770713,-0.32670140674093695,-14.084665157809901,70,2500
1533,39.40965861781849,349.51623646960866,168.79517069109076,1531.0,1.394419258823203,32440.090757701913,LacZ_2,LacZ OE,0.6725312747136782,-0.29888157848954544,-14.560825510327355,70,2500
1534,40.24849699398798,349.1663326653307,381.15230460921845,1899.0,1.3078592294634344,13249.363393453574,LacZ_2,LacZ OE,0.20268515812997756,-0.30199164067657236,-18.66917059145612,70,2500
1535,40.513822688274544,361.9447092469018,106.84270734032413,1326.0,1.2356225280531097,28935.11248808389,LacZ_2,LacZ OE,0.809413861003567,-0.2688682618110705,-12.134396336696248,70,2500
1536,41.631804281345566,363.42140672782875,207.662996941896,2166.0,1.2946526931549298,44837.77064220184,LacZ_2,LacZ OE,0.5862930485902029,-0.2664533422025006,-13.381477882293403,70,2500
1537,39.623655913978496,361.078853046595,307.7956989247312,725.0,1.717628710218312,18653.383512544802,LacZ_2,LacZ OE,0.36489193649814666,-0.27311108748131163,-17.700300426321373,70,2500
1538,40.75306623058054,378.33605887162713,178.42927228127556,1524.0,1.3994689201852804,49964.347506132464,LacZ_2,LacZ OE,0.650869095311515,-0.23097591811729878,-13.724356736301644,70,2500
1539,41.37883008356546,375.24930362116993,297.97214484679665,2747.0,1.4749205083955355,33588.99025069638,LacZ_2,LacZ OE,0.3863971591496238,-0.23953952084186325,-15.855306746932516,70,2500
1540,40.38156123822342,378.44549125168237,244.97913862718707,1924.0,1.5068255736496747,37900.63593539704,LacZ_2,LacZ OE,0.5036563166963473,-0.23144827351184583,-15.648182842798121,70,2500
1541,40.944410129709695,389.4323656578135,157.0840024706609,1946.0,1.1965228246404127,58730.86720197653,LacZ_2,LacZ OE,0.6979748367232865,-0.20456626977283898,-13.144034084555656,70,2500
1542,41.52625226312613,387.3958961979481,274.5184067592034,2430.0,1.3859416681292231,33853.546167773085,LacZ_2,LacZ OE,0.43815965715576666,-0.21063061117828885,-15.28001471885845,70,2500
1543,38.88881118881119,392.28881118881117,244.2986013986014,1963.0,1.5857416389273609,46959.954545454544,LacZ_2,LacZ OE,0.5051051092760626,-0.19882167364447179,-17.26001157287491,70,2500
1544,37.78815489749431,399.371298405467,353.5956719817768,1138.0,1.7725939556541204,19186.321184510252,LacZ_2,LacZ OE,0.2632912067235387,-0.18332656381699697,-20.977465117598296,70,2500
1545,40.37453183520599,398.3061797752809,122.96441947565543,1452.0,1.2003207439067016,37247.12453183521,LacZ_2,LacZ OE,0.7734025462823122,-0.18327777330243433,-13.005162265827593,70,2500
1546,39.77455357142857,403.6635044642857,166.23046875,2165.0,1.3728772767920396,53398.607700892855,LacZ_2,LacZ OE,0.6776625172948874,-0.17112413408415617,-14.6659473294708,70,2500
1547,40.82163080407701,399.90373725934313,149.49263873159683,2084.0,1.2173024805987493,54305.77123442809,LacZ_2,LacZ OE,0.7146745453137529,-0.17978709115426927,-13.192243489938193,70,2500
1548,40.715613382899626,404.43184634448573,296.2806691449814,2359.0,1.4258178160833077,33273.46096654275,LacZ_2,LacZ OE,0.3898912062717681,-0.17070122166360868,-16.76435434844125,70,2500
1549,39.31884057971015,410.21135265700485,123.10990338164251,1075.0,1.3934804713279187,49007.22705314009,LacZ_2,LacZ OE,0.7730200626449897,-0.1552218127005638,-14.180367973486618,70,2500
1550,39.88378978534419,413.7239082161362,312.3523316062176,2003.0,1.5835382218947054,32660.0133234641,LacZ_2,LacZ OE,0.3542883155847574,-0.1489766780847862,-18.061462841664664,70,2500
1551,36.99640287769784,436.2589928057554,106.05035971223022,507.0,1.928470014290699,31581.719424460432,LacZ_2,LacZ OE,0.8106295848344314,-0.09364919669265293,-16.359188697210367,70,2500
1552,39.503697617091206,446.5267050123254,261.29170090386197,1575.0,1.3825652363388936,42401.225965488906,LacZ_2,LacZ OE,0.4669540511854049,-0.07105693919681555,-17.572027726683174,70,2500
1553,40.36270096463023,452.4019292604502,178.23987138263666,2479.0,1.4126202943397401,37958.443729903534,LacZ_2,LacZ OE,0.6505916812782935,-0.0562779587579022,-14.834719444876416,70,2500
1554,40.99579831932773,456.2364945978391,274.05222088835535,2694.0,1.483539846561672,37275.13085234094,LacZ_2,LacZ OE,0.4385523818894195,-0.048258094493720316,-16.472853713092857,70,2500
1555,40.444831591173056,459.0952380952381,236.0569105691057,2219.0,1.3696017087490642,46494.528455284555,LacZ_2,LacZ OE,0.5226117375449624,-0.04111532417604258,-16.165886356831837,70,2500
1556,37.96221662468514,483.0050377833753,224.90931989924434,690.0,1.898037883672914,48596.342569269524,LacZ_2,LacZ OE,0.547170973389862,0.015346808977121817,-18.62173586611989,70,2500
1557,40.421160409556315,476.25460750853244,227.71672354948805,1920.0,1.3755932111736466,45734.8614334471,LacZ_2,LacZ OE,0.540898267101867,-0.0005502686381542166,-16.162987445958972,70,2500
1558,39.7139175257732,479.46735395189006,180.1348797250859,1528.0,1.3357117570266044,39121.774054982816,LacZ_2,LacZ OE,0.6461709446292314,0.00752795233806447,-15.792233931696124,70,2500
1559,40.09891304347826,488.8532608695652,217.57934782608694,1114.0,1.2173615050137663,45584.98260869565,LacZ_2,LacZ OE,0.5632203466487262,0.029269759808260076,-16.37205987249974,70,2500
1560,39.46326707000864,488.55834053586864,193.84701815038895,1402.0,1.3055986027101365,51117.04321521176,LacZ_2,LacZ OE,0.615760031157377,0.028817070279018697,-16.451384278697443,70,2500
1561,40.87759643916914,501.90875370919883,284.54896142433233,2050.0,1.2642550923068392,42840.20623145401,LacZ_2,LacZ OE,0.4148942413952357,0.05935596787377029,-17.282492832840216,70,2500
1562,41.21678891605542,497.05704971475143,204.0244498777506,1695.0,1.2543878625786158,44636.56805215974,LacZ_2,LacZ OE,0.5930712372210885,0.04879323917452494,-15.01881011871778,70,2500
1563,38.86975149957155,516.1113967437875,303.67095115681235,1485.0,1.5211010886477412,26756.538988860324,LacZ_2,LacZ OE,0.3725562601929935,0.0926035335309896,-19.87439111191286,70,2500
1564,41.79307396323215,517.6224882428388,258.6096622488243,3607.0,1.5591023249840847,38093.6776400171,LacZ_2,LacZ OE,0.47208143601900954,0.0967234669083934,-15.91634406312195,70,2500
1565,40.040939597315436,526.7825503355705,269.8751677852349,1974.0,1.6778075682727742,33744.808053691275,LacZ_2,LacZ OE,0.4471602401252963,0.11816778510804937,-18.02013975989893,70,2500
1566,41.05786350148368,534.5573689416419,57.69881305637982,3257.0,1.4812947474068292,26104.601879327398,LacZ_2,LacZ OE,0.9164386605368364,0.13883196342963156,-12.133472757079339,70,2500
1567,40.59974984365228,531.6479049405879,244.8023764853033,2183.0,1.3825303332761765,38168.93933708568,LacZ_2,LacZ OE,0.5025538200192108,0.1299288401779224,-16.924621247137377,70,2500
1568,40.35439289239881,542.7393879565647,284.0937808489635,1420.0,1.2657798135117313,32236.335636722608,LacZ_2,LacZ OE,0.415533248471748,0.15565929244147703,-18.194337349852532,70,2500
1569,39.63024475524475,546.1984265734266,238.03321678321677,1548.0,1.4292327400211216,37024.666958041955,LacZ_2,LacZ OE,0.5174388289624514,0.16430157122560707,-17.87835613260753,70,2500
1570,40.48884514435696,562.7893700787401,212.08333333333334,1940.0,1.463806782736569,38444.77887139108,LacZ_2,LacZ OE,0.5746438919770658,0.2037370263456879,-16.577400740320613,70,2500
1571,40.02478698683191,569.6041828040279,333.83888458559255,1822.0,1.4105530628014407,31834.130906274208,LacZ_2,LacZ OE,0.30523728427587926,0.21848012235231296,-19.94626553093452,70,2500
1572,39.346280447662934,574.3930217248189,319.81040157998683,1950.0,1.2756858371613864,32247.75378538512,LacZ_2,LacZ OE,0.3362617905534453,0.22991262772913612,-20.344377932310948,70,2500
1573,38.20976116303219,582.7133956386293,190.80166147455867,1395.0,1.3752998469845765,37323.6272066459,LacZ_2,LacZ OE,0.6216512036267892,0.2509122013589087,-18.55455468742786,70,2500
1574,39.677611940298505,585.4567164179105,115.2179104477612,510.0,1.2926230226775655,25233.853731343283,LacZ_2,LacZ OE,0.7887657406272592,0.2582366001520404,-15.352047458666402,70,2500
1575,39.898360655737704,583.3467213114754,178.99016393442622,1444.0,1.3566803234230687,36289.24262295082,LacZ_2,LacZ OE,0.6476888492438666,0.25257276669646345,-16.597347962084115,70,2500
1576,42.08212560386473,583.0910973084887,290.095928226363,2282.0,1.411095052249701,31077.12353347136,LacZ_2,LacZ OE,0.4017747483139076,0.2508142706865335,-17.00180925898135,70,2500
1577,39.87632135306554,592.2579281183932,295.5782241014799,1471.0,1.6086521717259028,29732.01691331924,LacZ_2,LacZ OE,0.38967135947825127,0.27232694022818915,-19.424381449145983,70,2500
1578,39.472727272727276,593.7575757575758,63.597575757575754,1976.0,1.3174228237486687,32244.27515151515,LacZ_2,LacZ OE,0.9028977396074365,0.2783718228677139,-14.434727125322638,70,2500
1579,41.13287197231834,590.2339100346021,203.19584775086506,1951.0,1.348054747744028,33792.40346020761,LacZ_2,LacZ OE,0.5940072107280845,0.2685836782545945,-15.994871954082953,70,2500
1580,39.33439744612929,608.4996009577015,284.50837988826817,1582.0,1.4584102923271631,29686.613727055068,LacZ_2,LacZ OE,0.41403248267705095,0.31074513793444547,-19.86696032615922,70,2500
1581,41.15890542486798,614.9956793086894,125.69947191550648,2741.0,1.237427058622873,38702.26020163226,LacZ_2,LacZ OE,0.7652146076080433,0.32783250568073785,-14.404527218688251,70,2500
1582,38.69230769230769,612.9294871794872,138.9508547008547,648.0,1.4575695153337522,29693.264957264957,LacZ_2,LacZ OE,0.7360455198523967,0.32275874691158557,-17.15903245939597,70,2500
1583,38.74562427071179,624.5717619603267,294.5962660443407,1300.0,1.5230020604268386,23429.353558926487,LacZ_2,LacZ OE,0.3915895774912477,0.3485328849733569,-20.847931207569957,70,2500
1584,40.625958378970424,642.8066812705367,132.32201533406354,2286.0,1.3126244015454476,41727.55421686747,LacZ_2,LacZ OE,0.7503217562181859,0.3933484220064205,-15.363741199262737,70,2500
1585,39.83496199782845,645.1335504885993,212.16069489685125,1190.0,1.3499678341027854,30532.190010857765,LacZ_2,LacZ OE,0.5737098332936246,0.3979527568898673,-18.03839693803718,70,2500
1586,42.0122199592668,661.6639511201629,239.0325865580448,1415.0,1.3392893077726136,21166.97148676171,LacZ_2,LacZ OE,0.5139876112811046,0.4367024436530498,-16.649961745599335,70,2500
1587,40.47312588401697,664.9328147100424,141.992927864215,1838.0,1.1834499361086959,49319.172560113155,LacZ_2,LacZ OE,0.7287202333593465,0.4454306111855675,-15.958412505761931,70,2500
1588,43.406805877803556,677.1492652745553,148.36040216550657,1822.0,1.3368556941493364,35256.905645784995,LacZ_2,LacZ OE,0.7143633946645351,0.47424437599883484,-13.293610218242705,70,2500
1589,37.931596091205215,678.0390879478828,148.93159609120522,509.0,1.7929934432522185,30822.24755700326,LacZ_2,LacZ OE,0.7133740902938901,0.47621207956409983,-18.78908994791305,70,2500
1590,40.397260273972606,682.8571428571429,204.63600782778866,771.0,1.2218876877386504,23925.76516634051,LacZ_2,LacZ OE,0.5899629498347987,0.4870287427242799,-17.66989246747656,70,2500
1591,39.209549071618035,684.998673740053,130.0053050397878,926.0,1.2875614829584427,37926.24137931035,LacZ_2,LacZ OE,0.7551120924442751,0.4928626910327534,-17.138428437430694,70,2500
1592,38.542857142857144,691.6095238095238,194.92539682539683,993.0,1.6387250727034792,26649.501587301587,LacZ_2,LacZ OE,0.6114572823187239,0.5077366679959534,-19.382953906521536,70,2500
1593,40.022394487510766,703.9069767441861,172.02928509905254,1497.0,1.436188821043536,34254.90611541774,LacZ_2,LacZ OE,0.6619158128330986,0.537025784296784,-17.490447276654415,70,2500
1594,39.045300113250285,707.9807474518686,260.25934314835786,1071.0,1.4586813476001312,25729.255945639863,LacZ_2,LacZ OE,0.4667320254584193,0.5456553823024859,-20.563844939526387,70,2500
1595,40.37356321839081,704.9841954022988,401.63649425287355,1512.0,1.2769374932938833,15160.436781609196,LacZ_2,LacZ OE,0.15391806439708722,0.5370837053688897,-22.50238982509046,70,2500
1596,39.99915469146239,712.5629754860524,348.2493660185968,1507.0,1.5364259812398537,17028.251901944208,LacZ_2,LacZ OE,0.2719745590975724,0.5555310026489599,-21.706289147329997,70,2500
1597,38.661417322834644,728.6561679790026,174.1994750656168,515.0,1.3148922101788427,22973.69816272966,LacZ_2,LacZ OE,0.6569455000680813,0.59534897498806,-19.14368455076648,70,2500
1598,41.41958041958042,749.3770396270396,420.95337995337997,2165.0,1.376115176291256,23694.115967365968,LacZ_2,LacZ OE,0.11069897273311646,0.6416108019978828,-22.341276060204933,70,2500
1599,39.875808538163,773.8997412677878,394.238680465718,1893.0,1.5194615897996389,21662.48576972833,LacZ_2,LacZ OE,0.1696434905606805,0.699708954215772,-23.501687343060205,70,2500
1600,46.64957264957265,780.0637140637141,714.4459984459985,2891.0,1.7795310566015718,11653.965034965035,LacZ_2,LacZ OE,-0.5391736484759209,0.7109290873986631,-24.254861307926173,70,2500
1601,39.063919259882255,801.8864592094196,380.8999158957107,1387.0,1.367879272480479,24592.931875525654,LacZ_2,LacZ OE,0.19892455279438304,0.7658495379737702,-24.276147644382704,70,2500
1602,40.093784078516904,850.845147219193,451.9825517993457,1179.0,1.2174426087298558,15116.6826608506,LacZ_2,LacZ OE,0.04113868858295855,0.8805844620349328,-25.382576897453127,70,2500
1603,39.383490073145246,853.1985370950888,402.5914315569488,1192.0,1.3301410587037052,13649.414838035527,LacZ_2,LacZ OE,0.15042257262847292,0.886655212373346,-24.96429027948899,70,2500
1604,45.26093189964158,62.25949820788531,494.30824372759855,3597.0,1.3290605566836156,18935.366308243727,LacZ_2,LacZ OE,-0.0451373892615794,-0.9798538716849697,-13.489539280574512,70,2500
1605,41.04964114832536,97.16985645933015,710.2924641148326,2339.0,1.3159759857525803,10707.026913875598,LacZ_2,LacZ OE,-0.5230879968136111,-0.8999475035387986,-23.075879636355722,70,2500
1606,41.489197530864196,111.84310699588477,663.1502057613169,2355.0,1.2784571334294024,15427.158950617284,LacZ_2,LacZ OE,-0.4189579864543116,-0.8648151067738612,-21.68105125576522,70,2500
1607,39.83068783068783,133.5142857142857,361.85291005291003,1311.0,1.3573300290759855,20099.24126984127,LacZ_2,LacZ OE,0.24749006766503068,-0.8104667260465956,-16.527369377494317,70,2500
1608,40.47781065088758,164.57248520710058,308.698224852071,1000.0,1.2649167146165183,24602.22781065089,LacZ_2,LacZ OE,0.36475235250371174,-0.7366159333823947,-14.945166035520284,70,2500
1609,40.39028475711893,180.5611390284757,576.787269681742,1428.0,1.300173830476719,18886.54690117253,LacZ_2,LacZ OE,-0.22850189312539837,-0.7018127782686259,-21.438596467247788,70,2500
1610,40.246056782334385,174.8391167192429,255.0347003154574,581.0,1.4116573609912337,22713.05047318612,LacZ_2,LacZ OE,0.4833869510694271,-0.711822340731388,-14.026306585340464,70,2500
1611,38.56502242152467,184.88340807174887,370.6143497757848,843.0,1.3411075256815195,16176.47683109118,LacZ_2,LacZ OE,0.22767518883896054,-0.689422406777408,-18.499381671124414,70,2500
1612,38.695550351288055,186.53161592505856,383.3407494145199,1074.0,1.4078241415808377,15156.103044496487,LacZ_2,LacZ OE,0.19949737482648633,-0.6856697424263141,-18.681688747462584,70,2500
1613,40.550588235294114,186.97411764705882,313.84,925.0,1.627962034043843,21689.249411764707,LacZ_2,LacZ OE,0.3531564947812542,-0.6838296166034121,-15.211413943055426,70,2500
1614,42.30103806228374,202.9134948096886,252.49019607843138,1044.0,1.277224885121303,24927.092272202997,LacZ_2,LacZ OE,0.4886384220428919,-0.6455266464175593,-12.187299249888845,70,2500
1615,42.312573443008226,208.27614571092832,282.64982373678026,2517.0,1.656544136401336,28288.344300822562,LacZ_2,LacZ OE,0.421862594830579,-0.6332042919270775,-12.931289417915607,70,2500
1616,41.28660436137071,217.05669781931465,642.6492211838006,1984.0,1.3864993951439026,20170.016822429905,LacZ_2,LacZ OE,-0.37461034272332594,-0.6164219967771953,-22.434908338235793,70,2500
1617,39.58022388059702,229.44776119402985,268.3899253731343,895.0,1.8739634883833138,21065.488805970148,LacZ_2,LacZ OE,0.45334671295473616,-0.583172858281763,-15.537455668480835,70,2500
1618,42.61431064572426,231.97498545666085,780.5613728912158,2241.0,1.2149871843051876,19061.87434554974,LacZ_2,LacZ OE,-0.6799318500641394,-0.5826989961747154,-24.468484965663787,70,2500
1619,40.479717813051145,270.64021164021165,208.19223985890653,894.0,1.3590270391184416,27534.298059964727,LacZ_2,LacZ OE,0.5860794126463627,-0.4853354641729789,-13.637916476198221,70,2500
1620,41.1733561058924,297.6848847139197,235.99743808710502,1626.0,1.3015311996159225,29326.14688300598,LacZ_2,LacZ OE,0.5242673498960932,-0.42182895590273506,-13.857237611181766,70,2500
1621,40.19493670886076,295.6987341772152,324.7493670886076,705.0,1.9343745849422997,17819.1417721519,LacZ_2,LacZ OE,0.32798770660021503,-0.4274990482494928,-16.8848452064698,70,2500
1622,39.36242424242424,306.9260606060606,279.489696969697,1108.0,1.4744345395945644,23529.956363636364,LacZ_2,LacZ OE,0.4280518777552118,-0.4005442793988162,-16.77185564863375,70,2500
1623,40.79106737320212,306.6570779712339,262.2702498107494,1766.0,1.468472171319823,30533.934897804695,LacZ_2,LacZ OE,0.4660759114085291,-0.4009593209847693,-14.939628737301682,70,2500
1624,39.45692883895131,312.2059925093633,331.4925093632959,945.0,1.6074713628117383,16923.479400749064,LacZ_2,LacZ OE,0.3129480148894159,-0.38865212360559553,-17.941288753224956,70,2500
1625,39.9578025477707,326.9482484076433,250.69028662420382,1601.0,1.373528130927481,26064.820063694267,LacZ_2,LacZ OE,0.4915414686960282,-0.35299038117149484,-15.701177395219261,70,2500
1626,39.51150627615063,331.03661087866107,331.0271966527197,1237.0,1.3154767512511814,17155.700836820084,LacZ_2,LacZ OE,0.3137924322711414,-0.3442286140808416,-18.060089157132712,70,2500
1627,41.128465179175116,336.83772819472614,130.67275185936444,1810.0,1.3292570574816396,35120.06558485463,LacZ_2,LacZ OE,0.7569048543567327,-0.3283345135974157,-11.82985657446104,70,2500
1628,40.75444538526672,341.56646909398813,232.72311600338696,1546.0,1.3226170180399217,28435.00931414056,LacZ_2,LacZ OE,0.5311083469615949,-0.31829615681938994,-14.62894997720085,70,2500
1629,40.773989898989896,347.92171717171715,106.49368686868686,1005.0,1.2785322519645228,24996.159090909092,LacZ_2,LacZ OE,0.8103082429654742,-0.301935636668077,-11.728998475158733,70,2500
1630,40.05731394354149,347.78186484174506,218.33875106929,1554.0,1.4091837630171156,28971.90162532079,LacZ_2,LacZ OE,0.5629073452637514,-0.30349528729072317,-15.05134029047089,70,2500
1631,40.6857887874837,347.51629726206,262.5554106910039,1009.0,1.46033314037109,24749.200782268577,LacZ_2,LacZ OE,0.465055155042275,-0.3045870619760672,-15.451219876522988,70,2500
1632,39.48566308243728,373.9005376344086,201.60663082437276,1337.0,1.3817109081283971,35086.54211469534,LacZ_2,LacZ OE,0.5997013208757986,-0.24171870513896987,-15.488261297308544,70,2500
1633,40.364087301587304,375.32440476190476,111.89087301587301,1186.0,1.4007767019325164,29852.631944444445,LacZ_2,LacZ OE,0.7981238894322062,-0.2373667397089041,-12.532648292705886,70,2500
1634,40.49239130434783,383.9391304347826,211.65,1391.0,1.3878941299757444,48470.52173913043,LacZ_2,LacZ OE,0.5773328172235079,-0.2181258892360901,-14.814180559193968,70,2500
1635,42.77202868852459,388.71465163934425,353.3760245901639,2494.0,1.3582036764035184,25041.99692622951,LacZ_2,LacZ OE,0.2636226616893884,-0.20834705061761882,-15.8858170061241,70,2500
1636,40.90266060999351,402.19987021414664,220.37053861129138,1917.0,1.374924580013842,45518.00324464633,LacZ_2,LacZ OE,0.5578421399753288,-0.1751381332935753,-14.785962919265753,70,2500
1637,40.29436501261564,401.84861227922624,280.0328006728343,1530.0,1.2861375516532405,33568.915054667785,LacZ_2,LacZ OE,0.42588377828392265,-0.17662783592872255,-16.781437748559807,70,2500
1638,42.230199166280684,407.9935155164428,368.55812876331635,2739.0,1.2621052714218868,34441.87447892543,LacZ_2,LacZ OE,0.22987616302312652,-0.16304960460836915,-16.96998155177432,70,2500
1639,40.8257698541329,426.14343598055103,201.46677471636954,1566.0,1.4828942029166263,38666.31523500811,LacZ_2,LacZ OE,0.5994360030287811,-0.11845728698245472,-14.656380303158475,70,2500
1640,40.86493184634448,431.1685254027261,219.96840148698885,1874.0,1.2418057729131713,40861.06071871128,LacZ_2,LacZ OE,0.5584534737859261,-0.10680405591389464,-15.097686438630301,70,2500
1641,42.41899441340782,436.32003192338385,235.71109337589783,1762.0,1.5667293786955931,45639.45650438946,LacZ_2,LacZ OE,0.5234951270589638,-0.09478812018476201,-13.96149824454514,70,2500
1642,42.08973029045643,442.8376556016598,334.5907676348548,2522.0,1.328394854048541,35908.37811203319,LacZ_2,LacZ OE,0.3046936421100306,-0.08049476859464677,-16.65943657460265,70,2500
1643,43.696440564137006,436.1558092679651,354.58159838818,5634.0,1.7742061886266354,30178.509066487575,LacZ_2,LacZ OE,0.26044873861223716,-0.09643595081688083,-15.45388962644757,70,2500
1644,40.55307262569833,447.56890130353815,154.1340782122905,1306.0,1.21675179768096,38613.56610800745,LacZ_2,LacZ OE,0.7039588096785923,-0.06741212012035802,-14.035190964414355,70,2500
1645,42.10294615645107,447.0538435489333,374.74568235692516,3603.0,1.41863025464285,32082.080596004063,LacZ_2,LacZ OE,0.21581584862569736,-0.07098506440957564,-17.623535659278794,70,2500
1646,40.32627118644068,452.0974576271187,203.01949152542372,1565.0,1.4334916854199804,44489.03559322034,LacZ_2,LacZ OE,0.5957755691086832,-0.05726580548316729,-15.445806322233459,70,2500
1647,41.63943028485757,448.8590704647676,246.5974512743628,1634.0,1.3526466805612094,43630.94527736132,LacZ_2,LacZ OE,0.4993297758246731,-0.06534723665315512,-15.11725038107064,70,2500
1648,41.734117647058824,459.9164705882353,99.30823529411765,2098.0,1.3303398577524224,44588.687647058825,LacZ_2,LacZ OE,0.8250716989236835,-0.03766519843915439,-11.697245356462346,70,2500
1649,40.593630573248404,463.0592356687898,287.6496815286624,1959.0,1.3172169584716753,33121.19108280255,LacZ_2,LacZ OE,0.40842495158215186,-0.0323214750074019,-17.25861088153638,70,2500
1650,40.43437273386512,465.27846265409715,178.34735315445974,1779.0,1.4159791242024824,45090.14068165337,LacZ_2,LacZ OE,0.6502256066041565,-0.025904627488235632,-14.891538737420277,70,2500
1651,41.1927868852459,465.3809836065574,260.86688524590164,2027.0,1.4347851675177337,37525.30950819672,LacZ_2,LacZ OE,0.46762416851701083,-0.02654074600653411,-16.058014197942043,70,2500
1652,41.51764705882353,492.71372549019605,178.37908496732027,1866.0,1.392605439741271,48957.05424836601,LacZ_2,LacZ OE,0.649833973124001,0.03883340445925065,-14.077731371857809,70,2500
1653,40.982781456953646,492.2860927152318,275.10794701986754,2033.0,1.4679214493749264,40696.53178807947,LacZ_2,LacZ OE,0.4358686393558522,0.03676309065426153,-16.863126215808066,70,2500
1654,40.71279163314561,503.88254223652456,191.8632341110217,1610.0,1.3528731585014016,50185.26709573612,LacZ_2,LacZ OE,0.6199359892679945,0.06501348050151479,-15.305920852659234,70,2500
1655,43.218934911242606,505.8266272189349,165.97100591715977,2142.0,1.3218314642456166,51449.57218934911,LacZ_2,LacZ OE,0.6770700604828779,0.06993725940606743,-12.21601263800094,70,2500
1656,41.76628609805238,506.22968435191405,249.69509738079248,1890.0,1.3296451768842696,36274.35325721961,LacZ_2,LacZ OE,0.49191509621100393,0.06994649442597556,-15.62386427885195,70,2500
1657,44.09448223733938,521.0007558578988,164.8737717309146,3750.0,1.8303081858808392,47578.83106575964,LacZ_2,LacZ OE,0.6793054496227835,0.10576152522832016,-11.463605559413935,70,2500
1658,40.10857142857143,525.5077551020408,218.62857142857143,1629.0,1.4027084880873455,44302.476734693875,LacZ_2,LacZ OE,0.5605439654294608,0.11571834774024858,-16.7454300904664,70,2500
1659,38.84560570071259,527.5391923990499,92.26840855106889,593.0,1.5939701531413377,29275.384798099763,LacZ_2,LacZ OE,0.8401412081092836,0.1218521059506128,-15.082234364792996,70,2500
1660,40.27308066083576,533.0398445092322,177.61516034985422,1305.0,1.4811853076363404,44210.72400388727,LacZ_2,LacZ OE,0.6511981910959415,0.13393357225518754,-15.698575597540053,70,2500
1661,41.589909443725745,531.6435963777491,293.07697283311774,2027.0,1.409744863401057,35890.12289780078,LacZ_2,LacZ OE,0.39570287368930046,0.129417549222288,-17.060083511142214,70,2500
1662,41.00944032366824,530.6635198921106,201.74713418745785,1811.0,1.3515233418978234,47377.44369521241,LacZ_2,LacZ OE,0.5977949976830395,0.12808335605200405,-15.501754926691156,70,2500
1663,40.866028708133975,546.1155160628845,201.72043745727956,1822.0,1.404816450168845,40286.53246753247,LacZ_2,LacZ OE,0.5977119694458184,0.1645281733791657,-15.795655023509646,70,2500
1664,40.576358296622615,547.1196769456682,325.7518355359765,1729.0,1.468476128389252,28813.95154185022,LacZ_2,LacZ OE,0.323317621850467,0.1655445321581186,-18.986399175999136,70,2500
1665,41.09716908951798,538.2096403978577,189.89900535577658,1842.0,1.3610377857852156,45063.45141545524,LacZ_2,LacZ OE,0.6239295400567568,0.14601350922561407,-15.211676648338866,70,2500
1666,40.53228962818004,547.3424657534247,296.8679060665362,1443.0,1.5318375674741467,28591.009784735812,LacZ_2,LacZ OE,0.38721881183339235,0.16638239743480154,-18.359308846360797,70,2500
1667,40.11552680221811,558.5221811460259,233.37338262476894,1520.0,1.4596877590605102,31159.089648798523,LacZ_2,LacZ OE,0.5276036485668363,0.1934321838517794,-17.40515714928733,70,2500
1668,40.90061028770706,547.7306015693113,311.16303400174365,1729.0,1.497045039756095,38305.24324324324,LacZ_2,LacZ OE,0.3555703392282419,0.16715124313086105,-18.32814196681294,70,2500
1669,40.95569070373588,554.4170286707212,250.75325803649,1509.0,1.3490616267999997,31407.498696785406,LacZ_2,LacZ OE,0.48914975340921996,0.18357967293243993,-16.93025269280968,70,2500
1670,41.60966542750929,584.364312267658,96.90055762081785,1401.0,1.3577925993434885,36102.35501858736,LacZ_2,LacZ OE,0.8292006633794005,0.2559026948756906,-12.98292239897745,70,2500
1671,40.17306350314026,598.3824145150035,267.5394277739009,1751.0,1.3094784559803987,36183.954640614094,LacZ_2,LacZ OE,0.45162811268610126,0.2870842010323087,-18.53402285094038,70,2500
1672,40.712509144111195,595.706656912948,350.8324798829554,1738.0,1.362584935781095,30102.620336503292,LacZ_2,LacZ OE,0.2673535832366385,0.27988135433090844,-19.910250597372578,70,2500
1673,39.88347457627118,643.6377118644068,380.1843220338983,1139.0,1.3496694175955768,14181.443855932202,LacZ_2,LacZ OE,0.20199643433494896,0.392602623873904,-21.892129995188608,70,2500
1674,40.658565500889154,650.0290456431535,116.74866627148785,2038.0,1.3412680532721177,46937.83639596918,LacZ_2,LacZ OE,0.7847037330541191,0.4105540635373408,-15.038759824232919,70,2500
1675,40.160647571606475,643.7708592777086,258.60398505603985,981.0,1.3049409817837447,22435.479452054795,LacZ_2,LacZ OE,0.47095784393478035,0.3942420439801366,-18.782142420372043,70,2500
1676,39.46111111111111,656.3962962962963,34.78148148148148,804.0,1.6916945995616324,18631.392592592594,LacZ_2,LacZ OE,0.966043285580821,0.4264349105070149,-14.387349754812455,70,2500
1677,41.78740801308258,659.403107113655,84.19950940310711,1635.0,1.2896926730068001,35618.08421913328,LacZ_2,LacZ OE,0.856564489834148,0.43304427364971043,-13.243212516206604,70,2500
1678,41.42245072836332,674.4215938303342,229.50814053127678,1468.0,1.3280497858480125,23283.293059125965,LacZ_2,LacZ OE,0.5349659703369225,0.46688473552664345,-17.142314060531714,70,2500
1679,38.40384615384615,692.8846153846154,118.78632478632478,692.0,1.547431745674958,28216.05982905983,LacZ_2,LacZ OE,0.7798976324872147,0.5115671846742682,-17.75948686251565,70,2500
1680,40.424764890282134,713.7931034482758,106.94827586206897,907.0,1.6133877354571682,32207.117554858934,LacZ_2,LacZ OE,0.805780675171303,0.5610601960322514,-15.667786654342184,70,2500
1681,40.13054187192118,722.0738916256157,161.14285714285714,682.0,1.4490532841451513,22851.593596059112,LacZ_2,LacZ OE,0.6858189314678422,0.5799980476299527,-17.306271686009485,70,2500
1682,39.80253164556962,752.8367088607595,172.5012658227848,1042.0,1.3530654113320322,24967.01518987342,LacZ_2,LacZ OE,0.6604095850896976,0.6524299346668088,-18.19988956572178,70,2500
1683,40.18096357226792,762.1703877790834,403.3478260869565,1099.0,1.395857483511371,16219.435957696827,LacZ_2,LacZ OE,0.14958867810257415,0.671950174757002,-23.294236106576978,70,2500
1684,41.95015105740181,771.5808157099698,326.7877643504532,1654.0,1.404162099240088,21302.085347432025,LacZ_2,LacZ OE,0.31878306574154935,0.6950182587152018,-19.832949225827672,70,2500
1685,42.61588683351469,773.5832426550598,765.2872687704026,1964.0,1.387938186781699,16317.644178454842,LacZ_2,LacZ OE,-0.6513806394013578,0.6949994433734392,-29.409044025871392,70,2500
1686,41.93239901071723,795.4707337180544,725.0032976092333,2087.0,1.3393280868818964,14083.37427864798,LacZ_2,LacZ OE,-0.5624352476339034,0.7470485759777337,-29.367349209414495,70,2500
1687,42.191428571428574,72.55142857142857,450.86761904761903,1242.0,1.1555922763262008,18296.625714285714,LacZ_2,LacZ OE,0.05102710175911951,-0.9551762953989869,-15.646079725446139,70,2500
1688,43.396766169154226,87.33582089552239,609.8426616915423,1918.0,1.1604160700028643,17176.14987562189,LacZ_2,LacZ OE,-0.30088505837562973,-0.9220004291522352,-18.291681213429033,70,2500
1689,42.53745928338762,92.60382736156352,627.4267100977198,2912.0,1.2790147004432213,17005.69910423453,LacZ_2,LacZ OE,-0.3397935063961075,-0.9097847672131387,-19.612155345761764,70,2500
1690,41.63818565400844,118.54430379746836,459.72151898734177,1097.0,1.1757303794665408,17635.806962025315,LacZ_2,LacZ OE,0.031022865514247266,-0.8467980795800145,-16.855460330552436,70,2500
1691,42.498477157360405,136.0243654822335,775.5248730964468,1280.0,1.1692064932575463,13650.539086294417,LacZ_2,LacZ OE,-0.6678550641232225,-0.8089730430901199,-23.528252234659845,70,2500
1692,44.9451309935739,141.3608502224419,523.5447355412754,2722.0,1.4762880047038667,23562.87048937222,LacZ_2,LacZ OE,-0.11056745157787917,-0.7935958777742982,-15.260578466568116,70,2500
1693,41.87845303867403,147.2292817679558,279.3186003683241,1347.0,1.2655804717256436,17792.11325966851,LacZ_2,LacZ OE,0.4298454761333639,-0.7771739547092397,-12.690434576328101,70,2500
1694,39.537953795379536,161.58745874587459,258.1848184818482,648.0,1.890831653342205,19570.970297029704,LacZ_2,LacZ OE,0.4765826302824776,-0.7431303776428286,-14.677984662227978,70,2500
1695,46.2360172095882,170.28826060233558,315.88936693300553,2485.0,1.889815793983155,23506.81069452981,LacZ_2,LacZ OE,0.3484901942348628,-0.7230802623870238,-9.412348955725115,70,2500
1696,41.93551688843398,178.48515864892528,348.35005117707266,1404.0,1.2667040146277853,17613.911975435007,LacZ_2,LacZ OE,0.27681908836991553,-0.7041959555847164,-14.54836303597066,70,2500
1697,43.30826140567201,186.99260172626387,254.18372379778052,1154.0,1.1625704953523555,25001.341553637485,LacZ_2,LacZ OE,0.48499374526230477,-0.6830758503995031,-11.064132732111986,70,2500
1698,42.37468193384224,193.79898218829516,834.0146310432569,1867.0,1.1875499841116612,20372.277353689566,LacZ_2,LacZ OE,-0.7978068737925741,-0.6733330319928283,-25.580655821191783,70,2500
1699,40.07746478873239,207.76291079812208,319.0,676.0,1.595072503609757,19431.161971830985,LacZ_2,LacZ OE,0.34156413645508654,-0.6348602867893192,-16.008035913878953,70,2500
1700,41.845283018867924,200.7761006289308,327.7207547169811,1177.0,1.39578841900057,23633.00251572327,LacZ_2,LacZ OE,0.32224709509987504,-0.6513948632802358,-14.375728195474885,70,2500
1701,39.780448717948715,209.03205128205127,400.8044871794872,897.0,1.662533021466295,15441.149038461539,LacZ_2,LacZ OE,0.16058788204393282,-0.6327609474653157,-18.224347854184348,70,2500
1702,40.89705882352941,240.82679738562092,219.718954248366,817.0,1.3112992387082718,20627.12908496732,LacZ_2,LacZ OE,0.5608452868141272,-0.5557741638803658,-13.197767586694134,70,2500
1703,41.96398659966499,234.5745393634841,238.16331658291458,1501.0,1.2729997596807419,26567.34254606365,LacZ_2,LacZ OE,0.5200454386637989,-0.5706975882802239,-12.49998267945697,70,2500
1704,42.95412844036697,258.1718654434251,499.58532110091744,2083.0,1.2645465336499553,14379.05993883792,LacZ_2,LacZ OE,-0.0585883622147233,-0.5178503450851777,-17.835102492267918,70,2500
1705,43.884328358208954,264.795842217484,826.1849680170576,2322.0,1.1248511607543392,22156.102345415777,LacZ_2,LacZ OE,-0.7812499379170872,-0.5057479171502564,-24.58348693366372,70,2500
1706,42.666666666666664,274.68548387096774,228.11290322580646,1544.0,1.3870503141231996,28002.5,LacZ_2,LacZ OE,0.5418559662983846,-0.4759597665205445,-11.955617001670277,70,2500
1707,40.72598253275109,289.9727074235808,246.7609170305677,1424.0,1.4337370550240336,29474.41812227074,LacZ_2,LacZ OE,0.5005526161630898,-0.44014724272371697,-14.47993663996602,70,2500
1708,41.94218608852755,289.5925925925926,286.54742547425474,1480.0,1.4288767850654687,23164.46522131888,LacZ_2,LacZ OE,0.41247215807519777,-0.44144772883675987,-14.187881871540739,70,2500
1709,42.45326278659612,298.8333333333333,218.98589065255732,1634.0,1.3943272272561973,35707.079365079364,LacZ_2,LacZ OE,0.5618254119225905,-0.41890624528253084,-12.192411834460842,70,2500
1710,40.62603648424544,306.24543946932005,200.31426202321725,1407.0,1.2854872500718437,33417.7048092869,LacZ_2,LacZ OE,0.6031561236501435,-0.40126188973580057,-13.656300405402973,70,2500
1711,41.976099426386234,307.5917782026769,228.88623326959848,1321.0,1.2550885853207001,34059.0707456979,LacZ_2,LacZ OE,0.539862410677602,-0.39836533559117726,-12.985891427338359,70,2500
1712,40.675853018372706,317.78608923884514,378.87664041994753,979.0,1.530199300938235,10123.280839895013,LacZ_2,LacZ OE,0.20800122622099426,-0.37597616889774155,-17.881930118525023,70,2500
1713,42.46935608999224,318.69123351435223,239.02482544608225,1635.0,1.3399650328660846,31667.720713731575,LacZ_2,LacZ OE,0.5172995154288098,-0.3722829373749248,-12.837715633447594,70,2500
1714,42.58032282859339,333.3835511145273,150.84550345887777,1604.0,1.280154371772055,31414.122982321293,LacZ_2,LacZ OE,0.7122342548693477,-0.3366678549911203,-10.814927737352711,70,2500
1715,44.963973799126634,330.0349344978166,137.56113537117903,1219.0,1.3234726275274966,27061.37445414847,LacZ_2,LacZ OE,0.7415329941774114,-0.3443679542078155,-8.089604324032564,70,2500
1716,42.04263877715205,340.93161705551086,302.4328238133548,1571.0,1.2957938022414304,27410.029766693482,LacZ_2,LacZ OE,0.37682634673006454,-0.32052050499167684,-14.959987581930584,70,2500
1717,42.61557948068398,343.71310956301454,182.72007599746675,2033.0,1.2360874445153094,36836.761241291955,LacZ_2,LacZ OE,0.6416151044980085,-0.3126477408831899,-11.623769920578624,70,2500
1718,43.277190332326285,339.6487915407855,169.8987915407855,1676.0,1.228523194260641,32367.7167673716,LacZ_2,LacZ OE,0.66998527174657,-0.3220803555847739,-10.623730133697727,70,2500
1719,42.33245382585752,352.2022867194371,204.0914687774846,1424.0,1.1837447623946322,31083.064204045735,LacZ_2,LacZ OE,0.5942668185998934,-0.29286199350749986,-12.488045786721955,70,2500
1720,42.05283757338552,355.24755381604695,231.67416829745596,1367.0,1.2436484096840101,25069.101761252445,LacZ_2,LacZ OE,0.5332295013737345,-0.2859845183767088,-13.440353345199178,70,2500
1721,41.35014836795252,377.3175074183976,151.18496538081106,1181.0,1.2140958341621,48431.34025717112,LacZ_2,LacZ OE,0.7111217561388616,-0.23306924840389664,-12.48239917539015,70,2500
1722,43.78870092563039,392.41525694222787,381.8011490584105,3667.0,1.2731939955844032,27823.35716565592,LacZ_2,LacZ OE,0.20064827640268756,-0.19990332614523976,-15.56829920942204,70,2500
1723,40.83966244725738,390.9929676511955,89.72151898734177,835.0,1.3447289716417739,27874.438818565402,LacZ_2,LacZ OE,0.8469938571177167,-0.2001567331067199,-11.693702051404934,70,2500
1724,40.57837301587302,411.3640873015873,143.00099206349208,1179.0,1.2181895934285727,49699.90079365079,LacZ_2,LacZ OE,0.7289379641551517,-0.15268981490182199,-13.396203298232223,70,2500
1725,42.948405253283305,405.87148217636025,234.24765478424015,1571.0,1.354185940704681,47278.80300187617,LacZ_2,LacZ OE,0.5269999871078754,-0.1665814735515031,-13.100283817543641,70,2500
1726,42.66686638705812,415.7249850209706,211.42001198322347,2027.0,1.333937219398001,43784.80347513481,LacZ_2,LacZ OE,0.5774217062406808,-0.14309803465011062,-12.945979102395654,70,2500
1727,41.826384142173616,434.4647983595352,306.18455228981543,2242.0,1.285215098629888,37609.46411483254,LacZ_2,LacZ OE,0.3676324645790603,-0.0999422976421569,-16.178604300363045,70,2500
1728,41.29137760158573,428.43012884043605,328.7779980178394,1317.0,1.3161722633870003,27524.09117938553,LacZ_2,LacZ OE,0.3177341228634287,-0.11443406308047932,-17.181091109792554,70,2500
1729,41.989080982711556,432.3503184713376,116.29390354868062,1323.0,1.2799748496506798,48406.72611464968,LacZ_2,LacZ OE,0.787747161365913,-0.10286604076912209,-11.568661481063153,70,2500
1730,40.83551198257081,463.3899782135076,131.62745098039215,1194.0,1.5224065947255812,38659.68954248366,LacZ_2,LacZ OE,0.7535834466952791,-0.02984311703044562,-13.38294842341272,70,2500
1731,43.45882352941177,464.4264705882353,247.50073529411765,1743.0,1.1622160793987704,41789.882352941175,LacZ_2,LacZ OE,0.49708675221751863,-0.02859548824610403,-13.471781003612051,70,2500
1732,42.54551676933607,505.3538672142368,268.75496235455165,1962.0,1.3568847632165757,37521.371663244354,LacZ_2,LacZ OE,0.4497163977241607,0.06769164573698583,-15.280626906875046,70,2500
1733,42.352029520295204,515.7217712177122,207.0642066420664,1891.0,1.3698363530682267,43949.18745387454,LacZ_2,LacZ OE,0.5861070020146466,0.09281207871440134,-14.13737789824382,70,2500
1734,42.82740855229263,539.7444616177228,110.53889747552807,2467.0,1.368698768040416,49089.647089129314,LacZ_2,LacZ OE,0.7993967930951951,0.15053428773620015,-11.647010547560392,70,2500
1735,40.51053370786517,558.1664325842696,131.37921348314606,1656.0,1.4173051821014984,45353.47752808989,LacZ_2,LacZ OE,0.7532324388554705,0.1937086069942826,-14.62917141621201,70,2500
1736,41.21717990275527,553.7925445705024,223.6904376012966,863.0,1.3008711363469176,28804.930307941653,LacZ_2,LacZ OE,0.5490144365230798,0.18240622924573335,-16.0318664123909,70,2500
1737,41.081277213352685,569.1988388969521,275.31857764876634,2000.0,1.6363723289647736,40108.49709724238,LacZ_2,LacZ OE,0.4346534090616192,0.21818301315350652,-17.521958536019948,70,2500
1738,42.238434163701065,561.7620106761566,378.586743772242,2619.0,1.4070648321447004,25863.806494661923,LacZ_2,LacZ OE,0.20620127810827227,0.1995472572830892,-18.699745505225607,70,2500
1739,40.65533650577838,568.819170632223,258.73147518694765,1805.0,1.5544531432460271,39541.681849082255,LacZ_2,LacZ OE,0.47137540432412983,0.2174576908030259,-17.557380786859575,70,2500
1740,42.623655913978496,570.8500282965479,103.88115449915111,2209.0,1.2419967664022094,44076.95302773062,LacZ_2,LacZ OE,0.8138355584704462,0.2239729382741129,-11.999782053507055,70,2500
1741,40.869300911854104,574.4650455927052,200.57294832826747,875.0,1.3158168799742485,31930.84802431611,LacZ_2,LacZ OE,0.599976146322817,0.23141089419846783,-16.042958997906403,70,2500
1742,41.6125503742084,581.195739781232,337.1134139320668,2199.0,1.4900402315404255,36191.05008635578,LacZ_2,LacZ OE,0.2977986991242967,0.2458227328599254,-18.548735942218965,70,2500
1743,42.01111111111111,592.0588888888889,165.0811111111111,1162.0,1.4431144215146592,32334.82222222222,LacZ_2,LacZ OE,0.678266913080948,0.2733219517077119,-14.246258889028525,70,2500
1744,41.930898321816386,605.6623889437315,195.06712734452123,1337.0,1.3662041188907252,31970.57946692991,LacZ_2,LacZ OE,0.6118001826355086,0.3050824144898252,-15.158535555968442,70,2500
1745,40.13962264150943,605.222641509434,175.73207547169812,506.0,1.4123131129745659,30949.822641509432,LacZ_2,LacZ OE,0.6546727229281208,0.30421402250781693,-16.494210194247106,70,2500
1746,40.98328416912488,613.0521140609636,217.70993117010815,1258.0,1.3045416744404714,31592.298918387412,LacZ_2,LacZ OE,0.5616840842793844,0.32224583750720637,-16.705970680390948,70,2500
1747,42.496498054474706,616.7011673151751,204.4124513618677,1548.0,1.3540866564617375,40078.26770428016,LacZ_2,LacZ OE,0.5909891142363071,0.33103194706442274,-14.918954075161949,70,2500
1748,42.24265842349305,618.4018547140649,78.9064914992272,1732.0,1.3983054962890602,32347.88485316847,LacZ_2,LacZ OE,0.8686476141201245,0.33639931007872503,-12.263631923035682,70,2500
1749,44.64774624373957,632.0350584307179,319.8230383973289,2760.0,1.4205904303854158,21724.45854201447,LacZ_2,LacZ OE,0.33540212996092267,0.36599818365319137,-15.608775016401239,70,2500
1750,42.41257995735608,643.0746268656717,201.0266524520256,1207.0,1.4493306831282275,29386.7078891258,LacZ_2,LacZ OE,0.598228818396574,0.39327585397144493,-15.181911804556496,70,2500
1751,41.171912832929785,639.4624697336561,304.6246973365617,763.0,1.5897799383862845,19970.7191283293,LacZ_2,LacZ OE,0.36913380753022285,0.3836033232745275,-18.801860640176447,70,2500
1752,41.1198224852071,663.2884615384615,193.64349112426035,862.0,1.2990810991512762,30373.19674556213,LacZ_2,LacZ OE,0.6144341203344257,0.4410063551930361,-16.499882977503727,70,2500
1753,41.355731225296445,698.8695652173913,229.27667984189722,513.0,1.664786023105993,23260.106719367588,LacZ_2,LacZ OE,0.5352449471509089,0.5245530178222524,-17.442774898717538,70,2500
1754,40.86330049261084,705.1933497536946,204.64408866995075,1001.0,1.615925128498172,26139.131773399014,LacZ_2,LacZ OE,0.5897048762279202,0.5397254085326741,-17.422689907819084,70,2500
1755,40.280210157618214,741.029772329247,287.9964973730298,725.0,1.3075483237264955,17176.15061295972,LacZ_2,LacZ OE,0.40498443030749454,0.6233379077723682,-20.299217719071606,70,2500
1756,42.964930924548355,754.0712008501594,227.97236981934114,1373.0,1.7492263885515655,23725.851222104146,LacZ_2,LacZ OE,0.5375132626869352,0.6548122114607533,-16.3436853207238,70,2500
1757,41.95038910505836,757.535019455253,358.3774319066148,1295.0,1.4313714916611653,29529.570038910504,LacZ_2,LacZ OE,0.24903187053484865,0.6615446565463008,-20.43170932564062,70,2500
1758,43.82556879739978,121.20151679306609,481.14084507042253,1244.0,1.2080946261756762,23779.42903575298,LacZ_2,LacZ OE,-0.01650272463708613,-0.8407127521957432,-15.19408413880625,70,2500
1759,42.10138248847926,134.44585253456222,488.45391705069125,1200.0,1.3770479612691064,14317.865207373272,LacZ_2,LacZ OE,-0.03272075530650209,-0.8095910282564404,-17.217757769892607,70,2500
1760,43.99080036798528,134.42502299908003,534.9540018399264,1369.0,1.3322568747702004,16642.01379944802,LacZ_2,LacZ OE,-0.13569219631719032,-0.8101015078450715,-16.412721234709036,70,2500
1761,45.533987915407856,134.8179758308157,391.09743202416917,1692.0,1.2325762684391142,23362.98413897281,LacZ_2,LacZ OE,0.1824838644495974,-0.8075786880536046,-11.520375471597461,70,2500
1762,43.42857142857143,173.28949357520787,517.1730914588057,1590.0,1.2752969244824197,19071.31216931217,LacZ_2,LacZ OE,-0.09670174675410292,-0.718248847143264,-16.940458290131843,70,2500
1763,44.16524701873935,180.20102214650765,275.7206132879046,881.0,1.2661543985975456,22393.034071550257,LacZ_2,LacZ OE,0.43736824479529823,-0.6993097572881466,-10.64303814408347,70,2500
1764,43.023181454836134,183.5083932853717,298.79056754596326,1613.0,1.45623877408711,27703.43245403677,LacZ_2,LacZ OE,0.38635669247872984,-0.6917847671279482,-12.35488503042069,70,2500
1765,43.95795454545455,181.96704545454546,264.1784090909091,1264.0,1.394483959186583,24857.375,LacZ_2,LacZ OE,0.46289714986587405,-0.6950236140590034,-10.598475473165557,70,2500
1766,42.95447647951442,192.12139605462824,536.5599393019727,1613.0,1.3468218750832905,17989.55918057663,LacZ_2,LacZ OE,-0.1397497436603139,-0.674049754121963,-18.050555968743737,70,2500
1767,41.917596566523606,198.13648068669528,377.2128755364807,1394.0,1.3187630234011878,18400.001716738196,LacZ_2,LacZ OE,0.2127755061081118,-0.6581564263475519,-15.431345830904348,70,2500
1768,44.510984540276645,220.4605370219691,232.51098454027664,1578.0,1.2744756497369638,24891.0048820179,LacZ_2,LacZ OE,0.5325552363977348,-0.6038698947935441,-9.683967164094653,70,2500
1769,42.56983718937447,220.1413881748072,832.9931448157669,1357.0,1.2144672516522068,15458.4147386461,LacZ_2,LacZ OE,-0.7958119559098618,-0.6111816530807714,-25.61944101137995,70,2500
1770,42.73659454374412,252.82126058325494,255.241768579492,1342.0,1.2265353976245514,22936.398871119472,LacZ_2,LacZ OE,0.4820456252298202,-0.5278253024279299,-12.304239583575459,70,2500
1771,43.32088058705804,284.69179452968643,376.7218145430287,1821.0,1.4923949000885859,15968.293529019345,LacZ_2,LacZ OE,0.212951925007421,-0.453954444912572,-14.863776366232269,70,2500
1772,44.914351851851855,305.6446759259259,849.2349537037037,2057.0,1.1738815115621648,19900.65451388889,LacZ_2,LacZ OE,-0.8326927994597103,-0.40962121395745876,-24.490716773882003,70,2500
1773,44.52965235173824,319.6816632583504,828.8963871847308,1741.0,1.1316878530324723,26261.188820722564,LacZ_2,LacZ OE,-0.7878129076348073,-0.37629923026745526,-24.538487789936752,70,2500
1774,44.99051094890511,339.61897810218977,290.0963503649635,2043.0,1.3668707447521167,25515.022627737228,LacZ_2,LacZ OE,0.40397916115756183,-0.3234155917191621,-11.712636653458489,70,2500
1775,43.489557226399334,331.4093567251462,313.53968253968253,1783.0,1.6517575385073455,23887.035923141186,LacZ_2,LacZ OE,0.3522715489697168,-0.3430688537383817,-13.679297832503586,70,2500
1776,44.93846153846154,347.0163771712159,312.5940446650124,2929.0,1.6419416662865265,22102.974193548387,LacZ_2,LacZ OE,0.35413773389156145,-0.3062120486574329,-12.361485631289227,70,2500
1777,43.00953591862683,373.0521296884933,125.45772409408774,1834.0,1.281361592490081,43645.92053401144,LacZ_2,LacZ OE,0.7679946622064471,-0.24281332298837188,-10.182079065556785,70,2500
1778,43.07097680955727,380.3366127898805,225.19606465214335,1905.0,1.3424198833800332,43713.574139142656,LacZ_2,LacZ OE,0.5472659028628701,-0.22671151798949618,-12.51695563064336,70,2500
1779,42.44335578689528,393.526638089406,204.88303735456216,2053.0,1.4522982739013377,50347.977342314756,LacZ_2,LacZ OE,0.5921100429770818,-0.1953931508956196,-12.799880614863312,70,2500
1780,43.22518382352941,394.40900735294116,232.734375,1256.0,1.2588135783711072,40112.41819852941,LacZ_2,LacZ OE,0.5304444740445899,-0.19359615083425996,-12.676187258283058,70,2500
1781,43.737765466297326,401.82271468144046,177.60295475530933,1390.0,1.2851804989933124,44231.13573407202,LacZ_2,LacZ OE,0.6523156894988458,-0.1754990505220475,-10.951103245707706,70,2500
1782,42.802622950819675,418.52852459016395,188.40196721311474,1908.0,1.320792122973093,50394.261639344266,LacZ_2,LacZ OE,0.628311302233787,-0.13623228969102363,-12.301108669366194,70,2500
1783,42.418905472636816,413.6825870646766,264.7910447761194,1362.0,1.4728040057338625,40918.51144278607,LacZ_2,LacZ OE,0.45937942048172986,-0.1485002785399152,-14.418033863149326,70,2500
1784,45.0207991242474,417.3968253968254,122.29885057471265,2382.0,1.2726659053410494,57873.25615763547,LacZ_2,LacZ OE,0.7744501662977714,-0.1381339226025149,-8.531615786615987,70,2500
1785,41.07692307692308,421.95006747638325,129.95411605937923,965.0,1.2869666706604193,52373.425101214576,LacZ_2,LacZ OE,0.7576738983002533,-0.12756692916909207,-12.69722750933282,70,2500
1786,42.849346219442864,440.1665719158613,318.90733371233654,2134.0,1.4450405723185737,36625.720295622516,LacZ_2,LacZ OE,0.3393773114215135,-0.08660776637907064,-15.508331464208016,70,2500
1787,44.53623718887262,438.89348462664714,388.33748169838947,3187.0,1.2203150212151381,32051.691800878478,LacZ_2,LacZ OE,0.18569936140560328,-0.09032543399048365,-15.428038559528542,70,2500
1788,42.26379690949227,443.0485651214128,275.13024282560707,1157.0,1.2976596533095572,29524.474613686536,LacZ_2,LacZ OE,0.4362294929842587,-0.07934821801933178,-15.101381778855313,70,2500
1789,43.816266822703334,456.2843768285547,345.89116442363957,2095.0,1.3442825053829996,26288.757753071972,LacZ_2,LacZ OE,0.27947398908384025,-0.04886014550234563,-15.32842009897347,70,2500
1790,42.841931216931215,459.26984126984127,326.0224867724868,1894.0,1.4081612771533791,33766.02579365079,LacZ_2,LacZ OE,0.32345172840725445,-0.04162479002899355,-15.868482790796868,70,2500
1791,42.86598689002185,468.01165331391115,111.93445010924982,1696.0,1.2557499195003654,40038.59723233795,LacZ_2,LacZ OE,0.7970013982479522,-0.018681616601897155,-10.93926219947344,70,2500
1792,43.71320973348784,477.87485515643107,126.33545770567787,2071.0,1.323206026169137,53160.13615295481,LacZ_2,LacZ OE,0.7650022583233549,0.004446573857316949,-10.524502699993981,70,2500
1793,42.708333333333336,490.7260101010101,148.54545454545453,1010.0,1.409078515133918,44112.47727272727,LacZ_2,LacZ OE,0.7157937947218425,0.03449567615585836,-12.172517995846071,70,2500
1794,42.68325487558843,494.05716207128444,132.084061869536,1845.0,1.342204889905373,57721.72225958305,LacZ_2,LacZ OE,0.7521810558448716,0.04253113579899481,-11.846437083665677,70,2500
1795,43.084761904761905,493.1590476190476,252.58857142857144,1412.0,1.3694725082303936,43969.28571428572,LacZ_2,LacZ OE,0.4855720665758769,0.03911449469121164,-14.245399355672184,70,2500
1796,43.21210061182869,520.1223657375934,285.87355540448675,2008.0,1.4894085396908485,32113.772263766146,LacZ_2,LacZ OE,0.4116669111870588,0.1023567266093206,-15.157784618582696,70,2500
1797,43.95601552393273,525.8143596377749,318.16558861578267,2148.0,1.3984037607461617,37322.83311772316,LacZ_2,LacZ OE,0.34013243952238414,0.11544951233174672,-15.222560394609673,70,2500
1798,44.76844631073785,526.5674865026995,231.2615476904619,1999.0,1.2504622014622941,44778.001199760045,LacZ_2,LacZ OE,0.5323444352025222,0.11818734063725045,-12.391903327997426,70,2500
1799,43.90646921278254,536.3211223694466,305.1028838659392,1815.0,1.4494992243475426,37831.250974279035,LacZ_2,LacZ OE,0.36893248642254184,0.14037320121891517,-15.07036187993501,70,2500
1800,43.71737509321402,557.8284862043251,276.42654735272185,1848.0,1.3234992690235585,43198.70842654735,LacZ_2,LacZ OE,0.4321759712785993,0.19141105365629674,-14.80130284299777,70,2500
1801,45.149211711711715,555.4921171171171,116.178490990991,2358.0,1.1671397106756565,45275.86261261261,LacZ_2,LacZ OE,0.7866477327889914,0.18767130330578952,-9.611465067904085,70,2500
1802,42.57813702848345,556.1208622016936,169.60508083140877,1596.0,1.2574515817717504,33713.113933795226,LacZ_2,LacZ OE,0.6685767593737992,0.18851605168913133,-13.43331624729037,70,2500
1803,42.53846153846154,564.0042149631191,298.53161222339304,2355.0,1.4509131939333153,35123.00632244468,LacZ_2,LacZ OE,0.38327323444944783,0.20571148456228228,-16.555552283022834,70,2500
1804,43.83719806763285,557.0797101449275,342.4961352657005,2689.0,1.5579889161352043,32587.4961352657,LacZ_2,LacZ OE,0.2860086414622527,0.18893080352450142,-16.214366776010902,70,2500
1805,43.53662297609869,569.5196607555898,175.84425597532768,1562.0,1.173768762587321,33642.48265227448,LacZ_2,LacZ OE,0.6545944081176789,0.22007501159333187,-12.751652014734113,70,2500
1806,44.22986708365911,570.0891321344801,130.36434714620796,1633.0,1.3428232375019835,39614.62548866302,LacZ_2,LacZ OE,0.7551700829877428,0.2219275055357226,-11.004000714823817,70,2500
1807,42.78298153034301,579.6108179419525,241.5963060686016,1868.0,1.502511854354848,39439.48218997361,LacZ_2,LacZ OE,0.5090698443896962,0.24314724344948369,-15.136538850538336,70,2500
1808,41.663405088062625,617.7651663405088,170.9256360078278,900.0,1.5093527572486838,36727.4324853229,LacZ_2,LacZ OE,0.6651060929109627,0.3338859634016462,-14.981565237238598,70,2500
1809,42.611260053619304,624.9660411081322,280.8203753351206,1565.0,1.5021916301208467,25652.56836461126,LacZ_2,LacZ OE,0.4218629235731963,0.349700603778593,-16.66625283789553,70,2500
1810,41.947843530591776,656.2387161484453,179.33400200601807,1358.0,1.5502775776951063,35074.14242728185,LacZ_2,LacZ OE,0.6461169861988474,0.4245517298153467,-15.269589615267964,70,2500
1811,41.99097291875627,663.1033099297894,167.62487462387162,1301.0,1.4466373055254882,36882.582748244735,LacZ_2,LacZ OE,0.6719529091648544,0.4408717877597712,-15.020669851127717,70,2500
1812,44.49264190609671,661.5837421163279,256.6061667834618,1766.0,1.3817374949907835,26040.72249474422,LacZ_2,LacZ OE,0.4749814578775935,0.4363792173197454,-14.579212369770524,70,2500
1813,42.08809135399674,670.9119086460032,130.85318107667212,884.0,1.2719470835657143,34767.362153344206,LacZ_2,LacZ OE,0.7532238218569902,0.4596916789362375,-14.142769821202208,70,2500
1814,47.339976553341145,667.2895662368113,126.39390386869871,2770.0,1.6333888935118108,41684.390973036345,LacZ_2,LacZ OE,0.7628528679712319,0.4513156563913676,-8.753176275790139,70,2500
1815,42.01625441696113,682.0113074204947,386.2530035335689,1654.0,1.3394883740825658,26252.904593639574,LacZ_2,LacZ OE,0.18808894251140007,0.4831001991600039,-20.27688465547257,70,2500
1816,42.25739644970414,677.6331360946746,193.05621301775147,1022.0,1.6393209778307627,24755.742603550298,LacZ_2,LacZ OE,0.6155357959822074,0.47487457363669927,-15.489306786856954,70,2500
1817,41.713242961418146,684.769551616267,105.83420229405631,1172.0,1.4339289208572645,32490.59645464025,LacZ_2,LacZ OE,0.8084596022640216,0.4926416321837217,-14.069831593549907,70,2500
1818,44.52290836653386,682.953187250996,311.6344621513944,1278.0,1.3583620060919313,14455.439243027888,LacZ_2,LacZ OE,0.35303184786280317,0.4861886448109567,-16.04078433035911,70,2500
1819,42.395804195804196,716.4258741258741,366.33076923076925,1691.0,1.401496364685526,25166.482517482516,LacZ_2,LacZ OE,0.23181110764272783,0.564501263179678,-19.76969630822954,70,2500
1820,42.188,721.814,246.194,706.0,1.5686010751675772,23606.55,LacZ_2,LacZ OE,0.4975530768594605,0.5785092689652958,-17.22958845798027,70,2500
1821,41.798365122615806,728.6784741144414,126.75204359673025,564.0,1.3472301647293652,21930.877384196185,LacZ_2,LacZ OE,0.7617529975917972,0.5959879609145493,-14.901892359813402,70,2500
1822,41.54530201342282,744.9412751677852,243.91442953020135,750.0,1.3957032152179882,23393.578859060402,LacZ_2,LacZ OE,0.5024057154492583,0.6330713955082985,-18.04517992571531,70,2500
1823,43.2,749.3097014925373,334.6440298507463,1594.0,1.2565889166481554,23075.97910447761,LacZ_2,LacZ OE,0.30155321904927,0.6424289830970782,-18.548776575961607,70,2500
1824,41.22344013490725,756.3086003372681,373.5185497470489,1317.0,1.3206309678737918,27001.62731871838,LacZ_2,LacZ OE,0.21558400981252035,0.6584709466225562,-21.49938908947481,70,2500
1825,43.06122448979592,769.6619897959183,181.7920918367347,1028.0,1.3196886849818132,22127.32525510204,LacZ_2,LacZ OE,0.639523909245447,0.6920906032325782,-15.323410810644798,70,2500
1826,43.806763285024154,768.407867494824,218.3167701863354,2137.0,1.6250346241996176,26754.459627329194,LacZ_2,LacZ OE,0.5586925098741153,0.6887531720367657,-15.417282770756263,70,2500
1827,42.84718723761545,856.7716204869857,361.14945424013433,1478.0,1.2357458974466264,16234.652392947104,LacZ_2,LacZ OE,0.2418927222071383,0.8956119933422289,-20.570583495023254,70,2500
1828,43.01997336884155,53.79094540612517,505.32756324900134,904.0,1.269873694165422,12958.46604527297,LacZ_2,LacZ OE,-0.06931811174376834,-1.0,-15.903814898424624,70,2500
1829,44.94,79.37523809523809,509.77714285714285,1286.0,1.3016712541668671,17623.48,LacZ_2,LacZ OE,-0.07950886382659761,-0.9396568198015471,-14.338401980366704,70,2500
1830,44.01938851603281,94.48844146159583,442.15212527964206,1576.0,1.1689156972245514,22074.918717375094,LacZ_2,LacZ OE,0.07000201284963037,-0.9032955057789955,-13.830129091252132,70,2500
1831,42.60969044414536,104.83580080753701,452.1440107671602,982.0,1.2744701284089157,17325.05248990579,LacZ_2,LacZ OE,0.04786931145447282,-0.8790289840962662,-15.573522639678345,70,2500
1832,43.63404255319149,137.6127659574468,456.46382978723403,526.0,1.4695054207553901,14257.263829787234,LacZ_2,LacZ OE,0.03794233461904284,-0.8017389382588083,-14.970834235562108,70,2500
1833,46.285290628706996,162.80189798339265,571.0782918149466,2030.0,1.1739509784631033,30858.216488730723,LacZ_2,LacZ OE,-0.2160045448241209,-0.7435063419181827,-15.238663621642687,70,2500
1834,44.82753036437247,169.22672064777328,325.7951417004049,1620.0,1.2734613986369774,20769.355465587043,LacZ_2,LacZ OE,0.3266583208244598,-0.7257238195579032,-11.040918591718707,70,2500
1835,44.46527777777778,176.11319444444445,781.0625,1793.0,1.153221671170766,14823.077083333334,LacZ_2,LacZ OE,-0.6805956996398239,-0.7144276436541432,-22.083332443899213,70,2500
1836,44.17080745341615,184.71635610766046,483.8105590062112,1205.0,1.1853527466053582,16345.614906832297,LacZ_2,LacZ OE,-0.023041406892814753,-0.6909165400470116,-15.532514192473613,70,2500
1837,43.42254545454546,193.68218181818182,568.9512727272727,1685.0,1.3736937561227398,18255.551272727273,LacZ_2,LacZ OE,-0.21144967372390955,-0.6707089385653557,-18.352991468638113,70,2500
1838,42.670028818443804,194.84582132564842,340.164265129683,991.0,1.398527721981351,16216.587896253603,LacZ_2,LacZ OE,0.2947325723908878,-0.6654992372645034,-13.78330941565978,70,2500
1839,43.666323377960865,198.25540679711636,267.9124613800206,1287.0,1.693387265114592,23973.774459320288,LacZ_2,LacZ OE,0.4544936352301079,-0.6566501825380839,-11.136397613199115,70,2500
1840,43.911528150134046,193.3941018766756,548.1876675603218,1373.0,1.383327978773313,19145.891867739054,LacZ_2,LacZ OE,-0.16553600805714586,-0.6711520270416045,-17.377318632183687,70,2500
1841,43.69911504424779,198.75516224188792,309.1047197640118,917.0,1.2380223679410334,25331.805309734515,LacZ_2,LacZ OE,0.36335583084420864,-0.6559175183512433,-12.068753668230727,70,2500
1842,43.29274292742927,210.21648216482166,307.0651906519065,1046.0,1.2837797075789366,17786.870848708488,LacZ_2,LacZ OE,0.36777807364072723,-0.6288699791787861,-12.539570172467322,70,2500
1843,44.12300469483568,214.4826291079812,241.08920187793427,1371.0,1.3759270762721476,28772.274178403757,LacZ_2,LacZ OE,0.5136551947188026,-0.6180723643634549,-10.213315190009048,70,2500
1844,43.73580034423408,228.7358003442341,249.64027538726333,1410.0,1.1596680231697938,25991.03786574871,LacZ_2,LacZ OE,0.49461942277506665,-0.5845539327117912,-10.939162469947718,70,2500
1845,43.504377104377106,230.25723905723905,325.8430976430976,1832.0,1.3728630016937873,28468.647811447812,LacZ_2,LacZ OE,0.326030123693243,-0.5817972083343946,-12.961788060018435,70,2500
1846,43.047570850202426,250.8259109311741,241.77732793522267,1278.0,1.4585152116965625,21710.776315789473,LacZ_2,LacZ OE,0.5118367768146361,-0.5323787106027951,-11.659968765262938,70,2500
1847,43.561571125265395,264.15180467091295,222.6411889596603,1261.0,1.4832833014957405,25054.987261146496,LacZ_2,LacZ OE,0.5540169220404492,-0.5007265665716721,-10.830401327630746,70,2500
1848,44.153910149750416,261.89767054908486,211.49001663893512,1582.0,1.3104029515269155,30880.752911813644,LacZ_2,LacZ OE,0.578678299855587,-0.5059090629490135,-9.956251681127746,70,2500
1849,44.68819599109131,288.78062360801783,173.87639198218264,1070.0,1.1343109595249503,25643.12026726058,LacZ_2,LacZ OE,0.6616047058735819,-0.44207792363505505,-8.808289177630549,70,2500
1850,44.217351598173515,290.09497716894975,273.9351598173516,1379.0,1.2585621474999074,20943.395433789956,LacZ_2,LacZ OE,0.440252325793953,-0.44007394613582984,-11.624348679245287,70,2500
1851,44.21584905660377,298.9584905660377,178.93433962264152,1658.0,1.1360586471049665,31879.15547169811,LacZ_2,LacZ OE,0.6503407457027048,-0.41813626963246775,-9.497956232957257,70,2500
1852,42.84638783269962,310.1984790874525,214.22585551330798,1680.0,1.3660343334268157,34903.01977186312,LacZ_2,LacZ OE,0.5722259479969809,-0.3920377931169673,-11.799627138739595,70,2500
1853,44.03488372093023,313.5019379844961,272.72093023255815,1272.0,1.4575308786335546,25280.18507751938,LacZ_2,LacZ OE,0.44272157579080695,-0.3848531551622869,-12.007427678851748,70,2500
1854,43.59086491739553,319.1214771622935,168.65403304178815,1254.0,1.3322463323138265,30985.299319727892,LacZ_2,LacZ OE,0.6729214963686949,-0.37047903203384924,-10.08033362661083,70,2500
1855,44.1570796460177,319.96091445427726,333.2286135693215,1657.0,1.2890327598322378,18750.05162241888,LacZ_2,LacZ OE,0.3087892093136517,-0.37027153441280813,-13.35897241217026,70,2500
1856,43.860114777618364,331.44117647058823,226.1477761836442,1617.0,1.417228925938805,31896.011477761836,LacZ_2,LacZ OE,0.5455926853504935,-0.3420372220820209,-11.271943887447634,70,2500
1857,43.727925340990666,334.6446518305815,260.09763101220386,1857.0,1.4799871413434886,31294.126346015793,LacZ_2,LacZ OE,0.4704599064716959,-0.33485228089092245,-12.226846584314131,70,2500
1858,42.29263157894737,354.0989473684211,320.9242105263158,680.0,1.3360529769667964,17587.412631578947,LacZ_2,LacZ OE,0.33577679688220385,-0.2896566253832823,-15.269941736432628,70,2500
1859,44.501193317422434,356.93556085918857,271.90453460620523,1739.0,1.513551565283746,26833.999204455053,LacZ_2,LacZ OE,0.44408338678250914,-0.28238345467258263,-11.947118202780686,70,2500
1860,45.05244601145879,366.4305861613045,259.6641692375496,3328.0,1.7317613467499728,31349.251652710445,LacZ_2,LacZ OE,0.47104287674670475,-0.2598414341008676,-11.203585412805396,70,2500
1861,43.670124481327804,386.59128630705396,142.13762102351313,1806.0,1.229878825859125,56930.974412171505,LacZ_2,LacZ OE,0.7309279246728577,-0.21104336204677887,-10.04297768969429,70,2500
1862,45.473843493298745,391.19109381755294,314.0410722006053,2845.0,1.389337714628389,27011.15520968439,LacZ_2,LacZ OE,0.35048134342463366,-0.2020172528701787,-12.29213902458305,70,2500
1863,43.76669634906501,390.58236865538737,181.41941228851292,1320.0,1.244647718760688,46321.78984861977,LacZ_2,LacZ OE,0.6439796467991707,-0.20205325615536096,-10.901191640476725,70,2500
1864,43.673809523809524,393.9896825396825,335.84444444444443,1741.0,1.7604663328709158,14789.64365079365,LacZ_2,LacZ OE,0.30231082992548375,-0.19569364600487105,-14.627241165568307,70,2500
1865,44.333578792341676,406.8159057437408,132.83652430044182,1629.0,1.289587953308795,51197.79234167894,LacZ_2,LacZ OE,0.7512751425654804,-0.163221956412542,-9.360758077080199,70,2500
1866,43.5840886203424,414.5438066465257,162.22155085599195,1218.0,1.3138750025409403,42787.623363544815,LacZ_2,LacZ OE,0.6862294444945141,-0.1453294759796635,-10.870611221350465,70,2500
1867,44.837915234822454,415.1769759450172,292.68384879725085,2333.0,1.5488352893961268,37414.90950744559,LacZ_2,LacZ OE,0.3975315764888674,-0.14522273621824355,-12.664635659539826,70,2500
1868,44.06339341205718,433.3642013673089,131.66998135487881,1949.0,1.3709115327711543,58079.52579241765,LacZ_2,LacZ OE,0.7536130337649338,-0.10059397933027636,-9.863367785851658,70,2500
1869,42.737089201877936,439.8560250391236,207.5813771517997,1527.0,1.3471116479758476,45727.91392801252,LacZ_2,LacZ OE,0.5856769668122921,-0.08613506201207222,-13.022352846947783,70,2500
1870,43.889592760180996,444.50588235294117,188.4099547511312,1351.0,1.4741786459399817,34823.021719457014,LacZ_2,LacZ OE,0.6279861138162408,-0.07493278764148681,-11.468791767961918,70,2500
1871,43.89231632080763,448.8143578238923,304.9220415030847,2398.0,1.4772827503410642,31823.339315759957,LacZ_2,LacZ OE,0.3701799559834351,-0.06603403793320861,-14.224273785655917,70,2500
1872,44.7120761451517,463.4687685901249,301.3712076145152,2304.0,1.5169717928306279,29892.666270077334,LacZ_2,LacZ OE,0.37785145323007363,-0.03141032468977201,-13.465355523056772,70,2500
1873,44.16511430990686,465.9051651143099,201.22438611346317,1521.0,1.3508380327263911,40124.33869602032,LacZ_2,LacZ OE,0.599414952507104,-0.024589401899920538,-11.701415403896142,70,2500
1874,45.48367952522255,470.02017804154303,88.07121661721068,2113.0,1.3897667379834426,32232.542433234423,LacZ_2,LacZ OE,0.8496402548745479,-0.013625304831962448,-7.785769321456456,70,2500
1875,43.96894803548796,474.14575411913813,327.7515842839037,2043.0,1.619687403691916,39252.33206590621,LacZ_2,LacZ OE,0.31942419974153635,-0.006528870730173164,-14.92765504116882,70,2500
1876,42.99736147757256,475.29023746701847,158.7994722955145,1411.0,1.3019446892642308,38595.18117854002,LacZ_2,LacZ OE,0.6932428302218112,-0.002018505657912506,-11.971619600194927,70,2500
1877,42.79421579532814,479.15127919911015,206.9777530589544,1179.0,1.4118716576892814,40243.56062291435,LacZ_2,LacZ OE,0.5866292429397755,0.006561503140624536,-13.335572671124943,70,2500
1878,44.40896513558384,482.9612617598229,111.11234089651356,2421.0,1.22648098612761,45259.108467072496,LacZ_2,LacZ OE,0.798595794336977,0.016625308089995627,-9.523854728773884,70,2500
1879,45.072281959378735,490.2485065710872,323.10692951015534,1960.0,1.274292267557942,31990.853643966548,LacZ_2,LacZ OE,0.32948693117881067,0.03152949700968932,-13.873923003768354,70,2500
1880,42.61198288159772,505.8052781740371,232.72539229671898,1667.0,1.3875274692313868,46691.96362339515,LacZ_2,LacZ OE,0.5294182482102066,0.0691488260913844,-14.378698827383417,70,2500
1881,45.14103382259094,508.5433950223357,396.97574984045946,3586.0,1.3342997113905246,28942.097638800256,LacZ_2,LacZ OE,0.16588343534340155,0.07388321053382474,-15.706144179564898,70,2500
1882,43.97246891651865,510.4866785079929,283.6030195381883,1602.0,1.6784793816531804,38295.66429840142,LacZ_2,LacZ OE,0.4167440374370188,0.07967028774921636,-14.250470452856277,70,2500
1883,44.42454268292683,534.858993902439,150.6128048780488,1602.0,1.3858712934027388,42461.4931402439,LacZ_2,LacZ OE,0.7107044134722056,0.13861226040368035,-10.936773733522827,70,2500
1884,45.4115004492363,530.4842767295597,215.3045822102426,1499.0,1.3247655321559364,35991.146451033244,LacZ_2,LacZ OE,0.5675755340499207,0.12761396997442476,-11.415391166906389,70,2500
1885,43.66170388751034,537.9644334160463,265.4301075268817,1538.0,1.489002572643006,23992.94871794872,LacZ_2,LacZ OE,0.45669890097295474,0.14467422739262115,-14.40629716296693,70,2500
1886,43.98865671641791,545.219104477612,126.0441791044776,2258.0,1.361470039816028,56318.79223880597,LacZ_2,LacZ OE,0.7649808542731997,0.16330603800004173,-10.901137877404118,70,2500
1887,42.25249169435216,543.5980066445183,343.0,640.0,1.791132377899666,24408.40199335548,LacZ_2,LacZ OE,0.285106264576519,0.15708883819752262,-17.67842986203625,70,2500
1888,42.97836538461539,558.1730769230769,144.39543269230768,1042.0,1.2934731653426916,43220.965144230766,LacZ_2,LacZ OE,0.724308527174311,0.19363940374874278,-12.465619532464174,70,2500
1889,43.560225846925974,560.0269761606022,192.16624843161856,1896.0,1.369363111852913,40207.75470514429,LacZ_2,LacZ OE,0.6185752385329797,0.19750735379467987,-13.01568423366907,70,2500
1890,42.88954635108481,571.6429980276134,234.51676528599606,817.0,1.4299974628595107,33724.12426035503,LacZ_2,LacZ OE,0.5248037777956129,0.22443217789000292,-14.787030300179964,70,2500
1891,44.11663947797716,573.2479608482871,369.27243066884176,1502.0,1.4723491460577625,23385.84339314845,LacZ_2,LacZ OE,0.2265995012586286,0.22678397200682565,-16.717370422540508,70,2500
1892,43.68875502008032,581.1506024096385,137.44444444444446,1850.0,1.480707558411904,37436.587684069615,LacZ_2,LacZ OE,0.7394274454965764,0.24792987389278576,-11.818193730738727,70,2500
1893,43.33065595716198,592.2208835341365,215.6934404283802,962.0,1.4434513465606165,33951.96921017403,LacZ_2,LacZ OE,0.5662254740341879,0.2731850901449637,-14.10856380148541,70,2500
1894,44.45442176870748,602.9136054421768,208.98843537414967,1842.0,1.172907719338952,35669.680272108846,LacZ_2,LacZ OE,0.5808976880958676,0.29850522553789816,-12.933454045333768,70,2500
1895,43.725338491295936,618.7001934235976,331.1431334622824,721.0,1.3140490550563262,23041.098646034818,LacZ_2,LacZ OE,0.31053492494306734,0.3344003514075935,-16.664328856910757,70,2500
1896,44.80213089802131,629.175799086758,232.5806697108067,1763.0,1.2867599507559304,30296.903348554035,LacZ_2,LacZ OE,0.528431582877074,0.36020384932162997,-13.392729293510989,70,2500
1897,42.177718832891244,633.8381962864721,267.13793103448273,525.0,1.3188667925232376,19537.700265251988,LacZ_2,LacZ OE,0.4520697066146264,0.37076657663736756,-16.86748923535427,70,2500
1898,45.99046408137317,641.8417037507946,292.81881754609026,2019.0,1.2914330432466339,21386.804831532103,LacZ_2,LacZ OE,0.39498036460457797,0.3894534876525102,-13.732912541628146,70,2500
1899,43.68049155145929,654.2780337941629,137.18586789554533,1151.0,1.9234471595667477,38937.290322580644,LacZ_2,LacZ OE,0.7392924026823886,0.4204237390056047,-12.535784057086218,70,2500
1900,46.15002988643156,664.424387328153,110.38852361028093,2565.0,1.6115939078582548,38177.887627017335,LacZ_2,LacZ OE,0.7983514308440895,0.44470381815381277,-9.541606945586743,70,2500
1901,42.340782122905026,694.5949720670391,88.01675977653632,639.0,1.6134294664260125,21421.240223463687,LacZ_2,LacZ OE,0.8477503427450135,0.5160252283369602,-13.123259380089294,70,2500
1902,43.393353941267385,752.0425038639877,309.1035548686244,1441.0,1.229906313464604,20455.169242658423,LacZ_2,LacZ OE,0.35802099544094235,0.6491565556080667,-17.786833864997924,70,2500
1903,43.68856767411301,788.0354796320631,479.0341655716163,1851.0,1.423045278229809,23092.456636005256,LacZ_2,LacZ OE,-0.018286764852791237,0.7322190906341612,-21.80512730378631,70,2500
1904,44.6284023668639,786.8473372781065,409.83786982248523,2051.0,1.4461570395387762,21575.51301775148,LacZ_2,LacZ OE,0.134761878320536,0.7301886959786283,-19.24090890758829,70,2500
1905,42.39693593314763,810.9860724233984,473.1406685236769,928.0,1.3855580163255532,16128.782729805014,LacZ_2,LacZ OE,-0.005403643659357971,0.786388856210658,-23.183471132041475,70,2500
1906,47.72130518234165,68.2809980806142,621.4452975047984,3535.0,1.6921609218682854,15683.358541266794,LacZ_2,LacZ OE,-0.3265931797816113,-0.9669736461501152,-14.052597109333938,70,2500
1907,45.46947368421053,74.73263157894736,471.7821052631579,1150.0,1.1932043319584527,18804.543157894735,LacZ_2,LacZ OE,0.0045666248688001065,-0.9501833936152486,-12.87796514337068,70,2500
1908,45.054490413723514,77.56710393541877,548.6760847628658,1144.0,1.1395728028011842,17728.457114026238,LacZ_2,LacZ OE,-0.16555496580860574,-0.9443412054860768,-15.113048466511962,70,2500
1909,45.93320235756385,127.90766208251473,341.3791748526523,801.0,1.5348607416391353,13005.298624754421,LacZ_2,LacZ OE,0.2925237718910536,-0.8233300640283011,-9.894688317367198,70,2500
1910,43.43586833144155,142.20998864926221,440.0533484676504,1119.0,1.3667860722781615,16904.88989784336,LacZ_2,LacZ OE,0.07421365917679879,-0.7907216049616793,-14.831365710748393,70,2500
1911,46.63954372623574,165.93764258555134,280.3110266159696,1773.0,1.4015781218762198,22639.247148288974,LacZ_2,LacZ OE,0.427222811627074,-0.7329471946771011,-8.137011915821901,70,2500
1912,44.17617866004963,173.5272952853598,305.9516129032258,1020.0,1.2293774169542027,25679.916873449132,LacZ_2,LacZ OE,0.37055100520768613,-0.7153793129115231,-11.271551717890866,70,2500
1913,47.23474663908997,185.28645294725956,312.976215098242,1447.0,1.2660010278554457,23522.119958634954,LacZ_2,LacZ OE,0.35473834604160537,-0.6876484778960364,-8.492746525723248,70,2500
1914,42.49318801089918,185.05722070844686,462.5558583106267,522.0,1.5389392443944754,11180.027247956403,LacZ_2,LacZ OE,0.024064622127120572,-0.6899202219602955,-16.717455462784823,70,2500
1915,44.39478764478765,186.90733590733592,587.2934362934363,1310.0,1.692842079602134,15116.388996138996,LacZ_2,LacZ OE,-0.25201347356105075,-0.6868660836620544,-17.74236735893393,70,2500
1916,45.30769230769231,184.17682317682318,376.7002997002997,1315.0,1.4743598090659982,16038.641358641358,LacZ_2,LacZ OE,0.21386934853721407,-0.691001182402259,-11.893826648980038,70,2500
1917,45.14907872696818,198.2529313232831,295.43383584589617,886.0,1.316960820857377,21203.951423785595,LacZ_2,LacZ OE,0.3935303914826698,-0.6569207521657368,-10.295653218240709,70,2500
1918,44.446236559139784,201.91397849462365,242.2311827956989,1019.0,1.2592225914916197,26082.809139784946,LacZ_2,LacZ OE,0.5112336443056522,-0.6477240093383613,-9.793856993822502,70,2500
1919,44.3337182448037,214.83833718244804,328.92725173210164,1158.0,1.3602155487183745,17377.613163972288,LacZ_2,LacZ OE,0.319313245522175,-0.618181475136153,-12.053774962697972,70,2500
1920,46.28486997635934,211.0921985815603,807.9858156028369,1964.0,1.1504307987731088,21551.66607565012,LacZ_2,LacZ OE,-0.7405916989267243,-0.6321705520332002,-21.234117945795532,70,2500
1921,46.54871150219987,220.561282212445,215.23695788812068,1922.0,1.2033545392886609,25192.0716530484,LacZ_2,LacZ OE,0.5706649614083008,-0.6033983344165641,-7.245195569203588,70,2500
1922,44.30397727272727,242.2244318181818,321.22159090909093,565.0,1.5165851689375962,16936.53693181818,LacZ_2,LacZ OE,0.3360973546733672,-0.5535008855706289,-12.171776870982427,70,2500
1923,45.34355828220859,246.07055214723925,488.72852760736197,952.0,1.3005026389330412,27306.98926380368,LacZ_2,LacZ OE,-0.03457585669101171,-0.5462223022462769,-15.074970332647368,70,2500
1924,45.48755020080321,254.6024096385542,281.19196787148593,1609.0,1.3130456383833646,19496.60401606426,LacZ_2,LacZ OE,0.4244755523374393,-0.5238427037502797,-10.176521962242099,70,2500
1925,43.473304473304474,261.5036075036075,292.0577200577201,868.0,1.3994293691078852,17083.07647907648,LacZ_2,LacZ OE,0.4004741488007826,-0.5077281875844226,-12.510929470488044,70,2500
1926,42.550970873786405,277.50970873786406,293.45873786407765,694.0,1.530178783496316,18604.007281553397,LacZ_2,LacZ OE,0.39726742738574505,-0.4700096315038559,-13.622205043197475,70,2500
1927,45.94836400817996,292.74386503067484,896.9550102249489,2393.0,1.0835720150355932,17255.084867075664,LacZ_2,LacZ OE,-0.9381944043086342,-0.4405454510244633,-24.4432554584658,70,2500
1928,45.46158098396904,295.14704256495304,832.2692095080155,2403.0,1.2121807426583249,25299.634604754006,LacZ_2,LacZ OE,-0.7950855229362233,-0.4341862279551919,-23.44547619840901,70,2500
1929,42.29182879377432,308.53307392996106,330.8287937743191,521.0,1.7211686741127417,15840.171206225681,LacZ_2,LacZ OE,0.3143053972967427,-0.3972437988704193,-15.055892996511336,70,2500
1930,44.970238095238095,316.2202380952381,190.41517857142858,1853.0,1.3382207238847175,33659.82068452381,LacZ_2,LacZ OE,0.6247352261506565,-0.3775270036220669,-9.180302778570379,70,2500
1931,45.575,317.65714285714284,258.43125,1616.0,1.6787185239614628,25434.258928571428,LacZ_2,LacZ OE,0.47421540269200047,-0.3748617686370149,-10.17533906156342,70,2500
1932,45.55045180722892,327.1129518072289,293.6634036144578,1758.0,1.3400011187070184,27539.28765060241,LacZ_2,LacZ OE,0.39617968666698533,-0.3529404258323765,-11.113689516818603,70,2500
1933,46.48890429958391,329.7364771151179,174.43273231622746,1831.0,1.355816136462502,34893.05894590846,LacZ_2,LacZ OE,0.659884564665929,-0.3454371568882658,-7.421769468470359,70,2500
1934,45.549872122762146,337.3369565217391,889.8644501278773,1871.0,1.2076939032821092,19598.736572890026,LacZ_2,LacZ OE,-0.9229185312106173,-0.3352924972822663,-25.1125539370809,70,2500
1935,44.66853303471444,339.2698768197088,205.30795072788354,1083.0,1.3093486187670822,27173.918253079508,LacZ_2,LacZ OE,0.5915799343316814,-0.32332652274697016,-10.054561874524872,70,2500
1936,44.58288770053476,358.31729055258467,114.51336898395722,782.0,1.3333586223751561,26172.308377896614,LacZ_2,LacZ OE,0.7922685419767743,-0.2774148584312467,-8.209960917400473,70,2500
1937,44.67092866756393,366.5471063257066,242.88223418573352,1903.0,1.5236853281186384,37052.25168236878,LacZ_2,LacZ OE,0.5081888111720949,-0.259393231096429,-11.194910564238427,70,2500
1938,44.52759856630824,368.22795698924733,184.8179211469534,1695.0,1.346464232743812,49834.0458781362,LacZ_2,LacZ OE,0.6366379493041954,-0.25480181155810266,-10.001078133433886,70,2500
1939,45.090558766859345,375.03949903660885,212.73314065510598,1334.0,1.4015663368791298,42218.44219653179,LacZ_2,LacZ OE,0.5747849974514088,-0.23902490907763652,-10.155673009655935,70,2500
1940,44.93948126801153,380.3746397694525,286.65513928914504,1509.0,1.471192414673964,25952.2795389049,LacZ_2,LacZ OE,0.41120060408398906,-0.2272459360515664,-12.082116311009713,70,2500
1941,44.69718309859155,396.90845070422534,269.5586854460094,1264.0,1.5039635105986304,32721.6455399061,LacZ_2,LacZ OE,0.44887632352819073,-0.1880664270512582,-12.087534408827551,70,2500
1942,44.12742718446602,413.1092233009709,174.95145631067962,1059.0,1.3726778933482584,51441.288834951454,LacZ_2,LacZ OE,0.6580523656756683,-0.14883904038448537,-10.610164419965002,70,2500
1943,44.578288100208766,419.06193458594294,359.0514961725818,1713.0,1.3429389855774083,26061.197633959637,LacZ_2,LacZ OE,0.2506796165704934,-0.13678493900543387,-14.509305364676798,70,2500
1944,46.80672993960311,420.35332182916306,325.22605694564277,2810.0,1.379610883650237,33124.752372735114,LacZ_2,LacZ OE,0.3253853143333687,-0.1333210000267877,-11.505690811292723,70,2500
1945,45.534246575342465,424.2216687422167,303.64383561643837,1937.0,1.267014129858738,36422.07222914072,LacZ_2,LacZ OE,0.37316086188705233,-0.12399133841204413,-12.312497555148141,70,2500
1946,46.80213706705969,425.2240235814296,376.93773028739867,3272.0,1.281775337744667,30255.542741341193,LacZ_2,LacZ OE,0.21093463115135402,-0.12239323029150884,-12.763399631169634,70,2500
1947,43.89366053169734,434.0729379686435,262.32515337423314,1767.0,1.3495478735902984,39569.52351738241,LacZ_2,LacZ OE,0.4645613066724954,-0.10034358377112818,-13.085732123501828,70,2500
1948,44.081896551724135,459.85258620689655,157.4853448275862,1732.0,1.5124709178089686,39308.78448275862,LacZ_2,LacZ OE,0.6962434375621271,-0.038393455259700726,-10.705780697638524,70,2500
1949,44.200710479573715,469.3472468916519,143.47158081705152,1438.0,1.4086030041151907,51104.44937833037,LacZ_2,LacZ OE,0.7271486416275836,-0.015842927130752193,-10.353204523081253,70,2500
1950,45.47063142437592,480.23054331864904,193.3979441997063,1689.0,1.3636473908866669,46759.07415565345,LacZ_2,LacZ OE,0.616523625398055,0.009315672538195985,-10.354006064175131,70,2500
1951,48.39946524064171,495.70641711229945,309.71176470588233,2984.0,1.3188383160776809,35889.47219251337,LacZ_2,LacZ OE,0.3588968193773052,0.04462476659567871,-10.288934444238151,70,2500
1952,44.68691296180338,510.10958046336884,302.65873512836566,2030.0,1.6145727945216495,36213.91671884784,LacZ_2,LacZ OE,0.3745530419681353,0.07859037183274276,-13.976780911565868,70,2500
1953,45.11572052401747,514.9437772925764,120.117903930131,2208.0,1.2381917180283026,50721.23635371179,LacZ_2,LacZ OE,0.7783264604983227,0.09198333896986277,-9.340121131639002,70,2500
1954,44.76745860331174,542.3866090712743,166.81497480201583,1863.0,1.299984059024377,43618.22462203024,LacZ_2,LacZ OE,0.6747691523816499,0.15620027094591915,-11.045300060106328,70,2500
1955,45.989977728285076,540.4599109131403,335.6915367483296,1308.0,1.442476108633147,25216.778396436526,LacZ_2,LacZ OE,0.30111226325969853,0.14985138427377254,-13.741070068376267,70,2500
1956,45.10282021151586,555.8954171562867,315.478848413631,2245.0,1.4368611769176378,37783.30493537015,LacZ_2,LacZ OE,0.3457261076585687,0.18645932501966422,-14.307753690852934,70,2500
1957,45.646200607902735,575.4328267477204,208.87234042553192,2206.0,1.3575629493487216,40626.85896656535,LacZ_2,LacZ OE,0.5813588183423348,0.2337126837145722,-11.470523500065738,70,2500
1958,44.178184845961695,579.3530391340549,190.6752706078268,2033.0,1.428577649620858,42077.58784346378,LacZ_2,LacZ OE,0.6216548644003799,0.24312349503793462,-12.552220072876622,70,2500
1959,44.06525037936267,583.3581183611533,225.02503793626707,1736.0,1.3320194531168565,40350.498482549316,LacZ_2,LacZ OE,0.545628592244624,0.25219534130108223,-13.505038026991173,70,2500
1960,45.26528258362168,586.5340253748558,324.19780853517875,2659.0,1.5058371470223906,31892.272202998847,LacZ_2,LacZ OE,0.32613197071979094,0.2586380630815417,-14.648311483462166,70,2500
1961,45.52938117524701,585.5829433177327,359.1430057202288,2339.0,1.4591389153871674,29604.895995839834,LacZ_2,LacZ OE,0.24881687114265993,0.2560215811685709,-15.189614328501946,70,2500
1962,44.665560716655605,610.8327803583278,358.7584605175846,1852.0,1.3816546438676605,19189.25613802256,LacZ_2,LacZ OE,0.24946796189909293,0.3155647491326259,-16.291196871625733,70,2500
1963,43.360424028268554,615.1342756183745,108.84628975265018,749.0,1.3682549879944572,30949.581272084804,LacZ_2,LacZ OE,0.802384449983117,0.3283925217845043,-11.812197070544833,70,2500
1964,43.752627324171385,622.0517380759903,95.7696038803557,1560.0,1.5339568065601772,37433.54082457558,LacZ_2,LacZ OE,0.831227324071639,0.3448600906946082,-11.182952466750521,70,2500
1965,47.52758055707264,614.7050791916985,293.7356635718187,2426.0,1.4009090614948474,26123.47951938831,LacZ_2,LacZ OE,0.39313510020691855,0.32546940565438054,-11.952200646329686,70,2500
1966,45.72193690388848,618.0719002201027,255.87894350696993,1930.0,1.3947302363571172,33645.97578870139,LacZ_2,LacZ OE,0.4769477778757836,0.3337804709266161,-12.90771012645233,70,2500
1967,43.83843329253366,641.8959608323133,177.2362301101591,1079.0,1.33761427804371,34934.07711138311,LacZ_2,LacZ OE,0.6507990278703224,0.3907862977498384,-13.19039645485882,70,2500
1968,45.48196248196248,635.0772005772005,19.385281385281385,1613.0,1.1771247913644778,32299.988455988456,LacZ_2,LacZ OE,1.0,0.3764524159671776,-7.800965392030314,70,2500
1969,46.25258215962441,659.8122065727699,158.00657276995304,1596.0,1.4137873073760192,41644.13615023474,LacZ_2,LacZ OE,0.6930434474913238,0.43331044764146665,-10.504012062711887,70,2500
1970,45.56356413166856,664.5096481271282,285.90749148694664,2110.0,1.3185816269047959,18249.468217934165,LacZ_2,LacZ OE,0.4100733114942281,0.44298733204413865,-14.220308991021469,70,2500
1971,46.907407407407405,668.0,196.2827160493827,1168.0,1.391738855229837,25175.582716049383,LacZ_2,LacZ OE,0.6082505476322246,0.4522233104749003,-10.82176165940922,70,2500
1972,44.789123196448394,675.4162042175361,97.40510543840178,1134.0,1.3562801616232407,30016.286348501664,LacZ_2,LacZ OE,0.8270391520213338,0.4707408443845178,-10.706942931517759,70,2500
1973,43.621457489878544,698.3846153846154,103.97165991902834,698.0,1.6166604212315434,27042.14170040486,LacZ_2,LacZ OE,0.8123498253726873,0.5248202901488317,-12.251995670254445,70,2500
1974,43.90555555555556,695.8861111111111,127.66111111111111,579.0,1.6914752545038905,30098.719444444443,LacZ_2,LacZ OE,0.7599501991890325,0.5186763558498404,-12.495781032853458,70,2500
1975,44.94723183391003,703.6643598615917,219.4022491349481,1753.0,1.5468911874590936,24532.146193771627,LacZ_2,LacZ OE,0.5568585299388673,0.5360519828911503,-13.669139842710813,70,2500
1976,43.560798548094375,704.4900181488204,157.80399274047187,764.0,1.5777397549456238,24080.20508166969,LacZ_2,LacZ OE,0.6931984743582882,0.538636156311276,-13.627266406108369,70,2500
1977,44.16403785488959,726.9074658254469,544.0946372239748,1184.0,1.2963395734411545,23476.272344900106,LacZ_2,LacZ OE,-0.1616557811519581,0.5873367953441933,-22.248483671678496,70,2500
1978,44.79429987608426,727.4634448574969,804.7050805452293,995.0,1.3142935303078278,22554.442379182157,LacZ_2,LacZ OE,-0.7382526011690302,0.5858352453714015,-27.699051417891752,70,2500
1979,45.280548628428924,798.7980049875312,414.9706982543641,1986.0,1.3651639752027234,24860.27119700748,LacZ_2,LacZ OE,0.12325698587649314,0.7583368486687831,-18.825529875816887,70,2500
1980,45.15625,802.37890625,774.771484375,1316.0,1.4074981712802672,14410.5654296875,LacZ_2,LacZ OE,-0.672772849611171,0.7628770696261644,-27.37227187611454,70,2500
1981,44.2355175688509,829.4624881291548,329.6229819563153,1374.0,1.2234888511757853,15008.41215574549,LacZ_2,LacZ OE,0.31183246234120143,0.8315695856900256,-18.180624080010727,70,2500
1982,44.24233128834356,823.9509202453987,741.2852760736197,506.0,1.4309431639424857,11652.822085889571,LacZ_2,LacZ OE,-0.5988514575478514,0.8141030528966293,-27.716313443126744,70,2500
1983,45.93584905660377,102.1622641509434,520.7826415094339,1552.0,1.2268768823756857,19550.71396226415,LacZ_2,LacZ OE,-0.10412870736200575,-0.8860039888176504,-13.82233498545591,70,2500
1984,44.75797101449275,115.43913043478261,472.70579710144926,902.0,1.3497145574180105,17746.459420289855,LacZ_2,LacZ OE,0.002166030643041328,-0.8541921347082356,-14.008977688289505,70,2500
1985,45.60061919504644,196.47265221878226,418.85345717234264,1189.0,1.3219799422563276,15512.190918472652,LacZ_2,LacZ OE,0.12047813359101056,-0.6624487062136379,-12.703923692865501,70,2500
1986,45.03599374021909,214.1752738654147,390.11267605633805,804.0,1.4299644816850152,12645.752738654148,LacZ_2,LacZ OE,0.18392041270374704,-0.6203932630370941,-12.771554400104122,70,2500
1987,45.333333333333336,208.69951338199513,375.8965936739659,1002.0,1.2916932873430924,15933.058394160584,LacZ_2,LacZ OE,0.21540883003291889,-0.6331483383569342,-12.089347572863339,70,2500
1988,46.08913043478261,210.17753623188406,401.30434782608694,1624.0,1.2727115450963582,28822.689855072465,LacZ_2,LacZ OE,0.15914488047229836,-0.629920408526731,-11.940540408808118,70,2500
1989,45.048780487804876,219.140243902439,868.6158536585366,874.0,1.2720934152681025,10297.17987804878,LacZ_2,LacZ OE,-0.8747399288860341,-0.6138730087870343,-23.961911040031215,70,2500
1990,45.635572139303484,235.3992537313433,272.6865671641791,1016.0,1.293714600966863,21086.23258706468,LacZ_2,LacZ OE,0.4434705349300119,-0.5690429974249847,-9.642422921011686,70,2500
1991,44.498711340206185,278.7087628865979,396.3917525773196,1054.0,1.4998687527284917,10874.872422680412,LacZ_2,LacZ OE,0.16943235017237734,-0.4682535890449745,-14.086327454144083,70,2500
1992,46.859621451104104,287.2902208201893,301.6821766561514,1564.0,1.2700823545027435,26003.81388012618,LacZ_2,LacZ OE,0.3787570691251172,-0.4469304470863432,-9.602307546830673,70,2500
1993,47.51235684147076,290.10066305003016,924.8667872212176,2019.0,1.1708882732084238,13782.745027124774,LacZ_2,LacZ OE,-1.0,-0.44704728455812315,-23.50456788572044,70,2500
1994,46.38750796685787,292.49012109623965,319.5353728489484,1980.0,1.5053801640448015,22770.41937539834,LacZ_2,LacZ OE,0.33923382202946284,-0.43486951326407264,-10.541319996941297,70,2500
1995,46.027956989247315,295.90179211469535,250.70967741935485,1767.0,1.4104802923982476,29632.98136200717,LacZ_2,LacZ OE,0.4914852240958263,-0.42608366136281584,-9.32970811277007,70,2500
1996,44.90628019323672,301.4028985507246,277.95652173913044,1266.0,1.4538038052918316,21710.408695652175,LacZ_2,LacZ OE,0.431210692694572,-0.4134289902009656,-11.140001687659634,70,2500
1997,47.19348127600555,299.07697642163663,206.88834951456312,1665.0,1.281598728442976,37532.84743411928,LacZ_2,LacZ OE,0.5883419340169174,-0.4180920860675006,-7.174081357084688,70,2500
1998,46.381727158948685,309.3441802252816,918.3366708385482,2238.0,1.2040027254154415,13950.18085106383,LacZ_2,LacZ OE,-0.9856809146667103,-0.4016110987355487,-24.670856768831523,70,2500
1999,44.34593572778828,307.17013232514176,832.7769376181475,705.0,1.2996166317087565,15636.446124763705,LacZ_2,LacZ OE,-0.7962674560836033,-0.40585742648997336,-24.690214660712552,70,2500
2000,47.25108055009823,325.1449901768173,913.1689587426326,3205.0,1.381209072056075,15973.575638506876,LacZ_2,LacZ OE,-0.9744459882778477,-0.3642646126152067,-23.835883589369082,70,2500
2001,46.042497831743276,338.69384215091065,370.8499566348656,1335.0,1.219459996508512,14022.379878577623,LacZ_2,LacZ OE,0.22527932102453807,-0.32644986247486285,-12.534414152185818,70,2500
2002,46.50824175824176,342.8598901098901,221.54945054945054,1784.0,1.481787344674714,28681.17032967033,LacZ_2,LacZ OE,0.5555183995455661,-0.3149926908026992,-8.629171665980998,70,2500
2003,48.126599326599326,344.67676767676767,262.8228956228956,1933.0,1.236329063428972,31026.15016835017,LacZ_2,LacZ OE,0.4641062909007465,-0.31111791456206994,-7.991245687282479,70,2500
2004,46.265120132560064,345.8533554266777,392.98425849212924,1577.0,1.371227249310592,16257.630488815244,LacZ_2,LacZ OE,0.1762299468557018,-0.3097972259119611,-12.897880946838512,70,2500
2005,47.59036144578313,351.8341056533828,290.5106580166821,1594.0,1.3498832484238985,21764.871177015757,LacZ_2,LacZ OE,0.40281001661248794,-0.29454798247385083,-9.242767685053316,70,2500
2006,44.951241134751776,358.0744680851064,178.9636524822695,1435.0,1.3225573966973307,38285.984042553195,LacZ_2,LacZ OE,0.6496659235672024,-0.278678435741773,-9.341775008735553,70,2500
2007,44.73430962343096,352.494769874477,252.0805439330544,1367.0,1.5947870290495576,26555.67050209205,LacZ_2,LacZ OE,0.4879717087179878,-0.2926378943395058,-11.208510466665416,70,2500
2008,46.42781954887218,355.5857142857143,216.8624060150376,1708.0,1.4955831949267864,29632.555639097744,LacZ_2,LacZ OE,0.565768765390781,-0.2849263050534162,-8.72479500459633,70,2500
2009,46.116279069767444,363.1986434108527,314.4389534883721,1396.0,1.3792020101503069,18259.93023255814,LacZ_2,LacZ OE,0.3498387263215623,-0.2680348307291214,-11.385352317811922,70,2500
2010,44.65344964314036,367.79064234734335,161.796986518636,1527.0,1.5546419403970477,38658.82712133227,LacZ_2,LacZ OE,0.6875658068038106,-0.25558071132311455,-9.334339522477286,70,2500
2011,45.343511450381676,365.83053435114505,301.28702290076336,889.0,1.4982852279745453,21817.464122137404,LacZ_2,LacZ OE,0.3789497416373009,-0.26170174462075957,-11.877029325969758,70,2500
2012,46.61450044208665,376.1264367816092,337.91158267020336,1430.0,1.3207747885175654,18531.261715296198,LacZ_2,LacZ OE,0.2977584634866022,-0.2377843400307661,-11.560933651538221,70,2500
2013,46.813813813813816,376.06756756756755,137.8370870870871,1531.0,1.1863890747270702,49975.88888888889,LacZ_2,LacZ OE,0.7403815092494559,-0.23574803683961665,-6.697095140784185,70,2500
2014,46.42164599774521,381.3618940248027,256.13979706877114,2570.0,1.3398252633841674,35830.09470124014,LacZ_2,LacZ OE,0.4786247554259393,-0.22455232661868796,-9.898728154303328,70,2500
2015,46.546052631578945,379.66008771929825,368.51169590643275,1756.0,1.590027570048946,19983.830409356724,LacZ_2,LacZ OE,0.23002996242695706,-0.22978279197023632,-12.377257878536597,70,2500
2016,45.15205395462906,395.33292458614346,248.13979153893317,2425.0,1.4511349483091374,45860.86143470264,LacZ_2,LacZ OE,0.49625393002794826,-0.19153998248228676,-11.11809258936892,70,2500
2017,47.37225042301184,410.8793006204174,311.3530738860688,2293.0,1.2581807380501921,33529.133671742806,LacZ_2,LacZ OE,0.3561395030688854,-0.1555046778518243,-10.524274586775356,70,2500
2018,45.33867924528302,430.96603773584906,163.28490566037735,1371.0,1.3666412998143576,40352.34056603774,LacZ_2,LacZ OE,0.6836273684256968,-0.1065645885649722,-9.302017468953402,70,2500
2019,45.63303498779496,430.820179007323,190.21155410903174,1707.0,1.6116367821732587,37918.704637917006,LacZ_2,LacZ OE,0.6240426690983982,-0.10719404467667182,-9.634026349198116,70,2500
2020,46.044551798174986,446.86634460547504,256.0987654320988,2976.0,1.9539680742058299,45037.19323671498,LacZ_2,LacZ OE,0.4781012464826384,-0.0700501476781491,-10.91553202535897,70,2500
2021,46.98183088749126,449.7624039133473,201.97833682739343,1914.0,1.3372027833569646,48516.62613556953,LacZ_2,LacZ OE,0.5977575644035751,-0.06261044119081172,-8.745260753843297,70,2500
2022,46.66191607284244,448.36104513064134,231.7735550277118,1704.0,1.4896465847339933,47471.91211401425,LacZ_2,LacZ OE,0.5318705091351297,-0.06624648520889242,-9.745932463714148,70,2500
2023,45.07482014388489,453.2014388489209,109.28776978417267,872.0,1.3391685061728469,33787.090647482015,LacZ_2,LacZ OE,0.8028858866550477,-0.05353645998969869,-8.524558602898551,70,2500
2024,44.46,452.0028571428571,289.69714285714286,601.0,1.5755457981670893,25153.785714285714,LacZ_2,LacZ OE,0.4038024160703968,-0.05833494671447026,-13.333049096275339,70,2500
2025,45.762852404643446,462.5389718076285,267.7330016583748,906.0,1.4330182523993131,41677.68822553897,LacZ_2,LacZ OE,0.45222528427620867,-0.0332145777569427,-11.621666450375862,70,2500
2026,46.07347538574577,469.16899338721527,186.87509184423217,1612.0,1.351932795572936,45992.85966201322,LacZ_2,LacZ OE,0.6310302579295868,-0.016691520011018146,-9.491090250916407,70,2500
2027,45.2941935483871,473.19870967741934,232.43225806451613,1034.0,1.3981935955648466,34955.93677419355,LacZ_2,LacZ OE,0.5302436117432046,-0.007698361604974502,-11.37154356863951,70,2500
2028,48.026006977481764,478.00253726609577,290.04630510624804,4250.0,1.4427666920272162,37259.235331430384,LacZ_2,LacZ OE,0.40259409105129595,0.003070100666988207,-10.030658966719727,70,2500
2029,46.23280802292263,485.0487106017192,273.80587392550143,2318.0,1.5673652026261171,42113.73638968481,LacZ_2,LacZ OE,0.43854794964645527,0.01982570330372524,-11.513625958884255,70,2500
2030,45.62876254180602,487.13628762541805,87.97909698996655,1400.0,1.3566133027594862,28099.163879598662,LacZ_2,LacZ OE,0.8496709530217039,0.026752079435926834,-7.80602081376972,70,2500
2031,45.23953695458593,496.3321460373998,295.79430097951916,1725.0,1.4680811257318178,35236.44968833482,LacZ_2,LacZ OE,0.3898442420416688,0.04617957480662316,-13.129538571548053,70,2500
2032,46.05,504.508,180.02133333333333,1905.0,1.4673547852757427,51810.168,LacZ_2,LacZ OE,0.6458523990970828,0.0667391101824677,-9.700485671209194,70,2500
2033,46.756651017214395,515.0070422535211,106.15336463223787,1639.0,1.2639533517376518,37413.53677621283,LacZ_2,LacZ OE,0.809135345393257,0.09232152881083344,-7.374801265105319,70,2500
2034,47.06790799561884,524.249726177437,298.4173055859803,1310.0,1.5346430568604859,27370.42716319825,LacZ_2,LacZ OE,0.3836766564875491,0.11204418220061463,-11.635996969678288,70,2500
2035,45.36084142394822,526.7017259978425,337.7810140237325,2443.0,1.5298093722137855,27962.595469255662,LacZ_2,LacZ OE,0.29665526006314424,0.11736187326625735,-14.284126678335753,70,2500
2036,47.16241134751773,527.7560283687943,250.22765957446808,2098.0,1.3692822450651176,39773.478014184395,LacZ_2,LacZ OE,0.49024972142742573,0.12083973241704293,-10.452456417352948,70,2500
2037,46.1265189421015,533.1150822015726,91.52823445318084,1650.0,1.243567949707874,33834.02001429593,LacZ_2,LacZ OE,0.8413484706715968,0.1351786266203321,-7.8409389240454885,70,2500
2038,50.445105462412116,531.419686316928,122.07517577068685,2722.0,1.2167322529401967,37523.118983234184,LacZ_2,LacZ OE,0.7735614576232275,0.1309467505406685,-4.219239137191273,70,2500
2039,47.81443880428652,549.7608573040045,64.19232938522279,2274.0,1.3866619001603104,31613.733220530175,LacZ_2,LacZ OE,0.9015764915837374,0.1747773865041864,-5.679155418221441,70,2500
2040,45.86055182699478,541.3982102908277,225.53914988814319,1770.0,1.4858479994919662,34231.860551827,LacZ_2,LacZ OE,0.5448043880524411,0.15325671350062575,-11.31182901551157,70,2500
2041,46.54698672114402,579.1552604698672,261.8830439223698,2487.0,1.5359480860725052,27742.341675178755,LacZ_2,LacZ OE,0.4639985553368495,0.24193852154453332,-11.842192142487768,70,2500
2042,44.87871485943775,587.8160642570281,312.8024096385542,1687.0,1.3542742397633083,29293.935742971888,LacZ_2,LacZ OE,0.3513500409030883,0.26177691001952286,-14.781654500575396,70,2500
2043,45.467969598262755,583.3007600434311,122.47774158523345,1120.0,1.2713075181372913,29321.290988056462,LacZ_2,LacZ OE,0.7724261184164176,0.2532046059538484,-9.711686848730565,70,2500
2044,45.57356608478803,593.045719035744,298.6234413965087,1865.0,1.7277498057739538,35112.38320864506,LacZ_2,LacZ OE,0.3826322262069015,0.27428218601513077,-13.807652265179868,70,2500
2045,45.86935866983373,604.7110055423594,223.45605700712588,1493.0,1.2536666382143404,28916.086302454474,LacZ_2,LacZ OE,0.5487998725986525,0.30262023189943,-11.873812398025137,70,2500
2046,46.13823682837767,612.6812728221179,278.4642670839854,2462.0,1.4158154722062002,28606.982785602504,LacZ_2,LacZ OE,0.4270120066298775,0.32082966199166796,-12.965305415717665,70,2500
2047,46.08798114689709,605.4454045561665,265.0997643362137,1651.0,1.5302234732786344,27302.356637863315,LacZ_2,LacZ OE,0.4566514350269808,0.30390571226814056,-12.633216296890382,70,2500
2048,46.98171238570241,612.3158769742311,175.89692435577723,1588.0,1.369384122102298,33856.54031587698,LacZ_2,LacZ OE,0.6538857664264826,0.32109978569040853,-9.727538523962899,70,2500
2049,45.24831309041836,626.0188933873144,177.1120107962213,983.0,1.3379347250327598,36994.35897435898,LacZ_2,LacZ OE,0.6511545904025167,0.35336938155758224,-11.622756697018033,70,2500
2050,44.78721278721279,624.2267732267733,62.806193806193804,1691.0,1.6999812786896427,27353.682317682316,LacZ_2,LacZ OE,0.9040790739581439,0.3503717509651585,-9.401551956721747,70,2500
2051,45.96961805555556,625.7170138888889,163.18663194444446,1444.0,1.3336590583968966,43560.874131944445,LacZ_2,LacZ OE,0.6819279017619064,0.35282485857688317,-10.574109355962278,70,2500
2052,44.83524904214559,637.2892720306513,120.544061302682,1275.0,1.4103230307647399,39347.557471264365,LacZ_2,LacZ OE,0.7762144232778234,0.3805579601888158,-10.827262313149085,70,2500
2053,45.858635097493035,632.1552924791087,188.11977715877438,1766.0,1.4671261236161652,38504.480501392754,LacZ_2,LacZ OE,0.626710755093012,0.3677382833943945,-11.329264330937463,70,2500
2054,44.28232189973615,648.622691292876,151.82321899736147,641.0,1.4678923674221636,40187.81530343008,LacZ_2,LacZ OE,0.7069332198537415,0.40693898951811547,-12.220040465732666,70,2500
2055,45.33299492385787,650.161421319797,267.38680203045686,1233.0,1.2487434684095202,19228.451776649745,LacZ_2,LacZ OE,0.45119811059861203,0.4093387431518969,-13.87870243398688,70,2500
2056,44.50544959128065,650.6021798365123,354.88147138964575,899.0,1.3956847264504342,13108.848773841963,LacZ_2,LacZ OE,0.25766867409469496,0.4094102705448197,-16.749916571319833,70,2500
2057,43.7972972972973,727.0864864864865,235.03783783783783,620.0,1.615002525442175,21285.672972972974,LacZ_2,LacZ OE,0.5221001113293884,0.591103656538801,-15.412317196299906,70,2500
2058,46.775,728.7767857142857,254.1080357142857,1381.0,1.399569992651645,23894.135714285716,LacZ_2,LacZ OE,0.47974009950017926,0.5949517784302731,-12.896653935787498,70,2500
2059,44.21700879765396,753.6510263929619,255.95307917888562,535.0,1.6047487580042452,18389.34604105572,LacZ_2,LacZ OE,0.47554977771664975,0.6535461339814324,-15.740166333526343,70,2500
2060,46.40847322142286,801.5411670663469,369.484412470024,1480.0,1.3431821119328793,20080.61310951239,LacZ_2,LacZ OE,0.22380327168360492,0.7653265850020381,-16.664452140238026,70,2500
2061,46.77037773359841,79.91053677932406,484.12127236580517,1248.0,1.2621380988150592,17709.153081510933,LacZ_2,LacZ OE,-0.022849139582767464,-0.938074043684598,-11.915771930297389,70,2500
2062,46.58926487747958,105.56709451575263,464.659276546091,1087.0,1.1539135627284807,16672.35705950992,LacZ_2,LacZ OE,0.019968535104527563,-0.8773489555853191,-11.894122013653593,70,2500
2063,46.36944444444445,129.3347222222222,440.5236111111111,936.0,1.3143116397886092,17240.756944444445,LacZ_2,LacZ OE,0.073146231781833,-0.821029609685627,-11.783739453023905,70,2500
2064,45.11132075471698,132.65849056603773,513.1132075471698,715.0,1.5745952390973277,13228.981132075472,LacZ_2,LacZ OE,-0.08741375808438312,-0.8140058312907689,-14.766139062357318,70,2500
2065,47.095628415300546,152.04280510018214,405.21948998178505,1418.0,1.2383719031629001,14065.571038251366,LacZ_2,LacZ OE,0.15099370617901875,-0.7670667300664122,-10.456937878232111,70,2500
2066,47.46257668711657,156.54233128834355,285.9914110429448,1297.0,1.3676664724596614,20482.83435582822,LacZ_2,LacZ OE,0.414704235692108,-0.7551514696434809,-7.354751499678315,70,2500
2067,47.10200364298725,158.75318761384335,302.6548269581057,1397.0,1.3738246314324607,21317.24408014572,LacZ_2,LacZ OE,0.37783634193102933,-0.7501255674265092,-8.125283897352311,70,2500
2068,46.88925438596491,167.63048245614036,507.7763157894737,1092.0,1.3004369188128901,18722.314692982458,LacZ_2,LacZ OE,-0.07603699447174883,-0.7314162393339978,-13.206471209014929,70,2500
2069,47.31386861313869,177.24209245742094,354.9257907542579,1243.0,1.4409798409137198,17688.76520681265,LacZ_2,LacZ OE,0.26200537075337516,-0.7070766299511405,-9.312859759793305,70,2500
2070,46.73038842345773,197.3092155369383,218.8865194211729,1530.0,1.1645952365651262,23028.052551408986,LacZ_2,LacZ OE,0.5628064717535455,-0.6582802037953425,-6.921193452619953,70,2500
2071,46.348130841121495,201.6892523364486,322.77803738317755,806.0,1.753474255623585,20839.69158878505,LacZ_2,LacZ OE,0.3329405059900239,-0.6490845247413946,-9.768030709112566,70,2500
2072,46.369902912621356,231.49126213592234,176.94660194174756,1234.0,1.4343508375299063,20901.558252427185,LacZ_2,LacZ OE,0.6552797321357147,-0.5772056264430625,-6.638266663474944,70,2500
2073,46.88604240282685,235.53533568904592,285.6316254416961,1481.0,1.3874913362642698,35709.821554770315,LacZ_2,LacZ OE,0.414765721008564,-0.568833905087295,-8.695450714479321,70,2500
2074,46.71686746987952,264.9706325301205,180.41792168674698,1508.0,1.1953763127837322,27744.578313253012,LacZ_2,LacZ OE,0.6472581380823306,-0.49826502231308434,-6.699840787547473,70,2500
2075,47.597258485639685,267.8994778067885,882.3159268929504,2089.0,1.217070099368086,18167.33093994778,LacZ_2,LacZ OE,-0.9056526216257615,-0.4989513396779717,-22.210594518645383,70,2500
2076,47.75535168195719,289.57874617737,214.40749235474007,1596.0,1.3987986227471703,33496.680428134554,LacZ_2,LacZ OE,0.5717698932496884,-0.44056503454232354,-6.694757237639465,70,2500
2077,45.3,313.2835820895522,288.3089552238806,1010.0,1.6613612382159082,24332.782089552238,LacZ_2,LacZ OE,0.4081722936399226,-0.3855084416654877,-11.103958113020951,70,2500
2078,47.2339483394834,315.4162361623616,204.14243542435423,1802.0,1.365834785183314,32954.57490774908,LacZ_2,LacZ OE,0.5942566505848823,-0.3795207139383928,-7.229452342316058,70,2500
2079,47.908839779005525,326.685773480663,240.185773480663,1951.0,1.3860034713240044,32155.516574585636,LacZ_2,LacZ OE,0.5143726208109471,-0.3533140249658866,-7.505239046878863,70,2500
2080,47.411433172302736,384.8220611916264,237.6304347826087,1563.0,1.5771732636731026,41687.85990338164,LacZ_2,LacZ OE,0.5194891208709775,-0.21616716242684653,-8.511627038134705,70,2500
2081,46.60134486071085,391.8232468780019,220.13544668587897,1314.0,1.2569366614732578,38529.656099903936,LacZ_2,LacZ OE,0.5581681100239162,-0.19948162169908135,-8.98211205804698,70,2500
2082,47.57024265644955,402.6200510855683,258.61749680715195,1974.0,1.3793709428992693,42955.21200510856,LacZ_2,LacZ OE,0.47287819883658555,-0.17440975020586535,-9.016211686205288,70,2500
2083,45.87131147540983,416.5590163934426,227.3655737704918,1464.0,1.5043699635194907,39850.34262295082,LacZ_2,LacZ OE,0.5419710170329854,-0.14123058155504398,-10.12243003815857,70,2500
2084,46.574188562596596,430.35394126738794,245.4659969088099,1657.0,1.4709741051321708,41948.30525502318,LacZ_2,LacZ OE,0.5017569325078355,-0.10887176645201824,-9.976670094055251,70,2500
2085,47.1647582697201,438.5019083969466,295.3066157760814,1949.0,1.533614131586836,34677.18765903308,LacZ_2,LacZ OE,0.3913831888870065,-0.09017977505616304,-10.62784900667291,70,2500
2086,46.85804132973944,440.28840970350404,219.54716981132074,1452.0,1.4893866446255963,43065.09703504043,LacZ_2,LacZ OE,0.5589873968213108,-0.08515090433516814,-9.185886704800481,70,2500
2087,48.88111455108359,439.93684210526317,328.312693498452,2397.0,1.4420345137522763,30651.299690402477,LacZ_2,LacZ OE,0.3182599368671788,-0.08711398888866873,-9.695495575011016,70,2500
2088,45.004439511653715,456.3607103218646,120.34517203107659,1261.0,1.4548837062802225,37577.597114317425,LacZ_2,LacZ OE,0.7783962258169375,-0.046206014159690945,-8.883585129252047,70,2500
2089,46.549565217391304,455.5173913043478,188.47478260869565,1441.0,1.29239165193789,43577.40347826087,LacZ_2,LacZ OE,0.6275986753666358,-0.04889908134261922,-8.918898993411169,70,2500
2090,49.95558845299778,469.1176905995559,322.40118430792006,3748.0,1.6703791720502053,30716.85344189489,LacZ_2,LacZ OE,0.3310003380277935,-0.018194233501900525,-8.769016568918545,70,2500
2091,45.4130081300813,463.4471544715447,278.54959349593497,895.0,1.4585943926454579,37896.8081300813,LacZ_2,LacZ OE,0.4283046015984173,-0.03119771399386484,-12.232432764372682,70,2500
2092,46.34459036898061,468.22201375859913,216.23076923076923,1977.0,1.352719645909476,44365.68980612883,LacZ_2,LacZ OE,0.5660806733606616,-0.019237524219504754,-9.895119647870999,70,2500
2093,45.79598145285935,473.7534775888717,172.86707882534776,1704.0,1.4596770729077102,39906.102782071095,LacZ_2,LacZ OE,0.6619907289500437,-0.005732109160115129,-9.48679632968448,70,2500
2094,46.412191582002905,475.06458635703916,246.57184325108852,1715.0,1.409412692632385,44463.1618287373,LacZ_2,LacZ OE,0.49888620876259426,-0.003425054179370779,-10.601768762891673,70,2500
2095,47.320404721753796,483.8268690275436,218.55087127599776,2151.0,1.2728600249933038,43365.23102866779,LacZ_2,LacZ OE,0.5607464038178422,0.01756794356509328,-9.12635393217976,70,2500
2096,48.10845431255337,486.02946199829205,240.45772843723313,3042.0,1.5031394643826321,43279.20708795901,LacZ_2,LacZ OE,0.5122189507852803,0.022543689777567932,-8.870781830479771,70,2500
2097,46.50246652572234,482.92529950669484,259.9126145172657,1890.0,1.4340488390970478,44935.545454545456,LacZ_2,LacZ OE,0.4692911685621246,0.014973935869064148,-10.899410640403836,70,2500
2098,47.08969866853539,493.73580939032934,190.61597757533286,1733.0,1.2473565746324429,52856.271899089,LacZ_2,LacZ OE,0.6224639339766265,0.041238716289474286,-8.80271788331192,70,2500
2099,46.168067226890756,507.71533613445376,132.72899159663865,1298.0,1.399631420423572,40992.33718487395,LacZ_2,LacZ OE,0.7504419967526863,0.07482026942450593,-8.511381590560482,70,2500
2100,45.82316118935837,504.5023474178404,200.4303599374022,1069.0,1.630934829812062,46022.07042253521,LacZ_2,LacZ OE,0.6007124750496173,0.06649918060206961,-10.402959298908435,70,2500
2101,46.13875205254516,515.7651888341544,221.0870279146141,1549.0,1.4580339308887764,43686.752873563215,LacZ_2,LacZ OE,0.5548876233178626,0.09284880336950652,-10.679181701305538,70,2500
2102,46.71963824289406,515.3068475452196,240.61950904392765,1918.0,1.4613535432197937,37369.75904392765,LacZ_2,LacZ OE,0.5116495492905873,0.09156903142113015,-10.549326643364424,70,2500
2103,47.20245398773006,537.0582822085889,134.98670756646217,1324.0,1.42110058165884,36363.5572597137,LacZ_2,LacZ OE,0.7451097991494531,0.14403283349806717,-7.816998533762941,70,2500
2104,46.865107913669064,538.6642685851319,362.13309352517985,1915.0,1.2497040115505218,25160.400479616306,LacZ_2,LacZ OE,0.24258669703100066,0.14534897890546516,-13.465043227604156,70,2500
2105,47.75858250276855,539.9258028792913,206.30232558139534,2211.0,1.3140502956432674,47070.78682170543,LacZ_2,LacZ OE,0.5872789292628624,0.15003566422384362,-8.951564422056911,70,2500
2106,48.270104358502145,537.6691221608348,319.62369551872314,2106.0,1.4100487333134635,35537.62369551872,LacZ_2,LacZ OE,0.3365689444837512,0.14349491080463617,-11.05980816377744,70,2500
2107,46.24312431243124,548.8932893289328,238.2904290429043,2296.0,1.4086987049947377,42358.51540154016,LacZ_2,LacZ OE,0.5165019352847657,0.17080632268646512,-11.299948139772198,70,2500
2108,46.62267657992565,556.4395910780669,218.4953531598513,1423.0,1.5144953924988018,35168.15985130111,LacZ_2,LacZ OE,0.5602027409037775,0.18882978193108513,-10.532887084839153,70,2500
2109,46.08803301237964,567.2090784044017,160.4181568088033,1762.0,1.4622375658581452,36306.13067400275,LacZ_2,LacZ OE,0.688612670697889,0.2148504683633894,-9.81885084429026,70,2500
2110,46.63756281407035,563.2424623115578,255.8103015075377,2184.0,1.423403845185375,38476.15326633166,LacZ_2,LacZ OE,0.4775828049307713,0.20447174220833642,-11.454416605741699,70,2500
2111,47.86848792884371,567.4066073697586,271.7083862770013,2034.0,1.351213118721609,46908.91041931385,LacZ_2,LacZ OE,0.4423069303440512,0.21414965048770562,-10.635226305387448,70,2500
2112,46.18326693227092,570.9415670650731,316.7257636122178,1866.0,1.3529753855556632,35012.25298804781,LacZ_2,LacZ OE,0.34276608996319013,0.22196096352099204,-13.403906135334893,70,2500
2113,46.70180305131761,591.6567267683772,263.7649098474341,1942.0,1.4141984357106154,27761.065187239943,LacZ_2,LacZ OE,0.45970627156039257,0.27140980121190483,-11.853587761094687,70,2500
2114,46.490671641791046,592.4701492537314,337.88339552238807,1329.0,1.4939011062563672,22475.12406716418,LacZ_2,LacZ OE,0.2957340348377333,0.2725195499745183,-13.800413186071225,70,2500
2115,44.55329949238579,604.8037225042301,78.63451776649747,734.0,1.428820523168297,22553.08291032149,LacZ_2,LacZ OE,0.8692614554569738,0.30438005843080607,-9.814367740904764,70,2500
2116,48.433040078201365,615.3743890518084,335.4320625610948,1338.0,1.4232621288239802,20505.49560117302,LacZ_2,LacZ OE,0.30083522214003966,0.326616463243093,-12.025578611310685,70,2500
2117,45.717557251908396,630.406106870229,244.55114503816793,913.0,1.3501569433879894,29248.285496183205,LacZ_2,LacZ OE,0.5018896070550911,0.3629969001918727,-12.7686791257239,70,2500
2118,47.68466730954677,632.8466730954677,306.1321118611379,1303.0,1.2926397563909702,19755.288331726133,LacZ_2,LacZ OE,0.36552629975479456,0.36813046327534193,-12.261609649142244,70,2500
2119,46.05697151424288,634.2773613193403,153.07796101949026,898.0,1.2885940602442674,33712.76461769115,LacZ_2,LacZ OE,0.7042043785669605,0.3731284661504217,-10.334876943204051,70,2500
2120,46.84782608695652,641.7659420289855,74.65072463768117,1783.0,1.2314118711547921,32086.847101449275,LacZ_2,LacZ OE,0.8775987495159145,0.39166126543632473,-7.789283710585572,70,2500
2121,46.2992125984252,654.0498687664042,195.5275590551181,648.0,1.4535365687233306,26564.645669291338,LacZ_2,LacZ OE,0.6100876169585008,0.4193123806153929,-11.2756934276129,70,2500
2122,45.18348623853211,657.8267074413864,362.04485219164116,1167.0,1.5937742921007039,13629.703363914374,LacZ_2,LacZ OE,0.24171589840653462,0.4263890777362518,-16.30975770876248,70,2500
2123,44.77777777777778,665.2675736961452,220.87074829931973,662.0,1.575829682516248,21167.80725623583,LacZ_2,LacZ OE,0.5539899688133183,0.4454627553642625,-13.497162131356042,70,2500
2124,47.20537124802528,666.4075829383886,82.9691943127962,1603.0,1.2664919037332636,39020.94233807267,LacZ_2,LacZ OE,0.8589385733123893,0.4497032978537856,-7.866820715402142,70,2500
2125,45.95394006659267,678.2563817980022,331.93840177580466,2096.0,1.419280452031644,19457.901220865704,LacZ_2,LacZ OE,0.308084115036821,0.47492232243075083,-15.037577149433794,70,2500
2126,45.43734015345269,687.2941176470588,285.9104859335038,525.0,1.5368094105832262,15314.928388746803,LacZ_2,LacZ OE,0.4098527641545153,0.49672788362109865,-14.569447821336276,70,2500
2127,45.65766738660907,701.6209503239741,380.74946004319656,1262.0,1.4773334224850185,16855.947084233263,LacZ_2,LacZ OE,0.19988671975925576,0.5294977960553886,-16.700168469793358,70,2500
2128,46.88168724279836,700.6388888888889,236.79012345679013,1340.0,1.4043897125722684,23834.7170781893,LacZ_2,LacZ OE,0.5183199350283225,0.5287710935726158,-12.111041899031207,70,2500
2129,46.71203830369357,712.8419972640219,352.4186046511628,2017.0,1.51457006079354,15669.662790697674,LacZ_2,LacZ OE,0.2624011389874543,0.5562971670952661,-15.095471228318413,70,2500
2130,45.969205834683954,728.3452188006484,819.1183144246353,830.0,1.2283333033102684,16895.34521880065,LacZ_2,LacZ OE,-0.7702088277970023,0.5877856049492309,-26.8691391786538,70,2500
2131,46.112464183381086,761.291547277937,322.0630372492837,1585.0,1.359157984147033,20131.026504297995,LacZ_2,LacZ OE,0.3291201949675684,0.6708944557158758,-15.461173387547273,70,2500
2132,47.17854283426741,76.92233787029623,373.6781425140112,1517.0,1.3213886076348038,15093.791833466774,LacZ_2,LacZ OE,0.22149641274246124,-0.9439150185655512,-8.903923738465991,70,2500
2133,48.27724137931035,84.40758620689655,587.7675862068966,1657.0,1.1226116029014157,20987.409655172414,LacZ_2,LacZ OE,-0.25227139971708434,-0.9285565715443811,-12.869520347996449,70,2500
2134,46.342465753424655,105.89041095890411,426.27853881278537,546.0,1.468544716458321,12946.173515981734,LacZ_2,LacZ OE,0.10488939761822058,-0.8761755651169724,-11.24929701692485,70,2500
2135,46.182417582417585,105.98901098901099,484.7879120879121,1158.0,1.3948912011872432,17494.767032967033,LacZ_2,LacZ OE,-0.02454590194575823,-0.8765814128300531,-12.774192915594128,70,2500
2136,47.99038461538461,107.94326923076923,496.9807692307692,1232.0,1.0999348819323826,23651.007692307692,LacZ_2,LacZ OE,-0.05163299629972751,-0.872062761859568,-11.27015328796928,70,2500
2137,47.1503416856492,132.8018223234624,742.0820045558087,1123.0,1.2314046952576438,14443.526195899773,LacZ_2,LacZ OE,-0.594077320995043,-0.8161052827788647,-18.066750995578808,70,2500
2138,47.94846292947559,139.1012658227848,362.0216998191682,1571.0,1.3118164862815072,17554.992766726944,LacZ_2,LacZ OE,0.24664303370129925,-0.7971048026946278,-8.470777240273783,70,2500
2139,47.94897959183673,150.35321821036106,348.65698587127156,1580.0,1.1885058908010808,18520.531397174254,LacZ_2,LacZ OE,0.27610143020831424,-0.7704189587658722,-8.268781198239246,70,2500
2140,46.62978723404255,148.84964539007092,263.8482269503546,933.0,1.3649448846367522,14325.819858156028,LacZ_2,LacZ OE,0.46380995478005205,-0.7730755741085489,-7.595834110566408,70,2500
2141,47.47633434038268,174.66465256797582,254.45720040281975,1216.0,1.1931142002534696,22362.153071500503,LacZ_2,LacZ OE,0.4842925764405128,-0.7120625392077917,-6.7831708964617405,70,2500
2142,47.27571115973742,227.24507658643327,405.2757111597374,644.0,1.3724056435267071,11153.590809628009,LacZ_2,LacZ OE,0.15013241467256289,-0.5896778969376169,-11.013877346436317,70,2500
2143,47.143055555555556,234.61805555555554,414.84027777777777,999.0,1.5711524502914713,13772.181944444445,LacZ_2,LacZ OE,0.12890786333955417,-0.5723934837902638,-11.441578792147013,70,2500
2144,47.36827956989247,244.71774193548387,229.23387096774192,628.0,1.615846538017118,20331.540322580644,LacZ_2,LacZ OE,0.5394229537733766,-0.5465517940113954,-6.988483489733426,70,2500
2145,46.813403416557165,244.22207621550592,368.0946123521682,1213.0,1.6105928930399795,15906.541392904073,LacZ_2,LacZ OE,0.23224927730213651,-0.5492401287745015,-10.775369295002285,70,2500
2146,46.66208251473478,257.3555992141454,306.66601178781923,761.0,1.443371869648195,15882.039292730844,LacZ_2,LacZ OE,0.3680309678287641,-0.5175981009138984,-9.62313283535076,70,2500
2147,46.449826989619375,261.6551326412918,432.0865051903114,1068.0,1.5582158938004798,19861.852364475202,LacZ_2,LacZ OE,0.09052758452215626,-0.5088219986790343,-12.801105024569026,70,2500
2148,47.745807590467784,271.3248014121801,754.1756398940865,1423.0,1.3291653972307573,28591.856134157104,LacZ_2,LacZ OE,-0.622203578228075,-0.4894781798402995,-19.10847340665153,70,2500
2149,47.36770072992701,273.29744525547443,306.7600364963504,1373.0,1.5044312635780104,17719.222627737225,LacZ_2,LacZ OE,0.36763224216108203,-0.4799797647753924,-9.07588051923694,70,2500
2150,49.067696835908755,294.6563649742458,228.07873436350258,1689.0,1.2187298863088392,31093.09860191317,LacZ_2,LacZ OE,0.5414075053934948,-0.42870642832133476,-5.7511980479200915,70,2500
2151,48.41625788367204,324.22845129642604,316.8142957252978,1991.0,1.5477394725140798,19230.537491240364,LacZ_2,LacZ OE,0.3448418381737455,-0.3599300589145039,-8.760261502063614,70,2500
2152,50.18384539147671,335.36719524281466,306.40287413280475,3155.0,1.7446349105380665,24112.80128840436,LacZ_2,LacZ OE,0.3676763146195243,-0.33350294870206376,-6.859497267788733,70,2500
2153,48.04891304347826,353.4611801242236,329.8827639751553,1588.0,1.3515727433010785,17977.882763975154,LacZ_2,LacZ OE,0.31566609589476813,-0.2911267585069368,-9.71809743306099,70,2500
2154,47.68497409326425,353.98549222797925,167.77720207253887,1187.0,1.2405604969384292,30878.16994818653,LacZ_2,LacZ OE,0.6743124256164055,-0.28813964517523516,-6.308144412059782,70,2500
2155,47.54582074521652,363.0513595166163,382.07754279959715,1298.0,1.4525669497222378,14758.52970795569,LacZ_2,LacZ OE,0.20012672126870368,-0.2690834183307742,-11.531575737469744,70,2500
2156,48.17121354656632,371.8024459078081,325.6265286923801,1366.0,1.3720724518355203,17424.644402634054,LacZ_2,LacZ OE,0.32489855675031554,-0.24781484840872114,-9.676037759781302,70,2500
2157,49.21919673247107,382.57249829816203,208.66167460857727,1946.0,1.3107317548582025,48605.72157930565,LacZ_2,LacZ OE,0.5835061960752546,-0.22111782630466703,-6.007133439262034,70,2500
2158,47.18921568627451,389.7196078431373,167.85392156862744,1298.0,1.235176467154855,44526.544117647056,LacZ_2,LacZ OE,0.6738225807988218,-0.20386301177774147,-7.1550960170572395,70,2500
2159,48.05787181082763,396.7293092719353,102.91661481020535,1866.0,1.2330644795513772,47617.58307405103,LacZ_2,LacZ OE,0.8173732552192705,-0.18660435798641983,-4.841510439907438,70,2500
2160,47.870357393132444,418.20182200420464,198.08689558514365,1732.0,1.3353961167173063,45678.72039243168,LacZ_2,LacZ OE,0.6066261901953802,-0.13699229000264979,-7.457567065718784,70,2500
2161,48.3585500394011,414.91410559495665,138.39637509850274,1702.0,1.3000771131365025,53568.113475177306,LacZ_2,LacZ OE,0.7386884846430131,-0.1440885488514938,-5.545900380451634,70,2500
2162,47.33004385964912,414.7083333333333,99.92434210526316,1183.0,1.3938246738010251,29151.651315789473,LacZ_2,LacZ OE,0.8238568440254628,-0.14418001517601675,-5.675228655887935,70,2500
2163,47.16824034334764,428.6197424892704,208.81630901287554,1422.0,1.3035386748241575,37701.077253218886,LacZ_2,LacZ OE,0.5828245731342312,-0.11255117865516184,-8.511488789253583,70,2500
2164,48.094567404426556,424.7786720321932,176.0050301810865,1304.0,1.3898797276824282,41465.57947686117,LacZ_2,LacZ OE,0.6554035597911458,-0.12123428729438301,-6.78300688984946,70,2500
2165,49.021498371335504,428.5407166123779,270.7869706840391,1893.0,1.3359805247515102,38547.317915309446,LacZ_2,LacZ OE,0.4456293904930091,-0.11336759649047501,-8.102671777250777,70,2500
2166,49.49713958810069,441.24313501144167,271.74141876430207,2549.0,1.3887117917683696,38607.36956521739,LacZ_2,LacZ OE,0.44337034442283607,-0.08340493017768835,-7.773691437530353,70,2500
2167,47.811442385173244,445.0999194198227,127.04915390813859,1492.0,1.129578563308069,41704.1273166801,LacZ_2,LacZ OE,0.7635286142877318,-0.0727763516160208,-6.123601612289143,70,2500
2168,49.360840210052515,446.4051012753188,351.0840210052513,3212.0,1.5654310940706848,31754.018379594898,LacZ_2,LacZ OE,0.2677946454638451,-0.07209290785332856,-9.810029050525422,70,2500
2169,48.863555818074424,452.8074424099232,320.57531010041345,2250.0,1.3445289092074577,37984.630242173655,LacZ_2,LacZ OE,0.3352540391263401,-0.05667158036046471,-9.658584164049977,70,2500
2170,46.75359116022099,460.64088397790056,77.00220994475139,1096.0,1.3315366901318597,26329.41767955801,LacZ_2,LacZ OE,0.8741537727701829,-0.035599882554756435,-6.16647829189322,70,2500
2171,47.34341906202723,462.1656580937973,233.77231467473524,1746.0,1.6389387087268161,42480.33736762481,LacZ_2,LacZ OE,0.5272797871969144,-0.03369061872797707,-9.246282532556954,70,2500
2172,49.476683937823836,464.0059215396003,163.73131014063657,1724.0,1.2600816309110967,44962.81865284974,LacZ_2,LacZ OE,0.6821062314802178,-0.028541272935981743,-5.498948944758197,70,2500
2173,47.30291005291005,468.0542328042328,131.85978835978835,922.0,1.3441422670429344,47997.555555555555,LacZ_2,LacZ OE,0.7526900493146378,-0.01869606217016717,-6.968660809734374,70,2500
2174,48.33116113744076,482.8424170616114,139.97808056872037,2011.0,1.3140287070550127,53028.84063981043,LacZ_2,LacZ OE,0.7345334040708476,0.016121353804403826,-6.2746499942398515,70,2500
2175,46.83688919476944,486.3599449415003,166.03234686854782,1748.0,1.3687906885603935,36587.30075705437,LacZ_2,LacZ OE,0.6769357093896853,0.024101639402940966,-8.410214953100464,70,2500
2176,46.99660441426146,488.99830220713073,204.22750424448216,1400.0,1.2852766224996102,50488.22156196944,LacZ_2,LacZ OE,0.5924012594748556,0.02991419989200006,-9.16674198133257,70,2500
2177,47.82687105500451,502.0820559062218,242.66997294860235,1584.0,1.5694565411393395,41744.0180342651,LacZ_2,LacZ OE,0.5071839539279441,0.060377738178649665,-9.36087747295889,70,2500
2178,45.13421052631579,523.2184210526316,371.7973684210526,606.0,1.8019423013695672,15057.757894736842,LacZ_2,LacZ OE,0.2214449391770883,0.1087713184424215,-15.26957850143559,70,2500
2179,47.16968817984046,533.2204496011602,177.01087744742568,1690.0,1.4788492938513376,45257.26250906454,LacZ_2,LacZ OE,0.6521768795015053,0.1345235759804786,-8.791852362922867,70,2500
2180,47.857979502196194,530.5336749633968,191.6822840409956,1838.0,1.418211566673349,47280.23352855051,LacZ_2,LacZ OE,0.6197091639595855,0.1280426181954657,-8.419508846931883,70,2500
2181,48.12585616438356,539.4554794520548,288.19777397260276,1672.0,1.4310029022889845,27319.398116438355,LacZ_2,LacZ OE,0.4060839344964846,0.14804617544062282,-10.488903349583595,70,2500
2182,45.94409282700422,545.918776371308,386.4915611814346,1289.0,1.7344212127681442,17057.272151898735,LacZ_2,LacZ OE,0.18867490075525284,0.16217544844363463,-15.024559540267067,70,2500
2183,46.25613496932515,546.8466257668712,79.38957055214723,793.0,1.3515376287542078,24461.409509202455,LacZ_2,LacZ OE,0.8680637646968719,0.16770291706432627,-7.5627218990226055,70,2500
2184,46.20806100217865,553.8159041394335,157.39978213507626,1138.0,1.4447808217016835,30466.874727668845,LacZ_2,LacZ OE,0.6954137205736914,0.18329445347814266,-9.49748216983837,70,2500
2185,48.54913294797688,553.0160565189467,366.6326268464997,1864.0,1.4321695855145267,21861.290301862555,LacZ_2,LacZ OE,0.23240630557339892,0.17919126407907737,-12.026840806504168,70,2500
2186,46.85895117540687,562.4068716094033,242.1130198915009,1409.0,1.3839460109412662,32817.54068716094,LacZ_2,LacZ OE,0.5078824891207978,0.20265442681846935,-10.905622409126629,70,2500
2187,47.927502876869966,559.9942462600691,181.00460299194475,1047.0,1.343443388585756,29083.547756041426,LacZ_2,LacZ OE,0.6430431903327722,0.19765094363218028,-8.38928946843297,70,2500
2188,46.4025641025641,569.6495726495726,116.59487179487179,1420.0,1.3938413041206792,42734.09658119658,LacZ_2,LacZ OE,0.7855248013657865,0.2210896683211223,-8.50671269092284,70,2500
2189,47.051750380517504,566.4611872146119,330.248097412481,1684.0,1.3817188158290548,32507.472602739726,LacZ_2,LacZ OE,0.31284855456565897,0.2112658722301788,-12.80709595669419,70,2500
2190,47.49247491638796,567.8135451505017,419.45986622073576,2784.0,1.553019101794874,28299.07608695652,LacZ_2,LacZ OE,0.11544594146546827,0.21349798283589583,-14.459391110150499,70,2500
2191,46.729729729729726,573.6734234234234,92.01576576576576,639.0,1.4344314830600962,24438.64864864865,LacZ_2,LacZ OE,0.8398462957494557,0.23085515998259631,-7.646041372433068,70,2500
2192,48.00918422474338,577.5099945975148,283.17882225823877,2263.0,1.4383151233716815,37375.332252836306,LacZ_2,LacZ OE,0.4168254029155869,0.23786004925334714,-10.860801442424176,70,2500
2193,48.968291250734,579.2630651790957,338.9747504403993,2261.0,1.4422289499273668,31909.78273634762,LacZ_2,LacZ OE,0.29331931628574126,0.24141171450899535,-11.219830271548567,70,2500
2194,48.18398474737845,584.1115347950429,385.6177311725453,1220.0,1.5049479636067051,15359.483317445185,LacZ_2,LacZ OE,0.19012281741464454,0.2523242340840002,-13.138627808081232,70,2500
2195,47.176874642243845,594.2364052661706,155.8443045220378,2378.0,1.3517382640429025,42052.78534630796,LacZ_2,LacZ OE,0.6984138135650866,0.27867636379622973,-8.888124855923216,70,2500
2196,48.31426814268143,593.8517835178352,277.9889298892989,2297.0,1.3824163878203313,27528.653751537517,LacZ_2,LacZ OE,0.42813332910461877,0.2764699427919348,-10.594692377396917,70,2500
2197,47.42819672131147,601.5455737704918,247.87737704918032,2019.0,1.3416446816113405,29194.372459016395,LacZ_2,LacZ OE,0.49472167302929226,0.2949243255005598,-10.853801956223592,70,2500
2198,47.82552870090635,597.7235649546827,173.3632930513595,1619.0,1.2847528059960256,34781.25,LacZ_2,LacZ OE,0.6595885930622456,0.28672653733080167,-8.682182519489068,70,2500
2199,46.94865211810013,601.9319640564827,184.38254172015405,1014.0,1.285225113208245,31324.896020539152,LacZ_2,LacZ OE,0.6352148731182738,0.2965136431404203,-9.856820742326363,70,2500
2200,47.88063844552394,607.0346981263011,150.71061762664817,1802.0,1.2286229230126198,39306.626648161,LacZ_2,LacZ OE,0.7096110731805443,0.308936434566371,-8.190109876898674,70,2500
2201,47.16893732970027,614.325613079019,212.3514986376022,1101.0,1.6028695944147169,36389.73160762943,LacZ_2,LacZ OE,0.5732067381180681,0.3254490811493138,-10.409839838019252,70,2500
2202,49.638256658595644,611.0842615012107,236.28329297820824,2748.0,1.5086514722271958,33508.40532687651,LacZ_2,LacZ OE,0.5201652131158749,0.3176001929283345,-8.467484922497334,70,2500
2203,46.87460148777896,626.3698193411265,204.92242295430393,1374.0,1.429355216539288,31595.319872476088,LacZ_2,LacZ OE,0.5895410594495738,0.3539325477268962,-10.648720088417939,70,2500
2204,47.53186274509804,623.1776960784314,268.87745098039215,1066.0,1.440507978171902,21681.883578431374,LacZ_2,LacZ OE,0.4480477179196485,0.345724198181258,-11.451322546365468,70,2500
2205,46.775862068965516,643.4418103448276,26.70258620689655,656.0,1.414031985473392,19079.536637931036,LacZ_2,LacZ OE,0.9836638312688382,0.3961328113371505,-6.759881275737811,70,2500
2206,47.19280795715379,644.716908951798,210.18974751338945,1622.0,1.4209121811424674,30525.143840856923,LacZ_2,LacZ OE,0.5776939879273244,0.3971593459145102,-10.632881372628063,70,2500
2207,48.30316409124356,653.3818984547462,145.63134657836645,1778.0,1.3133121577449938,45805.38925680648,LacZ_2,LacZ OE,0.7203778865166135,0.41832386085279905,-8.102698441612326,70,2500
2208,47.40270848182466,654.4191019244477,121.15680684248039,1885.0,1.466894655161463,46513.667141838916,LacZ_2,LacZ OE,0.7745603896120181,0.4210153602973761,-8.442477192006344,70,2500
2209,48.572908366533866,657.9067729083665,183.23904382470118,1617.0,1.468826426095975,32447.061354581674,LacZ_2,LacZ OE,0.6371191587230833,0.4285951784740276,-8.753991622271627,70,2500
2210,50.313522825150734,704.9543496985358,397.3260120585702,2966.0,1.8273165432524832,19574.72739018088,LacZ_2,LacZ OE,0.16294086912575878,0.5372869872768065,-12.46483185588481,70,2500
2211,46.73863636363637,710.9318181818181,231.9403409090909,588.0,1.4744670452510964,21479.184659090908,LacZ_2,LacZ OE,0.5289571085188656,0.5530991604653126,-12.241680841941061,70,2500
2212,48.46209994385177,716.0376193149916,304.4396406513195,2203.0,1.2962652198579778,19335.023020774846,LacZ_2,LacZ OE,0.3684255439899309,0.5643954009875594,-12.258773628655582,70,2500
2213,47.277142857142856,733.1028571428571,164.16285714285715,528.0,1.3249243980806789,25045.965714285714,LacZ_2,LacZ OE,0.6786615927571651,0.6061432934036968,-10.340244259892721,70,2500
2214,48.082722513089,745.9089005235602,269.77905759162303,1455.0,1.5544668699317,18625.993717277488,LacZ_2,LacZ OE,0.4448371271419218,0.6352224423814539,-12.122254700071721,70,2500
2215,47.13522012578616,760.4009433962265,262.30974842767296,811.0,1.3603979487477924,15499.98427672956,LacZ_2,LacZ OE,0.4612705332476781,0.6694653333486253,-13.037100406218435,70,2500
2216,48.73898012100259,759.4589455488332,504.2134831460674,1463.0,1.5184217532993969,28452.167675021607,LacZ_2,LacZ OE,-0.07397651083556633,0.6646555642941896,-17.063748372709828,70,2500
2217,50.10188087774295,100.86598746081505,543.6136363636364,1541.0,1.1393245501132396,15187.794670846395,LacZ_2,LacZ OE,-0.15484140162675952,-0.8892142041852522,-10.17717608475423,70,2500
2218,48.34346924671735,120.99723565998617,592.9101589495508,1685.0,1.166574333990413,31216.79820317899,LacZ_2,LacZ OE,-0.264005956654047,-0.8423040553592867,-13.28112645496504,70,2500
2219,47.15879017013233,159.78449905482043,370.4385633270321,801.0,1.361559975670282,13512.185255198488,LacZ_2,LacZ OE,0.22786276829901952,-0.7484270253127989,-9.658736718041986,70,2500
2220,48.53979238754325,174.9907727797001,344.0080738177624,1309.0,1.4770870365794513,18281.530565167242,LacZ_2,LacZ OE,0.2861174925823964,-0.7122405565067358,-7.810797561832565,70,2500
2221,48.18478260869565,186.45169082125605,288.9903381642512,1194.0,1.2867294687170567,23050.357487922705,LacZ_2,LacZ OE,0.4077428816265598,-0.6846180310650253,-6.995269010787105,70,2500
2222,47.37153196622437,213.30036188178528,250.49819059107358,1026.0,1.2590966583351213,25906.423401688782,LacZ_2,LacZ OE,0.4926828564736503,-0.6208889867583348,-7.173597365845815,70,2500
2223,48.76510067114094,211.72231543624162,276.0822147651007,1542.0,1.2908139551503528,24576.13087248322,LacZ_2,LacZ OE,0.4360255435765983,-0.6248569934403534,-6.361436029450466,70,2500
2224,48.019209039548024,223.12542372881356,545.2203389830509,1051.0,1.3833052805266288,15118.186440677966,LacZ_2,LacZ OE,-0.15947122881003717,-0.6008965253616394,-13.492619912156798,70,2500
2225,46.901234567901234,241.85802469135803,203.90946502057614,599.0,1.3624044461748555,21148.462962962964,LacZ_2,LacZ OE,0.5955009532491886,-0.5530331441654528,-6.837057601718946,70,2500
2226,48.120425029515935,261.3884297520661,255.15230224321132,1082.0,1.3314140477143241,20550.907910271548,LacZ_2,LacZ OE,0.48188240815968353,-0.5074933905758474,-7.003851178761074,70,2500
2227,48.82290184921764,280.8783783783784,276.7809388335704,1663.0,1.3478607257687074,26447.756045519203,LacZ_2,LacZ OE,0.433807636133102,-0.46173957549595346,-6.99644955438108,70,2500
2228,48.58093346573982,282.6405163853029,249.1459781529295,1291.0,1.295410927541988,20969.797418073485,LacZ_2,LacZ OE,0.49494101727828177,-0.45728879777556186,-6.611369312389144,70,2500
2229,48.33769063180828,306.24691358024694,257.320987654321,1668.0,1.3055870701371937,28863.485838779958,LacZ_2,LacZ OE,0.4766392910608206,-0.40170083247512367,-7.276030936147727,70,2500
2230,50.28133704735376,306.4136490250696,223.0459610027855,1948.0,1.4798617619900023,34632.25348189415,LacZ_2,LacZ OE,0.5523652296548258,-0.4008913193859557,-4.53563855507349,70,2500
2231,47.84281437125748,311.43263473053895,180.1931137724551,859.0,1.4010957059277835,28694.26497005988,LacZ_2,LacZ OE,0.6472477629569493,-0.3886434120508889,-6.023520190441211,70,2500
2232,48.973664409330325,317.7569601203913,230.06245297215952,1727.0,1.235227768581564,34888.877351392024,LacZ_2,LacZ OE,0.5368002006877752,-0.3742409611506047,-6.117421480379917,70,2500
2233,48.38650737877723,343.8763176387913,236.06113843991568,1759.0,1.3080589241910265,29460.082923401264,LacZ_2,LacZ OE,0.5233067040287378,-0.3127097248609244,-7.099736890448433,70,2500
2234,49.544973544973544,336.1040564373898,250.7724867724868,1489.0,1.374715311074884,31814.553791887127,LacZ_2,LacZ OE,0.49077552689063486,-0.3311759074080941,-6.208551949409248,70,2500
2235,48.34327086882453,340.59369676320273,321.6984667802385,1523.0,1.4669743787869198,18994.232538330492,LacZ_2,LacZ OE,0.33388182572112113,-0.3213827612400073,-9.107172334186117,70,2500
2236,48.59587274290627,359.30782459157354,193.73602751504728,1389.0,1.2222834492685597,42961.60533104041,LacZ_2,LacZ OE,0.6167841080289627,-0.2758462871736198,-6.054737841173619,70,2500
2237,48.69072164948454,377.6900343642612,173.4529209621993,1848.0,1.548668131485228,52447.34501718213,LacZ_2,LacZ OE,0.6614744773594556,-0.23226455018714653,-5.66691300274347,70,2500
2238,49.63979526551503,383.2469609724888,153.94561740243122,2082.0,1.3930631375869773,58426.07933461292,LacZ_2,LacZ OE,0.7045284455201539,-0.2189237023738504,-4.317760252890423,70,2500
2239,47.28726554787759,402.58341559723596,161.82625863770977,1290.0,1.3918966500703074,40949.293188548865,LacZ_2,LacZ OE,0.6870282909749281,-0.1734525349515853,-7.042402460581265,70,2500
2240,49.22301516503122,403.88760035682424,241.93487957181088,1795.0,1.631677620512897,45445.86083853702,LacZ_2,LacZ OE,0.5096881319987248,-0.17120116431100352,-6.98747215300439,70,2500
2241,50.35143023934618,401.6485697606538,273.41506129597195,2350.0,1.5945044568185969,37817.27262113251,LacZ_2,LacZ OE,0.44000661423039067,-0.17679830537024854,-6.5713613113157905,70,2500
2242,48.33633633633634,408.8248248248248,185.75775775775776,1196.0,1.3137355628945009,37561.94594594595,LacZ_2,LacZ OE,0.6339690745733526,-0.15896613146865113,-6.612598854682183,70,2500
2243,48.68642560758743,414.28808535862476,262.850622406639,2167.0,1.4528439273959624,41938.15174866627,LacZ_2,LacZ OE,0.46334250616361494,-0.14690791228620603,-8.113206142721886,70,2500
2244,48.372819100091824,434.4315886134068,234.2635445362718,1537.0,1.3964665480729155,46791.38934802571,LacZ_2,LacZ OE,0.5264081515960093,-0.09909091262456182,-7.957358695173497,70,2500
2245,49.65934065934066,436.9,158.3945054945055,1236.0,1.3567935942581988,40307.24285714285,LacZ_2,LacZ OE,0.6941658742605503,-0.0924160079996168,-4.926783015544835,70,2500
2246,48.88837567359507,449.43418013856814,174.73518090839107,1558.0,1.2347743594534106,37937.08852963818,LacZ_2,LacZ OE,0.657933321658456,-0.06304556205137601,-6.201038909354381,70,2500
2247,49.770535714285714,454.45089285714283,255.8607142857143,2081.0,1.6438108753497795,39694.00446428572,LacZ_2,LacZ OE,0.4783619405669173,-0.0520722532544049,-7.2593842809912275,70,2500
2248,50.104827586206895,477.3719540229885,308.62252873563216,2681.0,1.4216220349834212,29404.60551724138,LacZ_2,LacZ OE,0.3613958310396719,0.0014286188977250536,-8.379371630048965,70,2500
2249,50.31226918342224,471.59704554780467,344.1743947476405,3024.0,1.4481839072410212,35403.27903159623,LacZ_2,LacZ OE,0.28278817401894063,-0.012574065380250743,-8.944267348024752,70,2500
2250,48.49225589225589,500.406734006734,260.17171717171715,2094.0,1.4195623173296077,40884.97508417509,LacZ_2,LacZ OE,0.46844596748573397,0.056251341773024155,-9.087306575078223,70,2500
2251,48.98353156450137,497.58920402561756,137.02287282708141,1469.0,1.5940787137512566,46496.021957913996,LacZ_2,LacZ OE,0.7408949314275073,0.05095267858000363,-5.697856153630319,70,2500
2252,49.73506676036543,501.1440618411806,100.35910049191848,2061.0,1.6635348863631862,28978.87702037948,LacZ_2,LacZ OE,0.8219344191122935,0.05975271541083371,-4.126652780077514,70,2500
2253,49.51926977687627,504.5192697768763,221.60378634212304,1762.0,1.4503069308188852,40517.71602434077,LacZ_2,LacZ OE,0.5536784673696227,0.06639376320534573,-7.201779386763896,70,2500
2254,48.15937241948803,514.4161849710982,92.68703550784475,1409.0,1.2511788521126836,32514.227910817506,LacZ_2,LacZ OE,0.8388606604615605,0.09110594753323209,-5.652829478358996,70,2500
2255,48.895804195804196,518.6048951048951,79.25314685314686,1990.0,1.3364823023303847,25110.834265734266,LacZ_2,LacZ OE,0.868502398908314,0.10114873386902157,-4.644445943546081,70,2500
2256,48.3644544431946,517.3790776152981,355.62992125984255,1134.0,1.518748984034825,16630.63329583802,LacZ_2,LacZ OE,0.2571023724895092,0.09524675718740627,-11.606359030377874,70,2500
2257,49.08568329718004,527.7917570498915,134.86876355748373,1178.0,1.4736718216405147,32543.30694143167,LacZ_2,LacZ OE,0.7453630551291166,0.12221944534877238,-5.84097339810166,70,2500
2258,48.590312815338045,535.6538849646821,240.85065590312814,1383.0,1.3843802800593956,35495.259334006056,LacZ_2,LacZ OE,0.5108446267074698,0.13960333748914944,-8.88367991111619,70,2500
2259,49.05536626916525,547.3611584327086,345.55025553662693,1677.0,1.754959420025935,26703.505110732538,LacZ_2,LacZ OE,0.2790762242204088,0.16609290452959447,-10.973991947739066,70,2500
2260,49.21335504885994,549.3827361563518,262.7174267100977,1546.0,1.3631661219150302,24252.85016286645,LacZ_2,LacZ OE,0.46230286664086306,0.17176361584535282,-8.904881718312659,70,2500
2261,49.19627618308766,551.8983708301008,142.75174553917765,1619.0,1.255951000001014,45942.0,LacZ_2,LacZ OE,0.7276842656899083,0.17899855548658739,-6.149998113751657,70,2500
2262,47.89884868421053,568.5962171052631,144.65707236842104,1456.0,1.3416085252164733,33581.71463815789,LacZ_2,LacZ OE,0.7233745348004068,0.2183347491619161,-7.6547707268858005,70,2500
2263,48.73491592482691,576.2067260138476,246.84174085064294,1454.0,1.39953190217997,30373.44015825915,LacZ_2,LacZ OE,0.4971904766520372,0.23519671957074606,-9.27548509847572,70,2500
2264,47.2129144851658,585.6020942408377,178.73647469458987,810.0,1.2635324686765725,32817.86038394416,LacZ_2,LacZ OE,0.6478502302613252,0.2580624211120244,-9.301280899892333,70,2500
2265,49.03585926928282,609.6441136671177,163.38836265223276,1898.0,1.5171780117186515,36667.28687415426,LacZ_2,LacZ OE,0.681478639655535,0.3149802930836081,-7.356320212251198,70,2500
2266,48.24826522744796,611.4163454124904,116.30609097918273,1640.0,1.3515128783428059,38725.603700848114,LacZ_2,LacZ OE,0.7856641840654457,0.31965340801649966,-7.063446290156371,70,2500
2267,47.55688622754491,609.6786427145709,489.65868263473055,777.0,1.627235972664414,16316.746506986028,LacZ_2,LacZ OE,-0.040266082765463174,0.31148826270976326,-16.44097034828187,70,2500
2268,49.786829599456894,603.2477936184657,337.9110658520027,2103.0,1.5318836411045365,20282.24236252546,LacZ_2,LacZ OE,0.2953981836501567,0.2980165484752362,-10.611384305466046,70,2500
2269,49.534976682211855,622.9953364423718,85.80346435709527,1846.0,1.2031433964090703,38065.67155229847,LacZ_2,LacZ OE,0.8529678278387596,0.34732595470783023,-5.179357310773938,70,2500
2270,50.14124293785311,627.9590395480226,74.4731638418079,1725.0,1.1280484299716236,30791.322740112995,LacZ_2,LacZ OE,0.8779549436139193,0.35917098267375924,-4.35771648444878,70,2500
2271,49.10892710892711,628.3464373464374,284.3267813267813,1720.0,1.3818619166691297,21507.348894348896,LacZ_2,LacZ OE,0.41373703104769555,0.3577844946106823,-10.2854698402775,70,2500
2272,48.96857142857143,636.6171428571429,142.5157142857143,1038.0,1.5223278024826687,31623.645714285714,LacZ_2,LacZ OE,0.7273985370123,0.37882854546358247,-7.200875568641038,70,2500
2273,49.77195281782438,639.3925294888597,225.78440366972478,1926.0,1.6581930175901338,30466.810615989514,LacZ_2,LacZ OE,0.5431115235695594,0.3844900179539592,-8.366008931304044,70,2500
2274,48.66516347237881,652.1251409244645,52.8945885005637,2203.0,1.2692491673315076,27582.066516347237,LacZ_2,LacZ OE,0.9255365609764212,0.4163738180702925,-5.56669875313716,70,2500
2275,49.894904458598724,651.0668789808917,175.74920382165604,1867.0,1.5457561360232686,37152.68232484077,LacZ_2,LacZ OE,0.6536870822446539,0.41257283605224204,-7.190909374469975,70,2500
2276,48.88970588235294,667.6370320855615,142.40842245989305,1847.0,1.3322263846741735,49684.43382352941,LacZ_2,LacZ OE,0.7273398526463126,0.4519968870982263,-7.580661839634239,70,2500
2277,50.84203002144389,673.1629735525376,219.27519656897783,1820.0,1.453026750459018,23505.551822730522,LacZ_2,LacZ OE,0.557130057199414,0.46424198643818193,-7.474889030761808,70,2500
2278,48.13152400835073,682.3987473903967,203.6409185803758,750.0,1.3807090009247862,21967.09394572025,LacZ_2,LacZ OE,0.5917691238924625,0.4861348496078166,-9.910419583860573,70,2500
2279,48.17706237424547,701.158953722334,185.45875251509054,702.0,1.4007869170942118,24635.700201207244,LacZ_2,LacZ OE,0.6318103902146175,0.5305842770561799,-9.62456304220865,70,2500
2280,50.546697038724375,703.8041002277904,226.90546697038724,1599.0,1.6799048337059763,26949.07403189066,LacZ_2,LacZ OE,0.5399681081676928,0.536428025303429,-8.247741637577349,70,2500
2281,49.22457627118644,716.2211864406779,404.5872881355932,1396.0,1.3121420854260026,17274.35847457627,LacZ_2,LacZ OE,0.14682372982753988,0.563759297196563,-13.832916761632177,70,2500
2282,51.10669975186104,725.8759305210918,175.59801488833747,722.0,1.5242112788263842,23492.94540942928,LacZ_2,LacZ OE,0.6532351340161149,0.5890599542028963,-6.707784411000176,70,2500
2283,52.2,733.3919075144508,238.42658959537573,2663.0,1.4907752657928623,22169.707514450867,LacZ_2,LacZ OE,0.5141077498864326,0.606131792371476,-7.152978316055396,70,2500
2284,48.43288590604027,757.4174496644296,367.0402684563758,1794.0,1.4320586908091864,22200.873825503357,LacZ_2,LacZ OE,0.22953282914838202,0.661321339640029,-14.152076968285598,70,2500
2285,48.81415296640458,758.1722659042173,289.68263045032165,1758.0,1.5756527703911611,15740.578984989277,LacZ_2,LacZ OE,0.4006472051874581,0.6639497407525048,-11.975002194233802,70,2500
2286,49.164431898376854,772.3895553987297,269.96400846859564,1615.0,1.235513305103295,19091.374735356385,LacZ_2,LacZ OE,0.4441158380129937,0.6977070697391179,-11.304245224068069,70,2500
2287,47.869249394673126,779.5980629539952,249.19370460048427,626.0,1.3290216116274678,12922.467312348668,LacZ_2,LacZ OE,0.4900640043775204,0.7149060962492584,-12.185345351987294,70,2500
2288,48.036686390532545,804.0343195266272,542.8130177514793,1023.0,1.380854829737107,19274.64970414201,LacZ_2,LacZ OE,-0.15976678144867462,0.769364098173059,-19.101677523891475,70,2500
2289,47.65357643758766,840.4053295932679,488.29312762973353,867.0,1.6262691009940835,16083.467040673211,LacZ_2,LacZ OE,-0.03948235594617966,0.855737914468474,-18.569524581356173,70,2500
2290,49.537519142419605,842.7075038284839,415.74425727411943,991.0,1.385931820202846,17333.98315467075,LacZ_2,LacZ OE,0.12090075661892641,0.8619983206393615,-15.017490228918035,70,2500
2291,50.43250688705234,857.0275482093664,412.2020202020202,1588.0,1.5900351254992666,20481.361799816346,LacZ_2,LacZ OE,0.12855258180810103,0.8958349624852968,-14.180297608067626,70,2500
2292,50.21160651096957,61.983014861995755,530.0544939844303,1691.0,1.2539726521287717,14089.644727530078,LacZ_2,LacZ OE,-0.12447343776031383,-0.9807808282047711,-9.371036781876178,70,2500
2293,49.750301568154406,91.82147165259349,507.2316043425814,1273.0,1.3205065976883015,13748.583835946924,LacZ_2,LacZ OE,-0.07424630344971495,-0.9101615099557081,-9.592051072411486,70,2500
2294,48.03636363636364,119.40363636363637,359.24545454545455,736.0,1.2770853596994154,13776.88,LacZ_2,LacZ OE,0.2529710689533009,-0.8435349770604229,-8.12549763774578,70,2500
2295,50.03351955307262,138.683426443203,448.92364990689015,728.0,1.4357598612613782,20716.193668528864,LacZ_2,LacZ OE,0.054282666314662054,-0.7989855941781157,-8.408104113130342,70,2500
2296,49.74979423868313,150.03127572016461,438.02798353909463,1408.0,1.196814793584304,21816.752263374485,LacZ_2,LacZ OE,0.07829245338783775,-0.7721068265789905,-8.548754208455328,70,2500
2297,48.734375,168.765625,391.090625,1155.0,1.3346805135466684,16160.054166666667,LacZ_2,LacZ OE,0.1820050621792415,-0.7274306447645262,-8.652939966381176,70,2500
2298,49.79950289975145,181.10853355426678,553.5343827671913,1415.0,1.1665983694961974,19543.53769676885,LacZ_2,LacZ OE,-0.1775502059726044,-0.7000545254255112,-11.495683462588481,70,2500
2299,51.542071197411005,181.9037216828479,383.915857605178,1546.0,1.1851918893292845,16474.015372168284,LacZ_2,LacZ OE,0.1976058584425726,-0.6962988789606825,-5.8074086967852026,70,2500
2300,49.154580152671755,193.49809160305344,798.5095419847328,762.0,1.3079319115172514,14858.498091603053,LacZ_2,LacZ OE,-0.7196050508949245,-0.6735027935797957,-17.972308413077776,70,2500
2301,49.643,208.73,418.543,1314.0,1.3504924545173704,13976.46,LacZ_2,LacZ OE,0.12083745110688482,-0.6334407147572043,-8.775503204218026,70,2500
2302,48.99260355029586,230.72633136094674,238.21597633136093,930.0,1.3729533707989074,22300.57396449704,LacZ_2,LacZ OE,0.5196029038478267,-0.5796147667783,-5.43719523273478,70,2500
2303,48.33044554455446,231.35024752475246,432.4789603960396,963.0,1.3593007160700377,18787.730198019803,LacZ_2,LacZ OE,0.08985535115183363,-0.5802657675913969,-10.63378356483964,70,2500
2304,52.72596153846154,256.3238636363636,363.98776223776224,2862.0,1.5503310561787629,19169.58916083916,LacZ_2,LacZ OE,0.2409123532715065,-0.5205151884667464,-4.887348304240767,70,2500
2305,48.7710843373494,266.28765060240966,241.93072289156626,963.0,1.5119547656716923,20467.775602409638,LacZ_2,LacZ OE,0.5110520049323886,-0.4957789298610157,-6.093112378280907,70,2500
2306,48.653703703703705,264.86296296296297,272.9462962962963,786.0,1.6600631816990956,17625.82962962963,LacZ_2,LacZ OE,0.44245486719105287,-0.4994786174919533,-6.919534594154818,70,2500
2307,49.24438202247191,270.1629213483146,866.4929775280899,1018.0,1.3277451857242166,10998.234550561798,LacZ_2,LacZ OE,-0.87075390954748,-0.49340311754352784,-20.217284372417076,70,2500
2308,48.72527472527472,270.91346153846155,202.09478021978023,915.0,1.3407241017385385,26267.976648351647,LacZ_2,LacZ OE,0.5991402595098516,-0.48443654167629135,-5.255527726355176,70,2500
2309,51.57754010695187,269.4979946524064,213.90842245989305,1902.0,1.4711662518753914,30529.028743315506,LacZ_2,LacZ OE,0.5728707470865506,-0.48783836418627935,-2.665719701855707,70,2500
2310,48.58910891089109,279.85841584158413,291.44059405940595,1277.0,1.3267583038966129,20121.931683168317,LacZ_2,LacZ OE,0.40139744859761706,-0.46430981901122825,-7.561926972484024,70,2500
2311,51.370370370370374,305.8383017163505,316.0478771454381,1829.0,1.8947690462153801,16974.13369467028,LacZ_2,LacZ OE,0.3465626666125141,-0.4032325534473443,-5.609328233144019,70,2500
2312,48.83158896289248,312.6213130352046,344.8801141769743,1216.0,1.2784209104653013,15066.175071360609,LacZ_2,LacZ OE,0.28284154639459436,-0.3876037061604616,-8.885771223098544,70,2500
2313,50.67557251908397,331.9952290076336,284.85114503816794,1604.0,1.4637216181973214,27205.168893129772,LacZ_2,LacZ OE,0.41536327390132155,-0.34121162190394183,-5.832540999529485,70,2500
2314,49.537323943661974,333.87535211267607,189.33591549295775,1737.0,1.3736490841683395,35046.421126760564,LacZ_2,LacZ OE,0.6267160598638362,-0.33576657021314027,-4.7622257941415995,70,2500
2315,50.535903250188966,335.3522297808012,855.4157218442932,1632.0,1.1795609937845724,16463.383975812547,LacZ_2,LacZ OE,-0.8469447317539757,-0.33948646380610137,-19.30565365977026,70,2500
2316,48.51059730250482,346.985549132948,194.7986512524085,1273.0,1.356010999278276,30204.701348747592,LacZ_2,LacZ OE,0.6145568521526259,-0.3049252530431573,-6.0442165869105295,70,2500
2317,48.97017707362535,346.7185461323392,902.7166821994408,1291.0,1.2526653110272208,13581.425908667288,LacZ_2,LacZ OE,-0.9516195804274387,-0.31322477940251103,-22.084719317438534,70,2500
2318,49.572916666666664,347.79340277777777,381.0807291666667,1382.0,1.3017870554689701,15209.415798611111,LacZ_2,LacZ OE,0.20237486878665045,-0.3050164338332245,-9.332632094561305,70,2500
2319,50.3409594095941,350.23763837638376,180.49077490774908,1647.0,1.2246080763091518,37854.673062730624,LacZ_2,LacZ OE,0.6460846719171363,-0.29705729086013277,-3.91271614745083,70,2500
2320,48.15126050420168,356.36344537815125,232.31512605042016,699.0,1.5449658818475385,22882.073529411766,LacZ_2,LacZ OE,0.5314854983636093,-0.2832201143264945,-7.369737161356305,70,2500
2321,50.39754098360656,361.3838797814208,296.3551912568306,1133.0,1.369027873598354,22503.96174863388,LacZ_2,LacZ OE,0.38964244016118177,-0.27202152515550715,-6.666148612997574,70,2500
2322,50.19512195121951,366.5063078216989,342.42136248948697,1501.0,1.5753707063548081,16235.257359125315,LacZ_2,LacZ OE,0.28768931510539053,-0.2604432573803911,-7.992478382196175,70,2500
2323,49.67602245388933,384.6439454691259,273.3111467522053,1758.0,1.4487842816208663,27552.716118684843,LacZ_2,LacZ OE,0.4404359408705576,-0.21692270064451213,-7.0777858510562055,70,2500
2324,48.15925925925926,380.8851851851852,298.68148148148146,699.0,1.9497215104541237,22698.374074074072,LacZ_2,LacZ OE,0.38442289788315764,-0.22609864422195713,-9.148712370838979,70,2500
2325,49.43689320388349,390.5251544571933,199.3442188879082,1335.0,1.2341846346152525,44735.440423654014,LacZ_2,LacZ OE,0.6040313789208265,-0.20225323481412527,-5.650099350624004,70,2500
2326,50.15532286212915,391.40750436300175,115.5610820244328,1403.0,1.2643159022675978,39827.33769633508,LacZ_2,LacZ OE,0.78934248228048,-0.199246602949808,-2.987430058793997,70,2500
2327,49.81022463206816,399.76065065840436,300.0426026336174,1587.0,1.3905960868878495,28723.704105344696,LacZ_2,LacZ OE,0.3811436814597715,-0.18155272191122174,-7.714650464864299,70,2500
2328,49.539198606271775,395.3998257839721,149.4738675958188,1421.0,1.4410972449192074,57010.74477351917,LacZ_2,LacZ OE,0.7143090925033115,-0.19021159586030112,-4.43296552870828,70,2500
2329,49.1171875,400.76278409090907,208.8146306818182,1734.0,1.5381831269096882,40823.87997159091,LacZ_2,LacZ OE,0.5829970812024847,-0.17821500034141813,-6.2906192162108,70,2500
2330,50.01063829787234,404.7822695035461,226.1659574468085,1790.0,1.4772388050589276,44641.05744680851,LacZ_2,LacZ OE,0.5445249830532659,-0.16890178216429907,-5.841257342593373,70,2500
2331,48.673758865248224,403.7570921985816,91.41134751773049,697.0,1.648604365450692,29569.671985815603,LacZ_2,LacZ OE,0.8427269891553795,-0.1698885097093682,-4.026364699501116,70,2500
2332,49.39428191489362,405.61170212765956,112.15890957446808,1777.0,1.4691687087975882,45255.38497340425,LacZ_2,LacZ OE,0.796771147737801,-0.16572254196004854,-3.807868698211607,70,2500
2333,49.618836915297095,407.653603034134,382.20353982300884,1998.0,1.2715091947780566,21891.240834386852,LacZ_2,LacZ OE,0.199309291908641,-0.163830748176642,-9.898473522155832,70,2500
2334,49.56255969436485,423.79847182425976,255.19006685768863,1421.0,1.5088650303639501,38741.48901623687,LacZ_2,LacZ OE,0.4801529606562387,-0.1243719279879475,-7.15180775838401,70,2500
2335,49.5030959752322,433.6277089783282,119.21749226006192,1554.0,1.3413101072086029,47264.57352941176,LacZ_2,LacZ OE,0.7808784771301565,-0.09971314497434691,-4.137696789828986,70,2500
2336,49.99663677130045,453.65695067264573,374.57436472346785,3170.0,1.4954318399446809,32899.956278026904,LacZ_2,LacZ OE,0.21572299804065898,-0.055227750519610264,-9.792968111506035,70,2500
2337,50.79034810126582,458.48417721518985,123.32594936708861,1560.0,1.3376171977852678,41345.379746835446,LacZ_2,LacZ OE,0.771482150091019,-0.04109748440698391,-3.189784274925117,70,2500
2338,50.04238329238329,471.7905405405405,150.6154791154791,1956.0,1.3517076726288175,52918.78378378379,LacZ_2,LacZ OE,0.7110183510121921,-0.01002389038284035,-4.703834024198166,70,2500
2339,50.443125,472.94625,270.84,2208.0,1.5296154129061619,38456.761875,LacZ_2,LacZ OE,0.4450089600553666,-0.008593000292029696,-7.117125650643516,70,2500
2340,49.51807228915663,474.78982597054886,206.88621151271752,1169.0,1.427360092223036,40784.92235609103,LacZ_2,LacZ OE,0.5865264473874385,-0.003571698861308703,-6.569066007308287,70,2500
2341,49.34285714285714,485.17857142857144,178.8125,1454.0,1.3112034666604238,38272.260714285716,LacZ_2,LacZ OE,0.6485435794843502,0.02123359955162396,-6.191414367636284,70,2500
2342,50.963608207510646,484.13201703445606,374.0607820363918,3105.0,1.3793799320769784,22339.043360433603,LacZ_2,LacZ OE,0.21651438555601787,0.01668375887272666,-9.112450815344872,70,2500
2343,49.251251251251254,490.82382382382383,122.3963963963964,1202.0,1.4224454532931894,49027.68168168168,LacZ_2,LacZ OE,0.7733052881756459,0.035159455084097235,-5.023077417208029,70,2500
2344,48.04615384615385,500.9215384615385,82.35538461538462,820.0,1.4323955062780231,23388.46153846154,LacZ_2,LacZ OE,0.8618541995313584,0.05938459949057573,-5.393157609223792,70,2500
2345,50.69862192929898,490.39304973037747,105.28340323547035,2201.0,1.2390861200487946,41423.094068304374,LacZ_2,LacZ OE,0.8110944068753161,0.03436205625251754,-3.1730278350956596,70,2500
2346,53.44054054054054,504.98445945945946,252.17702702702704,2289.0,1.3301038254085744,42560.43918918919,LacZ_2,LacZ OE,0.48583290170480553,0.06724886951048714,-3.999017024718192,70,2500
2347,49.04779874213836,505.1685534591195,277.8735849056604,2159.0,1.5695061692758545,37881.227672955974,LacZ_2,LacZ OE,0.4292086356769309,0.0673040428151419,-8.991178008342004,70,2500
2348,50.21030345800988,507.77840508115736,193.52787579393083,1741.0,1.3549512190244752,52638.45377558222,LacZ_2,LacZ OE,0.6157246744390241,0.07440170573276284,-5.888360258782207,70,2500
2349,49.73898305084746,518.0310734463277,263.14293785310736,2286.0,1.508372542776096,33261.7,LacZ_2,LacZ OE,0.4616376613281874,0.09781944145648414,-8.082648392150979,70,2500
2350,50.97898089171974,526.0503184713376,311.01337579617837,2001.0,1.3355326484112329,28769.529299363057,LacZ_2,LacZ OE,0.3555903079253755,0.11624400636820753,-8.03741989071878,70,2500
2351,51.41104033970276,540.5694267515923,56.2072186836518,2818.0,1.2998790013135335,38337.289596602976,LacZ_2,LacZ OE,0.9191453136026551,0.15326559491168612,-1.8076457388510363,70,2500
2352,50.41422872340426,537.9461436170212,301.5398936170213,1899.0,1.3525720000898347,36749.609707446805,LacZ_2,LacZ OE,0.37646296298710635,0.14439348163800036,-8.497520585438366,70,2500
2353,49.62994112699748,552.5206055508831,130.1690496215307,1458.0,1.379031331986977,47288.61312026913,LacZ_2,LacZ OE,0.755493031376937,0.18061267792534008,-5.429238654273227,70,2500
2354,50.006542056074764,562.9074766355141,106.34018691588786,1310.0,1.2970095559880885,40550.15700934579,LacZ_2,LacZ OE,0.8080906134927119,0.2053800999211639,-4.598882259915648,70,2500
2355,48.731610337972164,567.219350563287,300.32339297548043,1999.0,1.5990905608174741,32552.670642809808,LacZ_2,LacZ OE,0.3789580132762893,0.2134172127638203,-10.43760329546145,70,2500
2356,50.56261453879047,566.1753207086133,377.4605986560782,2203.0,1.5945420058174689,24353.536346976176,LacZ_2,LacZ OE,0.20821976795065478,0.21015951628085427,-10.39514610128603,70,2500
2357,49.26694329183956,575.5165975103735,232.91839557399723,1810.0,1.410418267918657,39416.609958506226,LacZ_2,LacZ OE,0.5279728280715485,0.23373206102643507,-8.412304283152956,70,2500
2358,52.38413361169102,582.353235908142,222.44050104384132,3493.0,1.8922795425072927,31769.766597077243,LacZ_2,LacZ OE,0.5509262366755929,0.2500429977362053,-5.118734353170765,70,2500
2359,48.48426323319027,589.7496423462088,204.94706723891272,1730.0,1.3646727444601712,38945.66738197425,LacZ_2,LacZ OE,0.5897576552085964,0.2675902230993932,-8.681916335464535,70,2500
2360,51.55234899328859,593.6510067114094,188.74026845637584,1913.0,1.6150923777845312,37382.144295302016,LacZ_2,LacZ OE,0.6254162844683697,0.27703853713856286,-5.275172752765471,70,2500
2361,49.152963671128106,611.5296367112811,32.4302103250478,722.0,1.4371978064062045,18299.23518164436,LacZ_2,LacZ OE,0.9711782819824419,0.3208512611634955,-4.204882568550367,70,2500
2362,49.50956632653061,625.859056122449,134.47448979591837,2061.0,1.4028542257514274,37236.382015306124,LacZ_2,LacZ OE,0.7452645852121482,0.3535522156111761,-6.367362278379275,70,2500
2363,48.775900073475384,630.192505510654,105.4033798677443,1611.0,1.3465005642759253,34323.186627479794,LacZ_2,LacZ OE,0.8095757512160693,0.3640724975236276,-6.465497569604686,70,2500
2364,48.44182825484764,628.0457063711912,329.0096952908587,1036.0,1.491305180098123,16187.849030470914,LacZ_2,LacZ OE,0.31492062824047773,0.3565751426273631,-11.99103410088042,70,2500
2365,49.6190793862575,629.6004002668445,219.4336224149433,1862.0,1.5529831519991648,31236.00533689126,LacZ_2,LacZ OE,0.5572642527315292,0.3614579859494824,-8.274998095351386,70,2500
2366,50.260143198090695,634.5513126491646,175.61416070007957,1822.0,1.3260696651131567,35939.86396181384,LacZ_2,LacZ OE,0.6541267594662943,0.37362611344037,-6.661078468906162,70,2500
2367,47.41981132075472,638.8561320754717,133.38443396226415,623.0,1.6072084700281801,33951.176886792455,LacZ_2,LacZ OE,0.7476584152960104,0.38417352927248194,-8.558180467475736,70,2500
2368,49.71040372670807,661.7818322981367,208.45108695652175,1726.0,1.4114722760965326,24997.120341614907,LacZ_2,LacZ OE,0.5812452687851384,0.43748801813006444,-8.242494521577605,70,2500
2369,49.55329949238579,663.4124365482234,95.19416243654823,994.0,1.2992405659662187,30498.710659898476,LacZ_2,LacZ OE,0.8318004181990699,0.44255938898160396,-5.775324253191229,70,2500
2370,50.8927231807952,669.4486121530383,156.49212303075768,1652.0,1.2622787843937904,38841.55063765941,LacZ_2,LacZ OE,0.6960608695473212,0.4561629311308264,-5.924316733212116,70,2500
2371,50.19315895372233,702.3360160965794,211.25955734406438,757.0,1.3615209469158478,21381.931589537224,LacZ_2,LacZ OE,0.5746146537152539,0.5331268152953261,-8.222077659647077,70,2500
2372,49.199292452830186,717.1297169811321,667.3944575471698,2449.0,1.5715447164100718,19901.481721698114,LacZ_2,LacZ OE,-0.43460252473174255,0.5630505397372318,-19.993478328256487,70,2500
2373,52.91810737033667,717.5996360327571,273.45859872611464,1545.0,1.2605820736635893,15472.886260236579,LacZ_2,LacZ OE,0.43672072066626155,0.5685176879283091,-7.0972596575569895,70,2500
2374,49.79784366576819,726.6603773584906,208.5808625336927,936.0,1.2684743846099278,22502.746630727765,LacZ_2,LacZ OE,0.5803259231357645,0.5905225776308791,-8.792771655635804,70,2500
2375,48.20542635658915,740.3624031007752,824.3662790697674,713.0,1.381573364118036,15972.048449612403,LacZ_2,LacZ OE,-0.7820509553190487,0.616125568694786,-24.87352684202061,70,2500
2376,50.054867256637166,773.1300884955753,411.1716814159292,1521.0,1.4263501769406524,15652.457522123894,LacZ_2,LacZ OE,0.131663291478197,0.6979421841144944,-13.71308458434153,70,2500
2377,50.35994397759104,123.08543417366947,426.6652661064426,912.0,1.3125797889105981,17131.333333333332,LacZ_2,LacZ OE,0.10365981978443917,-0.8355288343756332,-7.410325494974842,70,2500
2378,50.65909090909091,122.67207792207792,476.8939393939394,1185.0,1.322902870740976,19139.718614718615,LacZ_2,LacZ OE,-0.007474536948822719,-0.8370419520741224,-8.27813036489006,70,2500
2379,50.07241746538871,132.975505857295,586.9595314164004,1154.0,1.2714652892151177,15066.619808306708,LacZ_2,LacZ OE,-0.251046398254247,-0.8139459678990266,-11.531188963830793,70,2500
2380,50.78651685393258,134.65600691443387,469.4019014693172,1356.0,1.1376590727983016,19285.61624891962,LacZ_2,LacZ OE,0.008977863178658563,-0.8086903547209283,-8.093326237643389,70,2500
2381,50.54,142.94,424.8475,633.0,1.4236553621560857,14051.6675,LacZ_2,LacZ OE,0.10747993148834967,-0.788672524593685,-7.382176460617238,70,2500
2382,49.881052631578946,156.97263157894736,471.58,1118.0,1.2241701446460893,12545.034736842104,LacZ_2,LacZ OE,0.003990047099984517,-0.7560947312995366,-9.267584325541051,70,2500
2383,52.358039450089656,164.25821876867903,665.439330543933,2332.0,1.4217553959425069,21578.50089659295,LacZ_2,LacZ OE,-0.42509118356463604,-0.7409562987438489,-11.381788128981704,70,2500
2384,50.524829600778965,172.57254138266796,288.08666017526775,1394.0,1.3047890222420004,24553.888023369036,LacZ_2,LacZ OE,0.4097554665678087,-0.717292614805368,-4.499133399109375,70,2500
2385,49.05033112582782,173.3721854304636,427.04238410596025,873.0,1.3067004417725239,15150.015894039736,LacZ_2,LacZ OE,0.10240665356309164,-0.7169476279350345,-9.220232939770526,70,2500
2386,51.12980769230769,182.8533653846154,274.68669871794873,1702.0,1.2158136411828806,27054.122596153848,LacZ_2,LacZ OE,0.43926999759039975,-0.6928832639568896,-3.6825475442751667,70,2500
2387,50.20564516129032,194.95262096774192,306.5665322580645,1209.0,1.2744030669403659,27507.03125,LacZ_2,LacZ OE,0.36867167225374375,-0.6647107896819178,-5.467936689510523,70,2500
2388,50.22742474916388,198.8684503901895,275.8740245261984,1288.0,1.4179010605677043,23723.191750278707,LacZ_2,LacZ OE,0.43653491744857575,-0.6551407433725929,-4.768985263534702,70,2500
2389,50.99721835883171,209.0876216968011,231.23783031988873,1063.0,1.3937919262078462,21630.140472879,LacZ_2,LacZ OE,0.5351466888263849,-0.630534172359511,-3.0588737106530957,70,2500
2390,51.11504424778761,221.73746312684366,562.5309734513274,1217.0,1.2578522336700655,16041.5732546706,LacZ_2,LacZ OE,-0.19791481089895546,-0.6042875432948545,-10.787731468630803,70,2500
2391,50.91304347826087,220.355629877369,306.9520624303233,1143.0,1.4436197596806464,18665.634336677816,LacZ_2,LacZ OE,0.3675364059385111,-0.6047788091731752,-5.018252531959163,70,2500
2392,51.727858293075684,235.59420289855072,681.3268921095008,1746.0,1.6569383617939495,20449.149758454107,LacZ_2,LacZ OE,-0.46089749510448175,-0.5728774242593033,-13.079961621246994,70,2500
2393,49.21176470588235,238.27899159663866,188.96470588235294,714.0,1.2814371104935136,19784.717647058824,LacZ_2,LacZ OE,0.6284790503411097,-0.5612603999371374,-4.143871629191864,70,2500
2394,50.149308755760366,240.81382488479264,321.7198156682028,1354.0,1.3222960272998898,17581.598156682026,LacZ_2,LacZ OE,0.3347066509015524,-0.556700155415139,-6.326128878358247,70,2500
2395,49.48148148148148,248.5718954248366,293.91830065359477,1166.0,1.3866605314306137,18432.601307189543,LacZ_2,LacZ OE,0.3961725044825024,-0.5381142293018619,-6.421543048089752,70,2500
2396,50.843939393939394,251.7409090909091,252.2,979.0,1.3500135433658988,20626.580303030303,LacZ_2,LacZ OE,0.4883664848439033,-0.5301555292085551,-4.118009716320017,70,2500
2397,49.89945652173913,255.96195652173913,311.92119565217394,602.0,1.5872010313918534,16314.880434782608,LacZ_2,LacZ OE,0.35625087909933506,-0.5208685006370796,-6.495666033655617,70,2500
2398,51.665847665847664,290.2837837837838,156.87223587223588,988.0,1.269875953800639,20085.842751842752,LacZ_2,LacZ OE,0.6988485023618585,-0.43818853568109783,-1.4511816645100453,70,2500
2399,49.71560846560847,308.2804232804233,395.3492063492063,904.0,1.4780250060645301,10571.107142857143,LacZ_2,LacZ OE,0.1711830729353052,-0.3983702530186375,-9.13607448685702,70,2500
2400,50.35109926715523,317.6542305129913,280.5369753497668,1842.0,1.3054809650150854,32620.05529646902,LacZ_2,LacZ OE,0.4250632067281963,-0.3749994313672902,-5.916052790801601,70,2500
2401,50.233552631578945,315.8497807017544,294.11513157894734,1214.0,1.2990117331883446,22172.79057017544,LacZ_2,LacZ OE,0.3950472445932398,-0.37940571787301725,-6.332435703441945,70,2500
2402,50.275862068965516,323.616191904048,160.3448275862069,917.0,1.423497706209898,24587.665667166417,LacZ_2,LacZ OE,0.6909152884795471,-0.359634248852172,-3.2477428155173627,70,2500
2403,50.70764119601329,343.41943521594686,275.74169435215947,1624.0,1.4628819191998053,24353.568106312294,LacZ_2,LacZ OE,0.4354042846302666,-0.3141649149018736,-5.699884139091381,70,2500
2404,50.13506711409396,348.60989932885906,250.4974832214765,1518.0,1.4892993580261806,31618.68624161074,LacZ_2,LacZ OE,0.4912324322304056,-0.3016609675847366,-5.734572652715201,70,2500
2405,51.19155134741442,368.360524399126,207.98543335761107,1757.0,1.361473746253517,43706.266569555715,LacZ_2,LacZ OE,0.585037837596085,-0.25458832989698976,-3.880618750314305,70,2500
2406,50.25675675675676,364.015444015444,247.96718146718146,1300.0,1.3640249054017413,31517.283783783783,LacZ_2,LacZ OE,0.4966749771048433,-0.26529250532444937,-5.704639323103152,70,2500
2407,53.93003533568905,376.3321554770318,385.7572438162544,3637.0,1.3651998340033158,24651.921554770317,LacZ_2,LacZ OE,0.19152751567913118,-0.23765116981558232,-5.365097750569809,70,2500
2408,50.70543541788428,407.93571011104615,365.56633547632964,1993.0,1.407250625417614,35934.768556399766,LacZ_2,LacZ OE,0.236057552827438,-0.16296001765003942,-8.427145749208755,70,2500
2409,50.83307086614173,403.58897637795275,287.5566929133858,1616.0,1.2890346147267149,29742.506299212597,LacZ_2,LacZ OE,0.40867685216041316,-0.17236374793589238,-6.438517309407786,70,2500
2410,50.56515034695451,412.3893600616808,169.71549730146492,1606.0,1.3438203755364864,45614.36700077101,LacZ_2,LacZ OE,0.6693103248655397,-0.15033326657269885,-4.045399422410661,70,2500
2411,51.34713855421687,415.64834337349396,150.4390060240964,1558.0,1.2835028857112234,50907.24472891566,LacZ_2,LacZ OE,0.7118845267057181,-0.14241907126972564,-2.8461799738691766,70,2500
2412,50.67252396166134,427.49600638977637,150.78514376996804,1659.0,1.324063349940114,43443.494408945684,LacZ_2,LacZ OE,0.7110389894945279,-0.11449224097113442,-3.6445457512109556,70,2500
2413,52.03346007604563,421.8266159695817,128.32851711026615,1796.0,1.348523699334489,57113.84942965779,LacZ_2,LacZ OE,0.760705193876122,-0.12759036358242704,-1.7050897093314745,70,2500
2414,50.75675675675676,435.2432432432432,171.81177606177607,1254.0,1.3802474313575752,37652.679536679534,LacZ_2,LacZ OE,0.6644416229428933,-0.09644443811821413,-4.126285823829434,70,2500
2415,52.078114912847,433.7624273724984,256.28082633957393,2020.0,1.645433706945838,40127.05422853454,LacZ_2,LacZ OE,0.47751341222531596,-0.1008235929953748,-4.759954427617302,70,2500
2416,50.594857539958305,445.3168867268937,115.01737317581654,1752.0,1.3643969797713182,40341.60806115358,LacZ_2,LacZ OE,0.790001045270678,-0.07207049938677879,-3.062721073147806,70,2500
2417,51.22878787878788,445.58484848484846,151.6871212121212,1649.0,1.2914121466257074,41407.093181818185,LacZ_2,LacZ OE,0.7088397442036265,-0.07182179659619647,-3.2864371347586925,70,2500
2418,51.753349093774624,450.46335697399525,295.5082742316785,1628.0,1.3874239307690024,30569.628841607566,LacZ_2,LacZ OE,0.39058416526278017,-0.06186283028311457,-6.162436609058894,70,2500
2419,50.136867088607595,457.62974683544303,272.9976265822785,1887.0,1.5205393488444225,39035.35759493671,LacZ_2,LacZ OE,0.44039957701003374,-0.04475160382462995,-7.3237517204724725,70,2500
2420,50.26012793176972,461.18336886993603,91.50106609808103,1950.0,1.8971099689820792,30591.50248756219,LacZ_2,LacZ OE,0.8418908956038307,-0.034397530662037434,-3.004357381748008,70,2500
2421,50.72156573116691,454.5967503692762,220.19423929098966,1605.0,1.3541034804421255,42166.75627769571,LacZ_2,LacZ OE,0.5572177400166587,-0.05131955086424567,-5.478650231396308,70,2500
2422,51.54888888888889,462.02944444444444,285.78055555555557,2314.0,1.2901143580787475,33740.03722222222,LacZ_2,LacZ OE,0.41200384688210323,-0.03448014918283282,-6.253208283130164,70,2500
2423,49.99907149489322,499.7242339832869,167.37883008356545,1394.0,1.540166067261541,47013.35097493036,LacZ_2,LacZ OE,0.673664093757145,0.05568258761398148,-5.411165694422564,70,2500
2424,51.566591422121896,496.81640331076,207.52821670428895,1812.0,1.3760346036837028,49717.039879608725,LacZ_2,LacZ OE,0.584787124817302,0.048423868640725454,-4.75163905837713,70,2500
2425,50.77190946024376,499.2652350551364,293.20893789901334,2187.0,1.4452713286425656,36109.159605339526,LacZ_2,LacZ OE,0.39524963090790743,0.05325242126472918,-7.567358341840475,70,2500
2426,50.538030424339475,510.9639711769415,208.89991993594876,1553.0,1.414504716941936,48005.455564451564,LacZ_2,LacZ OE,0.5816687292954308,0.08175645334777304,-5.950243912721277,70,2500
2427,50.87808127914724,515.8514323784144,293.964690206529,1997.0,1.3361829292939165,29329.4363757495,LacZ_2,LacZ OE,0.393411686330732,0.09236977420310999,-7.641089880887442,70,2500
2428,51.10033444816054,522.0361204013378,326.74916387959865,2012.0,1.3515456221073052,35935.19531772575,LacZ_2,LacZ OE,0.32080996355008007,0.10660746374514618,-8.24365984076801,70,2500
2429,50.4167371090448,521.222316145393,279.2409129332206,1485.0,1.3743262911097238,23176.373626373625,LacZ_2,LacZ OE,0.42595756457392375,0.1051876939451919,-7.811594809564127,70,2500
2430,50.95600217273221,534.9913090711569,274.78326996197717,2608.0,1.5163933087922403,28579.291689299294,LacZ_2,LacZ OE,0.4356582954085917,0.13772633926369782,-7.303281229472432,70,2500
2431,51.796747967479675,545.8805894308944,107.65345528455285,2629.0,1.406655148757305,42525.142784552845,LacZ_2,LacZ OE,0.8052574328720465,0.1652441032178371,-2.673299842321306,70,2500
2432,49.6,541.1671232876712,120.16438356164383,504.0,1.5173962429878027,35487.04109589041,LacZ_2,LacZ OE,0.777738148389501,0.1539402109103607,-5.114884016352214,70,2500
2433,51.291291291291294,544.731981981982,183.4069069069069,1602.0,1.218958196503442,43157.06906906907,LacZ_2,LacZ OE,0.6377022909232013,0.16170140551309742,-4.9332765399796585,70,2500
2434,52.84167124793843,548.3809785596482,293.32545354590434,2360.0,1.3453982565644587,33831.103903243544,LacZ_2,LacZ OE,0.39440967635279134,0.1691514565678074,-5.981441028749636,70,2500
2435,49.99047619047619,561.8928571428571,287.66190476190474,1612.0,1.3098794111108079,37340.526190476194,LacZ_2,LacZ OE,0.40695600039654156,0.20101930965329795,-8.831877439893312,70,2500
2436,51.65556343019136,573.710843373494,125.43940467753366,1949.0,1.2765136098648853,38756.04323175053,LacZ_2,LacZ OE,0.765646899630229,0.2306932620752784,-3.5012992735558157,70,2500
2437,50.514688601645126,573.9811985898942,106.75558166862514,1331.0,1.288910336076044,30386.742655699178,LacZ_2,LacZ OE,0.8070382146840669,0.2315076259965061,-4.208908442748168,70,2500
2438,51.32069970845481,568.4553935860058,218.12303206997083,2051.0,1.3287537239287612,41754.95510204082,LacZ_2,LacZ OE,0.5606673733207228,0.21728366078306727,-5.945228810424865,70,2500
2439,50.735026041666664,581.3893229166666,309.9055989583333,1945.0,1.4321191845078722,30064.389973958332,LacZ_2,LacZ OE,0.3575182743722456,0.2467827849272024,-8.796817826568734,70,2500
2440,51.33804809052334,581.8140028288543,142.58132956152758,1681.0,1.3243426494556025,39693.50848656294,LacZ_2,LacZ OE,0.7276611462838964,0.2496135805784987,-4.297582936454717,70,2500
2441,50.40758293838863,580.3581584292485,189.44075829383885,1973.0,1.4886879953955774,43913.97088693297,LacZ_2,LacZ OE,0.6240543409887176,0.24564994910763005,-6.305867177535241,70,2500
2442,50.990018714909546,593.2414223331253,323.38552713661886,2168.0,1.5520246672078393,27603.548970679974,LacZ_2,LacZ OE,0.32756824072289037,0.27459881269240927,-8.972083650535033,70,2500
2443,52.00973393900065,619.2530824140168,210.70927968851396,2282.0,1.5170282825145271,36327.5204412719,LacZ_2,LacZ OE,0.5765420187547885,0.337200204539998,-5.5805101672087645,70,2500
2444,50.23917525773196,623.8010309278351,151.82680412371133,1215.0,1.3438079371205642,42330.04536082474,LacZ_2,LacZ OE,0.7068575718965822,0.3485261950848788,-6.022360662645795,70,2500
2445,54.27245508982036,641.3697604790419,188.7694610778443,2101.0,1.3778570058770299,34585.092065868266,LacZ_2,LacZ OE,0.6247494220950758,0.389658180136373,-3.0234175396993663,70,2500
2446,53.23083700440529,643.1559471365639,115.80264317180617,3027.0,1.1905004071390992,49497.87224669603,LacZ_2,LacZ OE,0.7862133732932204,0.3946392345243319,-2.3812184436827124,70,2500
2447,53.03563305534496,656.0750568612585,130.1455648218347,1758.0,1.5713845411545149,44556.44048521607,LacZ_2,LacZ OE,0.754367049072008,0.42495246080921656,-3.0370924295138693,70,2500
2448,48.67612293144208,657.4893617021277,330.4609929078014,578.0,1.544786828721861,10792.236406619386,LacZ_2,LacZ OE,0.31141287954618746,0.42601574106134166,-12.078673858048447,70,2500
2449,50.91147786946737,688.2108027006751,183.79144786196548,1587.0,1.2513181251993428,30537.4096024006,LacZ_2,LacZ OE,0.6354829866797009,0.500122997808508,-6.725491119636871,70,2500
2450,50.12068965517241,692.7034482758621,129.61206896551724,1447.0,1.2777298377627335,39050.980172413794,LacZ_2,LacZ OE,0.7553435884405788,0.5112898840234026,-6.296978981182157,70,2500
2451,48.69960474308301,694.0869565217391,272.3675889328063,552.0,1.6023431623955182,14814.96837944664,LacZ_2,LacZ OE,0.43957992560689907,0.5129720711949319,-11.05897208385101,70,2500
2452,51.02967625899281,709.0809352517986,509.5026978417266,1339.0,1.4453495962472558,24470.87949640288,LacZ_2,LacZ OE,-0.08530902139809993,0.5458200209270818,-14.404268522427898,70,2500
2453,51.098566308243726,748.65770609319,216.9847670250896,1455.0,1.6256809921795268,23961.10842293907,LacZ_2,LacZ OE,0.5614535735145565,0.6423478739575335,-7.903556673763887,70,2500
2454,49.81991341991342,752.0406926406927,417.0761904761905,1429.0,1.3078092408199227,20563.864935064936,LacZ_2,LacZ OE,0.11881670019301427,0.6481275961787152,-13.87930198755614,70,2500
2455,49.56199677938808,752.9983896940419,819.4959742351047,897.0,1.2917016103502104,18877.24154589372,LacZ_2,LacZ OE,-0.7714685555381323,0.646014840610946,-23.52746595093211,70,2500
2456,52.48961611076149,743.119572057898,282.9144115796098,2237.0,1.4668320644063546,18403.82882315922,LacZ_2,LacZ OE,0.4155764824776742,0.6286011387266626,-7.995686680262338,70,2500
2457,52.465289256198346,764.6132231404958,208.52231404958678,1654.0,1.5710986320820792,24424.353719008264,LacZ_2,LacZ OE,0.5799503835958715,0.6801063785338177,-6.496081335439449,70,2500
2458,51.22724113968033,783.2626824183461,340.76719944405835,1775.0,1.2571283004949263,17516.128561501042,LacZ_2,LacZ OE,0.28726330323574567,0.7226332895477028,-10.99898010143606,70,2500
2459,50.78405017921147,814.3808243727599,308.1953405017921,1549.0,1.4951314800865172,14541.625448028673,LacZ_2,LacZ OE,0.3590451531993115,0.7963772790629957,-10.987142566348467,70,2500
2460,52.301673640167365,826.6543933054394,341.16820083682006,3668.0,1.6202028487001388,14183.145606694561,LacZ_2,LacZ OE,0.2859007936703952,0.8250048041488898,-10.358711292082006,70,2500
2461,50.95429740791269,828.9679399727148,353.2182810368349,1824.0,1.1912592589150384,14967.212824010914,LacZ_2,LacZ OE,0.2592891745487471,0.8303004526103646,-12.009192808547432,70,2500
2462,51.08271298593879,829.014888337469,427.05789909015715,1485.0,1.2585455351479276,18482.882547559966,LacZ_2,LacZ OE,0.09592375453433788,0.8296130372901143,-13.602581069259493,70,2500
2463,51.40074906367041,95.96629213483146,404.5168539325843,518.0,1.9062328032142049,10848.940074906366,LacZ_2,LacZ OE,0.15286822715502835,-0.8992327737101294,-5.588254342836912,70,2500
2464,53.39322671683914,107.50799623706492,392.84383819379116,1301.0,1.233064121706058,16701.00094073377,LacZ_2,LacZ OE,0.17847825664399442,-0.8718363496322425,-3.4372042296901952,70,2500
2465,49.772256728778466,159.8592132505176,226.2360248447205,631.0,1.3148299085461497,14250.888198757764,LacZ_2,LacZ OE,0.5467519922259725,-0.7466266727177862,-3.685275888178161,70,2500
2466,50.25352112676056,158.28345070422534,427.0792253521127,729.0,1.281777772052702,13404.362676056338,LacZ_2,LacZ OE,0.10240895058138566,-0.7525115094489212,-7.870683200676595,70,2500
2467,50.75615212527964,175.579418344519,308.5838926174497,603.0,1.3341821157498766,19817.758389261744,LacZ_2,LacZ OE,0.3643675745854573,-0.7104171589435155,-4.775117907101453,70,2500
2468,52.20922229869236,186.20509291121817,359.5760495526497,1742.0,1.2638048812238682,27414.01307639367,LacZ_2,LacZ OE,0.2513776875251357,-0.6858736133513951,-4.615153731882373,70,2500
2469,52.0650128314799,188.36270316509837,251.93926432848588,1417.0,1.1897261492437468,26590.528656971772,LacZ_2,LacZ OE,0.4894934134834128,-0.6796198318924094,-2.271261381806802,70,2500
2470,49.8359375,205.17708333333334,244.73958333333334,516.0,1.4574944405343635,22838.856770833332,LacZ_2,LacZ OE,0.5053740778048834,-0.6399312487599417,-4.496273724995561,70,2500
2471,50.94061757719715,214.71733966745842,330.6900237529691,1102.0,1.2926763224884663,17857.548693586697,LacZ_2,LacZ OE,0.3150730953496339,-0.61833517837839,-5.488896263925454,70,2500
2472,51.3852544132918,224.83385254413292,250.28141225337487,1195.0,1.3456745660907412,26671.682242990653,LacZ_2,LacZ OE,0.4928434092737093,-0.5935900828408875,-3.2689288434729775,70,2500
2473,53.7841561423651,220.09931113662458,236.81113662456946,2358.0,1.5249984839530928,24513.260619977038,LacZ_2,LacZ OE,0.5225660602475328,-0.6045569034695453,-0.51046819899382,70,2500
2474,51.89520078354554,244.28305582762,241.13614103819785,1281.0,1.1719715302650189,22757.534769833495,LacZ_2,LacZ OE,0.5128613244468938,-0.5476029053603219,-2.736215233943142,70,2500
2475,51.42753036437247,273.7570850202429,261.21457489878543,1569.0,1.3958063362262627,20174.203238866397,LacZ_2,LacZ OE,0.4681800065355106,-0.4783087729539298,-3.960117145857218,70,2500
2476,52.054373522458626,299.478329393223,344.8187549251379,1553.0,1.648071644296852,17257.369582348307,LacZ_2,LacZ OE,0.28293789012978277,-0.4185308260520394,-5.534017210892024,70,2500
2477,53.97581395348837,320.07906976744187,268.4167441860465,1522.0,1.2833417784752,25008.383255813955,LacZ_2,LacZ OE,0.45166647671222715,-0.3690655378159402,-2.033677855128488,70,2500
2478,51.94699367088607,333.55142405063293,145.90981012658227,1529.0,1.4256254825580974,30596.59889240506,LacZ_2,LacZ OE,0.7226679559003208,-0.3360045035812187,-1.3378349197680919,70,2500
2479,52.32588699080158,355.946123521682,207.56373193166885,1068.0,1.4695584309335799,28210.88567674113,LacZ_2,LacZ OE,0.5860322705398497,-0.2838406533597473,-2.6153733375489807,70,2500
2480,51.9907795473596,361.9790444258173,157.3704945515507,1459.0,1.2859360308651182,34104.958088851636,LacZ_2,LacZ OE,0.6970357186642047,-0.2690734453952355,-1.8393160289953627,70,2500
2481,52.2860824742268,365.7955326460481,274.67182130584195,1913.0,1.3031430537149737,23843.137457044675,LacZ_2,LacZ OE,0.4374731322182439,-0.2613370667935637,-4.3158976805873195,70,2500
2482,53.37117903930131,364.9446870451237,185.70305676855895,1815.0,1.4382511673739844,48942.048034934494,LacZ_2,LacZ OE,0.6342544246805524,-0.2623540258023399,-1.1488398201285364,70,2500
2483,51.08746048472076,367.013698630137,172.2581664910432,1162.0,1.3363405055984068,39534.36670179136,LacZ_2,LacZ OE,0.6640971041937749,-0.2573799609265258,-3.13864927936757,70,2500
2484,51.28119800332779,374.77870216306155,244.1181364392679,946.0,1.3579967953306211,28770.52911813644,LacZ_2,LacZ OE,0.5050332880386943,-0.23983924254978273,-4.696088771009421,70,2500
2485,51.13803680981595,373.19325153374234,262.7361963190184,938.0,1.6476117169679445,26750.45552147239,LacZ_2,LacZ OE,0.46386655124846055,-0.24378422175522219,-5.257707497477902,70,2500
2486,52.35476374903176,380.2602633617351,221.15104570100698,1564.0,1.2697921957291278,42422.203718048026,LacZ_2,LacZ OE,0.5557357761588482,-0.22663578757242442,-3.141094010281307,70,2500
2487,52.21598770176787,393.1944657955419,236.11222136817833,1653.0,1.4428792354595505,45411.54342813221,LacZ_2,LacZ OE,0.522518601506146,-0.19629238023681028,-3.7551181266016442,70,2500
2488,52.611837577426016,397.9490708878183,126.98830006882312,1747.0,1.2016187501595321,50037.15003441156,LacZ_2,LacZ OE,0.7638713388186189,-0.18388440618489277,-0.8620765264344286,70,2500
2489,53.43223443223443,395.94212454212453,397.31538461538463,3231.0,1.2785433530790375,35248.51318681319,LacZ_2,LacZ OE,0.16579297645469881,-0.1915323991793917,-6.3240071383407255,70,2500
2490,52.09579628132579,400.5266774454325,413.1847210994341,2903.0,1.3435287449315856,31811.718270008085,LacZ_2,LacZ OE,0.1307093265319892,-0.1809211406316129,-8.074801962303837,70,2500
2491,51.20160481444333,398.9307923771314,174.4824473420261,1284.0,1.250429099332975,41251.160481444334,LacZ_2,LacZ OE,0.6588615324957996,-0.18211620369034187,-3.3886163011096926,70,2500
2492,50.49062265566391,415.5048762190548,212.5026256564141,1614.0,1.356000473842407,35207.420105026256,LacZ_2,LacZ OE,0.5746243645396156,-0.14345036088181085,-5.14780741402398,70,2500
2493,50.900983606557375,417.29639344262296,280.6695081967213,1912.0,1.3816635110472189,38185.730491803275,LacZ_2,LacZ OE,0.42377751206433945,-0.13995474852519907,-6.344167073195493,70,2500
2494,52.795012165450125,413.3181265206813,300.0249391727494,2340.0,1.5526035085768308,29250.31690997567,LacZ_2,LacZ OE,0.3808973211739344,-0.14950533925856213,-4.863028950864056,70,2500
2495,51.535714285714285,416.78011204481794,235.50070028011206,1975.0,1.423304437158716,40862.74369747899,LacZ_2,LacZ OE,0.5236784551645504,-0.14066801337514456,-4.651641491455663,70,2500
2496,51.634533251982916,433.5076266015863,138.49176327028675,1985.0,1.2989161839920027,55571.79011592434,LacZ_2,LacZ OE,0.7381282404113132,-0.1001568413824857,-2.4550759430940516,70,2500
2497,52.408320493066256,432.8775038520801,283.3959938366718,1588.0,1.210727538460515,34146.176425269645,LacZ_2,LacZ OE,0.4175169425046332,-0.10319756442680894,-5.053289785739629,70,2500
2498,51.54691837867851,446.60799555802333,311.04053303720156,2281.0,1.4015245089524686,31400.119933370348,LacZ_2,LacZ OE,0.3562695011846373,-0.07112998758665212,-6.693165313213342,70,2500
2499,52.643579766536966,442.35642023346304,243.10505836575877,1534.0,1.2998418216589405,47816.1486381323,LacZ_2,LacZ OE,0.5065503138497984,-0.08039643369907212,-3.9715942888212155,70,2500
2500,51.64336917562724,445.3279569892473,260.6989247311828,933.0,1.8856855042858256,46401.11827956989,LacZ_2,LacZ OE,0.46764964662525244,-0.07360095314294246,-5.410691118800308,70,2500
2501,51.509727626459146,448.3875486381323,137.03813229571983,1583.0,1.3744585288535853,45360.365758754866,LacZ_2,LacZ OE,0.7412066490051441,-0.0650455133460357,-2.6915159647690317,70,2500
2502,52.65839909808343,455.38556933483653,332.2057497181511,2279.0,1.3508679351656439,30737.512965050733,LacZ_2,LacZ OE,0.30930247791692356,-0.05062990319960059,-6.161295476592748,70,2500
2503,51.18298192771084,461.1942771084337,201.72289156626505,1641.0,1.4652171139895511,43997.4781626506,LacZ_2,LacZ OE,0.5979949577232972,-0.035546531885337296,-4.651328106210386,70,2500
2504,51.75202156334232,467.84591194968556,365.84501347708897,2705.0,1.5156501894844787,25647.42902066487,LacZ_2,LacZ OE,0.2348072821930589,-0.021624387496149367,-7.973452334948533,70,2500
2505,51.8388671875,463.64453125,298.4248046875,1584.0,1.5346374622232901,28018.3642578125,LacZ_2,LacZ OE,0.38399985715315976,-0.030801078669329462,-6.27387690917196,70,2500
2506,54.8891065830721,478.592868338558,130.52155172413794,3988.0,1.4893393796536576,42762.169278996866,LacZ_2,LacZ OE,0.7551566352317867,0.006349922897336491,0.5432147550360256,70,2500
2507,52.26570680628272,479.09685863874347,247.90837696335078,1452.0,1.6338474965170684,43896.378272251306,LacZ_2,LacZ OE,0.49558779629379823,0.00620530219934623,-4.82072587072436,70,2500
2508,49.88209606986899,485.4410480349345,398.22707423580783,565.0,1.8800867787950502,14152.777292576418,LacZ_2,LacZ OE,0.1630935660193089,0.01948459993769891,-10.769772341835086,70,2500
2509,51.7972027972028,479.96153846153845,115.99533799533799,1142.0,1.6927008540980923,39119.04662004662,LacZ_2,LacZ OE,0.7874401158383602,0.00966532041691992,-2.2224635117002265,70,2500
2510,51.56010230179028,486.78942881500427,152.91815856777492,1443.0,1.3276634818890827,39039.734867860185,LacZ_2,LacZ OE,0.7057004813454615,0.025364796863684536,-3.3870029302806444,70,2500
2511,53.14704445530044,488.89545676599903,280.5862237420616,3193.0,1.699781698846818,39030.29311187103,LacZ_2,LacZ OE,0.4231529387785147,0.028983599933444237,-4.797288870650753,70,2500
2512,51.32422586520947,501.6520947176685,369.2173649058895,2028.0,1.4367917873266012,19889.378870673954,LacZ_2,LacZ OE,0.2270415202878988,0.05807048081020327,-8.810428995524234,70,2500
2513,50.68976377952756,519.0047244094488,183.71889763779527,1555.0,1.425614454784786,40637.56141732283,LacZ_2,LacZ OE,0.6372920693429325,0.1009994444367126,-5.290211995511697,70,2500
2514,53.42836979534227,508.8532110091743,126.31122088920254,2310.0,1.4803051059350751,36320.29992942837,LacZ_2,LacZ OE,0.764254036808133,0.07773963173014042,-1.1149234493505276,70,2500
2515,51.63995609220637,515.6860592755214,135.7244785949506,1099.0,1.2384173433455854,30682.357848518113,LacZ_2,LacZ OE,0.7434550341079722,0.09371384008915085,-3.1890428386947747,70,2500
2516,52.30897703549061,517.1203897007655,228.83228949199722,1997.0,1.385983165355855,43495.38413361169,LacZ_2,LacZ OE,0.5374204595297436,0.09610224893206287,-4.704738557604529,70,2500
2517,52.6990861618799,522.1312010443864,167.6409921671018,1863.0,1.257793166339414,44316.09138381201,LacZ_2,LacZ OE,0.6727277610400904,0.10859440310251567,-2.937317868139708,70,2500
2518,50.20649350649351,547.0805194805195,171.78571428571428,1020.0,1.3783746877819796,33615.43766233766,LacZ_2,LacZ OE,0.663445662103253,0.1673423939890195,-5.769795744078941,70,2500
2519,52.97817299919159,547.4070331447049,317.47251414713014,3766.0,1.6272833056763698,32558.912691996768,LacZ_2,LacZ OE,0.34099054044116817,0.16659528144610536,-6.39835679098686,70,2500
2520,52.2026825633383,557.0417287630403,352.7950819672131,1773.0,1.4297890294712563,30391.467958271238,LacZ_2,LacZ OE,0.26279187828359496,0.18892045390615886,-8.09126709185302,70,2500
2521,51.04382470119522,558.6583665338645,195.43426294820716,1223.0,1.6051484728103873,26396.774900398406,LacZ_2,LacZ OE,0.6109717402086667,0.194414496268692,-5.59727093234703,70,2500
2522,51.62201453790239,563.0259605399792,315.93146417445485,1342.0,1.6489398838559048,26187.230529595017,LacZ_2,LacZ OE,0.34431884054901274,0.203422595951537,-7.870947440514257,70,2500
2523,51.57915831663327,584.9488977955912,416.10771543086173,2398.0,1.4660403206663288,23902.420841683368,LacZ_2,LacZ OE,0.12248503311051695,0.2540461070886073,-10.463494398323569,70,2500
2524,52.75782608695652,588.1356521739131,291.83173913043476,3548.0,1.7710498844964204,34534.43652173913,LacZ_2,LacZ OE,0.3973339757104746,0.2629381278200025,-6.4193325127594605,70,2500
2525,51.25074925074925,586.6283716283716,166.62337662337663,1284.0,1.3155848492898192,33254.07292707293,LacZ_2,LacZ OE,0.6744298992700946,0.2607067737689266,-4.9924029984964875,70,2500
2526,51.70384866275277,586.8943248532289,240.25896934116113,1943.0,1.4209184705519886,29364.300717547292,LacZ_2,LacZ OE,0.5114969527830426,0.2605455675088917,-6.258597464051796,70,2500
2527,51.477715877437326,595.8830083565459,145.04735376044567,1000.0,1.3579295683297958,41804.82729805014,LacZ_2,LacZ OE,0.7220621224242298,0.2827756511847992,-4.3530739923906125,70,2500
2528,52.34296028880866,601.3111913357401,260.10252707581225,1727.0,1.3302666640026688,32064.44548736462,LacZ_2,LacZ OE,0.46742374032463463,0.2943510367187814,-6.2233015205132745,70,2500
2529,51.92840283241542,617.2202989771833,99.05192761605035,1632.0,1.213672315763482,32331.282454760032,LacZ_2,LacZ OE,0.8235898984067922,0.33361483952665405,-3.039042735105923,70,2500
2530,50.97751798561151,623.2104316546763,194.48471223021582,1438.0,1.5376408835174347,41150.97122302158,LacZ_2,LacZ OE,0.6124513361313548,0.346687162433303,-6.272891257702035,70,2500
2531,51.66262626262626,626.793265993266,254.3037037037037,1800.0,1.307609819547015,30964.387205387204,LacZ_2,LacZ OE,0.4800413241240249,0.3545049296400029,-7.017513796189512,70,2500
2532,53.35400907715582,658.5128593040847,227.46369137670197,1865.0,1.576167402258875,18722.108925869896,LacZ_2,LacZ OE,0.5390262392283907,0.4296541530314688,-5.011285579578981,70,2500
2533,50.90613718411552,682.4500601684717,150.56077015643802,1104.0,1.4262477697450202,27193.20697954272,LacZ_2,LacZ OE,0.7090565517470355,0.4868950935369529,-5.8998235487962845,70,2500
2534,51.889324960753534,738.6365777080063,228.05180533751962,1578.0,1.2501785210444347,25249.221350078493,LacZ_2,LacZ OE,0.5370256116092929,0.6186082598031506,-7.273008641915574,70,2500
2535,52.36177194421657,744.4093519278097,405.57260049220673,1566.0,1.4268302425784132,16504.08039376538,LacZ_2,LacZ OE,0.14420901297641708,0.6303098010534633,-10.995438927166155,70,2500
2536,51.764411027568926,761.8082706766917,224.78696741854637,1057.0,1.2475493701949458,20224.324561403508,LacZ_2,LacZ OE,0.5440308057937218,0.67329766754384,-7.548448108630829,70,2500
2537,51.176898222940224,769.8804523424878,528.967689822294,1502.0,1.4200298757644336,26239.180936995155,LacZ_2,LacZ OE,-0.1289680605921668,0.6890246627030259,-15.305610919264158,70,2500
2538,52.39561777236762,785.6883749239197,368.05234327449784,1918.0,1.318836497210588,21817.509433962263,LacZ_2,LacZ OE,0.22681543701206075,0.7280856108854163,-10.490760242883887,70,2500
2539,53.778740157480314,127.61338582677165,384.4393700787402,1605.0,1.2025181377149163,19746.608661417322,LacZ_2,LacZ OE,0.1968573459873202,-0.8243122531114562,-3.0525719603556496,70,2500
2540,51.27180527383367,147.68559837728193,784.7728194726167,770.0,1.2799628970349592,12144.454361054766,LacZ_2,LacZ OE,-0.6888809296354932,-0.7813668510354745,-15.087384682413642,70,2500
2541,52.489736070381234,145.99706744868035,326.6231671554252,953.0,1.197187567364477,15269.643695014664,LacZ_2,LacZ OE,0.3246551883524704,-0.7803514386251764,-3.173223881603775,70,2500
2542,53.197242841993635,151.99787910922586,363.02969247083774,1196.0,1.213923363154117,15202.890774125133,LacZ_2,LacZ OE,0.24401695569805226,-0.7665756902671965,-3.373331618101325,70,2500
2543,50.70652173913044,186.02717391304347,473.8822463768116,760.0,1.5153416818580905,10044.809782608696,LacZ_2,LacZ OE,-0.0014270788352466202,-0.6875676995563933,-8.780268952550955,70,2500
2544,51.77724358974359,191.30769230769232,485.27403846153845,893.0,1.3536192540351348,9602.544871794871,LacZ_2,LacZ OE,-0.02673602389848251,-0.6752112847375839,-8.027103546283406,70,2500
2545,52.418577981651374,194.81077981651376,293.73509174311926,1165.0,1.284944805578604,23504.67889908257,LacZ_2,LacZ OE,0.3969461787393749,-0.6648556341886709,-2.95520499357184,70,2500
2546,51.80484114977307,238.65809379727685,310.78517397881996,1052.0,1.5590734813862708,17057.52950075643,LacZ_2,LacZ OE,0.35883308735472985,-0.56162861883469,-4.395135907869765,70,2500
2547,52.98729946524064,242.5066844919786,366.7513368983957,1813.0,1.2746464681166703,25628.927139037434,LacZ_2,LacZ OE,0.23491856521075483,-0.5531308385546787,-4.555352326170343,70,2500
2548,53.56153846153846,248.43173076923077,228.10673076923078,1334.0,1.24562941038575,23501.297115384616,LacZ_2,LacZ OE,0.5415605454682726,-0.5376377127014775,-0.807260315498219,70,2500
2549,51.39945897204689,256.9197475202885,237.48422001803428,1384.0,1.412830742874444,21586.588818755637,LacZ_2,LacZ OE,0.5208439730071859,-0.5177674744947025,-3.270283670434395,70,2500
2550,52.42490494296578,291.1045627376426,328.17585551330797,1376.0,1.2771836889256742,18790.9819391635,LacZ_2,LacZ OE,0.31981950767025924,-0.43809365004017686,-4.693720213679157,70,2500
2551,53.2713130056005,298.4268823895457,244.64903546981955,2114.0,1.4619149336025667,28660.273802115742,LacZ_2,LacZ OE,0.5044946281243547,-0.4198964296819959,-1.972086482628221,70,2500
2552,52.63263157894737,300.91473684210524,871.2715789473684,1389.0,1.319331284724011,11644.037894736843,LacZ_2,LacZ OE,-0.8817984504071764,-0.4208409591644816,-17.242338194942352,70,2500
2553,53.43179916317992,310.0887029288703,212.4317991631799,1506.0,1.2785707609549208,34702.90041841004,LacZ_2,LacZ OE,0.5756489774881375,-0.39203561517642904,-1.1747031945809212,70,2500
2554,51.44351464435147,314.4853556485356,328.1548117154812,516.0,1.780021266511973,14721.78661087866,LacZ_2,LacZ OE,0.31969056979462285,-0.3829657665870255,-5.903025118520802,70,2500
2555,52.01867064973861,318.30171769977596,252.86930545182972,1694.0,1.4143735481154747,33454.088872292756,LacZ_2,LacZ OE,0.4861810439536418,-0.37313391828385434,-3.610376699209745,70,2500
2556,53.63048327137547,315.9903345724907,191.04237918215614,1932.0,1.5193965466201425,34800.773977695164,LacZ_2,LacZ OE,0.6229022746987298,-0.3778783966366781,-0.5351974084887985,70,2500
2557,54.63142580019399,318.77497575169735,203.05431619786614,1382.0,1.4272130213724765,36109.225024248306,LacZ_2,LacZ OE,0.5962491130991094,-0.37141751865864214,0.1581700581279648,70,2500
2558,52.00232558139535,322.13488372093025,136.0418604651163,568.0,1.5021462495319862,20113.362790697673,LacZ_2,LacZ OE,0.744606812642906,-0.36282524702914165,-0.9408046911460275,70,2500
2559,52.1125,331.30267857142854,228.84107142857144,1466.0,1.4269685879052887,26603.123214285715,LacZ_2,LacZ OE,0.5392090258294886,-0.3422047357147555,-3.0836257973193852,70,2500
2560,52.82018479033405,332.30135039090266,263.08031272210377,1857.0,1.3723982584386933,28504.695095948828,LacZ_2,LacZ OE,0.4634139499131613,-0.34020439904464994,-3.184100562274274,70,2500
2561,52.43832020997375,339.5748031496063,171.96850393700788,1462.0,1.3091317423228754,37520.873140857395,LacZ_2,LacZ OE,0.6649335978214064,-0.32206819496505357,-1.5130523066750925,70,2500
2562,52.76407766990291,343.0543689320388,293.4087378640777,1553.0,1.2963424611753511,24101.000970873785,LacZ_2,LacZ OE,0.3962160279589244,-0.315170748860787,-4.0523769149491,70,2500
2563,51.886393659180975,351.77278731836196,304.0,1167.0,1.3646445788474937,21839.698811096434,LacZ_2,LacZ OE,0.37274556565912675,-0.29474089186839714,-5.261963884696186,70,2500
2564,54.1378132118451,356.5603644646925,222.7118451025057,1178.0,1.3143823923641635,25029.506833712985,LacZ_2,LacZ OE,0.5524199059686705,-0.28251477462134444,-1.16315838634344,70,2500
2565,54.16117216117216,359.3040293040293,393.4224664224664,1985.0,1.3363148608169635,22218.17094017094,LacZ_2,LacZ OE,0.17472224434173955,-0.2778945930331801,-5.146146837953033,70,2500
2566,55.3946587537092,379.1258160237389,256.19287833827894,2364.0,1.4016558744761751,36792.47952522255,LacZ_2,LacZ OE,0.4780651963479283,-0.2296224676263926,-0.9079465748508468,70,2500
2567,52.6921568627451,376.7470588235294,303.3529411764706,1133.0,1.493343514979652,21913.57843137255,LacZ_2,LacZ OE,0.3738938013984887,-0.23580675884124724,-4.685681148085145,70,2500
2568,52.694252873563215,385.1448275862069,288.38850574712643,1177.0,1.2579689491683905,25266.70344827586,LacZ_2,LacZ OE,0.40691885889856194,-0.21583590399660346,-4.416893954184758,70,2500
2569,52.16781874039938,391.3544546850998,368.6850998463902,3097.0,1.5120852051657063,25219.597158218126,LacZ_2,LacZ OE,0.22924263299413017,-0.20207194033725817,-6.875729073177297,70,2500
2570,53.650345260514754,389.49089767733835,139.39861895794098,1898.0,1.1992095304728607,57116.45574387947,LacZ_2,LacZ OE,0.7364436571059592,-0.2039462762732417,-0.03046172944327452,70,2500
2571,52.70879526977088,423.81670362158167,295.89874353288985,1863.0,1.524478027305706,30642.92756836659,LacZ_2,LacZ OE,0.38992874741876915,-0.12469874796183866,-4.955731602047834,70,2500
2572,53.71629213483146,436.57022471910113,373.0242275280899,3399.0,1.4093098139411293,32897.19241573034,LacZ_2,LacZ OE,0.21912550117988894,-0.09542978139954605,-5.871217606703837,70,2500
2573,52.163004961020555,438.8185683912119,396.4294826364281,1840.0,1.4793899619692925,21416.554925584693,LacZ_2,LacZ OE,0.16740364935369656,-0.09041582543356586,-7.991611234229119,70,2500
2574,52.78939393939394,446.1530303030303,198.99015151515152,1765.0,1.5157098689070942,48517.20227272727,LacZ_2,LacZ OE,0.6041032102535162,-0.07095914772382406,-2.834587005266151,70,2500
2575,52.711940298507464,452.51194029850745,234.0686567164179,1749.0,1.570768539200795,48070.82985074627,LacZ_2,LacZ OE,0.5264401144876736,-0.05634223745515854,-3.791949329414642,70,2500
2576,55.56153846153846,456.98639053254436,265.50355029585796,2261.0,1.5529147682559514,42179.997041420116,LacZ_2,LacZ OE,0.45670487721925546,-0.04606399560008512,-1.7198233152577913,70,2500
2577,53.706645056726096,485.79740680713127,300.71150729335494,1738.0,1.595985094923797,33432.52025931929,LacZ_2,LacZ OE,0.37863002440435634,0.02147042861545434,-4.676709118874761,70,2500
2578,54.24910778015703,484.11563169164884,190.00356887937187,1680.0,1.2994557177777772,46030.29407566024,LacZ_2,LacZ OE,0.6235418422124601,0.018716953911520617,-1.5372130529825796,70,2500
2579,52.483561643835614,500.1431506849315,156.14178082191782,1838.0,1.3415949744923912,47316.0301369863,LacZ_2,LacZ OE,0.6983918043262063,0.056849347139964035,-2.6696164482551694,70,2500
2580,51.25613079019074,509.1716621253406,76.40871934604904,568.0,1.4188279603240839,22643.978201634876,LacZ_2,LacZ OE,0.8747645176681136,0.07898259047687528,-2.126287117043951,70,2500
2581,52.762834417932034,519.9667389732466,249.30224150397686,1984.0,1.8207534083090062,37010.838033261025,LacZ_2,LacZ OE,0.4920829728205094,0.10260443204849823,-4.756053050972618,70,2500
2582,52.16782522343595,520.4399205561073,215.7348560079444,1374.0,1.519525269530135,44621.25124131083,LacZ_2,LacZ OE,0.566371611270887,0.1040711514928756,-4.572998757246566,70,2500
2583,52.716820440028386,523.4222853087296,197.76579134137685,1814.0,1.4701219010843087,49597.740951029096,LacZ_2,LacZ OE,0.6060680594754904,0.1113133622730118,-3.6344697774702865,70,2500
2584,52.58485639686684,528.3516100957354,237.2201914708442,1538.0,1.4204677575147029,36381.288946910354,LacZ_2,LacZ OE,0.5187406459856299,0.12250948232293046,-4.73434855327767,70,2500
2585,52.738181818181815,529.790303030303,293.1454545454545,1216.0,1.6464119010815297,27327.36,LacZ_2,LacZ OE,0.39499311422258065,0.1252998029168626,-5.8988410790562895,70,2500
2586,51.4936247723133,534.5792349726776,374.59562841530055,800.0,1.5646240107592608,15645.77049180328,LacZ_2,LacZ OE,0.21481563883827537,0.13568375552989842,-9.088563410452075,70,2500
2587,52.933243425488875,538.4922454484154,146.63654753877276,1913.0,1.3966785810083073,47034.98449089683,LacZ_2,LacZ OE,0.7190263306995908,0.14741966926378747,-2.373642086019075,70,2500
2588,51.7984375,552.95390625,217.2921875,1721.0,1.65481041303413,34703.49609375,LacZ_2,LacZ OE,0.5626307739130436,0.180739040599025,-5.296634779039302,70,2500
2589,52.0728476821192,549.2466887417219,390.42384105960264,1924.0,1.5749023020712936,17108.895695364237,LacZ_2,LacZ OE,0.17962640506871552,0.17012249945986002,-9.02198512923136,70,2500
2590,55.729651162790695,557.3338178294574,265.5591085271318,2801.0,1.3788117934054056,33067.167635658916,LacZ_2,LacZ OE,0.4556023843606005,0.19063636781685966,-2.5346919683753484,70,2500
2591,52.144444444444446,564.1031746031746,154.0222222222222,965.0,1.6108289024040026,30179.242857142857,LacZ_2,LacZ OE,0.702479683368598,0.2077319860974196,-3.584894017056186,70,2500
2592,53.623778501628664,568.1425081433225,136.128664495114,1570.0,1.3015909876862346,38653.315960912056,LacZ_2,LacZ OE,0.7419507745769613,0.21748776903694256,-1.7284233381915541,70,2500
2593,52.78398058252427,567.9587378640776,340.58252427184465,1564.0,1.5048529959690213,31069.93203883495,LacZ_2,LacZ OE,0.2896745372602443,0.2148170003030616,-7.332257141386464,70,2500
2594,51.986635220125784,572.5251572327044,165.6069182389937,1696.0,1.487263168410686,34514.713050314465,LacZ_2,LacZ OE,0.6767770699072824,0.22746827351441956,-4.095094760094327,70,2500
2595,53.311487481590575,570.7776141384389,199.33652430044182,1822.0,1.6102684855810685,36480.745949926364,LacZ_2,LacZ OE,0.602104153144325,0.2230105218633749,-3.5398546009075957,70,2500
2596,52.53103448275862,574.7045092838197,436.01432360742706,2208.0,1.4262905983941772,29871.915649867373,LacZ_2,LacZ OE,0.07849477156042806,0.22968764967940758,-9.875758929667576,70,2500
2597,52.24355300859599,582.3882521489971,273.6518624641834,1002.0,1.452532442488822,28851.18051575931,LacZ_2,LacZ OE,0.4376362285204689,0.24956679079562538,-6.453420166778301,70,2500
2598,53.22710068130204,614.9916729750189,125.60181680545041,1738.0,1.468337429754475,36898.355034065105,LacZ_2,LacZ OE,0.7648069616948359,0.32809961676518373,-2.337873392057574,70,2500
2599,52.68288590604027,617.5822147651006,283.29194630872485,938.0,1.6196530889799414,25578.75,LacZ_2,LacZ OE,0.41594586875874295,0.33248691793979024,-6.583230608982461,70,2500
2600,52.90042918454936,622.2798283261802,171.125321888412,1454.0,1.3022582139349879,39682.96909871245,LacZ_2,LacZ OE,0.6640398663894251,0.344789401557162,-3.796951492962286,70,2500
2601,52.278210116731515,623.0758754863813,317.4260700389105,1398.0,1.8477293177128145,17405.589494163425,LacZ_2,LacZ OE,0.34039734938791444,0.3450656743150118,-7.8372315003842985,70,2500
2602,52.0620320855615,647.2898395721925,353.6181818181818,1151.0,1.2905676123996166,12284.725133689839,LacZ_2,LacZ OE,0.26010499441081714,0.40178341369034976,-9.133897765616751,70,2500
2603,53.444869831546704,651.9938744257274,104.24732006125575,1698.0,1.311090007409317,40107.04287901991,LacZ_2,LacZ OE,0.8116811034176379,0.41561617756656566,-1.9843390688689766,70,2500
2604,54.966061562746646,663.2975532754539,147.74585635359117,1696.0,1.5172951322023205,42611.62904498816,LacZ_2,LacZ OE,0.7152595711751772,0.44184183713724123,-1.5882209232164968,70,2500
2605,52.83050847457627,680.3762711864407,127.98983050847458,1176.0,1.320413821516229,34704.725423728814,LacZ_2,LacZ OE,0.7589117463130508,0.48229229290447684,-3.429621005532063,70,2500
2606,52.97578203834511,725.8355196770939,163.882946518668,1290.0,1.2405518212920434,26504.29767911201,LacZ_2,LacZ OE,0.679056636085609,0.589134399877306,-4.565809754352038,70,2500
2607,53.68181818181818,736.0675990675991,110.07692307692308,1055.0,1.2971291905008617,24726.340326340327,LacZ_2,LacZ OE,0.7979583563463066,0.6138694463404162,-2.7058001707855937,70,2500
2608,55.42224316682375,754.7115928369462,188.0980207351555,1478.0,1.3328444907133836,27566.72478793591,LacZ_2,LacZ OE,0.6250788357311636,0.6570397352413175,-2.9670928942014,70,2500
2609,51.497114591920855,772.3091508656224,455.81203627370155,1499.0,1.375852835106544,12980.230832646332,LacZ_2,LacZ OE,0.03283705786537627,0.6955543964643858,-13.303895871279977,70,2500
2610,52.98309382924768,794.5815722738799,330.345731191885,1400.0,1.4283430526513756,17027.477599323753,LacZ_2,LacZ OE,0.3101188698438371,0.749485164757703,-9.11147498156506,70,2500
2611,55.85409836065574,69.07049180327868,499.5704918032787,867.0,1.3874196528828755,18108.024590163935,LacZ_2,LacZ OE,-0.057392664441412,-0.9636035233650109,-3.0890562026066135,70,2500
2612,53.96813495782568,87.02624179943767,563.8678537956888,1254.0,1.2026452317855307,15754.454545454546,LacZ_2,LacZ OE,-0.19971653317111104,-0.9219905443037364,-6.648926413834424,70,2500
2613,54.653092006033184,89.60180995475113,517.2232277526396,1623.0,1.2748381080733269,17628.941176470587,LacZ_2,LacZ OE,-0.09658308926752857,-0.9153936700691648,-4.9020326743576845,70,2500
2614,55.38377334191887,110.40244687701224,691.6670959433354,2066.0,1.1697829961556796,17178.89761751449,LacZ_2,LacZ OE,-0.48275122527275416,-0.8682054863613746,-8.44159135913565,70,2500
2615,54.32517838939857,220.4026503567788,856.4760448521916,1242.0,1.1708862768329031,17284.69113149847,LacZ_2,LacZ OE,-0.8483742004573074,-0.6105518009248543,-14.417831521726136,70,2500
2616,53.93081312410842,248.55420827389443,208.76676176890157,1725.0,1.3610610160591516,24666.659771754636,LacZ_2,LacZ OE,0.5843268588378856,-0.5371305658660936,0.011539609507281057,70,2500
2617,55.25550660792952,250.39647577092512,261.1063561988672,2524.0,1.744499475429124,22741.837633731906,LacZ_2,LacZ OE,0.46844759914015843,-0.5333226613293967,0.09767975516088256,70,2500
2618,52.84633294528521,256.47497089639114,282.45518044237485,1208.0,1.4178401301582524,19578.00931315483,LacZ_2,LacZ OE,0.42128244893890976,-0.5192714636235907,-2.8678564049609676,70,2500
2619,54.46506165590135,254.48385202583677,842.9477392836171,1998.0,1.1975311177266839,15366.459189665296,LacZ_2,LacZ OE,-0.8187819663015343,-0.5300119095875029,-14.296023311987938,70,2500
2620,53.769712140175216,262.2590738423029,264.712140175219,1111.0,1.2905578230807093,20282.00625782228,LacZ_2,LacZ OE,0.4604323971198101,-0.5054144847610282,-1.5877395951703477,70,2500
2621,52.580498866213155,278.56009070294783,303.73015873015873,615.0,1.415504673951352,19352.680272108842,LacZ_2,LacZ OE,0.3740150262801645,-0.4674144888655154,-3.845598777843904,70,2500
2622,54.04470588235294,290.5262745098039,177.63372549019607,1510.0,1.2766976137295147,33394.5631372549,LacZ_2,LacZ OE,0.6527917369967093,-0.43778748982339843,0.44056511056165704,70,2500
2623,54.804785894206546,294.46284634760707,308.4149874055416,2183.0,1.3359325777665754,26034.863350125943,LacZ_2,LacZ OE,0.36338176963876934,-0.42990349466305156,-1.8867986169816504,70,2500
2624,53.97747747747748,296.64639639639637,260.0371621621622,1208.0,1.442359403550327,19751.932432432433,LacZ_2,LacZ OE,0.4704315917951989,-0.42424702302545836,-1.6074488875706194,70,2500
2625,53.515592515592516,307.23388773388774,177.14241164241164,1188.0,1.438714904304666,27680.37525987526,LacZ_2,LacZ OE,0.6537443858168435,-0.3983847172536832,-0.24036546775935363,70,2500
2626,53.12632978723404,309.7726063829787,241.43484042553192,964.0,1.2997116273577811,25351.91090425532,LacZ_2,LacZ OE,0.5115032399966661,-0.39310284428863607,-2.153083745931994,70,2500
2627,54.87635135135135,354.5222972972973,242.71891891891892,1856.0,1.3260890643984173,31207.892567567567,LacZ_2,LacZ OE,0.5081390078761165,-0.28752231632614733,-0.8713117644585466,70,2500
2628,55.17575187969925,365.6437969924812,310.9107142857143,1591.0,1.3504623938509486,22152.790413533836,LacZ_2,LacZ OE,0.3571525043399433,-0.26202216625834496,-2.2704461799114526,70,2500
2629,54.8525641025641,377.86538461538464,184.2923076923077,1940.0,1.384608739120308,51501.38269230769,LacZ_2,LacZ OE,0.6371739058655308,-0.231827867827886,0.23856365523429446,70,2500
2630,53.130884041331804,395.88518943742827,163.76923076923077,1264.0,1.444317162789581,39670.980482204366,LacZ_2,LacZ OE,0.6824925628160898,-0.18913982865242185,-1.1804206874422718,70,2500
2631,54.48347107438016,410.26918536009447,124.85950413223141,2048.0,1.2973387338844018,58944.79752066116,LacZ_2,LacZ OE,0.7683650249479697,-0.15475819037403404,0.9380644275420025,70,2500
2632,53.764409221902014,425.7780979827089,187.3321325648415,1624.0,1.27202391829141,45505.4257925072,LacZ_2,LacZ OE,0.6300414508490009,-0.1188703177372592,-1.3888043330728266,70,2500
2633,54.27991452991453,415.22435897435895,248.5448717948718,1824.0,1.4619950004480515,41615.044871794875,LacZ_2,LacZ OE,0.49469353633653745,-0.1444165566340211,-2.1971770767715597,70,2500
2634,53.05175846051758,440.47710683477106,220.50895819508958,1853.0,1.470528519155326,45869.086264100864,LacZ_2,LacZ OE,0.556537653127354,-0.0845748497405433,-3.018415653537396,70,2500
2635,53.461783439490446,463.02738853503183,309.0757961783439,2243.0,1.4841662129854176,25520.31082802548,LacZ_2,LacZ OE,0.3603583367978116,-0.03233528395047258,-4.89373158562347,70,2500
2636,53.017073170731706,473.7723577235772,175.7861788617886,1460.0,1.3016278423678929,45073.76991869919,LacZ_2,LacZ OE,0.6551592910482402,-0.00555439611421138,-2.3362454808802156,70,2500
2637,53.00698215671063,481.3017843289372,261.49961210240497,1651.0,1.6437480397866995,43591.487199379364,LacZ_2,LacZ OE,0.46545972005592606,0.011275699336879885,-4.41808723922253,70,2500
2638,54.37772397094431,476.10250201775625,161.17029862792575,1528.0,1.3382938324503624,43755.87812752219,LacZ_2,LacZ OE,0.6874017166677611,0.0001315228420319947,-0.6581074509241489,70,2500
2639,53.91128579449747,492.6715328467153,320.9960696238069,2347.0,1.4072062717252238,26916.600224592927,LacZ_2,LacZ OE,0.33367659324454135,0.037469557910025486,-5.012239990601628,70,2500
2640,53.81122062168309,492.5117513267627,258.1341925701289,1732.0,1.5566187591137706,44040.8506444276,LacZ_2,LacZ OE,0.4727551459313508,0.03777237452378501,-3.6453129257730836,70,2500
2641,55.86614466815809,493.68791946308727,241.6923937360179,3481.0,1.502626269700588,42540.57494407159,LacZ_2,LacZ OE,0.5090124063437929,0.04077198073592392,-1.2192702742170383,70,2500
2642,52.51592356687898,506.03343949044586,177.796974522293,1593.0,1.5211051761867382,48438.43073248408,LacZ_2,LacZ OE,0.6504244937266712,0.07050902161529415,-3.1996981554849597,70,2500
2643,55.2109479305741,519.36782376502,119.20493991989319,2102.0,1.2759125210930695,40011.52603471295,LacZ_2,LacZ OE,0.7797816828543693,0.10265904078952137,0.7298846885960231,70,2500
2644,54.78534031413613,507.23342059336824,354.3041012216405,2739.0,1.297819633427365,21428.90837696335,LacZ_2,LacZ OE,0.2598018429596103,0.07147638692250036,-5.057370381755732,70,2500
2645,54.08436724565757,507.2679900744417,270.5285359801489,1780.0,1.3841372386242112,36362.35318444996,LacZ_2,LacZ OE,0.44517775805767035,0.07245080913723756,-3.8055333936256517,70,2500
2646,53.56061908856406,531.7583834909716,180.23301805674978,1511.0,1.39680211224515,48569.932072227,LacZ_2,LacZ OE,0.6447322473702486,0.13118582897762643,-2.4637741741743824,70,2500
2647,52.75848563968668,541.605091383812,226.1135770234987,1953.0,1.6842593087110265,41933.624673629245,LacZ_2,LacZ OE,0.5431750465061369,0.15389593886073305,-4.431514311601944,70,2500
2648,52.86252945797329,550.3731343283582,158.69285153181463,1557.0,1.2787862804528165,41283.176747839745,LacZ_2,LacZ OE,0.6922423927833239,0.17531161438901033,-2.8416054334584615,70,2500
2649,52.864216054013504,552.2933233308327,235.08702175543885,1790.0,1.4411222980045075,31394.923480870217,LacZ_2,LacZ OE,0.5232138609273247,0.17901214714454783,-4.639556987279988,70,2500
2650,53.4441159077469,562.5026611472501,250.83855706682436,2338.0,1.3668815845750388,38604.35245416913,LacZ_2,LacZ OE,0.4882373620536249,0.20293604036850876,-4.52690372531184,70,2500
2651,53.43446088794926,566.9524312896406,235.72410147991545,1319.0,1.5745580692206336,30368.872093023256,LacZ_2,LacZ OE,0.5216331204951221,0.21359580913883547,-4.227745970867737,70,2500
2652,53.0883785664579,572.5198329853862,323.58524704244957,2045.0,1.5122751557254086,33901.84411969381,LacZ_2,LacZ OE,0.32721842845803795,0.22576695599524577,-6.67634460155891,70,2500
2653,53.557377049180324,580.383606557377,207.87868852459016,1493.0,1.4021496431839553,41650.17622950819,LacZ_2,LacZ OE,0.5831003336295382,0.24558184787823345,-3.5871423415453307,70,2500
2654,53.91401869158879,586.2990654205607,120.3803738317757,1273.0,1.2110805322191236,27512.93831775701,LacZ_2,LacZ OE,0.7766006747264733,0.26049250449931627,-1.2487750807874036,70,2500
2655,54.173228346456696,599.9825021872266,160.68766404199476,1411.0,1.3789294301818875,36699.50218722659,LacZ_2,LacZ OE,0.6872814625920391,0.2923372929658321,-2.063122912525614,70,2500
2656,53.672096317280456,601.9907932011331,459.8781869688385,1716.0,1.4046642565250487,23920.74433427762,LacZ_2,LacZ OE,0.02537681872466435,0.29381703760943534,-9.558285080281145,70,2500
2657,52.806629834254146,610.0027624309392,363.7255985267035,1463.0,1.7508992063778899,14342.615101289135,LacZ_2,LacZ OE,0.23806623334506805,0.3137388843058435,-8.260401042751916,70,2500
2658,54.403361344537814,617.4873949579832,226.3393665158371,1995.0,1.2843905908887243,36543.233354880416,LacZ_2,LacZ OE,0.5418563265939751,0.33292041525290905,-3.5347341552260048,70,2500
2659,52.38095238095238,620.3933747412008,110.10144927536231,626.0,1.3624648601311218,29096.770186335405,LacZ_2,LacZ OE,0.7990905114935429,0.3409898699233236,-2.8752575444331967,70,2500
2660,53.93324432576769,616.607476635514,181.3097463284379,985.0,1.3212455828207148,31866.6955941255,LacZ_2,LacZ OE,0.6415099602268637,0.3313226799318767,-2.9463905916735627,70,2500
2661,53.09361069836553,649.5690936106984,155.815750371471,928.0,1.4236553206196207,33155.34918276374,LacZ_2,LacZ OE,0.6976358254622859,0.4093291763751321,-3.5138972801282975,70,2500
2662,53.836309523809526,658.046130952381,165.00892857142858,973.0,1.3004998960187495,30247.05505952381,LacZ_2,LacZ OE,0.6771769877381175,0.42924182862917837,-3.068666762167922,70,2500
2663,53.47256097560975,662.0137195121952,283.4588414634146,1044.0,1.3544597426241711,14249.512195121952,LacZ_2,LacZ OE,0.415105938807909,0.4373071127747543,-6.232342495108838,70,2500
2664,56.2029197080292,677.0824817518248,214.42773722627737,2051.0,1.4272430887025078,24222.25182481752,LacZ_2,LacZ OE,0.5675392907507193,0.4736622018290988,-2.041053709227768,70,2500
2665,53.23968565815324,692.7111984282908,200.76620825147347,864.0,1.5168810518342717,19415.084479371315,LacZ_2,LacZ OE,0.5977651745928423,0.5106074148834039,-4.837756960447784,70,2500
2666,52.79094076655052,708.3658536585366,294.57142857142856,507.0,1.7836950592242486,13011.198606271777,LacZ_2,LacZ OE,0.3901078780556728,0.546505304766661,-7.626226872734939,70,2500
2667,51.853960396039604,722.730198019802,287.6980198019802,519.0,1.3604898891723176,13369.31188118812,LacZ_2,LacZ OE,0.40522364167986225,0.5804407587862526,-8.54319599660515,70,2500
2668,51.619760479041915,737.6676646706587,207.9131736526946,549.0,1.6645210624473725,22775.08982035928,LacZ_2,LacZ OE,0.5816024154498476,0.6165351413642497,-7.063549400492327,70,2500
2669,52.988553590010405,799.3257023933403,421.60145681581685,1158.0,1.330429159067262,21662.021852237252,LacZ_2,LacZ OE,0.10818400943606443,0.7596855955631383,-11.27972271669821,70,2500
2670,54.386800334168754,808.4903926482874,444.12698412698415,1544.0,1.3474038578800178,18653.98329156224,LacZ_2,LacZ OE,0.05818895012636549,0.7810905895729363,-10.496676133041483,70,2500
2671,53.50683760683761,813.7547008547009,275.01794871794874,1679.0,1.4968676944694483,12492.921367521367,LacZ_2,LacZ OE,0.43231015256817473,0.7953224938021799,-7.485689564104263,70,2500
2672,55.29632653061225,72.70530612244897,472.51591836734696,1500.0,1.2530062211492083,21035.379591836736,LacZ_2,LacZ OE,0.0024549061360423785,-0.9547490272608443,-3.051527255699888,70,2500
2673,54.596259625962595,116.02200220022002,363.85258525852583,1165.0,1.323567520566074,14418.280528052805,LacZ_2,LacZ OE,0.24247220764724298,-0.851411724126926,-1.6420165397772806,70,2500
2674,53.70023419203747,157.1639344262295,282.2201405152225,680.0,1.3915192396597869,18926.351288056205,LacZ_2,LacZ OE,0.4227191672918589,-0.7535019344822343,-1.037254807460073,70,2500
2675,54.168026101141926,183.31810766721043,346.4274061990212,1442.0,1.2605537763310923,24969.2471451876,LacZ_2,LacZ OE,0.2803936489227963,-0.692495998654552,-2.3222214672941135,70,2500
2676,54.27988614800759,186.94971537001896,318.9573055028463,1474.0,1.5931928244538414,22833.298861480074,LacZ_2,LacZ OE,0.3411259288744124,-0.6836292713262674,-1.605556780622372,70,2500
2677,57.88741721854305,181.07615894039736,279.1183774834437,1720.0,1.7109572809754094,26222.415562913906,LacZ_2,LacZ OE,0.4291335537148959,-0.6969691079903217,2.986978871979993,70,2500
2678,54.89520624303233,197.3210702341137,316.4927536231884,1337.0,1.3253422386127696,23899.091415830546,LacZ_2,LacZ OE,0.34644620719868,-0.6591247808244259,-1.0344373394322872,70,2500
2679,54.96103896103896,203.9090909090909,287.1926406926407,1187.0,1.237340125195187,23326.77489177489,LacZ_2,LacZ OE,0.4112008708408632,-0.6432657336933979,-0.3500457888891688,70,2500
2680,54.37864077669903,215.42330097087378,415.5339805825243,694.0,1.3885537122556781,13017.980582524271,LacZ_2,LacZ OE,0.12718490879931754,-0.6175119617681812,-4.036707712212021,70,2500
2681,53.64193548387097,220.65645161290323,439.4532258064516,932.0,1.3128033434738606,12031.083870967743,LacZ_2,LacZ OE,0.07425485318317682,-0.6054444487632351,-5.381960656683425,70,2500
2682,55.055008210180624,217.33004926108376,320.5919540229885,1571.0,1.3004811391315059,21875.180623973727,LacZ_2,LacZ OE,0.33717553098645703,-0.611968900520893,-1.165979074693965,70,2500
2683,53.96906187624751,229.312375249501,414.48802395209583,1177.0,1.4700514801762783,19197.5249500998,LacZ_2,LacZ OE,0.12938570812268724,-0.5847487457736031,-4.557640637175993,70,2500
2684,54.41213768115942,233.10326086956522,283.82065217391306,1350.0,1.2881991063868152,23769.190217391304,LacZ_2,LacZ OE,0.41840676265927534,-0.5743791668684902,-1.1057531713894875,70,2500
2685,54.415929203539825,253.1603982300885,304.1592920353982,1283.0,1.5373710456313945,17388.576327433628,LacZ_2,LacZ OE,0.3732165248296062,-0.5272894353742683,-1.7722903644165413,70,2500
2686,53.78292682926829,280.80121951219513,340.0317073170732,1068.0,1.370261358966077,13770.743902439024,LacZ_2,LacZ OE,0.2936198344064862,-0.462494553807989,-3.5117178615821416,70,2500
2687,54.211779448621556,288.6979949874687,295.1466165413534,1174.0,1.409213953327229,17942.315789473683,LacZ_2,LacZ OE,0.39282234058170773,-0.4433710778959453,-2.1139177466672194,70,2500
2688,54.26448736998514,287.84992570579493,236.98662704309064,1031.0,1.3589411520935395,26561.845468053492,LacZ_2,LacZ OE,0.5214974835880373,-0.44473930136879525,-0.6971408476343228,70,2500
2689,55.24473493100944,287.6448801742919,274.27814088598404,1763.0,1.4501806301690268,22305.93318809005,LacZ_2,LacZ OE,0.43894730272651117,-0.44560515650443366,-0.5845174757370657,70,2500
2690,54.79188900747065,342.110992529349,189.12166488794023,1305.0,1.5590567845019492,36366.93062966916,LacZ_2,LacZ OE,0.626838796576122,-0.31621825768744183,0.41509052318296824,70,2500
2691,54.234200743494426,390.432156133829,213.37546468401487,1350.0,1.3915437504451995,43391.823420074346,LacZ_2,LacZ OE,0.5727424512403165,-0.2025153058556527,-1.1805030581979779,70,2500
2692,54.34952978056426,398.90909090909093,249.05094043887146,1714.0,1.4386967020635295,44473.77507836991,LacZ_2,LacZ OE,0.4937281974780201,-0.18290452459804918,-1.9797797628765181,70,2500
2693,54.5680546923555,406.377874456184,316.6438781852082,1993.0,1.4898264127770722,31673.13921690491,LacZ_2,LacZ OE,0.3441060915661285,-0.1660156639017326,-3.4100716424946,70,2500
2694,56.05114083398899,400.15971675845793,151.12273800157357,1666.0,1.3328036100673504,49496.45712037766,LacZ_2,LacZ OE,0.7102786151503824,-0.1788533072790499,1.991895115933282,70,2500
2695,55.584289496910856,408.02030008826125,260.32215357458074,1461.0,1.252146072833707,41217.51456310679,LacZ_2,LacZ OE,0.4686404728726212,-0.16150731439033228,-1.097291170150271,70,2500
2696,55.02190923317684,413.57511737089203,194.09154929577466,1673.0,1.36563470678002,45654.97887323944,LacZ_2,LacZ OE,0.6151403988384034,-0.1476990445137174,-0.16990388873932005,70,2500
2697,56.96348884381339,416.5331304935767,406.7491548343475,3415.0,1.23764906382032,29362.035835023664,LacZ_2,LacZ OE,0.14454053793433608,-0.1429845564450597,-3.2152237520151488,70,2500
2698,54.47102649006622,425.4254966887417,204.13741721854305,1472.0,1.3261292430886333,42003.56622516556,LacZ_2,LacZ OE,0.5928293409021281,-0.11986821500280342,-1.070718048040824,70,2500
2699,54.256873527101334,431.5490966221524,234.37863315003926,1664.0,1.444380765318853,43851.6276512176,LacZ_2,LacZ OE,0.5258773147458846,-0.10575698933987543,-2.0496702241429645,70,2500
2700,55.415,440.1988888888889,296.555,2471.0,1.4476137635910147,32951.209444444445,LacZ_2,LacZ OE,0.3881785155807924,-0.08600217891360673,-2.425946121665575,70,2500
2701,53.01870078740158,454.22342519685037,186.41830708661416,1257.0,1.3215873764156523,46270.61417322834,LacZ_2,LacZ OE,0.6318264676656034,-0.05178126491985047,-2.3912337131258,70,2500
2702,54.3468809073724,465.7797731568998,105.04725897920605,1242.0,1.2949443416202318,30052.09640831758,LacZ_2,LacZ OE,0.8116664226871273,-0.02360930890902313,0.7203453766665575,70,2500
2703,53.18543046357616,467.85052034058657,218.07852412488174,1276.0,1.3329185876954661,46390.511825922425,LacZ_2,LacZ OE,0.5616428448498396,-0.01997767265742678,-3.095905588863694,70,2500
2704,55.11890999174236,480.27415359207265,211.81420313790255,1756.0,1.3515208647966794,43773.34516928159,LacZ_2,LacZ OE,0.5752815197898387,0.009438999056710973,-1.1385462223568155,70,2500
2705,54.9527868852459,497.6872131147541,192.49639344262295,1833.0,1.4575296330646195,57541.360655737706,LacZ_2,LacZ OE,0.6178591892770686,0.05071829726204502,-1.0246318361418076,70,2500
2706,53.43418467583497,514.5962671905697,105.4410609037328,1233.0,1.3795158632441338,33457.66011787819,LacZ_2,LacZ OE,0.8103700569340111,0.09151276981188738,-0.678778677540933,70,2500
2707,55.99490662139219,518.1397849462365,385.0192416525184,2233.0,1.3414256601291918,19731.63610639502,LacZ_2,LacZ OE,0.1916814768062416,0.09689644380994666,-4.670892774987934,70,2500
2708,57.42672741078208,519.408504176158,206.90053151100986,1817.0,1.351981097293485,55280.22627182992,LacZ_2,LacZ OE,0.585654318177079,0.10185416890347576,0.900252616371084,70,2500
2709,54.28152260111023,539.2989690721649,196.48691514670895,1571.0,1.3321719217150738,44255.02854877082,LacZ_2,LacZ OE,0.6086628868576509,0.14881250161107062,-2.1957664292891153,70,2500
2710,54.899487836107554,545.1222791293213,273.22407170294497,1975.0,1.6730714074588884,32103.723431498078,LacZ_2,LacZ OE,0.43880593718404604,0.16172997141320833,-3.4238134480775244,70,2500
2711,54.35317149569303,555.8629600626468,118.75097885669538,1574.0,1.239593103707063,39136.36335160532,LacZ_2,LacZ OE,0.7804772311750718,0.18872824464932614,-0.47404290493218326,70,2500
2712,54.16814946619217,557.9439501779359,302.5186832740213,1394.0,1.309744291481279,32356.561387900358,LacZ_2,LacZ OE,0.3739100459268878,0.1916389111915211,-4.963241876479195,70,2500
2713,55.174193548387095,570.0785923753666,276.6592375366569,2299.0,1.3909238385268836,40905.83225806452,LacZ_2,LacZ OE,0.43095052553458113,0.22056533341152829,-3.473405096280608,70,2500
2714,54.86428089128967,572.3990546927752,295.39972991222146,1903.0,1.433682391372,30394.648210668467,LacZ_2,LacZ OE,0.38948375397588153,0.22582839390556608,-4.24278502378116,70,2500
2715,53.94435483870968,582.4935483870968,366.4451612903226,1561.0,1.5044761856721076,15325.407258064517,LacZ_2,LacZ OE,0.23225699389452537,0.24884727176453825,-6.91733199164841,70,2500
2716,54.217757009345796,593.7485981308412,271.0981308411215,1565.0,1.4271706484614493,25143.079439252335,LacZ_2,LacZ OE,0.4430740015967176,0.2764360791760587,-4.531446873259604,70,2500
2717,55.685325264750375,596.9878971255673,203.91679273827535,1683.0,1.2625302507136542,30991.360816944023,LacZ_2,LacZ OE,0.5915947616053221,0.2848392152002057,-1.5299457588095606,70,2500
2718,54.94137241838774,601.0126582278481,245.78081279147236,1829.0,1.4093523228519964,38168.72218520986,LacZ_2,LacZ OE,0.49897683182204733,0.2938615589635929,-3.2889405631679764,70,2500
2719,55.01117318435754,605.2513966480446,175.09590316573556,1343.0,1.1716633614712748,34817.38454376164,LacZ_2,LacZ OE,0.6553112548507449,0.3046282500226103,-1.6128639609485091,70,2500
2720,53.78409090909091,607.1568181818182,84.12954545454545,655.0,1.5574031885119046,21641.293181818182,LacZ_2,LacZ OE,0.856604736928765,0.31008159627857035,-0.7376420294544204,70,2500
2721,53.857142857142854,612.3198562443846,299.88948787062,1521.0,1.8845671608943606,22875.769991015273,LacZ_2,LacZ OE,0.3792166910291763,0.3199209313619973,-5.7447824177082225,70,2500
2722,55.25457570715474,613.5257903494177,201.9875207986689,1451.0,1.3150926291766394,37928.36272878536,LacZ_2,LacZ OE,0.5957252206681531,0.3238595022233184,-2.0773629172552717,70,2500
2723,54.99642218246869,622.3568872987478,272.3202146690519,1498.0,1.4398802083074629,21964.80679785331,LacZ_2,LacZ OE,0.44005329893862344,0.3439211497803307,-4.061374994687192,70,2500
2724,55.116700201207244,628.5412474849095,184.75855130784709,1247.0,1.234724306746836,39926.46076458752,LacZ_2,LacZ OE,0.6337034033056093,0.35946137584376614,-1.9604495525203376,70,2500
2725,53.891849529780565,629.7210031347962,237.29467084639498,1055.0,1.4571436712403179,23221.584639498433,LacZ_2,LacZ OE,0.5175275435690905,0.3616462281889241,-4.421139063172298,70,2500
2726,55.28244837758112,655.7286135693215,84.14306784660766,1636.0,1.2326608127030423,40161.643067846606,LacZ_2,LacZ OE,0.8560274336935789,0.4246856526179479,0.2847755896648465,70,2500
2727,54.18565400843882,658.2236286919831,116.2204641350211,1238.0,1.2500590644843619,41163.29113924051,LacZ_2,LacZ OE,0.7850938785098667,0.43019778825535115,-1.5838437501238687,70,2500
2728,55.29736211031175,667.4364508393286,132.7146282973621,1588.0,1.2686000849371004,45812.591526778575,LacZ_2,LacZ OE,0.7484565879158553,0.45177520770029966,-0.9471156616803995,70,2500
2729,54.66606498194946,668.6389891696751,205.26895306859205,863.0,1.4159443556808065,21332.24729241877,LacZ_2,LacZ OE,0.5879627576554616,0.45381017143856583,-3.2813162277603,70,2500
2730,57.83255813953488,714.609819121447,226.49095607235142,2553.0,1.436450497202368,21377.489405684755,LacZ_2,LacZ OE,0.540404037221264,0.5620871224571737,-1.0602515355986029,70,2500
2731,54.49003436426117,762.4171821305841,377.527147766323,1690.0,1.4708537352505622,23061.15120274914,LacZ_2,LacZ OE,0.20597085755724498,0.6731390945230769,-8.39023714810412,70,2500
2732,55.04799370574351,789.844217151849,258.5704169944925,1524.0,1.3021381121986717,17236.34539732494,LacZ_2,LacZ OE,0.4688493702237502,0.7391366349584538,-5.327710897973681,70,2500
2733,56.45503355704698,819.696644295302,297.80872483221475,1933.0,1.2280254570089124,14928.163758389263,LacZ_2,LacZ OE,0.38167934640941237,0.8091582548573113,-5.127846467615953,70,2500
2734,55.312157721796275,852.9923329682366,420.4041621029573,1448.0,1.5157935280179518,20218.80613362541,LacZ_2,LacZ OE,0.11019349917627164,0.8863392036660032,-9.45393577175679,70,2500
2735,58.93338884263114,102.05745212323065,457.87760199833474,1705.0,1.157838638841528,16933.937552039966,LacZ_2,LacZ OE,0.03436786866560437,-0.8852720414095148,0.6384793798991097,70,2500
2736,56.206307490144546,122.93692509855454,415.03810775295665,1020.0,1.2488597349389965,16420.219448094613,LacZ_2,LacZ OE,0.12908231964132577,-0.8356195256684005,-1.2933326352626011,70,2500
2737,54.55836575875487,168.7033073929961,382.52140077821014,1327.0,1.4134301954096065,19683.910505836575,LacZ_2,LacZ OE,0.2006626949125534,-0.7273517160028884,-2.63044053423112,70,2500
2738,56.517101449275366,166.9431884057971,535.5055072463769,2046.0,1.2561675794975249,21991.213333333333,LacZ_2,LacZ OE,-0.1378743440244884,-0.7331184552029917,-4.221383713765526,70,2500
2739,56.872265966754156,170.5923009623797,279.7034120734908,1814.0,1.3319146697916153,27073.982502187228,LacZ_2,LacZ OE,0.42799315968920215,-0.7217277048834392,2.0610707521597362,70,2500
2740,54.828859060402685,183.66442953020135,293.3993288590604,762.0,1.3247374335083686,21831.120805369126,LacZ_2,LacZ OE,0.3976722718752592,-0.6910887141569484,-0.42882979440616253,70,2500
2741,54.7759900990099,206.46658415841586,645.934405940594,1053.0,1.6373085263805434,23456.175742574258,LacZ_2,LacZ OE,-0.38247300900306236,-0.6411294007640008,-8.92282004312279,70,2500
2742,54.45796737766625,205.94102885821832,265.2383939774153,956.0,1.2837866504201703,24003.721455457966,LacZ_2,LacZ OE,0.4597774665925234,-0.6382461491189337,-0.36104986269501893,70,2500
2743,54.54409005628518,217.22138836772984,284.1332082551595,767.0,1.6800236121899073,19971.643527204502,LacZ_2,LacZ OE,0.41786212430157677,-0.6118413291704015,-0.8257672332815744,70,2500
2744,56.25349087003222,223.78947368421052,711.4586466165414,1252.0,1.4292307523079515,28898.770139634802,LacZ_2,LacZ OE,-0.5276788640401722,-0.6009457247410401,-9.142710454149046,70,2500
2745,55.551515151515154,230.68242424242425,320.49939393939394,1011.0,1.2966059138692312,17028.711515151514,LacZ_2,LacZ OE,0.33722545584992414,-0.5804612967057651,-0.7980905673611929,70,2500
2746,55.007213706041476,239.27051397655546,270.4517583408476,1450.0,1.4859023576087933,21854.97565374211,LacZ_2,LacZ OE,0.4478928733072691,-0.5596733724593148,-0.25955010540524626,70,2500
2747,55.70422535211268,246.42723004694835,349.13849765258215,1548.0,1.3699289877425558,19137.01330203443,LacZ_2,LacZ OE,0.27370579751922786,-0.5436300427546901,-1.4670672738176762,70,2500
2748,55.2966472303207,257.7383381924198,343.6195335276968,1600.0,1.2402560209381364,21244.212099125365,LacZ_2,LacZ OE,0.2858272486874063,-0.5168990986232805,-1.8565095369839426,70,2500
2749,55.51174934725849,265.5939947780679,315.1553524804178,966.0,1.325340611184115,14351.759791122715,LacZ_2,LacZ OE,0.3487125673566571,-0.49805564342174324,-1.0547834659519069,70,2500
2750,55.76498237367802,278.0799059929495,244.64982373678026,1095.0,1.3541495071540912,20938.571092831964,LacZ_2,LacZ OE,0.5045608646371951,-0.4678334756157426,0.7198085193920534,70,2500
2751,56.927102803738315,277.25607476635514,187.48130841121494,1325.0,1.208299253947422,25801.728037383178,LacZ_2,LacZ OE,0.6309849565955263,-0.46912995697669024,3.2222936116777063,70,2500
2752,56.258426966292134,280.4890945142102,226.39458030403173,1776.0,1.2678164499353302,30547.713152676803,LacZ_2,LacZ OE,0.5448988542446258,-0.46194142270901284,1.6150828559505186,70,2500
2753,56.42590120160214,295.62550066755676,215.93991989319093,1824.0,1.34577412731769,33149.52269692924,LacZ_2,LacZ OE,0.567873011147092,-0.42612078129052156,1.8781466997285676,70,2500
2754,58.15372549019608,308.7513725490196,269.0619607843137,1803.0,1.3913113829055022,24430.90274509804,LacZ_2,LacZ OE,0.45013270646891,-0.395696664515501,2.2386688621948068,70,2500
2755,55.68404170008019,329.16038492381716,214.06976744186048,1535.0,1.3973043504681784,32162.24859663192,LacZ_2,LacZ OE,0.5717243063581028,-0.34701613911567775,0.8520705567674369,70,2500
2756,55.38690476190476,328.7886904761905,246.5625,1351.0,1.4715286733130744,30719.194444444445,LacZ_2,LacZ OE,0.4998582930582054,-0.3482521807535416,-0.19878586873946347,70,2500
2757,54.79957356076759,326.7633262260128,169.0362473347548,1135.0,1.431660225359205,30797.77078891258,LacZ_2,LacZ OE,0.6714226619788684,-0.35220188592649126,1.0411275228519727,70,2500
2758,54.80704563650921,343.32506004803844,223.7974379503603,1517.0,1.419710362205355,29669.147317854284,LacZ_2,LacZ OE,0.5501116725518989,-0.3137303962437066,-0.38997429759934477,70,2500
2759,55.46910112359551,347.9428838951311,325.2977528089888,1381.0,1.5262167316381021,18957.280898876405,LacZ_2,LacZ OE,0.3254795858849935,-0.30392404818681606,-2.1394161206622186,70,2500
2760,56.277317880794705,353.2723509933775,263.8526490066225,1646.0,1.3272119394856472,25747.028145695363,LacZ_2,LacZ OE,0.4613237010721194,-0.29066795796871314,0.04877795020310316,70,2500
2761,56.55166524338173,375.77284372331343,197.65584970111016,1553.0,1.2431168369299115,38923.804440649015,LacZ_2,LacZ OE,0.6075416393080251,-0.23686989660303925,1.6460690615476707,70,2500
2762,55.88977423638778,382.7961487383798,235.8691899070385,1983.0,1.5390497174087674,37407.57636122178,LacZ_2,LacZ OE,0.5229670009377845,-0.2207331789993583,0.024879489722913206,70,2500
2763,55.54215456674473,395.40046838407494,283.175644028103,1152.0,1.5281518467244604,27728.22131147541,LacZ_2,LacZ OE,0.418205063694842,-0.19152357359447003,-1.5487076124661954,70,2500
2764,57.63172804532578,397.93767705382436,269.46270066100095,1549.0,1.3237104489313924,36887.59584513692,LacZ_2,LacZ OE,0.44841020916268204,-0.18534239170299383,0.8350458461851531,70,2500
2765,55.82585278276481,405.55385996409336,203.7657091561939,1411.0,1.339294464768208,39472.42100538599,LacZ_2,LacZ OE,0.5937739266462423,-0.1667059981367257,0.4867313330931893,70,2500
2766,56.87179487179487,410.37628205128203,274.95576923076925,2009.0,1.2879862279824086,40789.264743589745,LacZ_2,LacZ OE,0.4361766038969348,-0.15607944837000898,-0.17437410772543416,70,2500
2767,57.81296101159115,411.91622760800846,331.30189673340357,2273.0,1.18784631617188,19978.201791359326,LacZ_2,LacZ OE,0.3114562786914121,-0.15303687605332772,-0.5620791343318885,70,2500
2768,55.302697302697304,420.68631368631367,264.53646353646354,1387.0,1.3264515317180814,39360.982017982016,LacZ_2,LacZ OE,0.45920899346594024,-0.13168317185099843,-1.6009379842262916,70,2500
2769,56.190195355694804,425.54220420199044,387.59675635827494,3161.0,1.417537022593113,30481.39329155916,LacZ_2,LacZ OE,0.1868649535026119,-0.12154403587646534,-3.6299310221460317,70,2500
2770,55.913629160063394,427.87083993660855,218.98019017432645,1565.0,1.449834359319316,39416.286846275754,LacZ_2,LacZ OE,0.5598938642759008,-0.11422829418246694,0.0014968310998995094,70,2500
2771,55.933756805807626,433.6197822141561,164.63520871143376,1440.0,1.3590079438123013,42587.778584392014,LacZ_2,LacZ OE,0.6800667688919109,-0.10007777633029968,1.2322365593333018,70,2500
2772,57.248226950354606,445.68617021276594,252.25295508274232,2223.0,1.371103986190142,45053.13179669031,LacZ_2,LacZ OE,0.4860418552372172,-0.07253642596633625,0.38575835677873727,70,2500
2773,54.80424300867888,488.1513982642237,166.28158148505304,1240.0,1.3001565942848203,41378.54387656702,LacZ_2,LacZ OE,0.6759552012543524,0.028506457636176874,-0.4687421782890482,70,2500
2774,55.33516988062443,493.62350780532597,130.24977043158862,1331.0,1.2815144077833716,43490.34251606979,LacZ_2,LacZ OE,0.7555894277428399,0.04181696993373474,0.8484362838205897,70,2500
2775,55.3432518597237,496.192348565356,177.54516471838468,1289.0,1.3780890481943766,49869.54622741764,LacZ_2,LacZ OE,0.6509306707442564,0.047363366282634045,-0.2711345850180322,70,2500
2776,56.272,519.6928,260.9408,1834.0,1.4700814530993294,28064.0672,LacZ_2,LacZ OE,0.46615580938514567,0.10191211415898338,-1.516640145160821,70,2500
2777,55.09478672985782,532.9634394041977,212.36899119837508,2141.0,1.5217343644650991,42828.83886255924,LacZ_2,LacZ OE,0.5735456027263206,0.13371466550763245,-1.6910190710722333,70,2500
2778,55.37183383991895,542.2158054711247,342.7968591691996,2464.0,1.455442791076829,31436.294326241135,LacZ_2,LacZ OE,0.28489099602733226,0.15413023679828752,-4.545024115526424,70,2500
2779,55.84446254071661,541.5822475570033,242.56351791530943,1613.0,1.3667627955688297,40188.16042345277,LacZ_2,LacZ OE,0.5066229127209225,0.1537340385868209,-1.7297711020439124,70,2500
2780,56.85933660933661,549.3458230958231,208.3009828009828,2157.0,1.3046046479934008,32828.46744471745,LacZ_2,LacZ OE,0.5822957167027485,0.17244145945178047,0.007539720476373191,70,2500
2781,55.32379862700229,555.0892448512586,135.04805491990848,1182.0,1.368210588529147,40306.43821510297,LacZ_2,LacZ OE,0.7443798806890902,0.1867485744540487,0.12393538679762628,70,2500
2782,56.88724035608308,559.0492581602374,330.2433234421365,2096.0,1.3218995660082147,28532.968545994067,LacZ_2,LacZ OE,0.3124224926438577,0.19400737361774567,-2.90213220084204,70,2500
2783,56.061280072628236,576.650930549251,260.2764412165229,2742.0,1.3482356166093608,36304.33726736269,LacZ_2,LacZ OE,0.4670854011809522,0.2362659969789882,-2.2689893074273257,70,2500
2784,56.79967558799676,592.9197080291971,172.0478507704785,1624.0,1.2861347354662453,36374.90510948905,LacZ_2,LacZ OE,0.6620814585456005,0.2756144534096987,0.3667538858615558,70,2500
2785,56.061820652173914,609.5319293478261,271.0067934782609,1873.0,1.2606168314434758,22508.459239130436,LacZ_2,LacZ OE,0.44302805424220715,0.31370851458079096,-2.840241294573026,70,2500
2786,54.159609120521175,613.2377850162867,155.49837133550488,503.0,1.551533400594314,30879.892508143323,LacZ_2,LacZ OE,0.6986343967753936,0.32365952714112955,-2.085435863266113,70,2500
2787,56.62839673913044,625.1100543478261,144.27377717391303,2086.0,1.47784742284441,40962.51358695652,LacZ_2,LacZ OE,0.7232245494900984,0.3518416892515748,0.5280849551253013,70,2500
2788,56.20829732065687,632.428694900605,123.49265341400172,1500.0,1.4331807657431774,41920.409680207435,LacZ_2,LacZ OE,0.7691503598881868,0.3693205892883693,0.5209630969099948,70,2500
2789,56.293010752688176,633.6729390681004,135.71774193548387,1580.0,1.2852393667422453,44259.102150537634,LacZ_2,LacZ OE,0.7420878927685377,0.3721247865387729,0.3084941298628152,70,2500
2790,54.435832274459976,639.571791613723,98.94027954256671,1039.0,1.4636883145548831,30396.349428208385,LacZ_2,LacZ OE,0.8234910510723479,0.3863954622566399,-0.7484618810125667,70,2500
2791,54.826848249027236,643.624513618677,21.688715953307394,688.0,1.2820818662350149,16700.311284046693,LacZ_2,LacZ OE,0.9943383423970755,0.39680195691823195,1.4036247201780085,70,2500
2792,55.546875,725.18125,819.55,518.0,1.3386770096430973,20170.99375,LacZ_2,LacZ OE,-0.7716282616315921,0.5805364732164449,-17.273643290920553,70,2500
2793,54.802584350323045,747.0007178750898,269.40416367552046,1691.0,1.2264574407951385,22072.34816941852,LacZ_2,LacZ OE,0.44530864781127066,0.6379552684176184,-5.406481818688611,70,2500
2794,55.88993414863594,755.1222953904045,523.9416745061147,1407.0,1.7572159351832923,29600.36970837253,LacZ_2,LacZ OE,-0.1179496051350839,0.6543755925823853,-10.332548672790828,70,2500
2795,54.69557021677662,795.3176248821866,347.3628652214892,1232.0,1.3597285823938634,16175.599434495758,LacZ_2,LacZ OE,0.2723755573542359,0.7510758225984118,-7.80343914069725,70,2500
2796,56.84497816593886,94.19978165938865,482.6659388646288,1100.0,1.221080016408036,15887.495633187773,LacZ_2,LacZ OE,-0.02028839416752104,-0.9041231328582356,-1.9502478180011735,70,2500
2797,55.94673123486683,134.50605326876513,727.1549636803874,530.0,1.3409153510188088,12159.041162227602,LacZ_2,LacZ OE,-0.5615247541111268,-0.8117226290456173,-8.941874260565498,70,2500
2798,55.29073482428115,138.57827476038338,294.926517571885,544.0,1.4000376339808667,15518.178913738018,LacZ_2,LacZ OE,0.39470596153965953,-0.7974428897439297,0.43834549111073073,70,2500
2799,58.51713859910581,157.6795827123696,407.36810730253353,1708.0,1.210427137425097,23696.248137108792,LacZ_2,LacZ OE,0.14559538923974458,-0.7535334046338247,0.8556937903682922,70,2500
2800,56.21341463414634,171.33739837398375,323.0721544715447,1186.0,1.343870954058296,20378.967479674797,LacZ_2,LacZ OE,0.3320736060369256,-0.7204557359495694,0.3841558851063027,70,2500
2801,60.56869275603663,166.20732722731057,350.014987510408,1704.0,1.2810535385265995,15979.385512073271,LacZ_2,LacZ OE,0.27229144043505116,-0.7327493037979153,4.160151446355037,70,2500
2802,57.118811881188115,192.0181518151815,277.63366336633663,768.0,1.328768208421636,23386.465346534653,LacZ_2,LacZ OE,0.4323521034467559,-0.6711608336524463,2.146191648683981,70,2500
2803,56.62089300758214,198.33866891322663,461.30412805391745,1498.0,1.3380176349611526,15243.822240943555,LacZ_2,LacZ OE,0.025975198591852378,-0.6582561596315346,-2.6950098573670616,70,2500
2804,59.91073985680191,196.91121718377087,639.7064439140811,2737.0,1.2304972968662993,25989.8692124105,LacZ_2,LacZ OE,-0.36886757325572894,-0.663483586306548,-3.551055160977441,70,2500
2805,56.962243797195256,214.09816612729233,250.60409924487595,1196.0,1.50002915272212,22722.666666666668,LacZ_2,LacZ OE,0.4919451465031115,-0.6187893502092476,2.403775924860348,70,2500
2806,57.008620689655174,206.74425287356323,315.89080459770116,614.0,1.7376125942520304,18092.043103448275,LacZ_2,LacZ OE,0.34757752155927535,-0.6368428242623463,1.0001531449605707,70,2500
2807,57.729559748427675,206.2839173405211,275.29559748427675,1453.0,1.3228289457136448,24025.150943396227,LacZ_2,LacZ OE,0.4373551085174001,-0.6374717763982123,2.671695317315404,70,2500
2808,55.973997833152765,227.32827735644636,625.4767063921994,1199.0,1.4095184726423728,13798.96858071506,LacZ_2,LacZ OE,-0.3374773858650634,-0.5916720392719305,-7.452374097745114,70,2500
2809,57.88844621513944,243.61593625498008,313.7450199203187,1635.0,1.5352420167470657,20090.436653386456,LacZ_2,LacZ OE,0.35192250947708237,-0.5498274081940153,1.5690273949018376,70,2500
2810,56.30739299610895,269.16809338521404,232.73229571984436,1567.0,1.3724894306415856,23828.761089494164,LacZ_2,LacZ OE,0.5309846771529725,-0.4887127714865037,1.6270381951198445,70,2500
2811,55.67032967032967,279.5260989010989,310.0576923076923,1045.0,1.579867736902939,17915.725274725275,LacZ_2,LacZ OE,0.3598473308545602,-0.4651340022768926,-0.9137088799836661,70,2500
2812,56.07171314741036,281.0996015936255,213.50996015936255,691.0,1.23583497891469,23186.464143426296,LacZ_2,LacZ OE,0.5734077559677748,-0.4603658500340856,1.7228148256042672,70,2500
2813,56.15130830489192,299.7201365187713,230.7292377701934,1352.0,1.4554785446534948,26114.864618885098,LacZ_2,LacZ OE,0.5351285892397835,-0.416629169718559,1.21882701579446,70,2500
2814,55.784,307.17066666666665,256.0106666666667,614.0,1.3380499181526373,22885.336,LacZ_2,LacZ OE,0.47914437476250193,-0.3993377000878279,0.1894074566047408,70,2500
2815,56.14159292035398,310.5937248592116,284.89219629927595,1682.0,1.456358245603947,26518.54143201931,LacZ_2,LacZ OE,0.41519701526242225,-0.39156864464613406,-0.15986779147575447,70,2500
2816,56.16382505559674,316.945885841364,236.77242401779097,1670.0,1.5205739430292304,44145.72275759822,LacZ_2,LacZ OE,0.521591696512377,-0.37606275822218405,0.92195663593197,70,2500
2817,55.861111111111114,326.07070707070704,289.9128787878788,1069.0,1.3890988137120184,24365.579545454544,LacZ_2,LacZ OE,0.4039543114639008,-0.35512277910264023,-0.7087000793732798,70,2500
2818,55.95762711864407,329.56497175141243,310.20762711864404,1111.0,1.475026894998045,18891.28813559322,LacZ_2,LacZ OE,0.35901663485235535,-0.34709856537272044,-1.1194956261661062,70,2500
2819,57.254410399257196,328.1773444753946,155.22376973073352,1293.0,1.1819035711628367,30962.851439182916,LacZ_2,LacZ OE,0.7018399999755192,-0.34866064057350443,3.803335309481824,70,2500
2820,56.98868581375109,335.34116623150567,336.4577893820714,1458.0,1.3779994378069111,15656.779808529156,LacZ_2,LacZ OE,0.3008331796261776,-0.3337350658065529,-0.7571987106334603,70,2500
2821,58.72116065109696,333.69780608634113,322.30714791224347,1892.0,1.357251326427238,22273.644019815994,LacZ_2,LacZ OE,0.33206556649762176,-0.3374183138672011,1.3206693246991605,70,2500
2822,58.30213464696223,335.19786535303774,299.6141215106732,1653.0,1.4595240046115863,22593.852216748768,LacZ_2,LacZ OE,0.38227739626225254,-0.3336433784064279,1.416108961045822,70,2500
2823,57.19284467713787,340.8821989528796,237.83158813263526,1442.0,1.3677236364266332,28063.16143106457,LacZ_2,LacZ OE,0.518963691063907,-0.3195903509900144,1.6918036816592874,70,2500
2824,56.64595808383233,341.24476047904193,253.5239520958084,1647.0,1.4363413162663727,35787.23053892216,LacZ_2,LacZ OE,0.4842716064148733,-0.3189178809908606,0.775734490096049,70,2500
2825,61.11824324324324,342.6261261261261,266.6311936936937,2565.0,1.6181862441073096,26289.248873873872,LacZ_2,LacZ OE,0.45502942354774145,-0.3156996526230972,4.9275293697029525,70,2500
2826,56.242224316682375,352.74458058435437,192.66069745523092,1311.0,1.3564828213449087,36113.53628652215,LacZ_2,LacZ OE,0.618831411852661,-0.29114128843342113,1.6784411974376567,70,2500
2827,54.66298342541437,354.90055248618785,102.43922651933701,500.0,1.3895764862016524,20124.240331491714,LacZ_2,LacZ OE,0.8184927280123488,-0.2851130705486634,2.181801757268971,70,2500
2828,56.71147880041365,366.50672182006207,216.00413650465356,1307.0,1.4766710041962516,29752.258531540847,LacZ_2,LacZ OE,0.5670303860577308,-0.25892201749708676,1.4687519605858128,70,2500
2829,57.344165435745936,391.59158050221566,256.49483013293946,1713.0,1.6458389606071804,37409.454209748896,LacZ_2,LacZ OE,0.4771758084381774,-0.20017728952680303,0.9119537891278,70,2500
2830,57.34365994236311,386.19884726224785,271.60518731988475,1784.0,1.2832007354650228,34142.8825648415,LacZ_2,LacZ OE,0.4437987656261764,-0.21306148474543896,0.611958692314289,70,2500
2831,58.65719360568384,389.6811722912966,165.46980461811722,1456.0,1.2019839903237777,41641.50888099467,LacZ_2,LacZ OE,0.678504720171109,-0.20366600784701683,4.365169690339101,70,2500
2832,57.64774624373957,402.9582637729549,137.13606010016696,1485.0,1.2397228720874653,53633.74958263773,LacZ_2,LacZ OE,0.741112304404463,-0.17206397079359292,3.886662692636847,70,2500
2833,56.54389721627409,403.34975017844397,218.69379014989295,1750.0,1.5276804662297587,44846.78229835832,LacZ_2,LacZ OE,0.560732152424946,-0.17205056297132681,0.8781134250572507,70,2500
2834,57.84343654600959,404.6101177496729,374.96947230702136,2822.0,1.3830389671511354,30536.491931966855,LacZ_2,LacZ OE,0.21491787518805872,-0.17074340920563347,-1.47809402975318,70,2500
2835,58.868736767819335,437.84474241354974,113.86944248412138,1777.0,1.2992501760224187,34007.96259703599,LacZ_2,LacZ OE,0.7921853271845449,-0.0894942797931535,5.3083686477937775,70,2500
2836,57.059016393442626,437.25,191.79426229508198,1698.0,1.407317251116792,48553.39344262295,LacZ_2,LacZ OE,0.6198884314687423,-0.09178386571959085,1.6885094174661575,70,2500
2837,57.943581357318074,458.04170073589535,370.6631234668847,3174.0,1.455887847916052,29313.025347506133,LacZ_2,LacZ OE,0.22392284036099785,-0.0446612543491417,-1.8002801060402902,70,2500
2838,55.38581146744412,460.7103984450923,160.44120505344995,1298.0,1.3915717460144132,40949.32944606414,LacZ_2,LacZ OE,0.6891115406372086,-0.036144082203051986,0.5172247959011926,70,2500
2839,56.53873744619799,468.88952654232423,259.8658536585366,1880.0,1.5110366477167088,40835.91893830703,LacZ_2,LacZ OE,0.46901170638162415,-0.017903689357157915,-0.727954656318154,70,2500
2840,56.21294964028777,473.8345323741007,275.2597122302158,2186.0,1.6040494640945502,40037.705755395684,LacZ_2,LacZ OE,0.4349242533854105,-0.006413972660296308,-1.4608641729602425,70,2500
2841,55.661327231121284,465.0983981693364,196.8604118993135,565.0,1.5982406418131483,43758.727688787185,LacZ_2,LacZ OE,0.6084831835155255,-0.02618259572963688,-0.09925443253821697,70,2500
2842,55.93960674157304,470.9438202247191,92.75842696629213,912.0,1.2451652849849426,26277.990168539327,LacZ_2,LacZ OE,0.8387212134530846,-0.01125879560744325,2.548515362099451,70,2500
2843,56.12810945273632,472.69278606965173,200.20771144278606,1171.0,1.447058477680481,43773.282338308454,LacZ_2,LacZ OE,0.600980216366308,-0.008294792782946647,0.2150575518704585,70,2500
2844,58.48970840480274,471.0034305317324,336.54116638078904,1743.0,1.334792636140403,24333.08833619211,LacZ_2,LacZ OE,0.2992585709781217,-0.013704776709986377,-0.5856936609266441,70,2500
2845,56.69714285714286,482.05974025974024,225.5568831168831,2506.0,1.4214635904389583,38865.87272727273,LacZ_2,LacZ OE,0.5447791961270858,0.013537732922250356,0.10135415316359797,70,2500
2846,57.60271782573941,474.47162270183856,349.7529976019185,1608.0,1.4133857422258997,36416.33013589129,LacZ_2,LacZ OE,0.2700417977490599,-0.005687671695883245,-1.814313821948069,70,2500
2847,56.64242424242424,489.1280303030303,116.59924242424242,1625.0,1.2289312842875897,44391.5803030303,LacZ_2,LacZ OE,0.7857649657767047,0.03139108219738729,2.5174617887221373,70,2500
2848,56.30260707635009,496.4040968342644,143.2486033519553,1295.0,1.189937000535594,42090.49906890131,LacZ_2,LacZ OE,0.7267546879066034,0.048256818056998885,1.4853428581672503,70,2500
2849,56.43196721311475,503.65901639344264,284.80409836065576,1601.0,1.7102689778857252,28802.420491803277,LacZ_2,LacZ OE,0.4135089474988711,0.06383676459466137,-1.7561626228741076,70,2500
2850,56.84699915469146,528.6821639898563,154.50042265426882,1477.0,1.4508541887397965,43085.02197802198,LacZ_2,LacZ OE,0.7015214038503439,0.12428391285470441,1.4515105143317655,70,2500
2851,55.695467422096314,540.971671388102,80.86260623229462,862.0,1.4110505531528275,25705.978753541076,LacZ_2,LacZ OE,0.8643738898859084,0.15404472125094326,1.8967259579720022,70,2500
2852,56.45271629778672,541.8048289738431,138.42857142857142,657.0,1.35930434754302,36278.573440643864,LacZ_2,LacZ OE,0.7369712130863493,0.15540270624319996,1.3036403855703398,70,2500
2853,56.37969588550984,541.5666368515206,416.6592128801431,2580.0,1.3732822632559638,25726.282200357782,LacZ_2,LacZ OE,0.12143655895355665,0.15182066726063814,-5.252967334892688,70,2500
2854,56.52184087363494,559.9095163806552,286.12402496099844,1667.0,1.5863324466508428,39316.90639625585,LacZ_2,LacZ OE,0.41003993637953107,0.19650683986862716,-2.24734842217061,70,2500
2855,55.783422459893046,561.4973262032086,208.89973262032086,1105.0,1.4213746749065608,34617.16310160428,LacZ_2,LacZ OE,0.5809091167083225,0.20107307878527303,-1.2008583581138126,70,2500
2856,56.04305799648506,582.0263620386643,179.3286467486819,1495.0,1.3324912553022017,35931.46924428822,LacZ_2,LacZ OE,0.646118364740905,0.24982322545819757,-0.4527849033489346,70,2500
2857,57.63803680981595,582.5644171779142,282.30324276950046,1466.0,1.4667989090603126,29590.069237510954,LacZ_2,LacZ OE,0.4182159229866982,0.2500116149316831,-1.264059423581621,70,2500
2858,57.529556650246306,584.1510673234811,323.51149425287355,1658.0,1.4776071793103576,23372.56814449918,LacZ_2,LacZ OE,0.32703952188236696,0.25330462195926207,-2.348647345751999,70,2500
2859,55.921274601686974,591.1555763823806,151.15838800374883,1364.0,1.46918619204153,38988.0412371134,LacZ_2,LacZ OE,0.7083585168954061,0.2716598390135734,-0.007146780511732231,70,2500
2860,56.42405708460754,593.5331294597349,329.03465851172274,1389.0,1.3896343177530825,18753.665647298676,LacZ_2,LacZ OE,0.3147867678696534,0.2753496492273517,-3.6743246815382093,70,2500
2861,57.56902086677368,606.4309791332263,124.1067415730337,1525.0,1.4414646089230618,33579.41733547352,LacZ_2,LacZ OE,0.7679729961762174,0.3080221960988492,2.121254952389627,70,2500
2862,56.55355450236967,633.6597156398104,224.6483412322275,1593.0,1.622703044516439,25842.7345971564,LacZ_2,LacZ OE,0.5453298470153236,0.3711347333677082,-1.5040111937139002,70,2500
2863,56.77625257378174,646.1640356897735,145.46122168840083,1734.0,1.2909264332625696,40789.16678105696,LacZ_2,LacZ OE,0.7203861735480956,0.4014938131839221,0.44225539250678025,70,2500
2864,57.30541455160745,649.8807106598985,181.58629441624365,1743.0,1.3851218721398464,42182.058375634515,LacZ_2,LacZ OE,0.640401926899042,0.4098807762607346,0.09276510936842897,70,2500
2865,58.26002587322122,656.3583441138421,157.63260025873223,1130.0,1.407021164563708,29594.401034928847,LacZ_2,LacZ OE,0.6932836278059347,0.4254417309201508,1.5420986380613542,70,2500
2866,56.126778783958606,668.6054333764554,164.23544631306598,1026.0,1.5137293569536672,27855.716688227683,LacZ_2,LacZ OE,0.6786676487383148,0.4542095404632531,-0.8641932838901027,70,2500
2867,56.2907133243607,682.7691790040377,392.821668909825,1770.0,1.6208433532281112,18939.93135935397,LacZ_2,LacZ OE,0.17281173058166943,0.48514245294496083,-6.167526408161066,70,2500
2868,55.335030549898164,688.3360488798371,250.4816700610998,1182.0,1.3030346694978994,17874.903258655806,LacZ_2,LacZ OE,0.4877117131054858,0.4997958860191001,-3.8592186789156884,70,2500
2869,57.36283185840708,702.4286504424779,229.77157079646017,2238.0,1.3577247956534102,27067.59292035398,LacZ_2,LacZ OE,0.5332883361770955,0.5333081563498752,-1.487143037407293,70,2500
2870,56.93927125506073,735.6275303643724,205.6834008097166,1642.0,1.4818571684660065,25603.974089068826,LacZ_2,LacZ OE,0.5862802367614854,0.611868549583525,-1.673802414652826,70,2500
2871,56.0317100792752,820.7904869762175,239.762174405436,1328.0,1.424034345868493,11876.64779161948,LacZ_2,LacZ OE,0.5101093382194499,0.8123584693046384,-4.208589685428848,70,2500
2872,57.072490706319705,80.79646840148699,586.2239776951673,1292.0,1.343578320951135,17377.654275092937,LacZ_2,LacZ OE,-0.2492760469707821,-0.9368568593805364,-4.0057732330520395,70,2500
2873,57.51394422310757,112.92828685258964,433.253984063745,1286.0,1.2167488582483645,17534.57768924303,LacZ_2,LacZ OE,0.08881186352297266,-0.8593954365990029,-0.31284319659066284,70,2500
2874,57.058510638297875,146.36702127659575,442.8031914893617,680.0,1.3371382611596352,13700.29255319149,LacZ_2,LacZ OE,0.0673857806144893,-0.7806349404989945,-1.31784545522369,70,2500
2875,57.48514851485149,214.14131413141314,299.0792079207921,1454.0,1.35344183167427,22445.617461746173,LacZ_2,LacZ OE,0.3846742891433035,-0.6192015439435127,1.79606966138941,70,2500
2876,57.01813784764208,223.7061668681983,259.5187424425635,1084.0,1.4301982642212914,23126.10036275695,LacZ_2,LacZ OE,0.4721270771871722,-0.5962216654023358,2.1578507455804825,70,2500
2877,56.792771084337346,236.72048192771084,246.2313253012048,634.0,1.4514725651536144,21044.69156626506,LacZ_2,LacZ OE,0.5014090900480599,-0.5653847974853754,2.1149936328910073,70,2500
2878,57.50480256136606,278.7897545357524,260.86659551760937,1141.0,1.5066554580481595,19832.542155816434,LacZ_2,LacZ OE,0.46858706573536524,-0.4662953199310611,2.074093308135396,70,2500
2879,58.03632148377125,294.306800618238,374.15533230293664,1584.0,1.4557576612910363,16934.26970633694,LacZ_2,LacZ OE,0.2177762770923133,-0.4309110181328303,-0.18726764334069657,70,2500
2880,57.7519305019305,333.1177606177606,180.5646718146718,1268.0,1.256672342671821,39150.1805019305,LacZ_2,LacZ OE,0.6457037990029904,-0.3372708705314035,3.6616361337093224,70,2500
2881,58.47604084838963,346.3574234092694,176.8970934799686,1557.0,1.3383064368770845,37067.820109976434,LacZ_2,LacZ OE,0.6536522062703825,-0.30598514820596556,4.341496506511547,70,2500
2882,58.44694835680751,352.0769953051643,120.86948356807511,1282.0,1.4046258620560705,23528.385915492956,LacZ_2,LacZ OE,0.7775504848932615,-0.291886777274611,5.562543533865728,70,2500
2883,57.43653250773994,350.26006191950466,205.41486068111456,1224.0,1.3327814495915318,28198.56553147575,LacZ_2,LacZ OE,0.5905771804029623,-0.29711281769266085,2.599354910748552,70,2500
2884,57.03140333660451,390.0893032384691,194.86162904808637,1244.0,1.2087851332121928,33916.23454367027,LacZ_2,LacZ OE,0.6135600943638415,-0.20305930552461904,2.0507425202710365,70,2500
2885,57.810553083280354,384.12460267005724,152.79529561347744,1822.0,1.3649137807917284,57342.43165924984,LacZ_2,LacZ OE,0.7066425604659285,-0.21665453402636403,3.868616324412109,70,2500
2886,56.95910290237467,390.5883905013193,88.2071240105541,939.0,1.3715719955970824,23416.514511873353,LacZ_2,LacZ OE,0.8495150128857043,-0.20072662389479867,4.4598468451314375,70,2500
2887,57.11620294599018,415.1800327332242,140.85351882160393,1520.0,1.295686409272664,49772.66284779051,LacZ_2,LacZ OE,0.7327972454259928,-0.1432880176741992,3.149072701833127,70,2500
2888,56.947095435684645,421.8298755186722,158.10684647302904,1153.0,1.4690863729003165,38970.76452282158,LacZ_2,LacZ OE,0.6945714222691011,-0.12779356866484948,2.5127693188320066,70,2500
2889,58.0722977809592,424.5411596277738,276.6599856836077,1906.0,1.4379476902406565,39809.27487473157,LacZ_2,LacZ OE,0.432207202015664,-0.12265875465655363,0.8474518452024355,70,2500
2890,58.281035795887284,422.6047220106626,241.4150799695354,2081.0,1.5863048439354237,46344.569687738,LacZ_2,LacZ OE,0.5101888582789318,-0.12683923976866973,1.8966734886068721,70,2500
2891,57.073375262054505,442.41509433962267,142.99685534591194,1158.0,1.3635714507169294,51962.49266247379,LacZ_2,LacZ OE,0.7277941630255438,-0.07907083196447073,2.78987198261558,70,2500
2892,58.88397361272798,445.7656189367482,276.76212650368643,3559.0,1.3471166006353705,35458.7904540163,LacZ_2,LacZ OE,0.43173392846847025,-0.07257758268882553,1.448862372927664,70,2500
2893,57.845217391304345,449.7208695652174,124.53391304347826,1456.0,1.3015656396147126,40947.51652173913,LacZ_2,LacZ OE,0.7685298885603213,-0.06162021783420424,3.9203965574402275,70,2500
2894,57.8131455399061,448.83849765258213,159.87230046948358,1452.0,1.2805934873480658,41076.838497652585,LacZ_2,LacZ OE,0.6903595609909934,-0.06408565481679007,3.0731799742180854,70,2500
2895,58.66829268292683,449.4299651567944,211.05226480836237,1802.0,1.6136513091139848,49044.00418118467,LacZ_2,LacZ OE,0.5770821669649899,-0.06322624589709358,2.729192178595312,70,2500
2896,58.0392017106201,455.19458303635065,197.08267997148965,1725.0,1.3539820161202973,54052.5766215253,LacZ_2,LacZ OE,0.6079643755455679,-0.049491607178445585,2.369561152833491,70,2500
2897,58.028361344537814,461.89915966386553,175.3266806722689,1279.0,1.4658168028019325,43102.252100840335,LacZ_2,LacZ OE,0.6560317310951458,-0.03344122723229037,2.800300221394167,70,2500
2898,56.97666378565255,471.16248919619704,186.104580812446,1491.0,1.496028250966973,43417.370786516854,LacZ_2,LacZ OE,0.6321520836222181,-0.011732044119059593,1.4070740247006484,70,2500
2899,59.78282208588957,465.9840490797546,283.4680981595092,2536.0,1.516424697794182,32715.712883435583,LacZ_2,LacZ OE,0.4166559650741384,-0.024939063484348267,1.9933145764052327,70,2500
2900,57.43861003861004,476.26718146718144,240.3050193050193,1662.0,1.4117950200638627,37517.91814671815,LacZ_2,LacZ OE,0.512169029674602,-0.00026869327142464705,0.5554496913387723,70,2500
2901,57.421933085501855,474.75650557620816,146.0371747211896,1340.0,1.227811846661891,45129.51579925651,LacZ_2,LacZ OE,0.7207370159996507,-0.0028097065658517772,2.7510697311947325,70,2500
2902,57.77242888402626,492.2589350838804,209.70386579139316,1796.0,1.521628535908351,49670.811086797956,LacZ_2,LacZ OE,0.5796972028301046,0.037791888596173884,1.4460802752315445,70,2500
2903,56.72544642857143,495.2767857142857,274.7299107142857,1269.0,1.447562257992346,40744.85825892857,LacZ_2,LacZ OE,0.4358624065532004,0.044180952771640136,-1.1459361543886146,70,2500
2904,59.041247484909455,502.40845070422534,262.96579476861166,1347.0,1.337431429999131,40875.634808853116,LacZ_2,LacZ OE,0.46169993846350743,0.06118345073825848,1.3735981914300766,70,2500
2905,56.52181987000929,505.98514391829156,209.84586815227485,1419.0,1.714294913724829,46718.842154131846,LacZ_2,LacZ OE,0.5793148766058307,0.0701388536006009,0.05828627622151572,70,2500
2906,56.96401515151515,507.78409090909093,113.81628787878788,656.0,1.324910762625967,29093.346590909092,LacZ_2,LacZ OE,0.7917246831326357,0.07543408874149216,2.7213245338322807,70,2500
2907,57.801293900184845,501.10813308687614,165.4177449168207,1361.0,1.2618110178345356,52700.1719038817,LacZ_2,LacZ OE,0.6775860419711699,0.05914628669837718,2.4207408908721746,70,2500
2908,58.09452736318408,520.7379767827529,323.7280265339967,2192.0,1.4896136845563488,32689.252625760088,LacZ_2,LacZ OE,0.3271448190590407,0.10373787838697068,-1.1685765622715607,70,2500
2909,57.452866861030124,522.1506316812439,189.3168124392614,1289.0,1.3764565352538243,50407.31292517007,LacZ_2,LacZ OE,0.6245275985417544,0.10851359700973795,1.3094600826378482,70,2500
2910,57.69308755760369,528.2055299539171,226.22764976958524,1643.0,1.4785969201972504,36110.3262672811,LacZ_2,LacZ OE,0.5427972841715896,0.12240078474087568,0.6299303161753542,70,2500
2911,58.23669018601668,530.697883258499,252.09236690186017,1961.0,1.4102949765709998,35361.341885824244,LacZ_2,LacZ OE,0.48552353029382656,0.12801149142536739,0.5460358641229774,70,2500
2912,61.47488254427177,538.3306830502349,297.63064691001085,3570.0,1.2857330579782074,36700.45392121431,LacZ_2,LacZ OE,0.38453616735811,0.14559543638808425,2.6469664053183237,70,2500
2913,57.827922077922075,532.3863636363636,312.37743506493507,1547.0,1.358533735941168,31186.58685064935,LacZ_2,LacZ OE,0.3521572624403313,0.13133087320514059,-1.284447127688317,70,2500
2914,58.378129117259554,551.1324110671936,250.39459815546772,1881.0,1.5353540034562998,33662.581027667984,LacZ_2,LacZ OE,0.4890745516376014,0.1762336183245221,0.5271094610481271,70,2500
2915,57.42393822393822,549.3629343629343,172.21389961389963,1648.0,1.353925479187343,40168.256370656374,LacZ_2,LacZ OE,0.6621032621836807,0.17288621977118623,1.413033271062993,70,2500
2916,57.17002237136465,564.5279642058166,146.09843400447429,682.0,1.5757549988322006,27980.34451901566,LacZ_2,LacZ OE,0.7197459444732115,0.20893466267079752,1.6196367100400124,70,2500
2917,59.21567267683773,575.4785020804438,216.21012482662968,1987.0,1.3872697011736153,40518.31900138696,LacZ_2,LacZ OE,0.5644233809018746,0.2340505877486596,1.9231109459223106,70,2500
2918,58.04459016393442,575.0918032786885,241.19147540983607,1830.0,1.390064606049536,34348.56786885246,LacZ_2,LacZ OE,0.5092204112517433,0.23284069426359344,0.17383573706262467,70,2500
2919,57.224627875507444,582.1217861975642,164.81190798376184,1018.0,1.428566281483507,30875.82949932341,LacZ_2,LacZ OE,0.6781723328982523,0.2502327758521474,1.0658791049966752,70,2500
2920,57.53865336658354,615.997506234414,352.46134663341644,1452.0,1.5058149108233474,15316.560266001663,LacZ_2,LacZ OE,0.26268401642542205,0.3281093758524787,-3.3259472400457213,70,2500
2921,57.635614702154626,623.8916349809886,285.5437262357414,2248.0,1.5396357155003815,22072.76299112801,LacZ_2,LacZ OE,0.4106471446829587,0.34745806344314945,-1.746297731586651,70,2500
2922,57.0248500428449,628.5801199657241,198.4695801199657,1489.0,1.4598257163301795,37258.977720651244,LacZ_2,LacZ OE,0.6032709513622807,0.35944787674023493,-0.3729128634133829,70,2500
2923,56.31492666091458,647.1544434857636,311.1406384814495,1423.0,1.4836184203685507,13381.621225194132,LacZ_2,LacZ OE,0.3538612597942814,0.4020219725964671,-3.8908277285168253,70,2500
2924,60.06276150627615,654.8179916317991,195.5455020920502,2713.0,1.7166294766272778,34787.012552301254,LacZ_2,LacZ OE,0.609329135657348,0.42143822037486234,2.4755242195442335,70,2500
2925,59.60133630289533,659.6540460282108,174.00742390497402,1734.0,1.3346924049340265,32581.931700074238,LacZ_2,LacZ OE,0.656955742108615,0.4330685239437002,2.469020935906535,70,2500
2926,55.815929203539824,673.0,250.04601769911505,723.0,1.5762135858419397,14779.479646017699,LacZ_2,LacZ OE,0.4887990502011679,0.4636372828463824,-3.2182956470837993,70,2500
2927,57.97925564368517,690.2556436851739,133.31055521659547,1961.0,1.2726235729364528,43258.846857840144,LacZ_2,LacZ OE,0.7467788021219357,0.5056553368756376,1.4968037710293416,70,2500
2928,56.21818181818182,696.4096969696969,212.3769696969697,1101.0,1.4532487501385913,19800.84606060606,LacZ_2,LacZ OE,0.5718885002413738,0.5192733753201189,-2.167055610395437,70,2500
2929,57.80304678998912,701.5310119695321,164.59956474428728,1118.0,1.4418982260495823,25358.544069640913,LacZ_2,LacZ OE,0.6774568944983115,0.5319079300573348,0.48096171929170595,70,2500
2930,58.77244258872651,722.7734864300626,172.6169102296451,1209.0,1.1889392899102709,27423.530271398748,LacZ_2,LacZ OE,0.659464172452148,0.5819493240621503,1.0553512167679528,70,2500
2931,57.005830903790084,725.7930029154519,110.94897959183673,804.0,1.3122781260820904,20561.63556851312,LacZ_2,LacZ OE,0.7959566828504787,0.5897003950027087,0.6973309021969385,70,2500
2932,58.4921875,732.3680555555555,145.79166666666666,1485.0,1.2428540963625199,23452.460069444445,LacZ_2,LacZ OE,0.7187323819217879,0.6048653956182768,1.3066618741556582,70,2500
2933,56.774294670846395,740.5956112852665,217.51097178683386,800.0,1.2094915835771816,24087.56739811912,LacZ_2,LacZ OE,0.5600740892867409,0.6234550570991573,-2.163042742683672,70,2500
2934,57.8004158004158,738.0446985446986,545.5821205821206,1198.0,1.4783390485864871,21786.34927234927,LacZ_2,LacZ OE,-0.16575913650940088,0.6139021989456439,-8.760087498328666,70,2500
2935,57.33909287257019,757.6414686825054,408.8747300215983,1797.0,1.6702443295723597,23137.983441324694,LacZ_2,LacZ OE,0.13651830851699875,0.6615992048885995,-6.226127037770226,70,2500
2936,56.85674931129476,764.198347107438,230.099173553719,630.0,1.4105540955575435,18748.371900826445,LacZ_2,LacZ OE,0.5319920841211727,0.6789939424867721,-2.6049527809541217,70,2500
2937,58.182539682539684,798.4350649350649,507.3131313131313,1694.0,1.3195862121267354,30659.45238095238,LacZ_2,LacZ OE,-0.08169917087211442,0.7567734654611322,-8.076741721069219,70,2500
2938,58.15433854907539,859.9829302987198,376.96443812233287,1901.0,1.254684578555962,14504.294452347083,LacZ_2,LacZ OE,0.20608240021649427,0.9033646205131911,-5.668407724954548,70,2500
2939,58.08635097493036,55.72701949860724,594.1615598885794,565.0,1.59378948893861,10958.66295264624,LacZ_2,LacZ OE,-0.266646522316773,-0.9960530499274799,-2.9320351810210568,70,2500
2940,58.775731310942575,81.45178764897075,496.14192849404117,1091.0,1.244346136343914,16618.107258938246,LacZ_2,LacZ OE,-0.05007831114811778,-0.9342949230175399,-0.20955050732084857,70,2500
2941,58.31341911764706,92.81709558823529,597.6369485294117,1440.0,1.31418688643074,14860.436580882353,LacZ_2,LacZ OE,-0.27470585606506537,-0.9085983801807147,-3.1488833960627076,70,2500
2942,58.17670682730924,101.45381526104417,404.0502008032129,762.0,1.5560992129685933,11944.4718875502,LacZ_2,LacZ OE,0.15349732140533323,-0.886129185188905,1.1427352891642784,70,2500
2943,59.32675222112537,141.21816386969397,428.05923000987167,1278.0,1.2855835962527138,16924.854886475816,LacZ_2,LacZ OE,0.09993701918764963,-0.7925682044290577,1.3437411595828266,70,2500
2944,58.89738219895288,147.69005235602094,395.60732984293196,1252.0,1.3608237934904837,13962.671204188482,LacZ_2,LacZ OE,0.1716912249027558,-0.7769601981939834,1.6076968010086787,70,2500
2945,58.44870651204282,170.7493309545049,406.47546833184657,1450.0,1.2149449388078586,13920.07314897413,LacZ_2,LacZ OE,0.14744729322771244,-0.72269667083137,0.6802395233907816,70,2500
2946,60.17129262490087,182.6518636003172,534.7660586835844,1526.0,1.4488916673152472,22450.661379857254,LacZ_2,LacZ OE,-0.13657928121801655,-0.6959737623519062,-0.7047904561346385,70,2500
2947,58.20879120879121,182.39285714285714,649.896978021978,960.0,1.3286222571097506,20482.175824175825,LacZ_2,LacZ OE,-0.39118406522350646,-0.6978785598353365,-5.347991773609699,70,2500
2948,57.54989604989605,194.92931392931393,263.07900207900207,1173.0,1.359670861541534,25851.154885654887,LacZ_2,LacZ OE,0.4645015140317055,-0.664126308659684,2.8879493333141752,70,2500
2949,58.521098459477564,207.13261888814466,582.8901540522438,1883.0,1.450540842916647,18918.950435365037,LacZ_2,LacZ OE,-0.24319770464259827,-0.6387889093453869,-3.7157753993530207,70,2500
2950,57.4922711058264,216.43400713436384,383.2758620689655,979.0,1.2728050090228864,12670.536266349583,LacZ_2,LacZ OE,0.1983801262155489,-0.6147068828139645,-0.18197827710545056,70,2500
2951,58.07798165137615,232.5183486238532,443.36811926605503,1046.0,1.4864608220475408,17319.977064220184,LacZ_2,LacZ OE,0.06524973911329668,-0.5774060912269243,-1.1546309529969676,70,2500
2952,58.883310719131615,230.42333785617367,253.54952510176392,973.0,1.4818030981265613,22355.997286295795,LacZ_2,LacZ OE,0.48517162460294805,-0.5802700222937036,4.0958685575793226,70,2500
2953,58.40653728294178,250.31358529111338,243.8467824310521,1232.0,1.2557339972945336,22642.775280898877,LacZ_2,LacZ OE,0.5064695863492077,-0.5332589978912918,3.6508587114654034,70,2500
2954,58.69368520263902,258.60697455230917,293.444863336475,1296.0,1.286177499890638,20118.563619227145,LacZ_2,LacZ OE,0.396646694133199,-0.5142282836619485,2.7005863141216437,70,2500
2955,59.24568611339359,290.41084634346754,342.2111750205423,1607.0,1.4937202696881893,16965.79293344289,LacZ_2,LacZ OE,0.2884227987412662,-0.4397265314472981,1.8044844539556735,70,2500
2956,57.18815331010453,303.17770034843204,313.98257839721254,739.0,1.4175669329806462,23148.365853658535,LacZ_2,LacZ OE,0.3508568658995772,-0.40935309765592554,0.2807671647358845,70,2500
2957,59.429009193054135,307.1756894790603,208.31460674157304,1296.0,1.427920876848429,30729.79673135853,LacZ_2,LacZ OE,0.5844758315701977,-0.3987251858775126,4.94506360432986,70,2500
2958,59.180891719745226,302.20382165605093,244.50573248407645,1171.0,1.6515272370756255,25087.026751592355,LacZ_2,LacZ OE,0.5044696901818511,-0.4108510121173904,3.9019967733102163,70,2500
2959,59.038696537678206,309.4735234215886,192.68533604887983,1204.0,1.5179208230218972,36994.35132382892,LacZ_2,LacZ OE,0.619051030444566,-0.3931444578028014,4.896737404068894,70,2500
2960,58.425105485232066,328.96835443037975,234.74261603375527,1230.0,1.3629611796047243,27078.90506329114,LacZ_2,LacZ OE,0.5258491290016725,-0.34763080122667545,3.1122241149287504,70,2500
2961,57.846979865771814,355.64026845637585,144.38255033557047,948.0,1.5399668505880257,25266.339597315437,LacZ_2,LacZ OE,0.7255281235208981,-0.2837506034700249,4.37978757664294,70,2500
2962,57.49473684210526,369.79548872180453,323.790977443609,977.0,1.381774069238294,18431.043609022556,LacZ_2,LacZ OE,0.32849696208541324,-0.2523160531519504,-0.29307237041599166,70,2500
2963,58.625,368.98722627737226,176.27737226277372,1446.0,1.6138687785723635,42822.04653284672,LacZ_2,LacZ OE,0.6547965915195066,-0.25259638271525264,4.283482219313001,70,2500
2964,57.55238095238095,373.34421768707483,241.978231292517,1025.0,1.3668247654794645,26329.19319727891,LacZ_2,LacZ OE,0.5094572455324855,-0.243056491396201,1.6370066137012245,70,2500
2965,57.921875,372.30625,268.0890625,952.0,1.6007927774649426,23515.95,LacZ_2,LacZ OE,0.4516821591645699,-0.24577966680160168,1.407856762614287,70,2500
2966,58.95808823529412,378.0029411764706,211.24485294117648,1669.0,1.4133527465028703,45681.17941176471,LacZ_2,LacZ OE,0.5773321959803286,-0.23170208747578513,3.7131289292948466,70,2500
2967,57.95910020449898,381.4192229038855,316.08179959100204,1378.0,1.414063451563561,20431.633946830265,LacZ_2,LacZ OE,0.3454158202878097,-0.22480402715134506,0.23714686562580312,70,2500
2968,58.266666666666666,387.74615384615385,303.21794871794873,686.0,1.6762125883621153,20431.964102564103,LacZ_2,LacZ OE,0.3737979189505185,-0.20973363115867116,0.7825969874741148,70,2500
2969,58.91184041184041,397.019305019305,177.94144144144144,1849.0,1.4069438079618326,45446.3963963964,LacZ_2,LacZ OE,0.6508290614686261,-0.1864864864263892,4.25721992399361,70,2500
2970,57.70641447368421,410.3256578947368,232.99753289473685,1657.0,1.4618904800782868,42620.31825657895,LacZ_2,LacZ OE,0.5289598351806739,-0.15572460032507107,1.6385784338489842,70,2500
2971,57.77981651376147,414.03119266055046,170.05871559633027,1345.0,1.4786545304979113,42777.35504587156,LacZ_2,LacZ OE,0.6681622423244085,-0.14629957268951266,3.1428990217289368,70,2500
2972,60.532296650717704,417.4168660287081,289.02212918660285,2349.0,1.1678138903081114,33361.85586124402,LacZ_2,LacZ OE,0.4047997267993786,-0.1395413276900982,3.088178081490568,70,2500
2973,59.00272727272727,441.6636363636364,224.57909090909092,1537.0,1.527662132335262,46644.59909090909,LacZ_2,LacZ OE,0.54721408728973,-0.08168439591481502,2.8241637278770497,70,2500
2974,58.608810572687226,446.74449339207047,183.47753303964757,1419.0,1.2724883618503857,48454.388546255504,LacZ_2,LacZ OE,0.638115901607216,-0.06926287197372683,3.3388043740885536,70,2500
2975,58.51466890192791,453.27242246437555,140.61525565800503,1393.0,1.461234146059465,46482.72170997485,LacZ_2,LacZ OE,0.7328835314743851,-0.053402083293195624,4.180013295490205,70,2500
2976,58.30330578512397,454.80413223140494,235.90661157024795,1700.0,1.6021142608558552,44453.91487603306,LacZ_2,LacZ OE,0.5220627727443625,-0.05082776575444148,1.7323608453610362,70,2500
2977,58.781290322580645,463.9341935483871,245.9458064516129,1928.0,1.322970503979736,38112.66193548387,LacZ_2,LacZ OE,0.4997396218719581,-0.02938999760197658,1.8868517608761408,70,2500
2978,58.32442748091603,490.4064885496183,331.9675572519084,646.0,1.2634570421526743,20349.68893129771,LacZ_2,LacZ OE,0.3091977608091674,0.03210854176863909,-0.834111889146314,70,2500
2979,57.63225806451613,509.87557603686633,194.26175115207374,1295.0,1.359631735718696,52814.56313364055,LacZ_2,LacZ OE,0.6136972067149478,0.07950993480503121,1.4935993440943989,70,2500
2980,58.4121387283237,503.5838150289017,371.6630057803468,2165.0,1.4295390576506368,22792.771098265897,LacZ_2,LacZ OE,0.22124591086708523,0.06276225209994224,-1.8006894988764302,70,2500
2981,58.14632297194844,519.297952994693,239.2259287338893,1705.0,1.3452636799859594,40834.363912054585,LacZ_2,LacZ OE,0.5141034322045914,0.10125913194432834,0.8671499600619512,70,2500
2982,59.713578500707214,509.15629420084866,249.13295615275814,1893.0,1.322484121555121,40113.69801980198,LacZ_2,LacZ OE,0.49220284242101187,0.07726552495080186,2.302167219342742,70,2500
2983,58.61285500747384,533.1434977578475,283.355754857997,1878.0,1.5057742517428947,33685.83034379671,LacZ_2,LacZ OE,0.4163151879158018,0.13344955903862066,0.16936385745642468,70,2500
2984,58.64296998420221,534.2938388625593,268.6603475513428,1736.0,1.3435324813838996,33441.26935229068,LacZ_2,LacZ OE,0.4488137366177132,0.136323074587825,0.5307864342945763,70,2500
2985,59.377346278317155,534.97928802589,329.43430420711974,1932.0,1.619395017215551,31136.25566343042,LacZ_2,LacZ OE,0.31431650377234477,0.13729732274203488,-0.158502189497149,70,2500
2986,58.676818950930624,533.7089678510998,173.33333333333334,1612.0,1.478574535103892,46235.679357021996,LacZ_2,LacZ OE,0.659713397315935,0.13597847225304593,2.792550416687675,70,2500
2987,58.54365079365079,548.9315476190476,151.38690476190476,1594.0,1.5542448094348984,41559.72023809524,LacZ_2,LacZ OE,0.7081259553537209,0.17212018909589077,3.0221139718498833,70,2500
2988,58.48798076923077,549.6169871794872,359.9879807692308,1706.0,1.7342341849768814,23257.83092948718,LacZ_2,LacZ OE,0.24662572972956598,0.17147259930295067,-1.903022796384107,70,2500
2989,62.036710719530106,552.2063142437592,161.48678414096915,2151.0,1.3324920230785506,40716.87224669603,LacZ_2,LacZ OE,0.6855693706760992,0.17981479918343135,6.246580466583467,70,2500
2990,59.86096605744125,567.7108355091384,163.10574412532637,2046.0,1.3846000983339382,41030.71540469974,LacZ_2,LacZ OE,0.6819501211568666,0.21631926209342156,3.8821205236457743,70,2500
2991,58.5835843373494,560.5572289156627,345.8832831325301,1738.0,1.556589386519633,28404.159638554218,LacZ_2,LacZ OE,0.27771932306419655,0.1974333863626614,-1.585670937787647,70,2500
2992,58.37090909090909,569.7227272727273,354.4709090909091,1321.0,1.5492871815329186,20439.727272727272,LacZ_2,LacZ OE,0.2586428890529966,0.21895472377433745,-2.088127645182574,70,2500
2993,62.83716651333947,575.2460901563937,316.57543698252067,3131.0,1.4782201274712026,27102.74241030359,LacZ_2,LacZ OE,0.342196278159691,0.2324961887670276,3.206066739610627,70,2500
2994,59.90747087045922,592.9348869088417,292.1192597669637,1792.0,1.464327926113471,23860.104180945855,LacZ_2,LacZ OE,0.39628192709301047,0.27441854678589883,0.6743769428790571,70,2500
2995,60.39879673399226,584.9694886119468,233.60593038246668,3303.0,1.7225214319996887,30747.256983240222,LacZ_2,LacZ OE,0.5257849707583604,0.2562759831464969,2.60749255958347,70,2500
2996,58.4065196548418,598.0536912751678,184.50239693192714,1340.0,1.4948066875052513,34694.39980824545,LacZ_2,LacZ OE,0.6343950492008821,0.2876259337520324,1.6325293495125734,70,2500
2997,57.698232323232325,609.2234848484849,286.885101010101,1051.0,1.4639246168689029,21507.76767676768,LacZ_2,LacZ OE,0.4078182501148975,0.3128460561408357,-1.5714806158173147,70,2500
2998,59.71467025572005,615.2274562584118,151.1749663526245,1865.0,1.283450222135316,40115.43674293405,LacZ_2,LacZ OE,0.7078928801896778,0.3285264361612772,3.549170734816805,70,2500
2999,58.63278008298755,618.7199170124481,295.5373443983402,604.0,1.3310298506006033,20151.42323651452,LacZ_2,LacZ OE,0.38853636559055116,0.3351734809744136,-0.9318246071822713,70,2500
3000,59.116521739130434,636.6747826086956,179.53217391304347,1409.0,1.339047786492389,37648.0547826087,LacZ_2,LacZ OE,0.6449805056886484,0.3787945772876211,2.0803626954402645,70,2500
3001,58.2,646.3547826086957,250.51478260869564,821.0,1.3567012005530004,17917.053913043477,LacZ_2,LacZ OE,0.48789656512911184,0.40083651654497676,-0.5852618459298498,70,2500
3002,56.55474452554745,670.235401459854,266.6405109489051,721.0,1.4174083556728931,13185.414233576643,LacZ_2,LacZ OE,0.4520749551279202,0.45695304568011363,-2.8395127869439634,70,2500
3003,57.41657334826428,675.2284434490482,105.0481522956327,1034.0,1.3037245509425932,28404.321388577828,LacZ_2,LacZ OE,0.809479316182542,0.4705033079166181,1.7401381367225213,70,2500
3004,58.26253687315634,685.015732546706,168.73746312684366,1271.0,1.4535485714148875,24074.97935103245,LacZ_2,LacZ OE,0.6684384989483867,0.4929176786060889,1.0054028673924407,70,2500
3005,57.89267676767677,704.5934343434343,134.94065656565655,976.0,1.3045328668854723,23231.31313131313,LacZ_2,LacZ OE,0.7430382164136127,0.5394553154834301,1.231995532160397,70,2500
3006,57.851851851851855,710.8117283950618,202.48045267489712,1196.0,1.4893031344739673,21295.203703703704,LacZ_2,LacZ OE,0.5935591809123772,0.5533892071610669,-0.44409176836382613,70,2500
3007,58.29951690821256,714.7214170692431,164.39291465378423,871.0,1.4566492284136439,23948.030595813205,LacZ_2,LacZ OE,0.6777607942380961,0.5630347200865458,0.8530574551797656,70,2500
3008,57.12787723785166,734.1329923273657,239.306905370844,650.0,1.9163960199730299,19423.365728900255,LacZ_2,LacZ OE,0.5118983302759366,0.6079827922818484,-2.254446988758964,70,2500
3009,59.191044776119405,744.103880597015,321.45253731343286,2190.0,1.2962514870601531,20106.112835820895,LacZ_2,LacZ OE,0.32996117237187095,0.6306577865523617,-2.20440565133066,70,2500
3010,58.22937625754527,749.2364185110664,233.21830985915494,1491.0,1.4261232134987676,22024.014084507042,LacZ_2,LacZ OE,0.5251653129401672,0.6436995964080232,-1.1591132675461893,70,2500
3011,59.11913696060037,743.7401500938087,258.6500938086304,1315.0,1.342284375554511,18725.348968105067,LacZ_2,LacZ OE,0.46890875583520963,0.6304795311490887,-0.8087206087292387,70,2500
3012,58.51301518438178,744.849240780911,508.72125813449026,1110.0,1.5040315291332862,23821.694143167028,LacZ_2,LacZ OE,-0.08431304780264559,0.6303687635908652,-7.255002562081685,70,2500
3013,58.925558312655085,767.7059553349876,190.43672456575683,1025.0,1.4328182919127201,24522.31017369727,LacZ_2,LacZ OE,0.6195980389839348,0.6877451325162627,0.353468894230879,70,2500
3014,60.08006626173385,817.5698509110988,350.8139149641082,2309.0,1.3574566423655994,17471.948647156267,LacZ_2,LacZ OE,0.264247074217963,0.8036493256275372,-2.718791567993115,70,2500
3015,61.34626865671642,62.943880597014925,555.809552238806,2537.0,1.6792711494445898,13955.090746268657,LacZ_2,LacZ OE,-0.1820371582304734,-0.978539587814628,1.1502811212714832,70,2500
3016,59.11337209302326,78.90600775193798,461.8091085271318,1270.0,1.2097483633876256,17921.26065891473,LacZ_2,LacZ OE,0.025884734849665136,-0.9399196627783543,0.9532315180511901,70,2500
3017,60.113875598086125,96.57607655502392,431.355980861244,1199.0,1.2266153539059046,17039.847846889952,LacZ_2,LacZ OE,0.09303472949935365,-0.8978866972733844,2.490465149521121,70,2500
3018,59.59626604434072,148.08984830805133,274.5670945157526,1099.0,1.3061569180677195,16551.171528588096,LacZ_2,LacZ OE,0.4394333705550575,-0.7746880462949237,5.124061481511042,70,2500
3019,58.72855464159812,161.41363102232668,422.5945945945946,1007.0,1.2889639745963368,13943.728554641599,LacZ_2,LacZ OE,0.11186216998778531,-0.7448859862801276,0.6755640792592317,70,2500
3020,59.895295902883156,163.298937784522,578.7298937784522,817.0,1.2542214094616309,14720.438543247345,LacZ_2,LacZ OE,-0.2336407153550606,-0.7421062493868557,-1.8162398461345077,70,2500
3021,59.290462427745666,175.14595375722544,290.6401734104046,843.0,1.2049862550134063,22423.02023121387,LacZ_2,LacZ OE,0.4036282872181183,-0.711050105596269,4.178997945323353,70,2500
3022,59.542635658914726,176.66666666666666,338.22868217054264,1010.0,1.3371793391539961,18747.68992248062,LacZ_2,LacZ OE,0.29831858675430967,-0.7079736160393506,3.3068605527817,70,2500
3023,58.65162200282087,188.97884344146686,331.31875881523274,933.0,1.352696319204504,16435.7658674189,LacZ_2,LacZ OE,0.31353261263054866,-0.6788773206764342,2.4567696550873706,70,2500
3024,59.4910941475827,219.5699745547074,432.97370653095845,1511.0,1.3618284228986532,14506.57251908397,LacZ_2,LacZ OE,0.08829795667580886,-0.6078033796939557,0.6270034008783654,70,2500
3025,59.75635767022149,224.72846595570138,478.3207547169811,1400.0,1.2253698462987084,17126.107465135356,LacZ_2,LacZ OE,-0.012088744379511018,-0.5961215681364636,-0.21538232063840468,70,2500
3026,59.34347826086957,254.3141304347826,275.18260869565216,1177.0,1.3206887938205307,18844.075,LacZ_2,LacZ OE,0.437056958331816,-0.5241411808749039,3.817884137774314,70,2500
3027,59.34924965893588,255.3137789904502,216.11732605729878,923.0,1.4262885282083388,21576.67530695771,LacZ_2,LacZ OE,0.5677194660735625,-0.5211423013514883,5.190768147847038,70,2500
3028,59.023153252480704,264.1896361631753,697.1653803748621,1086.0,1.6043685887458965,20953.097023153252,LacZ_2,LacZ OE,-0.4965913318366526,-0.5054324851008146,-6.435945550215898,70,2500
3029,58.015228426395936,269.8604060913706,217.93401015228426,584.0,1.632430917285809,23196.263959390864,LacZ_2,LacZ OE,0.5636285480114036,-0.4868802260771694,3.6725238351384633,70,2500
3030,59.82,305.8036363636364,322.0763636363636,1355.0,1.3990073000988923,19028.212727272727,LacZ_2,LacZ OE,0.3327892316620431,-0.40318683005472034,2.697407581521624,70,2500
3031,59.30275229357798,315.54128440366975,254.22602168473728,1589.0,1.5943815839564686,24181.83819849875,LacZ_2,LacZ OE,0.48282976508573405,-0.3794935954376081,3.6667534531968187,70,2500
3032,59.6890243902439,319.9136178861789,170.96951219512195,1189.0,1.3421821944421821,28935.54369918699,LacZ_2,LacZ OE,0.6669591903088334,-0.368268169325195,5.950954731862552,70,2500
3033,60.77180739706908,323.3831123517097,384.8646196789951,1699.0,1.4634071048459725,12155.144452198185,LacZ_2,LacZ OE,0.1936609917464076,-0.3623802421394524,2.013261379469526,70,2500
3034,59.98231653404067,329.9080459770115,261.6737400530504,1529.0,1.588723319889098,26902.589743589742,LacZ_2,LacZ OE,0.46617875593515823,-0.34567090629266795,4.03194336999789,70,2500
3035,60.03642987249545,340.08014571948996,208.12477231329692,1391.0,1.540792871436333,32544.562841530056,LacZ_2,LacZ OE,0.5845460558356228,-0.32109500977647354,5.234832926143305,70,2500
3036,59.270462633451956,341.914590747331,312.7864768683274,1462.0,1.5773032797440167,19880.64412811388,LacZ_2,LacZ OE,0.3530206365247577,-0.3179209275163628,2.011356375995547,70,2500
3037,59.53035143769968,356.27369542066026,157.94249201277955,1216.0,1.3191255609231378,31678.73482428115,LacZ_2,LacZ OE,0.6954357925879511,-0.2823651738346511,5.740323753841153,70,2500
3038,60.8044537230341,387.61621433542103,391.17814892136397,3562.0,1.423412960193333,30963.680584551148,LacZ_2,LacZ OE,0.1790701582996752,-0.21093647698224072,1.2703702444834377,70,2500
3039,59.47033158813264,419.77923211169286,117.39965095986038,1357.0,1.2451586626511577,38859.65968586387,LacZ_2,LacZ OE,0.7845190026369213,-0.1321313421131849,6.00420008958703,70,2500
3040,59.746468401486986,422.2096654275093,257.68475836431224,1959.0,1.4903538591888175,41688.29219330855,LacZ_2,LacZ OE,0.47412288365532373,-0.127914145962004,2.9862336213322465,70,2500
3041,58.2544731610338,428.5755467196819,145.95228628230618,1183.0,1.3219776974498423,46037.966202783304,LacZ_2,LacZ OE,0.7213286033543256,-0.1117203287747347,4.037080350959279,70,2500
3042,59.41893830703013,441.0007173601148,238.8723098995696,1875.0,1.8199877274966187,48826.87015781923,LacZ_2,LacZ OE,0.5155775320195675,-0.08339363937840005,2.913531950027213,70,2500
3043,59.142099681866384,438.15164369034994,156.06680805938495,1339.0,1.393850096835993,45730.913043478264,LacZ_2,LacZ OE,0.6988133163845682,-0.08922192792880068,4.59496307912503,70,2500
3044,60.0331541218638,440.81810035842295,131.2051971326165,1349.0,1.303544314891247,46147.3870967742,LacZ_2,LacZ OE,0.7537437968369014,-0.08264228747591684,6.039207054779872,70,2500
3045,59.25915492957746,454.13521126760565,304.1830985915493,549.0,1.37315346142628,23666.21690140845,LacZ_2,LacZ OE,0.3709690504242993,-0.053124512855842076,1.1028288440330556,70,2500
3046,59.7508698677801,479.80514961725817,253.88865692414754,2020.0,1.3584889250022527,43597.46764091858,LacZ_2,LacZ OE,0.48196366961177106,0.00798199878082384,2.5157075380632747,70,2500
3047,60.26528497409326,480.8787564766839,157.80103626943006,1256.0,1.5803338658433033,46219.78134715026,LacZ_2,LacZ OE,0.694505166462746,0.011568597214623999,5.259391062481001,70,2500
3048,60.67457375833951,486.12157153447,297.6189770200148,1739.0,1.3789408051640424,28788.947368421053,LacZ_2,LacZ OE,0.38510848646400553,0.02242768062016509,2.3579126391484806,70,2500
3049,61.705941088367446,494.2196704942586,359.763854218672,2497.0,1.4325535947545804,28761.286570144784,LacZ_2,LacZ OE,0.24749124230408404,0.040878617856743515,1.8610490299149163,70,2500
3050,63.77855739545327,507.2716811675554,393.27645242772945,4449.0,1.3318876378216666,22017.755543081672,LacZ_2,LacZ OE,0.1731165833489825,0.07134912699194174,3.02409875377527,70,2500
3051,59.882117080994384,513.5878107457899,83.87409783480354,1479.0,1.2685877481308658,25868.197273456295,LacZ_2,LacZ OE,0.8577600115960977,0.08951522529594325,6.279713687544572,70,2500
3052,59.65408805031446,511.8042452830189,160.24764150943398,1549.0,1.3592137928955024,49866.53616352201,LacZ_2,LacZ OE,0.6888248201658771,0.08447440963891806,4.2888321387018,70,2500
3053,61.27420362273579,535.5096814490943,203.12304809494066,2278.0,1.4189296185183708,40211.96939412867,LacZ_2,LacZ OE,0.5936567592346127,0.1399620584932828,4.6770503371821235,70,2500
3054,59.869791666666664,533.08125,185.74479166666666,1159.0,1.3275204168135823,50157.489583333336,LacZ_2,LacZ OE,0.6321994494895085,0.13439040818172399,3.70195415233119,70,2500
3055,58.781931464174455,533.8380062305296,235.47040498442368,949.0,1.295543718966483,37226.61370716511,LacZ_2,LacZ OE,0.5222383970799866,0.1356111181030477,1.4478660344165988,70,2500
3056,60.40767045454545,532.5752840909091,392.4098011363636,1713.0,1.609538758581028,18662.188920454544,LacZ_2,LacZ OE,0.17496331129581644,0.13096711385879156,-0.5730363890728896,70,2500
3057,59.02400662251656,545.830298013245,187.29718543046357,1473.0,1.523561201724205,44622.89569536424,LacZ_2,LacZ OE,0.6286853896222557,0.16442640970190192,2.695535483269964,70,2500
3058,58.97602474864656,546.8128383604021,226.63186388244392,1574.0,1.421941467313338,39627.06883217324,LacZ_2,LacZ OE,0.541656686930001,0.1663161644167681,1.7210116938159032,70,2500
3059,59.69894222945484,562.3547599674532,130.17819365337672,1616.0,1.4377679168729935,41989.97152156225,LacZ_2,LacZ OE,0.7548572484886944,0.2040390111965591,4.540130124999223,70,2500
3060,60.401619433198384,585.4882591093117,270.1562753036437,1596.0,1.3315286471484777,27286.78056680162,LacZ_2,LacZ OE,0.4449180213942172,0.25710317565117546,1.7532005213199824,70,2500
3061,59.845699831365934,586.9460370994941,141.66357504215853,1438.0,1.3204645582529477,34431.35750421585,LacZ_2,LacZ OE,0.7292021689322055,0.26192307682613825,4.178540517805082,70,2500
3062,61.04035433070866,585.9655511811023,208.7755905511811,1416.0,1.3720727997043543,33126.305118110235,LacZ_2,LacZ OE,0.580675325428583,0.25890950271002544,3.8179308210293996,70,2500
3063,59.62860980523841,603.6064472800538,238.06044325050368,1953.0,1.662705061791465,35525.12760241773,LacZ_2,LacZ OE,0.5157895627318594,0.30017048914625044,1.5513979034257517,70,2500
3064,59.089080459770116,612.941091954023,101.19971264367815,1111.0,1.8116306917968885,26286.10488505747,LacZ_2,LacZ OE,0.8185095791010828,0.323661315494715,4.111139093497243,70,2500
3065,60.28404099560761,621.1032210834553,175.6493411420205,1822.0,1.3037050155383967,39464.18960468521,LacZ_2,LacZ OE,0.653660968784681,0.34213352569485234,3.4903492835510193,70,2500
3066,59.71405094494659,628.4617912900575,247.50287592440426,1483.0,1.4314884678126367,24188.68857847165,LacZ_2,LacZ OE,0.4946547941557118,0.35869819367252465,1.1735521973110465,70,2500
3067,62.63231981981982,640.4172297297297,237.66554054054055,2420.0,1.3195954460171164,21744.704954954956,LacZ_2,LacZ OE,0.5161518233950808,0.387071743790125,4.203258106546336,70,2500
3068,59.343537414965986,727.452380952381,159.33673469387756,1117.0,1.2980791993714178,25809.521541950115,LacZ_2,LacZ OE,0.6887696478184184,0.5931429036214793,1.8900722298389212,70,2500
3069,60.01418439716312,810.5288753799392,384.0618034447822,1289.0,1.3105422663122195,16599.729483282674,LacZ_2,LacZ OE,0.19076297445799617,0.7866790287167578,-3.4908293950001976,70,2500
3070,61.35585585585586,880.6891891891892,474.56006006006004,1267.0,1.5251289868492564,20903.32282282282,LacZ_2,LacZ OE,-0.01019808821421997,0.9512203218722466,-4.945558088926987,70,2500
3071,60.96516567544605,114.86406117247239,451.07391673746815,1557.0,1.4127996313900477,17392.82582837723,LacZ_2,LacZ OE,0.04919101489034672,-0.8549439199010882,2.7029315621200283,70,2500
3072,60.51724137931034,164.3448275862069,273.07088122605364,666.0,1.4167290694673862,19981.919540229886,LacZ_2,LacZ OE,0.4425386316223241,-0.7363089300571242,5.920609557379933,70,2500
3073,60.306919642857146,188.16964285714286,251.10044642857142,1160.0,1.3165803027812804,23185.921875,LacZ_2,LacZ OE,0.4909250580627029,-0.6798779652781086,5.989453832464861,70,2500
3074,60.75070555032926,200.39228598306678,323.519285042333,1442.0,1.3779698688662656,21767.612417685796,LacZ_2,LacZ OE,0.33056878207112117,-0.6518230273821632,4.62534867258077,70,2500
3075,60.67739340305712,210.84312148028962,459.4722445695897,1648.0,1.4151344231341578,19809.8680611424,LacZ_2,LacZ OE,0.029697307585329957,-0.6286484749561323,1.2805749961401887,70,2500
3076,59.70762331838565,214.54349775784755,227.07085201793723,1445.0,1.343548711027759,22357.12466367713,LacZ_2,LacZ OE,0.5438624863636885,-0.6174209262900986,5.692514126997985,70,2500
3077,59.40869565217391,215.2913043478261,420.2217391304348,666.0,1.4417284814139326,11368.665217391304,LacZ_2,LacZ OE,0.11655529823715094,-0.6177593400546788,0.8837526215805269,70,2500
3078,61.31743278404163,224.02601908065915,294.13529921942757,1460.0,1.477211449615802,25033.683434518647,LacZ_2,LacZ OE,0.3953181906800296,-0.5957446138769058,5.645682915649594,70,2500
3079,61.31268731268731,229.87912087912088,600.6583416583417,1232.0,1.507735622435204,17099.977022977022,LacZ_2,LacZ OE,-0.28287133306342227,-0.5852640396448564,-1.5617937457192852,70,2500
3080,59.88821138211382,246.32926829268294,300.594512195122,1362.0,1.4807712795448664,18646.33943089431,LacZ_2,LacZ OE,0.3808862937630473,-0.5432389427714952,3.84816719505573,70,2500
3081,59.85004599816008,258.60901563937443,415.63753449862,1270.0,1.3819006080189566,16034.288868445263,LacZ_2,LacZ OE,0.12625519466842738,-0.5155227418033443,1.0080775450762118,70,2500
3082,60.204334365325074,269.73065015479875,222.60061919504645,574.0,1.461832011757056,22781.232198142414,LacZ_2,LacZ OE,0.5531925368821371,-0.48718694491294257,5.753414328589201,70,2500
3083,61.85585585585586,283.4554554554555,179.3963963963964,1288.0,1.369577606846738,22332.338338338337,LacZ_2,LacZ OE,0.6485568117360228,-0.45430677444288636,8.27729742461073,70,2500
3084,59.82841328413284,305.5156826568266,335.4261992619926,1327.0,1.4905017002450878,13826.40774907749,LacZ_2,LacZ OE,0.30325720965959335,-0.4040106890033741,2.397431921532835,70,2500
3085,59.72391304347826,306.70652173913044,308.4173913043478,560.0,1.4322136861097012,19313.289130434783,LacZ_2,LacZ OE,0.36300375078790914,-0.4009111325385576,2.9109285245305117,70,2500
3086,61.98881578947368,311.57894736842104,231.42368421052632,2098.0,1.4738696331945027,30079.292105263157,LacZ_2,LacZ OE,0.5331757953349872,-0.38853115945546624,6.922273377767958,70,2500
3087,60.06024096385542,314.86746987951807,416.0389249304912,1289.0,1.4924831679574224,13422.79888785913,LacZ_2,LacZ OE,0.12481200207901932,-0.3828211922246608,0.6585091314164089,70,2500
3088,60.51891891891892,318.7954954954955,209.24414414414414,1464.0,1.331402444110249,35235.097297297296,LacZ_2,LacZ OE,0.5822506232031563,-0.37130186671075305,5.899287310703045,70,2500
3089,60.68356643356643,320.21765734265733,273.0498251748252,1450.0,1.4399724033449566,25528.48776223776,LacZ_2,LacZ OE,0.4410685036165247,-0.3686357756047114,4.562571540289724,70,2500
3090,60.802836879432625,317.0595744680851,289.26241134751774,1774.0,1.3854732620470667,25868.466666666667,LacZ_2,LacZ OE,0.4052251443333219,-0.37625815438389065,4.334759514630136,70,2500
3091,60.920590302178496,332.8622628250176,223.25439212930428,1979.0,1.6298050945568137,34607.75333801827,LacZ_2,LacZ OE,0.551098333440533,-0.3382643378290424,5.836626198661776,70,2500
3092,60.419981498612394,338.9925994449584,286.2913968547641,1467.0,1.2535541737093503,23424.471785383903,LacZ_2,LacZ OE,0.4116056171288798,-0.3244995634595631,3.806728679835217,70,2500
3093,60.53562231759657,341.3450643776824,366.37081545064376,1422.0,1.2408372834822314,13402.955364806867,LacZ_2,LacZ OE,0.2344139914904606,-0.31981676841204953,2.0325580268501042,70,2500
3094,60.642027455121436,358.44878563885953,215.23336853220698,1186.0,1.244741900074934,27111.35374868004,LacZ_2,LacZ OE,0.5686104036759827,-0.27783079445116277,5.494837503426602,70,2500
3095,61.29491525423729,363.6508474576271,278.43898305084747,2006.0,1.8298221662425491,24877.30593220339,LacZ_2,LacZ OE,0.42869402936749057,-0.26623110901675573,4.623218090972706,70,2500
3096,60.08433734939759,364.8962001853568,192.27710843373495,1409.0,1.506391989294565,37367.11677479147,LacZ_2,LacZ OE,0.6193638954351304,-0.26238646454906744,5.409396994401369,70,2500
3097,60.501878287002256,374.35687453042823,227.3305785123967,1763.0,1.6346882751373277,36160.252441773104,LacZ_2,LacZ OE,0.541700592166305,-0.240441614487937,4.917112139310078,70,2500
3098,61.26568867155664,375.23553382233086,335.1801140994295,1570.0,1.4016886747447581,19645.986145069273,LacZ_2,LacZ OE,0.30305278994635465,-0.23952167887655273,3.1579613559915245,70,2500
3099,60.15544041450777,374.44559585492226,131.9378238341969,1010.0,1.5374510248703452,30248.251295336788,LacZ_2,LacZ OE,0.7527588305959132,-0.23920533146668743,6.793654018190281,70,2500
3100,62.15911111111111,393.56,145.448,1543.0,1.3692524114732412,51288.37333333334,LacZ_2,LacZ OE,0.7225812347769636,-0.19421955982797823,8.294759881041841,70,2500
3101,59.81945661700263,397.25591586327783,237.69675723049957,1439.0,1.3985791898680782,41971.58282208589,LacZ_2,LacZ OE,0.5185807973277996,-0.18655594133569564,3.769252456815636,70,2500
3102,61.08813928182808,400.33677910772576,407.5261153427639,2322.0,1.413869508740378,24560.21436343852,LacZ_2,LacZ OE,0.14276516377016546,-0.1811023941457729,1.0484345790238336,70,2500
3103,60.92631578947368,401.12631578947367,124.84842105263158,1177.0,1.2919445859954055,47563.50736842105,LacZ_2,LacZ OE,0.7681450132886434,-0.17617697173016977,7.468546960697665,70,2500
3104,60.77235772357724,404.3252032520325,161.03353658536585,1182.0,1.2609088879085253,39406.4837398374,LacZ_2,LacZ OE,0.6880682475781716,-0.16902759970343917,6.439820456580662,70,2500
3105,62.442613301942316,414.2595644496763,314.19128899352563,2304.0,1.3097070785014815,23618.603296056503,LacZ_2,LacZ OE,0.3490488070903124,-0.1472181462997304,4.442042076913324,70,2500
3106,61.417326502095946,418.43921751280857,372.22356776898,2771.0,1.6726633094674113,23998.683278993944,LacZ_2,LacZ OE,0.22067423619966875,-0.13801227933658133,2.0233835774630506,70,2500
3107,60.469687691365586,442.269442743417,264.9038579301898,2102.0,1.4632022060782373,41332.24923453766,LacZ_2,LacZ OE,0.4579203191497385,-0.08065942960637673,3.3447030490798895,70,2500
3108,61.40096618357488,460.51980676328503,260.1961352657005,1486.0,1.3144110501071793,43516.188405797104,LacZ_2,LacZ OE,0.46811069191923815,-0.0375385702869675,4.206896181872018,70,2500
3109,60.96610169491525,483.8151001540832,285.4160246533128,1696.0,1.5115762195853966,35058.93836671803,LacZ_2,LacZ OE,0.4121128126349849,0.01712627600669636,2.9563777665278437,70,2500
3110,61.047285464098074,480.3879159369527,361.88879159369526,1484.0,1.3517356454287597,25414.94833625219,LacZ_2,LacZ OE,0.24295802679656786,0.008214513928669342,1.2883755938528836,70,2500
3111,62.18479685452162,484.69331585845345,272.58125819134995,2051.0,1.187954605146937,40054.5498034076,LacZ_2,LacZ OE,0.44043619394420674,0.01936485627798734,4.465288559565003,70,2500
3112,62.28296296296296,483.7540740740741,241.23851851851853,1054.0,1.497143944206918,37074.05925925926,LacZ_2,LacZ OE,0.5097809994381859,0.01749167411507213,5.303253846585719,70,2500
3113,60.59831029185868,490.142089093702,262.4254992319508,1798.0,1.3026929858208056,43595.42933947773,LacZ_2,LacZ OE,0.4629334613869627,0.032291255740187985,3.0627520830043835,70,2500
3114,60.692792792792794,497.6675675675676,152.65405405405406,1306.0,1.2737183306317659,46202.595495495494,LacZ_2,LacZ OE,0.7057075084001281,0.05123524528284462,5.642511683470978,70,2500
3115,60.11824539097266,512.6249205340115,228.3604577240941,2128.0,1.885812556772819,45378.273998728546,LacZ_2,LacZ OE,0.5381041935490964,0.08568183767742288,3.1570091409250836,70,2500
3116,61.767605633802816,511.01106639839037,122.31991951710262,1296.0,1.2995894209396166,30322.426559356136,LacZ_2,LacZ OE,0.7726322700354198,0.0830632057178382,7.2935809780389675,70,2500
3117,62.155350978135786,511.0391254315305,207.0747986191024,1431.0,1.5798285402046657,54070.32566168009,LacZ_2,LacZ OE,0.5851053627384204,0.08221873496471566,5.705174563319964,70,2500
3118,60.52542372881356,528.5431098010317,120.06116433308769,1587.0,1.2935222308429866,40021.20707442889,LacZ_2,LacZ OE,0.7775239772744424,0.12441352116698678,5.9329464091142015,70,2500
3119,62.55676657584014,525.0208900999091,195.74568574023615,1498.0,1.4692612403741732,53249.14986376022,LacZ_2,LacZ OE,0.6100131861712965,0.11533066300923323,6.2337847889108104,70,2500
3120,60.691326530612244,531.2780612244898,242.11479591836735,537.0,1.5998669327333699,35026.90306122449,LacZ_2,LacZ OE,0.5074648296014646,0.12954428456083522,3.2268031561626813,70,2500
3121,60.622716441620334,546.3590150913424,109.64654487688642,1509.0,1.2598504450311958,32033.60683081811,LacZ_2,LacZ OE,0.8003872522989235,0.16655246495388898,6.098705983881381,70,2500
3122,60.07529411764706,544.4811764705883,339.7988235294118,1285.0,1.6668573764115022,30101.01411764706,LacZ_2,LacZ OE,0.29125865858974853,0.15961363992572908,0.2046606247406757,70,2500
3123,60.75105485232068,556.0028129395218,298.6434599156118,1935.0,1.5700287774450046,29422.865682137835,LacZ_2,LacZ OE,0.38216190802700334,0.18725252457522834,1.7268852303793096,70,2500
3124,61.50382577987051,554.7345497351383,375.17480871100645,2017.0,1.6423287954754755,23273.132430841673,LacZ_2,LacZ OE,0.2128219208104889,0.1834478700415607,0.7077706513898292,70,2500
3125,61.34465753424657,556.2931506849316,398.29479452054795,2094.0,1.3820655745296526,29544.308493150686,LacZ_2,LacZ OE,0.16166580162636035,0.18686979812305404,-0.005552301853981589,70,2500
3126,61.24062278839349,565.1464968152866,319.104033970276,1807.0,1.3286703300515519,27902.799009200284,LacZ_2,LacZ OE,0.33678239434866275,0.20860962796774807,1.6498858326871826,70,2500
3127,61.22176308539945,567.6039944903581,288.9042699724518,2008.0,1.4319387526818752,39665.43388429752,LacZ_2,LacZ OE,0.4035717331280617,0.21473352245422972,2.310990313681053,70,2500
3128,60.50232558139535,572.284496124031,188.6565891472868,1622.0,1.4223845441427092,35758.31860465116,LacZ_2,LacZ OE,0.6253455693474446,0.2268449439044422,3.8829084635295246,70,2500
3129,59.19548872180451,573.2593984962406,120.41917293233082,790.0,1.3444645248227192,25860.265037593985,LacZ_2,LacZ OE,0.7763680337086598,0.2298549961987164,4.157660920197891,70,2500
3130,61.386039132734005,574.3104177683765,204.17239555790587,2720.0,1.8055572266687652,39766.13484928609,LacZ_2,LacZ OE,0.5909540575706906,0.23147548251981864,4.384826433848623,70,2500
3131,64.0823786142935,571.0278232405892,132.30169121658483,2419.0,1.364682600357097,31868.915984724496,LacZ_2,LacZ OE,0.7498488828968766,0.22457385732027801,8.787821024834308,70,2500
3132,60.68034188034188,587.8529914529914,309.4196581196581,1457.0,1.4226009691880563,20129.22564102564,LacZ_2,LacZ OE,0.3580167904276519,0.262261443757106,1.0934175654692169,70,2500
3133,60.01888412017168,597.8549356223176,264.4283261802575,1684.0,1.4556598927930182,23615.642060085836,LacZ_2,LacZ OE,0.45749032149807345,0.28632680379198194,1.3831389291387026,70,2500
3134,60.767090620031794,609.5166931637519,298.81319554848966,1753.0,1.584346246556542,23273.2106518283,LacZ_2,LacZ OE,0.38126780402552174,0.31347831896409706,1.2154682187341308,70,2500
3135,62.025904203323556,611.4232649071358,226.40762463343108,2842.0,1.6416323706550864,36258.16617790811,LacZ_2,LacZ OE,0.5413700261868069,0.31878976180482654,4.14310265560119,70,2500
3136,61.80502512562814,634.2793969849246,128.79497487437186,1512.0,1.5004796374813656,42530.58592964824,LacZ_2,LacZ OE,0.757112656279127,0.37375622264772956,5.974193506475558,70,2500
3137,61.1909307875895,637.5799522673032,269.84606205250594,1236.0,1.8252121012078142,19021.91527446301,LacZ_2,LacZ OE,0.4450595216315738,0.379997208844838,2.039912537733258,70,2500
3138,60.46650124069479,649.2568238213399,72.93424317617865,1022.0,1.4836328579585136,25451.53722084367,LacZ_2,LacZ OE,0.8806198476249503,0.4096600988176846,5.791774014705126,70,2500
3139,60.492990654205606,676.2538940809969,344.6253894080997,1439.0,1.29071857005443,15107.526479750779,LacZ_2,LacZ OE,0.27928412718452744,0.4703931687399536,-0.7793355653486032,70,2500
3140,60.13617606602476,720.1925722145804,443.48418156808805,942.0,1.3425140936306659,17086.7166437414,LacZ_2,LacZ OE,0.060168204897004474,0.5729540124789558,-3.870394180274694,70,2500
3141,60.89025177533893,741.8560361523564,274.7366042608134,2042.0,1.6252625224084278,18297.237572627502,LacZ_2,LacZ OE,0.4332466191722364,0.6259012373543642,0.6052603952621567,70,2500
3142,62.4191002367798,741.7924230465667,228.71033938437253,1655.0,1.4315600185764341,23444.73401736385,LacZ_2,LacZ OE,0.5349939573063218,0.6262854298704315,3.20717834393907,70,2500
3143,59.971175166297115,745.2871396895787,186.20620842572063,1043.0,1.3092994715684874,27888.053215077605,LacZ_2,LacZ OE,0.6291202454051221,0.6349339296656793,1.716679176791331,70,2500
3144,60.780806979280264,787.5736095965103,507.3358778625954,1142.0,1.3264737473066017,25186.263904034895,LacZ_2,LacZ OE,-0.08177869473430655,0.7312127909413881,-5.373584674956966,70,2500
3145,61.34241245136187,794.4396887159533,138.88845654993514,995.0,1.3785033002081752,20393.76653696498,LacZ_2,LacZ OE,0.7332567569953712,0.7514184498956344,3.7096935199405507,70,2500
3146,59.910628019323674,804.7463768115942,234.95652173913044,659.0,1.4007385612766086,13226.30193236715,LacZ_2,LacZ OE,0.5206958290180554,0.7746546907062777,-0.0619361619457095,70,2500
3147,60.09034267912772,799.4548286604362,707.380062305296,509.0,1.333443916834341,17817.682242990653,LacZ_2,LacZ OE,-0.5244236820385338,0.7570518822989052,-10.843360769763251,70,2500
3148,60.797348484848484,836.719696969697,671.126893939394,857.0,1.435749617546719,13847.65909090909,LacZ_2,LacZ OE,-0.44461644254847876,0.8453608201062468,-9.656007028266941,70,2500
3149,62.903823870220165,60.80764774044032,516.0324449594438,1214.0,1.4014210796397433,11728.862108922363,LacZ_2,LacZ OE,-0.09409651089130655,-0.9831113834479608,3.6554952158220004,70,2500
3150,62.23496027241771,78.2656072644722,542.8967082860386,1107.0,1.178354984367509,13930.16572077185,LacZ_2,LacZ OE,-0.15366373227603292,-0.9422386834009465,2.1898226255073467,70,2500
3151,60.56307692307692,91.77538461538461,636.9907692307693,520.0,1.440125922363109,12530.735384615384,LacZ_2,LacZ OE,-0.361876073597189,-0.911431136866341,-1.8071461721715636,70,2500
3152,61.37234042553192,163.56648936170214,718.0904255319149,533.0,1.1821320803879933,12767.172872340425,LacZ_2,LacZ OE,-0.5420324998323531,-0.7429533613666295,-3.5909712483085414,70,2500
3153,61.02019446522064,172.24831712789828,383.9483919222139,1606.0,1.5342512554100627,27225.91323859387,LacZ_2,LacZ OE,0.19713743427867936,-0.7188577972931467,3.7613792973784825,70,2500
3154,60.10710259301015,185.5095828635851,317.11612175873734,1108.0,1.4551847397143014,22210.236753100337,LacZ_2,LacZ OE,0.34491201365907864,-0.6868732186425389,4.276805637729687,70,2500
3155,60.80578512396694,196.23863636363637,292.66012396694214,1161.0,1.2269918389235617,23318.413223140495,LacZ_2,LacZ OE,0.3988770745748753,-0.6612845083734132,5.440412735276006,70,2500
3156,60.852899575671856,198.92927864214994,653.4667609618105,987.0,1.4172263149163948,26871.916548797737,LacZ_2,LacZ OE,-0.39937829065113817,-0.6588512085177934,-2.949709929163326,70,2500
3157,62.44562334217507,218.631299734748,323.209549071618,1382.0,1.2299219044197647,19694.030061892132,LacZ_2,LacZ OE,0.33098995565103095,-0.6087592217347516,6.148524924492854,70,2500
3158,61.20672097759674,241.68737270875764,261.9276985743381,1291.0,1.6805649844653174,20911.236252545827,LacZ_2,LacZ OE,0.46640719202238223,-0.5537385388484968,6.113040833702385,70,2500
3159,61.45260837619397,241.2035268185158,279.2733284349743,1655.0,1.4082222188205908,30192.053637031593,LacZ_2,LacZ OE,0.42802473697664767,-0.5550623928488172,5.959232187909663,70,2500
3160,61.86003861003861,249.71621621621622,227.71235521235522,1270.0,1.2249287264438986,20248.681467181468,LacZ_2,LacZ OE,0.5419917118996715,-0.534414176060376,7.485215730544013,70,2500
3161,60.445945945945944,254.07985257985257,258.64373464373466,1116.0,1.4402607401730103,24039.337837837837,LacZ_2,LacZ OE,0.4735918552153435,-0.5244891913759985,5.3078352583539825,70,2500
3162,60.666666666666664,287.91590214067276,236.3256880733945,1594.0,1.3721426402338253,34756.15596330275,LacZ_2,LacZ OE,0.5226281774950248,-0.4444303535068963,5.717754255600546,70,2500
3163,60.975349219391944,320.08463434675434,322.07559572719805,1621.0,1.4423559845955125,18283.403451109287,LacZ_2,LacZ OE,0.3325930448293424,-0.3694747676742919,3.7127038885620465,70,2500
3164,61.30861504907306,318.98909487459105,183.33805888767722,1089.0,1.2843383040228742,30233.067611777537,LacZ_2,LacZ OE,0.6395210000269886,-0.37054612566176925,7.290743838060898,70,2500
3165,61.174418604651166,339.42389006342495,192.71141649048627,1138.0,1.3346395874439683,34044.09725158563,LacZ_2,LacZ OE,0.618593170793279,-0.3224497713637148,6.738184285393189,70,2500
3166,61.66927286942924,341.4698983580923,354.14386239249416,1505.0,1.2954512438437682,14295.28616106333,LacZ_2,LacZ OE,0.2614043676119695,-0.3193637827007618,3.4496522576625708,70,2500
3167,60.52805280528053,361.6105610561056,232.63366336633663,590.0,1.666983940388076,21866.026402640266,LacZ_2,LacZ OE,0.5300903377495949,-0.27056425174866294,4.944344806986059,70,2500
3168,66.7482124616956,368.5056179775281,291.1915219611849,3172.0,1.2859976582545658,24503.9417773238,LacZ_2,LacZ OE,0.4001522606943564,-0.2547936522805899,9.730002067071865,70,2500
3169,61.55034588777863,368.0445810914681,391.20522674865487,1639.0,1.4735350763190562,13986.60107609531,LacZ_2,LacZ OE,0.17916106358083894,-0.2570848466647986,2.206849132435181,70,2500
3170,62.15028248587571,371.8926553672316,149.49661016949153,2123.0,1.2702078237126226,47600.700564971754,LacZ_2,LacZ OE,0.7138344273434076,-0.24537210277599364,8.40351267597945,70,2500
3171,64.13531914893618,376.96425531914895,324.0808510638298,2000.0,1.4765533701979823,22071.715744680852,LacZ_2,LacZ OE,0.32744309227651325,-0.2352580854841646,6.268502895520463,70,2500
3172,61.03772132409546,401.72517321016164,251.04464973056196,1661.0,1.536778044235525,42684.6843725943,LacZ_2,LacZ OE,0.4889445169863076,-0.17613096336726863,4.632250189977299,70,2500
3173,61.44088888888889,409.4017777777778,190.5048888888889,1341.0,1.3717641210555716,47796.344,LacZ_2,LacZ OE,0.6227839311448697,-0.15735756987504956,6.3714592372657535,70,2500
3174,62.004608294930875,415.7453917050691,97.88364055299539,1039.0,1.523606822596311,24987.641705069123,LacZ_2,LacZ OE,0.8276030973327109,-0.14137668511781376,9.03207238245254,70,2500
3175,62.747052518756696,415.2068595927117,349.13183279742765,2254.0,1.5415102285925144,23602.62647374062,LacZ_2,LacZ OE,0.2717235500644146,-0.14535580974711604,3.92260487254255,70,2500
3176,60.414860681114554,425.9922600619195,229.8622291021672,904.0,1.396380151096048,39913.247678018575,LacZ_2,LacZ OE,0.5356046307853084,-0.11867474581179094,4.265991260007802,70,2500
3177,62.205128205128204,438.3057199211045,179.57199211045364,1267.0,1.2704024145810193,48237.869822485205,LacZ_2,LacZ OE,0.6466520613878715,-0.08904357973692756,7.107567086298815,70,2500
3178,61.5896309314587,454.5474516695958,171.24165202108964,1386.0,1.2283722384228055,44081.747803163445,LacZ_2,LacZ OE,0.664956272458606,-0.050656643602217,6.527576154270172,70,2500
3179,61.58939096267191,456.99607072691555,351.43320235756386,1274.0,1.439874463077138,23840.874263261296,LacZ_2,LacZ OE,0.2662876481885612,-0.04683580653004937,2.3028690081359287,70,2500
3180,61.88429752066116,461.59338842975205,132.31239669421487,1445.0,1.258873481599992,43014.32066115703,LacZ_2,LacZ OE,0.7509976139559531,-0.033607784127039686,7.660717563883232,70,2500
3181,62.00077339520495,465.61716937354987,159.98994586233565,1548.0,1.3616622497787167,47177.450889404485,LacZ_2,LacZ OE,0.6897205180974653,-0.024414200514582207,7.092592308162459,70,2500
3182,61.79111842105263,473.83963815789474,213.8659539473684,1470.0,1.3186109960615178,49065.15542763158,LacZ_2,LacZ OE,0.5704597600205263,-0.0056085245270185435,5.546645173489431,70,2500
3183,63.536521739130436,479.4508695652174,197.24826086956523,3070.0,1.5075399124462396,52018.336956521736,LacZ_2,LacZ OE,0.6070792449800271,0.007847245913714884,7.623981070493741,70,2500
3184,61.562390158172235,481.4165202108963,120.33567662565905,725.0,1.2703140137205262,30723.165202108965,LacZ_2,LacZ OE,0.7773190317801408,0.01327313529088281,7.424190398417338,70,2500
3185,61.169158878504675,491.6177570093458,188.28785046728973,1511.0,1.3710556081704266,57303.865420560745,LacZ_2,LacZ OE,0.6269073541892756,0.03658937884203706,5.34723377778252,70,2500
3186,61.960591133004925,498.1001642036125,282.5,1665.0,1.6264996264601055,34034.47208538588,LacZ_2,LacZ OE,0.4183744389548354,0.05087588478412419,3.8787845918873955,70,2500
3187,61.04469987228608,502.32311621966795,219.00510855683268,1044.0,1.579716147649807,45747.15708812261,LacZ_2,LacZ OE,0.5588531954216085,0.061504832484094774,4.4020293715443515,70,2500
3188,61.88790560471976,499.4591937069813,178.5693215339233,1334.0,1.3228595895693895,53672.4936086529,LacZ_2,LacZ OE,0.6482950271490582,0.055207418105077455,6.215595538556265,70,2500
3189,61.522159548751006,510.8082191780822,272.7550362610798,1540.0,1.2965809994655226,26478.85979049154,LacZ_2,LacZ OE,0.43983331619191657,0.08094705753318276,3.5433472114183573,70,2500
3190,61.16902581182348,517.8001665278935,135.30557868442963,1400.0,1.2589104155270447,37429.13905079101,LacZ_2,LacZ OE,0.7438688293217108,0.09892262735768154,6.326065533463527,70,2500
3191,61.437962202136404,513.366474938373,311.40016433853737,1498.0,1.6391213140746361,22961.161051766638,LacZ_2,LacZ OE,0.35431675951670516,0.08656022653608697,2.5332797147737125,70,2500
3192,62.329423264907135,525.1476050830889,164.32062561094818,1312.0,1.2144308450079195,43775.83870967742,LacZ_2,LacZ OE,0.6795466226345608,0.11596529648149256,6.737836145945977,70,2500
3193,61.14954221770092,530.6093591047813,144.57578840284842,1201.0,1.3424041360347019,38188.926754832144,LacZ_2,LacZ OE,0.7232370493750349,0.12903562911739797,5.96518291239061,70,2500
3194,61.30459307010475,527.624496373892,350.90975020145044,1452.0,1.4863544398638373,21693.551974214344,LacZ_2,LacZ OE,0.2667770712055342,0.11976002390679441,1.33945337661779,70,2500
3195,60.51081730769231,537.8762019230769,94.96274038461539,951.0,1.406590986116697,26936.30528846154,LacZ_2,LacZ OE,0.8329606750311993,0.14670015709856332,6.412124135674304,70,2500
3196,60.89992531740105,538.4391336818521,359.9768483943241,1570.0,1.5479800094652651,20802.180731889468,LacZ_2,LacZ OE,0.24663384868507188,0.1451617263596383,0.6177559298582977,70,2500
3197,61.09458297506449,539.1977644024075,215.23559759243335,1433.0,1.37375520179789,39480.60533104041,LacZ_2,LacZ OE,0.5668332836390815,0.14852591115804348,4.179048756144503,70,2500
3198,62.77614379084967,559.6078431372549,143.6437908496732,853.0,1.2660981006858834,29377.289215686276,LacZ_2,LacZ OE,0.7249343068958514,0.19748380909371277,7.329317778789864,70,2500
3199,62.20685197155785,560.6244343891402,216.79444085326438,1892.0,1.4281697062517826,38437.57466063349,LacZ_2,LacZ OE,0.5631197969844521,0.19907511123726795,5.045020536404948,70,2500
3200,61.28404099560761,565.1683748169839,254.09516837481698,1704.0,1.3800700646664201,31670.46559297218,LacZ_2,LacZ OE,0.48060164193758115,0.20936750701541817,3.208522633847153,70,2500
3201,61.0754039497307,562.8653500897666,202.59245960502693,685.0,1.27266186084399,28113.79712746858,LacZ_2,LacZ OE,0.5945762019983882,0.2044891780363869,4.223080547053371,70,2500
3202,62.843971631205676,584.4865248226951,186.81843971631207,1915.0,1.4776629146545688,41947.51914893617,LacZ_2,LacZ OE,0.6291730970822631,0.2557001983602345,6.1472915337160785,70,2500
3203,62.389992057188245,592.6258935663225,196.3828435266084,1601.0,1.2554077546354265,38500.21604447975,LacZ_2,LacZ OE,0.6079580981564778,0.2747850198523947,5.390875527214092,70,2500
3204,60.86491557223265,603.4746716697936,313.422138836773,741.0,1.8024384218687857,15174.270168855535,LacZ_2,LacZ OE,0.34900125911239166,0.29907028264175395,1.0318123484962811,70,2500
3205,62.85509838998211,625.118962432916,155.79248658318426,1457.0,1.4145003152058455,39997.389982110915,LacZ_2,LacZ OE,0.6974193435713423,0.35187988244996493,6.484192324546264,70,2500
3206,63.4891846921797,625.4650582362729,234.72129783693845,1683.0,1.4023674741036607,22777.267054908487,LacZ_2,LacZ OE,0.5227658693327624,0.3518544200635454,5.274750683988437,70,2500
3207,62.45875883739199,639.4076983503535,156.93322859387274,1656.0,1.2918050195439985,34910.746268656716,LacZ_2,LacZ OE,0.6947778712708139,0.3855623895245759,5.921609923677096,70,2500
3208,60.184,644.9184,130.88,841.0,1.2967482112024544,33359.7376,LacZ_2,LacZ OE,0.7524807175306369,0.39879162385590616,4.201007330206636,70,2500
3209,63.253613666228645,648.694699956198,117.34559789750328,2963.0,1.4320803867642662,47610.6097240473,LacZ_2,LacZ OE,0.7822282282142039,0.4079159809294828,7.548204493634664,70,2500
3210,60.85221674876847,669.0623973727422,205.86535303776682,800.0,1.270715184981852,20483.15106732348,LacZ_2,LacZ OE,0.586319497417616,0.45494364833413203,2.884813563233955,70,2500
3211,60.84721099434115,678.9054163298302,128.46321746160064,1465.0,1.395636391301852,43234.364591754245,LacZ_2,LacZ OE,0.7574643502790326,0.47900075081572346,4.587872404531964,70,2500
3212,61.779938587512795,684.0010235414534,105.82190378710338,1221.0,1.3703918387636895,27310.198567041964,LacZ_2,LacZ OE,0.8074571220988893,0.49128707717489295,5.998255244741422,70,2500
3213,61.0271444082519,684.9185667752442,181.68946796959827,1178.0,1.4766327609809766,22413.17915309446,LacZ_2,LacZ OE,0.639642317138029,0.4926110822191312,3.468148188662198,70,2500
3214,61.37469879518072,707.2795180722892,243.1457831325301,1100.0,1.423070035106786,19061.481927710844,LacZ_2,LacZ OE,0.5034457510651007,0.544696756459583,2.1642174740265503,70,2500
3215,60.56859756097561,725.266768292683,378.967987804878,1569.0,1.476724561126711,17389.98475609756,LacZ_2,LacZ OE,0.20282850712806066,0.5856327148653462,-1.9837867661080395,70,2500
3216,62.386117136659436,741.3741865509761,170.8991323210412,1173.0,1.455203065418704,23916.347071583514,LacZ_2,LacZ OE,0.6628977451227775,0.62592534559948,4.525956238798251,70,2500
3217,62.15814319433517,760.9929189614477,238.6648308418568,1570.0,1.2953443853534887,21436.877261998427,LacZ_2,LacZ OE,0.5127989561746853,0.6714611498363974,2.526426006921973,70,2500
3218,61.930857874519845,81.34186939820742,517.5121638924455,989.0,1.3347071025660215,15252.73367477593,LacZ_2,LacZ OE,-0.0975185399444336,-0.9347140141541093,2.447473191445347,70,2500
3219,63.96878901373283,151.396379525593,623.4475655430712,1973.0,1.2603740793832485,22453.643570536828,LacZ_2,LacZ OE,-0.33266677529797406,-0.7705738713929822,1.329955472588388,70,2500
3220,64.08457321848081,179.4502740798747,562.1667971808927,1610.0,1.261382073464344,23150.106499608457,LacZ_2,LacZ OE,-0.1973703037870317,-0.703733531611302,2.599809374199289,70,2500
3221,62.117196056955095,195.68236582694414,309.3866374589266,1129.0,1.3417693492007043,25540.87294633078,LacZ_2,LacZ OE,0.3618099456925512,-0.6627481545457083,6.366928014061237,70,2500
3222,62.43963782696177,207.65392354124748,289.61368209255534,1322.0,1.3508208564828337,23851.308853118713,LacZ_2,LacZ OE,0.4054219492678144,-0.6342880503718691,7.033091813614966,70,2500
3223,62.666666666666664,208.85589865399842,502.31828978622326,1568.0,1.3442588200661634,17260.859857482184,LacZ_2,LacZ OE,-0.06517629159017879,-0.6337553140146917,2.2898516370097894,70,2500
3224,62.064453125,236.5849609375,587.4384765625,1345.0,1.3730604960037571,15088.7451171875,LacZ_2,LacZ OE,-0.25372823394667554,-0.5692858789114036,-0.5676936772582479,70,2500
3225,63.680184331797236,258.60184331797234,497.7594470046083,1305.0,1.409943625042356,14502.786175115207,LacZ_2,LacZ OE,-0.05562427103042322,-0.5163431648413134,2.922686636636115,70,2500
3226,63.80868167202572,283.0506430868167,311.8762057877814,1585.0,1.296884319562101,21553.14389067524,LacZ_2,LacZ OE,0.3553694385660715,-0.4566543319416724,7.145171690166343,70,2500
3227,62.192893401015226,295.2975888324873,307.5171319796954,2209.0,1.6151595992518322,25274.83375634518,LacZ_2,LacZ OE,0.3649782086460758,-0.4277561218913848,5.511712105805266,70,2500
3228,62.30392156862745,299.41911764705884,185.76593137254903,1047.0,1.3274063358474242,26838.40931372549,LacZ_2,LacZ OE,0.6342876249203158,-0.4167109416290562,8.42057532520596,70,2500
3229,63.38809523809524,319.51984126984127,194.73730158730157,1465.0,1.33083757933602,41087.02301587302,LacZ_2,LacZ OE,0.6141893905638482,-0.3693704123854926,9.098635367680323,70,2500
3230,61.306060606060605,355.14444444444445,244.3070707070707,1355.0,1.5546899829690715,27529.874747474747,LacZ_2,LacZ OE,0.5042871447290593,-0.28592525815545244,5.513234434472174,70,2500
3231,61.70829840737636,356.90611902766136,171.6479463537301,1362.0,1.2627482277980944,37065.620284995806,LacZ_2,LacZ OE,0.6649959863318609,-0.2809723990324241,7.591894972246251,70,2500
3232,65.02066638549135,356.06452973428935,312.26149304091103,3280.0,1.2220329673806278,27433.906790383804,LacZ_2,LacZ OE,0.3537479816481435,-0.28440742202405866,7.633540922419684,70,2500
3233,66.57952325127003,373.2567409144197,166.56740914419694,3281.0,1.38417473969068,46657.54747948417,LacZ_2,LacZ OE,0.6758259004754943,-0.24223861766425026,12.42004995925376,70,2500
3234,64.06246317030053,375.5657041838539,251.8691809074838,2172.0,1.3683571819065647,28741.96051856217,LacZ_2,LacZ OE,0.4872171439155315,-0.23777519196554509,7.892705118865919,70,2500
3235,61.928721174004195,381.89447938504543,423.20195667365476,1917.0,1.494249577391458,15837.275331935709,LacZ_2,LacZ OE,0.10821986555113772,-0.2247545308570955,1.7037311068414454,70,2500
3236,62.70313542361574,411.67778519012677,245.00933955970646,2056.0,1.5221439416539289,46954.67044696464,LacZ_2,LacZ OE,0.5021143046786396,-0.15255148208299074,6.340463611337498,70,2500
3237,62.521454545454546,409.28945454545453,208.36,1634.0,1.4524171674816675,49392.810909090906,LacZ_2,LacZ OE,0.5832275964438922,-0.15779155777474385,7.036551006943462,70,2500
3238,62.978544776119406,414.90671641791045,150.80410447761193,1318.0,1.2317181718183992,47052.933768656716,LacZ_2,LacZ OE,0.710482824286488,-0.14390683395615333,8.780252649147776,70,2500
3239,62.43410275502606,419.6358897989576,219.9091586001489,1654.0,1.3159175514412487,47658.76917349218,LacZ_2,LacZ OE,0.557581342675558,-0.1335139232114413,6.578787958615813,70,2500
3240,61.912573673870334,431.27308447937133,214.9656188605108,1270.0,1.5378245987797259,43800.575638506874,LacZ_2,LacZ OE,0.5684324939957057,-0.10602265805348154,6.058827329395108,70,2500
3241,61.78338762214984,442.5895765472313,294.15635179153094,940.0,1.470101320171847,25462.148208469054,LacZ_2,LacZ OE,0.39313286709555584,-0.08019167640419633,3.9729353990081933,70,2500
3242,63.97794117647059,446.9311974789916,336.2951680672269,2401.0,1.5152116455278475,27868.14023109244,LacZ_2,LacZ OE,0.29975205560463714,-0.0703578300775829,5.142002314252821,70,2500
3243,63.5921052631579,454.16052631578947,252.08245614035087,2008.0,1.6249864702900403,45714.221052631576,LacZ_2,LacZ OE,0.4860091888415832,-0.05240064356492924,6.648684660100933,70,2500
3244,63.10824022346369,456.7877094972067,219.93784916201116,1840.0,1.4364558673334018,46992.344273743016,LacZ_2,LacZ OE,0.5571235727448431,-0.045866014778374375,6.88860948031094,70,2500
3245,64.58720930232558,461.734219269103,271.41112956810633,1649.0,1.290914798162391,37268.68936877076,LacZ_2,LacZ OE,0.4431228860727041,-0.034722976709768205,7.1188041420199895,70,2500
3246,60.43129770992366,467.5496183206107,294.9732824427481,526.0,1.987929784638715,25338.198473282442,LacZ_2,LacZ OE,0.39115392445957475,-0.021356252046411783,2.358066270225443,70,2500
3247,60.14574898785425,467.09716599190284,392.26720647773277,530.0,1.8717083576202915,16417.51821862348,LacZ_2,LacZ OE,0.1759258360324143,-0.023485548404989065,-0.19102096005835278,70,2500
3248,62.007194244604314,487.0842754367934,216.88180883864337,1324.0,1.5719669231637659,50155.426515930114,LacZ_2,LacZ OE,0.5636483507543553,0.025604825006121157,5.5627846694475735,70,2500
3249,62.02346570397112,499.85559566787003,200.93682310469313,1333.0,1.475168982011941,55887.63357400722,LacZ_2,LacZ OE,0.5987996707374799,0.05590287080599521,5.8258172036716545,70,2500
3250,62.70691090757702,518.8068276436303,152.18984179850125,1480.0,1.2705602211427833,51190.84096586178,LacZ_2,LacZ OE,0.7064258777889285,0.10114904593958696,7.46001610407162,70,2500
3251,61.93678665496049,525.3652326602282,214.40649692712907,1434.0,1.346672254428597,47137.23441615452,LacZ_2,LacZ OE,0.5687578414868051,0.11592628516947778,5.175625248403904,70,2500
3252,63.52714932126697,531.222850678733,320.1018099547511,1215.0,1.4618974678589847,38224.282805429866,LacZ_2,LacZ OE,0.3347850193730848,0.1286327107318681,4.244274619600091,70,2500
3253,64.65837479270316,549.4461028192371,344.1199557766722,2298.0,1.4244222366414956,33011.34494195688,LacZ_2,LacZ OE,0.2814139371450206,0.17138253617822308,4.636976355530493,70,2500
3254,64.01255230125523,562.5753138075314,120.35355648535565,1196.0,1.2064096571931682,31387.708158995814,LacZ_2,LacZ OE,0.7763676067453513,0.2047643103263459,9.079229866915277,70,2500
3255,64.01777170198223,566.7593984962406,306.4237867395762,1765.0,1.5473836717597627,27322.444292549557,LacZ_2,LacZ OE,0.36467627139435477,0.21261506922256213,4.7059632811881755,70,2500
3256,64.31003584229391,585.5609318996416,128.0663082437276,865.0,1.6800396714761345,25422.915770609317,LacZ_2,LacZ OE,0.7590666111381745,0.2589053557665406,8.971970335402382,70,2500
3257,60.939862542955325,596.46735395189,133.32474226804123,712.0,1.34624007825721,25720.699312714776,LacZ_2,LacZ OE,0.7475018288358533,0.28449717942336283,5.373602497820038,70,2500
3258,64.78367617783677,611.8938287989383,196.51692103516922,2027.0,1.4188613870363713,33432.709356337095,LacZ_2,LacZ OE,0.6073513354370197,0.3202869580648964,7.592183612806494,70,2500
3259,63.09575353871774,623.2114904246462,202.5653621981682,1522.0,1.3285856462455135,36838.23230641132,LacZ_2,LacZ OE,0.593947864791212,0.34687863671646135,5.653089731278378,70,2500
3260,61.90414507772021,632.0194300518135,260.8445595854922,1172.0,1.5846747200800313,20514.36658031088,LacZ_2,LacZ OE,0.46499084215001285,0.3669951203713737,3.0171312493473366,70,2500
3261,62.75650364203954,635.4724245577523,144.72112382934444,1273.0,1.4667816251637373,33306.293444328825,LacZ_2,LacZ OE,0.7218178834799973,0.3764192456812243,6.542436783484646,70,2500
3262,61.241308793456035,639.601226993865,197.66053169734153,768.0,1.6261512580922803,30639.306748466257,LacZ_2,LacZ OE,0.6047362861316676,0.3855492360744408,3.753246110444927,70,2500
3263,63.156169994879676,646.6354326676907,102.3200204813108,2643.0,1.4328416277200349,39719.79774705581,LacZ_2,LacZ OE,0.8154948720190323,0.40321941844491316,7.82120338793645,70,2500
3264,62.981072555205046,677.1656151419559,143.63801261829653,1459.0,1.4116144947487392,34535.35488958991,LacZ_2,LacZ OE,0.7237990932653171,0.4747810307857445,6.384325844938026,70,2500
3265,63.01352493660186,684.7303465765004,333.84023668639054,1456.0,1.3317661783766406,15463.469991546915,LacZ_2,LacZ OE,0.30293226713959776,0.490561772545993,1.9088904201783379,70,2500
3266,62.965452847805786,699.531279178338,187.97945845004668,1507.0,1.2934695746857972,22809.42110177404,LacZ_2,LacZ OE,0.6254851591072321,0.5270552100959496,5.11626226195326,70,2500
3267,62.28329297820823,731.9652945924132,212.4963680387409,1503.0,1.278757203168372,26957.502017756255,LacZ_2,LacZ OE,0.5709668714340239,0.6032782380648942,3.545516863078632,70,2500
3268,63.26123301985371,754.6384535005225,315.5193312434692,1216.0,1.4022910317170927,17543.64263322884,LacZ_2,LacZ OE,0.3427751524327496,0.6556637736713473,1.8997402018718788,70,2500
3269,63.1855421686747,754.8951807228916,183.5855421686747,1067.0,1.2476863656757746,27204.514457831327,LacZ_2,LacZ OE,0.6346589582809599,0.6576989602802161,4.89712108410103,70,2500
3270,63.63092463092463,760.6775446775447,418.999222999223,1559.0,1.2958040132956608,25031.35508935509,LacZ_2,LacZ OE,0.11376492825209938,0.6687944225827478,-0.20202204606866303,70,2500
3271,64.52393796358733,820.9211058664869,362.6749831422792,1797.0,1.1528214438226423,17033.077545515847,LacZ_2,LacZ OE,0.23774425972137947,0.8115269532313938,1.414378835961415,70,2500
3272,62.099879663056555,847.820697954272,446.4765342960289,1140.0,1.282061612227574,15517.682310469314,LacZ_2,LacZ OE,0.05221177282852829,0.8740125692251457,-3.225575583670704,70,2500
3273,63.99441340782123,138.20351157222666,453.72545889864324,1716.0,1.2794023084702892,18499.088587390263,LacZ_2,LacZ OE,0.04294252335175863,-0.7998509913182629,5.441085609276634,70,2500
3274,64.19118942731278,149.0511013215859,469.7242290748899,1383.0,1.2618043208242626,18447.228193832598,LacZ_2,LacZ OE,0.007432682984526595,-0.7744330330825205,5.1587305039113005,70,2500
3275,64.79789631855748,169.21788129226147,491.54320060105186,1620.0,1.286300614402559,17304.56799398948,LacZ_2,LacZ OE,-0.0410647733829288,-0.7270869755558629,5.059334845135787,70,2500
3276,62.33014354066986,188.67464114832535,263.5693779904306,575.0,1.3624544094121736,23404.32775119617,LacZ_2,LacZ OE,0.46323008997653203,-0.6787758753553746,7.716423002008042,70,2500
3277,63.62756052141527,188.29422718808195,407.64990689013035,1338.0,1.347660799005319,12620.864990689013,LacZ_2,LacZ OE,0.14441162086966663,-0.6812067010750349,5.65843043076805,70,2500
3278,65.0343481654957,192.98750975800155,350.655737704918,1664.0,1.2428344401849123,17610.811085089772,LacZ_2,LacZ OE,0.2703839748929777,-0.6694858514793047,8.347470016127993,70,2500
3279,63.74542682926829,206.625,232.96951219512195,907.0,1.252279486514783,21456.17987804878,LacZ_2,LacZ OE,0.5306805699263832,-0.636070707476331,9.668982626384846,70,2500
3280,63.3143585386576,262.89124893797793,250.95497026338148,1393.0,1.3243891161253283,24451.10790144435,LacZ_2,LacZ OE,0.4903685115095009,-0.5035561811009936,8.268370744229863,70,2500
3281,63.365875109938436,277.28408091468776,247.8434476693052,1417.0,1.2516736489717333,22355.629727352683,LacZ_2,LacZ OE,0.4971103395080243,-0.46957177781547044,8.251609189657671,70,2500
3282,63.132894736842104,275.2763157894737,231.19736842105263,1038.0,1.3173014418180913,24675.992105263158,LacZ_2,LacZ OE,0.5339685908382434,-0.4741323714936726,8.426387026272359,70,2500
3283,63.95358361774744,290.5051194539249,378.1535836177474,1714.0,1.5958591211710804,17589.294880546076,LacZ_2,LacZ OE,0.20866174181408415,-0.43978662686384307,5.672087852214943,70,2500
3284,63.34685430463576,291.4817880794702,291.6961920529801,1499.0,1.2947425392420608,22076.452814569537,LacZ_2,LacZ OE,0.39995678216622,-0.436558756904591,7.0714396194842095,70,2500
3285,63.85234429671099,291.9440167949615,270.56543037088875,1720.0,1.4642661953765228,26109.421973407978,LacZ_2,LacZ OE,0.4466746102041166,-0.4352276750101848,8.064833629134071,70,2500
3286,63.70837004405286,306.1762114537445,272.8898678414097,1466.0,1.424784125250019,22459.55859030837,LacZ_2,LacZ OE,0.4414019051189706,-0.40168561686941073,7.727495399002578,70,2500
3287,63.995610184372254,300.9385425812116,214.7857769973661,1420.0,1.284148221454192,29406.516242317823,LacZ_2,LacZ OE,0.5699837304230708,-0.41340317598020404,9.42036703200796,70,2500
3288,63.74570815450644,319.1952789699571,221.24141630901286,1202.0,1.345438382786209,29639.82618025751,LacZ_2,LacZ OE,0.5555379390679287,-0.37041536207854087,8.841461427655574,70,2500
3289,64.25463743676222,351.75801011804384,143.67116357504216,1464.0,1.3714867569424036,25587.3347386172,LacZ_2,LacZ OE,0.7268083422632519,-0.2927539856537693,10.839958179381767,70,2500
3290,66.25858585858586,358.5279461279461,223.66936026936028,1959.0,1.5355221736249611,27467.651851851853,LacZ_2,LacZ OE,0.5496560717260008,-0.27760737588189266,10.91217180834255,70,2500
3291,64.39402173913044,359.5298913043478,182.90670289855072,1451.0,1.2766266269854014,38223.497282608696,LacZ_2,LacZ OE,0.6399235963652741,-0.27484434211095954,9.988636123270702,70,2500
3292,61.68888888888889,373.66984126984124,312.6793650793651,532.0,1.623745746131326,20376.231746031746,LacZ_2,LacZ OE,0.3528253693316734,-0.24296102505837103,4.120866001314454,70,2500
3293,64.05964325529543,384.1633221850613,263.67224080267556,2414.0,1.49838720658526,37320.28874024526,LacZ_2,LacZ OE,0.46102172557687005,-0.21762345082897405,7.530635660875767,70,2500
3294,63.92946058091286,382.536652835408,220.4668049792531,2027.0,1.425174764820162,44612.76901798064,LacZ_2,LacZ OE,0.5566292993786983,-0.22099463508100192,8.423585635889467,70,2500
3295,64.44246031746032,383.9593253968254,111.09821428571429,1271.0,1.2136940653944395,27560.90376984127,LacZ_2,LacZ OE,0.7985495111953194,-0.21644061554630567,11.47203732786798,70,2500
3296,62.882701421800945,389.44668246445497,342.31161137440756,1103.0,1.2980750005077102,15959.212085308056,LacZ_2,LacZ OE,0.2870544239573427,-0.20604121436247058,4.46919397514317,70,2500
3297,63.446764091858036,404.6715379262352,225.39318023660402,1856.0,1.4954315370756326,49448.4335421016,LacZ_2,LacZ OE,0.5455412693202106,-0.16884785950829262,7.6096718709940205,70,2500
3298,63.28963414634146,410.4674796747967,176.23069105691056,1204.0,1.3133748765784845,44841.545731707316,LacZ_2,LacZ OE,0.6542574464133359,-0.15464675195526634,8.541939839767267,70,2500
3299,66.27551020408163,410.967032967033,116.62087912087912,1529.0,1.429303959094571,33805.96232339089,LacZ_2,LacZ OE,0.7859754532559846,-0.15275354562440913,12.911561874455437,70,2500
3300,64.32838983050847,415.8199152542373,302.76271186440675,752.0,1.5713038762948794,21492.17372881356,LacZ_2,LacZ OE,0.3742201425185785,-0.14337058910603628,6.578367941279602,70,2500
3301,64.11909949164851,424.41466957153233,273.639070442992,1987.0,1.561051656568594,35286.12345679013,LacZ_2,LacZ OE,0.43857919490342145,-0.1227863015724815,6.963980024425382,70,2500
3302,63.43409629044988,427.8618784530387,244.19258089976321,1635.0,1.5178111924531723,51452.19889502762,LacZ_2,LacZ OE,0.5037268877240213,-0.11435127930258915,6.9319123539608185,70,2500
3303,64.4818401937046,435.71347861178367,232.22598870056498,1557.0,1.3615802328853543,46218.99757869249,LacZ_2,LacZ OE,0.5300709384289095,-0.09567736683273398,8.181472180281908,70,2500
3304,64.60700389105058,437.9377431906615,255.48313878080415,2298.0,1.5092387701649042,46897.39948119326,LacZ_2,LacZ OE,0.47859022940195306,-0.090680284350378,7.742681059601665,70,2500
3305,63.409598214285715,442.65513392857144,148.09375,1274.0,1.4128240427701033,43208.9765625,LacZ_2,LacZ OE,0.7161882969839715,-0.07841528062708225,9.002906018770695,70,2500
3306,62.526785714285715,438.7202380952381,364.5565476190476,731.0,1.8113236697190054,20809.244047619046,LacZ_2,LacZ OE,0.23738272443430275,-0.09006538242143292,3.1128212262965675,70,2500
3307,63.40388170055453,442.0573012939002,395.3253234750462,1448.0,1.454189321035051,17815.55360443623,LacZ_2,LacZ OE,0.16923411702756752,-0.08250778510376033,3.2397299213716906,70,2500
3308,63.74236641221374,448.1421755725191,192.90648854961833,1307.0,1.3731422184747284,55500.24618320611,LacZ_2,LacZ OE,0.6169770027026178,-0.06595115477615676,8.237244903798555,70,2500
3309,62.19255663430421,454.69093851132686,293.8220064724919,892.0,1.6095057032182276,25673.29126213592,LacZ_2,LacZ OE,0.3937343209434008,-0.051634303065560605,4.271388071641461,70,2500
3310,63.39082412914188,470.00084961767203,181.68309260832626,1474.0,1.366646313593919,47976.079864061176,LacZ_2,LacZ OE,0.6416136487334874,-0.014277695964928228,7.933618899816366,70,2500
3311,63.27668308702791,474.02463054187194,137.0024630541872,1463.0,1.3615989991540975,41522.142857142855,LacZ_2,LacZ OE,0.7404293535585782,-0.004304361684760893,8.82171956806949,70,2500
3312,63.50381679389313,472.0458015267176,272.14312977099235,1331.0,1.5395278311366491,39543.17175572519,LacZ_2,LacZ OE,0.4414596792243315,-0.010432935338367533,5.917822572280748,70,2500
3313,63.66603415559772,495.3292220113852,252.31878557874762,1731.0,1.7028346454830148,43455.20872865275,LacZ_2,LacZ OE,0.485084207810639,0.04470622189152085,6.314354648309383,70,2500
3314,64.98990683229813,495.9782608695652,228.9503105590062,1703.0,1.2744199050236482,46849.33928571428,LacZ_2,LacZ OE,0.53670851359315,0.04652090675700049,8.176206530636108,70,2500
3315,63.608405603735825,525.9839893262175,291.25683789192794,1814.0,1.3105183197493535,30139.581054036025,LacZ_2,LacZ OE,0.3986463881045219,0.11659020367933093,5.049169404002882,70,2500
3316,63.5927636643572,538.2779060816013,262.9107005388761,1701.0,1.4635233156042218,32565.799076212472,LacZ_2,LacZ OE,0.4612395382966421,0.14589597331139648,5.574056842224479,70,2500
3317,64.71331636980491,537.1424936386768,228.3977947413062,1473.0,1.2989760473826844,35330.37574215437,LacZ_2,LacZ OE,0.5375468857244559,0.14361780145277714,7.509901923677752,70,2500
3318,63.79586973788721,543.0373312152502,178.05162827640984,1630.0,1.390713393274144,52300.24066719619,LacZ_2,LacZ OE,0.6489200984915389,0.15804766680570626,7.708721930374885,70,2500
3319,62.60500446827525,545.1760500446827,239.62913315460233,1434.0,1.3947312674232313,39757.18945487042,LacZ_2,LacZ OE,0.5127305870190011,0.16239718438805872,5.061858871241498,70,2500
3320,63.0755980861244,559.5722488038277,178.58468899521532,1271.0,1.4972368030179215,33636.74736842105,LacZ_2,LacZ OE,0.6476180333265211,0.19702761164804783,6.814503943314932,70,2500
3321,63.4,601.1073891625616,171.54088669950738,1244.0,1.3806394498453536,34470.63054187192,LacZ_2,LacZ OE,0.6627826868966291,0.29508353835895296,6.896692144687606,70,2500
3322,62.2005444646098,616.2313974591651,313.7277676950998,1308.0,1.4273530402355994,16562.521778584392,LacZ_2,LacZ OE,0.34813264872953464,0.3291877194237529,2.2350991238973137,70,2500
3323,64.02341920374707,618.7915690866511,166.7494145199063,1108.0,1.2465470796824627,38867.97306791569,LacZ_2,LacZ OE,0.673179731407952,0.33686277664071973,7.458615304745685,70,2500
3324,63.32298657718121,629.6124161073825,190.41610738255034,1553.0,1.424706501097315,34474.60989932886,LacZ_2,LacZ OE,0.6207524701480183,0.36211398316728305,6.100850041518612,70,2500
3325,63.62443845462713,624.1859838274933,327.22731356693623,1376.0,1.572819939266024,14010.825696316262,LacZ_2,LacZ OE,0.3181165103069965,0.34783685768167105,3.266030501778175,70,2500
3326,62.73745819397993,633.1605351170568,222.06521739130434,996.0,1.3627520619168665,24982.79431438127,LacZ_2,LacZ OE,0.5507298164762466,0.37012647328741766,4.743015409238389,70,2500
3327,62.17574931880109,650.7656675749319,224.91280653950955,955.0,1.3295057098950962,20721.58719346049,LacZ_2,LacZ OE,0.5442886780807097,0.4116093249673747,3.9428854608279664,70,2500
3328,63.25735294117647,698.8191176470589,138.16323529411764,1097.0,1.709202286401116,25619.264705882353,LacZ_2,LacZ OE,0.7356873780992383,0.5259225013554543,6.576320666389549,70,2500
3329,64.65895953757226,713.8020231213873,374.14739884393066,1673.0,1.3456992573100035,19832.79190751445,LacZ_2,LacZ OE,0.21339280715730635,0.558735622703113,2.3297945025689657,70,2500
3330,62.86752136752137,736.8472222222222,448.27991452991455,1123.0,1.267804152518013,20652.708333333332,LacZ_2,LacZ OE,0.049256108757333994,0.6122489295456701,-1.4146384232174611,70,2500
3331,63.37992831541219,753.6505376344086,280.5600358422939,1388.0,1.3526590224579027,16777.742831541218,LacZ_2,LacZ OE,0.42012041815490075,0.6537154849851994,2.843011172568353,70,2500
3332,63.456726649528704,750.6486718080548,536.3384747215082,1360.0,1.3972680975644036,32212.47386461011,LacZ_2,LacZ OE,-0.1457233376070458,0.6438615626958872,-3.01339862632841,70,2500
3333,64.31372549019608,770.5116713352007,228.30345471521943,1381.0,1.3258310628491288,18642.265172735762,LacZ_2,LacZ OE,0.5355183358607811,0.6940753768873167,4.8297416995581415,70,2500
3334,65.00918554807103,820.742804654011,401.9185548071035,1969.0,1.2552045206568334,15796.03490508267,LacZ_2,LacZ OE,0.15090078832372655,0.8106917038191066,0.9863936502373676,70,2500
3335,64.52214022140221,901.4547970479705,499.81826568265683,1411.0,1.4416515939512549,15285.487084870849,LacZ_2,LacZ OE,-0.06644238187935747,1.0,-2.5722255721433456,70,2500
3336,66.78618113912232,118.80112044817928,439.890756302521,1453.0,1.2459031557448712,18903.84126984127,LacZ_2,LacZ OE,0.07359302149000002,-0.8454030652023726,8.744267857486292,70,2500
3337,66.72347949080623,166.46817538896747,611.3472418670439,1821.0,1.38655456934422,22239.0954738331,LacZ_2,LacZ OE,-0.30618494420123266,-0.7348287144750266,4.2184033865344475,70,2500
3338,64.66129032258064,175.49235993208828,640.5738539898132,1474.0,1.6144202924483104,26522.730050933787,LacZ_2,LacZ OE,-0.37082487227467276,-0.7139068395964584,1.3872829698560238,70,2500
3339,63.47550432276657,182.52161383285303,306.1095100864553,908.0,1.3421355406223894,21321.547550432275,LacZ_2,LacZ OE,0.3691171966097613,-0.6937248617087874,7.929939449409424,70,2500
3340,64.47155812036274,201.40313272877165,662.5449299258038,1499.0,1.3355752077466985,27958.002473206925,LacZ_2,LacZ OE,-0.4196732470338703,-0.6530318200885248,0.43196732104669167,70,2500
3341,64.31055276381909,211.96180904522612,679.7648241206031,1153.0,1.3661733544458974,19406.01306532663,LacZ_2,LacZ OE,-0.457863341871138,-0.6283167596944494,-0.23369464973593068,70,2500
3342,65.16321009918846,216.8818755635708,299.44905320108205,1469.0,1.4389184544151599,34209.60865644725,LacZ_2,LacZ OE,0.38343271807557144,-0.6125659047261309,9.436246568975847,70,2500
3343,63.948090107737514,241.42311459353576,734.5328109696376,1384.0,1.6433931101555677,19581.841332027423,LacZ_2,LacZ OE,-0.5792950543164482,-0.5594265854496604,-2.160959372371842,70,2500
3344,63.98811096433289,265.6948480845443,220.56142668428006,998.0,1.3763297233534562,19772.401585204756,LacZ_2,LacZ OE,0.5575474110732905,-0.49659799690353634,9.622997577352024,70,2500
3345,66.23244552058111,293.7282082324455,228.34806295399517,2043.0,1.3684105543577822,30569.831113801454,LacZ_2,LacZ OE,0.5399334986663764,-0.4305068148033855,11.410865760415128,70,2500
3346,64.71428571428571,296.8148774302621,246.8081149619611,1522.0,1.5481073706784654,24918.724429416736,LacZ_2,LacZ OE,0.49914219011353333,-0.4234609839704617,9.432667007216757,70,2500
3347,64.01866081229419,309.84193194291987,162.64983534577388,1144.0,1.4774086496705512,27064.188803512625,LacZ_2,LacZ OE,0.6852388169959966,-0.39183592245202625,10.571675169030527,70,2500
3348,64.22660098522168,310.01477832512313,247.14285714285714,1271.0,1.3978843513282144,22238.06305418719,LacZ_2,LacZ OE,0.4982991192134578,-0.3923401360744295,8.80820894693742,70,2500
3349,64.93307692307692,316.0253846153846,364.8676923076923,1526.0,1.4237403231630827,12587.008461538462,LacZ_2,LacZ OE,0.2377571084997836,-0.37942353196779055,6.711332720401238,70,2500
3350,64.34864546525324,321.0047114252061,158.50058892815076,1289.0,1.443507081156975,21675.089517078915,LacZ_2,LacZ OE,0.6942933021398106,-0.3654528749177006,10.889080938034297,70,2500
3351,63.83977379830349,330.31762488218664,203.02733270499527,1370.0,1.3681900639233875,37048.6314797361,LacZ_2,LacZ OE,0.5957212082696155,-0.34398048430696415,9.251289914207362,70,2500
3352,65.70133333333334,329.3537777777778,318.77777777777777,1568.0,1.4119006143183976,20206.934222222222,LacZ_2,LacZ OE,0.33955500009056805,-0.3474672659317104,8.423380334567447,70,2500
3353,65.28754813863928,333.7548138639281,337.92747111681643,2039.0,1.396629579714569,13927.651476251605,LacZ_2,LacZ OE,0.29716817531759854,-0.33730340815209137,7.520269151558985,70,2500
3354,64.6301724137931,331.98189655172416,184.50344827586207,1448.0,1.3877037049884036,32505.67672413793,LacZ_2,LacZ OE,0.6366453826110172,-0.3398358300017338,10.456972786158964,70,2500
3355,65.03335980937251,345.4678316123908,248.0484511517077,1963.0,1.4325601808052393,25712.888800635425,LacZ_2,LacZ OE,0.4959109225249183,-0.30870572347359726,9.246785514143639,70,2500
3356,63.035137701804366,351.6885090218424,190.7530864197531,1295.0,1.495558636604945,32677.991452991453,LacZ_2,LacZ OE,0.6227108295298418,-0.2934565556027363,8.52398340890587,70,2500
3357,65.40568720379147,350.2625592417062,272.4654028436019,1380.0,1.3722530128526682,26445.18767772512,LacZ_2,LacZ OE,0.4418266938361006,-0.29765243407037767,9.002897377474127,70,2500
3358,64.31760563380281,361.88591549295774,342.37394366197185,1856.0,1.3844542861856663,19290.641549295775,LacZ_2,LacZ OE,0.2871090207717246,-0.27101881614947587,6.171795275260386,70,2500
3359,65.19184430027804,366.80908248378125,243.06024096385542,1521.0,1.4562141218693263,24134.274328081556,LacZ_2,LacZ OE,0.5067318647706471,-0.25830875255060337,9.31273408790981,70,2500
3360,64.1244019138756,372.316985645933,101.14473684210526,1054.0,1.3554266678962756,22988.281100478467,LacZ_2,LacZ OE,0.8206990673869381,-0.24380156544336085,11.499999198201472,70,2500
3361,63.68520179372197,381.1605381165919,185.10762331838566,1314.0,1.2910951626153309,41085.892376681615,LacZ_2,LacZ OE,0.6348817642105142,-0.22386254541078532,9.0171379208237,70,2500
3362,64.3561507936508,380.2867063492063,236.46626984126985,1474.0,1.3939792978642447,32821.292658730155,LacZ_2,LacZ OE,0.5212327617373744,-0.22646559315163095,8.499179578003904,70,2500
3363,66.38764044943821,384.6059390048154,278.3346709470305,1791.0,1.1686281595459607,26678.974317817014,LacZ_2,LacZ OE,0.4284588448856126,-0.2166853445622301,9.511757472281566,70,2500
3364,65.6161067193676,400.31867588932806,350.4841897233202,2446.0,1.319170074677259,26554.609683794468,LacZ_2,LacZ OE,0.26872744064620524,-0.18042287875126806,6.904858040825523,70,2500
3365,65.04730928444707,399.1212300413956,264.1679479597871,2450.0,1.424853513583723,41420.98817267889,LacZ_2,LacZ OE,0.45972928439161387,-0.18232392377952744,8.3601070893871,70,2500
3366,65.20572312451662,411.4261407579273,272.00232018561485,1723.0,1.2801060419484096,35051.43000773395,LacZ_2,LacZ OE,0.44226974957939547,-0.15338077149074325,8.215469456813253,70,2500
3367,65.35114978247358,404.4313238036047,139.32939714108142,1963.0,1.3331286955441652,55433.25605966439,LacZ_2,LacZ OE,0.7358475035409291,-0.16843728835607996,11.522064469958565,70,2500
3368,65.16178343949045,420.63949044585985,139.2732484076433,1861.0,1.2638836311958563,50802.07515923567,LacZ_2,LacZ OE,0.7358246920932014,-0.1302095636420182,11.17551378471046,70,2500
3369,67.92279942279943,426.4098124098124,315.02958152958155,1860.0,1.3644965496392814,19415.673881673883,LacZ_2,LacZ OE,0.3467934247475033,-0.11844241888682483,9.78207709039247,70,2500
3370,65.51905829596413,432.2163677130045,266.7724215246637,1274.0,1.4913816296297742,41080.04932735426,LacZ_2,LacZ OE,0.45362271689754396,-0.10427738556639932,8.447243614205036,70,2500
3371,64.05398457583547,437.28963153384746,203.86718080548414,1507.0,1.4576226051639005,49104.24164524422,LacZ_2,LacZ OE,0.5928171224346215,-0.09166167685083582,8.39941784683974,70,2500
3372,64.22648752399232,440.6765834932821,166.54798464491364,1260.0,1.274905399623475,49267.046065259114,LacZ_2,LacZ OE,0.6753381815221657,-0.08326380023439561,9.408695383213676,70,2500
3373,65.72389791183295,444.94586233565354,361.71152358855375,2111.0,1.4693032392705527,25750.627223511216,LacZ_2,LacZ OE,0.24345141060890763,-0.07527667605256017,6.3143318787443405,70,2500
3374,63.856561546286876,457.57375381485247,204.73346897253307,1234.0,1.4310579578413056,51996.3021363174,LacZ_2,LacZ OE,0.5907145474304198,-0.043829876236862964,7.983437394099845,70,2500
3375,64.37998056365403,458.6861030126336,148.84839650145773,1282.0,1.3111884806021827,39382.363459669585,LacZ_2,LacZ OE,0.714313505080006,-0.04058784604068233,9.798566009593841,70,2500
3376,66.21780303030303,466.2013888888889,293.2979797979798,2030.0,1.235041737006346,31212.99873737374,LacZ_2,LacZ OE,0.39457423879887377,-0.024386149603788154,8.194964630954544,70,2500
3377,64.60515873015873,475.9583333333333,251.49801587301587,844.0,1.5284055754584294,40245.93253968254,LacZ_2,LacZ OE,0.48703891070750216,-0.000955026708637341,7.461804933695056,70,2500
3378,66.6767441860465,478.1341085271318,265.6821705426357,1693.0,1.425036663833589,42153.798449612405,LacZ_2,LacZ OE,0.45553062144298506,0.004070547634563493,9.180791878803625,70,2500
3379,65.2782131661442,482.2641065830721,226.55799373040753,1676.0,1.370997780493192,49417.32915360502,LacZ_2,LacZ OE,0.5421189190559443,0.014204821287347125,8.654345427650355,70,2500
3380,64.08004778972521,496.0872162485066,127.35722819593788,1054.0,1.2872553386484036,29363.808841099162,LacZ_2,LacZ OE,0.7615129079916854,0.047859322676933935,9.633847583400481,70,2500
3381,64.61672473867596,497.66411149825785,379.8411149825784,1866.0,1.508426839375953,22088.583275261324,LacZ_2,LacZ OE,0.20288975193284564,0.04885191438699121,4.269178990075417,70,2500
3382,64.70257123002085,509.02501737317584,259.3835997220292,1876.0,1.4990769946080544,33209.87352328005,LacZ_2,LacZ OE,0.469268354988998,0.07695855524664141,7.051892952642611,70,2500
3383,64.63711495116453,523.3493613824193,233.45755071374907,1689.0,1.4892996175612327,35660.85725018783,LacZ_2,LacZ OE,0.5264903769457003,0.11102625567673363,7.450704042615875,70,2500
3384,64.94688922610015,524.6327769347496,278.7094081942337,1862.0,1.306016530851221,30055.513657056144,LacZ_2,LacZ OE,0.4263494620753865,0.11356967920139516,6.692941177299915,70,2500
3385,65.10810810810811,526.653474903475,178.21332046332046,1401.0,1.3837675888378944,47560.45945945946,LacZ_2,LacZ OE,0.6486530774353343,0.11943001817970167,9.177044055564693,70,2500
3386,67.17828773168578,530.9073256840247,329.6116504854369,1648.0,1.4599014328408086,27691.269196822595,LacZ_2,LacZ OE,0.31356036815218125,0.12786863628914635,7.675645143901569,70,2500
3387,64.62549277266754,542.0512483574245,194.9395532194481,1291.0,1.510998329106427,45426.60840998686,LacZ_2,LacZ OE,0.6115249318446736,0.15555743977198078,8.15404513999325,70,2500
3388,65.89880059970015,540.3980509745128,250.91229385307346,1689.0,1.3450061110217408,37234.96251874063,LacZ_2,LacZ OE,0.48764439350299016,0.1510797356137752,8.138316213815827,70,2500
3389,66.39907346128392,547.8861681005957,269.44870946393115,1930.0,1.5091332745256658,28560.940436796824,LacZ_2,LacZ OE,0.4465372370240721,0.1685528470904869,8.133068426535516,70,2500
3390,65.12160228898426,563.1323319027182,268.3719599427754,1783.0,1.3351205863537976,28249.34477825465,LacZ_2,LacZ OE,0.44883788647814815,0.20449765481121918,6.731962931352989,70,2500
3391,64.04984423676012,567.4683281412254,240.1152647975078,1303.0,1.493160012681456,29292.804776739355,LacZ_2,LacZ OE,0.511364739461025,0.215007390361442,6.276833849809762,70,2500
3392,68.0324259407526,569.5792634107286,223.92954363490793,3623.0,1.2558488282789346,33725.30824659728,LacZ_2,LacZ OE,0.5469467960988652,0.22025313088707188,10.614804330544814,70,2500
3393,64.29535864978902,576.9879445449066,262.74020494273657,2051.0,1.663202997147261,37492.639541892706,LacZ_2,LacZ OE,0.4612058888259516,0.23722218178554866,5.901727067076507,70,2500
3394,64.84410256410257,583.6912820512821,160.03897435897437,1229.0,1.2788630768874465,29533.486153846156,LacZ_2,LacZ OE,0.6883226948848133,0.25416059004652625,8.778828884175347,70,2500
3395,64.90013495276654,591.9345479082322,224.3029689608637,1873.0,1.5660887318713548,35536.041835357624,LacZ_2,LacZ OE,0.5460662474158275,0.27290868749740294,7.256122432175076,70,2500
3396,65.00651465798046,603.4218241042345,304.871335504886,837.0,1.3757799011232958,17922.415309446253,LacZ_2,LacZ OE,0.36770499945464663,0.2991329423850253,5.371935758615798,70,2500
3397,63.98324022346369,617.4924181963288,281.2498004788508,1547.0,1.3053728167048835,23292.881085395053,LacZ_2,LacZ OE,0.4198806121650782,0.33255523603636306,4.761995681814561,70,2500
3398,66.7928068803753,641.0789679437061,255.10398749022673,1684.0,1.34391149723856,20363.81704456607,LacZ_2,LacZ OE,0.4773506199092794,0.3885384247637229,7.949427797841679,70,2500
3399,64.88672566371682,663.9345132743363,119.55575221238938,848.0,1.6509324175181581,26366.791150442477,LacZ_2,LacZ OE,0.7771067606199358,0.44387659453077744,8.980191773581062,70,2500
3400,64.52746365105008,670.4450726978998,222.76332794830373,1496.0,1.3225064384612986,22052.289176090468,LacZ_2,LacZ OE,0.5487321055671326,0.45810564481627747,6.15144488242683,70,2500
3401,64.18213660245183,679.1751313485114,115.81611208406305,803.0,1.3298535419137971,24483.625218914185,LacZ_2,LacZ OE,0.785269073948049,0.4798502890520715,8.21391520141875,70,2500
3402,63.542857142857144,693.8015873015873,171.05714285714285,810.0,1.3990725776173816,22064.27142857143,LacZ_2,LacZ OE,0.6629486660171864,0.5137369209409708,6.144014358616175,70,2500
3403,63.36026490066225,714.1947019867549,175.97086092715233,1028.0,1.4941561728010633,25369.54834437086,LacZ_2,LacZ OE,0.6518899795450606,0.5617822381652091,5.64744256867948,70,2500
3404,64.70731707317073,725.8382541720154,165.79589216944802,1055.0,1.3514661684013036,27287.037227214376,LacZ_2,LacZ OE,0.6742181926893664,0.5893879124901162,7.117355626981066,70,2500
3405,63.772635814889334,737.5553319919517,472.2635814889336,1208.0,1.3480560931515397,18602.785714285714,LacZ_2,LacZ OE,-0.0038575441360368945,0.6136796653655217,-1.0758326457533798,70,2500
3406,67.16603053435115,728.4968193384224,357.75763358778624,2156.0,1.6576058989019784,16295.311704834605,LacZ_2,LacZ OE,0.2493807862640003,0.5936324052105544,5.0743828261297,70,2500
3407,63.6015538290788,803.6759156492786,646.5982241953385,1190.0,1.4683451718287823,20974.61487236404,LacZ_2,LacZ OE,-0.39017591326347356,0.767748062004872,-5.95765529646161,70,2500
3408,66.21147798742139,843.2240566037735,399.43474842767296,1572.0,1.21364433576501,19380.252358490565,LacZ_2,LacZ OE,0.15611616038020482,0.8637743407003784,2.026283572943342,70,2500
3409,66.4018759018759,97.62626262626263,547.9819624819625,1721.0,1.2004145508835862,17519.275613275615,LacZ_2,LacZ OE,-0.16531672498480354,-0.8965312739326492,6.047469690226556,70,2500
3410,67.76256983240224,120.32960893854748,517.3254189944134,2224.0,1.4100654680302447,15980.245810055865,LacZ_2,LacZ OE,-0.09778401986128749,-0.842615503418336,7.900283307626857,70,2500
3411,67.26025917926566,112.5658747300216,525.2321814254859,1283.0,1.2725728979645414,14499.934125269978,LacZ_2,LacZ OE,-0.11517538765469426,-0.8610256630400248,7.289763113842014,70,2500
3412,64.86972477064221,150.55963302752295,335.44770642201837,1001.0,1.4550021447227683,14568.154128440367,LacZ_2,LacZ OE,0.30444831876548784,-0.7694024853886356,8.952463305610891,70,2500
3413,66.45756172839506,174.304012345679,599.403549382716,1612.0,1.2524209673630353,18260.314043209877,LacZ_2,LacZ OE,-0.279823507823033,-0.7162222215491552,4.154341781481541,70,2500
3414,65.86538461538461,184.43028846153845,244.60096153846155,728.0,1.5569632209840185,20689.283653846152,LacZ_2,LacZ OE,0.5050530238107427,-0.688500859832153,11.73423387673538,70,2500
3415,65.39722463139636,216.29921942758023,253.7944492627927,1399.0,1.3113425863229773,25825.028620988724,LacZ_2,LacZ OE,0.4844297598222822,-0.6134396101648009,10.7401579527194,70,2500
3416,66.18960802187785,207.41659070191432,326.2935278030994,1326.0,1.3610922840599806,22657.091157702827,LacZ_2,LacZ OE,0.32408214860437745,-0.6351601987698092,9.929127267523086,70,2500
3417,66.23404255319149,237.51063829787233,255.9384098544233,1448.0,1.7500720521156268,20164.178051511757,LacZ_2,LacZ OE,0.4794381137788062,-0.5634107754577224,11.319232460490774,70,2500
3418,65.87843833185448,247.12599822537712,294.93167701863354,1517.0,1.3832740880837535,18597.781721384206,LacZ_2,LacZ OE,0.3930971029592112,-0.5411614495882513,9.96069424922063,70,2500
3419,66.18916666666667,248.26166666666666,239.91166666666666,1455.0,1.2286144104282843,23966.801666666666,LacZ_2,LacZ OE,0.5147930162748791,-0.537878655051317,11.542806249787787,70,2500
3420,65.91930116472545,253.130615640599,721.5391014975041,1589.0,1.6072493739866682,22739.935108153077,LacZ_2,LacZ OE,-0.5507637064589154,-0.5316252407311841,-0.0020037443227707286,70,2500
3421,65.53474320241692,264.67170191339375,651.920443101712,1220.0,1.4418699012612095,17913.855991943605,LacZ_2,LacZ OE,-0.39683536282329546,-0.5036558851984858,1.1235695195878463,70,2500
3422,64.95689655172414,283.2617554858934,343.47884012539186,1515.0,1.43895423450369,18088.529780564262,LacZ_2,LacZ OE,0.28539228482815227,-0.4564730103783077,7.554253341673125,70,2500
3423,64.76557863501483,284.89119683481704,323.486646884273,1233.0,1.4320861931249438,16477.281899109792,LacZ_2,LacZ OE,0.3296159331486803,-0.45241699464232676,7.8131024756374785,70,2500
3424,65.83347639484978,277.90815450643777,771.9502145922747,1423.0,1.307434960211895,28630.069527896994,LacZ_2,LacZ OE,-0.6625255144356539,-0.4737294409937183,-1.5053360584632216,70,2500
3425,66.78748068006182,290.3531684698609,206.8740340030912,1625.0,1.388796737954635,24662.593508500773,LacZ_2,LacZ OE,0.5874453165581881,-0.4382221354967397,12.499328595334013,70,2500
3426,65.65696087352138,327.3976342129208,262.2365787079163,1498.0,1.4158056968336354,23755.475887170156,LacZ_2,LacZ OE,0.4646645669693805,-0.3514689672222858,9.716211195877719,70,2500
3427,64.5045751633987,326.66013071895424,281.65098039215684,976.0,1.274269123469371,22172.14248366013,LacZ_2,LacZ OE,0.4217800079676872,-0.3534455077136899,8.118831775791755,70,2500
3428,65.10332749562171,330.8441330998249,293.40017513134853,1595.0,1.2946221538684604,24205.176882661995,LacZ_2,LacZ OE,0.3957153690921229,-0.3436901807645325,8.402573449985184,70,2500
3429,65.13164893617021,338.42021276595744,232.19148936170214,1143.0,1.8800634762531059,28447.07579787234,LacZ_2,LacZ OE,0.5310550186223539,-0.32515520310586143,9.783633110016545,70,2500
3430,66.1588693957115,339.2329434697856,314.0633528265107,1356.0,1.309494187104673,21530.38986354776,LacZ_2,LacZ OE,0.34986567920674716,-0.32410293264996837,8.894028583481749,70,2500
3431,66.82849604221636,347.24802110817944,288.36675461741424,1611.0,1.5585050425252522,25055.818821459983,LacZ_2,LacZ OE,0.4066031300745987,-0.304903088198501,10.084058223233058,70,2500
3432,67.49968213604578,368.74698029243484,308.65034965034965,2062.0,1.2199088403325213,22923.393515575335,LacZ_2,LacZ OE,0.36148622653740037,-0.2543965886698445,10.07188107885468,70,2500
3433,65.57059679767103,371.2780203784571,211.82532751091702,889.0,1.3409776035240972,28889.00291120815,LacZ_2,LacZ OE,0.5757712945271785,-0.2474200133005876,10.375777864525048,70,2500
3434,65.33614153327717,374.8011794439764,197.39679865206404,1415.0,1.442011086438929,36076.37320977254,LacZ_2,LacZ OE,0.6076701337173256,-0.23895848627181637,10.443281745610363,70,2500
3435,65.92017106200998,389.82537419814685,249.399857448325,1761.0,1.3717986289705537,40889.954383464006,LacZ_2,LacZ OE,0.49244614661636965,-0.2040706221181744,9.66788969690927,70,2500
3436,67.28012048192771,390.67670682730926,192.0722891566265,1336.0,1.300091643600175,41677.74397590361,LacZ_2,LacZ OE,0.6191956855255782,-0.201409525004286,12.355461276064219,70,2500
3437,65.59288990825688,383.4151376146789,150.33371559633028,1122.0,1.5834877921603732,47445.85779816514,LacZ_2,LacZ OE,0.7116930550458969,-0.21812363668859247,11.712788908020435,70,2500
3438,65.24626865671642,414.6401326699834,259.73714759535653,1661.0,1.4364577700826755,42141.66500829187,LacZ_2,LacZ OE,0.46937128768722736,-0.14566569297785614,8.510479795593092,70,2500
3439,65.15934065934066,420.5133437990581,196.55102040816325,1532.0,1.3923806046287612,50506.58084772371,LacZ_2,LacZ OE,0.6091081419291988,-0.13112857887873963,9.839081780509034,70,2500
3440,65.77685950413223,440.96446280991734,220.00330578512396,1523.0,1.3455243434171895,50162.09008264463,LacZ_2,LacZ OE,0.5569939303928084,-0.08312930220999348,9.70963831615773,70,2500
3441,65.99783080260303,447.67353579175705,208.00433839479393,1427.0,1.4061114040645435,55471.54121475054,LacZ_2,LacZ OE,0.5834633911077056,-0.06716887864726917,10.144621079016389,70,2500
3442,65.27704918032786,446.8081967213115,243.6590163934426,1624.0,1.5042529318652753,47886.57786885246,LacZ_2,LacZ OE,0.504628751688285,-0.06961329278417261,8.601375051014841,70,2500
3443,65.45987654320987,449.380658436214,157.9701646090535,1142.0,1.3070561748375198,41265.37962962963,LacZ_2,LacZ OE,0.6941672737649813,-0.06261161730589815,10.756504833132247,70,2500
3444,65.69034786869182,466.390004899559,359.49142577168055,2730.0,1.4210559149599584,29172.20725134738,LacZ_2,LacZ OE,0.24815727715560243,-0.024671421864372323,6.122772248515574,70,2500
3445,65.05110007097232,466.72036905606814,227.37970191625266,1881.0,1.6358126791244225,46438.94180269695,LacZ_2,LacZ OE,0.5404631495499324,-0.022473477079703152,8.560203865952658,70,2500
3446,64.34802784222738,469.55916473317865,255.8120649651972,726.0,1.550086881233274,45582.75870069605,LacZ_2,LacZ OE,0.4775699713604238,-0.016101906812815425,7.166788613617101,70,2500
3447,63.36944444444445,478.6166666666667,97.87222222222222,515.0,1.646391096283644,22015.37777777778,LacZ_2,LacZ OE,0.8269495207388153,0.006953866503487172,9.78171041261821,70,2500
3448,68.24165636588381,491.26328800988875,283.8355995055624,2354.0,1.3630488985422302,35117.27997527812,LacZ_2,LacZ OE,0.41516115799525877,0.0348781224314727,10.193588309539166,70,2500
3449,64.46013667425969,493.9772209567198,112.20728929384966,532.0,1.3205614292049979,23124.011389521642,LacZ_2,LacZ OE,0.795030491746592,0.04305535484891765,10.38762168674068,70,2500
3450,66.21833333333333,493.9125,241.90666666666667,1555.0,1.392525722161206,43508.4175,LacZ_2,LacZ OE,0.5080011478066104,0.04153571872336581,9.122417823519363,70,2500
3451,65.80051590713671,495.6285468615649,140.3981083404987,1403.0,1.3720211943995755,39071.37919174549,LacZ_2,LacZ OE,0.7325775666226755,0.04667521955193532,11.05425174730324,70,2500
3452,65.78683966635774,508.3660797034291,146.7312326227989,1366.0,1.2924561675524842,47355.90917516219,LacZ_2,LacZ OE,0.7184440109809598,0.07665118910690794,10.768343143361754,70,2500
3453,65.18341013824885,502.67926267281103,165.70875576036866,1383.0,1.3876818111416014,50733.208294930875,LacZ_2,LacZ OE,0.6765454896599024,0.06301759706730459,9.778344556444516,70,2500
3454,66.29742173112339,510.1574585635359,245.4438305709024,1367.0,1.5612199136810683,40342.88950276243,LacZ_2,LacZ OE,0.5000144769034256,0.07981737190590699,8.960111084668107,70,2500
3455,66.87795010114633,519.7882670262981,318.8766014834794,1837.0,1.2720409742333014,32705.928523263654,LacZ_2,LacZ OE,0.3374330474655136,0.1017508732365131,7.734422723904721,70,2500
3456,66.2356621480709,517.4890510948906,219.9332638164755,1318.0,1.3684388360800033,39312.54118873827,LacZ_2,LacZ OE,0.5563847767559351,0.09738631303516221,9.421337684341665,70,2500
3457,66.11500547645126,523.7119386637459,127.80065717415116,1159.0,1.3199835604825212,35541.11938663746,LacZ_2,LacZ OE,0.760159440720654,0.11306150659907233,11.387583557198809,70,2500
3458,65.6790017211704,536.3080895008605,157.4199655765921,1445.0,1.323010561893475,40555.02065404475,LacZ_2,LacZ OE,0.6945321276669565,0.14244171413210016,10.138032335198496,70,2500
3459,66.94265232974911,556.5641577060932,132.06451612903226,1769.0,1.2969152854954988,39065.55770609319,LacZ_2,LacZ OE,0.7503657049513963,0.19052517611000996,11.794197921630875,70,2500
3460,63.36674008810573,581.897577092511,283.19493392070484,1189.0,1.4690177570495102,26522.23678414097,LacZ_2,LacZ OE,0.41595356947649353,0.24855979346466217,4.4485496153970985,70,2500
3461,65.4447284345048,594.803194888179,241.1041533546326,1908.0,1.4780674926037805,30014.647923322682,LacZ_2,LacZ OE,0.5088404161416573,0.2795053398445637,7.380820957189933,70,2500
3462,64.43947858472998,609.5810055865921,147.05772811918064,828.0,1.576628675166405,31848.0,LacZ_2,LacZ OE,0.7168120450576712,0.3153602518290415,8.423682978809211,70,2500
3463,66.08254963427378,609.6175548589341,178.3301985370951,1243.0,1.2086044068305593,33059.44618599791,LacZ_2,LacZ OE,0.6475414389826322,0.31514469693188696,9.336866852736797,70,2500
3464,64.39748427672956,612.6201257861635,239.04276729559749,1078.0,1.4097886012929421,24790.345911949684,LacZ_2,LacZ OE,0.5132826442971736,0.32152995007291185,6.20767401883338,70,2500
3465,65.10557184750733,614.3352883675465,98.2101661779081,1298.0,1.3304018046209531,25811.506353861194,LacZ_2,LacZ OE,0.8247990270706098,0.3271196954421429,10.181759518163283,70,2500
3466,65.84049079754601,645.2116564417178,194.5357873210634,1330.0,1.4778158798609704,33492.72392638037,LacZ_2,LacZ OE,0.6113572965735643,0.3989218777529122,8.36891716752875,70,2500
3467,65.1725,650.5008333333334,180.45083333333332,1521.0,1.2231547275104435,36259.244166666664,LacZ_2,LacZ OE,0.6425013514455562,0.41153542116883357,7.977739088169862,70,2500
3468,65.34064080944351,648.8026981450253,206.9460370994941,947.0,1.3499071203713628,24673.215851602024,LacZ_2,LacZ OE,0.5838926963782596,0.40724629163346293,7.544798079467384,70,2500
3469,65.02607561929595,679.8292046936115,169.14211212516298,1018.0,1.408504006109655,26426.981747066493,LacZ_2,LacZ OE,0.6672438931903721,0.4808338328884638,7.808083372619791,70,2500
3470,64.21027287319423,689.6645264847511,122.25361155698235,809.0,1.3424700841308312,27294.268057784913,LacZ_2,LacZ OE,0.7709241952658645,0.5045232269360016,7.989364659108354,70,2500
3471,65.6670673076923,689.1490384615385,210.36057692307693,1120.0,1.67120013349774,19639.47956730769,LacZ_2,LacZ OE,0.5759313403682047,0.5023846884819254,7.396841055825618,70,2500
3472,64.82512953367876,705.8225388601036,203.3924870466321,930.0,1.2289360467752959,20218.569948186527,LacZ_2,LacZ OE,0.5912293168545697,0.5417701218222761,6.55450235384977,70,2500
3473,65.8366935483871,731.8004032258065,195.99495967741936,1351.0,1.3934724666858858,25620.3377016129,LacZ_2,LacZ OE,0.6072915364605525,0.6031494400030588,7.4840653908790955,70,2500
3474,65.62774566473989,739.6277456647399,254.6,1076.0,1.2911576761374781,18322.3549132948,LacZ_2,LacZ OE,0.47757233837841007,0.6209718121223726,5.832450104099358,70,2500
3475,66.5177743431221,754.4930448222566,228.18624420401855,1588.0,1.1857294051094707,22623.91885625966,LacZ_2,LacZ OE,0.5358187164387971,0.6563426083660431,7.192518083153232,70,2500
3476,66.9291958041958,756.8330419580419,594.2368881118881,1503.0,1.542246321435589,32876.92307692308,LacZ_2,LacZ OE,-0.2740536104007292,0.6579002391140671,-0.9522289255912781,70,2500
3477,65.47894736842105,784.8885964912281,329.080701754386,1346.0,1.419465784432454,18785.973684210527,LacZ_2,LacZ OE,0.31236549321919105,0.7269205925756623,3.504694330597303,70,2500
3478,66.03105590062111,831.8999309868875,476.8336783988958,1737.0,1.2624017688648856,16250.906832298137,LacZ_2,LacZ OE,-0.014997686829899215,0.8362194406983685,0.15241956825399683,70,2500
3479,64.88505747126437,100.07758620689656,599.7557471264367,543.0,1.4190391425551019,11170.327586206897,LacZ_2,LacZ OE,-0.2798032536304146,-0.8913454720188778,3.3002379078289152,70,2500
3480,65.921875,105.86160714285714,559.9933035714286,940.0,1.4084714720259932,10202.439732142857,LacZ_2,LacZ OE,-0.19194476444901387,-0.8772472079747569,5.207060315768381,70,2500
3481,65.93009118541033,120.51671732522796,360.9939209726444,557.0,1.4175995296632058,13771.726443768997,LacZ_2,LacZ OE,0.24816728065038163,-0.840519946054965,9.710863222447045,70,2500
3482,66.11100569259962,128.57779886148006,399.11859582542695,1429.0,1.3933508978394298,15390.204933586338,LacZ_2,LacZ OE,0.16373519993870067,-0.8219151437206487,8.924124827932182,70,2500
3483,67.66202346041055,145.32184750733137,347.3526392961877,1769.0,1.2228680484841938,17639.117302052786,LacZ_2,LacZ OE,0.2780169217869639,-0.781822661694932,11.517586907339918,70,2500
3484,66.98487394957984,148.96638655462183,571.0655462184874,1784.0,1.5319905368245859,18784.28487394958,LacZ_2,LacZ OE,-0.2169123191041783,-0.775668534058249,5.589944709675358,70,2500
3485,65.61060329067642,161.14442413162706,299.14990859232176,776.0,1.3324732020271495,16720.99634369287,LacZ_2,LacZ OE,0.38461068060674397,-0.7440246226134519,10.435712851946995,70,2500
3486,66.83542713567839,171.30402010050253,277.92964824120605,1029.0,1.3020019851705784,22105.329145728643,LacZ_2,LacZ OE,0.43139550732240917,-0.7198022286864496,12.055434219579936,70,2500
3487,68.19281045751634,194.119825708061,313.58061002178647,1275.0,1.5765318141810785,23448.063180827885,LacZ_2,LacZ OE,0.3522325599038594,-0.6663406389574149,12.358118597449874,70,2500
3488,66.71308016877637,204.17088607594937,454.4746835443038,1203.0,1.3894044196850421,17003.26265822785,LacZ_2,LacZ OE,0.04050621913891517,-0.6441947796133678,7.496102823127103,70,2500
3489,66.65490196078431,223.87156862745098,274.27745098039213,1265.0,1.4222684730267214,25784.55,LacZ_2,LacZ OE,0.438976132788675,-0.5957716420384807,11.445870961746714,70,2500
3490,67.37581699346406,230.0016339869281,716.9542483660131,1592.0,1.3594674386564196,26772.61111111111,LacZ_2,LacZ OE,-0.5404719519797039,-0.5860983417818939,1.7871813556420193,70,2500
3491,67.23206751054852,250.04641350210971,274.8132911392405,1164.0,1.4524433923406044,21910.21835443038,LacZ_2,LacZ OE,0.4375075928977208,-0.5340236769515914,11.754309681537542,70,2500
3492,66.45144804088586,255.3015332197615,259.7197614991482,1616.0,1.4839268082049284,22473.62947189097,LacZ_2,LacZ OE,0.47088911046475057,-0.5214820959007105,11.274383378076351,70,2500
3493,67.63063063063063,288.46027846027846,279.7502047502048,1534.0,1.37304371748939,22762.186732186732,LacZ_2,LacZ OE,0.42619319766710495,-0.4434584265615523,11.661881715381476,70,2500
3494,66.90204326923077,304.6081730769231,193.23677884615384,2148.0,1.8062121318723623,31044.685096153848,LacZ_2,LacZ OE,0.6174717171046993,-0.40444720298189885,12.792310553477414,70,2500
3495,67.05970149253731,330.22702278083267,214.4037706205813,1555.0,1.3526151755434588,34632.82953652789,LacZ_2,LacZ OE,0.5703871197314916,-0.3442441107213403,12.205874304673827,70,2500
3496,66.54231119199272,342.7579617834395,200.9235668789809,1330.0,1.4462953178492393,36037.82984531392,LacZ_2,LacZ OE,0.6001154117770273,-0.31455199375067655,11.880309658106235,70,2500
3497,67.32756964457252,384.9106628242075,164.45533141210376,1296.0,1.3262844426540672,42014.48414985591,LacZ_2,LacZ OE,0.6803471171846112,-0.21470963250014485,13.103090114058695,70,2500
3498,66.1,391.04532374100717,234.11726618705035,1769.0,1.407912101191615,47610.32733812949,LacZ_2,LacZ OE,0.5262353344963937,-0.2010231276862936,10.191985521250807,70,2500
3499,66.19002375296913,392.62470308788596,218.18646080760095,1064.0,1.4037751312361522,39887.262470308786,LacZ_2,LacZ OE,0.561459756186085,-0.1971228364191442,10.637899565934532,70,2500
3500,66.34057142857142,396.408,122.65485714285714,1124.0,1.4090061091120778,31734.416,LacZ_2,LacZ OE,0.7727637435365806,-0.1871590243154463,12.978363325487834,70,2500
3501,66.42537313432835,431.90597014925373,189.88283582089554,1585.0,1.2332822180275376,51583.596268656715,LacZ_2,LacZ OE,0.6236847719355489,-0.10415467720724503,11.148707692459972,70,2500
3502,67.18443316412859,437.63056965595035,278.53017484489567,2329.0,1.40286909818438,35315.41737168641,LacZ_2,LacZ OE,0.4274721138202744,-0.09159603631196689,9.78503318212124,70,2500
3503,66.55355249204666,447.09437963944856,382.57847295864264,2450.0,1.4222095850229657,24151.473488865322,LacZ_2,LacZ OE,0.19722295990336525,-0.0704162504680994,6.636266346620204,70,2500
3504,66.96877869605143,450.53076216712583,231.04407713498622,1331.0,1.4230391036677383,47821.33425160698,LacZ_2,LacZ OE,0.5324138323653731,-0.06065711402551366,10.550220147014741,70,2500
3505,66.98317914213625,458.322960470984,185.5138772077376,1461.0,1.5148926003417167,50245.901597981494,LacZ_2,LacZ OE,0.6330659715217739,-0.041782774879071005,11.549761946092367,70,2500
3506,68.82005441119315,462.6043528954528,340.21570151574036,3339.0,1.4526223061466368,31467.490478041196,LacZ_2,LacZ OE,0.29067660181719335,-0.03332035791718391,9.73785480756301,70,2500
3507,66.6826171875,467.5908203125,207.982421875,1389.0,1.5363694504978658,52559.92578125,LacZ_2,LacZ OE,0.5832837799879742,-0.020172590351311137,10.63486188886668,70,2500
3508,65.78264680105171,477.8089395267309,162.94829097283085,1408.0,1.378234695418797,46320.26993865031,LacZ_2,LacZ OE,0.682862232606795,0.004397697630180941,10.685029862433147,70,2500
3509,67.51815878378379,477.6993243243243,378.02111486486484,3104.0,1.7064847758218729,26581.48099662162,LacZ_2,LacZ OE,0.20695941848283672,0.0018454298396317625,7.4074147331044315,70,2500
3510,66.52717391304348,485.1222826086956,131.5480072463768,1391.0,1.355787498511151,35625.94746376811,LacZ_2,LacZ OE,0.7522210925172041,0.022005896562929728,12.089761424688035,70,2500
3511,65.8888174807198,483.47172236503854,394.45501285347046,1930.0,1.4062332350683184,18783.294344473008,LacZ_2,LacZ OE,0.1706304122723168,0.015245737738558196,5.339029759466882,70,2500
3512,66.7346553352219,495.2162417374882,191.79320113314446,1376.0,1.3625026445220996,57881.89801699717,LacZ_2,LacZ OE,0.6188298645124588,0.0451664227955455,10.794035292078995,70,2500
3513,67.28146258503402,499.44812925170066,216.73469387755102,1485.0,1.3452004258082977,51505.066326530614,LacZ_2,LacZ OE,0.5635816006037937,0.054890390700035985,10.717849361243893,70,2500
3514,65.82034830430797,514.608615948671,168.73510540788268,1411.0,1.630697011605617,48532.21539871678,LacZ_2,LacZ OE,0.6697018363883043,0.09113797982889404,10.22783378962285,70,2500
3515,67.0222602739726,520.3142123287671,205.2876712328767,1468.0,1.381442959495565,54703.59760273973,LacZ_2,LacZ OE,0.5887178160186064,0.10422708364451272,10.521456724791904,70,2500
3516,67.42105263157895,521.9138755980862,144.99712918660288,1347.0,1.3070215445294793,43092.239234449764,LacZ_2,LacZ OE,0.7220648958040881,0.10866352866245532,12.309929024575013,70,2500
3517,68.18674314850223,559.095602294455,281.5570427023582,1857.0,1.1787942626569947,29806.481835564053,LacZ_2,LacZ OE,0.4195486408055418,0.1949028409355249,9.528250302099423,70,2500
3518,65.21187800963082,567.4237560192616,156.32263242375603,865.0,1.560292018733468,35282.84109149277,LacZ_2,LacZ OE,0.6966828911808822,0.21583785049908322,9.39225429501274,70,2500
3519,67.98515667949422,570.6289169873556,288.8169323804288,2529.0,1.4887595406737988,33228.490379329305,LacZ_2,LacZ OE,0.4033861282432867,0.22202398506887855,9.044667414966113,70,2500
3520,67.48229461756374,597.9737960339943,152.6012747875354,1712.0,1.1870971834180357,38040.412181303116,LacZ_2,LacZ OE,0.704502874537555,0.2879907631897054,11.44984441991268,70,2500
3521,66.22722029988466,590.883506343714,286.05074971164936,1100.0,1.420792281573568,20551.755478662053,LacZ_2,LacZ OE,0.4094007522853209,0.26978990832397387,7.153639181085005,70,2500
3522,67.22282189668465,607.6491904394757,291.6599845797995,1692.0,1.3323091103781142,24863.63531225906,LacZ_2,LacZ OE,0.3967775491238015,0.30929827942331944,7.854155965146319,70,2500
3523,66.65839909808342,638.6426155580609,181.97294250281848,1175.0,1.3353212684782425,31521.721533258173,LacZ_2,LacZ OE,0.639171863377695,0.3835819465065762,9.543681910701238,70,2500
3524,66.83901135604542,634.3540414161656,211.3987975951904,1856.0,1.5820052467881516,30284.49231796927,LacZ_2,LacZ OE,0.5741040303007261,0.37315104109689834,9.080231382720036,70,2500
3525,65.84279475982532,651.0363901018923,161.3420669577875,908.0,1.3978681133221584,29044.704512372635,LacZ_2,LacZ OE,0.6847366114938167,0.41302129314848135,9.08803236808913,70,2500
3526,65.52126200274348,667.363511659808,241.62688614540465,880.0,1.471421717816835,15382.687242798354,LacZ_2,LacZ OE,0.5069779559080183,0.45065496784465053,6.735334872523907,70,2500
3527,65.85663082437276,670.1405017921147,302.0430107526882,1741.0,1.3882038767498828,18196.217921146952,LacZ_2,LacZ OE,0.37327275514215086,0.4565574664551366,5.635047700503378,70,2500
3528,64.57590361445783,690.2578313253013,151.3012048192771,537.0,1.5187094179577145,22068.580722891566,LacZ_2,LacZ OE,0.7066364098404785,0.5056159092399799,7.67193509499868,70,2500
3529,66.01412239408205,706.5628782784129,227.3577673167451,2055.0,1.7823878334409888,20169.600537995964,LacZ_2,LacZ OE,0.5381413578010077,0.543283560235251,7.1772091522204775,70,2500
3530,66.6509186351706,705.1233595800525,281.9483814523185,1471.0,1.3035275724080477,16058.895888013998,LacZ_2,LacZ OE,0.41734938294957735,0.5393103402468773,6.555301075911366,70,2500
3531,65.60884955752212,704.7221238938054,128.62300884955752,737.0,1.3009820452645526,20326.46017699115,LacZ_2,LacZ OE,0.7566149534124336,0.5400035561183842,9.09171638181337,70,2500
3532,66.2884479092842,741.8752657689582,316.2055279943303,1773.0,1.5125749140894071,24022.075124025512,LacZ_2,LacZ OE,0.341224081401555,0.6256199324939458,5.0348451941346895,70,2500
3533,65.83952702702703,741.4172297297297,601.1182432432432,773.0,1.5766544226784036,21168.849662162163,LacZ_2,LacZ OE,-0.28907203576188034,0.6214382556083546,-2.0511606415444774,70,2500
3534,65.13182527301092,754.6177847113885,379.9594383775351,1535.0,1.4667050442925627,16287.857254290171,LacZ_2,LacZ OE,0.2001152566906803,0.654958611801296,2.2677488439880307,70,2500
3535,66.5670731707317,767.8932926829268,196.45045731707316,1549.0,1.4225626090225987,24623.482469512193,LacZ_2,LacZ OE,0.6058968628730879,0.6882962224301659,7.850520442147385,70,2500
3536,67.11491442542787,763.59902200489,568.481662591687,645.0,1.3015576336322965,29048.01466992665,LacZ_2,LacZ OE,-0.217149360378721,0.674143330870713,-0.2323668711483151,70,2500
3537,66.63388429752067,777.3586776859504,546.4247933884297,1503.0,1.3678116010899664,27579.55041322314,LacZ_2,LacZ OE,-0.1684603370656017,0.7068275940432027,-0.33366876488554453,70,2500
3538,67.42527754056363,775.5362937660119,305.28437233134076,1516.0,1.4287219940386169,15007.520068317677,LacZ_2,LacZ OE,0.36500095321479264,0.7051632021554082,6.09661515026918,70,2500
3539,66.08059384941676,801.1876988335101,321.7030752916225,1136.0,1.2709225867825,16743.92788971368,LacZ_2,LacZ OE,0.3284985162082448,0.7654603029500902,4.1186878541646195,70,2500
3540,67.68201754385964,57.5328947368421,582.7390350877193,748.0,1.2148919882116322,11507.782894736842,LacZ_2,LacZ OE,-0.24188942912625944,-0.9914504141331929,6.9091736868113145,70,2500
3541,66.1779497098646,132.66924564796906,471.3268858800774,857.0,1.6105236930875824,10843.553191489362,LacZ_2,LacZ OE,0.0039428772400689205,-0.81304619722232,7.267748511205632,70,2500
3542,67.3758389261745,172.2339405560882,292.9223394055609,1397.0,1.338562541681491,22881.15819750719,LacZ_2,LacZ OE,0.39818965153660857,-0.717759073503905,12.237076144882373,70,2500
3543,70.03701211305518,184.52086137281293,551.6541049798116,1922.0,1.292790757601081,25570.691117092865,LacZ_2,LacZ OE,-0.1744693604553813,-0.6915232116385146,8.745809000841668,70,2500
3544,67.28878923766815,202.2932735426009,536.2529147982062,1291.0,1.2340704419730033,14887.28340807175,LacZ_2,LacZ OE,-0.1404266083018606,-0.6494977185100572,6.183631756787172,70,2500
3545,66.89793702497286,211.7459283387622,342.7404994571118,1081.0,1.292330680655472,16260.633007600434,LacZ_2,LacZ OE,0.2876173611959518,-0.6251105232541313,10.211477200863449,70,2500
3546,68.59959072305594,211.46657571623464,363.2203274215552,1726.0,1.409321121910779,18908.321964529332,LacZ_2,LacZ OE,0.24222377666032902,-0.6259527930650464,11.437906668319442,70,2500
3547,68.25755166931637,222.7965023847377,237.86804451510335,1714.0,1.4142823174693213,21677.840222575516,LacZ_2,LacZ OE,0.5194536836964787,-0.5978758898713119,13.907278688303073,70,2500
3548,66.96014067995311,229.11254396248535,349.37749120750294,1051.0,1.3103793262566115,15287.237983587338,LacZ_2,LacZ OE,0.2727628379641982,-0.5842171475911748,9.949057416292739,70,2500
3549,67.12121212121212,235.74242424242425,298.06767676767674,1238.0,1.3136029626209444,23183.741414141416,LacZ_2,LacZ OE,0.38620511380454636,-0.5680184051223395,11.24132432220776,70,2500
3550,67.5803156917363,236.26833797585886,342.03156917363043,1286.0,1.3620805885943916,16718.592386258126,LacZ_2,LacZ OE,0.2889132265153569,-0.5672443767386535,10.670277410311762,70,2500
3551,67.83513513513513,236.93873873873875,283.5405405405405,1402.0,1.290317393989935,25050.90900900901,LacZ_2,LacZ OE,0.4182956030456768,-0.5650226637308536,12.28196402678423,70,2500
3552,70.19598965071151,278.7432082794308,217.16429495472187,2188.0,1.8378100231741896,21704.188227684346,LacZ_2,LacZ OE,0.5646159271109035,-0.46564126117040294,15.780440534249863,70,2500
3553,67.46559849198869,284.68426013195096,239.37229029217718,1431.0,1.4042790068640734,30421.38642789821,LacZ_2,LacZ OE,0.5155679300344624,-0.45193091554805376,12.47510559302443,70,2500
3554,69.24033149171271,313.335635359116,214.7831491712707,983.0,1.3164644856320473,28966.734806629833,LacZ_2,LacZ OE,0.5695985311356861,-0.3840414490752101,14.542200784638574,70,2500
3555,69.61864913329349,339.14345487148836,305.77525403466825,2554.0,1.7590589778907102,22362.365212193665,LacZ_2,LacZ OE,0.36802382140030576,-0.32414511606684815,12.54678498976741,70,2500
3556,67.81307627829003,356.6689019279128,157.8030176026823,1432.0,1.328516597869089,33434.55741827326,LacZ_2,LacZ OE,0.6953124504176404,-0.28124237279549713,14.019786663394797,70,2500
3557,67.93333333333334,361.50916666666666,273.42,1503.0,1.260123037710903,28348.015833333335,LacZ_2,LacZ OE,0.4394753478086739,-0.2710768570443628,11.397464552279423,70,2500
3558,68.0171858216971,358.55746509129966,196.83029001074115,1217.0,1.4168070434527622,32664.277121374867,LacZ_2,LacZ OE,0.608942039271229,-0.2772064229951847,13.295576758621813,70,2500
3559,68.7677261613692,356.6369193154034,285.5794621026895,1179.0,1.392535076247511,26878.42053789731,LacZ_2,LacZ OE,0.4125785011306691,-0.282682268511695,11.995798809373142,70,2500
3560,67.89149198520346,364.4537607891492,147.82737361282366,1075.0,1.6033010025009276,33830.96670776819,LacZ_2,LacZ OE,0.7173025914487596,-0.26276961649165276,14.2545692308409,70,2500
3561,68.40887096774193,369.13870967741934,352.8661290322581,1492.0,1.261038997701968,16448.418548387097,LacZ_2,LacZ OE,0.26361511578313457,-0.2539315289891948,9.946216380316201,70,2500
3562,67.59654178674351,373.0778097982709,133.48631123919307,1661.0,1.447480622749966,36530.4113832853,LacZ_2,LacZ OE,0.748961699071707,-0.24227856135309367,14.209659916670176,70,2500
3563,67.72107081174438,383.793609671848,401.26683937823833,1437.0,1.4383227962955598,20141.555267702937,LacZ_2,LacZ OE,0.1564300537816865,-0.21990470085674396,7.986989420871069,70,2500
3564,67.79450841452613,398.7023914968999,278.2356067316209,1502.0,1.4372579977059297,31362.010628875112,LacZ_2,LacZ OE,0.42846890895771494,-0.183401775429072,10.782588846671949,70,2500
3565,69.0452806122449,396.2876275510204,323.3329081632653,1935.0,1.3390374311526323,19712.714923469386,LacZ_2,LacZ OE,0.32865707114172404,-0.1895583713003458,11.0053029114408,70,2500
3566,67.50637958532695,407.3708133971292,238.6475279106858,1553.0,1.4808041844462227,50857.915470494416,LacZ_2,LacZ OE,0.5159822150233901,-0.1625319934315933,11.332607491647714,70,2500
3567,67.71183378500452,414.4959349593496,184.4598012646793,1358.0,1.328730355076293,52137.43179765131,LacZ_2,LacZ OE,0.6357843252169417,-0.1451328518549554,12.731486463433157,70,2500
3568,67.03724928366762,421.20343839541545,211.55396370582616,1414.0,1.6918642715452354,48737.67430754537,LacZ_2,LacZ OE,0.5758127983202863,-0.1296206970982532,11.359900130711061,70,2500
3569,68.99956445993031,438.0243902439024,291.4028745644599,3669.0,1.823748247014001,27352.703832752613,LacZ_2,LacZ OE,0.3988957040591643,-0.09076532069600218,11.295651442008634,70,2500
3570,68.93056994818653,434.9243523316062,135.64507772020724,2291.0,1.276054389749036,37087.83316062176,LacZ_2,LacZ OE,0.7435184430185988,-0.09638937193560748,14.88793407776702,70,2500
3571,67.81063553826199,451.18806744487676,322.94617380025943,1840.0,1.4215461698091725,21405.761997405967,LacZ_2,LacZ OE,0.32904529253376147,-0.06008450720245606,9.243013074958391,70,2500
3572,66.928,450.0,263.3744,1216.0,1.613382958144553,37444.0736,LacZ_2,LacZ OE,0.46089541394162725,-0.06226074650113922,9.760982078003444,70,2500
3573,70.63176007866274,463.53638151425764,377.6322517207473,2822.0,1.6947473225678062,27210.508849557522,LacZ_2,LacZ OE,0.20779582354029036,-0.03148648493423467,10.667632530471131,70,2500
3574,68.1841155234657,466.0667870036101,255.30685920577616,1778.0,1.63994211387898,41633.27436823105,LacZ_2,LacZ OE,0.4785231841211737,-0.02424659043295274,11.047590913892122,70,2500
3575,67.94484629294756,468.10759493670884,170.6745027124774,1478.0,1.3883613984204084,47287.82007233273,LacZ_2,LacZ OE,0.6657513390625749,-0.01852006514122162,12.761331460259797,70,2500
3576,66.82016348773843,480.94732061762033,180.05449591280654,1340.0,1.5205408624049115,47118.227974568574,LacZ_2,LacZ OE,0.6449335062945685,0.011638536032676061,11.292744969240331,70,2500
3577,68.3840479483633,491.25403411710465,356.96542185338865,2648.0,1.4386902596039062,29360.21807284463,LacZ_2,LacZ OE,0.2533658687373337,0.03406615820400449,8.631267694648614,70,2500
3578,66.66098807495742,492.79727427597953,298.8211243611584,876.0,1.6691879991744132,20768.088586030666,LacZ_2,LacZ OE,0.38207493762308586,0.03829778986807253,8.249085948871354,70,2500
3579,66.98064516129033,509.2112903225806,232.57822580645163,1569.0,1.3954590905756812,47276.70725806452,LacZ_2,LacZ OE,0.5284514097097119,0.07774074907565987,9.952286913985823,70,2500
3580,68.82649842271293,512.810094637224,281.392429022082,2818.0,1.5711368596846012,27869.596214511042,LacZ_2,LacZ OE,0.420327582891449,0.08574207540557555,10.624418973471592,70,2500
3581,66.61940298507463,515.5671641791045,289.6044776119403,636.0,1.6192968281070546,23300.01741293532,LacZ_2,LacZ OE,0.40224713640503373,0.09210590767194926,8.199624154662537,70,2500
3582,67.1740947075209,538.0605849582173,309.5396935933148,1970.0,1.386030522203412,34978.71727019499,LacZ_2,LacZ OE,0.35789736489789115,0.14495923974540603,8.069382908793735,70,2500
3583,69.24602473498233,556.1824204946996,301.18374558303884,2872.0,1.6466518228130251,26648.262367491167,LacZ_2,LacZ OE,0.37610114221497004,0.18784254843930515,10.1581654981956,70,2500
3584,68.02486402486403,562.7700077700077,166.7008547008547,1600.0,1.3452563370639392,40652.84693084693,LacZ_2,LacZ OE,0.6736223769489673,0.2048123230182406,12.00793509386338,70,2500
3585,67.46983676366217,586.1625266146203,142.8417317246274,1811.0,1.293603741985505,34543.454222853085,LacZ_2,LacZ OE,0.7262092217986575,0.26023621847920064,11.780440816196126,70,2500
3586,67.92774308652989,580.8090990187333,197.56199821587867,1473.0,1.3567432055103401,42437.77430865299,LacZ_2,LacZ OE,0.6051775258011931,0.24702547270210595,11.014964801871663,70,2500
3587,67.24961360123648,584.4636785162287,322.6190108191654,1517.0,1.2595041900753312,22185.35316846986,LacZ_2,LacZ OE,0.32850860383043456,0.2542735810209562,7.386049946962565,70,2500
3588,68.61675126903553,588.2,207.78477157360405,2915.0,1.4146273158117022,33408.08984771574,LacZ_2,LacZ OE,0.5824541573149411,0.26436377651453014,11.393145504369734,70,2500
3589,66.54022015241321,600.727349703641,276.541066892464,1749.0,1.9643179555494332,24603.288738357325,LacZ_2,LacZ OE,0.4303279833676341,0.29311964840216076,7.591927037314065,70,2500
3590,68.15956284153006,609.3737704918033,118.8,1109.0,1.2097426153575515,26378.234972677597,LacZ_2,LacZ OE,0.7791374794826871,0.31526292412599544,12.803332199289834,70,2500
3591,67.63254310344827,615.6907327586207,157.7855603448276,1235.0,1.3836448095110365,39350.30387931035,LacZ_2,LacZ OE,0.6928542911367388,0.32972823833823695,11.305878955609145,70,2500
3592,65.68181818181819,630.3833333333333,166.9530303030303,919.0,1.3337763590015301,33468.81060606061,LacZ_2,LacZ OE,0.6725313979509362,0.3642408049780621,8.998343119515347,70,2500
3593,67.5708367854184,631.4333057166529,268.6155758077879,1552.0,1.4879303329343885,22002.19884009942,LacZ_2,LacZ OE,0.44751150776461435,0.3656576397104314,8.506592374852382,70,2500
3594,67.61149825783973,640.476480836237,128.0670731707317,1430.0,1.3931375858361348,40519.13588850174,LacZ_2,LacZ OE,0.7583629626647168,0.38851420833675676,11.735157264675664,70,2500
3595,67.79885993485343,644.9397394136807,218.51384364820848,1652.0,1.28438571211468,28122.780944625407,LacZ_2,LacZ OE,0.5582111020755696,0.3980650549818896,9.770358751173916,70,2500
3596,66.48854166666666,658.7583333333333,191.80104166666666,1271.0,1.694876649652278,36233.14375,LacZ_2,LacZ OE,0.6172429215358759,0.4309199209831407,8.947993437637642,70,2500
3597,68.93416239941477,669.5457205559619,169.525237746891,1636.0,1.3113216734506994,30988.04608632041,LacZ_2,LacZ OE,0.6662937997778278,0.45666245487681123,11.806586428794347,70,2500
3598,67.80501618122977,680.2491909385113,156.69498381877023,1511.0,1.320215077775239,28930.39644012945,LacZ_2,LacZ OE,0.6946334811558847,0.4820229653320671,10.872187074983728,70,2500
3599,68.63052543786489,692.7406171809841,289.8457047539616,1439.0,1.285824632387593,20717.476230191827,LacZ_2,LacZ OE,0.39989531287681435,0.5100617352501062,8.471309836318731,70,2500
3600,67.69839449541284,697.6639908256881,868.2098623853211,1091.0,1.1646291436511806,18764.55504587156,LacZ_2,LacZ OE,-0.8796422138006348,0.5153789077609765,-5.991153016252717,70,2500
3601,67.73472041612484,711.5682704811444,271.54616384915477,951.0,1.3638275577780457,15453.46944083225,LacZ_2,LacZ OE,0.44024425192755867,0.5546500387259332,7.818200232236826,70,2500
3602,67.31506849315069,749.4357876712329,484.8150684931507,1417.0,1.3947504646647306,16682.741438356163,LacZ_2,LacZ OE,-0.031923732345482514,0.6416476999942635,2.0566566979986973,70,2500
3603,67.3838065194532,750.3049421661409,341.3753943217666,1086.0,1.2696584413772107,15648.915878023134,LacZ_2,LacZ OE,0.28540161143810994,0.6452555902282142,5.4606474071161415,70,2500
3604,67.55160932297447,764.3784683684795,165.87458379578246,1131.0,1.3466846863056299,23278.6859045505,LacZ_2,LacZ OE,0.6735242083070787,0.6803597323249244,9.581890991695417,70,2500
3605,68.78168438266557,764.0130825838103,220.89533932951758,1517.0,1.3614628891339877,22253.843008994278,LacZ_2,LacZ OE,0.5517395590144625,0.6789290287374767,9.532537395133168,70,2500
3606,66.80825451418745,775.2115219260534,363.09888220120376,1403.0,1.2818624533761902,18419.73946689596,LacZ_2,LacZ OE,0.23713064211740198,0.7037558213583515,4.135230242277601,70,2500
3607,68.11274871039056,794.0876934414149,400.86219602063375,1679.0,1.2639409528617132,18774.151805453206,LacZ_2,LacZ OE,0.15333530474457535,0.747900571408814,4.374339386977944,70,2500
3608,67.91981672394043,798.3711340206186,521.2073310423826,1138.0,1.202059266581926,25444.22680412371,LacZ_2,LacZ OE,-0.11294050402811973,0.756694218018257,1.3341556033237225,70,2500
3609,67.21056845476382,803.337870296237,458.52842273819056,1472.0,1.4380364869503057,16823.706164931944,LacZ_2,LacZ OE,0.025715143995118206,0.7690734511460531,2.037679685882665,70,2500
3610,67.15853658536585,804.9866962305987,579.9445676274945,1102.0,1.3096225262446544,21361.90354767184,LacZ_2,LacZ OE,-0.24291189417810244,0.7716442284636043,-0.8608430417153485,70,2500
3611,67.01777777777778,833.2466666666667,327.22222222222223,585.0,1.3233861723996259,15296.595555555556,LacZ_2,LacZ OE,0.31592967047624,0.8410417522950757,4.613301639084369,70,2500
3612,69.47011952191235,113.32470119521912,494.6284860557769,1286.0,1.2681986380135006,18451.780876494024,LacZ_2,LacZ OE,-0.047591169136728895,-0.858853292736032,10.204908497754502,70,2500
3613,68.12638580931264,133.77161862527717,435.6319290465632,695.0,1.5469016091495045,15670.80044345898,LacZ_2,LacZ OE,0.08280088383135165,-0.8100142103469412,10.036876857112432,70,2500
3614,69.43937924345296,178.6062075654704,490.9854510184287,1344.0,1.421525234230712,20798.350145489814,LacZ_2,LacZ OE,-0.04016156631343215,-0.7048300042705965,9.6204964425376,70,2500
3615,69.72744479495267,187.78044164037854,696.9943217665615,1971.0,1.2186959094922076,22606.50031545741,LacZ_2,LacZ OE,-0.49602685010141967,-0.6854184572232926,5.016373016036333,70,2500
3616,68.6353982300885,199.20442477876105,572.8389380530973,1418.0,1.2913516763733877,17396.242477876105,LacZ_2,LacZ OE,-0.22140703757111013,-0.6571498027716494,6.707155767280987,70,2500
3617,68.77398720682302,207.4498933901919,277.20255863539444,1121.0,1.2510652000393363,25859.44882729211,LacZ_2,LacZ OE,0.432554162543592,-0.6344900581045778,13.656733012078256,70,2500
3618,68.55480769230769,261.95480769230767,239.95096153846154,1273.0,1.1899340318500677,22337.981730769232,LacZ_2,LacZ OE,0.5144513320847974,-0.505526020908729,13.772824240506722,70,2500
3619,67.75652173913043,272.74589371980676,308.44444444444446,1266.0,1.6507814422303149,19148.87149758454,LacZ_2,LacZ OE,0.36285732271377547,-0.4808335745647989,11.272553638223862,70,2500
3620,70.10204081632654,299.22585034013605,292.8809523809524,1907.0,1.4840759631709737,21574.955102040818,LacZ_2,LacZ OE,0.3969116295012789,-0.41815088786420096,13.721093679244433,70,2500
3621,68.80607082630691,313.1239460370995,285.9949409780776,1396.0,1.3051537374798285,23579.34738617201,LacZ_2,LacZ OE,0.41207833949528916,-0.3853232686747873,12.450104458949319,70,2500
3622,71.29241306638566,357.3277133825079,348.22708113804003,2427.0,1.4771163382208614,17783.5779768177,LacZ_2,LacZ OE,0.27384350847277306,-0.28167486979632106,13.0525186533349,70,2500
3623,68.2632594021215,372.8457087753134,267.1398264223722,2188.0,1.6724327040078222,26154.323047251688,LacZ_2,LacZ OE,0.45324248982796655,-0.24426082521734582,11.762786807731992,70,2500
3624,67.97874224977856,402.1062887511072,209.95394154118688,1406.0,1.3667687961261845,52752.762621789196,LacZ_2,LacZ OE,0.5794887015649635,-0.17462774837286132,12.525205694463082,70,2500
3625,68.88510101010101,407.20454545454544,153.2689393939394,1009.0,1.2704870749612136,44275.479797979795,LacZ_2,LacZ OE,0.7047990188894444,-0.16196643372822705,14.702807632478496,70,2500
3626,70.5403673643742,415.157624946604,385.0969671080735,3134.0,1.4399111959017517,18387.390004271678,LacZ_2,LacZ OE,0.19175413832393784,-0.14568421821954936,10.875513560385919,70,2500
3627,69.5307760927743,411.37912578055307,199.15967885816235,1345.0,1.4424520957057445,48608.578055307764,LacZ_2,LacZ OE,0.603199346444401,-0.15260266244995735,14.237662644303079,70,2500
3628,68.80903104421449,411.5230479774224,222.37064910630292,1346.0,1.4297036882164533,53377.11382878645,LacZ_2,LacZ OE,0.5518847023322626,-0.1525314750243132,12.973660585608478,70,2500
3629,68.83812405446294,421.55673222390317,240.9500756429652,1743.0,1.5334186887736103,50418.86081694403,LacZ_2,LacZ OE,0.5106821143641425,-0.12906516334617046,12.471479297090951,70,2500
3630,68.25967325881341,425.4823731728289,176.54858125537405,1409.0,1.4860623700247984,49730.41874462597,LacZ_2,LacZ OE,0.6531520209871582,-0.11911996683612958,13.356099257870532,70,2500
3631,68.37221727515583,435.97773820124667,154.37221727515583,1361.0,1.304539797132971,49233.101513802314,LacZ_2,LacZ OE,0.7021063121090305,-0.09412058798189649,13.882899781061155,70,2500
3632,69.3302752293578,433.72660550458716,246.2623853211009,1460.0,1.499115595478998,49802.0871559633,LacZ_2,LacZ OE,0.49878629669542685,-0.10040555344214719,12.7205860790395,70,2500
3633,69.03638059701493,442.7089552238806,187.58488805970148,1418.0,1.4132454258416107,54825.90858208955,LacZ_2,LacZ OE,0.628529144348523,-0.07858831608322192,13.706770537872409,70,2500
3634,69.39593417231364,463.75701839303,128.62923523717328,1380.0,1.263844727060054,32137.666989351404,LacZ_2,LacZ OE,0.758736854626378,-0.02829282527256971,15.234647656066421,70,2500
3635,68.24419684308263,483.974930362117,148.47168059424328,1261.0,1.3311274516830778,38612.263695450325,LacZ_2,LacZ OE,0.7147025343224525,0.01915514150943287,13.422945156106394,70,2500
3636,69.27740189445196,479.6786197564276,210.67388362652233,1912.0,1.6246064082913414,53037.77266576455,LacZ_2,LacZ OE,0.5770782904628966,0.008369859840035243,13.047828644314173,70,2500
3637,68.37894736842105,491.8231578947368,205.1,1215.0,1.3578068992070973,52990.00105263158,LacZ_2,LacZ OE,0.5893385489451466,0.0370560685795609,12.160794220438582,70,2500
3638,67.76259798432251,500.92049272116463,288.36506159014556,1307.0,1.6280047782168054,25339.315789473683,LacZ_2,LacZ OE,0.40507177190604216,0.05759723102866299,9.514624975019338,70,2500
3639,68.57032967032967,499.6978021978022,154.07252747252747,1144.0,1.312823705482105,40629.08791208791,LacZ_2,LacZ OE,0.70214257848913,0.05618855968972314,13.464603816446342,70,2500
3640,67.71931330472103,506.6609442060086,204.74678111587983,1477.0,1.4719408230854991,52712.85922746781,LacZ_2,LacZ OE,0.5900105217070675,0.07204386001567875,11.36445675575358,70,2500
3641,67.42484662576688,533.4877300613497,118.80061349693251,797.0,1.267174637313017,29344.993865030676,LacZ_2,LacZ OE,0.779908314637503,0.13624795486761299,12.81117942603666,70,2500
3642,69.94790257104195,528.9330175913396,254.37753721244925,1806.0,1.2644633070420015,32301.76184032476,LacZ_2,LacZ OE,0.4798797518505791,0.12409112854076065,12.21749928259969,70,2500
3643,68.35283528352835,533.1917191719172,170.985598559856,1360.0,1.3787985486228957,45434.02340234024,LacZ_2,LacZ OE,0.6644122951038767,0.13500476021781926,12.525263056453014,70,2500
3644,69.05284147557327,543.0458624127617,183.75772681954138,1413.0,1.4443622846562665,47233.088733798606,LacZ_2,LacZ OE,0.636024486199932,0.15812589443845848,12.830912998685143,70,2500
3645,69.4469987228608,547.3180076628353,170.17752234993614,1154.0,1.4148325837435973,42446.19029374202,LacZ_2,LacZ OE,0.6660068077645462,0.16835925923286843,13.499726031580522,70,2500
3646,67.34550561797752,556.1601123595506,154.25842696629215,646.0,1.5172345760342365,31597.536516853932,LacZ_2,LacZ OE,0.7012483200502397,0.1893405379675801,11.683504232826856,70,2500
3647,69.13773796192609,565.8835386338186,144.83650615901456,1134.0,1.3266535801220676,29623.03359462486,LacZ_2,LacZ OE,0.7219061043560469,0.2124190579628542,13.599683912237118,70,2500
3648,68.28679245283018,572.2433962264151,181.26792452830188,1369.0,1.4208934853118744,35411.77169811321,LacZ_2,LacZ OE,0.6412898727695271,0.22700586777445442,11.837529389214112,70,2500
3649,69.41993801652893,582.3956611570248,273.88378099173553,2359.0,1.3765335046904625,33137.580578512396,LacZ_2,LacZ OE,0.4362353322859349,0.24997386609076244,10.711996305311906,70,2500
3650,70.72157564905999,593.4306177260519,167.3518352730528,1752.0,1.6812770205311185,29021.08594449418,LacZ_2,LacZ OE,0.6717461599248187,0.2771883416482821,14.388677109475545,70,2500
3651,69.62632696390658,608.6109341825902,261.0063694267516,2462.0,1.439718203589038,26700.214968152864,LacZ_2,LacZ OE,0.46446023557605987,0.31195424842885555,10.962062876815743,70,2500
3652,67.29756097560976,620.680487804878,210.81463414634146,550.0,1.3120225925953104,34150.1243902439,LacZ_2,LacZ OE,0.5755049943511628,0.34091499328090014,9.686011430867538,70,2500
3653,70.28626247122025,643.1158864159631,157.32847275518034,1769.0,1.432490245153694,33607.20030698388,LacZ_2,LacZ OE,0.693463023435861,0.3944835794852797,13.701123383693982,70,2500
3654,69.18101545253863,657.9308314937454,144.14348785871965,1614.0,1.397298300536985,29471.42604856512,LacZ_2,LacZ OE,0.7225464753546886,0.4295465328810353,12.758665023524742,70,2500
3655,67.44941634241245,705.1400778210117,250.45719844357976,718.0,1.4094912954127494,16167.772373540856,LacZ_2,LacZ OE,0.48697715051574475,0.539709652040163,8.087483024746085,70,2500
3656,68.37870855148343,734.3516579406631,328.12652705061083,1362.0,1.2470113696783174,20305.5,LacZ_2,LacZ OE,0.3148155406011057,0.6077918118680687,6.920141287845944,70,2500
3657,69.01616628175519,732.7821401077753,394.3664357197845,1554.0,1.2910561502319298,16096.939183987683,LacZ_2,LacZ OE,0.16825259094047063,0.603385584667375,6.028605031797781,70,2500
3658,68.2326420198377,756.0333633904419,290.88908926961227,1309.0,1.3845113037608772,16541.935076645626,LacZ_2,LacZ OE,0.3969951802252465,0.6593347590000063,7.430079792675521,70,2500
3659,67.9774964838256,754.8565400843881,126.0070323488045,850.0,1.220238560241138,20124.938115330522,LacZ_2,LacZ OE,0.7617948966044474,0.65834188039647,11.030156474265105,70,2500
3660,71.25181598062954,776.542372881356,564.5197740112994,1650.0,1.7224631668944952,33199.40677966102,LacZ_2,LacZ OE,-0.20872335816366416,0.7048112223822065,3.8689533555534155,70,2500
3661,69.3051948051948,792.0771103896104,425.59090909090907,1442.0,1.3083607531212218,18707.410714285714,LacZ_2,LacZ OE,0.09858481038840416,0.7429169955650547,5.00961209689374,70,2500
3662,67.4182561307902,814.1934604904632,348.4577656675749,907.0,1.2789786546298496,17821.806539509536,LacZ_2,LacZ OE,0.2691130787216218,0.7958782596156695,4.705007043251349,70,2500
3663,68.602787456446,139.1184668989547,684.7317073170732,558.0,1.5223805345893375,11373.724738675959,LacZ_2,LacZ OE,-0.4683688342637712,-0.8000938047206252,4.653961516273803,70,2500
3664,69.03097893432466,198.14126394052045,287.46964064436185,975.0,1.575675757725421,26244.023543990086,LacZ_2,LacZ OE,0.4099166693419667,-0.656552553173368,13.765362896508286,70,2500
3665,67.59250585480093,197.53864168618267,237.92271662763466,580.0,1.6989058063198719,20107.957845433255,LacZ_2,LacZ OE,0.5196114796675564,-0.6574693071365787,13.488251884534407,70,2500
3666,69.93579595426561,236.9155672823219,741.3553210202286,1501.0,1.3639653464278572,24513.890061565522,LacZ_2,LacZ OE,-0.5946546210568878,-0.5699962067859887,3.7098849690014433,70,2500
3667,68.93596584845251,265.12593383137676,349.0096051227321,1102.0,1.3156941923894478,15272.254002134472,LacZ_2,LacZ OE,0.27312616873652495,-0.4992205220473823,11.580531863116853,70,2500
3668,70.66788894709272,271.63331587218437,787.5374541644841,2445.0,1.7491029246864982,28569.596647459402,LacZ_2,LacZ OE,-0.697198935770169,-0.48858912409744937,3.025553875929674,70,2500
3669,71.15335753176043,275.3883847549909,236.56352087114337,1519.0,1.2963367314722658,23752.038112522685,LacZ_2,LacZ OE,0.5216812251768284,-0.4737431463372006,16.31809768853961,70,2500
3670,70.01923076923077,302.0618131868132,254.91071428571428,984.0,1.3827390493105074,23320.561813186814,LacZ_2,LacZ OE,0.48089154113979204,-0.411051436587335,14.495706469598233,70,2500
3671,69.48484848484848,306.5803489439853,266.277318640955,1364.0,1.357660973856031,20534.8246097337,LacZ_2,LacZ OE,0.45572865028125764,-0.4005287375570106,13.652321878393536,70,2500
3672,69.23312331233123,304.73267326732673,223.0972097209721,1403.0,1.2680044140617779,28846.543654365436,LacZ_2,LacZ OE,0.5512886124518721,-0.40442427571847206,14.425339754825245,70,2500
3673,68.20657276995306,313.09546165884194,231.64945226917058,1044.0,1.5514861411956469,29207.0813771518,LacZ_2,LacZ OE,0.5323402892407145,-0.38481454738054477,13.117945089534523,70,2500
3674,68.86818181818182,333.5890909090909,245.6109090909091,1398.0,1.2547637531618356,26519.622727272726,LacZ_2,LacZ OE,0.5012203257771075,-0.33661102584582736,13.25340621589092,70,2500
3675,69.4370786516854,337.17752808988763,275.52921348314607,1233.0,1.4992391247290726,23601.77191011236,LacZ_2,LacZ OE,0.43496674707914407,-0.3284583025637885,13.089580900933711,70,2500
3676,69.24481865284974,347.5181347150259,260.4002590673575,1128.0,1.2935255685085338,27492.68652849741,LacZ_2,LacZ OE,0.4683470240372638,-0.30390737994185857,13.148903870604734,70,2500
3677,68.93658088235294,349.1672794117647,337.1709558823529,1368.0,1.258897358732177,14924.538602941177,LacZ_2,LacZ OE,0.2985041279236549,-0.30085734018476407,11.035001096638617,70,2500
3678,70.14262295081967,348.7573770491803,183.21967213114755,769.0,1.2501546669397479,25050.983606557376,LacZ_2,LacZ OE,0.6390383193374443,-0.30012645500013124,15.833484667569856,70,2500
3679,69.36847710330139,364.34078807241747,338.038338658147,1302.0,1.6447912124378854,18416.085197018103,LacZ_2,LacZ OE,0.2964160522908301,-0.2650659789182974,11.2981069933698,70,2500
3680,68.70252469813391,380.15587266739846,302.3589462129528,1228.0,1.5855835894381811,23351.042810098792,LacZ_2,LacZ OE,0.37523239711544965,-0.22738984933803041,11.309394864921657,70,2500
3681,71.36428966279712,381.05085682697626,316.1288004422333,2269.0,1.231072084340721,21947.548922056383,LacZ_2,LacZ OE,0.344622570487654,-0.22536740666143829,13.64055973946784,70,2500
3682,67.98360655737704,377.8618266978923,334.08196721311475,634.0,1.7945565345348955,21200.824355971898,LacZ_2,LacZ OE,0.305109645951116,-0.23316156620761208,9.873640174673845,70,2500
3683,69.90587288817377,392.89782783588095,146.82783588093324,1494.0,1.3433904554294682,45261.65969428801,LacZ_2,LacZ OE,0.7191345930085533,-0.19561959687700214,16.013357438956824,70,2500
3684,70.10601976639713,397.633423180593,180.64869721473494,1417.0,1.3836504990661678,44620.68014375561,LacZ_2,LacZ OE,0.6442551914471468,-0.1848117411803063,15.378704140009546,70,2500
3685,70.31989596879063,407.6755526657997,286.32769830949286,1934.0,1.3401686925230474,30904.471391417424,LacZ_2,LacZ OE,0.4103491126502017,-0.16226623582798305,13.030752930696387,70,2500
3686,68.69352290679305,422.3870458135861,124.70774091627172,791.0,1.4756355268051158,38349.18167456556,LacZ_2,LacZ OE,0.7678491025523833,-0.12584882489039395,15.028571407318978,70,2500
3687,70.5440340909091,418.5490056818182,256.5035511363636,2001.0,1.4482522868547372,44464.625,LacZ_2,LacZ OE,0.47621347348903265,-0.13628951349400775,13.843693702861117,70,2500
3688,70.6129213483146,425.02191011235954,331.27696629213483,2165.0,1.407129575074004,21124.622471910112,LacZ_2,LacZ OE,0.31072308060816867,-0.12183102599645346,12.106167170095773,70,2500
3689,68.63119072708113,429.9747102212856,165.11380400421496,1146.0,1.3773695243738684,45050.34457323499,LacZ_2,LacZ OE,0.6783869681351582,-0.10839101147972785,13.950112883843218,70,2500
3690,71.30750307503075,452.1463714637146,247.23554735547356,2231.0,1.5072488383084688,48979.21586715867,LacZ_2,LacZ OE,0.49635292420397037,-0.056922867185755455,14.49430785160714,70,2500
3691,69.38178780284044,449.72598162071847,144.36257309941521,1517.0,1.3468277309270846,38053.371762740186,LacZ_2,LacZ OE,0.7240658499517554,-0.061559915847702595,14.990996310306208,70,2500
3692,70.2971741112124,474.11394712853235,226.52233363719233,1431.0,1.4599648959792655,52448.265268915224,LacZ_2,LacZ OE,0.5420172671603274,-0.004904617855625237,13.752261173929156,70,2500
3693,69.83926031294452,482.58890469416787,238.09530583214794,1791.0,1.4693539504856747,40531.57254623044,LacZ_2,LacZ OE,0.5163555887933002,0.01494990176588451,12.941806852625533,70,2500
3694,69.40796393688956,488.4139744552968,257.0428249436514,1698.0,1.5388091299292943,40054.89406461307,LacZ_2,LacZ OE,0.4744031692252515,0.0284745299931215,12.011972666382057,70,2500
3695,71.5505647491463,496.87706855791964,338.4313107433675,4798.0,1.6678604330718918,32333.504071447333,LacZ_2,LacZ OE,0.29415155882469723,0.04760300284674979,12.173821765784503,70,2500
3696,68.72849663425579,498.97830964846673,179.53103964098727,1638.0,1.379491133477941,55535.85041136874,LacZ_2,LacZ OE,0.6458184843804076,0.054218848568194256,13.036285450229407,70,2500
3697,69.4184938036225,525.230695900858,192.1429933269781,1269.0,1.3391411696795497,47865.16301239275,LacZ_2,LacZ OE,0.6176268956160904,0.11602127820847463,13.175250298139872,70,2500
3698,69.58594293667363,536.5010438413361,203.22616562282533,1953.0,1.5071238640300315,46072.08698677801,LacZ_2,LacZ OE,0.5929894536939786,0.14248908835466922,12.974031494948242,70,2500
3699,70.66584665846659,564.6334563345633,257.15375153751535,3237.0,1.2981629809819815,41180.38335383354,LacZ_2,LacZ OE,0.47335530407444715,0.20828674615235987,12.521262746320517,70,2500
3700,70.19351851851852,571.8592592592593,156.92777777777778,1444.0,1.361220002516461,32640.38703703704,LacZ_2,LacZ OE,0.6950437187933065,0.22640736953427498,14.31480626190725,70,2500
3701,70.97967764540995,583.0497547302032,248.26909600560617,1783.0,1.3682208047611333,34162.27610371409,LacZ_2,LacZ OE,0.4928167784438624,0.2518302276220752,12.861952566041793,70,2500
3702,71.07960576194087,599.5731614859742,220.37983320697498,1575.0,1.2824282474188529,34712.43442001516,LacZ_2,LacZ OE,0.5543522722082885,0.29111009949822964,13.45034844364725,70,2500
3703,69.40985324947589,607.6069182389937,134.65513626834382,1173.0,1.3678156982552003,30025.425576519916,LacZ_2,LacZ OE,0.7440130048216158,0.31095184483711646,13.700901814782874,70,2500
3704,68.75317348377997,613.7891396332864,221.07545839210155,1811.0,1.672094823489261,35839.58180535966,LacZ_2,LacZ OE,0.5527960081973065,0.32458175477339823,10.969378220478063,70,2500
3705,71.02718776550552,619.7281223449447,280.8045879354291,1801.0,1.5893607700617403,20605.334749362788,LacZ_2,LacZ OE,0.42047988409707227,0.3379943964393535,11.792200024193583,70,2500
3706,69.34575733544806,618.0436161776367,128.2283901665345,1494.0,1.4231051508062915,34722.14988104679,LacZ_2,LacZ OE,0.7581334859075133,0.3356379407500445,13.68454740835724,70,2500
3707,69.67752715121136,621.3157894736842,175.7953216374269,1570.0,1.439241366110715,35931.147034252295,LacZ_2,LacZ OE,0.6528504619941562,0.3428477846536966,12.875350779016422,70,2500
3708,69.673786407767,627.3145631067961,149.54757281553398,1536.0,1.3669835785813091,38142.196116504856,LacZ_2,LacZ OE,0.7108615558750528,0.35728222641942065,13.424800493051919,70,2500
3709,70.72935779816514,635.9694189602446,226.36238532110093,1197.0,1.8877125366650211,20445.61620795107,LacZ_2,LacZ OE,0.5407827916471768,0.3768878267050071,12.604710360576789,70,2500
3710,70.37395912187736,637.891748675246,105.54882664647994,1653.0,1.406679287342993,33591.499621498864,LacZ_2,LacZ OE,0.8080632099494762,0.382724767926508,15.04695139056247,70,2500
3711,68.88565022421524,641.7690582959641,170.8609865470852,1083.0,1.2786739011407062,30971.68385650224,LacZ_2,LacZ OE,0.6636099240496798,0.3911279245640129,11.998672316252062,70,2500
3712,68.600624024961,657.1435257410296,226.19188767550702,816.0,1.395369589102915,16998.645865834635,LacZ_2,LacZ OE,0.5410651459457714,0.42678606034524025,10.273499207805934,70,2500
3713,70.18544600938966,661.1643192488262,307.88145539906105,1091.0,1.271850903721585,16133.941314553991,LacZ_2,LacZ OE,0.3602192487217335,0.4354201402246467,9.914185201902285,70,2500
3714,68.57539315448659,677.8714153561517,128.33209990749307,1238.0,1.3547695662685448,29315.69287696577,LacZ_2,LacZ OE,0.7573650088087303,0.4767396210177095,12.326756051414264,70,2500
3715,70.62122905027933,702.4491620111731,163.04804469273742,1069.0,1.3651156362107095,21392.107262569833,LacZ_2,LacZ OE,0.6802180075597366,0.5343830959678586,13.322233602756725,70,2500
3716,69.20650953984287,720.5701459034792,170.88103254769922,1158.0,1.4876193648475518,26377.860830527497,LacZ_2,LacZ OE,0.6627865688625536,0.5770091659084922,11.548102882326553,70,2500
3717,69.129,725.098,247.892,1170.0,1.4740818699597986,18091.605,LacZ_2,LacZ OE,0.49237233517101253,0.5868520975647571,9.631093046440562,70,2500
3718,69.40080645161291,732.3177419354839,209.36451612903227,1585.0,1.218261975336634,27212.308064516128,LacZ_2,LacZ OE,0.5775243215548131,0.604306043864729,10.730315555906138,70,2500
3719,69.7335701598579,807.8179396092362,430.3570159857904,1328.0,1.1792913320268572,18853.95648312611,LacZ_2,LacZ OE,0.08786612504428115,0.7800041613756661,5.17276388436197,70,2500
3720,69.6512370311253,824.5411013567439,528.7350359138069,1497.0,1.2231012457537278,17142.235434956106,LacZ_2,LacZ OE,-0.12993703393064182,0.8183811733747184,2.6335378566638,70,2500
3721,71.41755319148936,106.69060283687944,440.15159574468083,1422.0,1.1527023802205054,20143.083333333332,LacZ_2,LacZ OE,0.0728937615651073,-0.8738661680063947,13.486548337271074,70,2500
3722,68.86146095717883,137.2468513853904,520.4634760705289,667.0,1.5267345480679988,10790.80604534005,LacZ_2,LacZ OE,-0.10494694271563432,-0.80272047225025,8.760180581496193,70,2500
3723,73.22471098265896,143.260838150289,388.9378612716763,1830.0,1.3347747090828386,18335.95809248555,LacZ_2,LacZ OE,0.1857487181469588,-0.7870082914343133,16.12924905041958,70,2500
3724,69.23820224719101,186.2741573033708,273.22921348314605,627.0,1.4969690671671227,20081.975280898878,LacZ_2,LacZ OE,0.4415254412801539,-0.6843851771372154,14.420572066357515,70,2500
3725,70.57272727272728,186.8919191919192,302.94141414141416,1214.0,1.3288536022051318,26395.30707070707,LacZ_2,LacZ OE,0.37571700560519083,-0.6832198978352041,15.055994955862275,70,2500
3726,71.75425950196592,196.55897771952817,389.66579292267363,1825.0,1.4276531285069636,21505.10353866317,LacZ_2,LacZ OE,0.18369860961491868,-0.6613313714870435,14.120918011754156,70,2500
3727,69.14022140221402,196.9348093480935,250.18327183271833,1010.0,1.3579664908598537,22928.870848708488,LacZ_2,LacZ OE,0.4924128152640368,-0.6589912951447069,14.755569177336916,70,2500
3728,69.84972972972973,208.3772972972973,300.8151351351351,1295.0,1.4094015482044426,26992.98918918919,LacZ_2,LacZ OE,0.38025054740471664,-0.6325341352896352,14.172617752859374,70,2500
3729,70.69074074074074,210.96296296296296,266.087037037037,1386.0,1.3260903870251506,23002.248148148148,LacZ_2,LacZ OE,0.4570124186174995,-0.6260391634354399,15.797626068604252,70,2500
3730,71.359477124183,209.4161220043573,662.3453159041394,1202.0,1.6172310398628968,23673.040305010894,LacZ_2,LacZ OE,-0.4196651552471169,-0.6339715631702627,7.243952394540024,70,2500
3731,69.21762349799732,217.69826435246995,311.42723631508676,948.0,1.449335539255157,18924.256341789052,LacZ_2,LacZ OE,0.35671545981589703,-0.6106776206594914,13.202149951523566,70,2500
3732,70.68653846153846,224.87115384615385,296.04615384615386,1277.0,1.253374420268913,24283.389423076922,LacZ_2,LacZ OE,0.3905983223510834,-0.5935579761070494,14.95898209213874,70,2500
3733,69.86786786786787,228.54254254254255,307.991991991992,1221.0,1.280526819519788,22636.12712712713,LacZ_2,LacZ OE,0.36417685901301144,-0.5850462815078243,13.826184391682474,70,2500
3734,70.84021823850351,285.93842556508184,293.08261886204207,1579.0,1.5000784865085544,25265.60872954014,LacZ_2,LacZ OE,0.39655588253668017,-0.44947828608708074,14.584316134133367,70,2500
3735,70.44609375,329.51953125,198.25390625,1540.0,1.6873076796091764,38757.134375,LacZ_2,LacZ OE,0.6059479314308216,-0.3456604076615768,15.974580819205663,70,2500
3736,71.17912457912458,339.1683501683502,231.7003367003367,2017.0,1.8262410542178937,26002.321212121213,LacZ_2,LacZ OE,0.5318218198655478,-0.3232471296063445,15.833306842945873,70,2500
3737,71.6543513957307,354.1666666666667,167.25862068965517,1453.0,1.357512394855043,35176.55911330049,LacZ_2,LacZ OE,0.6742191209103892,-0.2871594784787739,17.66388861485892,70,2500
3738,71.06124401913875,367.4334928229665,199.8421052631579,1292.0,1.47350662903548,35549.28803827751,LacZ_2,LacZ OE,0.6020356735658474,-0.25623304281783976,16.181624167739507,70,2500
3739,71.74450341167551,375.95678544351784,149.63684609552692,1707.0,1.3664212711452042,40405.7293404094,LacZ_2,LacZ OE,0.7129889897678143,-0.2355682267379513,17.95164141943461,70,2500
3740,70.62246278755075,383.2151556156969,254.51962110960758,1107.0,1.308989034002061,32530.993234100137,LacZ_2,LacZ OE,0.48094041267303944,-0.21961084576360923,14.313993159496633,70,2500
3741,69.9753086419753,384.40265906932575,176.59449192782526,1300.0,1.3100387063968826,46522.08547008547,LacZ_2,LacZ OE,0.6533592384566242,-0.2159791531614219,15.471971730440913,70,2500
3742,69.9177927927928,391.3783783783784,290.7905405405405,1083.0,1.2665631114031388,22621.666666666668,LacZ_2,LacZ OE,0.400654251117293,-0.20076522047497247,12.684167723726333,70,2500
3743,70.78349673202614,394.01960784313724,263.27450980392155,1820.0,1.438673929557907,40382.51388888889,LacZ_2,LacZ OE,0.4614587645583972,-0.19421686621358403,14.165194275635535,70,2500
3744,70.95360824742268,400.66715758468337,227.00736377025038,1658.0,1.3385696682861425,52480.9970544919,LacZ_2,LacZ OE,0.5416209076064109,-0.17813943729166481,15.115660130666626,70,2500
3745,70.60213032581454,413.8803258145363,355.97744360902254,2075.0,1.545945131734725,28376.05388471178,LacZ_2,LacZ OE,0.25618558636273736,-0.14837975278277005,11.62856808537309,70,2500
3746,71.93070652173913,417.9470108695652,297.7332427536232,2779.0,1.3584847974903926,26613.091938405796,LacZ_2,LacZ OE,0.3849335400333169,-0.13812513037287089,14.274690774078913,70,2500
3747,72.46713465220166,418.2010210593491,270.7358008934269,2060.0,1.259657985051318,33655.90108487556,LacZ_2,LacZ OE,0.44463087392763856,-0.13722083537630392,15.437810319849547,70,2500
3748,71.4326561324304,422.21519939804364,149.37020316027088,1597.0,1.4245950258852718,45801.33107599699,LacZ_2,LacZ OE,0.7131474484606606,-0.1264592047526979,17.193594168277478,70,2500
3749,69.07289719626168,431.10280373831773,262.1271028037383,932.0,1.6830228084239032,44480.27476635514,LacZ_2,LacZ OE,0.4637268384984279,-0.10677250700630458,12.119128735733817,70,2500
3750,70.80637450199204,450.48685258964144,200.21035856573704,1569.0,1.422868167316087,52308.95059760956,LacZ_2,LacZ OE,0.6004305794168694,-0.060338563762057484,15.105795550481446,70,2500
3751,69.6996138996139,457.14131274131273,218.9119691119691,1633.0,1.5194787843647621,51792.04633204633,LacZ_2,LacZ OE,0.5590490791735776,-0.044870341307298944,13.498332113010107,70,2500
3752,70.14393939393939,458.29428904428903,392.238344988345,2121.0,1.647186308193058,22184.523892773894,LacZ_2,LacZ OE,0.17555811272584587,-0.044021006303043286,9.890759462141531,70,2500
3753,69.87123947051745,458.9987966305656,160.68471720818292,1018.0,1.328273226181259,39414.61853188929,LacZ_2,LacZ OE,0.6878407063442529,-0.03985332574332212,15.009089997616066,70,2500
3754,70.7952314165498,462.6577840112202,235.7601683029453,1810.0,1.35955732134739,46286.87377279103,LacZ_2,LacZ OE,0.5216651376712473,-0.03201599478908346,14.146880668358747,70,2500
3755,70.603515625,466.025390625,247.306640625,639.0,1.44227330487334,37604.859375,LacZ_2,LacZ OE,0.49609774298852627,-0.0242022088367132,13.653118858321108,70,2500
3756,71.989111747851,472.75530085959883,368.6664756446991,2361.0,1.6333043244789907,34504.060744985676,LacZ_2,LacZ OE,0.22747181824917706,-0.009612860402202328,12.143372420109678,70,2500
3757,71.26896012509773,483.852228303362,193.27912431587177,1634.0,1.385407696301037,56478.121970289285,LacZ_2,LacZ OE,0.6154180971882828,0.018448649433562503,15.403418581594721,70,2500
3758,70.9084699453552,500.6140710382514,258.17554644808746,1776.0,1.4334943373843048,43584.19535519126,LacZ_2,LacZ OE,0.47170161289282353,0.057273793813258145,13.366248324494727,70,2500
3759,70.17114093959732,511.4026845637584,187.18959731543623,1468.0,1.4562729178911806,49056.64681208054,LacZ_2,LacZ OE,0.62868038126071,0.08347501494838339,14.178397673001605,70,2500
3760,69.51118963486455,522.1366313309776,162.58068315665489,1131.0,1.469651973646571,39877.32037691402,LacZ_2,LacZ OE,0.6830539172503607,0.10904591043700629,13.987321989880861,70,2500
3761,71.56691449814126,525.2118959107806,180.48698884758363,1490.0,1.2550012345086405,48795.70539033457,LacZ_2,LacZ OE,0.6433030819083889,0.11615243520979823,15.594885818334966,70,2500
3762,70.45074224021593,540.1578947368421,110.01214574898785,988.0,1.4367805981216437,23989.785425101214,LacZ_2,LacZ OE,0.7991304662098329,0.1521458045451467,15.975729458638966,70,2500
3763,69.80958999305074,547.3189715079917,319.9256428075052,1715.0,1.4457019955666492,24082.881862404447,LacZ_2,LacZ OE,0.3346943255238146,0.16674518971178176,10.37135637030557,70,2500
3764,70.15946843853821,549.5024916943522,198.07890365448506,1571.0,1.4757650214206546,41160.468438538206,LacZ_2,LacZ OE,0.6042215116193865,0.17322553039752564,13.540178920647392,70,2500
3765,70.73984858912594,570.8898830006882,205.80385409497592,1797.0,1.2668134056904137,42908.42876806607,LacZ_2,LacZ OE,0.5868943704993628,0.22360304228033967,13.731075609568272,70,2500
3766,70.06052631578947,569.6453947368421,243.55657894736842,1902.0,1.4079713302898542,40483.14802631579,LacZ_2,LacZ OE,0.5034196640390249,0.22024248474045827,12.18407627411596,70,2500
3767,70.52876106194691,582.9325221238938,132.87610619469027,1115.0,1.3826198736827873,28380.731194690266,LacZ_2,LacZ OE,0.7481297263869666,0.2527953092581965,15.102296955299614,70,2500
3768,69.91358024691358,580.7805212620027,170.30589849108367,1069.0,1.4455259110202632,27891.438957475995,LacZ_2,LacZ OE,0.665374921854881,0.24729910032511082,13.635824177400565,70,2500
3769,71.75703324808184,585.5460358056266,221.9725063938619,2144.0,1.2939908952299966,39402.25639386189,LacZ_2,LacZ OE,0.550929442303465,0.2580214344415561,14.227650094754964,70,2500
3770,69.8912,622.8416,201.352,962.0,1.5634891252664929,31712.7056,LacZ_2,LacZ OE,0.5962845981863587,0.3461744432257612,12.47826785352639,70,2500
3771,70.13484162895928,632.889592760181,282.9294117647059,1399.0,1.4789700858955634,17759.028959276016,LacZ_2,LacZ OE,0.4156978305414145,0.3689959368899467,10.721856552746857,70,2500
3772,71.33059210526316,649.6932565789474,120.75,1461.0,1.299115413186859,35864.609375,LacZ_2,LacZ OE,0.774269423030155,0.41041880537046693,15.533471926373679,70,2500
3773,70.56204379562044,665.5173357664233,116.33120437956204,1319.0,1.3853838040909392,27980.889598540147,LacZ_2,LacZ OE,0.783931919616428,0.44777466217260375,14.71338098673516,70,2500
3774,68.45918367346938,681.2721088435375,141.64285714285714,545.0,1.8335667644363365,24952.289115646257,LacZ_2,LacZ OE,0.7278901937408411,0.48461403445130435,11.8670248331793,70,2500
3775,68.52107925801012,713.6509274873524,156.46880269814503,741.0,1.2731967889826066,21920.6239460371,LacZ_2,LacZ OE,0.6947736902667325,0.5608289889095839,11.266546798511598,70,2500
3776,70.65251727541954,717.279368213228,284.5370187561698,1232.0,1.4794548838696158,15659.741362290228,LacZ_2,LacZ OE,0.4112980065224401,0.5680469119851328,10.376361869689333,70,2500
3777,70.62170542635658,741.2031007751938,233.27131782945736,1560.0,1.342684229952943,21006.51937984496,LacZ_2,LacZ OE,0.5244852825147948,0.6250331234653421,11.306604151686486,70,2500
3778,72.24708171206225,104.63618677042801,465.69260700389106,874.0,1.5580724980475114,14388.811284046693,LacZ_2,LacZ OE,0.01636536864369109,-0.8789702337144947,13.74051246059426,70,2500
3779,71.93822393822394,107.72972972972973,451.3449163449163,962.0,1.3563160117778494,18701.073359073358,LacZ_2,LacZ OE,0.04809336833328737,-0.8715246504848917,13.735955811863953,70,2500
3780,69.9463601532567,144.26436781609195,321.51340996168585,580.0,1.5907123017476834,14125.191570881227,LacZ_2,LacZ OE,0.3350742463438472,-0.783984540808923,14.413886272525303,70,2500
3781,72.95292697646349,145.01388050694024,564.7555823777911,2117.0,1.6276457686072021,25298.91732045866,LacZ_2,LacZ OE,-0.2032227451135904,-0.7847869114066091,11.741849024544308,70,2500
3782,71.58510638297872,161.93161094224925,295.44224924012155,875.0,1.223726630407072,19367.512158054713,LacZ_2,LacZ OE,0.39249688143555095,-0.7419912102194886,16.48703657799807,70,2500
3783,70.61994609164421,181.75741239892184,287.72641509433964,1026.0,1.495540400482312,24306.700808625337,LacZ_2,LacZ OE,0.40942499154789935,-0.6951649047281119,15.508108818345718,70,2500
3784,71.16507936507936,243.67724867724868,439.25820105820105,1255.0,1.5422627017314305,18008.995767195767,LacZ_2,LacZ OE,0.07355791752592644,-0.5507413922790869,11.914931751125437,70,2500
3785,72.2202166064982,239.66425992779784,234.4476534296029,1342.0,1.5188043931196702,23048.63357400722,LacZ_2,LacZ OE,0.5266527448798322,-0.5579610534347677,17.783405055823366,70,2500
3786,71.25837742504409,258.76190476190476,250.02380952380952,1470.0,1.4106409345723645,25160.920634920636,LacZ_2,LacZ OE,0.4920579305187669,-0.5131049259684181,16.271951940777107,70,2500
3787,72.42548435171386,262.0581222056632,283.58047690014905,1659.0,1.2842947326061578,21712.45827123696,LacZ_2,LacZ OE,0.417726965941458,-0.5056672999575202,16.624188849557257,70,2500
3788,72.12801484230056,276.0834879406308,369.1713048855906,1955.0,1.6140018342366669,19013.929499072357,LacZ_2,LacZ OE,0.22825064217621582,-0.47351996790017326,14.194373067947225,70,2500
3789,70.93554006968641,286.2630662020906,317.73606271777004,1469.0,1.4034429110203492,24932.08275261324,LacZ_2,LacZ OE,0.3420060189178096,-0.4489778211176193,14.101725911753284,70,2500
3790,71.08407643312101,290.68535031847136,219.40382165605095,1044.0,1.4650007852083498,24143.749044585988,LacZ_2,LacZ OE,0.5594998895238785,-0.43747644291325927,16.4992149406986,70,2500
3791,71.96415094339622,293.7679245283019,264.4896226415094,1471.0,1.3414015412396214,19287.232075471697,LacZ_2,LacZ OE,0.45967946535145643,-0.4306743858902643,16.29784106562591,70,2500
3792,71.93877551020408,306.88945578231295,400.9744897959184,1343.0,1.2450808176207468,14291.012755102041,LacZ_2,LacZ OE,0.15760291312063934,-0.4012049360815473,12.962463631002933,70,2500
3793,70.32705882352941,336.5882352941176,259.8588235294118,1098.0,1.7265253534483767,25730.47882352941,LacZ_2,LacZ OE,0.4695946790404766,-0.3296579869001798,14.350339732909156,70,2500
3794,71.88020304568528,339.52284263959393,290.048730964467,1274.0,1.3834910277558647,25806.771573604063,LacZ_2,LacZ OE,0.4026956783950779,-0.3230279794074108,15.170511775287046,70,2500
3795,71.03270440251572,350.451572327044,221.75723270440253,1048.0,1.6769120209906396,27233.210062893082,LacZ_2,LacZ OE,0.553717744079725,-0.2965280027852235,15.808344660686153,70,2500
3796,73.06131650135256,354.73309287646526,268.64472497745714,1505.0,1.2386225986471588,29895.705139765556,LacZ_2,LacZ OE,0.44984040547867443,-0.286891226533205,16.701412879603637,70,2500
3797,71.64814814814815,371.50584795321635,241.94152046783626,1375.0,1.3877533291521993,27690.96881091618,LacZ_2,LacZ OE,0.5088277253935367,-0.24707060741343234,15.74710801853039,70,2500
3798,73.47242206235012,375.28057553956836,263.04076738609115,1122.0,1.7761163395873516,26093.359712230216,LacZ_2,LacZ OE,0.4620182137408111,-0.23835412993203764,17.042020615657208,70,2500
3799,71.25974981604121,378.69757174392936,223.5849889624724,1640.0,1.453308217918585,43188.38263428992,LacZ_2,LacZ OE,0.5493891032738714,-0.22991665637758218,15.716398061606576,70,2500
3800,71.81903143585387,383.5412064570943,239.89379779099406,1563.0,1.5135735053647192,42886.08156329652,LacZ_2,LacZ OE,0.5132327063600277,-0.21865577276451376,15.847937986836484,70,2500
3801,72.28262548262548,398.53050193050194,200.16756756756757,1570.0,1.2820369940629055,47368.96833976834,LacZ_2,LacZ OE,0.6009516420495693,-0.1828578046043018,17.0908268270527,70,2500
3802,71.86964285714286,394.84375,240.7357142857143,1567.0,1.4950191600030203,50573.92767857143,LacZ_2,LacZ OE,0.5112581297771919,-0.19200358005323626,15.768341690407901,70,2500
3803,71.7141738449491,424.11354737666403,202.1863743148003,1557.0,1.4550049932198361,53443.58574784652,LacZ_2,LacZ OE,0.5962672118486438,-0.12254800368511154,16.225233690129627,70,2500
3804,71.12894499549144,436.7078449053201,200.47430117222723,1306.0,1.3404620962744924,50830.63480613165,LacZ_2,LacZ OE,0.5999632928782879,-0.09283565949342654,15.55690099596179,70,2500
3805,70.69876819708847,439.69316909294514,174.37625979843224,1105.0,1.5025351799486282,46025.83874580067,LacZ_2,LacZ OE,0.6576943788678467,-0.0855206298898612,15.7060396421357,70,2500
3806,71.1306191687871,441.42154368108567,236.55470737913487,1552.0,1.5196745889970442,48204.61916878711,LacZ_2,LacZ OE,0.5200954798666944,-0.08210849763489514,14.6713795119597,70,2500
3807,72.02407407407408,443.59537037037035,268.2083333333333,1474.0,1.5945825529887268,39982.48425925926,LacZ_2,LacZ OE,0.44999969249398886,-0.07730394127387663,14.805393992195775,70,2500
3808,70.6201923076923,452.7235576923077,132.5216346153846,579.0,1.5263328572430779,26003.68269230769,LacZ_2,LacZ OE,0.7501690219504491,-0.054332570795874835,16.475710345672404,70,2500
3809,72.2536736272235,457.64501160092806,260.31322505800466,1649.0,1.6104517697233018,42931.492652745554,LacZ_2,LacZ OE,0.46731855412471646,-0.044073085538308465,15.08152770303952,70,2500
3810,74.37986577181208,470.21073825503356,355.99328859060404,2854.0,1.4262771800495697,34673.054138702464,LacZ_2,LacZ OE,0.25541027083841317,-0.015422844672613456,14.853683613827805,70,2500
3811,72.52795358649789,467.0216244725738,305.918776371308,2321.0,1.4554267920854378,27246.447257383967,LacZ_2,LacZ OE,0.36631867874963,-0.022444267903530712,14.200866379953467,70,2500
3812,71.33307926829268,469.1059451219512,198.4969512195122,1614.0,1.347401515058404,49796.58155487805,LacZ_2,LacZ OE,0.6040138514936533,-0.01638967768199573,15.490135607737471,70,2500
3813,73.86868686868686,473.67382154882154,138.08249158249157,3123.0,1.3588069726818957,36499.10858585859,LacZ_2,LacZ OE,0.7374959219099271,-0.004901756780029576,19.388592831103452,70,2500
3814,72.0249396621078,475.3612228479485,159.19871279163314,1519.0,1.295702530799731,41847.29283990346,LacZ_2,LacZ OE,0.6908586303502131,-0.001192735420604607,17.036679875623854,70,2500
3815,71.09408033826638,465.0507399577167,183.06659619450318,1364.0,1.4521841399969064,53158.8023255814,LacZ_2,LacZ OE,0.6382026283291327,-0.025793051113621956,15.650585350610164,70,2500
3816,72.71599496221663,479.4149874055416,253.86712846347606,1973.0,1.3390226689145488,37977.219773299745,LacZ_2,LacZ OE,0.48134498504931567,0.007357904427495843,15.481007426436463,70,2500
3817,69.72620689655173,497.33862068965516,379.1620689655172,2085.0,1.7432708051097239,24351.255862068967,LacZ_2,LacZ OE,0.204131103924712,0.04820816441141074,9.396041676697536,70,2500
3818,73.99795779441797,492.0844111640572,217.7222600408441,1902.0,1.3705867952449478,54974.35670524166,LacZ_2,LacZ OE,0.5611208803171011,0.03766364233780517,17.481210772109335,70,2500
3819,71.76547842401501,496.94090056285177,167.7298311444653,1278.0,1.2926785952271231,47716.77767354596,LacZ_2,LacZ OE,0.6717895176619098,0.04961041842450031,16.367329697496835,70,2500
3820,72.34123947972456,503.5585309869931,228.85539403213465,1700.0,1.4194376843202863,44114.45371078807,LacZ_2,LacZ OE,0.5364652146165136,0.06456991928489142,15.45324949876975,70,2500
3821,71.7327638804149,513.5472849298353,330.10433190970105,2239.0,1.5383619647803173,26843.72422208664,LacZ_2,LacZ OE,0.3124029599098068,0.08701881227100561,12.387002351142627,70,2500
3822,71.12391304347825,513.0978260869565,154.99021739130436,1109.0,1.2246281677962387,46696.775,LacZ_2,LacZ OE,0.6998507083481815,0.08784455685217729,15.864894855374345,70,2500
3823,70.79728583545378,518.7752332485157,245.78541136556404,1441.0,1.2745915280752909,40397.27989821883,LacZ_2,LacZ OE,0.4989428342682245,0.10024379457142651,13.36627228658837,70,2500
3824,71.7680608365019,529.2275031685679,342.6793409378961,1887.0,1.3697632950571395,29203.235741444867,LacZ_2,LacZ OE,0.28442923151185373,0.12386931791163658,11.97575798894865,70,2500
3825,71.44588744588745,536.4949494949495,295.44300144300144,1643.0,1.3140173321947257,30375.551948051947,LacZ_2,LacZ OE,0.38887840376976746,0.14151671094412288,12.683739295472648,70,2500
3826,72.45420136260408,533.8160484481454,315.8221044663134,1670.0,1.379707335734331,29311.58667676003,LacZ_2,LacZ OE,0.3437667078402238,0.13499970799146555,13.242871810889888,70,2500
3827,71.24787644787645,541.046332046332,154.8841698841699,1622.0,1.3918718878447582,40500.223938223935,LacZ_2,LacZ OE,0.6998085046661429,0.15377280940304572,15.717889012669936,70,2500
3828,71.74981440237565,546.0393466963623,226.9138827023014,1609.0,1.4325598399958333,42061.906458797326,LacZ_2,LacZ OE,0.5403800504041809,0.16478022051746488,14.491711045731698,70,2500
3829,71.01793339026473,553.2425277540564,335.6063193851409,1475.0,1.466881045169558,24197.814688300597,LacZ_2,LacZ OE,0.2998835760383556,0.1805749984709788,11.15582910026945,70,2500
3830,70.29512893982807,554.4670487106017,157.41547277936962,634.0,1.6959921583144502,33281.194842406876,LacZ_2,LacZ OE,0.6941277947726283,0.18538006496200943,14.57515185127172,70,2500
3831,70.10194174757281,557.9344660194175,367.8907766990291,609.0,1.5139618251201448,15092.526699029126,LacZ_2,LacZ OE,0.22846133104673783,0.19127106533153637,9.441636776750158,70,2500
3832,70.1712511091393,585.4125998225377,187.14463176574978,1379.0,1.4054507923199222,42789.05767524401,LacZ_2,LacZ OE,0.628063787253432,0.2580483357551431,13.455565985130143,70,2500
3833,73.69241573033707,575.5814606741573,260.92766853932585,1793.0,1.2324276192100485,36179.207162921346,LacZ_2,LacZ OE,0.4647437672381487,0.23413878823273437,15.351792198455094,70,2500
3834,71.90108803165182,609.1454005934718,283.3194856577646,1640.0,1.7294451792130547,23906.035608308604,LacZ_2,LacZ OE,0.41497330003213073,0.3130247895615301,12.710719008068445,70,2500
3835,71.66543209876544,617.204938271605,146.59259259259258,1179.0,1.6121777116583023,33505.76172839506,LacZ_2,LacZ OE,0.7173938539536104,0.33351340885077296,15.583590080234615,70,2500
3836,72.6026402640264,626.960396039604,161.51749174917492,2041.0,1.3137457959224992,38904.02178217822,LacZ_2,LacZ OE,0.6842320795248409,0.35638382568655147,16.07714749423358,70,2500
3837,72.28571428571429,637.2568542568542,206.06782106782106,997.0,1.4065314772759498,26566.178932178933,LacZ_2,LacZ OE,0.5855883698452042,0.38018030431750427,14.62106963240366,70,2500
3838,71.8970588235294,650.4628027681661,258.6851211072664,1654.0,1.547885810016211,18673.63581314879,LacZ_2,LacZ OE,0.469073336549527,0.41075046332786,12.876771358851812,70,2500
3839,72.24402207234826,652.4745554874311,201.749233599019,2300.0,1.565507500171751,27798.97057020233,LacZ_2,LacZ OE,0.5949974720960614,0.41612135724269184,14.53119828356995,70,2500
3840,71.49395648670428,663.1547139403707,185.19580983078163,1641.0,1.4971171972016948,29987.09347300564,LacZ_2,LacZ OE,0.6315547036388003,0.44147592675255365,14.062778683918204,70,2500
3841,70.9047619047619,674.1732804232804,840.1891534391534,942.0,1.2250691317302849,19624.071428571428,LacZ_2,LacZ OE,-0.8175893210880405,0.4603467725255803,-1.9028148663409752,70,2500
3842,71.94293239683934,686.8296751536435,217.16505706760316,1395.0,1.4163121462529633,19681.07287093942,LacZ_2,LacZ OE,0.5605755974093356,0.49698327752436167,13.534767287463332,70,2500
3843,71.48190279214064,718.7052740434333,185.44157187176836,1169.0,1.335211547550742,26985.983453981386,LacZ_2,LacZ OE,0.6304741496893629,0.5725043272116603,13.501585415339932,70,2500
3844,72.0119926199262,725.2343173431734,199.94372693726936,1349.0,1.4318564580262714,24264.72970479705,LacZ_2,LacZ OE,0.5982998867996951,0.5877596465851793,13.629571237175945,70,2500
3845,71.03748621830209,755.2337375964719,562.2668136714443,1138.0,1.5324775618560442,32152.95038588754,LacZ_2,LacZ OE,-0.2035217996312535,0.6545684690647955,3.9156599934105927,70,2500
3846,71.2626811594203,821.9836956521739,329.4583333333333,790.0,1.506359636033007,12324.659420289856,LacZ_2,LacZ OE,0.3108722122793022,0.8145475699193168,8.914899667105793,70,2500
3847,72.91101321585903,839.5215859030837,503.71982378854625,1382.0,1.3664098266860791,19368.742731277533,LacZ_2,LacZ OE,-0.07490830191106279,0.8540625916930258,6.328867182870347,70,2500
3848,69.78826530612245,857.6147959183673,345.23214285714283,523.0,1.6055101653777588,13128.716836734693,LacZ_2,LacZ OE,0.27570664732924977,0.8983885735830222,6.7246902745562664,70,2500
3849,71.9877300613497,142.86298568507158,673.0102249488752,677.0,1.3184642336817691,13481.715746421269,LacZ_2,LacZ OE,-0.44264810806048116,-0.7910568821589996,8.27443606658641,70,2500
3850,73.78260869565217,146.65142428785606,366.83658170914543,2221.0,1.2666262041609915,14860.151424287857,LacZ_2,LacZ OE,0.23458262021610898,-0.7787581440268541,17.169011960858924,70,2500
3851,72.82899022801303,165.5301302931596,431.5293159609121,1471.0,1.4405168719658068,17636.73615635179,LacZ_2,LacZ OE,0.0913269366294156,-0.7349511233941783,14.522943357884365,70,2500
3852,72.94439834024897,211.5908713692946,291.4954356846473,1499.0,1.3276731925986922,25862.292946058093,LacZ_2,LacZ OE,0.40067785309882975,-0.6247822760928077,17.452116084940172,70,2500
3853,73.20132953466286,223.56315289648623,489.98385565052234,1247.0,1.5514174590189043,17579.45868945869,LacZ_2,LacZ OE,-0.03857510058817426,-0.5986898823944868,12.964808905079181,70,2500
3854,71.71954022988506,233.77701149425286,263.9080459770115,1082.0,1.4044403407108157,20152.459770114943,LacZ_2,LacZ OE,0.4615591824818035,-0.5721788014541311,16.65371729585128,70,2500
3855,72.37710168134508,254.12249799839873,391.6453162530024,1475.0,1.5501493474390662,16599.357886309048,LacZ_2,LacZ OE,0.17873009664708195,-0.5255591641120738,14.134309870129236,70,2500
3856,73.18761061946903,248.36814159292035,288.4867256637168,805.0,1.2604734659509251,17507.329203539823,LacZ_2,LacZ OE,0.40696574124010954,-0.5379947307205776,17.405620119197906,70,2500
3857,73.3990099009901,275.8247524752475,704.7376237623762,1322.0,1.4249114459267822,19674.160396039602,LacZ_2,LacZ OE,-0.5141992805067022,-0.47774181782917646,7.644978352308662,70,2500
3858,72.73488773747842,298.1295336787565,316.61571675302247,1485.0,1.4454745346774782,19388.067357512955,LacZ_2,LacZ OE,0.34427679617539075,-0.4209342479556605,15.810533505763956,70,2500
3859,73.39305816135085,309.1594746716698,321.124765478424,1305.0,1.3411512915713453,19332.13602251407,LacZ_2,LacZ OE,0.3341605133731085,-0.39495097865496664,16.255482801646828,70,2500
3860,72.3010752688172,321.8874551971326,223.83082437275985,1643.0,1.3680450338695276,32430.144086021504,LacZ_2,LacZ OE,0.5493410664287195,-0.3638979050389981,17.30739571587788,70,2500
3861,72.56529850746269,326.67910447761193,237.55783582089552,1335.0,1.3513633164887295,25498.730410447763,LacZ_2,LacZ OE,0.5189122354488154,-0.3527383692661773,17.204665366735043,70,2500
3862,73.57165991902833,326.6744939271255,254.67611336032388,1635.0,1.3078952997172624,27149.133603238868,LacZ_2,LacZ OE,0.48098882002434573,-0.35291198711631333,17.811699534557462,70,2500
3863,72.01225740551584,341.6598569969357,207.4187946884576,1314.0,1.4803777831724556,32915.125638406535,LacZ_2,LacZ OE,0.5854736770509879,-0.31708777213720984,17.20783692778336,70,2500
3864,72.3413821815154,345.1465445462115,247.73022481265613,1512.0,1.3859164933852248,28235.503746877603,LacZ_2,LacZ OE,0.4962403490416496,-0.30929328240329756,16.563033415375372,70,2500
3865,73.34383378016086,349.2573726541555,281.91085790884716,2211.0,1.7256739190467285,27230.2654155496,LacZ_2,LacZ OE,0.4205295886730023,-0.29994470039440035,16.728153321079475,70,2500
3866,71.94043624161074,359.14010067114094,184.7785234899329,1405.0,1.5308930902589206,38256.9899328859,LacZ_2,LacZ OE,0.6353962365725148,-0.2756118033015522,17.492817067540884,70,2500
3867,71.98153846153846,375.84923076923076,284.5784615384615,597.0,1.633206494935181,26452.753846153846,LacZ_2,LacZ OE,0.41444106763536315,-0.23728049737036427,15.043977323619416,70,2500
3868,71.85585585585585,375.65165165165166,189.94894894894895,881.0,1.3268918024993266,28088.752252252252,LacZ_2,LacZ OE,0.6238021157394267,-0.23672277389794583,17.126212374097648,70,2500
3869,73.54747774480713,388.7774480712166,275.66617210682494,931.0,1.4120481453761116,29552.762611275964,LacZ_2,LacZ OE,0.4339520625626958,-0.20665328739564026,16.690705705789973,70,2500
3870,72.43946540880503,392.9127358490566,351.47798742138366,1592.0,1.5053524119579154,17421.873427672956,LacZ_2,LacZ OE,0.2662478194789095,-0.19774684730030512,13.775316541017062,70,2500
3871,74.42269736842105,406.88486842105266,175.7203947368421,1559.0,1.1279198764506844,45990.60690789474,LacZ_2,LacZ OE,0.6548456583659554,-0.1628376402993702,19.718386869013216,70,2500
3872,73.1910480349345,414.3515283842795,188.55240174672488,1273.0,1.3986532038369446,51887.757641921395,LacZ_2,LacZ OE,0.6264483123324811,-0.14539279181750264,18.114957971845257,70,2500
3873,73.55161023947151,418.24938067712634,174.95458298926508,1465.0,1.3016532688460405,51149.22460776218,LacZ_2,LacZ OE,0.6564749604023861,-0.13604287619620525,18.754258772982723,70,2500
3874,72.53149955634427,420.43300798580304,217.79414374445432,1426.0,1.4931957685482795,51909.48358473824,LacZ_2,LacZ OE,0.5617308894663973,-0.13138024309683338,16.714463786114514,70,2500
3875,74.26492724535875,421.6372303060713,348.62217762167586,2571.0,1.468908315349367,29982.605117912695,LacZ_2,LacZ OE,0.27219357653840603,-0.12991953621915953,15.385775094001367,70,2500
3876,73.93362831858407,424.7148475909538,373.98967551622417,2635.0,1.6708705681764977,28020.69813176008,LacZ_2,LacZ OE,0.21605939628384685,-0.12294290131362307,14.433124329891335,70,2500
3877,71.784021071115,443.12379280070235,214.67164179104478,1430.0,1.4852794832149132,52105.1580333626,LacZ_2,LacZ OE,0.5684580175912672,-0.07784094665715913,15.818045102446376,70,2500
3878,73.18612408272182,445.50500333555703,162.92795196797866,1793.0,1.2653724793368928,46071.541027351566,LacZ_2,LacZ OE,0.6828371390318373,-0.07163082717419633,18.40262309423923,70,2500
3879,74.47619047619048,452.5952380952381,288.58959899749374,2102.0,1.310431071348446,29530.129699248122,LacZ_2,LacZ OE,0.4046955953019058,-0.05624040507960926,16.69357145997663,70,2500
3880,74.09607843137255,452.21176470588233,153.02941176470588,1437.0,1.4152011134034863,38550.24803921569,LacZ_2,LacZ OE,0.704624154059607,-0.05568291515117596,19.477427455286403,70,2500
3881,71.54960317460318,462.99801587301585,142.01884920634922,1270.0,1.3650065298001428,34256.7123015873,LacZ_2,LacZ OE,0.7290105118381398,-0.03017924105042913,17.082922743177733,70,2500
3882,72.20772946859903,470.012077294686,266.74154589371983,1765.0,1.4253443712928953,37070.554750402574,LacZ_2,LacZ OE,0.4529796434630533,-0.014972734519363762,14.764766366129265,70,2500
3883,72.65767634854772,468.35165975103735,214.77904564315352,1233.0,1.3534220881612256,54381.04045643153,LacZ_2,LacZ OE,0.5679311629616057,-0.01831527400767552,16.44212989008846,70,2500
3884,72.25905673274094,499.01913875598086,241.47915242652084,1852.0,1.590785437382492,44400.50854408749,LacZ_2,LacZ OE,0.5085853384528483,0.05372367714641224,15.121221636559163,70,2500
3885,71.63295880149813,511.6301498127341,172.874531835206,1324.0,1.287397455246574,48795.24063670412,LacZ_2,LacZ OE,0.6602724177411947,0.08420023047981329,15.97122714105054,70,2500
3886,72.2659151193634,518.5888594164456,218.53050397877985,1852.0,1.4349874740513948,47371.51458885942,LacZ_2,LacZ OE,0.5591658504895234,0.10013339642063324,15.471604909179682,70,2500
3887,72.59802431610942,514.6656534954408,258.4840425531915,1648.0,1.4166274097040554,30086.12613981763,LacZ_2,LacZ OE,0.4707958388355673,0.09045355631707741,14.910613895208094,70,2500
3888,72.20812182741116,526.6928934010152,151.21446700507613,1073.0,1.3647397049034953,36747.59771573604,LacZ_2,LacZ OE,0.7080163790341039,0.1199779930786724,16.903783527873543,70,2500
3889,73.77035330261137,534.9170506912442,187.90245775729647,1715.0,1.367378591294909,43604.109831029185,LacZ_2,LacZ OE,0.6266897621910954,0.13901457496777359,17.52981645030215,70,2500
3890,71.85580204778157,543.4718430034129,348.40955631399316,1388.0,1.3392505731829456,26789.680887372015,LacZ_2,LacZ OE,0.271609694822589,0.15740836422054238,11.790548967108926,70,2500
3891,72.40466926070039,546.8840466926071,254.295719844358,1594.0,1.3907908725569817,29202.070038910504,LacZ_2,LacZ OE,0.47976010306564687,0.16649056218919456,14.499785004723158,70,2500
3892,73.41542553191489,565.9686170212766,315.95531914893616,2260.0,1.2973886717538048,28222.87074468085,LacZ_2,LacZ OE,0.3431112264870877,0.21086092143990554,13.886156042378289,70,2500
3893,74.35555555555555,564.7601307189542,192.49411764705883,1904.0,1.3020652191372168,36359.70522875817,LacZ_2,LacZ OE,0.616212464120468,0.2093712678111772,17.715858624895347,70,2500
3894,71.18054256314312,575.2170252572498,372.94948550046774,1191.0,1.5664233507381362,15683.616463985032,LacZ_2,LacZ OE,0.2170467879981206,0.23200649667711315,10.23290352816943,70,2500
3895,74.27408056042032,577.4632224168126,184.28196147110333,1496.0,1.3996472338132813,43110.70227670753,LacZ_2,LacZ OE,0.6342618492447458,0.2394222527080836,17.701580437283624,70,2500
3896,72.62536443148689,585.4387755102041,152.1793002915452,924.0,1.3143258670581246,28870.63411078717,LacZ_2,LacZ OE,0.7052918917621724,0.2585454422740865,16.72372908589822,70,2500
3897,72.59520639147803,596.2683089214381,272.5912117177097,1923.0,1.441234825610033,32820.21171770972,LacZ_2,LacZ OE,0.43879660275680465,0.28278284865847025,13.78067447963862,70,2500
3898,71.11803278688525,604.0983606557377,175.52459016393442,852.0,1.4082923499157989,29272.173770491805,LacZ_2,LacZ OE,0.6535415447372166,0.3022715445497526,14.490133855709537,70,2500
3899,74.37085678549093,609.0556597873671,157.73045653533458,2224.0,1.3641721736989363,31117.75171982489,LacZ_2,LacZ OE,0.6926921336546601,0.3142320108087586,18.10823009057755,70,2500
3900,72.45454545454545,612.0157342657343,168.72552447552448,951.0,1.4011246992833153,31313.27972027972,LacZ_2,LacZ OE,0.6684377096071188,0.3210511314967135,15.907264551703697,70,2500
3901,73.8406113537118,612.8810043668122,185.17248908296943,1243.0,1.3028363005417998,33441.299126637554,LacZ_2,LacZ OE,0.6319714255841773,0.3229453187311899,16.901021615624806,70,2500
3902,74.32753623188405,613.8978260869566,209.66086956521738,1761.0,1.458375982116349,37813.235507246376,LacZ_2,LacZ OE,0.577759801631087,0.32508921458037654,16.806985986389193,70,2500
3903,72.44987572493787,623.3935376967688,226.02236951118476,1506.0,1.3074871204564549,29416.18724109362,LacZ_2,LacZ OE,0.5415677744522427,0.34726710273541284,14.455626159126219,70,2500
3904,72.12239089184061,674.4468690702088,242.70967741935485,1255.0,1.2651064420482725,16014.749525616699,LacZ_2,LacZ OE,0.5041727482479685,0.4675019712985635,13.239820825741724,70,2500
3905,71.09729064039409,678.5221674876848,317.6884236453202,1107.0,1.5842552413561481,17078.95812807882,LacZ_2,LacZ OE,0.33830783229556527,0.47627784067771484,10.427324073966759,70,2500
3906,71.54764024933215,680.206589492431,301.3820124666073,1374.0,1.4008327063743777,17141.658058771147,LacZ_2,LacZ OE,0.3743435823081387,0.48043820481137,11.241177138834601,70,2500
3907,73.9562243502052,678.7989056087551,150.14500683994527,1074.0,1.4865674296440834,25159.558139534885,LacZ_2,LacZ OE,0.708820369897478,0.47881355189653796,17.188305462275444,70,2500
3908,71.89414694894147,696.5778331257783,227.9626400996264,967.0,1.304098094455131,18312.33499377335,LacZ_2,LacZ OE,0.5365958794614154,0.519858744124907,13.138931071373285,70,2500
3909,71.68627450980392,702.1385620915032,840.6130718954248,917.0,1.3302781978424731,17304.133333333335,LacZ_2,LacZ OE,-0.8188381365780814,0.5263238566265367,-1.405000011248923,70,2500
3910,71.88607594936708,712.6490218642117,247.52819332566168,1089.0,1.4797191137599608,18668.195627157653,LacZ_2,LacZ OE,0.49315515030450574,0.5575546310979826,12.51754876351874,70,2500
3911,72.19666435024322,726.503127171647,227.08964558721334,1755.0,1.3617641740538393,21924.74704656011,LacZ_2,LacZ OE,0.5382220688355546,0.5904621942543233,13.168963142822506,70,2500
3912,72.00285442435775,738.2454804947669,195.3235014272122,1324.0,1.3151418269583446,25831.330161750713,LacZ_2,LacZ OE,0.6083959812846573,0.6184999855370901,13.60086020319924,70,2500
3913,72.12299035369774,763.2331189710611,382.85530546623795,1477.0,1.4835867154309859,20718.831993569132,LacZ_2,LacZ OE,0.19326392827555505,0.6754084398007782,9.104894711466471,70,2500
3914,72.5512715340443,772.7358490566038,369.1353568498769,1508.0,1.5182322425323573,20038.840032813783,LacZ_2,LacZ OE,0.2235030403017053,0.6979818789780621,9.75991104973253,70,2500
3915,73.11807817589576,779.4763843648209,453.79234527687294,1441.0,1.2495680000286418,18119.190553745928,LacZ_2,LacZ OE,0.03611850071080802,0.7129757876102041,8.287126955942163,70,2500
3916,72.04840271055178,788.4298160696999,518.9332042594385,1241.0,1.3569855898289982,24040.32623426912,LacZ_2,LacZ OE,-0.10802655889001123,0.733363795787783,5.61168443263125,70,2500
3917,73.86412078152753,161.6651865008881,550.2966252220249,1383.0,1.2526177025497542,18620.170515097692,LacZ_2,LacZ OE,-0.17144281838919995,-0.7453325393422936,12.826921166678048,70,2500
3918,74.29256965944272,187.53560371517028,262.484520123839,886.0,1.480641858822227,21031.922600619197,LacZ_2,LacZ OE,0.4650229203641598,-0.6811777530650689,19.711457814330217,70,2500
3919,74.43087121212122,187.56060606060606,504.8806818181818,1409.0,1.6601774336239066,19984.04356060606,LacZ_2,LacZ OE,-0.07124715498803658,-0.6837453819472163,14.198881101819339,70,2500
3920,73.62787356321839,219.27083333333334,276.55028735632186,1809.0,1.3364162065555805,29196.181034482757,LacZ_2,LacZ OE,0.4336319696550939,-0.6064892210963823,18.408636936454556,70,2500
3921,73.15903614457831,229.4156626506024,283.6132530120482,1064.0,1.329265957344907,23536.744578313253,LacZ_2,LacZ OE,0.41793236651328813,-0.5826471678611097,17.6760617201372,70,2500
3922,74.02463768115942,231.4673913043478,384.713768115942,1603.0,1.3030975982429667,21389.579710144928,LacZ_2,LacZ OE,0.19419908044031908,-0.5788846800689977,16.164523187666248,70,2500
3923,77.23936507936509,251.51809523809524,299.60761904761904,2260.0,1.2760945423997112,28665.87873015873,LacZ_2,LacZ OE,0.3821226587120481,-0.5305928492363716,21.16602229994298,70,2500
3924,73.99428026692088,259.77979027645375,260.72831267874164,1295.0,1.469267328164856,23391.142040038132,LacZ_2,LacZ OE,0.46822468135695683,-0.5107576379618622,18.7474863041749,70,2500
3925,74.98066298342542,271.9732965009208,246.48250460405157,1353.0,1.3654746934881747,22771.2817679558,LacZ_2,LacZ OE,0.4995722943293732,-0.48181881411695093,19.946362232703777,70,2500
3926,72.9865399841647,280.27711797307995,387.403008709422,1509.0,1.393063034967201,15754.373713380839,LacZ_2,LacZ OE,0.18783097097900514,-0.4638063300675097,14.586594100718806,70,2500
3927,74.12699905926623,284.97742238946375,230.23894637817497,1273.0,1.3536736184477651,24212.825964252115,LacZ_2,LacZ OE,0.535426867291487,-0.4509882521687454,19.344420175722732,70,2500
3928,72.12485811577753,308.6821793416572,306.01248581157773,1125.0,1.6301910634572272,17399.884222474462,LacZ_2,LacZ OE,0.36766417519742345,-0.39594180950980973,15.344645269639983,70,2500
3929,74.04513888888889,311.39409722222223,233.21614583333334,1451.0,1.3565167430654987,26793.0625,LacZ_2,LacZ OE,0.5285889321874018,-0.38871139540383437,18.93476668430202,70,2500
3930,73.97431018078021,324.7602283539486,212.46431969552808,1371.0,1.307630506163238,30138.064700285442,LacZ_2,LacZ OE,0.5743733634039945,-0.3569601626515756,19.2169623396113,70,2500
3931,74.01387604070305,333.0749306197965,309.7308048103608,1394.0,1.3838656964722003,23008.385753931543,LacZ_2,LacZ OE,0.35910435125224627,-0.33840198332163707,16.90776214862027,70,2500
3932,75.07304601899196,337.4682249817385,341.3235938641344,1660.0,1.3220357026464933,16229.311176040907,LacZ_2,LacZ OE,0.289113116989425,-0.32835775623744556,17.187145346442918,70,2500
3933,75.69815195071868,356.15058179329225,314.9644079397673,2006.0,1.3236611799313074,22068.82546201232,LacZ_2,LacZ OE,0.34721552904048014,-0.28399001493193443,18.243763401843665,70,2500
3934,74.19560439560439,375.6758241758242,275.6989010989011,1590.0,1.5531790450556728,26578.669230769232,LacZ_2,LacZ OE,0.4339729192299111,-0.23754264585521645,17.466026769528085,70,2500
3935,73.79759862778731,386.6003430531732,194.15866209262435,1495.0,1.4096072625176788,42495.40137221269,LacZ_2,LacZ OE,0.6142825111042944,-0.21089860436905028,18.862096514560932,70,2500
3936,74.32501889644747,388.6696900982615,222.21466364323507,1866.0,1.339393644938019,44940.21844293273,LacZ_2,LacZ OE,0.552165820483,-0.20630981751724753,18.715080997330062,70,2500
3937,74.00172562553925,400.886108714409,254.12942191544434,1422.0,1.2516289393905038,40966.37359792925,LacZ_2,LacZ OE,0.4814580409385172,-0.17784764367476202,17.528408797141253,70,2500
3938,73.87889908256881,406.51284403669723,212.9816513761468,1617.0,1.5117011066679547,52355.7752293578,LacZ_2,LacZ OE,0.572442800868944,-0.16413182496974932,18.30979027276065,70,2500
3939,72.90561622464898,406.46177847113887,143.85179407176287,1599.0,1.450853859350394,50822.419656786275,LacZ_2,LacZ OE,0.7254323353843457,-0.16352450475239722,18.94883052493003,70,2500
3940,74.217,412.801,247.838,1246.0,1.2743809271504387,48208.821,LacZ_2,LacZ OE,0.4952503980503171,-0.14966991086434533,17.773720608884403,70,2500
3941,73.75583203732504,427.1259720062208,231.14463452566096,1590.0,1.3707496069174052,52262.592534992225,LacZ_2,LacZ OE,0.5320670322311538,-0.11570992830661286,17.561713733287533,70,2500
3942,72.80523255813954,430.2587209302326,278.97093023255815,995.0,1.6118130322406006,31593.594476744187,LacZ_2,LacZ OE,0.42627783325737956,-0.10886104402117736,15.465875422645581,70,2500
3943,74.31074035453598,437.00834202294055,348.3842544316997,2277.0,1.468186190436977,28473.277893639206,LacZ_2,LacZ OE,0.27256885572892653,-0.0936588958589849,15.286754463834328,70,2500
3944,73.66596528143083,440.60915307732773,364.9726459758022,2267.0,1.4449914917640503,25354.629668595477,LacZ_2,LacZ OE,0.23586818181694968,-0.08536007547004199,14.220262784873391,70,2500
3945,72.61491065927295,441.218730745533,383.14048059149724,2110.0,1.5820736534940616,24059.766481823783,LacZ_2,LacZ OE,0.1957231822207146,-0.08414331561451927,12.740063663711922,70,2500
3946,74.06699928724163,439.53243050605846,254.69707769066287,1633.0,1.2559225852137395,47815.89237348539,LacZ_2,LacZ OE,0.479824905487392,-0.08669428603378593,17.202377361084963,70,2500
3947,75.68767428890128,459.62632459564975,274.4394868934746,2375.0,1.5192801919704042,41673.2771890686,LacZ_2,LacZ OE,0.43586981007914294,-0.0394744737117646,18.16574627157064,70,2500
3948,74.18864468864469,473.742673992674,241.7664835164835,1502.0,1.4248929307444675,43267.55311355311,LacZ_2,LacZ OE,0.5080944929990898,-0.005856914852745976,17.29075772543562,70,2500
3949,74.42990654205607,473.39762107051826,184.73152081563296,1459.0,1.3507083505638258,53868.30331350892,LacZ_2,LacZ OE,0.6342660823758841,-0.0060465362739946515,18.864881687623736,70,2500
3950,75.12535079513565,485.4798877455566,374.20626753975677,2625.0,1.655944448644954,29821.10383536015,LacZ_2,LacZ OE,0.21493070891534627,0.02041308800984898,15.024992680745761,70,2500
3951,73.40618695359785,495.29051782111634,140.93880295897782,1935.0,1.3146488418221656,36515.30934767989,LacZ_2,LacZ OE,0.7309915464357313,0.04604564654292975,18.64819433308091,70,2500
3952,74.023198011599,490.36702568351285,156.81110190555094,1623.0,1.4315326036960208,39185.29328914665,LacZ_2,LacZ OE,0.6958923738280494,0.034274116893897366,18.943166233647432,70,2500
3953,73.45238095238095,501.3985507246377,207.8198757763975,1257.0,1.488320497367448,55668.07246376811,LacZ_2,LacZ OE,0.5829664000510839,0.05972858987787566,17.075532497225595,70,2500
3954,73.17165492957747,498.3098591549296,193.4911971830986,1446.0,1.333773743733449,53869.550176056335,LacZ_2,LacZ OE,0.6147106995444365,0.05259210107169032,17.159132120700463,70,2500
3955,73.6654492330168,510.5171658144631,142.3265157048941,1707.0,1.3359694234843227,39999.19357195033,LacZ_2,LacZ OE,0.7277607323310122,0.08195276551952535,18.726072025994895,70,2500
3956,73.69079535299375,522.4584450402144,130.22520107238606,1429.0,1.3787283756393398,30446.207327971402,LacZ_2,LacZ OE,0.7544161074798812,0.11025143740278631,18.916694777730953,70,2500
3957,73.34108527131782,522.2441860465116,203.65193798449613,1633.0,1.3503206752106116,51924.19689922481,LacZ_2,LacZ OE,0.5919913595018611,0.10894145671961675,16.857513718990887,70,2500
3958,72.7430441898527,524.4018003273322,284.189852700491,1471.0,1.2453783176673443,28583.178396072013,LacZ_2,LacZ OE,0.41382415570566145,0.11314337598575719,14.361107181167,70,2500
3959,72.91730038022814,546.1036121673004,212.5703422053232,1361.0,1.4213927323941686,38722.6891634981,LacZ_2,LacZ OE,0.5720518745129843,0.1651140739888839,15.99256296811064,70,2500
3960,74.05803571428571,551.3008928571429,186.59196428571428,1648.0,1.6329946919446663,39592.34285714286,LacZ_2,LacZ OE,0.6294156321454496,0.17768117776842884,17.687684042656784,70,2500
3961,75.00675168792198,567.947486871718,236.57764441110277,1627.0,1.4891822633454082,41599.644411102774,LacZ_2,LacZ OE,0.5186202266616582,0.2164261306823687,17.308018908032842,70,2500
3962,75.69711934156379,588.2526748971194,175.24362139917696,1533.0,1.3876633341214313,34542.687242798354,LacZ_2,LacZ OE,0.654079789845377,0.26500270030264983,19.229314525245158,70,2500
3963,72.96979166666667,652.0854166666667,180.21770833333332,1182.0,1.3200343443299611,32538.872916666667,LacZ_2,LacZ OE,0.6425987777029192,0.41545363020948933,15.762472210462327,70,2500
3964,73.2353488372093,663.04,128.98046511627908,1309.0,1.24981861791078,26354.157209302324,LacZ_2,LacZ OE,0.7558332583536174,0.44185497748440583,17.115194007186602,70,2500
3965,75.21825669183254,671.0981468771448,309.32532601235414,1892.0,1.3327067608419945,20602.002745367194,LacZ_2,LacZ OE,0.35666868847349664,0.45895104505039774,14.814552673708597,70,2500
3966,72.42394014962593,680.3765586034913,168.02618453865335,969.0,1.3506744124226657,24581.250623441396,LacZ_2,LacZ OE,0.6693250582137429,0.4823059089245809,15.224242896181451,70,2500
3967,74.03965785381027,678.9813374805599,339.95101088646965,1510.0,1.2513895094194631,16813.213841368586,LacZ_2,LacZ OE,0.2888989080981954,0.4771865632036194,12.845287453966051,70,2500
3968,73.29590643274854,759.9403508771929,532.3087719298246,1009.0,1.256536015923798,25718.522807017544,LacZ_2,LacZ OE,-0.13740669210128642,0.6660468890044733,6.825680064410747,70,2500
3969,73.46153846153847,775.8913461538461,538.4759615384615,1270.0,1.4151422110046594,26464.13076923077,LacZ_2,LacZ OE,-0.15121350237879883,0.7036085910447494,6.691455411377554,70,2500
3970,76.66374781085814,153.0323992994746,557.3896672504378,1338.0,1.1931372767443236,27107.2530647986,LacZ_2,LacZ OE,-0.18719620867694697,-0.7657083933847375,15.544753645739036,70,2500
3971,75.0546006066734,163.9464105156724,502.05055611729017,1245.0,1.3061052282649928,21913.839231547016,LacZ_2,LacZ OE,-0.06478971770506281,-0.7394010425395113,15.11938733843676,70,2500
3972,75.26420454545455,196.9905303030303,552.2244318181819,1329.0,1.3189746800711402,16224.601325757576,LacZ_2,LacZ OE,-0.17612192640858648,-0.6619969099883789,13.836053151470423,70,2500
3973,73.49320148331273,214.53152039555007,255.29419035846723,1073.0,1.4210625853277148,20475.351050679852,LacZ_2,LacZ OE,0.48071049447878433,-0.6174406664496026,18.815878455030443,70,2500
3974,74.68541905855339,284.4270952927669,695.4787600459242,1051.0,1.3914915400492254,20423.559127439723,LacZ_2,LacZ OE,-0.4938652441946124,-0.4573209991819793,9.062662242248422,70,2500
3975,75.37327935222672,343.9603238866397,264.89473684210526,1733.0,1.460555453608894,30721.97975708502,LacZ_2,LacZ OE,0.45812139211802894,-0.3122083152907643,19.205437084101717,70,2500
3976,74.27115716753022,366.55267702936095,311.2089810017271,908.0,1.4916895794365674,20449.996545768565,LacZ_2,LacZ OE,0.3554969189874282,-0.2594456335111235,16.803012074500046,70,2500
3977,74.24299065420561,365.1570093457944,228.01495327102805,1348.0,1.420761224383865,26790.171962616823,LacZ_2,LacZ OE,0.539565340198702,-0.2618357705419968,18.727875204030184,70,2500
3978,74.80311614730878,365.90651558073654,280.9900849858357,1077.0,1.5281783743651236,26010.593484419263,LacZ_2,LacZ OE,0.4223301446565151,-0.26062979439815215,18.04556622939117,70,2500
3979,74.08817427385893,376.98858921161826,299.5280082987552,1338.0,1.5216576946737626,24121.402489626555,LacZ_2,LacZ OE,0.38124768705044065,-0.23470710184618426,16.790299654809857,70,2500
3980,73.33155080213903,385.1016042780749,153.15329768270945,807.0,1.6790689830044505,36749.38146167558,LacZ_2,LacZ OE,0.7050389003115025,-0.21399956501871265,19.366750518679112,70,2500
3981,75.02910602910603,398.26541926541927,282.0450450450451,2298.0,1.5177332288968473,35796.01108801109,LacZ_2,LacZ OE,0.41967145268188855,-0.1843086670947124,17.930345562122824,70,2500
3982,74.38145416227609,405.8082191780822,240.0368809272919,1443.0,1.488067775583347,51304.28451001054,LacZ_2,LacZ OE,0.5125682821240187,-0.16607592741001764,18.18838282361058,70,2500
3983,75.10183639398998,414.9816360601002,231.59682804674458,1590.0,1.430383923589641,54678.84808013355,LacZ_2,LacZ OE,0.5311145597543898,-0.1443298777982337,19.015546642902322,70,2500
3984,74.4186046511628,418.6772093023256,160.2679069767442,1276.0,1.3215943985055163,40189.75813953488,LacZ_2,LacZ OE,0.6889179298690107,-0.13485459574950331,19.959157634075154,70,2500
3985,74.51151631477927,425.4798464491363,244.883877159309,1500.0,1.564201587686187,47102.642034548946,LacZ_2,LacZ OE,0.501648028444879,-0.1197245761918021,18.01297871363124,70,2500
3986,75.23657289002557,425.925831202046,132.0230179028133,1058.0,1.4437786400024002,32153.012787723786,LacZ_2,LacZ OE,0.7512928149548719,-0.11743161597927476,21.364383365705436,70,2500
3987,75.49332220367279,431.6903171953255,162.96828046744574,1555.0,1.4587644780664317,47798.330550918196,LacZ_2,LacZ OE,0.6827623348653176,-0.104164347861881,20.843283636054906,70,2500
3988,74.56442307692308,432.46153846153845,177.05769230769232,1421.0,1.7085473569048415,50014.17403846154,LacZ_2,LacZ OE,0.6516323150413095,-0.10251927137573102,19.578693386629965,70,2500
3989,74.17994628469114,449.80214861235453,183.8907788719785,1369.0,1.3010623811263589,46115.40644583706,LacZ_2,LacZ OE,0.6363673012225493,-0.061699561392307034,18.865419070925014,70,2500
3990,74.84828921885087,448.4157520981278,229.52162685603616,1846.0,1.4023233926831469,51398.76888315042,LacZ_2,LacZ OE,0.5353952295543012,-0.06544955317119872,18.48339247586219,70,2500
3991,74.79173166926677,461.99375975039004,173.37675507020282,1644.0,1.445312836123792,47897.221528861155,LacZ_2,LacZ OE,0.6594783181482988,-0.032814245422870036,19.602842882233688,70,2500
3992,75.52587481517989,474.45194677180876,329.56628881222275,2628.0,1.4541268334138224,30239.85657959586,LacZ_2,LacZ OE,0.31377551019179073,-0.005105913729117506,16.573887329084144,70,2500
3993,75.98467274233637,503.2245236122618,380.9096934548467,2930.0,1.3110452272534552,26911.067108533553,LacZ_2,LacZ OE,0.1998843551251961,0.06221560530333203,15.554189828591888,70,2500
3994,75.17336683417085,507.9321608040201,163.19179229480736,1611.0,1.4257249094763518,46091.662479061975,LacZ_2,LacZ OE,0.6815467253306877,0.0756633731218137,19.772396647864355,70,2500
3995,74.02192066805846,536.9624217118998,167.6972860125261,1346.0,1.4842387226823484,34018.716075156575,LacZ_2,LacZ OE,0.6713576770772267,0.14406409685588883,18.23230537501196,70,2500
3996,74.51390728476821,561.4807947019867,155.2291390728477,1021.0,1.3914472623754186,27341.603973509933,LacZ_2,LacZ OE,0.6986788051405302,0.20204395140357212,18.774937462747857,70,2500
3997,75.64344521849272,565.3324889170361,275.4990500316656,2116.0,1.5839513380533856,31825.163394553514,LacZ_2,LacZ OE,0.43250524447450367,0.20985021136941717,17.062777992626437,70,2500
3998,74.68831168831169,577.4905094905095,145.28271728271727,1206.0,1.1920887638215136,30057.072927072928,LacZ_2,LacZ OE,0.7205197578022156,0.2399191768060902,19.024538514725606,70,2500
3999,75.71492346938776,589.2889030612245,260.8890306122449,1996.0,1.3097950535574396,29679.698979591838,LacZ_2,LacZ OE,0.464592092968241,0.2665181682817166,17.240463391343347,70,2500
4000,74.41878172588832,614.236040609137,120.85913705583756,1036.0,1.4378346398176651,27347.35659898477,LacZ_2,LacZ OE,0.7742114240460047,0.3268524818514913,18.96498488312828,70,2500
4001,73.96004319654428,624.6144708423326,134.52807775377968,1286.0,1.3530819301000743,32408.541036717063,LacZ_2,LacZ OE,0.7438943770325153,0.35117410956182593,18.086225758596925,70,2500
4002,75.15254237288136,635.0874219446922,275.0454950936664,1456.0,1.5001768786880578,18088.42462087422,LacZ_2,LacZ OE,0.43285913468596426,0.37438020472792966,15.900238680535566,70,2500
4003,73.56936736958934,636.5726970033296,301.4273029966704,1058.0,1.6600751095865303,13999.124306326305,LacZ_2,LacZ OE,0.3745610641560062,0.37756127758500146,13.688043812522615,70,2500
4004,76.37769784172662,682.3395683453238,315.42877697841726,2004.0,1.3926061413774697,17408.28129496403,LacZ_2,LacZ OE,0.34299709233070264,0.48542729514822236,15.721375992277544,70,2500
4005,73.50577124868835,727.7051416579224,154.73662119622244,1129.0,1.4512157023475885,23296.1500524659,LacZ_2,LacZ OE,0.6982122576710925,0.5941123222239968,16.152542106056032,70,2500
4006,73.71030640668523,733.3272980501392,217.68384401114207,993.0,1.5188728758436354,23349.75348189415,LacZ_2,LacZ OE,0.5588866416832294,0.6066954847335779,14.834627310175655,70,2500
4007,74.29066410009625,736.6871992300289,263.18094321462945,1249.0,1.25980475963638,17887.972088546678,LacZ_2,LacZ OE,0.4581690933815412,0.6141403896876341,14.321331574192605,70,2500
4008,73.33333333333333,740.8948824343015,556.3153526970955,892.0,1.4244292236963085,22373.605809128632,LacZ_2,LacZ OE,-0.19033507108307846,0.6208632968578278,6.489777648221612,70,2500
4009,74.24479166666667,752.7942708333334,434.3932291666667,1435.0,1.3438236619698036,19019.277777777777,LacZ_2,LacZ OE,0.07923586241299341,0.650274834749383,10.126714004674746,70,2500
4010,74.2800925925926,788.0706018518518,632.6064814814815,1123.0,1.5041686029006662,30409.083333333332,LacZ_2,LacZ OE,-0.3596223456444122,0.7313341927030155,5.1962938326770285,70,2500
4011,74.08428446005267,802.4749780509219,528.3090430201931,1391.0,1.4621194464066187,23306.956101843723,LacZ_2,LacZ OE,-0.12901021376117927,0.7664379482506234,7.290957213310747,70,2500
4012,76.36600173460538,105.60624457935819,511.57415437987856,1386.0,1.395368314096678,18832.314830875977,LacZ_2,LacZ OE,-0.08536247381400086,-0.8770858245220118,16.779064337749716,70,2500
4013,74.61853658536586,153.49658536585366,641.0965853658537,1264.0,1.5075130794244622,15520.211707317074,LacZ_2,LacZ OE,-0.37228314519122074,-0.7655683100264711,11.544331331084287,70,2500
4014,75.56147986942328,174.1784548422198,294.5277475516866,1097.0,1.2422985069262422,28193.523394994558,LacZ_2,LacZ OE,0.3941960638406736,-0.7130029486407656,20.363654709512815,70,2500
4015,75.88241415192508,199.1404786680541,512.3964620187305,1148.0,1.2557805638866009,17638.402705515087,LacZ_2,LacZ OE,-0.08806167492513672,-0.6564794554143618,15.36147866248858,70,2500
4016,75.65361803084222,218.98813760379596,651.0320284697509,1034.0,1.496657441263007,19096.083036773427,LacZ_2,LacZ OE,-0.3949508685613181,-0.6111725521876064,11.706812525738258,70,2500
4017,75.23449830890642,228.6065388951522,697.5355129650508,1085.0,1.3868174671523898,19424.20405862458,LacZ_2,LacZ OE,-0.4979037790862869,-0.588998980906255,10.109675818411873,70,2500
4018,75.268972142171,237.61959654178673,340.6695485110471,1265.0,1.2975645548608241,15949.797310278578,LacZ_2,LacZ OE,0.29151602579438873,-0.5638667612101791,18.375008616764077,70,2500
4019,75.47077162899454,276.078721745908,350.6344505066251,1477.0,1.4848751340373385,17867.84801247077,LacZ_2,LacZ OE,0.2690877431462404,-0.47325379264431733,17.968227796508586,70,2500
4020,75.046875,297.94485294117646,230.5496323529412,1317.0,1.2836696394100948,22494.183823529413,LacZ_2,LacZ OE,0.5345665179379271,-0.4203833559772795,20.1299078039728,70,2500
4021,75.49003322259136,304.36212624584715,215.5888704318937,1506.0,1.3827326462526328,27830.806478405317,LacZ_2,LacZ OE,0.5675798144575628,-0.4050740177447504,20.858904484544183,70,2500
4022,74.78831312017641,309.0297684674752,252.0606394707828,1359.0,1.455470752591856,22660.14112458655,LacZ_2,LacZ OE,0.4868829736058504,-0.3944757964995279,19.261540867937583,70,2500
4023,74.97840375586854,313.51549295774646,277.4253521126761,1317.0,1.3021577332360663,19335.37276995305,LacZ_2,LacZ OE,0.4307143840037899,-0.3841658188759486,18.816403372797637,70,2500
4024,74.63836477987421,320.936320754717,313.72641509433964,1678.0,1.3765721451283701,18676.569182389936,LacZ_2,LacZ OE,0.35034987201631584,-0.36706334016342734,17.557652087564207,70,2500
4025,73.6496644295302,354.7006711409396,235.26577181208054,928.0,1.3602396937128887,22160.497986577182,LacZ_2,LacZ OE,0.5236558989666149,-0.2865921419454196,18.067999449831035,70,2500
4026,74.76582278481013,366.23839662447256,174.37130801687763,604.0,1.231976449006434,24491.348101265823,LacZ_2,LacZ OE,0.6582058290167865,-0.25869110327432043,20.490469234586698,70,2500
4027,75.14731182795698,383.7494623655914,138.2290322580645,1174.0,1.3709683906693286,29279.656989247313,LacZ_2,LacZ OE,0.7379756841061689,-0.21698560004704825,21.543063571646073,70,2500
4028,75.22278911564626,383.67687074829934,341.1003401360544,788.0,1.4643347844780248,18034.908163265307,LacZ_2,LacZ OE,0.28915220875791836,-0.21935605947672554,16.890016329896902,70,2500
4029,76.54072924747867,389.67649340574087,326.2435996896819,1736.0,1.2519297998602734,19936.09154383243,LacZ_2,LacZ OE,0.32189420320656636,-0.20501302403636334,18.495176047677916,70,2500
4030,75.33397129186604,386.4583732057416,169.89377990430623,1386.0,1.4896564430321644,46667.90622009569,LacZ_2,LacZ OE,0.6678866445964484,-0.2109351558059931,20.965014872057992,70,2500
4031,76.7827140549273,392.5428109854604,182.72294022617123,1544.0,1.2201823400038228,50609.784329563816,LacZ_2,LacZ OE,0.6393704367832753,-0.1966894393318468,22.054709120873284,70,2500
4032,74.39504843918192,396.8622174381055,369.30032292787945,1096.0,1.617686962662923,15817.899892357373,LacZ_2,LacZ OE,0.22667947213514839,-0.18857961532513945,15.276176117211747,70,2500
4033,75.40529010238907,400.21245733788396,268.56058020477815,1425.0,1.3027691086322264,35076.4018771331,LacZ_2,LacZ OE,0.4494653906595121,-0.17956115887828283,18.60170432741417,70,2500
4034,75.60501792114695,428.2523297491039,188.9426523297491,1771.0,1.3671537777985912,52988.017204301075,LacZ_2,LacZ OE,0.625325687844235,-0.11255303763757074,20.38307671053562,70,2500
4035,74.68788501026694,443.6714579055442,148.28131416837783,660.0,1.4068854753946445,29376.213552361398,LacZ_2,LacZ OE,0.7151806026281335,-0.07576256560079764,20.263273774513337,70,2500
4036,76.26837606837607,460.92478632478634,194.55128205128204,1449.0,1.299177235485393,49648.610256410255,LacZ_2,LacZ OE,0.6125670924619326,-0.03553172751407052,20.595864909393143,70,2500
4037,75.04707792207792,470.61309523809524,282.76731601731603,2234.0,1.3715213406473883,35158.41341991342,LacZ_2,LacZ OE,0.4173726302348597,-0.013664112844291143,17.223745132492986,70,2500
4038,76.76146788990826,466.74464831804283,227.6605504587156,1747.0,1.3418978639454513,50953.56574923547,LacZ_2,LacZ OE,0.539236345160202,-0.022151921746905168,20.260044477305087,70,2500
4039,75.82014388489209,471.46043165467626,295.8974820143885,704.0,1.3761679133348983,22753.88129496403,LacZ_2,LacZ OE,0.38827608763679167,-0.011790237155720473,17.682192772252947,70,2500
4040,74.98652849740932,476.1937823834197,171.93886010362695,1273.0,1.3301563642849639,46319.5896373057,LacZ_2,LacZ OE,0.6625119732787588,0.0007004774477918918,19.69218734450253,70,2500
4041,77.20201238390094,484.98142414860683,181.33668730650155,1660.0,1.4972100364938348,50880.465944272444,LacZ_2,LacZ OE,0.6415212580011753,0.021377177622331045,21.60192312041245,70,2500
4042,75.06277056277057,487.53246753246754,203.7435064935065,1132.0,1.287796286124929,54016.57251082251,LacZ_2,LacZ OE,0.5920356414340653,0.027102589926892406,18.91607593160859,70,2500
4043,76.66006600660066,511.1795379537954,240.37161716171616,1900.0,1.2089537459293194,38784.19405940594,LacZ_2,LacZ OE,0.5106904662884979,0.08251982313910311,19.427685349051345,70,2500
4044,76.65456989247312,510.96034946236557,200.8138440860215,1785.0,1.3150895578299158,53386.12903225807,LacZ_2,LacZ OE,0.5982081084033293,0.08243184417607674,20.346481520359646,70,2500
4045,75.42625482625482,528.4324324324324,240.45559845559845,1526.0,1.4261380152169048,38225.616216216215,LacZ_2,LacZ OE,0.5104015124991115,0.1231864634314046,18.023537134053555,70,2500
4046,75.40712945590994,531.7073170731708,214.77392120075046,1241.0,1.3583408757148185,42936.265478424015,LacZ_2,LacZ OE,0.5671874132529533,0.1311893679972551,18.57105723151122,70,2500
4047,75.0072463768116,535.2673107890499,281.07487922705315,1471.0,1.4220371142803718,32490.469404186795,LacZ_2,LacZ OE,0.42049338593739494,0.13885816731037348,16.590909946592717,70,2500
4048,75.0772391125719,541.3007395234182,268.9852095316352,1510.0,1.4988182233790288,32757.359901396878,LacZ_2,LacZ OE,0.44717785118494,0.1532224346491382,16.883686177450215,70,2500
4049,76.07051671732523,558.683282674772,328.454103343465,1977.0,1.292552733597137,27936.055319148934,LacZ_2,LacZ OE,0.315392930616365,0.19360146060944228,16.320302312916183,70,2500
4050,74.78401122019635,564.0420757363254,139.03085553997195,916.0,1.54450237692199,26498.6507713885,LacZ_2,LacZ OE,0.7344761719820183,0.20826734193145247,19.397504125598445,70,2500
4051,74.7586592178771,566.5396648044692,344.87262569832404,1042.0,1.4328417712320414,17716.827932960892,LacZ_2,LacZ OE,0.2790613685927743,0.2119248352502907,14.549271862224856,70,2500
4052,75.38115816767503,585.2636127917027,235.36387208297322,1460.0,1.3119368820958435,30625.85738980121,LacZ_2,LacZ OE,0.5211186142264019,0.25729271273276044,17.541208232110094,70,2500
4053,79.55962829117192,595.297883324729,198.89984512132162,2718.0,1.3967303046958668,31480.00826019618,LacZ_2,LacZ OE,0.6014763898269384,0.28145229996032417,22.470211107984056,70,2500
4054,76.11474358974358,611.7634615384616,253.6724358974359,1872.0,1.4890260713427808,32796.44038461539,LacZ_2,LacZ OE,0.4803195408433292,0.3196180434491618,17.58853078581494,70,2500
4055,76.0152733118971,620.6655948553055,262.2909967845659,1490.0,1.3150580808489634,21311.74196141479,LacZ_2,LacZ OE,0.46117136551971094,0.34052041037145697,17.201098055747188,70,2500
4056,76.48606811145511,618.328173374613,161.21052631578948,553.0,1.5350966818889806,30978.77399380805,LacZ_2,LacZ OE,0.6847940000818713,0.33611432790108897,20.050933276602123,70,2500
4057,76.55217391304348,626.9847826086957,349.1355072463768,1627.0,1.402221453164032,16824.427536231884,LacZ_2,LacZ OE,0.26895290610065303,0.3544960392079486,15.651545082378547,70,2500
4058,75.22368421052632,664.1487854251012,281.4625506072874,1179.0,1.2913241752263531,16366.647773279352,LacZ_2,LacZ OE,0.4183775731166155,0.44286146403832993,15.53747925921514,70,2500
4059,73.93596730245231,703.3297002724796,146.12534059945503,878.0,1.45470524393077,19762.198910081745,LacZ_2,LacZ OE,0.7174769420744209,0.536719354771328,17.021790330382487,70,2500
4060,74.98907103825137,793.8459016393442,590.3978142076503,1078.0,1.4989118925510052,25486.420765027324,LacZ_2,LacZ OE,-0.2663349499028964,0.7454309404894552,6.832492106064002,70,2500
4061,74.99312123817712,813.4135855546002,460.3542562338779,1429.0,1.2760607934440271,17359.569217540844,LacZ_2,LacZ OE,0.02117606194329058,0.7929976663623146,9.676618342561525,70,2500
4062,77.13040585495675,144.1556886227545,446.32734530938126,1898.0,1.5492890859065416,23539.671989354625,LacZ_2,LacZ OE,0.05857315689318998,-0.785430997029629,18.68711372379643,70,2500
4063,78.51359516616314,165.19712990936557,633.1404833836858,1742.0,1.1693259577088868,18256.872356495467,LacZ_2,LacZ OE,-0.3549960616483271,-0.73779410824233,15.50915406421852,70,2500
4064,76.8782129742962,169.85862913096696,536.2001223990208,1969.0,1.4522033662992426,22078.214198286412,LacZ_2,LacZ OE,-0.14049161745964955,-0.7257843002743698,16.088507962187784,70,2500
4065,76.63430420711974,189.32362459546925,296.31067961165047,1177.0,1.4160756346769445,23146.915857605178,LacZ_2,LacZ OE,0.3900496305966641,-0.6772737337495489,21.246418378802005,70,2500
4066,76.26402070750648,203.7739430543572,302.4719585849871,1428.0,1.4114801617396475,21239.29853321829,LacZ_2,LacZ OE,0.3762981143219115,-0.6432639626981623,20.591267393915672,70,2500
4067,76.27125941872981,226.2572658772874,755.8040904198062,1170.0,1.308092849743874,21317.505920344458,LacZ_2,LacZ OE,-0.6268445283105935,-0.5951488793862789,9.810765895937386,70,2500
4068,74.57077625570776,230.31506849315068,223.37899543378995,570.0,1.6184187404205386,16880.965753424658,LacZ_2,LacZ OE,0.5511093480672278,-0.579839959743679,20.482696113170135,70,2500
4069,76.2363813229572,247.77431906614785,252.14785992217898,1236.0,1.529772690599264,19362.255836575874,LacZ_2,LacZ OE,0.48720783480066143,-0.5389315844858378,21.3063345576833,70,2500
4070,76.657060518732,251.1613832853026,238.1685878962536,894.0,1.1935765925659352,18395.962536023053,LacZ_2,LacZ OE,0.5180802220776524,-0.5307809928525256,22.01962204071242,70,2500
4071,75.74114173228347,260.6761811023622,295.60728346456693,1265.0,1.3673135841127861,19833.945866141734,LacZ_2,LacZ OE,0.3909615873302452,-0.5089817766170959,19.67194365346201,70,2500
4072,76.34879571810883,277.0900981266726,259.15165031222125,1332.0,1.3889182324395837,19136.64852809991,LacZ_2,LacZ OE,0.47142362161913787,-0.46985563904579675,20.968668122788188,70,2500
4073,76.69457364341085,283.02635658914727,337.8209302325581,1491.0,1.247492698419561,19446.053488372094,LacZ_2,LacZ OE,0.29730513333547304,-0.4566989245674822,19.42237542264219,70,2500
4074,75.9414976599064,294.2355694227769,276.9180967238689,1576.0,1.3149491030965141,20081.177067082685,LacZ_2,LacZ OE,0.43197336774532014,-0.4296153551908206,19.979617023100815,70,2500
4075,75.13195098963243,317.368520263902,298.2525918944392,1306.0,1.53421406904122,18320.05560791706,LacZ_2,LacZ OE,0.3845922366143548,-0.3752998394453939,18.446698175651804,70,2500
4076,76.85876288659794,320.70721649484534,200.77731958762885,1150.0,1.2442942559853927,26351.480412371133,LacZ_2,LacZ OE,0.6001191137510897,-0.36632766984475884,22.41258120544039,70,2500
4077,76.52639751552795,336.4627329192547,280.47593167701865,1731.0,1.356161174156593,26628.30201863354,LacZ_2,LacZ OE,0.42366343779973326,-0.330036171284254,20.06831149039546,70,2500
4078,76.58304498269896,354.39965397923874,221.30795847750866,1538.0,1.3540151622022112,28792.01903114187,LacZ_2,LacZ OE,0.5543866294665645,-0.287083780090461,21.32876303790478,70,2500
4079,76.39669421487604,368.56788665879577,213.19834710743802,1078.0,1.5548413706675148,25996.0826446281,LacZ_2,LacZ OE,0.5722003953528074,-0.2535803621336786,21.192919630865262,70,2500
4080,76.18729641693811,374.12540716612375,250.82410423452768,824.0,1.282830741899459,26173.657980456028,LacZ_2,LacZ OE,0.4889164857294863,-0.24088439766600456,20.05211482095777,70,2500
4081,76.96262395118231,390.27688787185355,252.29290617848972,1706.0,1.4663593896973526,41804.985507246376,LacZ_2,LacZ OE,0.4854706544900993,-0.20278490387114656,20.634955502146852,70,2500
4082,77.13863404689093,416.3812436289501,209.2018348623853,1349.0,1.4373630515520617,54841.80122324159,LacZ_2,LacZ OE,0.5805410842016838,-0.14073905543071308,21.560060120763012,70,2500
4083,78.58842152872003,446.01266395296244,381.46630483943915,2685.0,1.4539894746089372,26541.923111714157,LacZ_2,LacZ OE,0.19907191111641742,-0.07268096893318399,18.703796822484023,70,2500
4084,76.07289455060156,454.0969568294409,215.58952583156406,1726.0,1.511488342211304,53816.28662420382,LacZ_2,LacZ OE,0.5660995120614993,-0.051869756521199184,19.976807473407234,70,2500
4085,77.6885625965997,459.09350850077277,146.47372488408038,1621.0,1.3883035725822264,35501.86707882535,LacZ_2,LacZ OE,0.7188753049909029,-0.03929728665675525,23.154266006311417,70,2500
4086,77.63146067415731,464.89063670411986,208.39850187265918,1682.0,1.4087480023300514,53341.59925093633,LacZ_2,LacZ OE,0.5818235161508691,-0.026296285102473616,21.596920743013783,70,2500
4087,75.43537414965986,464.33916423712344,340.06316812439263,1546.0,1.845988176735668,35458.14771622935,LacZ_2,LacZ OE,0.2906553674252159,-0.029075651885662634,16.337645486854427,70,2500
4088,76.43308675184936,485.65971755211837,285.74848688634836,1807.0,1.507469540378089,32817.940820443844,LacZ_2,LacZ OE,0.4105600524264188,0.02182680057625208,18.39262461944098,70,2500
4089,76.97056762438683,480.46531184302734,230.48213034337772,1727.0,1.4730786330542145,50939.51716888577,LacZ_2,LacZ OE,0.532850493090284,0.010186215628744888,20.26908228287151,70,2500
4090,75.63333333333334,495.24444444444447,179.64242424242425,1284.0,1.4031035159327294,53624.023232323234,LacZ_2,LacZ OE,0.6452513213745836,0.04556791629364909,19.97284470919456,70,2500
4091,76.62155541947337,495.006123698714,253.27189222290264,2168.0,1.4231361931502637,47091.46662584201,LacZ_2,LacZ OE,0.48230914667708524,0.04422952319042883,19.24667764275425,70,2500
4092,76.43238731218698,508.69449081803003,184.81636060100166,1470.0,1.5072278521352571,53893.578464106846,LacZ_2,LacZ OE,0.6336333845447133,0.07725567550527113,20.51945879335004,70,2500
4093,76.45438282647585,522.0348837209302,161.72719141323793,1422.0,1.3373309572224332,36957.12432915921,LacZ_2,LacZ OE,0.6845842644199109,0.10897367447852235,20.949187480042667,70,2500
4094,77.50692746536268,524.6642216788916,146.0440097799511,1688.0,1.2978750082331563,30532.499592502038,LacZ_2,LacZ OE,0.7192009527778496,0.11536986984396136,22.341271278804257,70,2500
4095,75.7775718257646,541.5764596848934,202.61816496756256,1416.0,1.4942251639199435,48094.22613531047,LacZ_2,LacZ OE,0.5939654443387685,0.15460880199620064,19.12820538784071,70,2500
4096,75.84349030470914,550.3649584487534,280.1204986149584,1739.0,1.4002628688079624,32383.340720221608,LacZ_2,LacZ OE,0.42241550575112563,0.17449958454666903,17.301444237278403,70,2500
4097,76.73804425410421,547.0078515346181,156.56459671663097,1824.0,1.301329924366737,37957.76659528908,LacZ_2,LacZ OE,0.6957493969194779,0.1679418026084809,21.10881144292935,70,2500
4098,77.2766308835673,556.3534269199009,263.96201486374895,1671.0,1.5260722046300415,35755.42361684558,LacZ_2,LacZ OE,0.45803155268974294,0.18883306227868424,19.052222132312693,70,2500
4099,77.18909710391823,558.3952299829642,247.06814310051107,1772.0,1.4845359468652193,39927.14991482112,LacZ_2,LacZ OE,0.4953913072843772,0.19383050253865264,19.33856221622044,70,2500
4100,76.28304705003734,570.1165048543689,217.17998506348022,1879.0,1.4684712070627906,42420.49887976101,LacZ_2,LacZ OE,0.561447491477638,0.2217819406158199,19.014874531481496,70,2500
4101,76.18150975402884,567.4181509754029,167.4164546225615,1379.0,1.2701443110092479,38229.56997455471,LacZ_2,LacZ OE,0.6715726876285044,0.21595469519202037,20.099822557982577,70,2500
4102,78.21440397350993,575.7350993377484,175.11920529801324,2298.0,1.4558980872773064,37315.94701986755,LacZ_2,LacZ OE,0.6543460487184829,0.2355353565757199,21.871146082370302,70,2500
4103,75.21016949152542,581.9118644067796,196.0406779661017,544.0,1.399594802258537,30935.48474576271,LacZ_2,LacZ OE,0.6081561496855081,0.24980940294936294,18.31974013526704,70,2500
4104,77.65855704697987,576.7969798657718,228.50755033557047,1564.0,1.6313516441501161,39312.12332214765,LacZ_2,LacZ OE,0.536251340335367,0.23744819458158384,20.06053303769663,70,2500
4105,78.58572479764533,588.3612950699044,215.90875643855776,2885.0,1.5759799419615106,37785.331861662984,LacZ_2,LacZ OE,0.5639643462899047,0.2648836772958265,21.167973709037184,70,2500
4106,77.26341463414634,582.4006968641115,273.1226480836237,1913.0,1.3330299242710006,36061.16027874564,LacZ_2,LacZ OE,0.437513787038607,0.25017305841619386,18.570659880714416,70,2500
4107,77.55701451278507,575.403593642018,248.39944713199725,1997.0,1.6515130875744295,38870.05805114029,LacZ_2,LacZ OE,0.4922624340932289,0.2339433825525672,19.50894593110951,70,2500
4108,75.933390264731,597.198975234842,152.75661827497865,1503.0,1.2812628819955785,35188.58411614005,LacZ_2,LacZ OE,0.7037299132866133,0.28635437681278453,19.902197313709337,70,2500
4109,77.25695461200586,604.0256222547584,131.87408491947292,1735.0,1.2671257028113858,29745.647877013176,LacZ_2,LacZ OE,0.7497947170717651,0.3027136800265504,21.64535877664484,70,2500
4110,75.10120481927711,602.7855421686747,293.4795180722892,566.0,1.3238460424266216,17208.667469879518,LacZ_2,LacZ OE,0.3923919946221355,0.2979861347701982,15.735182903237188,70,2500
4111,76.74069148936171,609.719414893617,223.83976063829786,2144.0,1.4725482280318776,36966.702792553195,LacZ_2,LacZ OE,0.5463069821793887,0.31513453969078586,18.929715067306645,70,2500
4112,76.53324099722991,603.8268698060942,172.9168975069252,1073.0,1.3688437242043114,28283.234072022162,LacZ_2,LacZ OE,0.659033394958124,0.3017830716629313,19.967056054570335,70,2500
4113,75.37539936102236,620.2651757188498,177.5814696485623,878.0,1.4820280797886791,34932.70287539936,LacZ_2,LacZ OE,0.6486145725281924,0.3404803191536967,18.540041781864062,70,2500
4114,77.2998352553542,624.4695222405272,203.84431630971994,1546.0,1.3146796889966155,35013.883031301484,LacZ_2,LacZ OE,0.5903720900024025,0.3501564381458435,19.810511023460634,70,2500
4115,76.0926243567753,642.0060034305317,252.17324185248714,1490.0,1.3431512683061528,21051.539451114924,LacZ_2,LacZ OE,0.48334480540170666,0.39096919287120446,17.305524130234033,70,2500
4116,77.33666333666334,638.023976023976,116.54245754245754,1435.0,1.713690337322148,25755.033966033967,LacZ_2,LacZ OE,0.7833804235383266,0.3830763422727921,21.74986004626824,70,2500
4117,75.98865478119936,641.2706645056726,264.71150729335494,833.0,1.2172892673113294,18729.85251215559,LacZ_2,LacZ OE,0.45561838941383814,0.3890962914783147,16.916496825078667,70,2500
4118,76.20974076983504,683.5192458758837,357.89002356637866,1496.0,1.291694503575013,16678.564807541243,LacZ_2,LacZ OE,0.249055651812359,0.48774539328350697,14.552102263595245,70,2500
4119,76.45907473309609,686.6061684460261,258.2419928825623,1084.0,1.3383632488728678,15685.136417556347,LacZ_2,LacZ OE,0.4694682066206517,0.49611352849729884,17.094092509353032,70,2500
4120,77.24003392705683,725.9779474130619,355.2247667514843,1436.0,1.2957603300761011,17167.470737913485,LacZ_2,LacZ OE,0.25448805586621015,0.5879484058425111,15.228851566015223,70,2500
4121,76.10892236384704,743.2966396292005,205.3371958285052,1158.0,1.455695935284593,25039.561993047508,LacZ_2,LacZ OE,0.5859811973313167,0.6303996373111573,17.4227706074049,70,2500
4122,77.65007320644217,774.8426061493411,314.1449487554905,1706.0,1.3104973647067897,19033.532210834554,LacZ_2,LacZ OE,0.3448766016665896,0.7036642388796628,16.118376492115644,70,2500
4123,79.48884165781084,794.2146652497344,636.5674814027631,1446.0,1.5331551150079692,31630.831030818277,LacZ_2,LacZ OE,-0.3687140774498815,0.7459025997269639,10.250938449353683,70,2500
4124,78.24804992199688,108.04056162246489,651.7269890795632,889.0,1.2917792935965797,11892.697347893916,LacZ_2,LacZ OE,-0.3955489979028931,-0.87282137156787,15.369541448347668,70,2500
4125,79.23223570190642,153.69844020797228,543.1681109185442,1463.0,1.2243158513412855,19335.7287694974,LacZ_2,LacZ OE,-0.15587248654100205,-0.7639244266059604,18.437429318939436,70,2500
4126,77.97446373850869,181.40245148110316,474.1695607763024,1248.0,1.2853997166978017,17632.99284984678,LacZ_2,LacZ OE,-0.0034272830116711672,-0.6978570093750074,18.517500887160708,70,2500
4127,77.125,200.4410569105691,621.3709349593496,1165.0,1.2383990139613386,19172.048780487807,LacZ_2,LacZ OE,-0.3292270480237902,-0.654565582031868,14.050599123907617,70,2500
4128,78.24612876935615,200.09453952730237,273.0081499592502,1552.0,1.424270623837633,19947.31947840261,LacZ_2,LacZ OE,0.441415228263603,-0.6515779498493446,23.295577220832072,70,2500
4129,77.72900335946248,203.01231802911533,635.3527435610303,1164.0,1.3322847925306391,18762.181410974244,LacZ_2,LacZ OE,-0.3602156551478688,-0.6486384526720348,14.303321213498535,70,2500
4130,77.60732451678535,217.37741607324517,478.09257375381486,1234.0,1.2947831461430956,13680.860630722278,LacZ_2,LacZ OE,-0.01243541395330805,-0.6130510594359284,17.707108877467334,70,2500
4131,76.77837837837838,230.65019305019305,311.18455598455597,1561.0,1.4997067019201498,20667.440926640928,LacZ_2,LacZ OE,0.35673626848433115,-0.5799516835053999,20.639445416294947,70,2500
4132,77.35256988277727,228.2795311091073,269.7619477006312,1358.0,1.3934880085454922,22408.45446348061,LacZ_2,LacZ OE,0.44837041545791734,-0.5850810417731505,22.20226225990379,70,2500
4133,77.02181025081788,244.14721919302073,679.0610687022901,1158.0,1.478951808911102,15574.106870229007,LacZ_2,LacZ OE,-0.45727476580485127,-0.5521007615820721,12.175057152212858,70,2500
4134,76.17783857729138,257.3461012311902,623.9466484268125,898.0,1.319142342687794,17726.526675786594,LacZ_2,LacZ OE,-0.3354270213850252,-0.5203888813893036,12.487032585221598,70,2500
4135,77.13192346424975,275.6908358509567,285.83182275931523,1164.0,1.3350458745291556,17911.568982880162,LacZ_2,LacZ OE,0.4123710763864461,-0.47342776160635436,21.14328194428741,70,2500
4136,77.23863636363636,284.6306818181818,317.28267045454544,1823.0,1.475254891089497,20594.066051136364,LacZ_2,LacZ OE,0.3426991021033403,-0.4526794400393993,20.4293454196399,70,2500
4137,76.37219730941705,284.9932735426009,248.7645739910314,1064.0,1.3813769580715096,20060.696188340808,LacZ_2,LacZ OE,0.49432568938328303,-0.45110059272741854,21.156887801210587,70,2500
4138,78.8957415565345,294.98237885462555,209.01468428781203,1668.0,1.2658491122000077,28504.602055800293,LacZ_2,LacZ OE,0.5820388799855858,-0.42704967162547114,24.508533551440394,70,2500
4139,78.80063626723224,288.08377518557796,219.93743372216332,1240.0,1.270450909135846,20415.283138918345,LacZ_2,LacZ OE,0.5579457076534355,-0.443442606398598,24.22631875093613,70,2500
4140,77.37130801687763,299.8987341772152,253.48101265822785,1418.0,1.327640397132869,25007.418565400843,LacZ_2,LacZ OE,0.4836954716627828,-0.41597030647661437,21.89992222281367,70,2500
4141,77.55345211581292,316.03229398663694,214.369710467706,1165.0,1.3838249675056715,25818.26614699332,LacZ_2,LacZ OE,0.5700574528982976,-0.3774863712899118,22.835922665904036,70,2500
4142,79.26905487804878,326.1379573170732,288.2050304878049,1690.0,1.3609979621847206,23498.903963414636,LacZ_2,LacZ OE,0.40652218864299927,-0.3544112485226346,22.730916751103663,70,2500
4143,78.47068145800317,331.55071315372425,248.69492868462757,1766.0,1.5976178817088225,31529.884310618065,LacZ_2,LacZ OE,0.49392085397110286,-0.3412333485318447,22.800884158602656,70,2500
4144,77.7942238267148,341.41696750902526,253.21841155234657,971.0,1.596552316746311,31455.1119133574,LacZ_2,LacZ OE,0.48385287568168067,-0.3180255801061136,21.922679054276216,70,2500
4145,77.93103448275862,344.18226600985224,211.10673234811165,1594.0,1.352548477461425,34008.05829228243,LacZ_2,LacZ OE,0.576984395330502,-0.3110428659646236,23.01407633273928,70,2500
4146,76.65753424657534,353.4691780821918,255.45776255707761,1223.0,1.483666584546928,24674.538812785388,LacZ_2,LacZ OE,0.4788408101170474,-0.28964735598749247,20.616251601815364,70,2500
4147,77.16195569136745,359.3964858670741,197.86325439266616,1746.0,1.379926704810739,31167.084033613446,LacZ_2,LacZ OE,0.6061760162017507,-0.27502980381266384,22.405136470719782,70,2500
4148,77.20685579196217,365.806146572104,242.98936170212767,1235.0,1.6070619132378008,25205.737588652482,LacZ_2,LacZ OE,0.5062773952572441,-0.26039939744126817,21.33536883285069,70,2500
4149,78.0875,377.1727272727273,223.91363636363636,1219.0,1.5235865305090732,33815.56590909091,LacZ_2,LacZ OE,0.5483238923334062,-0.23336111988587582,22.54922135866731,70,2500
4150,77.61603888213851,384.9052247873633,307.20777642770355,1174.0,1.5172779787710828,24280.979343863914,LacZ_2,LacZ OE,0.36399850063922057,-0.21603631113118327,20.060567512926042,70,2500
4151,81.71575562700964,384.24887459807076,269.49967845659165,2619.0,1.2396399094414412,25808.97427652733,LacZ_2,LacZ OE,0.4472160892316175,-0.2170818070607372,25.044422463682523,70,2500
4152,77.09475218658892,397.5728862973761,214.04227405247812,945.0,1.4050479150426132,39082.049562682216,LacZ_2,LacZ OE,0.5700166320351854,-0.18515727782129054,21.587344674213213,70,2500
4153,78.27169597277368,407.5796937039138,378.8667044809983,2084.0,1.3752693913433027,21204.167895632443,LacZ_2,LacZ OE,0.2052113302884604,-0.16331477374209058,18.823737089515888,70,2500
4154,77.87734487734488,410.7907647907648,262.5923520923521,1712.0,1.3899809906338803,42848.518037518035,LacZ_2,LacZ OE,0.4624390259491069,-0.15448811515814298,21.108616074777643,70,2500
4155,77.75816993464052,409.1503267973856,139.06290849673204,1528.0,1.3236930952216748,36090.57924836601,LacZ_2,LacZ OE,0.7357501665172241,-0.15702008841291737,23.885168568815118,70,2500
4156,78.81702374059061,427.65373480023163,368.14186450492184,2375.0,1.6976135615828145,30932.07527504343,LacZ_2,LacZ OE,0.22871591422643966,-0.11583579918036557,19.422530344051864,70,2500
4157,78.54725415070243,434.98850574712645,228.3352490421456,1895.0,1.3853703663074424,50592.7809706258,LacZ_2,LacZ OE,0.5379586361570243,-0.09702410924285565,22.340181160374883,70,2500
4158,78.16374714394516,431.6945925361767,281.1188118811881,1802.0,1.312330783268502,33860.11881188119,LacZ_2,LacZ OE,0.42123514790039307,-0.10537511846555159,20.758561111023013,70,2500
4159,77.13365155131265,447.52426412092285,195.16308671439936,1708.0,1.3880622526366322,53230.422434367545,LacZ_2,LacZ OE,0.6112985057889735,-0.06712744537555448,21.577690272978586,70,2500
4160,77.57801418439716,441.5390070921986,209.22429078014184,1488.0,1.4421003327583846,48496.73492907801,LacZ_2,LacZ OE,0.580225286560456,-0.08138773357311757,21.752674596228076,70,2500
4161,78.3485254691689,442.9115281501341,272.55563002680964,1989.0,1.280499738751166,41452.68766756032,LacZ_2,LacZ OE,0.44006173910833657,-0.07881975673254027,21.033172122228507,70,2500
4162,76.55786350148368,477.16691394658756,214.45845697329378,1596.0,1.5917976214310878,55757.23145400594,LacZ_2,LacZ OE,0.5683535471640109,0.0025704526599792388,20.262310076252447,70,2500
4163,78.01095890410959,475.87214611872145,194.81095890410958,1444.0,1.3588297325661698,53998.53881278539,LacZ_2,LacZ OE,0.6117579155599644,-0.00023728648801990548,22.185617243991416,70,2500
4164,76.93447037701975,481.1149012567325,301.8500897666068,1361.0,1.4632387934552686,22192.638240574506,LacZ_2,LacZ OE,0.3749558938648365,0.010943355159139356,18.5629563159129,70,2500
4165,78.13235294117646,491.24087221095334,269.98580121703856,2377.0,1.3833760463996392,39431.867647058825,LacZ_2,LacZ OE,0.44529064597930024,0.03520129745111289,20.404200950264467,70,2500
4166,79.86944444444444,487.91157407407405,332.025462962963,2734.0,1.4077730123967864,36833.11990740741,LacZ_2,LacZ OE,0.3079802629852235,0.026714814080865512,20.727075341187998,70,2500
4167,77.53255208333333,497.052734375,286.9147135416667,1969.0,1.5699834999144437,37637.371744791664,LacZ_2,LacZ OE,0.40781290737649756,0.04871282507496888,19.35310185245592,70,2500
4168,77.3449074074074,496.71064814814815,317.05324074074076,1063.0,1.4202392513212914,23774.20023148148,LacZ_2,LacZ OE,0.34114925093177284,0.047574662998860484,18.466292836969217,70,2500
4169,79.39508340649692,495.7796312554873,192.6435469710272,1635.0,1.4437229478833442,50063.19051799824,LacZ_2,LacZ OE,0.6162888197342895,0.04677512878533707,23.425082980691172,70,2500
4170,77.7376775271512,513.2314118629909,127.42690058479532,1520.0,1.2936249371122137,25908.8111946533,LacZ_2,LacZ OE,0.7604870148441187,0.08860967470969294,23.117777745864018,70,2500
4171,78.26972201352366,518.542449286251,267.205860255447,1759.0,1.6211339793430528,29409.14876033058,LacZ_2,LacZ OE,0.4511695696812852,0.09963290467502106,20.33925711948079,70,2500
4172,77.49150622876557,533.3805209513024,177.99546998867498,1094.0,1.3422808389584424,35996.16987542469,LacZ_2,LacZ OE,0.648429928730132,0.13558267545227243,21.49575649321727,70,2500
4173,75.93036211699165,537.2116991643454,146.48885793871867,958.0,1.5899261256586756,26914.760445682452,LacZ_2,LacZ OE,0.7181768799801971,0.14492574458383856,20.632096118655653,70,2500
4174,78.2774230992455,540.9094602437609,235.57573998839234,2277.0,1.4432256737332332,40104.84910040627,LacZ_2,LacZ OE,0.5209293395417285,0.1527350105780183,20.865495886256838,70,2500
4175,78.76361221779548,570.7709163346614,203.73837981407704,1898.0,1.3567227399111272,36040.16002656043,LacZ_2,LacZ OE,0.5910503534650213,0.22352800730498035,21.801587607735442,70,2500
4176,77.93911439114392,602.1688191881918,284.2481549815498,1500.0,1.524892592292054,23645.55258302583,LacZ_2,LacZ OE,0.4126741998022325,0.2966963603970796,18.793414278096634,70,2500
4177,77.36194415718718,601.870734229576,266.73629782833507,1531.0,1.6257263125461578,29812.918304033094,LacZ_2,LacZ OE,0.45144909349457785,0.2961700551154727,18.62757006931787,70,2500
4178,77.46666666666667,626.4722891566265,147.85542168674698,1735.0,1.6212158146682365,36125.687550200804,LacZ_2,LacZ OE,0.7142105523107025,0.35549175043327375,21.262875871742025,70,2500
4179,77.53420805998125,636.1921274601686,197.95595126522963,1328.0,1.459456789870722,30769.01030927835,LacZ_2,LacZ OE,0.6032736216837269,0.3778766743710411,20.067400356084264,70,2500
4180,77.62305580969807,652.5471180237878,169.74931381518755,1378.0,1.3101191021735283,29505.742909423603,LacZ_2,LacZ OE,0.6655134581852253,0.4167624803863412,20.653765354111854,70,2500
4181,75.99173553719008,658.7438016528926,196.19834710743802,510.0,1.8763499471784753,25740.14876033058,LacZ_2,LacZ OE,0.6070235663379109,0.4310548834633372,18.345784895121042,70,2500
4182,79.44124897288414,762.4067378800329,286.91700903861954,1508.0,1.2858320965942156,20079.866885784715,LacZ_2,LacZ OE,0.4051418031993006,0.6746670949184326,18.665352554054266,70,2500
4183,77.86397449521786,772.8278427205101,652.115834218916,1454.0,1.500120912420531,33667.75557917109,LacZ_2,LacZ OE,-0.40282141470228006,0.6952500925839267,8.473350152429283,70,2500
4184,78.73190348525469,157.31099195710456,330.5951742627346,1346.0,1.2056680138670985,19300.18945487042,LacZ_2,LacZ OE,0.3144019966654401,-0.7531084390140013,22.85728670412236,70,2500
4185,78.95697896749522,216.10611854684512,629.934034416826,1290.0,1.4051368497335412,18030.700764818357,LacZ_2,LacZ OE,-0.34841778187024164,-0.6176662861508255,15.52913396136232,70,2500
4186,79.37608486017358,215.51494696239152,268.28158148505304,1302.0,1.4027940160994785,26133.027965284473,LacZ_2,LacZ OE,0.45166440659322116,-0.6151275848963831,24.384507367856756,70,2500
4187,78.38441330998249,222.29509632224168,252.723292469352,1382.0,1.3523371522635066,22151.796847635727,LacZ_2,LacZ OE,0.48607028272585207,-0.5989885760116045,23.68951226522161,70,2500
4188,78.17748240813135,221.59265050820954,296.28537920250193,1651.0,1.4222800485067848,24379.82173573104,LacZ_2,LacZ OE,0.3897136341044942,-0.601122818484519,22.474026625323233,70,2500
4189,79.49287510477787,241.86169321039395,319.2355406538139,1440.0,1.2470594685367966,20822.436714165968,LacZ_2,LacZ OE,0.3386759841568585,-0.5535316399562331,23.055720301091625,70,2500
4190,79.20997375328083,256.20384951881016,517.8582677165355,1406.0,1.180381786951447,15776.538057742782,LacZ_2,LacZ OE,-0.10086913106487205,-0.521863022702084,18.00243930939756,70,2500
4191,79.52867132867132,261.8013986013986,335.3370629370629,1682.0,1.1868400769542704,22230.3006993007,LacZ_2,LacZ OE,0.30285917241240234,-0.5066722049979173,22.5210994056242,70,2500
4192,76.82548476454294,272.11357340720224,232.02770083102493,512.0,1.52397182627699,17721.274238227146,LacZ_2,LacZ OE,0.5314545278520364,-0.4812889968578581,22.126183607264593,70,2500
4193,78.50156739811912,276.37931034482756,386.8944618599791,1230.0,1.431827863819599,16913.137931034482,LacZ_2,LacZ OE,0.18870872392480775,-0.47286896778143805,20.149843468320583,70,2500
4194,79.0301685891748,305.9902395740905,285.7444543034605,1349.0,1.3530378349712326,19550.977817213843,LacZ_2,LacZ OE,0.4121731009418559,-0.40191396527853795,22.74655803493789,70,2500
4195,77.8954081632653,331.5374149659864,199.10799319727892,1428.0,1.4843766707357684,37388.52891156462,LacZ_2,LacZ OE,0.6036538678854095,-0.34073987903559033,23.381864800765996,70,2500
4196,78.92046783625732,335.91345029239767,295.5578947368421,1398.0,1.233043223825867,23479.580116959063,LacZ_2,LacZ OE,0.39017858972580166,-0.3314407770310289,22.115408514857066,70,2500
4197,78.6152512998267,332.15164644714037,223.25563258232236,1445.0,1.3066400472945874,27306.143847487,LacZ_2,LacZ OE,0.5501879360982977,-0.3395365895438349,23.532554407039427,70,2500
4198,78.11163895486936,344.64845605700714,226.96080760095012,1076.0,1.5523213446769522,24720.04513064133,LacZ_2,LacZ OE,0.5418959481673198,-0.3101111061775269,22.820482251456397,70,2500
4199,77.24817518248175,376.5109489051095,290.22627737226276,672.0,1.3179742689158804,23638.73479318735,LacZ_2,LacZ OE,0.401667577206857,-0.23566069495013953,20.170799241040783,70,2500
4200,78.83321894303363,388.43651338366504,237.57789979409745,2091.0,1.7157652984632137,42834.66094715168,LacZ_2,LacZ OE,0.5179463759336917,-0.20692358876957728,22.86598293460247,70,2500
4201,78.74020442930153,387.52981260647357,153.28790459965927,1452.0,1.4298317055785699,37540.088586030666,LacZ_2,LacZ OE,0.7044380703265811,-0.2081499524979884,24.74678406600769,70,2500
4202,78.56692913385827,397.78740157480314,230.827646544182,1452.0,1.400729308780976,50820.37795275591,LacZ_2,LacZ OE,0.5328035204577422,-0.184799781197865,22.66566241287414,70,2500
4203,78.89038634321653,402.87151841868825,154.54267744833783,1363.0,1.397874626724331,36754.88140161725,LacZ_2,LacZ OE,0.7015058889298467,-0.1719724857700703,24.717589734613384,70,2500
4204,79.46428571428571,407.18075801749274,224.07507288629736,1778.0,1.6111087958465458,51420.257288629735,LacZ_2,LacZ OE,0.5476052458780272,-0.16254921077033857,23.628255022689487,70,2500
4205,78.65958904109588,417.3664383561644,193.18561643835616,2159.0,1.383855172151289,51885.669863013696,LacZ_2,LacZ OE,0.6158862614250922,-0.13820671973098086,23.444251680106518,70,2500
4206,79.28340757238307,415.95991091314033,342.6252783964365,2289.0,1.4361138805471672,28894.43819599109,LacZ_2,LacZ OE,0.2852563108636663,-0.14313143631482983,20.59798493934902,70,2500
4207,80.70032573289902,415.957003257329,325.06319218241043,2199.0,1.5850601347629003,21593.433876221497,LacZ_2,LacZ OE,0.3240364101883435,-0.14291541692720333,22.42387518219641,70,2500
4208,79.60400763358778,429.9942748091603,291.4961832061069,1412.0,1.3084472858026532,25518.842557251908,LacZ_2,LacZ OE,0.3982188887270057,-0.10946549253049564,21.97308349915295,70,2500
4209,78.66845329249617,429.1500765696784,203.59035222052069,1626.0,1.2583224365193637,52641.92649310873,LacZ_2,LacZ OE,0.5927529816781358,-0.1105244325994772,23.095292793833693,70,2500
4210,78.1623693379791,450.97839721254354,247.78745644599303,2203.0,1.6908812210081297,47582.066898954705,LacZ_2,LacZ OE,0.4947889282468765,-0.05952735683922539,21.345542997405616,70,2500
4211,78.6089299461124,453.7852193995381,262.41801385681293,1655.0,1.4507160628719042,40310.823710546574,LacZ_2,LacZ OE,0.4623709264145859,-0.05305522413427133,21.423445086416905,70,2500
4212,80.49329205366357,473.70175438596493,346.046439628483,2852.0,1.546631124483504,38276.79669762642,LacZ_2,LacZ OE,0.2770663389882586,-0.006940843350075276,21.162880486553576,70,2500
4213,81.6185141509434,474.905070754717,370.8195754716981,4142.0,1.3623189024937357,30354.990860849055,LacZ_2,LacZ OE,0.2221899453488867,-0.0043455661497722176,21.69847567656683,70,2500
4214,78.35467128027682,479.70588235294116,145.3892733564014,887.0,1.6846649497359212,27290.846020761244,LacZ_2,LacZ OE,0.7210406225450554,0.009349662922937707,23.64380464476389,70,2500
4215,78.43669250645995,482.69767441860466,160.74504737295436,1428.0,1.5049339953864116,42597.97329888028,LacZ_2,LacZ OE,0.6870352462902876,0.016241908320600462,23.33856862252952,70,2500
4216,78.62825278810409,500.6542750929368,138.31784386617102,804.0,1.4324024265889164,26158.169144981413,LacZ_2,LacZ OE,0.7364682062058412,0.05884519782532527,23.877219241248028,70,2500
4217,78.2033008252063,519.953488372093,227.9662415603901,1597.0,1.3706726675103624,39710.54163540885,LacZ_2,LacZ OE,0.5379707221034322,0.10338542529904027,21.173783632788613,70,2500
4218,78.57799671592775,524.1056376573617,252.1455938697318,2283.0,1.4301734538791855,46056.728516694035,LacZ_2,LacZ OE,0.48441823871326695,0.1129256479553351,20.94408792413057,70,2500
4219,79.08349705304519,545.6787819253439,180.47740667976424,1348.0,1.310546458151949,38682.8163064833,LacZ_2,LacZ OE,0.6427377718302891,0.16460093792567831,22.90907538014301,70,2500
4220,79.48249299719888,563.2885154061624,294.70098039215685,1759.0,1.5075515623227358,26994.05182072829,LacZ_2,LacZ OE,0.3898454081521836,0.20490825366222798,20.47297008914738,70,2500
4221,79.16496018202503,597.67007963595,143.193401592719,1120.0,1.2890875381287263,29277.60409556314,LacZ_2,LacZ OE,0.7247154204549271,0.2876431308881502,23.351057687127906,70,2500
4222,79.5480844409695,615.1993745113369,169.6192337763878,1665.0,1.3695527382750528,35229.549648162625,LacZ_2,LacZ OE,0.6660630967667696,0.3287128671716111,22.946559338636376,70,2500
4223,80.94825355756792,626.8272962483829,178.13260025873223,2386.0,1.4004936781149542,29109.075032341527,LacZ_2,LacZ OE,0.6470437672634359,0.35608013521608983,24.034074348031723,70,2500
4224,79.00345622119816,630.5599078341014,130.58870967741936,1126.0,1.4268184261086843,27186.270737327188,LacZ_2,LacZ OE,0.7522914110694876,0.3653559381820841,23.161698703262914,70,2500
4225,78.56762749445676,646.3558758314856,158.71618625277162,1260.0,1.3091755820936117,30019.9800443459,LacZ_2,LacZ OE,0.689933568795873,0.4022999873513071,21.915797421145598,70,2500
4226,78.06755126658625,647.6405307599517,188.74306393244873,1125.0,1.4167919583712485,27124.40289505428,LacZ_2,LacZ OE,0.623517327508551,0.40499302254904634,20.703346081677125,70,2500
4227,77.98025551684088,650.9814169570267,259.58652729384437,1098.0,1.724926167429467,16697.737514518,LacZ_2,LacZ OE,0.466759698876118,0.412102850488403,18.931937528083992,70,2500
4228,78.90016233766234,709.3230519480519,536.1355519480519,1496.0,1.4635312112967986,21115.43262987013,LacZ_2,LacZ OE,-0.14567274255058293,0.5467384276669895,12.834092815592996,70,2500
4229,77.57957957957957,717.9984984984985,185.52852852852854,925.0,1.3086978646663756,24356.671171171172,LacZ_2,LacZ OE,0.6299734587719055,0.5709754607121655,19.602200171687315,70,2500
4230,78.7059405940594,727.6168316831684,178.1871287128713,1268.0,1.2945380299302152,20962.648514851484,LacZ_2,LacZ OE,0.6460638552103335,0.5937683170053434,20.805249576604922,70,2500
4231,78.92937293729373,743.543894389439,668.0950495049505,1832.0,1.477814845070694,27478.20792079208,LacZ_2,LacZ OE,-0.43794460250267353,0.626026773579847,9.452375985589164,70,2500
4232,77.90518962075848,752.8343313373254,630.6087824351298,1196.0,1.5919090566226046,33833.377245508986,LacZ_2,LacZ OE,-0.3550491943450761,0.6483241441045642,9.211494494502404,70,2500
4233,78.2796833773087,800.721635883905,615.8641160949868,908.0,1.2169568963857924,26964.63588390501,LacZ_2,LacZ OE,-0.3229116604203398,0.7614480952149394,9.461137291748877,70,2500
4234,79.50695517774344,119.2612055641422,516.4095826893354,831.0,1.1839833189396312,16951.67851622875,LacZ_2,LacZ OE,-0.09635453682320183,-0.844857582501892,19.672715941761723,70,2500
4235,80.61904761904762,172.4102564102564,504.9787545787546,1683.0,1.3865241255558767,27160.457875457876,LacZ_2,LacZ OE,-0.07163737010730087,-0.7193414626345489,20.530999350158623,70,2500
4236,80.45990566037736,183.93474842767296,686.3034591194969,1738.0,1.5024501808298176,21655.647012578618,LacZ_2,LacZ OE,-0.472892515601559,-0.6941285931117029,16.032242350222553,70,2500
4237,79.48555452003728,214.44175209692452,522.4221808014911,1407.0,1.3874800476588376,13702.767008387698,LacZ_2,LacZ OE,-0.11057624048423853,-0.6204136891258435,18.58007184423613,70,2500
4238,80.33902877697842,228.93255395683454,495.43345323741005,1461.0,1.276364983083181,17016.723021582733,LacZ_2,LacZ OE,-0.05105231683092226,-0.5859208448243429,19.92066393065315,70,2500
4239,78.6944713870029,259.6605237633366,251.97381183317168,1332.0,1.530946631935597,23433.733268671192,LacZ_2,LacZ OE,0.4873508422516313,-0.5108366837849309,23.65142142105576,70,2500
4240,79.72072072072072,298.14250614250614,325.1130221130221,1570.0,1.2577235879180826,19735.478296478297,LacZ_2,LacZ OE,0.32511668864161924,-0.42083635851091306,22.59592292717275,70,2500
4241,79.65182186234817,309.582995951417,225.21356275303643,1288.0,1.3252761644981244,25950.616396761132,LacZ_2,LacZ OE,0.5460211134437383,-0.39276856438088736,24.743925790013307,70,2500
4242,79.18551042810098,350.70032930845224,241.807903402854,1233.0,1.4631454862386568,26465.700329308453,LacZ_2,LacZ OE,0.5089350711659968,-0.29597265260231853,23.48870271519087,70,2500
4243,79.8659217877095,359.31564245810057,278.1703910614525,755.0,1.5929426260755097,25757.932960893853,LacZ_2,LacZ OE,0.42837036910977333,-0.2760300210119272,23.236958867097087,70,2500
4244,78.62298387096774,366.26209677419354,183.2016129032258,652.0,1.3946129986774058,23702.99193548387,LacZ_2,LacZ OE,0.6384706114246421,-0.2586429459683709,24.14031908779063,70,2500
4245,78.96266666666666,371.6524444444444,323.3946666666667,1581.0,1.4170254134912557,20760.397333333334,LacZ_2,LacZ OE,0.3282462240488617,-0.24744152476614178,21.15906930596391,70,2500
4246,80.69283276450511,363.1524459613197,325.28327645051195,1186.0,1.4390731627339068,19816.720136518772,LacZ_2,LacZ OE,0.32406079566272106,-0.2674721113816132,22.92780618537479,70,2500
4247,79.07066381156316,375.08886509635977,198.7098501070664,1223.0,1.3343761345691547,28699.361884368307,LacZ_2,LacZ OE,0.604052581043971,-0.23798060370041352,24.13999107286851,70,2500
4248,79.63913824057451,378.0394973070018,260.88868940754037,970.0,1.2673173396631976,25776.416517055655,LacZ_2,LacZ OE,0.4664339285004251,-0.2316823245014189,23.22994506487295,70,2500
4249,78.84824902723736,397.7107652399481,167.20752269779507,953.0,1.4131703760151861,33177.15953307393,LacZ_2,LacZ OE,0.6735390568245414,-0.18428391092092877,24.430715076203313,70,2500
4250,78.82313829787235,422.6648936170213,147.48936170212767,918.0,1.4063762996005904,32591.195478723403,LacZ_2,LacZ OE,0.7169221893511006,-0.125209356039519,24.621160225890463,70,2500
4251,81.47202106649111,432.1718235681369,258.70046082949307,2129.0,1.5733276794251552,45378.77419354839,LacZ_2,LacZ OE,0.47065655734161127,-0.10393069635929186,24.58371198754402,70,2500
4252,79.42665673864482,435.90692479523454,243.07371556217424,1691.0,1.2433711739225817,44592.87937453463,LacZ_2,LacZ OE,0.5052978026051542,-0.09499758648651924,22.866744377230432,70,2500
4253,79.94472789115646,439.04761904761904,159.39455782312925,1444.0,1.4322308967801918,38872.078231292515,LacZ_2,LacZ OE,0.6903673739707765,-0.08666972761418934,25.30460341403861,70,2500
4254,79.36710833982853,458.5853468433359,236.58846453624318,1637.0,1.4255372122399026,46272.90101325019,LacZ_2,LacZ OE,0.5194290392019343,-0.041435263936295486,22.736547176159775,70,2500
4255,79.28132678132678,471.3034398034398,153.61916461916462,1016.0,1.3886140887552556,30412.425061425063,LacZ_2,LacZ OE,0.702866709159544,-0.010537950902497428,24.460509377078964,70,2500
4256,79.51231190150479,476.4897400820793,268.92544459644324,1904.0,1.4979967437526143,34767.729822161426,LacZ_2,LacZ OE,0.44770791504421736,0.0004496838612502163,21.952737807501805,70,2500
4257,80.21691792294807,500.6298157453936,228.85259631490788,1554.0,1.5079721859393838,42983.52596314908,LacZ_2,LacZ OE,0.5360926947909235,0.05784155747842967,23.355125710982264,70,2500
4258,79.82924901185771,500.7375494071146,173.11541501976285,1567.0,1.5883623895961834,47845.684584980234,LacZ_2,LacZ OE,0.6594212753915569,0.05869152094461105,24.265837530780104,70,2500
4259,81.72222222222223,503.63140096618355,336.3270531400966,2660.0,1.2348494104251275,41098.659420289856,LacZ_2,LacZ OE,0.2982158310639871,0.06378999696140708,22.325208279231447,70,2500
4260,80.03213166144201,522.6042319749216,188.82915360501568,1608.0,1.1548902784032498,43051.81347962382,LacZ_2,LacZ OE,0.6244350932362426,0.11010428534975358,23.888439089921988,70,2500
4261,79.45543744889616,520.8536385936222,213.42354865085855,1467.0,1.3285449398121771,55283.0278004906,LacZ_2,LacZ OE,0.5700706765288537,0.10569503694495741,22.75572475643945,70,2500
4262,78.55162659123056,529.6881188118812,343.963224893918,1773.0,1.4542570153702665,29943.246817538897,LacZ_2,LacZ OE,0.28123378640453733,0.12509673851271375,18.72272065182456,70,2500
4263,78.4739263803681,549.9156441717791,192.70092024539878,833.0,1.3539438228580731,43892.15950920245,LacZ_2,LacZ OE,0.6156857178860089,0.17444821908619956,21.97330611926253,70,2500
4264,79.11409395973155,555.6426174496644,168.5528523489933,1498.0,1.4884808904338656,33495.092281879195,LacZ_2,LacZ OE,0.6690209540818102,0.18823346476067715,23.12017073683353,70,2500
4265,80.43469785575049,561.882391163093,227.10136452241716,1896.0,1.510080525983361,36732.40220922677,LacZ_2,LacZ OE,0.5393631225172189,0.202346648485068,23.014466255785237,70,2500
4266,80.55947497949138,578.597210828548,190.24446267432322,1654.0,1.360036502057192,37382.66119770303,LacZ_2,LacZ OE,0.6207349451500275,0.24217587796340334,23.834878790876587,70,2500
4267,80.73826458036984,581.6273115220483,209.43954480796586,1782.0,1.3687276763738923,36082.84139402561,LacZ_2,LacZ OE,0.5782303425805964,0.24911904120774753,23.53650588987948,70,2500
4268,81.47081218274111,587.980964467005,150.9251269035533,2135.0,1.2917981107847798,29477.31725888325,LacZ_2,LacZ OE,0.70758478617754,0.26475743417337627,25.570717719927273,70,2500
4269,80.6172638436482,595.3355048859935,292.5211726384365,878.0,1.5427660349593812,16956.2671009772,LacZ_2,LacZ OE,0.3942991704303438,0.2805494855335853,21.34469809042365,70,2500
4270,79.11606096131301,636.9988276670574,153.95076201641265,1053.0,1.3740576746966713,29773.090269636577,LacZ_2,LacZ OE,0.7005384936799868,0.38029302459244074,22.666678039024177,70,2500
4271,80.74234092694422,659.2733699921446,193.94736842105263,1635.0,1.320063537013305,25132.023566378633,LacZ_2,LacZ OE,0.6117528427923293,0.43243688792601076,23.14216495845129,70,2500
4272,78.82828282828282,678.8709315375982,206.35129068462402,1058.0,1.4262834441854744,16996.80583613917,LacZ_2,LacZ OE,0.5842204652295608,0.478484884734242,20.74785606306665,70,2500
4273,79.9592356687898,682.6993630573248,185.55668789808917,983.0,1.323908449404292,19481.83694267516,LacZ_2,LacZ OE,0.6301297002251749,0.487766717392224,22.325747354850677,70,2500
4274,78.34313725490196,712.4248366013072,748.3709150326797,735.0,1.2646951684778058,26116.354575163397,LacZ_2,LacZ OE,-0.615210713137102,0.5517395815330932,7.299403467305822,70,2500
4275,80.57944477259304,748.4559952746604,229.55522740696986,2144.0,1.4679362104278222,20650.954518606024,LacZ_2,LacZ OE,0.5321217090974977,0.6424087173278306,21.276837855576744,70,2500
4276,79.23560209424083,764.0272251308901,689.5329842931937,1183.0,1.2285673748063999,29191.689005235603,LacZ_2,LacZ OE,-0.4855866089845169,0.6741167778950388,9.058384513878146,70,2500
4277,79.6745945945946,765.8032432432433,557.3416216216216,1156.0,1.3666659168329458,25557.60108108108,LacZ_2,LacZ OE,-0.1931742632109249,0.679750175766473,12.561426429462408,70,2500
4278,80.10778443113773,150.69461077844312,359.5928143712575,501.0,1.996634095493829,11644.365269461077,LacZ_2,LacZ OE,0.2502422667605362,-0.7689981881901586,23.621476525152374,70,2500
4279,80.96486718080548,245.32047986289632,290.28877463581836,1606.0,1.257335148998968,20060.174807197942,LacZ_2,LacZ OE,0.40260652484425785,-0.5450254883462363,25.168196010443125,70,2500
4280,79.46791443850267,320.5347593582888,185.6283422459893,507.0,1.549382739628977,19672.914438502674,LacZ_2,LacZ OE,0.6335006173915898,-0.3665105424311105,25.375729479903598,70,2500
4281,79.96379647749511,329.86986301369865,309.56360078277885,1450.0,1.5102691593781221,22179.310176125244,LacZ_2,LacZ OE,0.3591977584617081,-0.3458243774997368,22.891031753458947,70,2500
4282,82.1524926686217,360.8372434017595,266.475073313783,1322.0,1.3552820454430674,26648.61143695015,LacZ_2,LacZ OE,0.4541114857505206,-0.27226182256603204,25.780548143225218,70,2500
4283,81.707779886148,348.6438962681847,273.5926628716002,2833.0,1.9225041572488062,30879.41176470588,LacZ_2,LacZ OE,0.43850591745390965,-0.3011105713171225,25.289336093856164,70,2500
4284,81.02502720348204,368.6594124047878,223.78890097932535,1271.0,1.5072955658669043,28603.18389553863,LacZ_2,LacZ OE,0.5485303954260148,-0.25337371151913635,25.57199758433015,70,2500
4285,81.41780415430267,394.2741839762611,276.313353115727,2548.0,1.5657694119790089,36052.69554896143,LacZ_2,LacZ OE,0.4320603268372536,-0.1935150689455425,24.48965907880556,70,2500
4286,80.4008547008547,391.8094017094017,377.21794871794873,1423.0,1.5718645233069093,14816.075213675214,LacZ_2,LacZ OE,0.20890147734590747,-0.20044687057924815,21.144920427668467,70,2500
4287,81.0646041856233,397.5031847133758,192.68880800727933,1437.0,1.3738425190024748,52561.772520473154,LacZ_2,LacZ OE,0.6170532527720227,-0.18499939734788562,26.054388520202764,70,2500
4288,82.63611491108071,393.12995896032834,204.47674418604652,2013.0,1.3581843748731417,46979.81668946648,LacZ_2,LacZ OE,0.5909354224169094,-0.19540687035666304,27.393384270204905,70,2500
4289,80.62935586061246,410.1362196409715,165.987328405491,1184.0,1.301252934443635,35884.11087645195,LacZ_2,LacZ OE,0.6760262669113279,-0.1549211458357279,26.118147068991135,70,2500
4290,79.53699284009546,406.7100238663484,187.3257756563246,1090.0,1.529595137398706,44580.663484486875,LacZ_2,LacZ OE,0.6289079769222983,-0.16325921359398587,24.562220691448545,70,2500
4291,81.39916317991631,414.3271966527197,240.94225941422593,1569.0,1.3538840969001844,48739.13723849372,LacZ_2,LacZ OE,0.5101201513295048,-0.14583118268930717,25.099407778890253,70,2500
4292,81.68429938097918,417.3573438379291,294.01463140123803,2243.0,1.4292554753765931,24910.1148002251,LacZ_2,LacZ OE,0.392661973905867,-0.13925301745489516,24.117620594586256,70,2500
4293,80.41405588484335,422.8823031329382,167.82049110922947,1474.0,1.3728822780810686,43055.19813717189,LacZ_2,LacZ OE,0.6718584935103891,-0.1248807898476928,25.735495847964657,70,2500
4294,81.26265060240964,420.8136546184739,227.57590361445784,1551.0,1.524869843985457,53815.813654618476,LacZ_2,LacZ OE,0.5396353699118153,-0.1303891842196926,25.21107432936398,70,2500
4295,80.63141524105754,427.83048211508554,217.15940902021774,1748.0,1.2981863891430034,53044.96811819595,LacZ_2,LacZ OE,0.5626449307340076,-0.1137394596995922,24.75422261842685,70,2500
4296,81.251,434.688,193.319,1296.0,1.436769847321656,47692.944,LacZ_2,LacZ OE,0.6152896463938129,-0.09729131993267637,25.8622796706303,70,2500
4297,81.37302423603793,444.37513171759747,186.66385669125395,1286.0,1.3865426924940014,47619.810326659644,LacZ_2,LacZ OE,0.6299130525818284,-0.0743665562463447,26.044642693587022,70,2500
4298,81.54527061203844,454.80728376327767,342.75518462316643,2481.0,1.5157275070379146,32066.40617096611,LacZ_2,LacZ OE,0.28447615272378535,-0.05144894969449454,22.47607863020899,70,2500
4299,80.3869526362824,455.1992850759607,168.22341376228775,1429.0,1.6838927503279615,38820.754244861484,LacZ_2,LacZ OE,0.6706558163023313,-0.048657250382060035,25.382872926638967,70,2500
4300,81.47916666666667,460.5681818181818,359.4848484848485,2533.0,1.3059447432308966,32000.720643939392,LacZ_2,LacZ OE,0.24741212900726617,-0.03804328972321691,21.96364917601035,70,2500
4301,80.41379310344827,464.5070993914807,186.2768762677485,1293.0,1.5724991248056555,49730.425963488844,LacZ_2,LacZ OE,0.6306239789368364,-0.02689744868631494,24.897801468588014,70,2500
4302,80.3330745341615,469.4611801242236,243.63742236024845,1626.0,1.2601314033069122,43501.45652173913,LacZ_2,LacZ OE,0.5036791972737471,-0.015836029185242184,23.431492611333553,70,2500
4303,81.90575539568346,472.0892086330935,306.7438848920863,1819.0,1.3007705948750263,23673.303597122303,LacZ_2,LacZ OE,0.3639595469146484,-0.010285838975034767,23.50686372224004,70,2500
4304,81.84702336096458,478.62019593067066,203.49736247174076,1769.0,1.360948763791374,57591.89525244913,LacZ_2,LacZ OE,0.5923157880705758,0.006238081679950103,25.791081238998245,70,2500
4305,80.66134453781513,485.7546218487395,216.34957983193277,1420.0,1.4186342782486967,55099.45798319328,LacZ_2,LacZ OE,0.5638745684010433,0.022900094572503082,24.236387054249192,70,2500
4306,79.81036931818181,498.3458806818182,209.49289772727272,1746.0,1.4453344435728468,54260.474431818184,LacZ_2,LacZ OE,0.5789660369964036,0.052655018478121374,23.422350594153357,70,2500
4307,80.79005524861878,497.95303867403317,245.75782688766114,1461.0,1.5467460939197148,49366.331491712706,LacZ_2,LacZ OE,0.49868885633933324,0.0513573180917406,23.56018071115794,70,2500
4308,80.58493353028065,507.02067946824224,158.36632200886262,832.0,1.4842073728585883,31517.296898079763,LacZ_2,LacZ OE,0.6919514336565729,0.073689283460457,25.303638560957268,70,2500
4309,79.9423076923077,509.32307692307694,145.85256410256412,989.0,1.529268013716318,30299.108974358973,LacZ_2,LacZ OE,0.719647055839729,0.07924121558416597,24.930408269506074,70,2500
4310,80.45050505050504,521.8060606060606,239.27878787878788,836.0,1.389145573069906,37875.975757575754,LacZ_2,LacZ OE,0.5128094568238273,0.10768379947073248,23.138436057543203,70,2500
4311,81.05282669138091,529.8063021316034,157.0787766450417,1371.0,1.367472245628363,35029.207599629284,LacZ_2,LacZ OE,0.6945552815273683,0.12746011908285104,25.57849997098384,70,2500
4312,80.0033821871477,539.2671927846674,167.49943630214204,1227.0,1.3025387027338315,34193.64148816234,LacZ_2,LacZ OE,0.6714639434997787,0.14963923181973926,24.19392126843124,70,2500
4313,80.86846153846155,567.9238461538462,264.43538461538463,1935.0,1.607655702641138,43328.98923076923,LacZ_2,LacZ OE,0.456686711080031,0.21620195374546713,22.518684149259173,70,2500
4314,80.86635220125787,612.2712264150944,190.81446540880503,1583.0,1.334448656737304,33374.3286163522,LacZ_2,LacZ OE,0.6191322389261253,0.3216061678566495,23.79895976710155,70,2500
4315,79.75,624.5159176029963,220.77247191011236,1392.0,1.5108725713103979,27295.611423220973,LacZ_2,LacZ OE,0.552794174085486,0.3501381546766953,21.86482012069746,70,2500
4316,79.7107438016529,618.452479338843,133.5805785123967,687.0,1.5948986822675097,25050.54958677686,LacZ_2,LacZ OE,0.7457529679769939,0.3367809110201041,23.91745459376004,70,2500
4317,80.2418772563177,682.1615523465704,150.81407942238266,1367.0,1.2591480199436824,21844.845667870035,LacZ_2,LacZ OE,0.7069827525535848,0.4868815179029522,23.42345786632754,70,2500
4318,80.39087452471483,682.9125475285172,272.01596958174906,1703.0,1.4750144432137278,17930.95741444867,LacZ_2,LacZ OE,0.4388280154654194,0.4873414270597729,20.739677483931075,70,2500
4319,80.40098039215687,721.6901960784314,281.82941176470587,1262.0,1.545983395321547,15251.457843137256,LacZ_2,LacZ OE,0.41674163905611894,0.5787029879964192,20.141679145575225,70,2500
4320,80.47946353730092,728.195305951383,266.1777032690696,1495.0,1.4553157664926486,16563.183570829842,LacZ_2,LacZ OE,0.45130154218272445,0.594218684062376,20.521364974321273,70,2500
4321,81.11675126903553,797.5329949238578,425.45482233502537,1171.0,1.2166480029397224,20046.860913705583,LacZ_2,LacZ OE,0.09822262639358392,0.7560573257684291,16.767194549868485,70,2500
4322,80.74608695652174,821.7860869565218,434.08173913043476,1332.0,1.1896991723001782,17019.06,LacZ_2,LacZ OE,0.07892145634008707,0.8131628878704948,15.958291401314185,70,2500
4323,81.2029826014913,187.18309859154928,500.5708367854184,1536.0,1.3722776377651715,21985.93371996686,LacZ_2,LacZ OE,-0.06205866951139616,-0.6844344812440355,21.072989416459578,70,2500
4324,81.33238095238096,190.15428571428572,721.4761904761905,1346.0,1.4568129333284265,16622.57523809524,LacZ_2,LacZ OE,-0.5508118191716938,-0.6798197684616458,16.023672202794778,70,2500
4325,82.03612479474549,200.80459770114942,685.2725779967159,1597.0,1.432302134351949,26482.829228243023,LacZ_2,LacZ OE,-0.47085654200294025,-0.6542892261409324,17.46696240191055,70,2500
4326,82.04551365409623,211.79908972691808,361.79453836150844,1784.0,1.2106324255384058,23816.413524057218,LacZ_2,LacZ OE,0.24467995217493632,-0.6248460450470609,24.909516517982965,70,2500
4327,83.56975228161669,214.11082138200783,378.8207301173403,2130.0,1.1568414947864518,23481.179921773142,LacZ_2,LacZ OE,0.20691108461992602,-0.6195431083893735,26.013749787553408,70,2500
4328,81.8289611752361,229.33158447009444,522.5215110178384,1182.0,1.350142222159593,13669.09129066107,LacZ_2,LacZ OE,-0.11106117243645797,-0.5852394867601233,20.7747566243183,70,2500
4329,81.51506024096386,232.82153614457832,357.6009036144578,1685.0,1.243213652891077,22644.95858433735,LacZ_2,LacZ OE,0.2537817150160777,-0.5752254104468542,24.271343379587464,70,2500
4330,81.27814088598403,261.0305010893246,282.45533769063184,1649.0,1.2568566799252088,20899.29411764706,LacZ_2,LacZ OE,0.4197685592729201,-0.5078769266068535,25.510297087541645,70,2500
4331,81.11759082217974,325.53059273422565,259.6357552581262,1272.0,1.4585934820480486,27436.093690248566,LacZ_2,LacZ OE,0.4696374713703617,-0.35549173726426764,25.25079261717596,70,2500
4332,81.07358490566038,367.2952830188679,350.54245283018867,1238.0,1.2927058095671708,16092.151886792453,LacZ_2,LacZ OE,0.2681191515500452,-0.25796543096447044,22.67908369566223,70,2500
4333,81.94740634005764,383.6131123919308,171.69884726224785,1682.0,1.4646615659547673,41706.86383285303,LacZ_2,LacZ OE,0.6635789430109711,-0.2175150962801381,27.562090900312597,70,2500
4334,81.8910569105691,392.2048780487805,316.8731707317073,870.0,1.3572625222931138,21068.89756097561,LacZ_2,LacZ OE,0.3423237880411263,-0.19882532917720708,24.037497834469065,70,2500
4335,81.57913669064749,408.3246402877698,278.1321942446043,1390.0,1.3934286932531326,30983.896582733814,LacZ_2,LacZ OE,0.4278921516180443,-0.1603892359081872,24.47109403443814,70,2500
4336,81.76666666666667,409.59238095238095,202.03714285714287,1346.0,1.3538616969984227,54233.83619047619,LacZ_2,LacZ OE,0.5962183073684708,-0.15656908144580095,26.420043405111116,70,2500
4337,82.21295387634936,413.6074582924436,178.87242394504415,1332.0,1.2723934377394273,42263.02060843965,LacZ_2,LacZ OE,0.6474046250063406,-0.1468369096718617,27.366912740404246,70,2500
4338,83.92215145081387,414.3849964614296,254.97027600849256,1782.0,1.279678620362366,44540.76362349611,LacZ_2,LacZ OE,0.47895445433371675,-0.1457894394830639,27.294011812972442,70,2500
4339,81.46230890880338,423.1354770690564,383.25672113863993,2323.0,1.5176098097443838,26250.855561412758,LacZ_2,LacZ OE,0.19518371161941261,-0.12659695108963687,21.75882098827701,70,2500
4340,82.34355345911949,425.85141509433964,243.77830188679246,1607.0,1.511940251585601,47326.34198113208,LacZ_2,LacZ OE,0.5036855516865058,-0.11865733896295072,25.864650350174358,70,2500
4341,80.63218390804597,433.5827586206897,176.88275862068966,1158.0,1.432228501971866,45007.87816091954,LacZ_2,LacZ OE,0.6516948743487108,-0.09973414671094882,25.637624701401123,70,2500
4342,83.29827586206896,442.0080459770115,301.2402298850575,2212.0,1.3180088734693174,30322.88448275862,LacZ_2,LacZ OE,0.3763545752825328,-0.0811490723001227,25.32150104140284,70,2500
4343,81.88089528377299,446.62589928057554,221.10711430855315,1513.0,1.3232680716249718,49803.430055955236,LacZ_2,LacZ OE,0.5536648359814791,-0.06941958074530263,25.72741372156834,70,2500
4344,82.20554765291607,449.65220483641536,204.57254623044096,1757.0,1.4180215122433217,54323.03485064011,LacZ_2,LacZ OE,0.5901988599989119,-0.062094407789896944,26.407801614232213,70,2500
4345,81.15632754342431,471.42928039702235,172.46980976013234,1486.0,1.4447329529821569,42603.28453267163,LacZ_2,LacZ OE,0.6610645510823363,-0.01040282824462957,25.894245271121477,70,2500
4346,81.8597842835131,463.34899845916794,274.23728813559325,2036.0,1.5589425661004153,36669.42064714946,LacZ_2,LacZ OE,0.4359621260021569,-0.030550423871707366,24.304180685136515,70,2500
4347,81.77150837988827,496.61005586592177,349.622905027933,2206.0,1.3463218481542352,41342.05418994413,LacZ_2,LacZ OE,0.26886627448146405,0.04708509305123676,22.133219177747904,70,2500
4348,81.20764552562989,513.0981754995656,172.5317115551694,1428.0,1.490893942333076,43480.16854908775,LacZ_2,LacZ OE,0.6605217923208435,0.08788527188438877,25.536484605295882,70,2500
4349,82.26086956521739,539.0076726342711,274.8925831202046,1871.0,1.3056013815349545,35954.92391304348,LacZ_2,LacZ OE,0.4337596415528491,0.1479135069251396,23.949743196154202,70,2500
4350,81.28242677824268,541.0160390516039,216.047419804742,1835.0,1.5320657965614528,43569.05927475593,LacZ_2,LacZ OE,0.5639762789016878,0.15326686973785253,24.323728679320155,70,2500
4351,81.75749500333112,554.3497668221186,255.54097268487675,1885.0,1.4812273892968828,39543.28780812791,LacZ_2,LacZ OE,0.4764495574124752,0.18430052896163174,23.74756074092592,70,2500
4352,80.71311475409836,578.2032786885246,317.38360655737705,750.0,1.2867576394165487,17385.283606557376,LacZ_2,LacZ OE,0.3394558226721518,0.23987085233559102,21.02853390871485,70,2500
4353,82.84445511281805,599.2640422467595,275.50600096015364,2716.0,1.3324866358655334,31636.072011521843,LacZ_2,LacZ OE,0.4317893930228105,0.29005146808400006,23.92939441294824,70,2500
4354,80.88947368421053,629.7157894736843,165.56315789473683,825.0,1.4129800269477257,28317.236842105263,LacZ_2,LacZ OE,0.6748267363286609,0.36302846871242966,24.24006811364849,70,2500
4355,80.36921296296296,647.1585648148148,238.39699074074073,1069.0,1.5957089825319923,16882.520833333332,LacZ_2,LacZ OE,0.5135516714261996,0.4033700202562718,21.851485253955175,70,2500
4356,81.28217821782178,665.6113861386139,170.6410891089109,1009.0,1.2534279871821163,21541.10024752475,LacZ_2,LacZ OE,0.6632250300067057,0.4476520240113506,24.163130670746654,70,2500
4357,81.71561969439729,737.5577249575551,205.97623089983023,1449.0,1.3332903971273011,22978.241086587437,LacZ_2,LacZ OE,0.5843331844635378,0.6169838825955509,23.068919204792167,70,2500
4358,82.06620808254515,742.2218400687876,432.99656061908854,1372.0,1.441166259375405,17513.10146173689,LacZ_2,LacZ OE,0.08202381819201943,0.6255305416975425,18.081611998694015,70,2500
4359,81.29404761904762,751.8976190476191,208.30357142857142,1147.0,1.7671256070979364,19604.97976190476,LacZ_2,LacZ OE,0.5790673621320099,0.6507736108938047,22.452950647993234,70,2500
4360,81.3963963963964,760.9677177177177,447.31756756756755,1674.0,1.431697826323008,26601.033033033033,LacZ_2,LacZ OE,0.050194130630791145,0.6695772128402888,16.894793411131594,70,2500
4361,80.35183603757473,779.6720751494449,540.3193851409052,1383.0,1.4309318940593736,31871.713919726728,LacZ_2,LacZ OE,-0.15568447871010804,0.712663782267563,13.499593668695177,70,2500
4362,81.71446229913474,807.300370828183,419.663782447466,967.0,1.2379895982779512,18814.54758961681,LacZ_2,LacZ OE,0.11090898043985642,0.7791728521896217,17.40416391280415,70,2500
4363,81.35242290748899,148.2907488986784,369.59911894273125,552.0,1.6554439494414277,13127.471365638767,LacZ_2,LacZ OE,0.22806385084422742,-0.7747485055868577,24.655971808145026,70,2500
4364,83.59450402144772,158.15281501340482,405.02412868632706,1876.0,1.2717191049808343,19506.159517426273,LacZ_2,LacZ OE,0.14948039270399427,-0.7518192410442015,25.97505633793304,70,2500
4365,82.99455040871935,183.59491371480473,542.069936421435,1357.0,1.4409862875776043,17663.615803814715,LacZ_2,LacZ OE,-0.15392665936305916,-0.6933075318911809,21.931684104460388,70,2500
4366,83.62471395881006,189.77498093058733,350.1647597254005,1582.0,1.3464711392676048,18092.246376811596,LacZ_2,LacZ OE,0.2705404452421243,-0.6766337669642369,26.9747655912859,70,2500
4367,83.4841726618705,195.5071942446043,327.2726618705036,1638.0,1.3675683956757974,20241.774100719424,LacZ_2,LacZ OE,0.32113734823048445,-0.6628676098607847,27.31184119665332,70,2500
4368,82.68901569186876,217.67332382310985,289.1241084165478,997.0,1.4960718396179942,21153.39087018545,LacZ_2,LacZ OE,0.40536154591464957,-0.6101869478008974,27.189397282514463,70,2500
4369,81.40056022408963,227.4295051353875,383.7843137254902,1240.0,1.2747400837087173,23239.328664799254,LacZ_2,LacZ OE,0.19591320095704146,-0.588230683396032,23.599255158600144,70,2500
4370,83.72204213938411,254.4092382495948,325.7350081037277,1498.0,1.3977669835125373,21593.894651539707,LacZ_2,LacZ OE,0.3239569725493048,-0.5239087550215009,27.00927976001948,70,2500
4371,81.79512635379061,292.91606498194943,283.3817689530686,1340.0,1.3805643977834392,21586.137184115523,LacZ_2,LacZ OE,0.4173837565992884,-0.4326642644900288,25.69360555549939,70,2500
4372,83.11826347305389,295.84730538922156,761.1497005988024,952.0,1.4138680039867246,23994.558383233532,LacZ_2,LacZ OE,-0.6396980181160239,-0.4309032330476975,15.850214718812659,70,2500
4373,84.69915966386554,301.41512605042016,419.13655462184875,2994.0,1.586240629762691,15729.973949579831,LacZ_2,LacZ OE,0.1168157133006793,-0.41402339220252715,25.348938376067593,70,2500
4374,82.8734610123119,303.7264021887825,373.578659370725,1715.0,1.4766467615766292,13667.141586867305,LacZ_2,LacZ OE,0.21767725686876638,-0.4081190287671871,24.563231039937676,70,2500
4375,83.02756183745583,318.99505300353354,310.30035335689047,1786.0,1.5311643452051735,20932.18374558304,LacZ_2,LacZ OE,0.35751468109703755,-0.371413672234845,26.043024258536917,70,2500
4376,83.86182902584493,324.486083499006,222.58250497017892,1245.0,1.4552165495901443,25793.25745526839,LacZ_2,LacZ OE,0.5514801262647351,-0.3574908618537257,28.8681339477924,70,2500
4377,82.72616407982261,327.8447893569845,208.88137472283813,1150.0,1.3450729985727439,26663.725055432373,LacZ_2,LacZ OE,0.5818178816587194,-0.3494457081878427,28.0193682515758,70,2500
4378,82.23918575063614,340.1539440203562,317.13613231552165,1045.0,1.3928417612900679,22841.924936386768,LacZ_2,LacZ OE,0.34222764288880336,-0.32159674174558306,24.888565259127915,70,2500
4379,83.13894523326572,350.2261663286004,328.342799188641,1547.0,1.433435492557891,21244.47565922921,LacZ_2,LacZ OE,0.31729073257757423,-0.29793966396077387,25.428264394027806,70,2500
4380,81.29066666666667,353.65066666666667,196.43733333333333,522.0,1.6890491279709705,26154.397333333334,LacZ_2,LacZ OE,0.6091728428984668,-0.2884731825772956,26.621975613000103,70,2500
4381,83.72688477951635,364.5576102418208,290.5149359886202,938.0,1.4580471001890758,24135.405405405407,LacZ_2,LacZ OE,0.40080977351967917,-0.26371117721054704,26.757640759840456,70,2500
4382,82.58393285371703,378.863309352518,236.80695443645084,1069.0,1.410293426582787,30468.48081534772,LacZ_2,LacZ OE,0.5195507411986182,-0.22941064701796887,26.727118207987473,70,2500
4383,82.378223495702,384.5119388729704,191.35434574976122,1300.0,1.3538210673603477,32757.846227316142,LacZ_2,LacZ OE,0.6200633379371092,-0.2155983736284971,27.5257809079597,70,2500
4384,82.22764227642277,388.4279379157428,221.44345898004434,1817.0,1.3804856087574617,50277.90687361419,LacZ_2,LacZ OE,0.5534658881918386,-0.20669128309025975,26.635521380449774,70,2500
4385,83.26306913996628,399.3490725126476,246.05902192242834,1167.0,1.3224219292888393,35438.16863406408,LacZ_2,LacZ OE,0.4988487176141314,-0.1811741874408599,26.989960292298818,70,2500
4386,84.91463414634147,427.21501925545573,348.4249037227214,2196.0,1.5026328940809488,32911.92490372272,LacZ_2,LacZ OE,0.2720256287124718,-0.1165175205150345,25.982113167629436,70,2500
4387,82.002828854314,434.72984441301276,354.56506364922205,2131.0,1.6564199540215903,32632.49504950495,LacZ_2,LacZ OE,0.2585192935226108,-0.09892481696656408,22.854590338230466,70,2500
4388,81.88013698630137,447.54195205479454,234.86986301369862,1556.0,1.3401754035725342,48953.75770547945,LacZ_2,LacZ OE,0.5232081348338702,-0.06740814687865726,25.39686583807044,70,2500
4389,82.6745718050066,481.77470355731225,247.5658761528327,1909.0,1.4452394118096201,42320.28524374177,LacZ_2,LacZ OE,0.49474796790336306,0.013219651005801136,25.560208781235417,70,2500
4390,83.03118161925602,480.5071115973742,321.25054704595186,2199.0,1.3804953272987082,30274.051969365428,LacZ_2,LacZ OE,0.33172626826337503,0.009438419597957548,24.211413134579217,70,2500
4391,82.52334419109664,492.1845819761129,165.13789359391964,1161.0,1.344948254552318,35452.26492942454,LacZ_2,LacZ OE,0.6770137750536545,0.03866503558280865,27.2287067238197,70,2500
4392,82.33333333333333,509.4989898989899,192.73737373737373,1256.0,1.3114321902887194,52749.16868686869,LacZ_2,LacZ OE,0.6157966441575509,0.07920208474316648,26.22599917856158,70,2500
4393,82.1159169550173,510.51384083044985,217.21539792387543,1351.0,1.371751714718355,47437.35726643599,LacZ_2,LacZ OE,0.561644353996015,0.08132536507652044,25.42810810471164,70,2500
4394,83.26906222611744,520.1446099912357,201.148115687993,1478.0,1.3715694581569213,54781.485539000874,LacZ_2,LacZ OE,0.5970378631130302,0.10424283378801302,26.861223929825954,70,2500
4395,82.80656610470275,526.0913930789707,270.98136645962734,1376.0,1.3110365313477694,32312.57586512866,LacZ_2,LacZ OE,0.4425093470364869,0.11750178389265242,24.71279260812112,70,2500
4396,81.7035175879397,530.2939698492462,135.50502512562815,642.0,1.4442769252075698,23272.497487437187,LacZ_2,LacZ OE,0.7422454029573538,0.1288593266508684,26.727126330009767,70,2500
4397,83.85078776645042,530.6367006487488,373.73679332715477,1453.0,1.6079080512213524,16907.669138090823,LacZ_2,LacZ OE,0.2150814758603954,0.12713218991158537,23.316845799666936,70,2500
4398,81.51011235955056,550.0696629213484,197.76404494382024,662.0,1.5026079908286787,41843.049438202244,LacZ_2,LacZ OE,0.6043259534024552,0.17482589720229824,24.88898661121833,70,2500
4399,82.040395713108,554.9645507007419,286.4979389942292,1545.0,1.4955950813408239,33808.712283594396,LacZ_2,LacZ OE,0.4079416579181778,0.18542127205984738,23.302707347153486,70,2500
4400,84.41081994928149,554.4657650042266,182.82671174978867,1431.0,1.2886876579757198,38451.15469146238,LacZ_2,LacZ OE,0.6371799573855179,0.18542359332912572,28.093972830214014,70,2500
4401,83.59096945551128,559.7058432934926,241.28685258964143,2044.0,1.372379111323804,39173.958831341304,LacZ_2,LacZ OE,0.5078379325402258,0.19713081409879596,25.860337483369392,70,2500
4402,83.13486842105263,577.6769736842106,240.675,1965.0,1.5103102003839974,36913.25921052632,LacZ_2,LacZ OE,0.5090412555667516,0.2395169154607979,25.24284567421492,70,2500
4403,82.62128892107168,600.6292541636495,212.8551774076756,1836.0,1.4372979687525087,36852.61549601738,LacZ_2,LacZ OE,0.5703926312232894,0.2939463030349061,25.153421852450847,70,2500
4404,87.26190476190476,604.8784271284271,182.9484126984127,3642.0,1.2385052006992348,33230.332251082255,LacZ_2,LacZ OE,0.6362756013238859,0.3043995498350842,30.44815567754425,70,2500
4405,82.15432098765432,613.1203703703703,214.9372427983539,1279.0,1.34824681895713,36901.31069958848,LacZ_2,LacZ OE,0.5656896745468352,0.3233768026333408,24.51587501964451,70,2500
4406,81.78909465020575,636.8477366255144,254.43827160493828,1273.0,1.3973360653176874,20645.019547325104,LacZ_2,LacZ OE,0.47808928197174505,0.3789074655065141,22.997832721543034,70,2500
4407,81.74686192468619,636.081589958159,211.13807531380752,646.0,1.4157801851506517,20940.112970711296,LacZ_2,LacZ OE,0.5738936267318115,0.377569097565684,23.97249560929825,70,2500
4408,82.15694744420446,775.2375809935205,282.85385169186463,1699.0,1.2775282123123624,16659.96112311015,LacZ_2,LacZ OE,0.4138663881532838,0.7050382601847798,21.349385229213794,70,2500
4409,81.47094017094017,787.5974358974358,500.23760683760685,1442.0,1.5665644994498862,20352.210256410257,LacZ_2,LacZ OE,-0.06714448351618796,0.7318183307746229,15.475173205491238,70,2500
4410,82.28897637795275,798.7362204724409,257.08425196850396,1527.0,1.3287788722323968,17663.12755905512,LacZ_2,LacZ OE,0.470643320356269,0.7607488819060413,21.85222530255676,70,2500
4411,82.29143897996357,824.3979963570127,411.70036429872493,1495.0,1.3732381658984172,16397.82695810565,LacZ_2,LacZ OE,0.128331522800752,0.8196018921783976,17.999339710569643,70,2500
4412,82.47150997150997,98.16096866096866,431.2150997150997,989.0,1.6422876180395123,14509.289173789173,LacZ_2,LacZ OE,0.09217554323956212,-0.8936363664148987,24.828734018400084,70,2500
4413,83.87125091441112,186.61521580102414,465.95976591075345,1828.0,1.5011230846360974,17913.410387710315,LacZ_2,LacZ OE,0.014380369489929823,-0.6853375802477841,24.55279203898327,70,2500
4414,84.22497123130034,204.409666283084,426.35097813578824,2045.0,1.239701517410641,22643.235327963175,LacZ_2,LacZ OE,0.10181802058272438,-0.6429266614866495,25.655663544744513,70,2500
4415,84.44533527696792,208.32725947521865,333.3826530612245,1564.0,1.339883252175029,24076.938775510203,LacZ_2,LacZ OE,0.3074462568528593,-0.6326722897508978,28.00485406284156,70,2500
4416,83.3273631840796,213.8,302.29950248756217,1235.0,1.2865840719260733,24161.873631840797,LacZ_2,LacZ OE,0.37621757997452177,-0.6194516195082861,27.55829427556081,70,2500
4417,84.61098039215686,217.8541176470588,406.3992156862745,1516.0,1.2908080758351008,17195.312156862747,LacZ_2,LacZ OE,0.14580807011008168,-0.6109889397064221,26.375134314651632,70,2500
4418,83.26868327402136,251.69217081850533,249.70462633451956,719.0,1.38673959718191,19146.4359430605,LacZ_2,LacZ OE,0.49221173491254877,-0.5295032035459644,28.355018325605684,70,2500
4419,83.53140096618357,255.37117552334945,377.6320450885668,1426.0,1.2810264469742132,16366.711755233495,LacZ_2,LacZ OE,0.2091436361197332,-0.5222071443713141,25.59949787602939,70,2500
4420,83.0162074554295,341.74392220421396,332.3192868719611,810.0,1.386485140619547,17249.46677471637,LacZ_2,LacZ OE,0.3085818021880842,-0.3179933229048568,25.29584460333099,70,2500
4421,83.02757619738752,343.59651669085633,300.70827285921627,1002.0,1.6141355570904632,23159.303338171263,LacZ_2,LacZ OE,0.3784975958900638,-0.31328025893504186,26.025983423629086,70,2500
4422,83.58823529411765,343.41555977229604,244.92030360531308,1298.0,1.270422414208186,28730.033206831118,LacZ_2,LacZ OE,0.5018923166242222,-0.3130890518223496,27.88872816407276,70,2500
4423,83.43867403314917,354.2939226519337,219.38011049723758,1133.0,1.554495130827374,28350.847513812154,LacZ_2,LacZ OE,0.5582983819376672,-0.28715575601196086,28.228176071679215,70,2500
4424,85.56949152542373,358.47344632768363,249.4316384180791,1192.0,1.304880429987722,26744.325423728813,LacZ_2,LacZ OE,0.491663622491165,-0.277574580610754,29.61688437989295,70,2500
4425,84.33711790393014,368.0480349344978,256.3336244541485,1568.0,1.2266240593502098,27737.361572052403,LacZ_2,LacZ OE,0.47636514072102476,-0.25509328171730905,28.13034793825716,70,2500
4426,86.62376237623762,388.82054455445547,180.35767326732673,1172.0,1.4599720696111553,35142.38242574257,LacZ_2,LacZ OE,0.6441306017085537,-0.20521911344540822,31.984162271229692,70,2500
4427,83.05813953488372,398.46356589147285,257.41550387596897,1658.0,1.3674593851768515,35877.45968992248,LacZ_2,LacZ OE,0.473743479237559,-0.1833907844255792,26.529023222647226,70,2500
4428,83.96949475691135,397.52526215443277,176.8141086749285,1311.0,1.3367176053281526,41019.43088655863,LacZ_2,LacZ OE,0.6520231329712687,-0.18470878167078808,29.328195872749873,70,2500
4429,83.46315789473684,404.7631578947368,235.92280701754385,1007.0,1.59308300044682,40363.39473684211,LacZ_2,LacZ OE,0.5212107454651989,-0.168289035637037,27.37331185807696,70,2500
4430,85.3767476085357,452.1361295069904,294.61147902869754,1772.0,1.4455375114224849,30191.11331861663,LacZ_2,LacZ OE,0.3908142092923548,-0.057139825055639526,27.454757493360205,70,2500
4431,83.70008873114463,455.85093167701865,186.46583850931677,1400.0,1.4415218224848438,45090.10381543922,LacZ_2,LacZ OE,0.6301198327169137,-0.04724243959056129,28.26331935888264,70,2500
4432,83.22675367047309,461.0872756933116,219.99592169657421,1531.0,1.494003356248403,50679.49836867863,LacZ_2,LacZ OE,0.5559136944941518,-0.03526564990400216,26.957279319008336,70,2500
4433,83.17889530090685,474.7823577906018,228.80214344600165,1555.0,1.4933707806307204,52191.03709810387,LacZ_2,LacZ OE,0.5363013088964412,-0.0030586469274990202,26.57018112100505,70,2500
4434,84.71397694524495,475.96757925072046,261.4344380403458,1732.0,1.405315582884675,34255.90273775216,LacZ_2,LacZ OE,0.4640167771942785,-0.0005819591708092764,27.332474023460506,70,2500
4435,83.0210843373494,482.3092369477912,188.7550200803213,1276.0,1.387103489922722,53117.32730923695,LacZ_2,LacZ OE,0.6248344869227771,0.015126446334413624,27.27234390093814,70,2500
4436,84.37463976945244,482.3458213256484,175.09798270893373,1265.0,1.357175923526338,46233.78962536023,LacZ_2,LacZ OE,0.6549781838509847,0.015391806144787523,28.943473257529647,70,2500
4437,83.18017159199238,488.0571973307912,297.976167778837,1415.0,1.4418372942422057,27387.017159199237,LacZ_2,LacZ OE,0.38313635511230215,0.027503288004432136,24.829055937905594,70,2500
4438,83.58459869848156,493.5303687635575,281.53687635574835,1215.0,1.4393338206582533,42409.2874186551,LacZ_2,LacZ OE,0.4194317975864794,0.040600857578131144,25.56303597088163,70,2500
4439,84.55985169491525,500.15095338983053,324.27648305084745,2367.0,1.3548422163308615,41801.595868644064,LacZ_2,LacZ OE,0.32476280204548424,0.05577591626369016,25.476893178161973,70,2500
4440,83.00883392226149,507.2155477031802,293.3751472320377,1990.0,1.3565412239369468,34536.25147232038,LacZ_2,LacZ OE,0.3931388689687265,0.0727395550195804,24.577615710640202,70,2500
4441,83.66666666666667,553.2069950035689,215.0642398286938,1845.0,1.3617909545529894,41246.27765881513,LacZ_2,LacZ OE,0.5659102293675691,0.18208770284362608,26.61086977270186,70,2500
4442,83.6920731707317,567.5221036585366,217.3300304878049,1887.0,1.4019487460982243,36860.50533536585,LacZ_2,LacZ OE,0.5607577144907687,0.21582983955888557,26.443414209230426,70,2500
4443,83.26281588447654,566.6129963898917,323.11696750902524,1761.0,1.5522677988650446,30666.25631768953,LacZ_2,LacZ OE,0.32675204075859576,0.21252797481086283,23.557147629670055,70,2500
4444,82.41038318912237,571.1001236093944,164.26081582200248,1060.0,1.3294528996701223,29612.90482076638,LacZ_2,LacZ OE,0.6781964766641191,0.22481607770950052,26.364249191727282,70,2500
4445,85.5689783743475,569.5548098434004,191.1841909023117,1798.0,1.3266853703978456,35800.947800149144,LacZ_2,LacZ OE,0.6184845243105739,0.22095104277536892,28.909330568589553,70,2500
4446,81.91740412979351,575.9823008849557,148.0117994100295,511.0,1.3859073688883252,23615.088495575223,LacZ_2,LacZ OE,0.7141230656090676,0.23649707335284997,26.202455608803405,70,2500
4447,83.3048780487805,576.4560975609756,274.48048780487807,1293.0,1.5448580083930967,39366.11707317073,LacZ_2,LacZ OE,0.4342550536740333,0.2362742665107953,24.6366913542836,70,2500
4448,84.3691135734072,579.3427977839335,224.99307479224376,1895.0,1.279247042362519,35493.475761772854,LacZ_2,LacZ OE,0.5436550955757111,0.24364453158221933,26.825968042970104,70,2500
4449,82.51053484602917,594.8541329011346,164.6871961102107,784.0,1.43226773524902,27377.205834683955,LacZ_2,LacZ OE,0.6770181754133553,0.28084413122284,26.222059569880727,70,2500
4450,83.21640248104755,589.2529290144728,263.5575465196416,1756.0,1.5233310309559924,37046.80013783598,LacZ_2,LacZ OE,0.458301071549563,0.26657561206767477,24.677689984275432,70,2500
4451,82.99508196721311,611.9688524590164,229.14262295081969,1476.0,1.3501327453716148,36575.96639344262,LacZ_2,LacZ OE,0.5342302335918181,0.32052570857448437,25.03648478183881,70,2500
4452,84.65255474452555,613.2,132.84379562043796,972.0,1.3491961405215516,21309.00291970803,LacZ_2,LacZ OE,0.7471783894964119,0.32451229617621835,28.9262430496278,70,2500
4453,83.44922425952045,612.3236953455571,250.9774330042313,1821.0,1.4744665042004859,28271.739774330043,LacZ_2,LacZ OE,0.48589730838357736,0.32113618472871375,24.97801113875211,70,2500
4454,86.99145299145299,622.0802103879026,147.94937541091386,2147.0,1.4448011108078436,26472.568047337278,LacZ_2,LacZ OE,0.7135529116152299,0.34534823888550203,30.825392604110178,70,2500
4455,82.05084745762711,624.8926553672317,143.30225988700565,685.0,1.979420306575815,30452.531073446327,LacZ_2,LacZ OE,0.7240620487934786,0.3519197961756928,25.967184525439293,70,2500
4456,83.79377713458756,624.2655571635311,261.37843704775685,1770.0,1.4139902629933205,22278.39001447178,LacZ_2,LacZ OE,0.46275340396615294,0.349199389774111,24.963172782392235,70,2500
4457,83.69409660107334,640.0187835420394,196.69230769230768,1456.0,1.3029867100575823,27045.81574239714,LacZ_2,LacZ OE,0.6057138398524504,0.38705723163511263,26.217343778352756,70,2500
4458,84.77815468113975,670.5108548168249,154.47354138398916,2003.0,1.5434158748375302,21191.809362279513,LacZ_2,LacZ OE,0.6987650505942808,0.4594639851693614,27.986949408722495,70,2500
4459,82.96836555360281,760.6441124780316,300.3558875219684,1463.0,1.3843628719165462,18407.06063268893,LacZ_2,LacZ OE,0.3752451958277867,0.6704441769245422,21.89530560889331,70,2500
4460,82.26925845932325,780.4636429085673,385.0302375809935,1787.0,1.379698237526772,18947.046796256298,LacZ_2,LacZ OE,0.18776113065020938,0.7162594210700362,19.028664496627243,70,2500
4461,84.49790502793296,92.52653631284916,477.53701117318434,1933.0,1.3565181159006632,16081.84497206704,LacZ_2,LacZ OE,-0.010354484087139348,-0.907383018978876,25.829771579997768,70,2500
4462,85.61402474955804,159.5592221567472,721.8008249852682,2181.0,1.158345170329978,20325.137890394813,LacZ_2,LacZ OE,-0.5514552968151459,-0.7518924552250332,20.595671134754753,70,2500
4463,84.49254966887418,168.02566225165563,483.9635761589404,1472.0,1.4002494106022048,19292.451986754968,LacZ_2,LacZ OE,-0.025302428986833214,-0.7293673179295521,24.936047828237065,70,2500
4464,85.15432960893855,178.64106145251398,397.1934357541899,1793.0,1.2416163939199256,20997.581703910615,LacZ_2,LacZ OE,0.16652569911047732,-0.7033714877142787,27.516504706467856,70,2500
4465,86.63977635782747,188.6685303514377,696.626198083067,1675.0,1.1238448359112807,22948.653354632588,LacZ_2,LacZ OE,-0.4960951225760637,-0.6829335736960983,21.923193143049616,70,2500
4466,84.74057843996495,211.31726555652935,347.7467134092901,1334.0,1.2325070527454902,21079.192813321646,LacZ_2,LacZ OE,0.2756238854026518,-0.6257686303804888,27.935907517001084,70,2500
4467,84.56301267710664,246.27143922445936,396.49067859806115,1562.0,1.3937890551121335,17603.136465324384,LacZ_2,LacZ OE,0.16745665479337823,-0.5438524335638593,26.280175767729972,70,2500
4468,85.2923561859732,293.5713159968479,317.9330181245075,1596.0,1.3927171576640889,20880.552403467296,LacZ_2,LacZ OE,0.3407575614528102,-0.4314136838452356,28.37787039406666,70,2500
4469,85.10122989593188,315.91012298959316,234.46263008514663,1380.0,1.499564152399738,24643.300851466414,LacZ_2,LacZ OE,0.5252161700514011,-0.3778202276041239,29.914089509357595,70,2500
4470,84.75977011494253,322.3494252873563,247.12298850574712,1086.0,1.3972544162155451,25294.08275862069,LacZ_2,LacZ OE,0.4971625005776743,-0.3627765018617858,29.214616978703845,70,2500
4471,84.04343629343629,339.83301158301157,212.50868725868725,1284.0,1.3939433634328837,31859.478764478765,LacZ_2,LacZ OE,0.5736089623803555,-0.32117745543604415,29.134388940478004,70,2500
4472,84.37066666666666,345.432,259.22577777777775,1587.0,1.3678556021044355,30485.533333333333,LacZ_2,LacZ OE,0.47018379746696115,-0.30847005897171176,28.317703593618717,70,2500
4473,84.56265984654732,361.20460358056266,191.5601023017903,572.0,1.7776401488643063,24746.951406649616,LacZ_2,LacZ OE,0.6197207396350495,-0.2705275269252224,29.932722864577755,70,2500
4474,84.55167173252279,372.0759878419453,192.68085106382978,951.0,1.6511888063940448,29388.034954407296,LacZ_2,LacZ OE,0.6171366466117443,-0.24489677378444763,29.789264501081362,70,2500
4475,84.51368760064412,383.5217391304348,302.6666666666667,1671.0,1.5140443205474203,24215.012077294687,LacZ_2,LacZ OE,0.37370186716409903,-0.2190929130319932,27.07540495329512,70,2500
4476,84.47906403940887,389.3472906403941,243.20935960591132,1136.0,1.7185397424118747,34569.8854679803,LacZ_2,LacZ OE,0.5051870619108105,-0.20470747731451555,28.369836930158627,70,2500
4477,87.38018433179724,393.87327188940094,314.3141321044547,1806.0,1.5372228151769867,21685.999231950846,LacZ_2,LacZ OE,0.34768540963630623,-0.19473688849303117,29.568204817972855,70,2500
4478,85.70459081836327,409.74451097804393,339.67914171656685,2388.0,1.4088210460545072,27033.167165668663,LacZ_2,LacZ OE,0.2915024306465004,-0.1576136238644148,27.14659558332754,70,2500
4479,85.36235294117647,416.5050980392157,272.83372549019606,1558.0,1.4258071835263901,31979.741176470587,LacZ_2,LacZ OE,0.43933948559628466,-0.14094951718922777,28.296591760067187,70,2500
4480,84.05916727538349,420.03652300949597,207.5646457268079,1725.0,1.4951237901194765,56436.71365960555,LacZ_2,LacZ OE,0.5837700571630471,-0.1319413202978058,28.480789450114827,70,2500
4481,85.44144144144144,428.029106029106,181.2889812889813,1811.0,1.397610629845656,45795.11434511434,LacZ_2,LacZ OE,0.6417519845827535,-0.11277198447371362,30.396957725219423,70,2500
4482,85.08454258675079,433.57413249211356,277.2624605678233,2122.0,1.517653752916709,38447.21766561514,LacZ_2,LacZ OE,0.4293908289998474,-0.10074187359228892,27.748655191618596,70,2500
4483,84.74514285714285,448.36914285714283,159.44457142857144,1048.0,1.3631238164258177,32978.576,LacZ_2,LacZ OE,0.6899184344374178,-0.06457329381151056,30.01113194107178,70,2500
4484,85.43986710963455,450.8504983388704,268.5601328903654,2137.0,1.6087880416590385,34725.89368770764,LacZ_2,LacZ OE,0.4484578168246538,-0.05988826878043385,28.137726177236075,70,2500
4485,84.57410296411857,465.58502340093605,202.23946957878314,1555.0,1.3386202119127066,51748.689547581904,LacZ_2,LacZ OE,0.595083847693404,-0.024433071020285246,28.674126934078984,70,2500
4486,84.94142259414225,466.6180514046623,341.35265989240884,2219.0,1.7054774905031524,37549.15481171548,LacZ_2,LacZ OE,0.28728921520184425,-0.02349724559058508,25.78830303804179,70,2500
4487,84.42048780487805,472.6741463414634,214.3590243902439,1222.0,1.248185399249448,57078.1843902439,LacZ_2,LacZ OE,0.5682106238505042,-0.007846408332906285,28.16868910250045,70,2500
4488,83.84361792054099,486.9315300084531,232.72020287404902,1715.0,1.5633924788819578,45277.959425190194,LacZ_2,LacZ OE,0.527481327732054,0.025571199639798037,27.024508597167,70,2500
4489,84.12254160363086,494.05975794251134,260.26853252647504,1594.0,1.3707648316950345,41922.38653555219,LacZ_2,LacZ OE,0.46645167700089374,0.042092589469431285,26.591422764972393,70,2500
4490,84.86111111111111,505.04693486590037,205.1197318007663,1273.0,1.357274482382495,54299.10249042146,LacZ_2,LacZ OE,0.5883150897050959,0.0686240525750994,28.507870689056332,70,2500
4491,83.71471927162368,523.0349013657057,168.74810318664643,838.0,1.3790920054943383,35423.663125948406,LacZ_2,LacZ OE,0.6686667038887095,0.1114220666478054,28.033753794469504,70,2500
4492,84.34845132743362,526.3738938053098,259.4679203539823,1226.0,1.4681656593596826,45836.232300884956,LacZ_2,LacZ OE,0.4678985786842964,0.11832824881016846,26.51981585213116,70,2500
4493,85.14147909967846,525.1125401929261,224.37299035369776,1554.0,1.3228084262646755,47487.32073954984,LacZ_2,LacZ OE,0.5455117077149421,0.11575184732397581,28.1430404676629,70,2500
4494,84.89093825180433,530.7121090617482,352.43303929430635,1672.0,1.623506790494284,22368.674418604653,LacZ_2,LacZ OE,0.2621581310460228,0.12756493168496918,24.85254611842433,70,2500
4495,84.98920863309353,564.1786570743405,279.7901678657074,2080.0,1.3601646195890225,34372.25059952038,LacZ_2,LacZ OE,0.4225399720231289,0.2072953777769586,26.316809709785403,70,2500
4496,84.46684118673647,571.3333333333334,176.34904013961605,1771.0,1.4765535989445653,31605.39092495637,LacZ_2,LacZ OE,0.6513446743481186,0.22528196820797275,28.135975378834132,70,2500
4497,84.89105403011514,587.5367581930913,283.3100088573959,1453.0,1.516833436022441,25372.8334809566,LacZ_2,LacZ OE,0.4145319641759424,0.26235148439217326,25.908137272438665,70,2500
4498,84.5894554883319,623.2497839239412,208.31979256698358,1500.0,1.4837209331972523,32841.36473638721,LacZ_2,LacZ OE,0.580105861156021,0.34739720666571294,27.00540378947271,70,2500
4499,83.30955585464334,662.9313593539704,137.58546433378197,891.0,1.432747590828852,18516.215343203232,LacZ_2,LacZ OE,0.7362764529459702,0.4417353441225105,26.986649560430692,70,2500
4500,83.85774647887324,674.3042253521127,183.53521126760563,859.0,1.3587847987591855,20211.460563380282,LacZ_2,LacZ OE,0.6344816287975015,0.46807539507252516,26.35225965912325,70,2500
4501,85.10562015503876,728.0901162790698,230.4670542635659,1245.0,1.3142458871240372,16152.35465116279,LacZ_2,LacZ OE,0.530067553766111,0.5944636000627632,25.979536609139828,70,2500
4502,85.8759825327511,741.374672489083,243.93799126637555,1565.0,1.3767707342015953,17750.842794759825,LacZ_2,LacZ OE,0.5000969159197508,0.6256703356787296,26.305672592870224,70,2500
4503,84.48441247002398,751.9064748201439,239.2925659472422,584.0,1.3589653941510462,14839.767386091127,LacZ_2,LacZ OE,0.5103441989021926,0.6505311314276772,24.919812917358954,70,2500
4504,84.06115702479339,758.599173553719,321.79421487603304,1439.0,1.2920162392685592,16858.44380165289,LacZ_2,LacZ OE,0.32777963581839487,0.6654129857393722,22.50799506424636,70,2500
4505,85.01867704280156,827.5463035019455,467.2,1551.0,1.3484536678236931,24435.26225680934,LacZ_2,LacZ OE,0.005376052667632747,0.8264881869878116,19.401135119782666,70,2500
4506,83.42959427207637,837.9856801909308,504.64677804295945,1100.0,1.4302765226440672,18981.424821002387,LacZ_2,LacZ OE,-0.07748782032059154,0.8506698031593309,16.837502576898892,70,2500
4507,87.61096327833954,145.4709952102182,526.9866950505588,2354.0,1.2213978425447338,20823.799361362428,LacZ_2,LacZ OE,-0.12042713765790702,-0.782964300175947,27.27117379818806,70,2500
4508,86.44488448844885,162.5082508250825,473.1927392739274,1884.0,1.280674486433554,21517.44818481848,LacZ_2,LacZ OE,-0.0015211990925325658,-0.7422202345937027,27.1928149418502,70,2500
4509,86.29724933451641,209.6379769299024,678.4259094942324,1348.0,1.3056162021852682,22185.800354924577,LacZ_2,LacZ OE,-0.45601508139412805,-0.6332817052526464,21.799919249965654,70,2500
4510,85.11802575107296,224.61909871244634,276.4699570815451,1110.0,1.348509095318574,21211.466738197425,LacZ_2,LacZ OE,0.4331640860373258,-0.5936106825575305,29.844670843318042,70,2500
4511,86.76672920575359,226.8236397748593,347.9186991869919,1876.0,1.3392778948040016,34695.00312695435,LacZ_2,LacZ OE,0.27498864644669263,-0.5891481745458595,29.80571288286157,70,2500
4512,85.56916099773242,254.0755857898715,301.9795918367347,1648.0,1.3516013590778106,25801.148904006048,LacZ_2,LacZ OE,0.37641978830749356,-0.524395876115163,29.412843744230585,70,2500
4513,85.50847457627118,350.8436911487759,312.4905838041431,1412.0,1.323468854305087,23662.383239171373,LacZ_2,LacZ OE,0.3522327790542643,-0.29625698669702594,28.160532624624622,70,2500
4514,86.53966789667896,353.5544280442804,340.08025830258305,1354.0,1.4095927295278812,17157.944649446494,LacZ_2,LacZ OE,0.2911155197779478,-0.29013874500335446,28.521725584490852,70,2500
4515,84.45017793594306,355.270462633452,298.43772241992883,799.0,1.4588590163477917,21497.866548042704,LacZ_2,LacZ OE,0.38333435071753885,-0.285686923036958,27.38686166605163,70,2500
4516,85.4594017094017,368.7873931623932,303.69444444444446,1248.0,1.387848334469257,25166.53846153846,LacZ_2,LacZ OE,0.3715217543500189,-0.2538374993003809,28.14099424107218,70,2500
4517,84.61609907120743,376.6609907120743,223.6764705882353,1025.0,1.4152856851874973,30253.45975232198,LacZ_2,LacZ OE,0.5485161115979635,-0.23441657923821702,29.0862684768436,70,2500
4518,84.13626373626374,381.07472527472527,210.83736263736265,599.0,1.4351512146864631,27928.804395604395,LacZ_2,LacZ OE,0.5769026772055561,-0.22387722925526377,28.862707204397807,70,2500
4519,89.06846473029046,382.54253112033194,243.44709543568464,1454.0,1.3664999182855284,27842.509336099585,LacZ_2,LacZ OE,0.504489749522185,-0.22065619144039217,33.01879531920926,70,2500
4520,83.65629629629629,395.0962962962963,299.55555555555554,881.0,1.8430185277472306,19730.185185185186,LacZ_2,LacZ OE,0.3805170283197754,-0.19177694312330174,26.177585743181268,70,2500
4521,84.9392789373814,396.5920303605313,329.8728652751423,783.0,1.4086588732396237,17900.41176470588,LacZ_2,LacZ OE,0.3133640550353638,-0.18854846539269587,26.738788172359563,70,2500
4522,85.97049441786284,403.0287081339713,210.09968102073364,1498.0,1.2650141743303018,52497.48564593301,LacZ_2,LacZ OE,0.5782274683553041,-0.1720428195745085,30.498786740131266,70,2500
4523,85.59734513274336,401.74557522123894,268.4137168141593,580.0,1.2856517863775636,26946.37389380531,LacZ_2,LacZ OE,0.4492487042402056,-0.17571061174757152,28.778928002017963,70,2500
4524,85.85256950294861,411.11541701769164,223.02780117944397,1582.0,1.547610227479121,53510.04296545914,LacZ_2,LacZ OE,0.5495539266387355,-0.1531110322351502,30.000420247209888,70,2500
4525,86.88104089219331,436.10557620817843,210.8817843866171,1620.0,1.4757887702753767,49740.906319702604,LacZ_2,LacZ OE,0.5761301010701345,-0.09400958712884055,31.067241171347007,70,2500
4526,84.04094010614102,451.6459438968916,251.0644427596664,1616.0,1.4237368690291186,46806.50113722517,LacZ_2,LacZ OE,0.48722883490954505,-0.057854115315829624,27.139313678163575,70,2500
4527,85.02157788267026,453.15913688469317,327.2407282535401,2060.0,1.5685906748313327,28113.3931220499,LacZ_2,LacZ OE,0.3186356799460903,-0.05508888303802573,26.329060990651755,70,2500
4528,84.37218543046357,465.1205298013245,163.66225165562915,1114.0,1.586941044912982,30954.06490066225,LacZ_2,LacZ OE,0.6804446937953668,-0.025114791963409933,29.3761060257863,70,2500
4529,85.49488372093023,493.5553488372093,201.4279069767442,1284.0,1.3505509467025079,53204.608372093026,LacZ_2,LacZ OE,0.5965610894535871,0.0415724932771635,29.33991686052738,70,2500
4530,84.87301587301587,504.6388888888889,266.1378968253968,1186.0,1.38887232168338,28201.93849206349,LacZ_2,LacZ OE,0.45332550495934165,0.06699984782654322,27.101345545928098,70,2500
4531,85.837,502.014,187.614,1225.0,1.4746539668728944,43985.125,LacZ_2,LacZ OE,0.6270226244050674,0.06168223620745206,29.92119966903151,70,2500
4532,88.14365567356064,504.11570709893795,350.53493571827835,2308.0,1.2191704553197589,40980.615986584686,LacZ_2,LacZ OE,0.2664465961020863,0.06492481836926811,28.408646364101386,70,2500
4533,85.17606177606177,516.4610038610039,247.64401544401545,1606.0,1.4405030076347902,43413.440154440155,LacZ_2,LacZ OE,0.4941102105550035,0.09509313052540236,27.7197645950054,70,2500
4534,85.1113569321534,520.5317109144543,321.56342182890853,1734.0,1.401880996268943,21148.15412979351,LacZ_2,LacZ OE,0.33053932181355217,0.1038915873194779,25.89209589012961,70,2500
4535,84.69907881269191,536.878198567042,176.59877175025588,1295.0,1.423233375807041,35665.50153531218,LacZ_2,LacZ OE,0.6511135436383186,0.14401260694062623,28.699368976464797,70,2500
4536,85.7260755048288,537.0008779631255,230.97805092186127,1427.0,1.264275437890322,43093.89113257243,LacZ_2,LacZ OE,0.5307538317604692,0.14373546327828501,28.4571811995918,70,2500
4537,85.81672816728167,540.3216482164821,321.6789667896679,1993.0,1.5393325119210166,31815.913899138992,LacZ_2,LacZ OE,0.33005576740063947,0.1505864706239346,26.40095630763838,70,2500
4538,85.10131004366812,547.1659388646289,158.4934497816594,1523.0,1.4544445305371523,31675.397379912665,LacZ_2,LacZ OE,0.6910483430038725,0.1684846918834879,29.422893568370114,70,2500
4539,86.07120743034056,545.1114551083591,204.78637770897834,1555.0,1.2860469621250272,42681.91563467492,LacZ_2,LacZ OE,0.5886024039385109,0.16315853297269167,29.333426503556325,70,2500
4540,85.56217277486911,563.8370418848167,311.4175392670157,1845.0,1.4488960214557516,27015.883507853403,LacZ_2,LacZ OE,0.35254317047445194,0.20615953800972897,26.15565479148397,70,2500
4541,86.32704858593183,587.2501812907905,192.14720812182742,1822.0,1.3630852559730458,38980.553299492385,LacZ_2,LacZ OE,0.6161436151018791,0.26269732269222046,29.47160712195469,70,2500
4542,86.76811594202898,591.4992753623188,177.47391304347826,1987.0,1.368868970685798,33438.2347826087,LacZ_2,LacZ OE,0.6485420230996748,0.2728892447757669,30.2130222177866,70,2500
4543,87.10293115201091,594.1404226312202,223.83571915473755,1837.0,1.266525658701594,38176.07430129516,LacZ_2,LacZ OE,0.545931093993222,0.27862378342570193,29.441136056849018,70,2500
4544,84.9908256880734,639.345871559633,161.46605504587157,1418.0,1.4861732076455096,28173.290825688073,LacZ_2,LacZ OE,0.6835857726312184,0.3858817558783465,28.34141369869728,70,2500
4545,83.75675675675676,643.5152027027027,138.8733108108108,761.0,1.5141020736754867,19266.39358108108,LacZ_2,LacZ OE,0.7335920427523417,0.3959332120841539,27.593621465953177,70,2500
4546,84.99613526570049,788.4009661835748,532.7613526570049,1275.0,1.4400491040616952,25001.6038647343,LacZ_2,LacZ OE,-0.1392880322197545,0.7334413038812311,18.233207755521946,70,2500
4547,87.47267355982275,791.1329394387002,643.8818316100443,1066.0,1.40143720230561,26063.980797636632,LacZ_2,LacZ OE,-0.3852787245083523,0.7387364053379555,18.09185752552193,70,2500
4548,84.25,83.42910447761194,538.776119402985,512.0,1.5538874219962615,11238.074626865671,LacZ_2,LacZ OE,-0.1457353699862809,-0.9295118688736975,24.2433717054044,70,2500
4549,85.92073170731707,100.26422764227642,512.0487804878048,700.0,1.2110789922907037,12988.412601626016,LacZ_2,LacZ OE,-0.08685464786612007,-0.8894734740083641,26.37193376506984,70,2500
4550,85.80583613916947,196.57351290684625,498.7497194163861,1170.0,1.4695346149879118,17003.991021324353,LacZ_2,LacZ OE,-0.058358487242332835,-0.6621597602910771,25.624964395858328,70,2500
4551,86.66978193146417,219.83613707165108,580.9052959501557,2195.0,1.2687919701409405,15140.153894080997,LacZ_2,LacZ OE,-0.24038426694655157,-0.6081600196630017,24.345911188901596,70,2500
4552,87.87437899219304,225.6181689141235,491.2931156848829,1850.0,1.285531910486949,14710.444996451384,LacZ_2,LacZ OE,-0.04224987149572712,-0.5935217964054278,27.582545210073263,70,2500
4553,87.71994715984148,259.9445178335535,292.1664464993395,947.0,1.3208864913806324,18419.98678996037,LacZ_2,LacZ OE,0.3979618561299727,-0.5103968158367318,31.734288596071295,70,2500
4554,85.86145510835914,333.3645510835913,253.1547987616099,1761.0,1.29098979080259,40453.22755417957,LacZ_2,LacZ OE,0.48365457256979383,-0.33683457388925653,30.067586344926198,70,2500
4555,86.22333333333333,334.13666666666666,275.91583333333335,1466.0,1.377788658717401,26582.998333333333,LacZ_2,LacZ OE,0.43327325528845906,-0.3352519997097504,29.89120464676749,70,2500
4556,86.6978417266187,338.1870503597122,291.60791366906477,1489.0,1.4036995335640872,23931.380395683453,LacZ_2,LacZ OE,0.39849332773101787,-0.3258574621294593,29.960135082956626,70,2500
4557,88.63373083475298,392.03066439522996,252.26746166950596,917.0,1.2939067138456448,30625.819420783646,LacZ_2,LacZ OE,0.48490677019004647,-0.19838142476961274,32.285769313173134,70,2500
4558,86.54496402877697,396.84712230215825,221.32643884892087,1398.0,1.550130430343816,53334.63758992806,LacZ_2,LacZ OE,0.5534201825681149,-0.186732482345094,30.871831871247693,70,2500
4559,87.29978118161925,411.9518599562363,166.13129102844638,1290.0,1.650273424195033,29191.368708971553,LacZ_2,LacZ OE,0.6753454524614098,-0.1504877410415011,32.76532329044501,70,2500
4560,86.94053708439898,424.9002557544757,263.73657289002557,2014.0,1.3529692308883312,46510.565856777495,LacZ_2,LacZ OE,0.45930268648048567,-0.12101249539345393,30.004214427116864,70,2500
4561,86.28382838283828,436.0792079207921,226.27970297029702,1542.0,1.3431682634804407,52688.48102310231,LacZ_2,LacZ OE,0.5420957937112851,-0.0942524699702526,30.111530720017342,70,2500
4562,86.48902104300092,432.2392497712717,372.4098810612992,2670.0,1.454279012326109,28204.546203110705,LacZ_2,LacZ OE,0.21883272650800478,-0.10489075715334983,26.947725189086242,70,2500
4563,86.71278458844134,438.7679509632224,168.7600700525394,1398.0,1.3995837222586807,35053.13747810858,LacZ_2,LacZ OE,0.6693005846929447,-0.08727650249692076,31.854909759627276,70,2500
4564,87.38319198149576,440.2652274479568,198.3562066306862,1607.0,1.3496366267533824,55633.043176561296,LacZ_2,LacZ OE,0.6037747368132451,-0.08405054683864999,31.820529178967334,70,2500
4565,87.18852459016394,454.45081967213116,176.82704918032786,1508.0,1.5869278828760984,44234.38032786885,LacZ_2,LacZ OE,0.6512773609992049,-0.05036078251985143,31.989030152320083,70,2500
4566,88.19662509170946,453.9501100513573,228.94277329420396,1664.0,1.1797892125968161,47917.6889214967,LacZ_2,LacZ OE,0.5359324102524028,-0.05208423540998275,31.78681702277838,70,2500
4567,86.6912335143522,466.04266873545384,234.67106283941038,1632.0,1.3148105255757307,52502.170674941815,LacZ_2,LacZ OE,0.5232202925209972,-0.023657107694603607,30.030078735957602,70,2500
4568,87.4934086629002,484.86001255492783,340.7394852479598,2217.0,1.4957348696488155,38726.186440677964,LacZ_2,LacZ OE,0.28833737313106966,0.01959637011026394,28.175318382976272,70,2500
4569,87.28219852337982,491.62346185397865,247.0073831009024,1536.0,1.3712106107744202,48966.557834290405,LacZ_2,LacZ OE,0.4956501147858763,0.0365619135847004,30.083038222305817,70,2500
4570,86.95045045045045,496.48198198198196,294.6207207207207,1478.0,1.5335225940827746,38304.444144144145,LacZ_2,LacZ OE,0.3902833695033958,0.0474979439843215,28.5939357972823,70,2500
4571,86.1259842519685,502.24330708661415,238.6543307086614,1532.0,1.4161458974631058,50044.996062992126,LacZ_2,LacZ OE,0.5140869129152403,0.061675979838956785,29.01802776138527,70,2500
4572,85.64526233359436,515.0015661707126,265.29522317932657,1654.0,1.5678313941831472,38606.98277212216,LacZ_2,LacZ OE,0.45504961084956275,0.09146985649311667,27.791617861933048,70,2500
4573,86.93272023233301,520.6616650532429,338.8707647628267,2746.0,1.3038626949757903,28682.69796708616,LacZ_2,LacZ OE,0.29215420508514267,0.1040519317527191,27.308147732187805,70,2500
4574,87.22321428571429,521.124474789916,364.90388655462186,2627.0,1.6131900072524759,18956.11974789916,LacZ_2,LacZ OE,0.23454060092170592,0.10486779409359137,26.987153537260482,70,2500
4575,87.08028169014085,571.6,250.04929577464787,1834.0,1.3841365604494018,41339.394366197186,LacZ_2,LacZ OE,0.4881570098344945,0.22517106112879914,29.027917180418726,70,2500
4576,86.94744976816074,591.2202472952087,208.58500772797527,1662.0,1.6262988893218593,38775.1599690881,LacZ_2,LacZ OE,0.5797071398871374,0.27189764904018476,29.669785666672837,70,2500
4577,86.11305241521069,611.2867420349435,165.5436793422405,1277.0,1.4093114704899496,29207.56834532374,LacZ_2,LacZ OE,0.6747781611497052,0.31967792831637465,29.642710594202143,70,2500
4578,85.10120068610635,638.1286449399657,148.73756432246998,804.0,1.3119407680317203,23858.293310463123,LacZ_2,LacZ OE,0.7117515921709705,0.38315120202187236,28.760379450059588,70,2500
4579,86.54166666666667,676.776268115942,274.78170289855075,1329.0,1.3465590953753297,19429.259963768116,LacZ_2,LacZ OE,0.432450747038994,0.47297772623396916,26.884057876926505,70,2500
4580,86.64464692482916,752.1355353075171,445.8519362186788,1065.0,1.354524919134931,22196.216400911162,LacZ_2,LacZ OE,0.05325080931176074,0.6488797823269092,22.261931843160724,70,2500
4581,87.26526526526527,96.66366366366367,546.3213213213213,1350.0,1.4531743043497363,11977.68868868869,LacZ_2,LacZ OE,-0.16271180954673525,-0.8983075283258632,26.952319247881917,70,2500
4582,86.94486215538848,105.29573934837093,427.6666666666667,717.0,1.4651496650287381,13538.010025062656,LacZ_2,LacZ OE,0.09972565193832428,-0.8766664207506301,29.31358061821301,70,2500
4583,89.28495034377387,149.59587471352177,513.5355233002292,1643.0,1.1768193260625894,19306.07715813598,LacZ_2,LacZ OE,-0.09079500203062818,-0.7730504853067987,29.217840277231062,70,2500
4584,87.50132275132275,154.77513227513228,533.6150793650794,1006.0,1.265284879418102,16244.596560846561,LacZ_2,LacZ OE,-0.1351757299271038,-0.7610923370661855,26.91603529878124,70,2500
4585,88.2535804549284,176.95956192080877,521.7994945240101,1472.0,1.259281554366465,16801.725358045493,LacZ_2,LacZ OE,-0.10928916122930854,-0.7086188706502856,27.726474587783997,70,2500
4586,88.11498257839722,193.2177700348432,641.9137630662021,1516.0,1.3755648440758912,21321.201219512193,LacZ_2,LacZ OE,-0.375172882436551,-0.6715756817125846,24.62884813754502,70,2500
4587,87.5631067961165,222.7388349514563,359.70485436893205,1269.0,1.3450953230613418,22768.506796116504,LacZ_2,LacZ OE,0.24891202758146935,-0.5988930031045976,30.367043323216564,70,2500
4588,88.18155339805826,218.32038834951456,295.15436893203884,1311.0,1.5330472757273474,20390.71650485437,LacZ_2,LacZ OE,0.39173042422243864,-0.6086007020827205,32.533276017886536,70,2500
4589,87.90131004366812,237.1764192139738,321.0637554585153,1330.0,1.203799026193018,20511.234061135372,LacZ_2,LacZ OE,0.33424210268300936,-0.564411033372304,31.464682555512866,70,2500
4590,88.30114135206321,238.6918349429324,367.8902546093064,1320.0,1.3533829537533313,22425.276558384547,LacZ_2,LacZ OE,0.23061064614786475,-0.5613354007730338,30.757971363214054,70,2500
4591,87.1386046511628,333.4018604651163,317.0241860465116,1354.0,1.3552964677789567,19956.870697674418,LacZ_2,LacZ OE,0.34228741354420356,-0.33741033402370557,29.85507905221391,70,2500
4592,87.34326923076924,334.4048076923077,369.1625,1262.0,1.5309521733701474,13298.26826923077,LacZ_2,LacZ OE,0.22691946275242314,-0.33560558335678103,28.834450905203752,70,2500
4593,88.33660665575559,345.3366066557556,277.2373158756138,2503.0,1.5859795877994012,34484.13038734315,LacZ_2,LacZ OE,0.43013210201418195,-0.308799940678679,31.863435362812098,70,2500
4594,87.84624413145539,345.59154929577466,324.06220657277,1219.0,1.470304188108624,23910.017605633802,LacZ_2,LacZ OE,0.3265624080249838,-0.3087177866183375,30.279182720748352,70,2500
4595,86.85825892857143,365.42410714285717,277.3236607142857,1143.0,1.3278911791691719,25554.112723214286,LacZ_2,LacZ OE,0.42982313221913837,-0.2614527071552297,30.18704458439251,70,2500
4596,86.29004329004329,360.6017316017316,321.3766233766234,664.0,1.4748560840632747,19307.554112554113,LacZ_2,LacZ OE,0.3324390333293725,-0.27331851522256123,28.639249227748167,70,2500
4597,86.60414610069101,373.2339585389931,331.8065153010859,1209.0,1.550644045592541,16863.393879565647,LacZ_2,LacZ OE,0.3092261133963572,-0.24362790187095973,28.586543737470052,70,2500
4598,87.1407867494824,372.4865424430642,316.31262939958594,1261.0,1.2982694820715135,20639.93685300207,LacZ_2,LacZ OE,0.343483350251822,-0.2452105448840719,29.49150823893865,70,2500
4599,87.41331142152835,394.9926047658176,283.5809367296631,1731.0,1.6106810415379522,26460.17666392769,LacZ_2,LacZ OE,0.41566514015678013,-0.1917624513525703,30.30680487959907,70,2500
4600,87.92307692307692,399.0248138957816,235.03556658395368,1579.0,1.5348531802186534,43054.84532671629,LacZ_2,LacZ OE,0.522998637115935,-0.1817130651696376,31.908622681814123,70,2500
4601,87.57686676427525,407.2459736456808,249.79941434846268,951.0,1.5497785595064393,34502.70863836018,LacZ_2,LacZ OE,0.49027433989481284,-0.16248926563171406,31.137935315855827,70,2500
4602,86.40657084188912,415.3336755646817,191.4229979466119,1189.0,1.2863713530446643,44031.14168377823,LacZ_2,LacZ OE,0.6194050461496243,-0.1428055758252007,31.24973172645963,70,2500
4603,88.7228763666947,428.00084104289317,337.0609756097561,3111.0,1.464181978051747,32464.85281749369,LacZ_2,LacZ OE,0.2969620718835688,-0.1144537178858116,30.046359934579257,70,2500
4604,88.42138364779875,419.55974842767296,238.96406109613656,1397.0,1.234510987538285,48001.09344115004,LacZ_2,LacZ OE,0.5140830363337674,-0.1333069938837782,32.11431183058865,70,2500
4605,88.41932907348243,450.0199680511182,243.56869009584665,1665.0,1.4315128166550797,48514.37699680511,LacZ_2,LacZ OE,0.5036014268821605,-0.061508153852686154,31.706945473940706,70,2500
4606,88.65011286681715,447.6762979683973,351.3097065462754,2643.0,1.3318561341520798,32410.89841986456,LacZ_2,LacZ OE,0.26525243171655455,-0.06819996324139765,29.448990106386418,70,2500
4607,89.66763678696158,455.4359720605355,286.9598370197904,2417.0,1.8487098653495553,32453.34691501746,LacZ_2,LacZ OE,0.4074885450795791,-0.049175266397829875,31.890365439772737,70,2500
4608,87.00539083557952,471.14375561545376,186.66127583108715,1381.0,1.5302733117546488,43172.67205750225,LacZ_2,LacZ OE,0.6293686656523652,-0.011096754100179185,31.413409569057634,70,2500
4609,89.78073654390934,479.4487252124646,207.87365439093483,2244.0,1.5343608460017335,50285.18413597734,LacZ_2,LacZ OE,0.5822158818912038,0.008326035048942693,33.612136374781585,70,2500
4610,87.39260969976905,516.6420323325635,186.54657428791378,1861.0,1.4480110226688265,46125.67590454195,LacZ_2,LacZ OE,0.629162202458698,0.09623358460428633,31.358098989748427,70,2500
4611,89.44844632768361,514.055790960452,207.6581920903955,1790.0,1.299367161782918,54624.65042372881,LacZ_2,LacZ OE,0.5823748983691894,0.08995111164489189,32.94643705928992,70,2500
4612,86.97936210131333,520.9512195121952,150.0,755.0,1.5568765082357068,26265.806754221387,LacZ_2,LacZ OE,0.7099953103550023,0.1067850536193562,31.754780689869605,70,2500
4613,86.93942505133471,532.9404517453798,162.82032854209444,1181.0,1.2832559021028092,35202.818275154,LacZ_2,LacZ OE,0.6815184515670272,0.13492497015291005,31.298714104070697,70,2500
4614,88.79542645241038,528.336217552534,240.07107540173052,1904.0,1.1887061729863484,43367.8152039555,LacZ_2,LacZ OE,0.5105621686249615,0.12326888707183037,31.39834083079144,70,2500
4615,87.2442748091603,530.5839694656488,200.6135496183206,1309.0,1.3908332942571549,50084.89312977099,LacZ_2,LacZ OE,0.597914046748167,0.12896349559796794,30.74550612887883,70,2500
4616,88.02584269662921,542.5623595505618,243.95337078651684,2342.0,1.5479646904848985,40984.03258426966,LacZ_2,LacZ OE,0.501875344889533,0.156765485231396,30.39933643607999,70,2500
4617,87.19508448540707,549.1382488479263,345.83870967741933,1610.0,1.3895867257005812,22388.704301075268,LacZ_2,LacZ OE,0.2764496637464484,0.17115221538397307,27.12942812956581,70,2500
4618,87.80388841927304,552.4708368554523,251.55790363482672,1627.0,1.3301980590194422,37419.79712595097,LacZ_2,LacZ OE,0.4849671379712177,0.18004979750960337,29.90325285085278,70,2500
4619,88.52128712871287,580.7569306930693,271.2188118811881,3192.0,1.547719530126377,43396.54702970297,LacZ_2,LacZ OE,0.44115977327722034,0.24657343958950917,29.885395194078868,70,2500
4620,89.32192648922687,597.9816223067173,264.5564005069709,1899.0,1.4213870023333466,34319.15272496831,LacZ_2,LacZ OE,0.4556912573664105,0.2872931913282395,30.67259091792836,70,2500
4621,89.26737588652482,605.3851063829787,225.8836879432624,1806.0,1.5485616087395773,38121.870921985814,LacZ_2,LacZ OE,0.5411796286082413,0.30517466949569205,31.44714873326022,70,2500
4622,88.11022997620935,610.5099127676448,208.96827914353688,1883.0,1.5563996354704166,35006.44409199048,LacZ_2,LacZ OE,0.5786124831838628,0.31742004053351325,30.63456162002933,70,2500
4623,88.61806981519507,633.228952772074,241.8911704312115,1247.0,1.309497108712598,20236.939425051336,LacZ_2,LacZ OE,0.5055297987274403,0.37066358474474637,30.1525157230988,70,2500
4624,86.94290375203916,657.1141924959217,197.23164763458402,1732.0,1.6724951396752719,21414.695758564438,LacZ_2,LacZ OE,0.604187322664407,0.42744979113527926,29.285306749517943,70,2500
4625,86.1417697431018,669.7706945765938,241.77735490009513,1350.0,1.441992105729472,16802.790675547098,LacZ_2,LacZ OE,0.5055560301705126,0.4568020814693803,27.322196612905685,70,2500
4626,86.77446102819238,678.6757877280265,302.5771144278607,1397.0,1.4638693458552001,18867.635157545606,LacZ_2,LacZ OE,0.3709274406386982,0.47716202937902996,26.45024664037662,70,2500
4627,86.64030858244938,719.7627772420443,332.74927675988425,1249.0,1.3380943201371325,15959.587270973963,LacZ_2,LacZ OE,0.3037857688434753,0.5737466435180172,25.210855441222435,70,2500
4628,85.87238723872387,739.940594059406,309.0561056105611,1102.0,1.476697437305719,16310.058305830584,LacZ_2,LacZ OE,0.3560475782181802,0.6215811156645952,24.798113860247454,70,2500
4629,88.19642857142857,788.3791208791209,391.1751373626374,1826.0,1.2869963720172088,30609.495879120877,LacZ_2,LacZ OE,0.17378360045236496,0.7349989061890403,24.733262246558212,70,2500
4630,91.15952143569292,798.7886340977069,392.01794616151545,1637.0,1.4153130940865533,24443.66999002991,LacZ_2,LacZ OE,0.1716651618211047,0.7596111187747501,27.57393166348166,70,2500
4631,86.93720930232558,798.4023255813953,400.09767441860464,541.0,1.208560098622294,19854.527906976746,LacZ_2,LacZ OE,0.15401202015891213,0.7585158562214402,23.168398386629775,70,2500
4632,88.7481662591687,196.7881010594947,377.3960880195599,1482.0,1.3313693318299973,21843.885085574573,LacZ_2,LacZ OE,0.2099628389867363,-0.6602698570630856,31.393175787482022,70,2500
4633,90.3409090909091,210.90980113636363,362.96946022727275,1978.0,1.3400961550354846,24898.515625,LacZ_2,LacZ OE,0.24166049175563353,-0.6267670511984877,33.18357094629435,70,2500
4634,87.75080906148867,221.59708737864077,372.0339805825243,796.0,1.4219443554775961,17405.582524271846,LacZ_2,LacZ OE,0.2216371560317909,-0.6017156041086283,30.2784455895181,70,2500
4635,88.16771159874608,258.7437304075235,337.4208463949843,1513.0,1.3181723479243883,21510.757053291534,LacZ_2,LacZ OE,0.2978322200925425,-0.513709948741804,31.138713838727412,70,2500
4636,88.60269058295964,305.3372197309417,319.6170403587444,1380.0,1.3696617741865391,17954.730941704034,LacZ_2,LacZ OE,0.3367470025690753,-0.40360324878065923,31.53279184386055,70,2500
4637,87.828125,306.928125,228.125,806.0,1.3583609547367106,19628.1875,LacZ_2,LacZ OE,0.5391831285360125,-0.39887574249338975,32.875716932958724,70,2500
4638,89.45172124265324,343.2292191435768,306.3089840470193,1486.0,1.2497462658420957,21785.41141897565,LacZ_2,LacZ OE,0.3657784484684634,-0.31406073877678986,32.3211079699353,70,2500
4639,91.67724510465901,355.6522619851452,317.4713031735314,2031.0,1.2685620254914638,21669.7069547603,LacZ_2,LacZ OE,0.3408483849472421,-0.2848278546901255,34.16418504419866,70,2500
4640,87.640522875817,375.3071895424837,269.3235294117647,764.0,1.4230617515502084,22000.736928104576,LacZ_2,LacZ OE,0.4473860893102828,-0.2380360754112868,31.05887297321611,70,2500
4641,91.62853107344633,400.0656779661017,338.42302259887003,1819.0,1.4441903721393177,22049.19209039548,LacZ_2,LacZ OE,0.2940688664054334,-0.1802949615690983,33.19260598890679,70,2500
4642,88.16605839416059,401.21715328467155,194.867700729927,1339.0,1.4813074215162867,50430.66788321168,LacZ_2,LacZ OE,0.611829837276842,-0.17610049810056672,33.066448746888156,70,2500
4643,89.03878787878787,417.54545454545456,179.16,1172.0,1.508262389574215,33198.94909090909,LacZ_2,LacZ OE,0.6463775223089956,-0.1373953523763558,34.14533854196506,70,2500
4644,87.9534706331045,423.65827612509537,225.0045766590389,1692.0,1.4257414817029457,53665.74599542334,LacZ_2,LacZ OE,0.5449506890034523,-0.12349871920906075,31.93187005219336,70,2500
4645,88.73034657650042,427.905325443787,251.31699070160607,1603.0,1.4288782754458957,51985.80557903635,LacZ_2,LacZ OE,0.4866574437558788,-0.11374860897640715,32.05357289530001,70,2500
4646,87.23870967741935,443.97849462365593,185.68817204301075,1203.0,1.417834754676217,45667.39032258064,LacZ_2,LacZ OE,0.6317722748884713,-0.07515764298478944,31.935078008221282,70,2500
4647,87.70826306913996,452.2310286677909,213.98903878583474,1543.0,1.4081501026989325,49912.99915682968,LacZ_2,LacZ OE,0.5690570259038104,-0.05598807905882808,31.66401993557551,70,2500
4648,88.45524100994645,464.91048201989287,247.46748278500382,1683.0,1.3258406762166663,40574.54705432288,LacZ_2,LacZ OE,0.49483004638150074,-0.026426241396155792,31.506295641918086,70,2500
4649,88.99098591549296,465.71042253521125,271.5425352112676,2128.0,1.4057202720790039,35210.26366197183,LacZ_2,LacZ OE,0.4415324197343724,-0.024788321077818476,31.4728212902275,70,2500
4650,88.62415130940835,468.6047526673133,355.78612997090204,3077.0,1.5055510286822218,37250.277885548014,LacZ_2,LacZ OE,0.25514791476114196,-0.018883578806771384,29.113956006067028,70,2500
4651,89.30983606557378,480.6196721311475,223.6811475409836,1421.0,1.342674616241522,46740.80655737705,LacZ_2,LacZ OE,0.5472573437362105,0.010905790941851956,32.76143729253532,70,2500
4652,88.89853747714808,484.99360146252286,193.3162705667276,1293.0,1.2533112415260095,52038.97714808044,LacZ_2,LacZ OE,0.6144137092575466,0.02154295133580386,33.01533014364472,70,2500
4653,88.53066037735849,492.5432389937107,216.33883647798743,1476.0,1.2271993123032576,42866.44261006289,LacZ_2,LacZ OE,0.5634259378595545,0.03909268657585496,32.037029686963194,70,2500
4654,90.85502121640735,493.73620933521926,306.50919377652053,1791.0,1.484568063840299,32505.586987270155,LacZ_2,LacZ OE,0.3638067897705939,0.040981438801997117,32.24698197173706,70,2500
4655,89.15671641791045,502.16567164179105,178.04776119402985,829.0,1.2828347582885617,31147.385074626865,LacZ_2,LacZ OE,0.6480133523908587,0.06221956493675829,33.46137361991089,70,2500
4656,89.12166405023548,531.4003139717425,187.95290423861852,1527.0,1.4361436970027992,48072.41051805337,LacZ_2,LacZ OE,0.6258187678164362,0.13106928366740522,32.90944672117813,70,2500
4657,89.32558139534883,554.6118684843625,194.94386527666398,1591.0,1.197927255620396,37196.85966319166,LacZ_2,LacZ OE,0.6101172684379024,0.18574895729514296,32.72326665086395,70,2500
4658,88.9598185353208,558.3208036292936,329.88723266364224,1954.0,1.5290083574116908,27441.91704471808,LacZ_2,LacZ OE,0.3115596996895891,0.19302515208854043,29.175622269533008,70,2500
4659,88.11281070745697,566.5780752071383,263.125557680051,1887.0,1.4199766827855236,42701.87571701721,LacZ_2,LacZ OE,0.4592230981567118,0.21320717088564023,29.804416625905162,70,2500
4660,89.28468468468469,619.0423423423423,269.5936936936937,1411.0,1.371280039156282,23433.13963963964,LacZ_2,LacZ OE,0.4443452091927489,0.33691521769625643,30.311911662277666,70,2500
4661,87.85814771395076,627.2895662368113,172.54044548651817,1198.0,1.4827201580932645,29391.83587338804,LacZ_2,LacZ OE,0.6590539114271614,0.357388940254298,31.06759881790917,70,2500
4662,87.9304435483871,682.2802419354839,263.6844758064516,1191.0,1.5166629503873283,16380.521169354839,LacZ_2,LacZ OE,0.4568765547456377,0.48611246704052524,28.47724085787455,70,2500
4663,88.91096532333646,686.6054358013121,212.60356138706655,1291.0,1.2294176922495963,17650.899718837863,LacZ_2,LacZ OE,0.5697923721009437,0.496891193605252,30.6059054407458,70,2500
4664,87.49911347517731,694.7083333333334,234.1409574468085,1323.0,1.3961796028739197,15847.096631205673,LacZ_2,LacZ OE,0.522138904832385,0.5157382254090677,28.613173083789746,70,2500
4665,86.65771812080537,714.7539149888144,168.8724832214765,616.0,1.4664640474757684,16568.456375838927,LacZ_2,LacZ OE,0.6663844903809584,0.5637101584172566,29.09745230923035,70,2500
4666,88.32651072124756,732.8294346978557,335.9766081871345,1209.0,1.4756008912254703,16379.353801169591,LacZ_2,LacZ OE,0.2964322418090124,0.6045714452862583,26.69346263626231,70,2500
4667,88.71973466003317,727.905472636816,366.3714759535655,1441.0,1.5129315906942777,16881.62520729685,LacZ_2,LacZ OE,0.2292157823572143,0.5926361427600608,26.4261823917724,70,2500
4668,88.98713550600343,763.3241852487135,303.06346483704976,1469.0,1.355020845446701,17622.885934819897,LacZ_2,LacZ OE,0.36891811089402227,0.6768738952858047,27.82281716455323,70,2500
4669,88.07485029940119,770.754491017964,326.67864271457086,1173.0,1.432127385787437,16786.952095808385,LacZ_2,LacZ OE,0.3166485721177552,0.6941232961900752,26.28763533830933,70,2500
4670,88.91254752851711,774.119391634981,476.02205323193914,1701.0,1.5590868693525635,24627.026615969582,LacZ_2,LacZ OE,-0.013825656574379619,0.700459237612812,23.610746968406858,70,2500
4671,88.2483870967742,126.95161290322581,500.11290322580646,552.0,1.7330217866842599,12301.496774193549,LacZ_2,LacZ OE,-0.06082694149460566,-0.8263412734314086,28.71602197679239,70,2500
4672,89.3195615514334,171.070826306914,506.29089376053963,1463.0,1.312025452265478,24524.01939291737,LacZ_2,LacZ OE,-0.07497698470121883,-0.7223164922255706,29.211247506094153,70,2500
4673,90.03886010362694,188.99222797927462,458.8929188255613,1501.0,1.3896324467003285,20018.360103626943,LacZ_2,LacZ OE,0.02967287267848051,-0.6795132732661928,30.859915241884934,70,2500
4674,90.34923664122137,192.64503816793894,687.7156488549618,1351.0,1.2893995605180988,22662.483778625956,LacZ_2,LacZ OE,-0.4766121526339231,-0.6733725284629697,25.80028552233705,70,2500
4675,90.32843137254902,191.16470588235293,676.7892156862745,1253.0,1.3039939372978795,17558.814705882352,LacZ_2,LacZ OE,-0.4524237712890484,-0.6767462349560961,26.04867827019953,70,2500
4676,89.71406127258444,196.45483110761978,764.6174391201886,1513.0,1.345594482947018,20972.483896307935,LacZ_2,LacZ OE,-0.6467490795099895,-0.6652348887517616,23.33535748062303,70,2500
4677,90.35261401557285,202.31256952169076,505.20022246941045,1137.0,1.3477738602162626,16060.76084538376,LacZ_2,LacZ OE,-0.07291971421986121,-0.6485887942872702,29.96377755056588,70,2500
4678,91.4197437829691,250.31047475508666,350.5244913338357,1554.0,1.1766066529040469,24311.486812358704,LacZ_2,LacZ OE,0.26875602095363216,-0.5336700338242009,34.166739535543684,70,2500
4679,89.67284991568297,263.58094435075884,797.9654300168634,1378.0,1.254013467465603,24834.098650927488,LacZ_2,LacZ OE,-0.7211735029896982,-0.5072621408639674,21.86012119493421,70,2500
4680,88.31354359925788,341.3821892393321,203.74582560296847,710.0,1.51587655225361,24560.909090909092,LacZ_2,LacZ OE,0.5927597059407876,-0.31733074234000846,33.59225131817888,70,2500
4681,89.86993603411514,338.64285714285717,263.2356076759062,1231.0,1.3905200476686377,32270.70682302772,LacZ_2,LacZ OE,0.4610941544671341,-0.3244020892585098,33.7881543649184,70,2500
4682,88.66842105263157,347.9087719298246,248.25087719298244,978.0,1.6156576798717988,25521.42456140351,LacZ_2,LacZ OE,0.49421791922548786,-0.3024107289277199,32.84569585831878,70,2500
4683,92.0277520814061,357.25346901017576,251.47733580018502,1557.0,1.4765876829993465,25323.45698427382,LacZ_2,LacZ OE,0.48681586044492065,-0.280326994010512,36.03732701958242,70,2500
4684,89.34794040315512,356.0210341805434,236.73181419807187,1597.0,1.262259860832273,26311.766871165644,LacZ_2,LacZ OE,0.5195883925288336,-0.28313523426134113,33.714166410631634,70,2500
4685,89.04504504504504,356.72586872586874,215.2767052767053,1091.0,1.3251176628472865,25465.96653796654,LacZ_2,LacZ OE,0.5670632200830545,-0.2812468350644072,33.90462116688427,70,2500
4686,90.52595155709342,362.2984429065744,299.4152249134948,1467.0,1.4155178962079091,25272.134083044984,LacZ_2,LacZ OE,0.38078976580124513,-0.26898139277684585,33.36915640413933,70,2500
4687,89.02373417721519,368.25,216.0506329113924,882.0,1.42175295194275,25439.528481012658,LacZ_2,LacZ OE,0.565240631260201,-0.2540728707576896,33.75254283642414,70,2500
4688,90.75801749271137,374.2351797862002,231.87463556851313,1456.0,1.3785155860531961,27327.92517006803,LacZ_2,LacZ OE,0.5300850169460456,-0.24008725425860833,35.05884343856485,70,2500
4689,90.14916666666667,387.1091666666667,224.46833333333333,1571.0,1.2814527698665221,50133.22416666667,LacZ_2,LacZ OE,0.5463771826526695,-0.20965394791457126,34.4969006503776,70,2500
4690,91.19349722442506,418.04916732751786,200.1776367961935,1707.0,1.4365737742471458,47198.58842188739,LacZ_2,LacZ OE,0.5997631298173249,-0.13638603811856376,35.804481578820685,70,2500
4691,90.17780580075662,428.7843631778058,171.8953341740227,1114.0,1.4766867507588994,31256.566204287516,LacZ_2,LacZ OE,0.6622818233897483,-0.1107804647514935,35.34339901645545,70,2500
4692,90.55287260616153,426.9758534554538,191.9159034138218,1527.0,1.2931668166362569,43198.74771024146,LacZ_2,LacZ OE,0.6179876334026555,-0.11525497581062638,35.2693302671708,70,2500
4693,90.38496583143508,425.92103264996206,211.2399392558846,1675.0,1.4155266649107594,53388.03416856492,LacZ_2,LacZ OE,0.5752551828150338,-0.11795654204798134,34.66132579268927,70,2500
4694,90.79733069698467,439.5121107266436,327.8161146811666,2827.0,1.4091566063748797,40236.42708848245,LacZ_2,LacZ OE,0.31719625533951046,-0.08715355347012965,32.223054600246925,70,2500
4695,89.7275,456.84,198.28916666666666,1424.0,1.1935928299273162,50684.9475,LacZ_2,LacZ OE,0.6036415233684371,-0.04490012206386973,34.00351069816658,70,2500
4696,90.30230326295586,469.56238003838774,172.49808061420345,1291.0,1.3427290672996628,37750.07485604606,LacZ_2,LacZ OE,0.6605473697797548,-0.014597944102041405,35.05490147818746,70,2500
4697,90.42621664050236,480.63893249607537,239.1302982731554,1536.0,1.262082359548047,49269.86734693877,LacZ_2,LacZ OE,0.5130206868712812,0.010809099230671526,33.517131599640905,70,2500
4698,89.9601549529607,490.338682899834,353.0586607636967,2196.0,1.3580032081707396,36863.64582180409,LacZ_2,LacZ OE,0.2609026716415168,0.03244198931712394,30.30050506885209,70,2500
4699,91.27866473149491,506.6381228834059,319.69424286405416,3375.0,1.8307857304287714,35769.16497339139,LacZ_2,LacZ OE,0.33449025509822294,0.0712807924445551,32.23691748944229,70,2500
4700,88.818779342723,519.1793427230047,173.28544600938966,1293.0,1.2898830038354416,36275.09953051643,LacZ_2,LacZ OE,0.6584020656955827,0.10239496000838266,33.06812721310001,70,2500
4701,89.63988312636961,526.4317019722425,254.91307523739957,1731.0,1.3391191019746909,46514.0796201607,LacZ_2,LacZ OE,0.477701403045125,0.11863481766200712,31.915170699654055,70,2500
4702,89.6995951417004,524.8663967611336,216.2251012145749,1536.0,1.4729114877534362,51476.191093117406,LacZ_2,LacZ OE,0.5633044079242957,0.11536370270039975,32.89204611070204,70,2500
4703,89.72507552870091,538.9161631419939,219.2892749244713,1596.0,1.3739370527739025,50183.55589123867,LacZ_2,LacZ OE,0.5563881618618476,0.1484712963731749,32.70864866230244,70,2500
4704,89.69947159841479,558.2153236459709,213.11558784676353,2233.0,1.4202015414431317,40776.1856010568,LacZ_2,LacZ OE,0.5698610540773772,0.19406009179233852,32.63817917441165,70,2500
4705,90.70776255707763,573.0802348336595,217.0502283105023,2018.0,1.3493647619782696,37070.03000652316,LacZ_2,LacZ OE,0.5609603575257329,0.22910342228948588,33.40901237798215,70,2500
4706,88.68409586056644,617.6263616557734,196.07625272331154,1236.0,1.6013334785766205,25894.296296296296,LacZ_2,LacZ OE,0.6070355135338223,0.3343591176635383,31.439159531802332,70,2500
4707,88.10121457489879,634.9257759784075,225.35762483130904,901.0,1.4675135839000442,19661.955465587045,LacZ_2,LacZ OE,0.5421179161679335,0.374833584658288,30.004646570005733,70,2500
4708,89.32239540607056,657.5315832649712,268.9015586546349,1383.0,1.2957962946465762,18791.79983593109,LacZ_2,LacZ OE,0.44550210351186603,0.42771109498385584,29.98923017816753,70,2500
4709,88.17689530685921,658.2527075812275,176.3375451263538,705.0,1.4166916211615868,18152.90974729242,LacZ_2,LacZ OE,0.6503373851409091,0.4303901445086471,30.994836972238687,70,2500
4710,88.74786324786325,751.596866096866,607.465811965812,880.0,1.4182774093604078,26634.219373219374,LacZ_2,LacZ OE,-0.3043974972060809,0.6459038436132334,20.602302637099697,70,2500
4711,89.50106382978723,762.0510638297873,277.45,1203.0,1.3737786127316254,14990.997872340426,LacZ_2,LacZ OE,0.42556955560099285,0.6741605000733126,28.946120596010672,70,2500
4712,89.78137651821862,141.8502024291498,363.0607287449393,1230.0,1.3894892614146466,14246.237516869096,LacZ_2,LacZ OE,0.2421556652256902,-0.7896769561372179,33.297653969575094,70,2500
4713,90.7167325428195,182.46113306982872,389.1159420289855,1024.0,1.565886815056739,24661.82740447958,LacZ_2,LacZ OE,0.18407141350398737,-0.6941461779671574,33.22805815709931,70,2500
4714,91.1582682753726,223.4400283889283,548.8246983676366,1686.0,1.2842539189836066,14905.57416607523,LacZ_2,LacZ OE,-0.169677933848439,-0.5992087368539549,29.5455515504963,70,2500
4715,90.92354474370113,252.95047784535186,778.1033883579496,1444.0,1.2690900387645019,19604.357949609035,LacZ_2,LacZ OE,-0.6771937048273011,-0.532092997301872,23.677418747601294,70,2500
4716,90.1,277.89212598425195,768.8188976377953,1457.0,1.2635317838057687,20029.540157480315,LacZ_2,LacZ OE,-0.6568520098195856,-0.47317930285962095,22.82658388331923,70,2500
4717,91.26003086419753,285.87191358024694,362.9220679012346,1647.0,1.4266709808767364,19006.912808641977,LacZ_2,LacZ OE,0.24099255574745992,-0.4499267040819195,33.37019899481632,70,2500
4718,89.8273092369478,338.93172690763055,220.07630522088354,744.0,1.3963688051256047,23124.335341365462,LacZ_2,LacZ OE,0.5565766069576696,-0.3232534470510554,34.74881834927285,70,2500
4719,89.71360381861575,348.16467780429593,222.4128878281623,564.0,1.490568816186693,23906.133651551314,LacZ_2,LacZ OE,0.5513238374252849,-0.3015029271334636,34.49036045327959,70,2500
4720,90.56583629893238,360.56583629893237,265.1708185053381,1428.0,1.3004436353171913,28417.217081850533,LacZ_2,LacZ OE,0.4565647324560542,-0.27269579528977694,34.22426177613302,70,2500
4721,90.78955954323001,374.1517128874388,307.15823817292005,935.0,1.5071906398279715,24552.249592169657,LacZ_2,LacZ OE,0.3635312809852107,-0.24110016732444428,33.3362271029319,70,2500
4722,90.85748218527316,386.3266033254157,262.46793349168644,1125.0,1.483682888002614,24818.806413301663,LacZ_2,LacZ OE,0.4622801163766106,-0.21189592825314219,34.326821895760105,70,2500
4723,92.90821256038647,405.0338164251208,221.41908212560386,1174.0,1.468940350556602,51862.12077294686,LacZ_2,LacZ OE,0.5528071382430428,-0.16727764282844004,37.15080200056006,70,2500
4724,91.80591630591631,412.1161616161616,233.95382395382396,1844.0,1.4600995712282225,52236.94805194805,LacZ_2,LacZ OE,0.5250644767037675,-0.15073312890039092,35.68737399936303,70,2500
4725,90.73913043478261,412.4220572640509,215.4305408271474,1303.0,1.5650574036437308,45064.59915164369,LacZ_2,LacZ OE,0.5660964499126926,-0.1498349833965883,35.04974003310899,70,2500
4726,90.76003028009085,424.0098410295231,280.25283875851625,2077.0,1.4861273519810918,35081.30052990159,LacZ_2,LacZ OE,0.4225743023503563,-0.12320477560787901,33.44618023856114,70,2500
4727,92.69248937175249,427.70902220122815,317.13698630136986,2500.0,1.2234394862596103,34941.24940954181,LacZ_2,LacZ OE,0.34083836568674464,-0.11483527620394729,34.48201461110038,70,2500
4728,92.0395309882747,434.0830820770519,357.0753768844221,3751.0,1.5364921246835828,34396.27604690117,LacZ_2,LacZ OE,0.2524531496043101,-0.10024849380326817,32.83589263543364,70,2500
4729,91.01800450112528,451.165791447862,264.4696174043511,1810.0,1.592389096485579,37989.98199549888,LacZ_2,LacZ OE,0.45721607695063815,-0.05897284295736627,33.80635201365888,70,2500
4730,91.82495858641634,455.0358917725014,366.9911651021535,2172.0,1.3427978869339179,28022.024295969077,LacZ_2,LacZ OE,0.2303244217104976,-0.050937978912125814,32.185270613809095,70,2500
4731,90.63333333333334,466.9027210884354,222.2278911564626,1764.0,1.4555075229144188,49767.953741496596,LacZ_2,LacZ OE,0.5505367527584148,-0.021403447233975803,34.25257282997089,70,2500
4732,90.86797385620915,479.4627450980392,181.837908496732,1004.0,1.4825612130858816,40400.50196078431,LacZ_2,LacZ OE,0.6397594715151149,0.008666387434086653,35.30581826362112,70,2500
4733,92.06675811614083,477.10059442158206,330.28029263831735,2727.0,1.3192560365719366,42181.829903978054,LacZ_2,LacZ OE,0.3113153678794687,0.001511514692204674,33.06692964139778,70,2500
4734,90.75605434140579,498.7229769639693,334.2658003544005,2412.0,1.6951625521538862,49921.318960425284,LacZ_2,LacZ OE,0.3023566097933059,0.052440716555486766,31.452219624753525,70,2500
4735,91.29815498154981,502.69667896678965,250.04649446494466,1688.0,1.3908357900909178,43817.093726937266,LacZ_2,LacZ OE,0.48861187090307645,0.06273986296809242,33.91854330529992,70,2500
4736,90.59685598377283,541.8184584178499,335.933569979716,2284.0,1.3132215486935297,31183.515212981743,LacZ_2,LacZ OE,0.29825820331505426,0.15407158677389288,30.83261955335314,70,2500
4737,89.82058047493403,543.7031662269129,364.31002638522426,1066.0,1.553519348091427,15266.803430079155,LacZ_2,LacZ OE,0.23550172412528902,0.1581916126300087,29.37666088874778,70,2500
4738,91.04057524396508,561.9209039548023,346.9327170005136,2286.0,1.3018634347329385,26959.699537750384,LacZ_2,LacZ OE,0.273706922043476,0.20137955746850333,30.82314275741014,70,2500
4739,91.21952535059332,565.4126213592233,371.91801510248115,2150.0,1.2654702306521857,20022.628910463864,LacZ_2,LacZ OE,0.21838791943619973,0.20934875673666586,30.385436684650784,70,2500
4740,92.05035192203573,586.5029778018409,329.21494315105576,2174.0,1.459980566685659,24231.77747698971,LacZ_2,LacZ OE,0.3126146311469147,0.2595784418914202,32.00515233051836,70,2500
4741,90.08746736292429,596.5143603133159,166.7467362924282,1025.0,1.3145781647398094,29324.2362924282,LacZ_2,LacZ OE,0.672054104283178,0.28491086402602184,33.732318801575715,70,2500
4742,90.04282407407408,630.769675925926,158.42592592592592,1098.0,1.3040464349866867,26690.96064814815,LacZ_2,LacZ OE,0.6901334417813099,0.36580074246475847,33.546562281616886,70,2500
4743,92.44070512820512,626.6033653846154,219.57532051282053,1560.0,1.3378658606577423,30687.622596153848,LacZ_2,LacZ OE,0.5547665784712921,0.3553646776317183,34.558956325721326,70,2500
4744,90.51523545706371,736.1745152354571,671.2049861495844,592.0,1.3485338870459356,18443.074792243766,LacZ_2,LacZ OE,-0.445352340506595,0.608874807896886,21.034128405879315,70,2500
4745,91.29907264296754,753.7171561051005,290.47295208655333,1518.0,1.273445370778078,17579.190108191655,LacZ_2,LacZ OE,0.3967460648006069,0.6544024364434633,30.521496846728382,70,2500
4746,90.4281690140845,764.4549295774648,683.9633802816901,1010.0,1.2909495672666271,32189.65070422535,LacZ_2,LacZ OE,-0.4738473654134996,0.6754415739144997,20.373025411423853,70,2500
4747,90.72127417519908,837.5062571103526,586.7201365187714,1096.0,1.217269600763041,23305.622298065984,LacZ_2,LacZ OE,-0.2594342046858783,0.8488149956350715,22.21829847839703,70,2500
4748,91.83333333333333,194.7437379576108,547.6445086705203,1343.0,1.4535462384309619,14980.650289017341,LacZ_2,LacZ OE,-0.16682419820326555,-0.666868650432269,30.528629526655138,70,2500
4749,91.81389961389961,200.94980694980694,474.53513513513514,1621.0,1.253154283118984,14490.25637065637,LacZ_2,LacZ OE,-0.00514045958822118,-0.6514372007925151,32.15277267423984,70,2500
4750,90.50381679389314,212.75699745547072,309.89694656488547,956.0,1.2454520126070256,17970.239185750637,LacZ_2,LacZ OE,0.35904863626035044,-0.621830424592476,34.565550314353644,70,2500
4751,92.55199306759098,226.09012131715772,734.36568457539,1475.0,1.4216821489112956,16932.782495667245,LacZ_2,LacZ OE,-0.5802553230197234,-0.5949388816862449,26.587690014721886,70,2500
4752,91.49393203883496,261.6589805825243,303.44053398058253,987.0,1.3526998820680678,19152.453883495145,LacZ_2,LacZ OE,0.3728081011931592,-0.5063889393221466,35.22748126493414,70,2500
4753,90.89196675900277,278.5096952908587,477.1648199445983,1170.0,1.3831749338598307,12544.558171745153,LacZ_2,LacZ OE,-0.011660981414477134,-0.46854035420391404,30.4111158210506,70,2500
4754,90.9867374005305,281.26878868258177,282.8390804597701,1394.0,1.391477138572862,18532.67904509284,LacZ_2,LacZ OE,0.41822200077081373,-0.45992186269650304,35.0088673022085,70,2500
4755,92.87899159663866,275.3168067226891,355.37983193277313,1419.0,1.1899683785622426,22111.393277310923,LacZ_2,LacZ OE,0.25769699443295013,-0.47470505475814084,35.26771586282827,70,2500
4756,90.758,298.135,836.643,1222.0,1.3379199793616294,25309.757,LacZ_2,LacZ OE,-0.8071318372208015,-0.4261516961844082,21.70527739044593,70,2500
4757,90.40350877192982,336.36491228070173,246.52456140350878,975.0,1.5590142124790052,25785.580701754385,LacZ_2,LacZ OE,0.49805913057345275,-0.32958177221504736,34.73339777632975,70,2500
4758,90.98577524893314,349.1180654338549,262.08534850640115,1034.0,1.3763914570136697,27509.486486486487,LacZ_2,LacZ OE,0.4634798970935079,-0.29965546432920975,34.827979047209396,70,2500
4759,92.11574301128005,441.3158410985777,308.3462481608632,2589.0,1.7340684218358187,32859.56253065228,LacZ_2,LacZ OE,0.36018462445703037,-0.08265763042366114,33.9772703309155,70,2500
4760,91.59877622377623,437.31293706293707,286.8618881118881,1426.0,1.3253531871025848,28573.67395104895,LacZ_2,LacZ OE,0.4077807782207652,-0.09187830282243303,34.00045665260579,70,2500
4761,92.41132075471698,440.63301886792453,178.82075471698113,1375.0,1.3609872066282755,36586.72169811321,LacZ_2,LacZ OE,0.6467303637531021,-0.08285628280797597,37.298851438797,70,2500
4762,91.77179763186221,447.95694294940796,209.43272335844995,1154.0,1.5834396944376574,45941.541442411195,LacZ_2,LacZ OE,0.5789684778953825,-0.06592749401880671,35.874280319765134,70,2500
4763,91.00241312741312,456.48214285714283,322.76592664092664,2639.0,1.4637858437906925,41087.28716216216,LacZ_2,LacZ OE,0.3281941981044776,-0.04706557333040651,32.37979175049057,70,2500
4764,91.10625420309347,471.5776731674512,290.3981170141224,1833.0,1.6553742018842101,30773.207800941494,LacZ_2,LacZ OE,0.39965137232228853,-0.011105065326421082,33.09046842231595,70,2500
4765,90.70259208731241,489.0245566166439,167.50886766712142,1057.0,1.4066211846666967,33755.36425648022,LacZ_2,LacZ OE,0.6713762136759645,0.03137224197093924,35.38098221890431,70,2500
4766,91.73139435414885,505.8682634730539,234.74165953806673,1431.0,1.3390420751251295,45158.90419161677,LacZ_2,LacZ OE,0.5224182894660023,0.07039685396489648,34.677395549206324,70,2500
4767,91.35838680109991,509.4500458295142,197.03666361136573,1428.0,1.3406873433818993,46831.86251145738,LacZ_2,LacZ OE,0.6058191777964173,0.07924602412836523,35.1484245629169,70,2500
4768,91.58815701929474,511.42781104457754,335.95675316034595,1949.0,1.4717438177524198,36899.991350632066,LacZ_2,LacZ OE,0.298449718298224,0.08240922813050644,32.120354923617185,70,2500
4769,91.49958368026644,514.9450457951707,261.9916736053289,1650.0,1.5835466770734727,47297.56286427977,LacZ_2,LacZ OE,0.46205615808517475,0.09150602462037805,33.72163132525773,70,2500
4770,92.68303826384923,514.5259851513421,291.1576242147344,1956.0,1.2621311420443142,34122.11878926328,LacZ_2,LacZ OE,0.39747405261857205,0.09022814908716881,34.22890844846721,70,2500
4771,90.43916913946587,533.5222551928783,174.71810089020772,894.0,1.3795670200098664,31294.284866468843,LacZ_2,LacZ OE,0.6550100263828615,0.136248129865157,34.51429473216204,70,2500
4772,90.7804659498208,568.828853046595,185.89874551971326,1434.0,1.497510123893978,31279.487455197133,LacZ_2,LacZ OE,0.6299153997264346,0.2194149867162536,34.249465099319565,70,2500
4773,92.42645074224022,587.6214574898786,235.3630229419703,1914.0,1.4834741659983297,36432.32658569501,LacZ_2,LacZ OE,0.5202167133950861,0.2632434725401347,34.55800754791916,70,2500
4774,90.16111111111111,649.3703703703703,249.24074074074073,691.0,1.3999809087824284,17176.162962962964,LacZ_2,LacZ OE,0.48903412829489357,0.4086930672770184,31.365834402034537,70,2500
4775,91.98287671232876,662.566210045662,211.7956621004566,1074.0,1.6091588581943561,16798.494292237443,LacZ_2,LacZ OE,0.5716535381073713,0.44026693157405195,33.93082810947058,70,2500
4776,91.17939282428704,708.2253909843606,309.0027598896044,1254.0,1.3908453113156336,14750.80036798528,LacZ_2,LacZ OE,0.35619816431130946,0.5468937788404156,30.41491569155849,70,2500
4777,91.38808373590982,732.5048309178744,307.5225442834138,1482.0,1.2202817648950899,19082.143317230275,LacZ_2,LacZ OE,0.3592272076938612,0.6041843681864518,30.420536078965497,70,2500
4778,92.68549511854951,742.149930264993,663.0202231520224,1891.0,1.3471627204103631,17520.29149232915,LacZ_2,LacZ OE,-0.4274148445281345,0.623107815914562,23.336039038105014,70,2500
4779,92.54441260744986,740.7134670487106,204.21203438395415,580.0,1.5258574225358723,15298.180515759312,LacZ_2,LacZ OE,0.5876459801171376,0.624693919575551,33.90450646636283,70,2500
4780,91.30094339622642,782.8603773584906,497.57924528301885,1278.0,1.429984571428574,21851.32830188679,LacZ_2,LacZ OE,-0.06172550447882652,0.7208979167808802,25.410344269706187,70,2500
4781,91.19561403508771,797.8631578947368,465.3254385964912,1331.0,1.6790614266604695,22695.90263157895,LacZ_2,LacZ OE,0.009491164609809477,0.7566336369031226,25.910167100941834,70,2500
4782,91.50221238938053,806.8595132743363,651.3119469026549,1227.0,1.4177133267048807,28495.33296460177,LacZ_2,LacZ OE,-0.4020770858833087,0.775843254021283,21.793059559768352,70,2500
4783,93.56898106402164,822.5784490532011,489.10414788097387,2768.0,1.5393722892862522,22446.9003606853,LacZ_2,LacZ OE,-0.043477213663086434,0.8147276839824962,27.486687669868516,70,2500
4784,92.60899922420481,176.822342901474,542.2529092319628,1591.0,1.3167347460979042,19283.867339022498,LacZ_2,LacZ OE,-0.154762842682992,-0.7090650104281857,31.60504629131586,70,2500
4785,93.61155913978494,177.03763440860214,673.1364247311828,1822.0,1.214825747903099,15213.114247311827,LacZ_2,LacZ OE,-0.4443755575504922,-0.7099542567766932,29.55410411978383,70,2500
4786,92.49146514935988,219.42247510668562,769.703413940256,1784.0,1.3146959796918947,23145.546230440967,LacZ_2,LacZ OE,-0.6583667498083312,-0.6110511287655342,25.768635310329202,70,2500
4787,91.68344007319304,286.26623970722784,324.54894784995423,1322.0,1.4709016936074613,17434.265324794145,LacZ_2,LacZ OE,0.3258612393638931,-0.4485706002917551,34.68414590093033,70,2500
4788,91.61319073083779,294.03119429590015,341.56595365418895,1269.0,1.2799092661588591,18729.010695187168,LacZ_2,LacZ OE,0.28814234204233813,-0.43044103137570733,34.14126967785252,70,2500
4789,94.53245531514581,296.670272812794,330.0352775164628,2750.0,1.4408543860517216,20965.051269990592,LacZ_2,LacZ OE,0.3134757035150795,-0.42402429597046387,37.302580876008676,70,2500
4790,91.4433688286544,312.3000968054211,257.69022265246855,1197.0,1.4042390265245244,17343.77734753146,LacZ_2,LacZ OE,0.47353598343817493,-0.3864426852473015,35.74804865916229,70,2500
4791,91.37335285505124,323.00585651537335,239.02196193265007,1091.0,1.9210537821474831,19572.306002928257,LacZ_2,LacZ OE,0.514736557731746,-0.36098925951533367,36.00851065352403,70,2500
4792,91.42018779342723,322.9976525821596,806.8333333333334,578.0,1.4036303749411658,19544.842723004695,LacZ_2,LacZ OE,-0.741457501845245,-0.367167739119867,22.81894318573626,70,2500
4793,93.1648590021692,342.3275488069414,329.4511930585683,1701.0,1.4746837254185676,18737.660159074476,LacZ_2,LacZ OE,0.31439683210909575,-0.3163538814180331,35.50240255284882,70,2500
4794,96.41659886086249,347.33848657445077,232.33523189585028,1716.0,1.1916014115328226,22471.77868185517,LacZ_2,LacZ OE,0.5290337972953145,-0.3034063541881943,40.967991692797554,70,2500
4795,91.74269005847954,369.246783625731,255.13684210526316,1087.0,1.3124949179687266,25650.583625730993,LacZ_2,LacZ OE,0.4786184831632281,-0.25208365799047894,35.549725294714264,70,2500
4796,92.27616050354052,380.7387883556255,298.8985051140834,1641.0,1.3687078845851834,24610.712037765537,LacZ_2,LacZ OE,0.3816640523484549,-0.22543918290387965,34.95046172341847,70,2500
4797,92.72178850248403,383.58410220014196,315.15542938254083,1777.0,1.3331339340895456,21671.766501064583,LacZ_2,LacZ OE,0.3456476501060659,-0.21889392276992836,34.9891421040648,70,2500
4798,92.59920634920636,387.5449735449736,235.44179894179894,1110.0,1.4393386546751168,30780.85582010582,LacZ_2,LacZ OE,0.5219693034318709,-0.20868909704594507,36.68608742241105,70,2500
4799,93.12910284463895,403.3931436907367,247.09190371991247,1700.0,1.604975117593902,41292.468271334794,LacZ_2,LacZ OE,0.4960145897553294,-0.1714211050466996,36.78920235515021,70,2500
4800,93.85436137071652,425.43068535825546,249.63239875389408,1836.0,1.4285653387790678,46166.595794392524,LacZ_2,LacZ OE,0.49014344761032014,-0.11945048027575444,37.23942794401732,70,2500
4801,92.98034934497817,441.2423580786026,223.3930131004367,1653.0,1.3781331421257161,46582.94104803493,LacZ_2,LacZ OE,0.5480860756593253,-0.08188956311568374,36.822696465834085,70,2500
4802,96.91761687571265,461.8722919042189,339.5564424173318,4464.0,1.2219538018989067,43561.40051311289,LacZ_2,LacZ OE,0.2906899992815839,-0.034398541791799464,37.84896656374596,70,2500
4803,92.54357592093442,540.1850853548967,194.1078167115903,1331.0,1.4444683116829042,36743.332434860735,LacZ_2,LacZ OE,0.6119401569038598,0.1518019369315602,36.10084979935465,70,2500
4804,91.83451704545455,541.2855113636364,308.2365056818182,1738.0,1.4735029403157462,21740.460227272728,LacZ_2,LacZ OE,0.35947471141285203,0.1531432241940729,32.72075535820717,70,2500
4805,92.64623739332816,557.22187742436,261.56633048875096,1587.0,1.394122578829098,35176.733902249805,LacZ_2,LacZ OE,0.46252885750783457,0.19125840225330393,34.46426762317198,70,2500
4806,91.64199192462988,563.1897711978465,245.37483176312247,1774.0,1.475430395322796,48905.979811574696,LacZ_2,LacZ OE,0.4983441173855956,0.20548806460993974,33.77940937305303,70,2500
4807,92.63131313131314,590.9023569023569,216.1338383838384,1690.0,1.636945567681564,37967.14898989899,LacZ_2,LacZ OE,0.5627158727434671,0.2711956747352222,35.17896845682782,70,2500
4808,94.32577720207254,602.4319948186528,246.94624352331607,1980.0,1.5694038652047093,33960.58225388601,LacZ_2,LacZ OE,0.4943492322576051,0.29809590887912174,36.04182440206161,70,2500
4809,92.11052631578947,635.2017543859649,186.84736842105264,719.0,1.3819798493839306,19976.542105263157,LacZ_2,LacZ OE,0.6271058037633848,0.37599388208290163,34.90770447887607,70,2500
4810,92.0781954887218,704.584962406015,217.6827067669173,774.0,1.376752133999826,17137.581954887217,LacZ_2,LacZ OE,0.5582179245984291,0.5393180740787993,33.47783962300372,70,2500
4811,93.20060790273556,717.1286727456941,270.2917933130699,1294.0,1.5564763497686869,15569.017223910841,LacZ_2,LacZ OE,0.4416493718604362,0.5683607462982292,33.25079598138463,70,2500
4812,92.36197183098592,791.6507042253521,549.6408450704225,885.0,1.6577311630429752,28759.064788732394,LacZ_2,LacZ OE,-0.1770433428140752,0.7410917355799134,25.171415807590364,70,2500
4813,92.15741789354473,811.3465458663646,593.2559456398641,1061.0,1.4912114900389166,22859.381653454133,LacZ_2,LacZ OE,-0.2737147582540964,0.7870719682342695,23.757527597257706,70,2500
4814,93.94205168363352,84.95614722004699,626.5974941268598,1925.0,1.3646654816258472,11287.86217697729,LacZ_2,LacZ OE,-0.34054179332401846,-0.9266414353571505,31.87015007929638,70,2500
4815,94.75850340136054,173.66598639455782,437.1517006802721,2104.0,1.2739681082846586,20468.95918367347,LacZ_2,LacZ OE,0.07767619217083976,-0.715320833500909,36.23479442036225,70,2500
4816,93.31327160493827,214.41512345679013,286.2067901234568,843.0,1.6036865450070543,19849.95524691358,LacZ_2,LacZ OE,0.41129806683155823,-0.6175981250447035,37.910137133090444,70,2500
4817,93.25174129353233,222.0218905472637,418.2039800995025,1180.0,1.1957210595731036,14821.848756218906,LacZ_2,LacZ OE,0.11920500717599047,-0.6010889084413258,34.69717762082206,70,2500
4818,92.26939655172414,223.17025862068965,636.5387931034483,1140.0,1.3787668297243958,13917.403017241379,LacZ_2,LacZ OE,-0.3637861374314555,-0.6007713097841142,28.614226925047646,70,2500
4819,92.63157894736842,249.56064073226545,732.6315789473684,1077.0,1.2964308836963552,16757.393592677345,LacZ_2,LacZ OE,-0.5766500894394706,-0.5395565476948015,26.47807829477935,70,2500
4820,92.70841487279843,248.79354207436398,692.2123287671233,1265.0,1.397002984887176,15655.87084148728,LacZ_2,LacZ OE,-0.48722552125354457,-0.5409256984264152,27.504622255988735,70,2500
4821,93.10208126858275,260.33894945490584,412.794846382557,1283.0,1.2541671056903607,12332.145688800792,LacZ_2,LacZ OE,0.1308088555488065,-0.5106522726210663,34.298829375680455,70,2500
4822,93.77137870855148,297.8411867364747,455.9537521815009,1725.0,1.218535416338967,13616.785340314136,LacZ_2,LacZ OE,0.03492925191714402,-0.42264583862101446,33.594959596292384,70,2500
4823,92.16959064327486,308.219298245614,840.9795321637426,517.0,1.3434286946593637,14917.771929824561,LacZ_2,LacZ OE,-0.8168962450613408,-0.4023799152695272,22.916678303035923,70,2500
4824,93.98230088495575,330.5409292035398,254.6283185840708,1330.0,1.5049346982815979,23504.34402654867,LacZ_2,LacZ OE,0.4800022486312767,-0.34332546370967176,38.179108472268595,70,2500
4825,94.75040518638573,340.097244732577,214.22852512155592,856.0,1.6543714074636158,22321.969205834685,LacZ_2,LacZ OE,0.5692481624988013,-0.32032842052844324,39.795259180954275,70,2500
4826,93.22985468956406,351.7146631439894,292.64068692206075,1035.0,1.4245341021672149,21652.589167767503,LacZ_2,LacZ OE,0.39573999907023505,-0.29381093732631935,36.33365330284644,70,2500
4827,92.53536977491962,354.36012861736333,278.08038585209005,907.0,1.540507662413187,27082.853697749197,LacZ_2,LacZ OE,0.42796263122282063,-0.2874287653952863,35.95293225102836,70,2500
4828,92.69565217391305,364.2857142857143,228.94824016563146,626.0,1.1800545423441073,23615.55900621118,LacZ_2,LacZ OE,0.5365553175980748,-0.26347983491266314,37.16140619386863,70,2500
4829,93.36356466876971,394.3067823343849,206.77917981072557,1531.0,1.4417641623376911,46196.342271293375,LacZ_2,LacZ OE,0.5852758301911523,-0.1924110923636435,38.05222040434195,70,2500
4830,92.85837765957447,410.2938829787234,314.0152925531915,1675.0,1.4812909786726955,22085.854388297874,LacZ_2,LacZ OE,0.3479045359069137,-0.15587603867031052,34.89098165862542,70,2500
4831,93.47241379310344,418.6862068965517,290.5396551724138,1415.0,1.3779607380702614,25282.33620689655,LacZ_2,LacZ OE,0.39972768981741824,-0.1358117189662129,35.96997453593734,70,2500
4832,95.10342598577893,418.7769877181642,328.64124111182934,1894.0,1.2609466602276718,27524.435035552684,LacZ_2,LacZ OE,0.3153488579471191,-0.13597371827969784,36.71137677620413,70,2500
4833,93.2438775510204,427.8316326530612,226.31020408163266,1372.0,1.5443889418350545,47121.67346938775,LacZ_2,LacZ OE,0.5417483903328939,-0.11354809640982011,37.14932494663495,70,2500
4834,93.93428345209819,446.72446555819477,192.618368962787,1806.0,1.271089936959894,43520.25019794141,LacZ_2,LacZ OE,0.6160677029548967,-0.06860284631169145,38.44009733786881,70,2500
4835,93.4105419450631,458.5790645879733,240.75204157386784,1740.0,1.6998284668271828,50170.61321455085,LacZ_2,LacZ OE,0.5094920337119138,-0.04117465924071473,36.678495102945675,70,2500
4836,93.55446836268754,467.93672537508155,201.32028701891716,1832.0,1.4863934885771266,46850.315720808874,LacZ_2,LacZ OE,0.5966304985052131,-0.01867094961477722,37.65004440361447,70,2500
4837,94.08884688090737,469.9423440453686,185.61436672967864,1364.0,1.323607954441934,41295.90264650284,LacZ_2,LacZ OE,0.6313303079900505,-0.013757550878883196,38.53075919454825,70,2500
4838,94.87018255578093,471.13860716700475,239.54631507775525,1822.0,1.4297506008737852,46732.05138607167,LacZ_2,LacZ OE,0.5119625533914256,-0.011503105775249822,38.04291465613832,70,2500
4839,92.85523613963039,495.64681724845997,190.29158110882958,1177.0,1.3091943502353849,44198.37885010267,LacZ_2,LacZ OE,0.6207977798191704,0.04679464508625131,36.937060541675024,70,2500
4840,93.02124311565696,495.8654602675059,203.3477576711251,1513.0,1.2711962260278489,48937.37844217152,LacZ_2,LacZ OE,0.591902384940594,0.04717251804190292,36.79651810329429,70,2500
4841,94.94334975369458,487.2898193760263,177.16091954022988,1630.0,1.5617364675668315,31130.58538587849,LacZ_2,LacZ OE,0.6498202001249478,0.027272480796893817,39.41235162335289,70,2500
4842,93.28082191780823,497.8995433789954,316.351598173516,606.0,1.4604416150267159,35294.21232876712,LacZ_2,LacZ OE,0.34186639018702647,0.05075040978551315,34.4018401775069,70,2500
4843,94.83149171270718,512.9827348066299,228.20441988950276,1867.0,1.4807476563026898,39652.47997237569,LacZ_2,LacZ OE,0.5366518255973649,0.08731999394676926,37.859298014531916,70,2500
4844,92.92396313364056,515.8905529953917,352.0218894009217,1350.0,1.5388385297554454,22579.14285714286,LacZ_2,LacZ OE,0.26279595941982503,0.09279204162474874,33.0375775262351,70,2500
4845,96.26180408738549,524.8590556730092,331.43093727977447,3831.0,1.3522671957952355,29193.257575757576,LacZ_2,LacZ OE,0.3080908577503483,0.11424632311902783,36.766622297698945,70,2500
4846,93.6137048192771,531.9390060240963,208.6453313253012,1699.0,1.4072552479470273,50690.85993975904,LacZ_2,LacZ OE,0.5798027089666187,0.13221799273076096,36.91241305932216,70,2500
4847,93.93216630196936,536.1801604668126,254.13274981765136,1664.0,1.438394648571635,42060.754923413566,LacZ_2,LacZ OE,0.47911158711522606,0.14173570321867102,36.128909770028216,70,2500
4848,95.35223880597015,539.4706467661691,324.10199004975124,2584.0,1.4260212319913113,32640.128855721392,LacZ_2,LacZ OE,0.32421061815777996,0.14877054485622976,35.88526008064399,70,2500
4849,93.8735632183908,558.6264367816092,206.79080459770114,1249.0,1.5345251066128787,31537.941379310345,LacZ_2,LacZ OE,0.5836339132125479,0.19519372264376522,36.95435450918744,70,2500
4850,93.65113500597371,559.0818399044206,277.2879330943847,1945.0,1.2539823174737446,35003.85543608124,LacZ_2,LacZ OE,0.427677397052461,0.1954980141252265,35.084156998365216,70,2500
4851,95.2741935483871,568.7948387096774,230.50709677419354,1875.0,1.4533849799685432,33908.949677419354,LacZ_2,LacZ OE,0.5309946429572605,0.21895338369220751,37.70220689523401,70,2500
4852,93.8213914849429,586.2845275181724,186.38213914849428,1269.0,1.587515641831203,35841.6261682243,LacZ_2,LacZ OE,0.6285199132484969,0.26065319325146197,37.10739284204469,70,2500
4853,92.83525535420098,590.8871499176277,197.165568369028,1691.0,1.2906861580536864,38901.79654036244,LacZ_2,LacZ OE,0.6046697387958064,0.2713702477658084,35.82517084306754,70,2500
4854,93.7451923076923,590.7283653846154,273.9951923076923,601.0,1.4221125812617863,31012.310096153848,LacZ_2,LacZ OE,0.43465100812125357,0.2701829570819887,34.945365556938256,70,2500
4855,93.278612716763,623.0092485549133,173.9699421965318,1131.0,1.3492487036320484,26367.967630057803,LacZ_2,LacZ OE,0.6556526416419592,0.34740086229406253,36.494879366638074,70,2500
4856,94.35849056603773,614.6990116801437,212.01707097933513,1415.0,1.4712375564306137,32140.19766397125,LacZ_2,LacZ OE,0.5715040545436074,0.3274107510584947,36.76877447972092,70,2500
4857,92.91814159292035,656.820796460177,187.91150442477877,706.0,1.3156896815581287,16998.83185840708,LacZ_2,LacZ OE,0.6245006621083677,0.4269952571029978,35.47877037058676,70,2500
4858,92.71122994652407,656.4237967914438,237.1577540106952,928.0,1.4242501172120343,16609.83957219251,LacZ_2,LacZ OE,0.5155657572776982,0.42551982658051046,34.12781031175906,70,2500
4859,91.96284829721363,667.6377708978329,244.4158926728586,1161.0,1.2940565232108057,17801.572755417958,LacZ_2,LacZ OE,0.49943846875837283,0.45187525407531814,33.100771720922594,70,2500
4860,93.42453662842013,676.7775816416594,297.5039717563989,1343.0,1.3085963512486576,15724.684024713151,LacZ_2,LacZ OE,0.3818256203721595,0.47289143740772643,33.235027680632996,70,2500
4861,94.25338142470694,716.4229035166817,259.99368800721373,1365.0,1.3692536674992886,15978.155996393147,LacZ_2,LacZ OE,0.464384697619308,0.5668317524545645,34.55020016647025,70,2500
4862,92.83186951066499,773.7816813048934,590.1706398996236,990.0,1.3399427848035497,19041.87703889586,LacZ_2,LacZ OE,-0.2665604207563489,0.698513727256538,24.87115860886641,70,2500
4863,93.69542709232097,789.1647972389991,596.2251941328732,1451.0,1.5760106164876393,27978.29508196721,LacZ_2,LacZ OE,-0.2801486203978145,0.7347530837332188,25.44281731993155,70,2500
4864,94.9301282051282,791.9775641025641,664.4512820512821,4585.0,1.4829259111121178,16907.160897435897,LacZ_2,LacZ OE,-0.43117894126125467,0.7406757718122428,25.059163987946903,70,2500
4865,95.02827918170878,830.7611311672683,451.61672683513837,1944.0,1.2318442619281929,17309.69614921781,LacZ_2,LacZ OE,0.03930310941337134,0.8344688159794704,29.73935720481016,70,2500
4866,94.84649122807018,853.6695906432749,589.563596491228,1777.0,1.1668350719707232,35751.086988304094,LacZ_2,LacZ OE,-0.2660944965624573,0.8870040076531951,26.11779689879141,70,2500
4867,95.99903521466474,160.4278822961891,683.528702363724,2609.0,1.2383955022854647,18126.709599614085,LacZ_2,LacZ OE,-0.46732949720301475,-0.749191188569972,31.861041000017366,70,2500
4868,96.22173089071383,166.8730259001895,716.6582438408086,1949.0,1.223763841638956,15600.959570435882,LacZ_2,LacZ OE,-0.540697170087604,-0.7343428761348272,31.24832153378837,70,2500
4869,93.87252124645893,236.1388101983003,775.1317280453258,1032.0,1.2263399102702055,13605.692634560906,LacZ_2,LacZ OE,-0.670609139070041,-0.5716483986722405,26.85918366183617,70,2500
4870,95.5931721194879,267.7695590327169,419.4338549075391,981.0,1.4519058945864818,13876.807965860597,LacZ_2,LacZ OE,0.11592046998957506,-0.4931402855009236,36.561670853314496,70,2500
4871,95.59082397003745,334.7986891385768,347.35861423220973,1273.0,1.362476975557007,16839.060861423222,LacZ_2,LacZ OE,0.27472699147785407,-0.33425167307328096,37.58379528175614,70,2500
4872,94.6329233680227,364.77767265846734,278.78145695364236,1296.0,1.1767763298850922,27645.066225165563,LacZ_2,LacZ OE,0.4262024212598452,-0.26281583135006636,37.931564571779376,70,2500
4873,95.231654676259,406.18489208633093,290.84244604316547,1791.0,1.336767436427497,25043.98201438849,LacZ_2,LacZ OE,0.399087842989585,-0.16526264718375216,37.84388676843146,70,2500
4874,94.89437689969606,405.63145896656533,203.86322188449847,1537.0,1.3635247100513253,45426.1990881459,LacZ_2,LacZ OE,0.5915382322602243,-0.16563213227180074,39.53973656508656,70,2500
4875,94.63973063973064,410.8063973063973,184.25589225589226,809.0,1.2688493331492687,28001.286195286197,LacZ_2,LacZ OE,0.6348794008200183,-0.15321870353486233,39.69162264230343,70,2500
4876,93.74007220216606,426.75451263537906,162.51263537906138,700.0,1.5864874214569469,25090.514440433213,LacZ_2,LacZ OE,0.6828750694362757,-0.11538531286104536,39.14310724663456,70,2500
4877,95.23512336719884,434.44267053701014,238.78374455732947,1673.0,1.3852425631762753,39204.04571843251,LacZ_2,LacZ OE,0.5139858008102689,-0.09804400532874202,38.78448746966613,70,2500
4878,93.58695652173913,436.11076604554864,202.351966873706,1306.0,1.6316822351627982,48843.48136645963,LacZ_2,LacZ OE,0.5946543183319879,-0.09375171770310498,37.96980459818529,70,2500
4879,95.35344336937962,426.9954467842914,266.2697780307342,2182.0,1.2872354143993983,44437.6499715424,LacZ_2,LacZ OE,0.45324329273807895,-0.11590583531395238,38.334883496669605,70,2500
4880,96.92935131663455,440.26525369299935,297.95953757225436,1886.0,1.2825662697109803,34722.66024405909,LacZ_2,LacZ OE,0.38292493695412255,-0.0849131568009086,39.04174594461303,70,2500
4881,96.30213160333642,446.03429101019464,340.4814643188137,2540.0,1.3339540817309625,35129.679332715474,LacZ_2,LacZ OE,0.2888285843848011,-0.07178092849988382,37.367047150199,70,2500
4882,94.64991334488735,449.38041594454074,253.09878682842287,1463.0,1.3712557369299299,45333.766897746966,LacZ_2,LacZ OE,0.48220178138519,-0.06297787001799582,37.719634989424605,70,2500
4883,95.53544494720965,458.1440422322775,210.27752639517345,1541.0,1.3386281268001023,45251.10105580694,LacZ_2,LacZ OE,0.5768064035039804,-0.0418216521303465,39.517377563767994,70,2500
4884,95.78015448603684,460.62745098039215,312.3511586452763,2028.0,1.3940584859398586,40466.906714200835,LacZ_2,LacZ OE,0.35094816506751303,-0.03706565913270088,37.35823792974105,70,2500
4885,94.1039156626506,482.06174698795184,254.5,1621.0,1.4247840997174346,38165.43298192771,LacZ_2,LacZ OE,0.4788138395778032,0.014082411272818174,36.82144775981152,70,2500
4886,95.11682242990655,490.99182242990656,290.8130841121495,2001.0,1.368630201935684,38800.24591121495,LacZ_2,LacZ OE,0.39833820489162597,0.034775623113690646,36.90016560473384,70,2500
4887,96.19774501300954,506.1916738941891,262.3850823937554,1422.0,1.5436356656550878,44914.9843885516,LacZ_2,LacZ OE,0.4610276764277228,0.0709617638567357,38.49474862916959,70,2500
4888,94.29076620825147,519.0068762278978,188.27897838899804,1333.0,1.4891614492648158,37562.1021611002,LacZ_2,LacZ OE,0.6249501319121227,0.10195040354070795,38.190532352815126,70,2500
4889,94.30712008501594,530.6886291179596,289.1020191285866,2211.0,1.514330468746514,31517.968650371946,LacZ_2,LacZ OE,0.401781432553763,0.12841158687208254,35.74228174281066,70,2500
4890,94.69859154929577,540.3725352112676,236.46338028169015,1755.0,1.4528638371259435,38843.208450704224,LacZ_2,LacZ OE,0.5181220630209113,0.15183376908555268,37.265976253317376,70,2500
4891,94.67467811158798,544.1476394849785,349.0266094420601,1527.0,1.4221803338814472,20124.993991416308,LacZ_2,LacZ OE,0.2690586573829703,0.1595166486309949,34.58113669535115,70,2500
4892,95.30686406460296,576.5444145356662,283.00134589502017,1728.0,1.416258243271142,27199.765814266488,LacZ_2,LacZ OE,0.4147828563443232,0.23666413371754014,36.43534451140383,70,2500
4893,95.3516081871345,585.1944444444445,249.8845029239766,1708.0,1.3412479915290367,35219.75146198831,LacZ_2,LacZ OE,0.4879625633150524,0.2574279256175305,37.16745618593525,70,2500
4894,95.11232349165597,581.3048780487804,265.4627727856226,1993.0,1.4895914178190297,44050.634788189986,LacZ_2,LacZ OE,0.4535481361081466,0.24807883723039836,36.6031460251928,70,2500
4895,93.46753246753246,589.7094155844156,160.44642857142858,884.0,1.4900908590619917,23586.577922077922,LacZ_2,LacZ OE,0.6858836710434328,0.2690050368011445,37.324740759638885,70,2500
4896,94.75783234546994,638.1710414902625,248.77984758679085,1445.0,1.3657887569095104,21296.047417442845,LacZ_2,LacZ OE,0.4899245610189211,0.382386293870131,36.081386166180394,70,2500
4897,93.67786259541985,700.1832061068702,750.9251908396947,913.0,1.4189871357697295,25228.641221374044,LacZ_2,LacZ OE,-0.6215357558055128,0.5231866752818197,22.689435773295955,70,2500
4898,93.23139653414883,747.5932721712538,420.0540265035678,1074.0,1.3471307683824083,15628.589194699287,LacZ_2,LacZ OE,0.11002807179339236,0.6385958491620338,29.492395150739497,70,2500
4899,94.86058700209644,796.996855345912,650.8522012578617,1293.0,1.2669976862644754,25493.748427672956,LacZ_2,LacZ OE,-0.40113812197977883,0.7526611059709385,25.25755797074588,70,2500
4900,94.57534246575342,805.2538812785388,538.2109589041096,1328.0,1.3534960869970865,26224.692237442923,LacZ_2,LacZ OE,-0.15200256051593874,0.7733531180869553,27.517454590904023,70,2500
4901,95.0206043956044,822.0810439560439,417.4107142857143,995.0,1.4502704415237977,15177.012362637362,LacZ_2,LacZ OE,0.11506281275445085,0.8143653589539364,30.613985841233315,70,2500
4902,95.7483492296405,173.4490095377843,568.6177549523111,1710.0,1.3540108347708084,16303.674981658107,LacZ_2,LacZ OE,-0.21322045699696868,-0.7172363144222964,34.161791036678025,70,2500
4903,97.22782705099779,176.27328159645234,635.6718403547671,2874.0,1.236585459412461,14639.133592017739,LacZ_2,LacZ OE,-0.36167067232451655,-0.7112681851389528,34.05004463100326,70,2500
4904,95.79543197616684,183.88182720953327,454.0625620655412,1206.0,1.3613629962455052,19599.411122144986,LacZ_2,LacZ OE,0.04011118610796638,-0.6913837453225151,36.777241225865566,70,2500
4905,95.45886524822696,192.72624113475177,644.6070921985815,1650.0,1.258855780303449,20983.296453900708,LacZ_2,LacZ OE,-0.3815062463281599,-0.6725966568205526,31.912406718906865,70,2500
4906,96.5183527305282,202.07430617726052,437.0116383169203,1469.0,1.3719077394708814,14761.506714413608,LacZ_2,LacZ OE,0.07762024317210847,-0.648270268784687,37.71944653844113,70,2500
4907,96.24407374890255,212.8393327480246,372.13432835820896,1369.0,1.2830981916545026,23611.948200175593,LacZ_2,LacZ OE,0.2210609217256021,-0.622180385905833,38.85232783167332,70,2500
4908,97.55013192612137,314.7882585751979,353.30936675461743,1872.0,1.2028563419268956,18480.997361477574,LacZ_2,LacZ OE,0.261654246708215,-0.38147163277255736,39.599505564292556,70,2500
4909,95.77286742034943,314.25590955806786,309.6279547790339,1142.0,1.397654878349788,18328.883864337102,LacZ_2,LacZ OE,0.3583893812015415,-0.3822939971372824,38.84629077920695,70,2500
4910,95.33491686460808,341.0237529691211,270.07363420427555,1180.0,1.4105855707691992,25841.347980997623,LacZ_2,LacZ OE,0.4456606287687883,-0.31873551600598704,39.06869396564744,70,2500
4911,95.31351351351351,351.43603603603606,213.57117117117116,712.0,1.408053277983643,22967.18018018018,LacZ_2,LacZ OE,0.5705636431239063,-0.29356276218618205,40.26259147001164,70,2500
4912,95.07120743034056,400.48142414860683,187.08978328173376,794.0,1.4205652093428536,32045.354489164085,LacZ_2,LacZ OE,0.6286874675236549,-0.17759389988580443,40.15790199425355,70,2500
4913,95.90613718411552,420.2617328519856,211.52707581227438,901.0,1.3709674837139498,38070.93501805054,LacZ_2,LacZ OE,0.5743893390673984,-0.13118263778606698,40.22940016804759,70,2500
4914,96.22356739305891,421.5488297013721,277.909604519774,1517.0,1.4809939711312246,32379.619047619046,LacZ_2,LacZ OE,0.4274997670976717,-0.12885960322784118,38.986669632668054,70,2500
4915,96.67213114754098,473.86752326096587,305.30039875941515,2805.0,1.4908579287247175,42787.85866194063,LacZ_2,LacZ OE,0.3663726397234406,-0.0057384345300635076,38.28477359731008,70,2500
4916,96.5838445807771,480.991308793456,321.3865030674847,2363.0,1.3704916279165615,41556.461656441716,LacZ_2,LacZ OE,0.33072034859861166,0.010888447646207888,37.7518386475417,70,2500
4917,96.41977800201816,484.7189707366297,345.53128153380425,2463.0,1.3584581991026419,40436.35317860747,LacZ_2,LacZ OE,0.2772763066632644,0.019415475466198595,36.988511105274625,70,2500
4918,95.47864945382324,534.8222442899702,184.68520357497516,1269.0,1.3840113362428383,37772.382323733866,LacZ_2,LacZ OE,0.6326863704394659,0.1393214249422472,39.30710051654921,70,2500
4919,96.76311030741411,541.3104279686559,276.2453285111513,2082.0,1.4501160485169067,36199.79626280892,LacZ_2,LacZ OE,0.42999509736322294,0.15366158341006075,38.393288204149016,70,2500
4920,96.47328244274809,538.4580152671756,172.5982824427481,1262.0,1.3993911572758833,28284.429389312976,LacZ_2,LacZ OE,0.6593401639838097,0.1480512326559118,40.547612104361036,70,2500
4921,96.15803631472764,552.1042367182246,327.84667114996637,1911.0,1.6431057177187038,25178.96166778749,LacZ_2,LacZ OE,0.3157622305979142,0.1785481260173949,36.4799203074391,70,2500
4922,95.37231680236862,570.6950407105847,258.37823834196894,1675.0,1.5891785249050767,43457.22649888971,LacZ_2,LacZ OE,0.46931074969675124,0.2231354004716124,37.13199554595657,70,2500
4923,95.72097053726169,595.6871750433276,178.14991334488735,1514.0,1.4648217493118758,30354.247833622183,LacZ_2,LacZ OE,0.6465432434353817,0.28296461151515206,39.10628945266758,70,2500
4924,94.88235294117646,599.5336134453781,156.09943977591035,949.0,1.6538871430714221,22169.519607843136,LacZ_2,LacZ OE,0.6953325121858109,0.29225758054078876,38.74433973306526,70,2500
4925,94.00712589073635,637.9026128266033,170.79097387173397,625.0,1.562148145698796,19455.69596199525,LacZ_2,LacZ OE,0.6625038499219247,0.3825820959680799,37.15157391787646,70,2500
4926,95.11847389558233,667.2921686746988,233.59839357429718,1203.0,1.3741303576914325,15512.016064257028,LacZ_2,LacZ OE,0.5232107018556915,0.4512494539847276,36.51094040471828,70,2500
4927,94.29666254635352,694.8195302843017,253.54388133498145,982.0,1.5897156275215827,16026.147095179234,LacZ_2,LacZ OE,0.4788606438427523,0.5159451908720329,34.95515286739149,70,2500
4928,96.9721189591078,711.3351920693929,667.54770755886,2073.0,1.3156245419828423,23522.122676579926,LacZ_2,LacZ OE,-0.4373545864124303,0.5504714827128627,27.817191114639215,70,2500
4929,94.99102333931778,771.9865350089767,447.08438061041295,1361.0,1.4812297421263887,19145.286355475764,LacZ_2,LacZ OE,0.04990078631950312,0.69588101540827,30.382721508367112,70,2500
4930,95.64036418816389,784.7389984825493,415.6525037936267,882.0,1.196697893819695,13160.039453717754,LacZ_2,LacZ OE,0.11928183540928705,0.7263170521195521,31.639826392476095,70,2500
4931,95.35092592592592,791.0240740740741,441.5462962962963,1245.0,1.3311566627565394,20441.350925925926,LacZ_2,LacZ OE,0.06195011601573408,0.7408546093500787,30.685377816957867,70,2500
4932,97.43456962911127,143.40657802659203,595.7193841847446,1704.0,1.3278692999503976,22139.120363890834,LacZ_2,LacZ OE,-0.2729749522168914,-0.7883552202602405,35.509581307935065,70,2500
4933,97.35333896872359,146.99239222316146,717.6398985629755,1648.0,1.3256751569551597,9091.208791208792,LacZ_2,LacZ OE,-0.542735058921097,-0.7812216595178733,32.55116329724807,70,2500
4934,99.64224872231686,160.99403747870528,513.1201022146507,1412.0,1.2868407980750265,24277.895229982965,LacZ_2,LacZ OE,-0.09052153514665495,-0.745923818707447,39.47001173109638,70,2500
4935,96.72079037800687,190.1237113402062,538.877147766323,1395.0,1.2737115921015811,18641.040378006874,LacZ_2,LacZ OE,-0.14763571895612393,-0.677559567737539,35.66409846021118,70,2500
4936,96.97616777883698,220.3441372735939,357.4337464251668,1274.0,1.3596450446662653,20854.72640610105,LacZ_2,LacZ OE,0.25347315619333166,-0.6043020315154535,39.85346421987313,70,2500
4937,96.71253534401508,344.2459943449576,255.66540999057494,1287.0,1.3992107443743782,26653.08011310085,LacZ_2,LacZ OE,0.47743414044879673,-0.3109472051536808,40.75022670752634,70,2500
4938,97.31914893617021,355.2243713733075,268.5880077369439,1371.0,1.481270901461171,26826.634429400387,LacZ_2,LacZ OE,0.4487073915073947,-0.2851780194561938,40.94800861199124,70,2500
4939,96.04005006257822,357.21777221526906,238.3279098873592,1023.0,1.3203656539079616,25241.54192740926,LacZ_2,LacZ OE,0.5156998335724512,-0.2801769406643969,40.35522312312068,70,2500
4940,98.83965244865719,360.7748815165877,222.49605055292258,1617.0,1.3957174921241562,22631.268562401263,LacZ_2,LacZ OE,0.5505461763795836,-0.2715508441568034,43.48819640421205,70,2500
4941,95.97741530740277,365.0853199498118,294.16311166875784,960.0,1.4652497874342454,23397.78920953576,LacZ_2,LacZ OE,0.3921005086185214,-0.2622263430678121,38.91404966396661,70,2500
4942,95.5680751173709,378.6807511737089,211.76760563380282,582.0,1.4234646195003238,24946.269953051644,LacZ_2,LacZ OE,0.5742769857692884,-0.2292731969103169,40.29259829740023,70,2500
4943,95.89774436090225,381.3248120300752,245.003007518797,871.0,1.3096343502063807,24955.47969924812,LacZ_2,LacZ OE,0.5007063614572518,-0.22338949459907964,39.82153393409307,70,2500
4944,96.37348178137651,390.74392712550605,328.1761133603239,1270.0,1.424258850688504,18232.913967611337,LacZ_2,LacZ OE,0.3165834652006638,-0.20206339590005906,38.26609830522857,70,2500
4945,96.41359773371104,391.9475920679887,309.2889518413598,866.0,1.2842220704995952,20615.03116147309,LacZ_2,LacZ OE,0.3583545659317253,-0.19901839660919218,38.73471261247089,70,2500
4946,96.6264367816092,395.3103448275862,237.5632183908046,679.0,1.3568853190059966,28240.50766283525,LacZ_2,LacZ OE,0.5169927276182145,-0.19030340241963406,40.586614010097804,70,2500
4947,96.22971548998946,395.9030558482613,222.0200210748156,1192.0,1.5562223018935186,44247.91780821918,LacZ_2,LacZ OE,0.5513943317139465,-0.18874575791118064,40.54655482182311,70,2500
4948,98.84724122207022,428.90834473324213,340.9238486092111,2593.0,1.305514320144605,38079.227542179666,LacZ_2,LacZ OE,0.2878840373906495,-0.1121239016518557,40.06856254219652,70,2500
4949,97.15497553017944,432.5619902120718,211.86133768352366,1485.0,1.435680898306611,47428.44045676998,LacZ_2,LacZ OE,0.5734662848645566,-0.10214419985324863,41.34972198964141,70,2500
4950,97.39250118652112,453.53868058851447,294.16611295681065,2453.0,1.3296342822112037,36189.44945420029,LacZ_2,LacZ OE,0.3911649197304319,-0.05355238459817646,39.463332604819456,70,2500
4951,96.92457142857143,461.88228571428573,183.19771428571428,1105.0,1.5741932224622968,29872.454857142857,LacZ_2,LacZ OE,0.6366081866690747,-0.03267847072697361,41.50075914630102,70,2500
4952,97.4295652173913,460.04753623188407,326.76521739130436,2202.0,1.6105315088133365,47280.427246376814,LacZ_2,LacZ OE,0.31897973157588644,-0.03855227273117423,38.676782790562086,70,2500
4953,96.62746386333771,484.7759526938239,275.4211563731932,1717.0,1.4452018060637462,39770.5197109067,LacZ_2,LacZ OE,0.432372444392342,0.020315250586255607,38.829937070027626,70,2500
4954,97.65228013029316,498.44625407166126,214.89332247557005,1435.0,1.3890221155704163,49021.03013029316,LacZ_2,LacZ OE,0.5660953521356535,0.05324049583045465,41.131685731696464,70,2500
4955,96.11960784313726,505.7196078431373,188.1813725490196,1259.0,1.6358737806862205,37846.237254901964,LacZ_2,LacZ OE,0.6252001057720149,0.0706515195067452,40.1510453564475,70,2500
4956,98.89075630252101,505.4794584500467,308.73809523809524,2607.0,1.426514338462913,41487.50093370682,LacZ_2,LacZ OE,0.3583467650863925,0.06884040021639293,40.11331356029277,70,2500
4957,98.1024208566108,506.5982309124767,350.17364990689015,2578.0,1.3019347799553909,38894.34776536313,LacZ_2,LacZ OE,0.26670715648990373,0.07101180222134507,38.34836582569554,70,2500
4958,98.50036363636363,515.5781818181819,266.0538181818182,2029.0,1.6086750343670397,49147.37090909091,LacZ_2,LacZ OE,0.4527013606683281,0.09311519951392899,40.61928601912231,70,2500
4959,97.19398496240602,518.8421052631579,205.32406015037594,1521.0,1.3480181639955247,50193.48947368421,LacZ_2,LacZ OE,0.5870921631044546,0.10144310007076918,40.69709064976229,70,2500
4960,95.94202898550725,528.145780051151,225.72549019607843,1536.0,1.3897054470343193,42823.549019607846,LacZ_2,LacZ OE,0.541931956800568,0.12313847108903775,38.878937588126206,70,2500
4961,97.0487106017192,527.7889207258835,197.82712511938874,1229.0,1.2923675183926897,43426.453677172874,LacZ_2,LacZ OE,0.6035988764550859,0.12262465388332866,40.639105859219896,70,2500
4962,96.27592425608657,543.1064021641118,222.3877366997295,1406.0,1.3412804831816063,42841.264201983766,LacZ_2,LacZ OE,0.5491541964805569,0.15847106499672203,39.144183921975696,70,2500
4963,96.75383435582822,593.0260736196319,305.8980061349693,1504.0,1.537846739104636,20519.46165644172,LacZ_2,LacZ OE,0.36389341285421595,0.2753253058995002,37.18687038357501,70,2500
4964,97.6874541452678,607.7828319882611,225.25752017608218,1716.0,1.3473395510100818,35197.665443873804,LacZ_2,LacZ OE,0.5421065436331289,0.31102938077736875,39.85567733700262,70,2500
4965,96.42631200575126,612.6391085549964,271.4040258806614,1731.0,1.4812660824515422,23112.540618260246,LacZ_2,LacZ OE,0.4400329854187044,0.32195481591475716,37.471693713694464,70,2500
4966,95.91683778234086,635.8901437371663,269.0123203285421,1112.0,1.606864410390744,19221.330595482545,LacZ_2,LacZ OE,0.44512562198561567,0.37681312252677723,36.79068679107961,70,2500
4967,96.30573248407643,698.4447983014862,338.34819532908705,1168.0,1.2983793303799505,12506.156050955415,LacZ_2,LacZ OE,0.29110576940420474,0.5236222077148329,34.95121134609599,70,2500
4968,97.21659388646289,726.4489082969433,385.8419213973799,1317.0,1.4623471699505293,17093.018340611354,LacZ_2,LacZ OE,0.18571548236958968,0.5891831706861876,34.48069156742581,70,2500
4969,95.95963302752294,752.2073394495413,317.6715596330275,1292.0,1.4222380247885271,15265.769724770642,LacZ_2,LacZ OE,0.3363472338866016,0.6506524332174957,34.56130008835727,70,2500
4970,96.67717996289424,755.3209647495362,446.2430426716141,1296.0,1.3950011363753159,19584.730983302412,LacZ_2,LacZ OE,0.05183620889460827,0.6566182845897071,32.250980218900835,70,2500
4971,95.60421286031043,779.2184035476719,393.5831485587583,1160.0,1.4117954571602478,17706.495565410198,LacZ_2,LacZ OE,0.16816203102730953,0.7135338095063573,32.172158113171406,70,2500
4972,95.8557336621455,796.094944512947,361.90382244143035,950.0,1.3399278215333037,14138.667077681874,LacZ_2,LacZ OE,0.23807118129473848,0.753691225115914,32.99699536068303,70,2500
4973,96.41529411764706,797.5870588235294,383.56235294117647,1043.0,1.4721113124386669,20946.869411764706,LacZ_2,LacZ OE,0.19011179451714622,0.7569885891204626,33.03689033439491,70,2500
4974,94.875,811.6684782608696,408.48641304347825,587.0,1.6990590875328127,13524.964673913044,LacZ_2,LacZ OE,0.1349146699236512,0.7898979422467858,30.77832501649665,70,2500
4975,98.17068811438784,167.16353887399464,505.03574620196605,1378.0,1.2690409334027974,23273.92850759607,LacZ_2,LacZ OE,-0.07261982803821554,-0.7313172318575869,38.12702680622594,70,2500
4976,98.1106155218555,196.8171275646744,580.2863514719,1358.0,1.2600253072879777,17426.79036574487,LacZ_2,LacZ OE,-0.23938354231809045,-0.6621888178788262,36.02269638291514,70,2500
4977,98.27067669172932,208.33190118152524,561.8807733619764,1149.0,1.2940737373303082,14247.717508055854,LacZ_2,LacZ OE,-0.19878382994756538,-0.6348247068348059,36.499124443786684,70,2500
4978,97.48571428571428,213.72142857142856,580.947619047619,1599.0,1.3771472157459563,15139.954761904763,LacZ_2,LacZ OE,-0.24097774762367008,-0.6223367939348037,35.21721621772181,70,2500
4979,97.1108545034642,258.2759815242494,768.959584295612,1123.0,1.2795660173833543,18172.409930715934,LacZ_2,LacZ OE,-0.6573358126848619,-0.5192908759027232,30.02380982029767,70,2500
4980,98.16828478964402,345.5509708737864,281.878640776699,1614.0,1.2663251131750106,22524.58090614887,LacZ_2,LacZ OE,0.4193537008722339,-0.3081202124802984,41.581678529390004,70,2500
4981,98.21130434782609,368.1495652173913,244.10521739130434,1613.0,1.272157495821442,24891.037391304348,LacZ_2,LacZ OE,0.5027004789367235,-0.254404398084774,42.28416793825106,70,2500
4982,96.49376558603491,392.4189526184539,272.4501246882793,1031.0,1.5357284599358556,24820.654613466333,LacZ_2,LacZ OE,0.4398458669531389,-0.197505067193386,39.66900780034071,70,2500
4983,96.43426724137932,398.2068965517241,257.7122844827586,1181.0,1.3684088875989142,30870.31573275862,LacZ_2,LacZ OE,0.4723980530583667,-0.18369406963368284,39.896468266535635,70,2500
4984,98.05905511811024,401.24704724409446,302.51771653543307,1343.0,1.3100621283452332,24492.714566929135,LacZ_2,LacZ OE,0.37315982104098233,-0.17697203760142022,40.44652052971415,70,2500
4985,97.07495429616088,409.48263254113346,237.46983546617915,1416.0,1.4585032265303564,47057.12705667276,LacZ_2,LacZ OE,0.5170390202712698,-0.15686289453481683,40.89852694628084,70,2500
4986,96.97430167597766,420.82905027932964,185.06927374301677,1117.0,1.4904074608112798,30940.321787709498,LacZ_2,LacZ OE,0.6328622928248544,-0.12953303681167083,41.90844150118302,70,2500
4987,98.73186682520809,430.8579072532699,193.02497027348394,2148.0,1.5728024341736782,33709.69797859691,LacZ_2,LacZ OE,0.6150737185806159,-0.10592339568096587,43.38188096615575,70,2500
4988,97.91381872213967,434.8751857355126,177.85438335809806,1020.0,1.60317716621606,27170.130757800893,LacZ_2,LacZ OE,0.648639623957002,-0.09630162359127847,42.8784432851339,70,2500
4989,98.03200826019618,461.2880743417656,355.5338151781105,2523.0,1.576713318199347,36530.14868353123,LacZ_2,LacZ OE,0.2552906774115826,-0.03592447900879603,38.59626215602822,70,2500
4990,97.2417950435365,461.3369055592766,270.8620227729404,1780.0,1.4142155388458475,34666.91225720027,LacZ_2,LacZ OE,0.4426538258584771,-0.03490873060140465,39.779640298374346,70,2500
4991,97.44761904761904,468.7793650793651,219.03333333333333,1681.0,1.403641798255379,36159.95952380952,LacZ_2,LacZ OE,0.5572338546074747,-0.016786644588409394,41.120792232011695,70,2500
4992,102.15357142857142,507.439880952381,325.00625,4645.0,1.4376168472290738,52616.375,LacZ_2,LacZ OE,0.3221684756390242,0.07336259065435446,42.976675179532236,70,2500
4993,98.34503713706955,547.6981769074949,250.7272113436867,1737.0,1.278090057530451,37863.77177582715,LacZ_2,LacZ OE,0.486306281190207,0.16904181388946937,40.50708488845268,70,2500
4994,98.40392383150606,559.4420080784766,313.4396999422966,2073.0,1.4196190592101336,29177.17484131564,LacZ_2,LacZ OE,0.3474482757576933,0.19606385915011648,38.98915586456194,70,2500
4995,97.75767918088737,581.2327645051195,219.8368600682594,1788.0,1.4204089713601509,43054.877815699656,LacZ_2,LacZ OE,0.5543521360469574,0.24846412413737484,40.31196474867174,70,2500
4996,96.17059891107078,730.3157894736842,280.32849364791286,704.0,1.7025612676879402,11916.502722323048,LacZ_2,LacZ OE,0.41916369006087195,0.5994251168296769,35.85686756420428,70,2500
4997,96.11,740.2171428571429,346.19428571428574,839.0,1.688185314829328,12728.935714285713,LacZ_2,LacZ OE,0.27335350772486655,0.6220642312805016,34.16400700331529,70,2500
4998,98.02923588039867,756.4152823920266,335.45714285714286,1913.0,1.8686104590607588,13716.396677740864,LacZ_2,LacZ OE,0.2968518014077737,0.660432319349912,36.17447143543866,70,2500
4999,97.36563436563436,762.1948051948052,395.74725274725273,1202.0,1.231865762787664,16984.402597402597,LacZ_2,LacZ OE,0.16344796829419939,0.6733956826210215,34.04909899308447,70,2500
5000,98.63051084674598,185.6039188243527,389.40867739678094,1757.0,1.4938738663058269,23483.6011196641,LacZ_2,LacZ OE,0.18298436137979568,-0.6865555638882721,41.10173929143498,70,2500
5001,97.9759162303665,213.4502617801047,695.9811518324607,1107.0,1.1623163031470651,15186.562303664921,LacZ_2,LacZ OE,-0.49549372700984096,-0.6242132262539375,33.028323528028025,70,2500
5002,98.48787313432835,218.98507462686567,397.7266791044776,1235.0,1.3921422560077863,18599.120335820895,LacZ_2,LacZ OE,0.16426651452227237,-0.6079103847614155,40.438697293171785,70,2500
5003,97.90115667718192,262.267087276551,340.76130389064144,1092.0,1.4721899405597594,15574.19032597266,LacZ_2,LacZ OE,0.28990484133821814,-0.5052131766618952,40.75671067710809,70,2500
5004,96.93325791855203,280.4423076923077,284.3212669683258,1043.0,1.4527639834685655,19329.72963800905,LacZ_2,LacZ OE,0.41464355779180795,-0.461751675142544,40.9270203632924,70,2500
5005,98.70299145299145,283.02884615384613,363.1602564102564,1134.0,1.284562053543558,16619.01388888889,LacZ_2,LacZ OE,0.24010842835616764,-0.45646553472307894,40.83304009501991,70,2500
5006,98.50262881177707,292.38275499474236,307.4353312302839,1084.0,1.4490885095673398,18031.751840168243,LacZ_2,LacZ OE,0.36331075412718006,-0.43380176983170293,41.84026339913517,70,2500
5007,99.34297520661157,356.7314049586777,284.8413223140496,1940.0,1.3928733030892635,26761.435537190082,LacZ_2,LacZ OE,0.41263035599322406,-0.2817533955784932,42.57755851587547,70,2500
5008,98.12407862407862,366.1326781326781,265.03685503685506,1193.0,1.5046570407371698,25332.63267813268,LacZ_2,LacZ OE,0.4564166051947163,-0.2593908624728599,41.72875456676611,70,2500
5009,97.44394110985277,377.039637599094,288.8992072480181,1095.0,1.372396583409016,21564.22536806342,LacZ_2,LacZ OE,0.4035545968703451,-0.23393819535508875,40.38587445852825,70,2500
5010,98.34868421052632,386.04605263157896,200.56140350877192,582.0,1.3933159074398311,26091.81798245614,LacZ_2,LacZ OE,0.5988539391310284,-0.21171504462969581,43.261500870396645,70,2500
5011,100.96868884540118,397.1418786692759,266.8512720156556,1451.0,1.4146571511776511,27837.521526418786,LacZ_2,LacZ OE,0.4519554547713993,-0.18620184246784532,44.22681656855072,70,2500
5012,99.68032786885246,403.01873536299763,214.08196721311475,1072.0,1.256035566295888,46104.84192037471,LacZ_2,LacZ OE,0.5687088172766919,-0.17179656882179695,44.11150337607609,70,2500
5013,97.27512127512128,438.65142065142066,327.18087318087316,1879.0,1.5626255022805942,47292.657657657655,LacZ_2,LacZ OE,0.318275155595134,-0.0890289572472196,38.72200274074076,70,2500
5014,98.32892690513219,443.2566096423017,202.9144634525661,1628.0,1.569879239685203,45269.3732503888,LacZ_2,LacZ OE,0.5930956632782096,-0.07679412087098014,42.627243775678906,70,2500
5015,98.65634005763688,489.9776657060519,243.47622478386168,1633.0,1.3965869663477728,45045.18659942363,LacZ_2,LacZ OE,0.5028903009778773,0.03297781562413027,41.55196039990665,70,2500
5016,100.30551096843232,482.81380417335475,335.4296415195292,2758.0,1.498011057795996,48480.85874799358,LacZ_2,LacZ OE,0.2994421706559196,0.015119913107458638,41.12712233023825,70,2500
5017,98.57853658536585,488.13853658536584,195.2458536585366,1274.0,1.6535686670572256,37083.318048780486,LacZ_2,LacZ OE,0.6096140877899581,0.0291611976900239,42.616489375098084,70,2500
5018,97.87462863933452,500.222816399287,334.3683897801545,2074.0,1.3879744855124827,49474.884729649435,LacZ_2,LacZ OE,0.3017472203100171,0.05613989726825008,38.551455328400664,70,2500
5019,99.18484848484849,529.9252525252525,216.76464646464646,1273.0,1.4251963946343056,43726.07878787879,LacZ_2,LacZ OE,0.5615715700290966,0.12750709435961127,42.31220290310665,70,2500
5020,97.97176470588235,557.4486274509804,197.00235294117647,1488.0,1.2662061708215493,35458.53490196078,LacZ_2,LacZ OE,0.6050888795376983,0.19261528585255627,41.2909502405667,70,2500
5021,99.28581925055107,557.7443056576047,240.64437913299045,1626.0,1.3277090932297604,42707.39529757531,LacZ_2,LacZ OE,0.5084671101224167,0.19286924952851758,41.58433644133446,70,2500
5022,98.29819040125885,563.9260424862313,248.91424075531077,1585.0,1.6341961941718184,47132.38001573564,LacZ_2,LacZ OE,0.4901626001663204,0.207338317327195,40.343769503333434,70,2500
5023,98.89928909952607,582.8045023696683,180.98222748815166,1071.0,1.3682198704776731,26462.842417061613,LacZ_2,LacZ OE,0.6402375778261984,0.2526190983272636,42.343589703885016,70,2500
5024,99.25559845559846,592.5034749034749,192.17297297297299,1596.0,1.3095882408951538,35762.57683397683,LacZ_2,LacZ OE,0.6153675899390028,0.2753835298593541,42.34403480859703,70,2500
5025,98.04682926829268,603.3678048780488,263.6146341463415,1375.0,1.4161157666625148,22011.693658536584,LacZ_2,LacZ OE,0.4572717150360779,0.3002073866238011,39.363969559688215,70,2500
5026,97.64712918660287,617.2141148325359,257.0861244019139,1029.0,1.41930284744109,21264.355263157893,LacZ_2,LacZ OE,0.47160168821811554,0.33292943700153566,38.98113652031026,70,2500
5027,99.1290877796902,770.5421686746988,513.4139414802065,1391.0,1.4785215688218207,23929.327882960413,LacZ_2,LacZ OE,-0.0970426402355391,0.6918489343848591,32.98735894809781,70,2500
5028,98.77823408624229,787.4024640657084,706.3809034907598,1643.0,1.2626958225356897,15051.61704312115,LacZ_2,LacZ OE,-0.5240961327949694,0.7295170865521694,27.973357742829023,70,2500
5029,99.02462620932278,785.5602462620932,522.8144239226034,1325.0,1.2131476972632347,26358.404573438875,LacZ_2,LacZ OE,-0.11797960733226598,0.7271688483773251,32.51688061272523,70,2500
5030,97.48704200178732,801.4075067024129,501.82573726541557,1327.0,1.3858449311303283,17407.88561215371,LacZ_2,LacZ OE,-0.07161935820548904,0.7647415955465069,31.314039855654954,70,2500
5031,98.62388302193338,821.8643379366368,442.16571892770105,1426.0,1.2210499664175114,16562.326563769293,LacZ_2,LacZ OE,0.060112195084842446,0.8136678886778614,33.64115935539452,70,2500
5032,100.26076158940397,164.27649006622516,432.67301324503313,1492.0,1.4278417690659588,20439.25331125828,LacZ_2,LacZ OE,0.0873910389470105,-0.7372943554654707,41.93154966325477,70,2500
5033,99.50966608084359,198.4323374340949,604.5799648506152,1408.0,1.2698324978061046,14586.017574692443,LacZ_2,LacZ OE,-0.2932172070073674,-0.6586105225636356,36.83918156644597,70,2500
5034,98.919921875,216.7822265625,774.2666015625,1269.0,1.3539637656769568,19964.66796875,LacZ_2,LacZ OE,-0.6687687738956318,-0.6171816368934683,32.11449104263724,70,2500
5035,99.5324881141046,234.5974643423138,385.0158478605388,1465.0,1.1862290087098097,19538.87004754358,LacZ_2,LacZ OE,0.19218214874159734,-0.5709225033595791,41.626559767395406,70,2500
5036,99.58441558441558,377.63079777365493,305.4591836734694,1379.0,1.3201595337429273,21624.883116883117,LacZ_2,LacZ OE,0.3668019536426512,-0.23267457597741237,42.13384595692274,70,2500
5037,99.578231292517,399.9591836734694,247.6768707482993,885.0,1.7621144038498882,29453.869047619046,LacZ_2,LacZ OE,0.4944203525727968,-0.1793801692391187,43.25622537631227,70,2500
5038,100.5671447196871,409.77705345501954,257.1088657105606,1880.0,1.3258534606245045,38559.411994784874,LacZ_2,LacZ OE,0.473407472746298,-0.15630176342866042,43.92890817842731,70,2500
5039,100.00811359026369,411.9175118323191,224.5422582826234,1797.0,1.5508010974627515,42995.210953346854,LacZ_2,LacZ OE,0.5454640591341373,-0.15091234720607283,44.10828965294954,70,2500
5040,98.26884422110552,417.4007537688442,198.33668341708542,1021.0,1.4549533475846614,30617.376884422112,LacZ_2,LacZ OE,0.6034765366358521,-0.13773400683726633,42.92682540309127,70,2500
5041,99.01382113821138,424.6951219512195,223.9048780487805,1465.0,1.4121330219565258,39952.48130081301,LacZ_2,LacZ OE,0.5468019226117038,-0.12078860740180353,43.004178293820246,70,2500
5042,100.12295081967213,435.344262295082,252.4672131147541,2031.0,1.424782711231442,44516.530054644805,LacZ_2,LacZ OE,0.48345197320388356,-0.0959542214086162,43.34295249535242,70,2500
5043,100.14610143830431,479.78425435276307,251.28311884935655,1627.0,1.3744493723090867,44666.33232399697,LacZ_2,LacZ OE,0.48564042579854605,0.008883151219899466,42.95897155043596,70,2500
5044,98.16890881913304,494.7070254110613,185.0134529147982,826.0,1.5531845352807987,30758.06427503737,LacZ_2,LacZ OE,0.6322092547222204,0.044756453384355854,42.38126875015453,70,2500
5045,100.7397157816006,495.8436798803291,230.75542258788332,1717.0,1.3265147286193557,46611.99850411369,LacZ_2,LacZ OE,0.5308686061717296,0.04699999963686441,43.87382640141641,70,2500
5046,101.2962356792144,518.3360611020186,317.4708128750682,2290.0,1.3385517489175425,44326.31587561375,LacZ_2,LacZ OE,0.33877831012160464,0.09912642184236309,42.18868477323187,70,2500
5047,100.54460966542752,523.7608426270136,257.6177199504337,1895.0,1.4002419718325072,38132.80669144981,LacZ_2,LacZ OE,0.4711800527262209,0.11255445646524631,42.77949024054328,70,2500
5048,97.34453781512605,569.5042016806723,210.7843137254902,575.0,1.748525250996681,26183.081232492998,LacZ_2,LacZ OE,0.5745142749595851,0.22088784845758003,40.224715560518845,70,2500
5049,99.56354748603351,602.1745810055866,203.81494413407822,1692.0,1.5122975090656228,32021.382681564246,LacZ_2,LacZ OE,0.5895021065758177,0.2980762313520806,42.28588894886627,70,2500
5050,101.68271186440678,626.2684745762712,243.1579661016949,1965.0,1.370136037366966,23357.46440677966,LacZ_2,LacZ OE,0.5021193296547886,0.35452987987663587,43.251541197971136,70,2500
5051,98.84834123222748,734.1303317535545,314.21800947867297,609.0,1.3832813864403628,12238.41943127962,LacZ_2,LacZ OE,0.3440132611694473,0.6081162299739875,37.70642746936748,70,2500
5052,98.75551470588235,777.6875,460.78860294117646,695.0,1.7051372239381621,11928.534926470587,LacZ_2,LacZ OE,0.019332667335712594,0.7092655774272858,33.770776583901096,70,2500
5053,97.99447513812154,800.7196132596686,548.4129834254144,852.0,1.446650693063835,23933.255524861877,LacZ_2,LacZ OE,-0.1747057494405151,0.7626251668723723,30.742026934447765,70,2500
5054,98.46288798920378,838.0161943319838,586.6869095816464,970.0,1.3160405730891203,18469.064777327934,LacZ_2,LacZ OE,-0.25976574571755706,0.8501949151956822,29.95322419492136,70,2500
5055,101.1531380753138,150.9539748953975,520.4535564853556,1517.0,1.4941192956748954,19175.717154811715,LacZ_2,LacZ OE,-0.10672657627537818,-0.7696511489916463,40.90768052756009,70,2500
5056,99.0719512195122,236.04024390243902,496.5743902439024,1012.0,1.338176442958694,11998.223170731708,LacZ_2,LacZ OE,-0.054613416007833426,-0.5687401236528722,38.551472527617804,70,2500
5057,100.1214351425943,235.1738730450782,342.4057037718491,1401.0,1.3703685677701283,17816.91904323827,LacZ_2,LacZ OE,0.28641425210152005,-0.5690871609312691,43.20298127755822,70,2500
5058,101.86708203530634,233.02284527518174,567.5493250259606,1262.0,1.211079089732696,14285.168224299065,LacZ_2,LacZ OE,-0.21174936079613982,-0.5765636911305276,39.7207034047004,70,2500
5059,100.35883171070932,241.69819193324062,703.6328233657858,1045.0,1.583958626674226,15504.930458970794,LacZ_2,LacZ OE,-0.5128182899781907,-0.5576112936583673,34.955775561673875,70,2500
5060,101.35895339329518,348.39247751430906,267.28045789043335,1745.0,1.3710226872782818,24945.731807031887,LacZ_2,LacZ OE,0.45145744397378484,-0.3011865191678377,45.08383460459605,70,2500
5061,100.262118491921,372.46499102333934,233.53141831238779,746.0,1.43123340983174,22680.745062836624,LacZ_2,LacZ OE,0.525945568899254,-0.2440637413123854,44.538601537415715,70,2500
5062,102.90774299835256,381.89621087314663,243.2495881383855,1632.0,1.3447187669812035,23766.35172981878,LacZ_2,LacZ OE,0.504217688740185,-0.2218626402724937,46.86457712893046,70,2500
5063,99.76381909547739,402.10337401292173,341.6137832017229,1589.0,1.2803012309390893,21746.095477386934,LacZ_2,LacZ OE,0.2865696411826275,-0.17533739079769273,41.230979433559284,70,2500
5064,101.89505549949546,405.17558022199796,311.59132189707367,1269.0,1.3516976896422432,22056.904137235117,LacZ_2,LacZ OE,0.3528496533914731,-0.1677163759999465,44.03134637513193,70,2500
5065,100.33257918552036,461.8438914027149,233.91779788838613,1553.0,1.5062308613018403,39703.920060331824,LacZ_2,LacZ OE,0.5242223575113754,-0.033241497058094094,43.7256980257187,70,2500
5066,100.6045045045045,502.9720720720721,202.56036036036036,1279.0,1.419027561995998,38585.35675675676,LacZ_2,LacZ OE,0.5931836845982574,0.06411708396935833,44.326191856314594,70,2500
5067,101.24974093264248,535.4549222797928,338.7025906735751,2254.0,1.3252405013149362,29232.161139896372,LacZ_2,LacZ OE,0.29164317531434314,0.1392745796131245,41.47980031542755,70,2500
5068,99.91693290734824,544.405750798722,195.62193823216188,1157.0,1.3813773159502352,28350.81256656017,LacZ_2,LacZ OE,0.6081684857978231,0.16190944004236774,43.39526595658843,70,2500
5069,100.82001682085786,549.7275021026072,234.58957106812449,1495.0,1.609913074560757,37478.0,LacZ_2,LacZ OE,0.521860674865517,0.17406011622779283,43.33761269670768,70,2500
5070,100.97835773392744,579.4500318268618,242.36600891152133,1943.0,1.6571452033571823,36833.17250159134,LacZ_2,LacZ OE,0.5043607938504175,0.24408816144948942,43.02386764880643,70,2500
5071,100.44475655430712,602.2294007490636,239.875468164794,1316.0,1.4572541318820622,35669.20786516854,LacZ_2,LacZ OE,0.5096778979380794,0.2978344343661945,42.32565946505713,70,2500
5072,99.90584415584415,623.6850649350649,199.44480519480518,519.0,1.3414976805741194,20359.93181818182,LacZ_2,LacZ OE,0.5989445276719656,0.34886987592544516,42.51952736370873,70,2500
5073,99.33228346456693,638.0409448818898,210.2976377952756,782.0,1.4977204925471472,17694.856692913385,LacZ_2,LacZ OE,0.5748251202689483,0.38260134833139836,41.55272138771704,70,2500
5074,99.7629716981132,648.0495283018868,260.5542452830189,988.0,1.3447770565154005,16440.754716981133,LacZ_2,LacZ OE,0.46352132974048565,0.405673954284002,40.71381365334604,70,2500
5075,98.69082125603865,684.7753623188406,233.70531400966183,507.0,1.3214651822198715,12185.727053140097,LacZ_2,LacZ OE,0.5226203698326102,0.49256878814582805,39.908627034400965,70,2500
5076,100.39880952380952,709.3035714285714,279.7369047619048,989.0,1.3225734078942157,14691.317857142858,LacZ_2,LacZ OE,0.42045725476081475,0.5499649387938881,40.30306618580633,70,2500
5077,99.88775510204081,781.25,535.3642857142858,1171.0,1.464486996682298,20450.684693877552,LacZ_2,LacZ OE,-0.1457470735099724,0.7168854922858585,33.12934330919387,70,2500
5078,102.6825,787.1158333333333,683.9066666666666,1729.0,1.130391423315366,19656.583333333332,LacZ_2,LacZ OE,-0.47457449761815185,0.729173941720479,32.403085255310856,70,2500
5079,102.2241250930752,164.5994043186895,592.8525688756515,1627.0,1.364827112266796,20647.69843633656,LacZ_2,LacZ OE,-0.26708517196998305,-0.738225643262162,40.157120018941455,70,2500
5080,101.0140056022409,231.47338935574228,355.72549019607845,898.0,1.4644624755905697,15240.878151260504,LacZ_2,LacZ OE,0.2569360297020711,-0.5779399043620579,43.8209632202954,70,2500
5081,102.36455108359134,333.4798761609907,324.35371517027863,1547.0,1.2243355717606919,17655.176470588234,LacZ_2,LacZ OE,0.3252843136840329,-0.3369582415282535,44.904534516109024,70,2500
5082,100.81877729257641,349.10480349344977,246.42794759825327,1142.0,1.6087208783906664,22558.096069868996,LacZ_2,LacZ OE,0.4976113096772643,-0.2992924037798599,45.02296376467987,70,2500
5083,101.96428571428571,424.065306122449,207.98061224489797,1352.0,1.4179851272276243,34775.30306122449,LacZ_2,LacZ OE,0.5818854125063593,-0.12203408394313087,46.33107758878738,70,2500
5084,100.00898203592814,439.00798403193613,224.9001996007984,1234.0,1.511805043781888,38246.59880239521,LacZ_2,LacZ OE,0.5444100182372946,-0.08701584823748454,43.8358055495615,70,2500
5085,101.25515463917526,449.3290378006873,247.3041237113402,1421.0,1.2809578057133462,47741.4029209622,LacZ_2,LacZ OE,0.49468065815993123,-0.06288540381868857,44.458349395991874,70,2500
5086,100.33734939759036,459.94126506024094,249.17921686746988,1658.0,1.5764936037215536,43999.63328313253,LacZ_2,LacZ OE,0.4904770742133011,-0.03789482944793676,43.39331408257938,70,2500
5087,101.35095785440613,467.48199233716474,205.03065134099617,1515.0,1.4954634095975625,40865.340229885056,LacZ_2,LacZ OE,0.5880233586649248,-0.019605832910609244,45.3619967046959,70,2500
5088,102.71629901960785,467.390318627451,321.2083333333333,2130.0,1.3995314050823702,49897.68443627451,LacZ_2,LacZ OE,0.3309291651801931,-0.02105131578656616,44.019535972589,70,2500
5089,101.76246830092984,475.4437869822485,221.69399830938292,1467.0,1.5567339709917634,39663.18343195266,LacZ_2,LacZ OE,0.5510600711833682,-0.000997127524094421,45.30704501615095,70,2500
5090,100.72394678492239,487.6441241685144,219.20288248337027,1111.0,1.3971077743476674,30366.89467849224,LacZ_2,LacZ OE,0.5565068989755739,0.02778405611909185,44.20757894640336,70,2500
5091,101.75039001560063,525.7363494539782,232.37597503900156,1507.0,1.3057183878035403,39854.7503900156,LacZ_2,LacZ OE,0.5269419376260456,0.11751560971915187,44.553980090912106,70,2500
5092,102.0995670995671,533.7153679653679,188.16233766233765,1159.0,1.4416432280052562,30134.623376623378,LacZ_2,LacZ OE,0.6246622829104225,0.13682397504760102,45.855673099634004,70,2500
5093,101.75067385444744,549.0747978436658,344.0141509433962,1774.0,1.5022133183164297,24837.571428571428,LacZ_2,LacZ OE,0.2797345325243452,0.17135462907334365,41.723519094386916,70,2500
5094,101.89994216310006,568.4742625795258,334.8241758241758,2141.0,1.4936970301680208,33351.58646616541,LacZ_2,LacZ OE,0.29987047039629977,0.21721673561765376,41.89719858713478,70,2500
5095,102.03968253968254,579.7936507936508,261.31111111111113,1588.0,1.735426073407034,44190.083333333336,LacZ_2,LacZ OE,0.4623896115081023,0.24471737460029397,43.639855337893664,70,2500
5096,100.80172413793103,652.1293103448276,221.41091954022988,841.0,1.4368950639713762,16299.189655172413,LacZ_2,LacZ OE,0.5500265089222671,0.4157456274504143,42.62480930368757,70,2500
5097,100.182261208577,692.5204678362574,395.1637426900585,1295.0,1.5993206643421154,17772.48245614035,LacZ_2,LacZ OE,0.16526743609790384,0.5091201408963859,37.56000598555296,70,2500
5098,100.49134948096886,790.3494809688582,546.1487889273357,749.0,1.4772668727286171,18868.27508650519,LacZ_2,LacZ OE,-0.16972529582563534,0.7382459098877605,33.39232890042334,70,2500
5099,103.32006369426752,140.95222929936307,605.6273885350319,1609.0,1.327656611040641,18382.01433121019,LacZ_2,LacZ OE,-0.2951752635132968,-0.7941176134965449,41.18623431668034,70,2500
5100,104.89609838846481,155.31212892281596,577.3880407124682,2803.0,1.4674879937818033,21572.26972010178,LacZ_2,LacZ OE,-0.23292062103640176,-0.7599034751331941,43.27959012030891,70,2500
5101,103.59581320450886,195.80998389694042,671.7737520128825,1741.0,1.333927678018255,15798.272141706924,LacZ_2,LacZ OE,-0.4420585151643879,-0.6654317730414026,39.38329544295608,70,2500
5102,101.19377990430623,290.11961722488036,832.1961722488038,566.0,1.4884441883388,28543.947368421053,LacZ_2,LacZ OE,-0.7977557533069668,-0.4447717113053591,32.31979281762953,70,2500
5103,101.88151041666667,333.9778645833333,287.9739583333333,909.0,1.4670381458997788,15362.265625,LacZ_2,LacZ OE,0.40578884631617984,-0.3353999407238739,45.26483914462651,70,2500
5104,102.0,362.95723270440254,275.8905660377358,1210.0,1.6112203712446205,27625.719496855345,LacZ_2,LacZ OE,0.43223490870048153,-0.26691029748202644,45.381485445668176,70,2500
5105,103.29447852760737,371.8957055214724,244.36196319018404,721.0,1.4798988577726817,24738.15746421268,LacZ_2,LacZ OE,0.5018335068989213,-0.2454548342915357,47.32308638156215,70,2500
5106,100.81663837011885,382.6298811544992,274.2410865874363,776.0,1.4264346689037704,19967.174872665535,LacZ_2,LacZ OE,0.43575493992684033,-0.22051604093656108,44.04450917030488,70,2500
5107,101.46857923497268,386.91256830601094,287.69398907103823,955.0,1.655958178505629,19869.073770491803,LacZ_2,LacZ OE,0.40591741674056525,-0.2105452080282486,44.340741228040656,70,2500
5108,101.85730994152047,431.4578947368421,318.4654970760234,2169.0,1.5193853189482007,43262.699415204675,LacZ_2,LacZ OE,0.3373893036009865,-0.10579771645291847,43.576263865688574,70,2500
5109,102.90584132519616,448.89102005231035,201.14210985178727,1430.0,1.4616626226118359,40153.03574542284,LacZ_2,LacZ OE,0.5967256445807569,-0.0633800939253838,47.18889367799582,70,2500
5110,100.9364705882353,470.9647058823529,186.77882352941177,644.0,1.724496928326878,29900.04235294118,LacZ_2,LacZ OE,0.6283903305186853,-0.01120233866707021,45.339048157279706,70,2500
5111,103.6616134271792,476.35679480238224,307.21710882512184,2782.0,1.535149352529903,55110.162425554954,LacZ_2,LacZ OE,0.3617468978063305,0.000271966695717607,45.202989922999464,70,2500
5112,103.80766852195424,507.278293135436,340.4465058750773,2032.0,1.5191251715371936,42062.09276437848,LacZ_2,LacZ OE,0.28792545571183115,0.07285169043668827,44.271890615884345,70,2500
5113,101.68152866242038,518.2775250227479,193.47497725204732,1576.0,1.8507992560135382,32237.40127388535,LacZ_2,LacZ OE,0.6130798901412777,0.10034237751720076,45.464941503887545,70,2500
5114,102.67383292383292,533.8667076167076,275.37899262899265,1935.0,1.550471437924103,35308.15356265356,LacZ_2,LacZ OE,0.4316782579169145,0.1362478458577876,44.39513418143484,70,2500
5115,102.34567901234568,538.5902777777778,233.14197530864197,1526.0,1.479986737567921,36670.369598765436,LacZ_2,LacZ OE,0.5250921523929228,0.1478404299262992,45.00548082770091,70,2500
5116,102.58337801608579,536.2144772117963,302.79356568364614,2363.0,1.4989008283994965,36116.319034852546,LacZ_2,LacZ OE,0.371009865469375,0.1414862227691116,43.642669926905,70,2500
5117,103.21855235418131,543.9248067463107,285.69992972593116,1705.0,1.5541432662249641,30186.332396345748,LacZ_2,LacZ OE,0.40871936936440934,0.15987311440894225,44.60069248056959,70,2500
5118,103.40944881889764,568.994750656168,211.1804461942257,1798.0,1.3104466534043944,38117.10958005249,LacZ_2,LacZ OE,0.5733293663662116,0.219820324094246,46.28343739478976,70,2500
5119,102.4921875,567.66484375,258.91171875,1741.0,1.5525443369744132,43120.7078125,LacZ_2,LacZ OE,0.4677918453395631,0.21614459376684358,44.26679691944784,70,2500
5120,101.59649122807018,638.547619047619,239.562656641604,1023.0,1.5695527418826904,19398.260651629073,LacZ_2,LacZ OE,0.5099590279415389,0.38353067151952724,43.12904100442792,70,2500
5121,102.54016064257029,182.53514056224898,372.4277108433735,1228.0,1.452422851569553,16636.392570281125,LacZ_2,LacZ OE,0.22037965571118745,-0.6935206459379823,45.43600915286454,70,2500
5122,102.47237076648841,325.4099821746881,274.7504456327986,677.0,1.4229157572928226,14486.877005347593,LacZ_2,LacZ OE,0.43509610908388363,-0.3554527075074726,46.24758292886794,70,2500
5123,102.88629117959617,366.6461211477152,334.35706695005314,1104.0,1.396316850030241,16801.821466524972,LacZ_2,LacZ OE,0.3028056414302913,-0.25882310642138906,44.86847247678499,70,2500
5124,104.14545454545454,408.2213903743316,208.85454545454544,1121.0,1.4713324469151632,37534.90374331551,LacZ_2,LacZ OE,0.5799925384945792,-0.15936602412266931,48.646167253726546,70,2500
5125,103.40490797546012,410.3754601226994,242.12331288343557,1911.0,1.3516851458756636,42023.64294478528,LacZ_2,LacZ OE,0.5064081519554546,-0.15466289486006324,47.10924458873224,70,2500
5126,104.20960698689956,441.9938864628821,243.3589519650655,1403.0,1.5966274986942552,41021.262008733625,LacZ_2,LacZ OE,0.5033269909902274,-0.08007713692278562,47.57557981303485,70,2500
5127,103.2884892086331,440.6122302158273,328.9151079136691,1852.0,1.5210338932199088,47392.264028776975,LacZ_2,LacZ OE,0.31410867351105476,-0.08428538336229019,44.673840040674506,70,2500
5128,104.86312399355877,459.00161030595814,205.21417069243157,868.0,1.3094890343786356,29681.08695652174,LacZ_2,LacZ OE,0.5875178793293618,-0.03953096933116429,48.95172020259412,70,2500
5129,103.23518687329079,487.08751139471286,207.82224247948952,1336.0,1.4802289190457532,33270.81130355515,LacZ_2,LacZ OE,0.5815603370545817,0.026651928372476208,46.98875984049771,70,2500
5130,103.97042513863217,516.5609981515712,303.82439926062847,1474.0,1.5239480637918315,35898.527726432534,LacZ_2,LacZ OE,0.36884777643240385,0.09514854411008389,45.197500564055744,70,2500
5131,103.49230769230769,528.3519230769231,210.00096153846152,1306.0,1.3705466209820705,33121.35096153846,LacZ_2,LacZ OE,0.5763277359353631,0.12396767543952647,46.79134709331356,70,2500
5132,103.32392378263938,569.2893436838391,320.70712773465067,2097.0,1.4398510902545205,34771.54199011997,LacZ_2,LacZ OE,0.33102069528381795,0.21932499342492373,43.64183958948935,70,2500
5133,103.29598662207358,582.0869565217391,192.86622073578596,836.0,1.5612760788047122,24824.790969899666,LacZ_2,LacZ OE,0.6137258502565714,0.2508980095841937,46.46886897683096,70,2500
5134,103.66547725245317,580.9411239964318,216.97948260481712,1373.0,1.5785395368758277,37747.40856378234,LacZ_2,LacZ OE,0.5603711099187292,0.24794207675391267,46.2873369815365,70,2500
5135,102.13213213213213,597.042042042042,278.54654654654655,831.0,1.379192669358252,19130.624624624623,LacZ_2,LacZ OE,0.42408730970208763,0.28521759315191986,43.16176396713938,70,2500
5136,104.10480693459417,600.7769897557132,254.4168636721828,1669.0,1.422034268502808,26248.545311268717,LacZ_2,LacZ OE,0.47733227628360275,0.29433431623260886,45.65976801507141,70,2500
5137,104.16459627329192,707.2867494824017,363.22256728778467,1153.0,1.55073016216875,18373.781573498964,LacZ_2,LacZ OE,0.23558348044305655,0.5443879375297735,42.1412124356397,70,2500
5138,103.2631118881119,831.2805944055945,516.8592657342657,1401.0,1.3799751124588566,18708.833916083917,LacZ_2,LacZ OE,-0.10546619256516532,0.8351742866865552,36.44558268789899,70,2500
5139,104.2232905982906,254.14209401709402,357.3942307692308,1143.0,1.4734858339077372,17498.655982905984,LacZ_2,LacZ OE,0.2528590139091158,-0.5244143424388465,46.76856891454386,70,2500
5140,104.15531335149863,320.9500454132607,347.35149863760216,1278.0,1.2833415769151904,19281.03451407811,LacZ_2,LacZ OE,0.27443407732780134,-0.3667219313218846,46.28118537316294,70,2500
5141,107.31758720930233,355.10101744186045,285.9265988372093,1826.0,1.4981002892200266,20229.51526162791,LacZ_2,LacZ OE,0.40983297121128914,-0.2854288387936542,50.54027147239631,70,2500
5142,104.72378804960542,361.9627959413754,236.87147688838783,1147.0,1.4520818669904725,21827.375422773395,LacZ_2,LacZ OE,0.5184272397035148,-0.26877045173717995,49.023719752732816,70,2500
5143,104.30390143737166,432.2104722792608,222.28028747433265,1212.0,1.5147893336602265,40637.983572895275,LacZ_2,LacZ OE,0.5500499440766355,-0.10292318645500909,48.256921590425364,70,2500
5144,104.26508972267537,432.1141924959217,265.2553017944535,1709.0,1.5880474855327793,48102.68026101142,LacZ_2,LacZ OE,0.4549775452619962,-0.10361741178063555,47.21725715336285,70,2500
5145,106.62116040955631,437.80432309442546,278.9266211604096,2148.0,1.3163626253102225,45289.6353811149,LacZ_2,LacZ OE,0.4245551162672878,-0.0902902011710246,49.19821469157404,70,2500
5146,104.67438867438868,446.1254826254826,264.6299871299871,1984.0,1.4916981977552495,45857.57335907336,LacZ_2,LacZ OE,0.4562042363602514,-0.0705517855450406,47.503939058027285,70,2500
5147,105.0469387755102,473.53877551020406,347.8142857142857,1179.0,1.3819363514418996,33746.502040816325,LacZ_2,LacZ OE,0.2718878121845685,-0.006783924684852782,45.669063035826326,70,2500
5148,104.45945945945945,520.786133960047,344.78025851938895,2126.0,1.406283537272327,28183.44535840188,LacZ_2,LacZ OE,0.278173342730611,0.10468152716829393,44.690309203701446,70,2500
5149,104.5852534562212,533.0414746543779,320.9228110599078,2133.0,1.3027596829665518,33357.26958525346,LacZ_2,LacZ OE,0.33082904872230623,0.13385083541627885,45.252327173966194,70,2500
5150,104.65821749795585,790.8699918233851,482.7326246933769,1744.0,1.554768029046485,20367.96892886345,LacZ_2,LacZ OE,-0.029647585149305544,0.7402568061711283,39.03109175726219,70,2500
5151,106.60499139414802,195.6721170395869,479.736660929432,1563.0,1.2129601867097748,16174.719449225473,LacZ_2,LacZ OE,-0.017361399930214128,-0.6636048599185772,46.86951049159316,70,2500
5152,105.33114754098361,197.95245901639345,656.8622950819672,827.0,1.341465134293782,16821.370491803278,LacZ_2,LacZ OE,-0.4091797227816799,-0.6601767634074924,41.444723401775775,70,2500
5153,105.99382716049382,201.43621399176953,584.7561728395061,1240.0,1.3110111621513039,16624.583333333332,LacZ_2,LacZ OE,-0.24972443204690165,-0.6511619559264767,43.75400530194682,70,2500
5154,104.93174603174603,229.64285714285714,390.2063492063492,787.0,1.3504731479751706,13380.747619047619,LacZ_2,LacZ OE,0.18046787857432167,-0.5825423667698166,46.95156192195209,70,2500
5155,107.48144329896907,298.6036082474227,398.7216494845361,2372.0,1.7686063628088964,18955.24587628866,LacZ_2,LacZ OE,0.16083014705190513,-0.41991356110683165,48.62734346900737,70,2500
5156,105.13355048859935,336.64603691639525,311.48208469055373,1135.0,1.2862093277523396,15391.621064060804,LacZ_2,LacZ OE,0.3535869884823428,-0.32928711937888544,47.941731962886095,70,2500
5157,106.0670794633643,354.50361197110425,260.5562435500516,1306.0,1.5869989721397288,22389.81217750258,LacZ_2,LacZ OE,0.46603123010232994,-0.28659128862436833,49.88742546116487,70,2500
5158,106.63423423423423,352.15135135135137,272.34054054054053,845.0,1.3526943697758909,21295.05045045045,LacZ_2,LacZ OE,0.4399538064416397,-0.2922546457696432,50.202701326995125,70,2500
5159,103.76866764275256,373.80527086383603,321.1464128843338,819.0,1.331941358361075,15768.480234260614,LacZ_2,LacZ OE,0.331917226252596,-0.24177280788719424,45.988492301544085,70,2500
5160,103.69735006973501,382.02928870292885,222.4323570432357,803.0,1.3602084605977902,25047.649930264994,LacZ_2,LacZ OE,0.5502303809313338,-0.2213048671359371,48.137908445777555,70,2500
5161,105.96410684474124,382.9891485809683,331.82220367278796,1409.0,1.2784618533355447,18364.886477462438,LacZ_2,LacZ OE,0.30809642351007027,-0.2201757980081117,47.84452258813867,70,2500
5162,105.88080072793448,407.91537761601455,294.62420382165607,1321.0,1.363719882687115,25588.69608735214,LacZ_2,LacZ OE,0.3901541776235302,-0.16097874081892904,48.3845430689578,70,2500
5163,106.23748544819557,439.6612339930151,194.36670547147847,1005.0,1.2738535134539641,37348.7753201397,LacZ_2,LacZ OE,0.6116322502345037,-0.08500153034934388,50.76770590814415,70,2500
5164,108.53991370010787,446.80582524271847,338.7071197411003,2300.0,1.3526497937035684,42733.33656957929,LacZ_2,LacZ OE,0.29211407689646984,-0.0696624288531883,49.634732963980156,70,2500
5165,106.79067245119306,475.6854663774403,333.0466377440347,2244.0,1.476203484100561,47635.22288503254,LacZ_2,LacZ OE,0.30444797537541346,-0.0015203394853247065,47.7354940238897,70,2500
5166,106.15399002493766,483.55361596009976,320.93827930174564,2044.0,1.3587741761080727,49674.288029925185,LacZ_2,LacZ OE,0.3311925587291946,0.01715569407034967,47.30430875247882,70,2500
5167,104.53796095444686,501.3253796095445,218.3698481561822,1102.0,1.4492379439671568,43395.986984815616,LacZ_2,LacZ OE,0.558020360901101,0.06015118327577573,47.905958636627346,70,2500
5168,105.92350332594235,519.0687361419069,275.7378048780488,2200.0,1.4486396317735717,47787.75720620843,LacZ_2,LacZ OE,0.4308596624241332,0.10141303529064793,47.7801603158714,70,2500
5169,105.22095238095238,556.2742857142857,196.4009523809524,1260.0,1.431046042767042,31129.187619047618,LacZ_2,LacZ OE,0.6060560780212765,0.19001729086635777,48.56332830059236,70,2500
5170,106.9234899328859,561.7906040268456,348.86845637583895,1817.0,1.4774196441455876,26402.44765100671,LacZ_2,LacZ OE,0.2686047789861803,0.20141379511262603,46.65713101151458,70,2500
5171,106.89963724304715,602.3833131801692,193.66989117291413,1009.0,1.4320321554638713,27912.973397823458,LacZ_2,LacZ OE,0.6115652344049842,0.2988461214123823,49.854087344507676,70,2500
5172,107.64720194647202,614.9334955393349,218.5985401459854,1573.0,1.4292825888899774,31946.893755068937,LacZ_2,LacZ OE,0.5562545274477191,0.32819580802857296,49.89752173501877,70,2500
5173,104.9,782.545283018868,420.6132075471698,795.0,1.294457299531484,14331.967924528302,LacZ_2,LacZ OE,0.10784972393504355,0.7213001352017525,40.80232155434399,70,2500
5174,106.6689497716895,151.12937595129375,481.4497716894977,1620.0,1.2900317892977424,17611.164383561645,LacZ_2,LacZ OE,-0.020723724794724396,-0.7686883452429893,47.329245612190775,70,2500
5175,106.42744755244755,217.12062937062936,455.71590909090907,1459.0,1.406984617287134,13099.208916083917,LacZ_2,LacZ OE,0.0355823219156397,-0.6127560698688486,47.042163708121294,70,2500
5176,107.1582459485224,357.9818875119161,314.1658722592946,1236.0,1.3417757502832297,17241.90467111535,LacZ_2,LacZ OE,0.34733846369637544,-0.2789435169226999,49.694503007110384,70,2500
5177,105.45042492917847,384.58923512747873,205.10481586402267,527.0,1.7259368071424834,20831.543909348442,LacZ_2,LacZ OE,0.5884494166977312,-0.21503851895932424,50.269309674459606,70,2500
5178,108.49636803874093,394.6138014527845,266.36622276029055,2227.0,1.3775272276194446,23757.89225181598,LacZ_2,LacZ OE,0.4526639488933024,-0.19198790124195542,51.788127527401514,70,2500
5179,106.19601328903654,397.17718715393136,302.74307862679956,1119.0,1.5275349223225951,21117.71096345515,LacZ_2,LacZ OE,0.37228007114234485,-0.18638861539990237,48.61543730701267,70,2500
5180,106.6519065190652,421.68757687576874,200.15621156211563,1092.0,1.397425432293067,28977.40098400984,LacZ_2,LacZ OE,0.5989763767203458,-0.12745071566687605,51.22285753448095,70,2500
5181,107.06001188354129,432.4652406417112,312.5888294711824,2208.0,1.7145805618400909,41172.18954248366,LacZ_2,LacZ OE,0.35011184736244116,-0.10323908564589301,48.90444202443561,70,2500
5182,106.84477124183006,468.26633986928107,219.25081699346404,1521.0,1.458742210178157,40168.35294117647,LacZ_2,LacZ OE,0.5562719893704076,-0.017784590630252617,50.51488975890494,70,2500
5183,108.10882512181917,479.62479696805633,294.39361126150516,2218.0,1.240765205975014,45680.056307525716,LacZ_2,LacZ OE,0.3898553643952922,0.008221099218540973,49.915744996731945,70,2500
5184,108.46395742622158,518.2399612965651,294.2423802612482,2584.0,1.4511733145949048,48133.43154329947,LacZ_2,LacZ OE,0.38979797124046156,0.099315379700196,49.89654259908427,70,2500
5185,105.47198480531814,595.5318138651472,240.85375118708453,1435.0,1.6976851655956413,32195.05413105413,LacZ_2,LacZ OE,0.5073185779457834,0.28214047734774605,47.39399390350634,70,2500
5186,107.2550052687039,593.2760800842992,226.95152792413066,1162.0,1.4216734082869629,28525.279241306638,LacZ_2,LacZ OE,0.538004691820485,0.27701123569692276,49.52259088448815,70,2500
5187,105.62264150943396,609.3993710691824,280.57704402515725,811.0,1.706000005729345,17972.408805031446,LacZ_2,LacZ OE,0.41929519548134353,0.3144234224022173,46.48294047277362,70,2500
5188,105.82162162162162,617.9837837837838,232.31351351351353,761.0,1.7833614697191709,22142.78198198198,LacZ_2,LacZ OE,0.5259771860899118,0.3352002857684977,47.72297094828383,70,2500
5189,105.21358267716535,636.4783464566929,292.05610236220474,1186.0,1.477424386032533,16985.242125984252,LacZ_2,LacZ OE,0.3936587622033205,0.3781627916079491,45.54152396806528,70,2500
5190,105.72611464968153,682.9458598726114,297.5106157112526,1143.0,1.7095588992218504,18794.85456475584,LacZ_2,LacZ OE,0.38111544871636815,0.4877217830295566,45.47217894975064,70,2500
5191,107.21997300944669,753.7651821862348,654.3873144399461,1129.0,1.3397676908323275,25244.542510121457,LacZ_2,LacZ OE,-0.4091794955661058,0.6509310586925559,37.95349229487137,70,2500
5192,105.64968944099378,769.4534161490683,427.1068322981366,1011.0,1.4108181541967462,15635.178881987578,LacZ_2,LacZ OE,0.09357153995568113,0.6903660155383899,41.528465093377065,70,2500
5193,109.15529753265602,771.2191582002903,669.6676342525399,2093.0,1.6450416390683664,16613.606676342526,LacZ_2,LacZ OE,-0.4432536531787268,0.6919794873064848,39.36125220364197,70,2500
5194,108.20550161812298,780.6310679611651,588.9749190938511,1637.0,1.4424319236065268,21995.87216828479,LacZ_2,LacZ OE,-0.2647759184985182,0.7150338308547393,40.20074806084871,70,2500
5195,107.86860198624905,162.0244461420932,532.1650114591291,1547.0,1.3309031810001546,15660.838808250573,LacZ_2,LacZ OE,-0.13309048583876015,-0.7435121365825862,47.23969282571004,70,2500
5196,105.97674418604652,188.25913621262458,390.656146179402,833.0,1.2342360483896497,16186.724252491695,LacZ_2,LacZ OE,0.17981916476802895,-0.6801383287507138,48.39057025682109,70,2500
5197,107.62933333333334,352.24622222222223,369.0933333333333,1304.0,1.267543609998858,20415.872,LacZ_2,LacZ OE,0.22585139988116132,-0.29305782284561765,48.941113028362366,70,2500
5198,107.97482837528604,382.43707093821513,356.1777269260107,1527.0,1.2879904056488511,17641.26239511823,LacZ_2,LacZ OE,0.25411514875456787,-0.2216963569912016,49.2922411830326,70,2500
5199,107.44733420026007,395.05591677503253,216.3042912873862,1037.0,1.4659294759246912,26110.26788036411,LacZ_2,LacZ OE,0.5634678948680145,-0.19042587528773847,51.90211684742847,70,2500
5200,106.06960556844548,399.4663573085847,284.0185614849188,579.0,1.7025630446828481,19371.366589327146,LacZ_2,LacZ OE,0.4136894512475269,-0.1807887182516703,48.90317091926609,70,2500
5201,107.8744,415.1848,261.192,1523.0,1.4244555148458957,39393.9248,LacZ_2,LacZ OE,0.463944203380936,-0.14342358190053794,51.08574408965403,70,2500
5202,108.22638146167557,424.8351158645276,226.05971479500892,1384.0,1.564670075963618,31606.808377896614,LacZ_2,LacZ OE,0.5415571962306733,-0.12027145982779863,52.16219251552948,70,2500
5203,108.9440414507772,432.71554404145076,335.3854922279793,2361.0,1.5154651985516918,36963.81450777202,LacZ_2,LacZ OE,0.29957808644859374,-0.10285298738882931,50.253999177270245,70,2500
5204,109.20988258317026,454.4911937377691,296.279843444227,2484.0,1.336559841505615,47304.73091976516,LacZ_2,LacZ OE,0.385868645785308,-0.05105877520653912,51.218345282621556,70,2500
5205,107.79004854368932,465.3828883495146,252.1516990291262,1952.0,1.5052446675774034,44031.125,LacZ_2,LacZ OE,0.4834630999298488,-0.024921370471655102,50.72110681657584,70,2500
5206,106.47323600973236,500.17396593673965,235.02919708029196,1078.0,1.7288636451832304,41734.096107055964,LacZ_2,LacZ OE,0.5210753373418606,0.057298698308369644,49.46352623589465,70,2500
5207,106.89958158995816,539.8145048814505,215.66108786610877,858.0,1.3488203627393007,25840.270571827055,LacZ_2,LacZ OE,0.5635186080789023,0.15102171810948395,49.95345577808067,70,2500
5208,106.54743083003953,544.1581027667984,200.8102766798419,605.0,1.297179615695724,23775.167984189724,LacZ_2,LacZ OE,0.5963498242600991,0.1614203712522142,49.90511995456937,70,2500
5209,108.12543859649122,555.4289473684211,214.43508771929825,1337.0,1.6874711831793108,32177.808771929824,LacZ_2,LacZ OE,0.5660165057612081,0.1878939798919641,51.054754988623856,70,2500
5210,106.95490716180372,567.5225464190981,245.79664014146772,1468.0,1.3883340025664366,37087.92572944297,LacZ_2,LacZ OE,0.4965775824154903,0.21605311022417406,49.03521286444584,70,2500
5211,107.95780051150895,190.01150895140665,458.67519181585675,1101.0,1.3412560183366553,13576.964194373402,LacZ_2,LacZ OE,0.029218576892533266,-0.6766975885964135,48.76823317188007,70,2500
5212,108.75306479859896,368.2276707530648,232.84063047285463,757.0,1.4764375149722146,22554.7880910683,LacZ_2,LacZ OE,0.5270759787428376,-0.2538572997744172,53.08438818588159,70,2500
5213,110.64688940092167,443.11232718894007,302.0086405529954,2231.0,1.3618196313342106,44088.726958525345,LacZ_2,LacZ OE,0.3732304234763735,-0.07792832217515078,52.63265856649771,70,2500
5214,108.94798761609907,453.81486068111457,325.6421052631579,2009.0,1.4284582053595785,45742.686068111456,LacZ_2,LacZ OE,0.32092942364416577,-0.05297862408775311,50.27867524126843,70,2500
5215,108.95408467501491,468.0298151460942,305.09600477042335,2169.0,1.7599481929056544,51289.55992844365,LacZ_2,LacZ OE,0.3662465313873544,-0.01922568281930992,50.62467285138047,70,2500
5216,109.68601276842716,478.4416715031921,255.18282066163667,2061.0,1.39541544153659,49554.30470110273,LacZ_2,LacZ OE,0.4765328905121815,0.005891774867607946,52.418060006362296,70,2500
5217,107.97958087049973,498.1192907039226,295.2208490059108,2144.0,1.5168861680885959,43839.232133261685,LacZ_2,LacZ OE,0.387852973629236,0.05183354661624029,49.586338602948416,70,2500
5218,108.60886469673406,506.56454121306376,279.34447900466563,1674.0,1.727062503179011,48298.580093312594,LacZ_2,LacZ OE,0.42286266542423956,0.07194061178048083,50.50290713027442,70,2500
5219,108.42314049586777,514.5479338842975,228.87768595041322,1381.0,1.2432909927316735,41025.77355371901,LacZ_2,LacZ OE,0.534444719581685,0.09131492426987164,51.41559672329609,70,2500
5220,110.56066734074822,514.4838220424672,318.37714863498485,2464.0,1.7484457644560463,44299.44691607684,LacZ_2,LacZ OE,0.3363316373128167,0.09024151426178006,51.46671141137038,70,2500
5221,108.67817589576548,521.57003257329,331.9413680781759,1854.0,1.4139252794147514,26903.309446254072,LacZ_2,LacZ OE,0.30635170753602203,0.10676616596561184,49.19930121876524,70,2500
5222,109.31796610169492,535.2454237288135,334.6942372881356,1770.0,1.407657537928612,30928.34305084746,LacZ_2,LacZ OE,0.30009604510456933,0.13900809351480703,49.64093645389633,70,2500
5223,108.39383070301291,538.8558106169297,304.09110473457673,1852.0,1.834069939885308,43154.92682926829,LacZ_2,LacZ OE,0.36781340581866484,0.14783510554954216,49.3951796990043,70,2500
5224,108.49746926970354,572.4338394793926,259.03615328994937,1663.0,1.4535147528726091,38209.26825741142,LacZ_2,LacZ OE,0.46716003626473057,0.2275293306457853,50.2206066797813,70,2500
5225,108.2407132243685,578.9234769687964,278.4479940564636,1589.0,1.4898860825302376,31307.293462109956,LacZ_2,LacZ OE,0.4241649285966591,0.24262047254777497,49.447932033939296,70,2500
5226,108.30569007263922,586.8692493946731,322.3722760290557,1889.0,1.3521290683152853,34007.53571428572,LacZ_2,LacZ OE,0.3269092537549618,0.260887719720605,48.411224171804136,70,2500
5227,108.18333333333334,683.2314814814815,277.3777777777778,694.0,1.3877746347588156,15790.242592592593,LacZ_2,LacZ OE,0.42552636613238226,0.48867001728210324,48.39514251099686,70,2500
5228,107.84957264957265,803.3145299145299,668.4512820512821,1081.0,1.4412352332789018,15199.324786324787,LacZ_2,LacZ OE,-0.4408057158649862,0.7676686760562994,37.77033170668615,70,2500
5229,108.41221374045801,802.6374045801526,510.6917938931298,1251.0,1.3801955539687711,17042.64503816794,LacZ_2,LacZ OE,-0.09181064321570986,0.7677958692989435,42.017008508969,70,2500
5230,108.5516129032258,224.19516129032257,548.9693548387097,774.0,1.4830690619165259,10554.91935483871,LacZ_2,LacZ OE,-0.1709042245159753,-0.5970320485745564,46.92257801139961,70,2500
5231,108.10485933503837,250.11253196930946,429.920716112532,660.0,1.536251512423935,14597.255754475704,LacZ_2,LacZ OE,0.09224415366546879,-0.5346174077532775,48.99762301534204,70,2500
5232,108.20106524633822,332.7057256990679,337.84420772303594,976.0,1.517976943147202,16897.175765645807,LacZ_2,LacZ OE,0.29514459607753474,-0.33879740763861144,50.43227425851053,70,2500
5233,110.44269924374636,366.5456660849331,275.326934264107,2244.0,1.5050111939149007,25031.62245491565,LacZ_2,LacZ OE,0.4330107832725181,-0.25824713502384977,53.7995220978155,70,2500
5234,108.12820512820512,372.54131054131057,248.70227920227921,907.0,1.3925306728607483,23314.451566951568,LacZ_2,LacZ OE,0.4919751807832684,-0.24386873680530163,52.04777379190273,70,2500
5235,108.77267987486965,376.44212721584984,262.0010427528676,1147.0,1.489135614572972,24038.70385818561,LacZ_2,LacZ OE,0.4624827458847687,-0.2347971490945946,52.34387089541339,70,2500
5236,110.01495972382048,377.2186421173763,303.337169159954,1105.0,1.3299230195896596,19494.397008055235,LacZ_2,LacZ OE,0.3709614677886095,-0.23338562101235238,52.614555343388616,70,2500
5237,110.53298350824588,414.66566716641677,235.55397301349325,1611.0,1.4374439235233547,36774.43553223388,LacZ_2,LacZ OE,0.5205318487839474,-0.14430926049787307,54.346214061945474,70,2500
5238,112.3125,502.31195652173915,314.69347826086954,2450.0,1.5891548424776736,45473.01467391304,LacZ_2,LacZ OE,0.34450839288435886,0.0616107632859666,53.42292492354048,70,2500
5239,109.77878985035784,504.0709173715029,247.4046844502277,1819.0,1.6457592600966477,35853.57579700716,LacZ_2,LacZ OE,0.4934880056672859,0.06643193450329576,52.44141258478619,70,2500
5240,109.05940594059406,565.6080372743156,318.1712288875946,2030.0,1.4429985408465746,36156.95923121724,LacZ_2,LacZ OE,0.33637015115773816,0.21080006113222938,49.47061573026723,70,2500
5241,110.59003601440577,563.3487394957983,334.4141656662665,1951.0,1.2975234653146261,39297.484393757506,LacZ_2,LacZ OE,0.3003780054938405,0.2053296055771905,50.64421251568308,70,2500
5242,110.68987712112346,564.4564072557051,287.31597425394966,2154.0,1.5478998109899564,36579.7121123464,LacZ_2,LacZ OE,0.40455933354861906,0.2084555945018427,51.831110055468145,70,2500
5243,109.26510067114094,579.0838926174497,203.13758389261744,742.0,1.4959873278143916,24120.46979865772,LacZ_2,LacZ OE,0.5907226529709124,0.24383928687095469,52.226012565465936,70,2500
5244,110.08946877912395,579.7008387698042,236.79310344827587,1288.0,1.2812915262118185,31462.87045666356,LacZ_2,LacZ OE,0.5162166305722973,0.24494821464534255,52.25952535513703,70,2500
5245,109.6839762611276,595.313056379822,201.68249258160236,862.0,1.3894513413350325,24735.458456973294,LacZ_2,LacZ OE,0.5937631384741457,0.2821456016465065,52.5199152976147,70,2500
5246,109.41592920353982,601.473049074819,211.99356395816574,1626.0,1.2742842584593312,33771.15205148834,LacZ_2,LacZ OE,0.5709057984708179,0.29655766191564537,51.951329455405514,70,2500
5247,109.71594684385381,742.6594684385382,648.8770764119602,895.0,1.3908257622843425,30740.83388704319,LacZ_2,LacZ OE,-0.3970105270232127,0.6248519254739278,40.68575950709209,70,2500
5248,110.28404255319148,787.4787234042553,618.3489361702127,1230.0,1.2836163277867108,22625.572340425533,LacZ_2,LacZ OE,-0.329934906806019,0.7309146890252141,41.526889666205136,70,2500
5249,109.03609625668449,259.0548128342246,434.78877005347596,934.0,1.316154194715478,15165.2807486631,LacZ_2,LacZ OE,0.0813397149074715,-0.5135561226745475,49.72760482469164,70,2500
5250,110.45205479452055,301.72054794520545,852.4465753424657,630.0,1.3127730429094413,27776.624657534245,LacZ_2,LacZ OE,-0.8431472726313233,-0.4174160537505184,40.989559577122776,70,2500
5251,109.85521885521885,308.24466891133557,373.84062850729515,1023.0,1.2648867197660372,17491.079685746354,LacZ_2,LacZ OE,0.21565945505916018,-0.3968483311557853,51.48605920982824,70,2500
5252,110.6510172143975,375.9170579029734,228.43348982785602,785.0,1.5899668110335388,22247.438184663537,LacZ_2,LacZ OE,0.5366535810051491,-0.23562861495945808,55.00925035182256,70,2500
5253,110.76081424936386,387.882951653944,306.4834605597964,977.0,1.317672819981176,17876.44147582697,LacZ_2,LacZ OE,0.36385907304654896,-0.20824800820720246,53.18250520334797,70,2500
5254,109.8672032193159,404.1629778672032,236.87927565392354,634.0,1.4627444430673018,26078.6277665996,LacZ_2,LacZ OE,0.5177358556154426,-0.1691123317497446,53.752492786256795,70,2500
5255,110.7248062015504,427.0372093023256,263.02868217054265,1620.0,1.622390222847704,40000.0992248062,LacZ_2,LacZ OE,0.4596188427381893,-0.11542125534713688,53.77647940012716,70,2500
5256,111.0836820083682,466.4283472803347,270.48064853556485,2512.0,1.3875299161423804,43603.84414225941,LacZ_2,LacZ OE,0.4427328918948863,-0.022579028438690085,53.57618743468494,70,2500
5257,110.52849740932642,471.92746113989637,234.70725388601036,1386.0,1.4858837229840178,34632.833333333336,LacZ_2,LacZ OE,0.5218512866410783,-0.009232417115224711,53.80131334732086,70,2500
5258,110.9525447042641,482.65680880330126,310.1121045392022,1711.0,1.3792638455955395,53126.25171939477,LacZ_2,LacZ OE,0.3549044054874375,0.015267324992623621,52.36247573815366,70,2500
5259,110.37945205479453,484.6027397260274,211.7890410958904,894.0,1.3485525082159877,28498.18493150685,LacZ_2,LacZ OE,0.5724392280938599,0.02091096664662051,54.06257697470822,70,2500
5260,111.68047337278107,486.89026358257127,268.9392146315223,2226.0,1.3689941013826927,48805.814954276495,LacZ_2,LacZ OE,0.4459142480736207,0.02571640082994664,54.008555625598774,70,2500
5261,111.18287711124053,495.4909726266744,326.7478159580664,2187.0,1.595838405997965,44243.11415259173,LacZ_2,LacZ OE,0.3179644796296859,0.04536502283623389,52.079384975132186,70,2500
5262,110.02648578811369,537.1466408268734,263.86369509043925,1927.0,1.7529986981064387,36885.83527131783,LacZ_2,LacZ OE,0.45674226160872644,0.14427725591038199,51.981789157561906,70,2500
5263,111.98577235772358,549.5284552845528,301.41327913279133,1819.0,1.5418224379688432,42304.68970189702,LacZ_2,LacZ OE,0.3734487597241185,0.17312053760926638,52.943993732979536,70,2500
5264,110.57945736434108,400.7984496124031,224.79457364341084,684.0,1.3799052489681793,25767.102713178294,LacZ_2,LacZ OE,0.5444670640631606,-0.17690113404316432,54.77914334557076,70,2500
5265,112.73290793072015,440.32543299908843,227.50045578851413,1527.0,1.4925496965133653,29673.31996353692,LacZ_2,LacZ OE,0.5379869995197031,-0.08364601996622145,56.482161474246965,70,2500
5266,110.41342412451363,498.8725680933852,221.14105058365757,1349.0,1.5409203236007445,36184.30739299611,LacZ_2,LacZ OE,0.5516095843885023,0.05446961429834585,53.7389376334513,70,2500
5267,111.67368421052632,530.6063157894737,296.56701754385966,1815.0,1.4695649979571712,38200.462456140354,LacZ_2,LacZ OE,0.3843695444183475,0.12853289696363435,52.93008115675423,70,2500
5268,111.39587426326129,561.3752455795678,257.65029469548136,1243.0,1.5641737488576797,35240.424361493126,LacZ_2,LacZ OE,0.4701832207775052,0.20152578412127786,53.25857050465463,70,2500
5269,111.86854034451495,569.2067089755213,213.85675430643698,1495.0,1.608384029465254,27040.48685403445,LacZ_2,LacZ OE,0.5669692140096121,0.22048436140458283,54.67536343531671,70,2500
5270,111.76856649395509,660.1917098445596,300.98445595854923,729.0,1.548408197821403,16214.253886010363,LacZ_2,LacZ OE,0.37333798927891326,0.4341500881125575,51.654308353287675,70,2500
5271,111.08201058201058,214.06084656084656,727.1322751322751,564.0,1.3162737617364133,15618.55291005291,LacZ_2,LacZ OE,-0.5650938793220686,-0.6228117569742725,45.39808038487183,70,2500
5272,112.65308641975308,330.46666666666664,329.358024691358,1011.0,1.5313244446684156,17507.938271604937,LacZ_2,LacZ OE,0.31371048277199143,-0.34388514610575827,55.10260041453844,70,2500
5273,112.35,429.875,249.482,1200.0,1.5056757441080393,32148.11,LacZ_2,LacZ OE,0.489477254655198,-0.10854347267992537,55.68918542496445,70,2500
5274,113.18006607929516,443.6283039647577,321.681718061674,2219.0,1.6855619910390873,45903.62334801762,LacZ_2,LacZ OE,0.3295709737512411,-0.07686685281652361,54.70137153916747,70,2500
5275,113.55367994598244,456.2390276839973,281.22957461174883,1888.0,1.369835264379301,50393.71100607698,LacZ_2,LacZ OE,0.4189235400867144,-0.04667358190766491,55.89449899178237,70,2500
5276,113.77079593058049,480.96648713345303,326.26690604428484,2019.0,1.3541591671924236,47118.75224416517,LacZ_2,LacZ OE,0.31903519075480835,0.01116930771745328,54.819770779743294,70,2500
5277,112.40064102564102,516.6846153846154,258.76025641025643,1879.0,1.4044762068298535,39573.39102564102,LacZ_2,LacZ OE,0.46810807283220335,0.09612148252905395,54.67432025879823,70,2500
5278,112.95974382433668,567.4345837145471,241.01372369624886,1399.0,1.5231376020661394,33633.48490393413,LacZ_2,LacZ OE,0.5068495169182143,0.21603459868957686,55.15048720318566,70,2500
5279,113.65112107623318,589.7264573991031,247.24484304932736,1374.0,1.3943780529582086,29518.601793721973,LacZ_2,LacZ OE,0.49281274993814406,0.2685643226544008,55.47832083204642,70,2500
5280,112.43402777777777,607.1180555555555,232.0439814814815,1035.0,1.2987647025224203,25218.86574074074,LacZ_2,LacZ OE,0.5263368569111253,0.30972434111860503,54.44583911775007,70,2500
5281,111.9088888888889,609.9711111111111,251.07111111111112,703.0,1.9971456576211424,19841.566666666666,LacZ_2,LacZ OE,0.48424191706508624,0.31623564681743277,53.44940982884155,70,2500
5282,111.05648535564853,717.8974895397489,638.5418410041841,822.0,1.870832095357676,38013.58368200837,LacZ_2,LacZ OE,-0.37397517886333487,0.5665866877061185,42.50902824595251,70,2500
5283,111.25554569653949,767.1304347826087,544.6858917480035,1476.0,1.5066241238379416,23199.739130434784,LacZ_2,LacZ OE,-0.16682055436667764,0.6837389791868649,44.41432350875512,70,2500
5284,113.70449172576832,161.24822695035462,635.0543735224586,770.0,1.561883435820475,11343.929078014184,LacZ_2,LacZ OE,-0.3610108317927655,-0.7463260868393613,50.682817398377026,70,2500
5285,112.21146953405018,180.38172043010752,520.5770609318996,708.0,1.2767567122405032,13515.749103942653,LacZ_2,LacZ OE,-0.1078560693565167,-0.6999865738519975,51.671726427976765,70,2500
5286,112.55596330275229,183.39633027522936,493.52660550458717,729.0,1.516188023440888,14112.522935779816,LacZ_2,LacZ OE,-0.0480582411282503,-0.6925744484235166,52.617203655488936,70,2500
5287,113.07255520504732,324.34174553101997,363.0283911671924,1100.0,1.4044857845092218,18854.829652996847,LacZ_2,LacZ OE,0.23925777022293482,-0.3586881791935612,54.7969484153529,70,2500
5288,112.65741857659832,365.9264173703257,251.14837153196623,1018.0,1.5243251681015522,22551.556091676717,LacZ_2,LacZ OE,0.4863935070270815,-0.2593949312011191,56.58322699634333,70,2500
5289,114.4424841213832,447.66760762173607,265.42201834862385,1677.0,1.3796851589811374,34741.90613973183,LacZ_2,LacZ OE,0.4539322207148324,-0.06669985719997351,57.235363608950564,70,2500
5290,113.40992018244013,522.9732041049031,273.07867730900796,2167.0,1.5298130259008023,52946.50057012543,LacZ_2,LacZ OE,0.4363178524710527,0.11082255597455037,55.287977562077785,70,2500
5291,113.1628664495114,538.78664495114,278.74918566775244,1583.0,1.4004373176658609,33742.03827361563,LacZ_2,LacZ OE,0.4236325299841859,0.14805576530137832,54.75412297541153,70,2500
5292,114.3558282208589,546.4930981595093,317.4915644171779,1528.0,1.4326719827081198,32852.13266871166,LacZ_2,LacZ OE,0.3377850029512899,0.16584048103707638,54.9681779491291,70,2500
5293,111.24809160305344,820.1335877862596,561.3874045801526,708.0,1.630635356368674,21146.673664122136,LacZ_2,LacZ OE,-0.20428241220516075,0.8085801924936344,43.49904167917765,70,2500
5294,113.75,215.41666666666666,492.95535714285717,620.0,1.644603503845609,10708.889880952382,LacZ_2,LacZ OE,-0.04716596408922569,-0.6170121835542757,53.51094155303113,70,2500
5295,113.13607990012484,271.2584269662921,352.1111111111111,956.0,1.3698368387022333,19578.476903870163,LacZ_2,LacZ OE,0.263920817128942,-0.48377995836427234,55.6342286736417,70,2500
5296,115.15960374243258,426.7754540451293,282.01596037424326,2151.0,1.356065633264407,44373.59383599339,LacZ_2,LacZ OE,0.41738585580574217,-0.11614342998227623,57.76980042863386,70,2500
5297,115.31873479318735,452.228102189781,313.2925790754258,1923.0,1.4916159223110235,46672.755474452555,LacZ_2,LacZ OE,0.3479368599455932,-0.05644201594555598,56.95079300290061,70,2500
5298,113.32,468.1905882352941,190.14352941176472,568.0,1.544790614747403,25463.169411764706,LacZ_2,LacZ OE,0.6203332693852968,-0.017499664908232515,57.66732110273351,70,2500
5299,115.40791027154664,469.6664698937426,316.71782762691856,2009.0,1.3736291220028003,46262.562573789844,LacZ_2,LacZ OE,0.34018571591716507,-0.015343933177372482,56.78950469023896,70,2500
5300,114.38220757825371,507.2841845140033,297.21252059308074,1579.0,1.5779463300984984,48058.94645799012,LacZ_2,LacZ OE,0.3830271337343705,0.0735760366795879,55.85083626844134,70,2500
5301,115.03912148249829,532.9114619080302,315.27659574468083,1737.0,1.4564426321088888,30679.529855868223,LacZ_2,LacZ OE,0.3427813574216605,0.13384406896043344,55.83574696595409,70,2500
5302,113.73424190800681,542.4190800681431,292.1822827938671,824.0,1.5221777630166893,41086.10051107325,LacZ_2,LacZ OE,0.39384927828783134,0.15649117481564456,54.9766380518264,70,2500
5303,116.55374280230326,536.8790786948176,298.7264875239923,1389.0,1.5261494202915775,39591.41362763916,LacZ_2,LacZ OE,0.3792791518627374,0.14341691857696315,57.696877522454486,70,2500
5304,113.62517482517482,547.7447552447552,243.6006993006993,1808.0,1.5755017291598534,34501.11608391609,LacZ_2,LacZ OE,0.5012823604785606,0.16957782370351415,55.94801211443348,70,2500
5305,114.58391608391608,561.7167832167833,307.1118881118881,1708.0,1.3279759150907506,34170.08111888112,LacZ_2,LacZ OE,0.36058929233449155,0.2018675640898553,55.28923427314513,70,2500
5306,114.48475836431227,570.7516728624536,277.32267657992566,1808.0,1.5908844597344447,35918.579925650556,LacZ_2,LacZ OE,0.4264108614746873,0.22349976735612853,55.79615358252731,70,2500
5307,114.07342143906021,621.136563876652,235.8208516886931,840.0,1.5018707318743714,22203.24375917768,LacZ_2,LacZ OE,0.5177607731502123,0.34278731556620423,55.85953096011255,70,2500
5308,115.47112860892389,627.8464566929134,215.31496062992127,1054.0,1.5918993150775724,20260.538057742782,LacZ_2,LacZ OE,0.5629896138202042,0.35886882812401644,57.669173625694015,70,2500
5309,113.19392917369309,696.1281618887015,323.89038785834737,765.0,1.5604929238086889,16431.03541315346,LacZ_2,LacZ OE,0.3222409197281415,0.5187001700364307,52.19370401774421,70,2500
5310,115.51225490196079,191.9191176470588,629.1225490196078,583.0,1.1904109363043907,9201.34068627451,LacZ_2,LacZ OE,-0.34827780207107506,-0.6738746948224619,52.32824879437351,70,2500
5311,114.06973058637084,395.8256735340729,246.16323296354992,836.0,1.40829467669155,20804.00792393027,LacZ_2,LacZ OE,0.49706004997269093,-0.18878295066181205,57.8188134482122,70,2500
5312,114.6921278254092,404.80436477007015,342.526890101325,1499.0,1.5221167356368748,18654.285268901014,LacZ_2,LacZ OE,0.28375185285917937,-0.1686354698135052,56.106809161477585,70,2500
5313,114.74270196877121,443.2002715546504,283.1215207060421,1751.0,1.6594145391683837,50230.718262050235,LacZ_2,LacZ OE,0.41480261286130204,-0.07742247210059183,57.16658663925486,70,2500
5314,115.83496503496504,462.64475524475523,303.4286713286713,1799.0,1.4998298721662902,51883.71748251748,LacZ_2,LacZ OE,0.3696317111156,-0.03175266347527639,57.59490034854166,70,2500
5315,115.96011904761905,489.9113095238095,300.86607142857144,2004.0,1.4468890655236915,44961.42083333333,LacZ_2,LacZ OE,0.375030772705657,0.03259369601644835,57.513021446469295,70,2500
5316,115.45014925373134,506.7844776119403,278.8465671641791,2002.0,1.4243667580418427,46303.92059701493,LacZ_2,LacZ OE,0.4236085036543482,0.07262097228323139,57.35146067597471,70,2500
5317,114.08390022675736,656.7369614512471,272.11337868480723,539.0,1.6396833881920216,13342.274376417234,LacZ_2,LacZ OE,0.43712438404246723,0.42636718872211277,54.6757223100292,70,2500
5318,113.96923076923076,688.7980769230769,297.8538461538462,612.0,1.36498071972013,13857.088461538462,LacZ_2,LacZ OE,0.3798734483420956,0.5017103098478917,53.64741095696871,70,2500
5319,115.0513176144244,260.626907073509,349.0083217753121,849.0,1.303980974540069,17118.484049930652,LacZ_2,LacZ OE,0.2707891177420467,-0.5087799503138364,57.72518569345576,70,2500
5320,115.73276904474002,374.4365175332527,264.33131801692866,1095.0,1.2905198306479366,22602.04353083434,LacZ_2,LacZ OE,0.45698706563174585,-0.23939432473676414,59.267033178280656,70,2500
5321,115.79038224414303,410.91245376078916,270.094944512947,928.0,1.3887929317805046,28613.342786683108,LacZ_2,LacZ OE,0.4438800721814289,-0.15341696709480945,58.83344991668717,70,2500
5322,115.05349794238683,502.1975308641975,214.17283950617283,933.0,1.5734674902688046,25580.59807956104,LacZ_2,LacZ OE,0.5667536484415965,0.06249398281610241,58.5074411630974,70,2500
5323,116.73058933582787,506.1197380729654,231.466791393826,1259.0,1.5560509444473039,26872.820392890553,LacZ_2,LacZ OE,0.5283689226399204,0.07159625546322634,59.74248227013683,70,2500
5324,117.26041666666667,516.1219362745098,292.11213235294116,1944.0,1.523275296184856,46495.82352941176,LacZ_2,LacZ OE,0.3940766610566837,0.0945433557461135,58.76056867696681,70,2500
5325,115.9455732946299,537.3875181422351,249.39767779390422,1615.0,1.7120906345871783,33800.019593613935,LacZ_2,LacZ OE,0.4884377561211244,0.14513749902552675,58.23385138342883,70,2500
5326,115.64150943396227,558.7893081761006,187.28459119496856,732.0,1.4303715004242639,24484.240566037737,LacZ_2,LacZ OE,0.625661658837037,0.19628645788115562,59.16846703189114,70,2500
5327,115.71663244353182,598.6365503080082,211.71252566735112,626.0,1.3066867309167676,25100.390143737168,LacZ_2,LacZ OE,0.5712293499347476,0.290013882081565,58.28431791920126,70,2500
5328,118.33651804670913,393.1910828025478,271.98619957537153,1203.0,1.4871067452127662,23998.656050955415,LacZ_2,LacZ OE,0.4397358385251504,-0.19518010924741658,61.50804063042476,70,2500
5329,117.38968481375358,469.16332378223495,278.3603151862464,1800.0,1.403216586040675,44107.885386819486,LacZ_2,LacZ OE,0.424948011156554,-0.016069359402894334,59.669734405014935,70,2500
5330,117.68019093078759,468.66825775656326,252.8615751789976,1533.0,1.5126556567218346,29292.096260938742,LacZ_2,LacZ OE,0.4813496649634432,-0.01695384113082843,60.559401441923356,70,2500
5331,118.33412322274881,470.40402843601896,294.61907582938386,1963.0,1.3577715323344235,44170.11196682465,LacZ_2,LacZ OE,0.38891729083894555,-0.013297646031104726,60.22271979328181,70,2500
5332,115.9779492833517,472.63285556780596,212.57662624035282,1166.0,1.987014537158449,24477.449834619627,LacZ_2,LacZ OE,0.5705232822305926,-0.007204049736207696,59.75801863512763,70,2500
5333,119.13062098501071,477.8565310492505,267.5281941470378,1790.0,1.7388606334983765,36498.37972876517,LacZ_2,LacZ OE,0.44873825646936005,0.004593232729799723,61.577585973386576,70,2500
5334,117.6495575221239,483.3283185840708,250.84690265486725,1344.0,1.5209350925157639,32952.44247787611,LacZ_2,LacZ OE,0.4856665481659288,0.01764712009166325,60.432332949399125,70,2500
5335,117.40701754385965,520.3868421052632,226.76228070175438,1353.0,1.5914485111254155,27620.505263157895,LacZ_2,LacZ OE,0.538603900277763,0.1053156429648281,60.388797292409365,70,2500
5336,116.96158770806659,524.4980793854033,247.1485275288092,977.0,1.509398278762695,27346.329065300895,LacZ_2,LacZ OE,0.4934858383642442,0.11478179240113784,59.4280607216422,70,2500
5337,116.78874538745387,575.0184501845018,229.74077490774908,1282.0,1.6049904977999978,30900.036900369003,LacZ_2,LacZ OE,0.5315178369286742,0.2341329545429338,59.1668650511574,70,2500
5338,116.85918173168412,451.15128449096096,242.25499524262608,1228.0,1.5139960264783074,28566.957183634633,LacZ_2,LacZ OE,0.5050269390425135,-0.058176133255577245,60.15726563827219,70,2500
5339,119.35714285714286,492.50156412930136,265.74504692387904,2192.0,1.3959016745011608,45828.97810218978,LacZ_2,LacZ OE,0.45252978164379853,0.03916210556612287,61.7023404044821,70,2500
5340,118.86621032980709,526.9427504667082,283.0684505289359,1930.0,1.303963871845414,47290.30304915993,LacZ_2,LacZ OE,0.41389667051607204,0.12020200861797181,60.470816969674274,70,2500
5341,118.5583173996176,541.1899298916508,270.1344805608668,1880.0,1.5834250699961439,31010.114085404715,LacZ_2,LacZ OE,0.4423890750652797,0.15394120919688214,60.32516042779518,70,2500
5342,119.38729383017716,549.9273060476481,295.0623091020159,1975.0,1.7421576591801602,39591.97006719609,LacZ_2,LacZ OE,0.3871128655151712,0.1742992065187976,60.48729781126033,70,2500
5343,118.16584158415841,581.240099009901,248.4628712871287,996.0,1.5049098942043995,26308.190594059404,LacZ_2,LacZ OE,0.4899668273178599,0.24863675298475685,60.04622090500199,70,2500
5344,117.58762886597938,711.2371134020618,310.96907216494844,673.0,1.5443762183624707,14136.685567010309,LacZ_2,LacZ OE,0.35045399435134983,0.5545792922907211,56.73941229504118,70,2500
5345,119.23904881101377,393.8610763454318,305.9612015018773,973.0,1.3060358202439302,21366.399249061327,LacZ_2,LacZ OE,0.36451845955244266,-0.19394773626424666,61.61172459191582,70,2500
5346,117.51631477927063,403.6813819577735,296.39731285988483,625.0,1.692224241451738,18644.621880998082,LacZ_2,LacZ OE,0.38567105466448237,-0.17071940162129573,60.01642306838302,70,2500
5347,120.17487855655794,456.0555170020819,292.2276197085357,1753.0,1.6497106231583185,42351.80985426787,LacZ_2,LacZ OE,0.3942516931495641,-0.04707460696133936,62.258996946461,70,2500
5348,119.49663928304705,475.1277072442121,194.71023151605675,1957.0,1.693614274217843,29284.402539208364,LacZ_2,LacZ OE,0.6098438211597212,-0.0010450927067882088,63.66766889821211,70,2500
5349,119.76404494382022,523.0268414481898,263.04556803995007,1999.0,1.6559851876159495,34738.07428214732,LacZ_2,LacZ OE,0.4581855751434396,0.11120298052910038,61.87343243431752,70,2500
5350,118.45033112582782,532.879848628193,234.44938505203405,1365.0,1.8622524804349017,26595.124881740776,LacZ_2,LacZ OE,0.5214226171340557,0.13472427003127008,61.13036958119797,70,2500
5351,119.93784153005464,561.344262295082,296.1530054644809,1834.0,1.7204375506386655,33623.66530054645,LacZ_2,LacZ OE,0.3845609577047462,0.2012299870965959,60.90055938330572,70,2500
5352,119.58479899497488,562.3310301507538,276.50565326633165,1930.0,1.5894419079163558,34704.34987437186,LacZ_2,LacZ OE,0.428036277053206,0.20376264670279443,60.99598371577193,70,2500
5353,120.05202312138728,196.01156069364163,478.6719653179191,1036.0,1.2826106073843115,16345.91907514451,LacZ_2,LacZ OE,-0.015704210190807477,-0.6624856586204,60.33374340770091,70,2500
5354,119.76424189307625,548.8580192813322,254.1840490797546,1440.0,1.8855503771988649,30266.930762489046,LacZ_2,LacZ OE,0.47754033226394954,0.17222909264247965,61.82751425158891,70,2500
5355,119.95274980635166,569.0890782339272,245.36638264910923,1624.0,1.6106601974851567,30080.63903950426,LacZ_2,LacZ OE,0.4968425228219513,0.22004960048162547,62.02360684166425,70,2500
5356,122.4339393939394,572.0254545454545,297.92242424242426,2031.0,1.6104005046095775,36320.7696969697,LacZ_2,LacZ OE,0.38041405043383225,0.22646231601272548,63.25012484013304,70,2500
5357,120.89782608695653,394.24782608695654,282.62608695652176,658.0,1.4907556450491197,21607.602173913045,LacZ_2,LacZ OE,0.4160541891877929,-0.1927444492172221,63.8101621572834,70,2500
5358,121.1778350515464,541.7895189003436,227.72594501718214,1431.0,1.4694295531466703,28101.25085910653,LacZ_2,LacZ OE,0.5360699797963127,0.1558753968895663,63.92657704258288,70,2500
5359,120.64249146757679,544.0136518771332,243.55460750853243,1467.0,1.7936446090964167,28939.984641638224,LacZ_2,LacZ OE,0.5010577486524099,0.16093768222294358,63.00065934231118,70,2500
5360,121.01847826086957,594.8967391304348,246.68152173913043,1121.0,1.5005333817250133,26764.60108695652,LacZ_2,LacZ OE,0.493628210651166,0.28093415936503585,62.80587770035157,70,2500
5361,122.18856718634001,425.4974016332591,265.0564216778025,1631.0,1.6951602410612536,31066.809948032664,LacZ_2,LacZ OE,0.45455520046029796,-0.11881361290167014,65.2043699801871,70,2500
5362,122.08085808580859,425.35643564356434,279.44224422442244,788.0,1.5780406162278062,26419.554455445545,LacZ_2,LacZ OE,0.4227358028239985,-0.11930465108543087,64.76272087894948,70,2500
5363,121.09232769830949,441.97464239271784,285.39856957087125,1763.0,1.5682511740965952,38867.73797139142,LacZ_2,LacZ OE,0.4094486920637366,-0.08019320686985265,63.47309133860588,70,2500
5364,122.23333333333333,461.5617886178862,277.27967479674794,1534.0,1.5966554115871767,30212.37479674797,LacZ_2,LacZ OE,0.42716196352655045,-0.033877381747522084,64.61138686340475,70,2500
5365,121.21837088388214,563.582322357019,204.03466204506066,767.0,1.4995343348967616,25198.202772963607,LacZ_2,LacZ OE,0.5882702022263553,0.2075376967389544,64.3061918862241,70,2500
5366,122.55092024539877,572.6932515337423,229.30920245398772,1291.0,1.8445970744847997,26501.668711656443,LacZ_2,LacZ OE,0.5321973073694624,0.228784556504795,64.9600046997305,70,2500
5367,121.50861287398006,577.5485040797824,264.92656391659114,1333.0,1.7906438746430022,26254.490480507706,LacZ_2,LacZ OE,0.45340649411995426,0.23982680283601354,63.04024482226275,70,2500
5368,122.50374064837905,591.0997506234414,285.46134663341644,1495.0,1.873544496937535,36116.62344139651,LacZ_2,LacZ OE,0.40779403192893926,0.27159109657658576,63.42379750600665,70,2500
5369,124.56108597285068,389.71153846153845,287.1628959276018,1200.0,1.5506007145504481,20768.56108597285,LacZ_2,LacZ OE,0.40587178442754124,-0.2034101290725957,67.41086744860644,70,2500
5370,124.37459546925567,556.5728155339806,254.98705501618122,1540.0,1.84007594660696,24540.68284789644,LacZ_2,LacZ OE,0.47545088645990896,0.19052310755064772,66.34220639485986,70,2500
5371,124.57021791767555,393.26513317191285,265.9963680387409,1014.0,1.4800083708630565,22755.19249394673,LacZ_2,LacZ OE,0.45266448330917,-0.1947981496854001,67.87865502283096,70,2500
5372,127.8249063670412,587.9485018726592,284.7050561797753,1273.0,1.7098052609471377,34005.58801498127,LacZ_2,LacZ OE,0.4092226742682632,0.26428768637064426,68.79171929237212,70,2500
5373,128.42016806722688,603.7079831932773,275.30882352941177,601.0,1.7630124215352825,23278.28151260504,LacZ_2,LacZ OE,0.42982709112665773,0.3015763056391847,69.45166533078708,70,2500
