label,centroid_x,centroid_y,centroid_z,area,aspherity,int_0,int_1,int_2,sample,type,x_std,y_std,z_std,rotation,yflip,dac_threshold,soxn_threshold
1,4.826404494382023,590.0247191011237,703.0556179775281,2262.0,1.666044332803111,28484.757303370785,14891.874719101124,9897.221348314606,LacZ_2,LacZ OE,0.5526883651949661,-0.15618170709258639,-29.059020568554065,230,False,17500,30000
2,4.381776239907728,618.3742791234141,729.8794694348328,2272.0,1.706379873596722,37126.71107266436,15765.15570934256,60684.938869665515,LacZ_2,LacZ OE,0.6262373157172672,-0.22826956183491454,-29.279737208467875,230,False,17500,30000
3,7.02156862745098,143.11960784313726,488.78921568627453,1363.0,1.3530159882760717,25203.21274509804,12512.320588235294,7374.728431372549,LacZ_2,LacZ OE,-0.055692394777657084,1.0,-26.444650068461783,230,False,17500,30000
4,6.618948464341488,624.3685580426861,742.5413846954712,2439.0,1.642929767270048,41969.03331598126,15279.819364914107,54234.16449765747,LacZ_2,LacZ OE,0.6601333965910214,-0.2429191589679064,-26.86345322811215,230,False,17500,30000
5,6.725460886895864,782.2590931738914,539.506726457399,2402.0,1.4356859394171375,40351.87842551071,19753.442949676133,8036.722969606378,LacZ_2,LacZ OE,0.13897655884163207,-0.6776738790542863,-32.18076762128025,230,False,17500,30000
6,4.654958677685951,827.1115702479339,571.444214876033,1283.0,1.6029183578804298,27082.64876033058,17651.120867768594,55878.26549586777,LacZ_2,LacZ OE,0.22767675185105896,-0.7926763025989045,-34.095452405914344,230,False,17500,30000
7,7.238425925925926,342.087962962963,638.7256944444445,1141.0,1.3674805314932592,19619.395833333332,14507.52662037037,6633.063657407408,LacZ_2,LacZ OE,0.35913772600609795,0.4903554908889969,-25.382401773695392,230,False,17500,30000
8,6.838111298482294,802.7107925801012,314.24873524451937,1559.0,1.5455084406906525,37088.29173693086,23961.22681281619,5871.7048903878585,LacZ_2,LacZ OE,-0.4539237691744443,-0.7527304493536436,-36.53632239071252,230,False,17500,30000
9,6.256473489519112,881.3193588162762,345.7657213316893,988.0,1.3572294754768024,40379.40813810111,24186.726263871762,4841.865598027127,LacZ_2,LacZ OE,-0.363199828960171,-0.9566733070395649,-37.30845779785946,230,False,17500,30000
10,7.530424799081516,215.02296211251436,604.9230769230769,1042.0,1.428097960628983,22189.31343283582,13981.144661308841,38604.097588978184,LacZ_2,LacZ OE,0.257788466366232,0.8216470632491235,-24.457882177637963,230,False,17500,30000
11,8.457402812241522,789.1422663358147,573.5128205128206,1482.0,1.3486123182161447,24179.561621174525,20216.006617038875,49476.34987593052,LacZ_2,LacZ OE,0.2293453625714339,-0.6926387873981854,-29.874524435792917,230,False,17500,30000
12,7.0,176.60321100917432,633.8325688073395,533.0,1.5547544526160206,19211.68119266055,14102.467889908257,5076.107798165138,LacZ_2,LacZ OE,0.33050538866821033,0.9255203938620802,-24.05631018597462,230,False,17500,30000
13,9.414250207125104,181.51118475559238,514.8458989229495,1490.0,1.3422458063703548,39465.002485501245,15777.599005799502,58025.5990057995,LacZ_2,LacZ OE,0.016645653257025605,0.9013255975773897,-23.943782584875315,230,False,17500,30000
14,10.131729667812142,489.7508591065292,760.8459335624284,2308.0,1.5916212177774893,19895.90034364261,14370.708476517755,5844.806987399771,LacZ_2,LacZ OE,0.6955078043452532,0.11307123613532877,-21.657045184023715,230,False,17500,30000
15,10.859375,703.8260869565217,670.2533967391304,1884.0,1.275609578460119,30412.184103260868,16004.776494565218,58554.518342391304,LacZ_2,LacZ OE,0.47658412212253154,-0.45900978023901184,-24.78781503867144,230,False,17500,30000
16,10.099862258953168,695.228650137741,612.771349862259,1841.0,1.4379006067975975,35115.568181818184,17549.050275482095,62082.51928374656,LacZ_2,LacZ OE,0.32401189803915575,-0.44177081267894613,-26.54900828015525,230,False,17500,30000
17,7.841258741258741,709.8230769230769,608.8237762237762,1734.0,1.6627206430422528,30855.418181818182,17439.055244755244,56544.72377622378,LacZ_2,LacZ OE,0.3150849382016683,-0.48049715789845837,-29.02794903460589,230,False,17500,30000
18,10.812005583992555,779.0888785481619,468.2638436482085,2651.0,1.3645946209333777,33675.31456491391,34283.96556537924,12216.302466263378,LacZ_2,LacZ OE,-0.04965585845315901,-0.6761539542997126,-29.41180672831419,230,False,17500,30000
19,10.18043844856661,788.1256323777403,588.5168634064081,1443.0,1.475920287633279,24957.138279932547,19564.817875210792,53017.08094435076,LacZ_2,LacZ OE,0.26878539446322125,-0.6885979106541454,-27.85772701841957,230,False,17500,30000
20,9.848643006263048,432.7473903966597,737.5302713987473,1206.0,1.7221048454434802,23455.668058455114,13825.154488517745,5933.099164926931,LacZ_2,LacZ OE,0.6285361837183119,0.26093803696375373,-21.810553700747313,230,False,17500,30000
21,11.199203187250996,732.5210586226523,513.7450199203187,4249.0,1.5331524839344262,49579.527603870236,20230.61439954468,9451.629482071714,LacZ_2,LacZ OE,0.06600269735049502,-0.5492967619079049,-27.69758536184156,230,False,17500,30000
22,10.724279835390947,745.680658436214,535.4246913580247,1515.0,1.3519420427762503,25163.853497942386,20344.651028806584,47306.66502057613,LacZ_2,LacZ OE,0.124525712676679,-0.5818825100597975,-27.89384850653044,230,False,17500,30000
23,12.030154849225754,758.9511002444988,385.19030154849224,2967.0,1.6339670621775224,52249.87082314589,23578.281581092095,7440.661776691117,LacZ_2,LacZ OE,-0.2710008833434858,-0.6310024934250735,-29.564594929163146,230,False,17500,30000
24,11.27331189710611,834.7998392282958,458.0763665594855,1569.0,1.3479273878089697,27766.495176848875,19442.425241157558,28810.20498392283,LacZ_2,LacZ OE,-0.0712873927659502,-0.823779007905506,-29.701280349409366,230,False,17500,30000
25,14.690233236151604,363.01457725947523,773.6610787172011,1765.0,1.3640207354329112,29700.03498542274,16418.070699708456,40568.466472303204,LacZ_2,LacZ OE,0.7170838992626505,0.44776825729116654,-15.58797093465937,230,False,17500,30000
26,13.415172413793103,416.23172413793105,751.1137931034483,1893.0,1.584724565592972,32329.01172413793,15533.16551724138,14856.858620689654,LacZ_2,LacZ OE,0.6626620775315224,0.3055925978997953,-17.822372124650627,230,False,17500,30000
27,13.227571115973742,728.8118161925602,589.9611597374179,2160.0,1.332860881327283,46368.183260393875,18537.426695842452,10412.390043763677,LacZ_2,LacZ OE,0.26681448355802617,-0.5324110293938409,-24.190021217080034,230,False,17500,30000
28,12.09720885466795,730.4451395572667,550.0798845043311,2589.0,1.5413736943849414,25268.28873917228,21105.20163618864,13188.797401347449,LacZ_2,LacZ OE,0.16171076557139896,-0.5404351005409331,-26.091299895199494,230,False,17500,30000
29,13.900862068965518,755.9942528735633,333.97174329501917,2527.0,1.2855761612040328,51330.97365900383,23417.22078544061,17024.466954022988,LacZ_2,LacZ OE,-0.4066262066738737,-0.6280957991847451,-28.634105927491213,230,False,17500,30000
30,12.160680529300567,767.2551984877126,636.117202268431,1328.0,1.4669692020119898,39105.95557655954,16524.00189035917,57866.002835538755,LacZ_2,LacZ OE,0.3924034115658044,-0.6292312932807418,-24.768037211102865,230,False,17500,30000
31,13.925531914893616,798.313829787234,545.8343465045592,1663.0,1.3546505595438416,41004.9103343465,18412.979483282674,53954.172492401216,LacZ_2,LacZ OE,0.15685816024785937,-0.7195427583720475,-25.023349803422107,230,False,17500,30000
32,12.35135135135135,226.50519750519751,720.1122661122661,602.0,1.6699098424335777,13719.900207900208,17707.160083160084,4118.118503118503,LacZ_2,LacZ OE,0.5628226396561364,0.8021352320312927,-17.572888117973502,230,False,17500,30000
33,12.478142076502733,435.20127504553733,713.2622950819672,1433.0,1.57978337822511,18758.940801457196,13371.266848816029,6796.963570127505,LacZ_2,LacZ OE,0.5645560254527844,0.2521186946556697,-19.66554171818521,230,False,17500,30000
34,13.221503637833468,447.47130153597413,743.5319320937753,1549.0,1.5471797648722707,27838.546483427646,15231.400970088926,6067.8892481810835,LacZ_2,LacZ OE,0.6456182676868469,0.22264942661439457,-18.472311986708185,230,False,17500,30000
35,14.561894510226049,485.9924650161464,792.7093649085037,1434.0,1.425853568594638,21672.139935414423,13280.682454251884,5481.336921420882,LacZ_2,LacZ OE,0.7790751077864897,0.12584123218754883,-16.587192393612995,230,False,17500,30000
36,14.586802030456854,767.4329949238579,622.7568527918781,2285.0,1.3296665759493649,51902.76497461929,15540.555329949239,13523.24111675127,LacZ_2,LacZ OE,0.35702070384979656,-0.6310260042223225,-22.5971194430011,230,False,17500,30000
37,13.43492586490939,839.8599670510708,286.97446457990117,1548.0,1.3126512569775135,20307.281713344317,17009.616968698516,4787.149093904448,LacZ_2,LacZ OE,-0.5227407796121799,-0.8532758768729929,-30.82922328419391,230,False,17500,30000
38,14.121765601217657,872.0228310502283,391.0334855403349,1650.0,1.3197340114490488,33157.71917808219,30485.612633181125,5803.304414003044,LacZ_2,LacZ OE,-0.24493039143363993,-0.9281589870484759,-28.49510988162406,230,False,17500,30000
39,15.860611510791367,274.1321942446043,593.261690647482,1381.0,1.3819915734868107,16058.56474820144,13695.503597122302,60877.90467625899,LacZ_2,LacZ OE,0.23220177084919413,0.6647161399565544,-16.942204145051612,230,False,17500,30000
40,16.675118177911475,679.7322733132789,639.81822088526,3137.0,1.5895160559282677,42252.567253975074,17103.485603781693,61506.57498925655,LacZ_2,LacZ OE,0.3936397042877011,-0.3986160086406858,-19.308180025862832,230,False,17500,30000
41,16.144045761830473,802.8564742589704,486.8185127405096,2316.0,1.4365220408481825,44211.74362974519,18817.91159646386,9291.074882995319,LacZ_2,LacZ OE,0.0013380742923612132,-0.737121794804579,-23.967806297478766,230,False,17500,30000
42,14.066465256797583,810.7995971802618,498.82880161127895,1276.0,1.6918734519310012,28367.99597180262,18740.21752265861,49780.60926485398,LacZ_2,LacZ OE,0.033910161521211846,-0.7568414161570265,-25.897133583127623,230,False,17500,30000
43,14.146358543417367,848.1064425770309,494.9187675070028,1668.0,1.275113169621951,30776.369047619046,20573.919467787116,38719.57352941176,LacZ_2,LacZ OE,0.027125569303975583,-0.8554178103813205,-26.264832880165322,230,False,17500,30000
44,14.688991531947652,873.409545804465,355.84911470361817,1654.0,1.3215767365883804,30814.241724403386,26732.25558121632,5679.317936874519,LacZ_2,LacZ OE,-0.3377376909376284,-0.9351392800181415,-28.60782333701701,230,False,17500,30000
45,13.679920477137177,220.04970178926442,690.8111332007952,606.0,1.2997319181916582,14288.17097415507,15742.664015904573,4178.467196819085,LacZ_2,LacZ OE,0.48476875697335586,0.8163313349458419,-16.734555142835223,230,False,17500,30000
46,15.943355119825709,273.099128540305,724.979302832244,1128.0,1.3075642903945528,21741.37145969499,13722.446623093681,4653.081699346405,LacZ_2,LacZ OE,0.5799257628007575,0.6798395206753194,-14.35615707339014,230,False,17500,30000
47,14.977961432506888,475.30670339761247,781.2433425160698,1335.0,1.495310277029931,23770.641873278237,14509.194674012855,5526.289256198347,LacZ_2,LacZ OE,0.7477611635932275,0.15287855857126265,-16.28123331479674,230,False,17500,30000
48,15.310407239819005,728.4434389140272,622.7864253393665,1390.0,1.332321377644503,47094.77556561086,16352.47149321267,58856.48597285068,LacZ_2,LacZ OE,0.3533588977201396,-0.5284081850918525,-21.482700405055894,230,False,17500,30000
49,18.634345794392523,783.5648364485982,545.3539719626168,2222.0,1.3703928744356102,46574.43341121495,17687.383177570093,12583.07359813084,LacZ_2,LacZ OE,0.15395741153393994,-0.6808955662172097,-20.177019088354626,230,False,17500,30000
50,15.798483891345546,797.5287428932406,503.38344914718886,1938.0,1.3592678284985136,48030.66835123184,16872.957675300062,9131.010739102969,LacZ_2,LacZ OE,0.04459179570590388,-0.7215272173535943,-23.946420613113595,230,False,17500,30000
51,14.975591715976332,809.3764792899408,410.3868343195266,1592.0,1.2985531900078713,37565.283284023666,31263.490384615383,6240.867603550296,LacZ_2,LacZ OE,-0.19981800197377386,-0.7614510343758283,-26.64787857818867,230,False,17500,30000
52,15.61156351791531,820.3232899022802,564.1734527687296,1451.0,1.3441110036140522,29627.50081433225,20161.014657980457,44059.37296416938,LacZ_2,LacZ OE,0.20729461429301854,-0.7758001889218956,-23.210996909619197,230,False,17500,30000
53,15.03923205342237,824.8839732888147,416.02921535893154,1424.0,1.324411227054371,31484.531719532555,25772.200333889818,6251.121869782972,LacZ_2,LacZ OE,-0.1834479354475237,-0.8017430249715387,-26.632744793332236,230,False,17500,30000
54,15.977660972404731,847.3120893561104,307.326544021025,1934.0,1.334501049582924,25558.371222076217,22170.87779237845,5090.8226018396845,LacZ_2,LacZ OE,-0.46841378557144764,-0.8710473505128996,-27.97649519872109,230,False,17500,30000
55,16.7,177.9196261682243,503.5336448598131,1294.0,1.3918550096410356,35812.32803738318,13899.51214953271,43663.99252336448,LacZ_2,LacZ OE,-0.013925098217218324,0.9095093851322498,-16.83784278339206,230,False,17500,30000
56,16.42269736842105,218.22861842105263,433.0386513157895,1446.0,1.3252519313743742,46347.46710526316,17304.595394736843,57402.94572368421,LacZ_2,LacZ OE,-0.19623758980036698,0.7967687098265983,-18.852950571852478,230,False,17500,30000
57,16.157063197026023,248.03903345724908,470.71375464684013,1336.0,1.531264453212758,36384.29646840149,14073.565055762081,62368.656133829,LacZ_2,LacZ OE,-0.09390376075836715,0.7218523516826227,-18.703964130879758,230,False,17500,30000
58,17.018633540372672,249.97308488612836,736.2484472049689,735.0,1.5888680199964036,10197.67701863354,17023.600414078675,4219.811594202899,LacZ_2,LacZ OE,0.6074342042505396,0.7417472563649328,-12.836266114574698,230,False,17500,30000
59,16.571815718157183,741.8328816621499,169.16260162601625,1290.0,1.508940210716593,50687.98193315267,17335.39566395664,5620.936766034327,LacZ_2,LacZ OE,-0.8433135450282063,-0.6064159730790967,-28.94125131515943,230,False,17500,30000
60,15.81338028169014,881.4656690140845,372.2156690140845,1361.0,1.3866994393246268,33617.22887323944,15600.701584507042,8785.549295774648,LacZ_2,LacZ OE,-0.29380831673095276,-0.9548361812885593,-27.25459734030352,230,False,17500,30000
61,16.813725490196077,151.06209150326796,499.76960784313724,741.0,1.4116702569624167,18137.102941176472,13668.996732026144,5162.411764705882,LacZ_2,LacZ OE,-0.02642209851465316,0.9798509433667701,-16.526447498673374,230,False,17500,30000
62,17.049751243781095,166.71144278606965,516.742951907131,1406.0,1.3614756116161617,27209.233001658376,16007.944444444445,41391.175787728025,LacZ_2,LacZ OE,0.019874623551586534,0.940247924441274,-16.125930722885663,230,False,17500,30000
63,17.868085106382978,201.3031914893617,629.8095744680851,1116.0,1.3339724945342712,19760.439361702127,16491.548936170213,5114.688297872341,LacZ_2,LacZ OE,0.3216956721822113,0.8598157733800607,-13.514190813742236,230,False,17500,30000
64,15.895069532237674,234.3754740834387,457.7863463969659,965.0,1.4332225458512384,20953.718078381797,16802.740834386852,62379.35524652339,LacZ_2,LacZ OE,-0.12932645106074414,0.7566098195456883,-19.07375133819505,230,False,17500,30000
65,17.41743119266055,421.07798165137615,752.5711009174312,730.0,1.687690096606526,42245.40596330275,14564.401376146789,53147.821100917434,LacZ_2,LacZ OE,0.6667745608788,0.29286000192203043,-13.84197670226736,230,False,17500,30000
66,19.67070707070707,543.7387205387205,713.953872053872,3935.0,1.741223211371356,24231.672727272726,16660.62626262626,12300.234006734006,LacZ_2,LacZ OE,0.5763417357188891,-0.03373063402638421,-13.548370930439102,230,False,17500,30000
67,20.733210104744302,784.0147874306839,531.2107208872459,2045.0,1.2505162880252685,43314.46272335182,20895.078866296983,7360.603203943315,LacZ_2,LacZ OE,0.1165492045549672,-0.6834712204497394,-18.350826419582496,230,False,17500,30000
68,15.438538205980066,889.6777408637873,480.03986710963454,527.0,1.8124104257542206,13312.169435215947,15050.023255813954,4514.209302325581,LacZ_2,LacZ OE,-0.00827874931974748,-0.9662871383644159,-25.670829921738843,230,False,17500,30000
69,18.28624883068288,178.6492048643592,444.8952291861553,1318.0,1.4735139080091637,28415.059869036482,16720.33582787652,19056.827876520114,LacZ_2,LacZ OE,-0.16877981256683727,0.9020211397520372,-16.36909411186478,230,False,17500,30000
70,20.34536447275301,213.7799009200283,539.6397735314932,1671.0,1.247912634438899,33330.01981599434,14263.370134465677,49870.859872611465,LacZ_2,LacZ OE,0.08464855152824469,0.8184096181128131,-12.869029841481076,230,False,17500,30000
71,19.330949948927476,263.1184882533197,693.2288049029622,1228.0,1.3763655325973267,29920.709908069457,14238.125638406536,4354.356486210419,LacZ_2,LacZ OE,0.49496795221657686,0.7030264901518299,-11.47032996805255,230,False,17500,30000
72,20.501589825119236,361.29411764705884,808.0405405405405,1782.0,1.5302931808895948,33139.44515103339,16847.00158982512,4995.551669316375,LacZ_2,LacZ OE,0.8074211669103597,0.4553717343792141,-9.110029703288738,230,False,17500,30000
73,18.448192771084337,423.2253012048193,758.3156626506025,1076.0,1.5155568153222088,37259.24939759036,13946.067469879517,53931.02891566265,LacZ_2,LacZ OE,0.6820976730296628,0.2877194942633221,-12.724228011057086,230,False,17500,30000
74,19.101873536299767,468.1891100702576,728.8266978922717,2147.0,1.4868527294892437,19905.08430913349,15110.410421545668,6391.920960187354,LacZ_2,LacZ OE,0.6084662479808947,0.16656165521726307,-13.079068400259018,230,False,17500,30000
75,19.916621839698763,498.9940828402367,724.9704142011834,2279.0,1.3657356587276395,18964.009682625066,17860.304464766003,6593.040344271113,LacZ_2,LacZ OE,0.6011698118927755,0.08508505060557425,-12.645957659182816,230,False,17500,30000
76,19.437108708025043,730.6744450768355,307.1519635742743,2159.0,1.655179841795376,51147.90665907798,26965.981787137167,7411.175867956745,LacZ_2,LacZ OE,-0.4801262373958233,-0.5641263465884525,-23.35319947325919,230,False,17500,30000
77,17.50348432055749,760.8763066202091,645.7761324041812,1373.0,1.4188392895926512,39572.46254355401,20274.69512195122,54634.69163763066,LacZ_2,LacZ OE,0.4170416425501202,-0.6116802445686833,-19.179772107438946,230,False,17500,30000
78,19.534494773519164,773.0648083623694,313.7574912891986,1717.0,1.4061542317709885,48686.217421602785,29187.556794425087,6338.286411149826,LacZ_2,LacZ OE,-0.45866029599149094,-0.6750945485942519,-23.5552888245669,230,False,17500,30000
79,17.840892728581714,845.0431965442765,413.2894168466523,1646.0,1.406635646975111,35222.967602591794,24637.99640028798,6264.42980561555,LacZ_2,LacZ OE,-0.18890496734234885,-0.8551467193507911,-24.085445162610533,230,False,17500,30000
80,20.955281918340894,187.37913156189242,357.1860012961763,2265.0,1.3919831942954577,20035.46986390149,15141.065456902139,6018.131561892417,LacZ_2,LacZ OE,-0.3996946940604874,0.8707043077531105,-15.448134662123735,230,False,17500,30000
81,20.93894389438944,214.1914191419142,494.7706270627063,1451.0,1.3064372297485045,34060.957920792076,14492.666666666666,55510.2004950495,LacZ_2,LacZ OE,-0.03382724462154019,0.8130834784104535,-13.12893147198616,230,False,17500,30000
82,20.624354243542435,213.55350553505534,523.2664206642066,1700.0,1.207971951366016,29243.670848708487,14074.654612546125,47515.4036900369,LacZ_2,LacZ OE,0.04137630894451916,0.8174555423271199,-12.897730343391927,230,False,17500,30000
83,18.3552,225.4096,662.9888,727.0,1.3953614380954558,13943.1968,17751.7728,4927.832,LacZ_2,LacZ OE,0.41157839935139084,0.799469890139932,-12.640603166711664,230,False,17500,30000
84,18.118326118326117,234.54978354978354,730.4285714285714,846.0,1.482928779403221,12490.255411255412,17339.972582972583,4082.3968253968255,LacZ_2,LacZ OE,0.5905463779673759,0.7817681558413563,-11.692536148344477,230,False,17500,30000
85,18.68692660550459,250.90940366972478,579.4139908256881,1074.0,1.494278613149417,19866.94610091743,16345.44266055046,58850.2626146789,LacZ_2,LacZ OE,0.19328919467213068,0.724463543417412,-14.146087824914083,230,False,17500,30000
86,19.45123384253819,296.44183313748533,750.0235017626322,1048.0,1.2444739642762428,16801.850763807284,13075.76615746181,6185.783783783784,LacZ_2,LacZ OE,0.6481056593852954,0.6206527421837327,-10.608819951386845,230,False,17500,30000
87,22.484081632653062,343.1,765.9248979591837,3085.0,1.5270182526928242,27593.96897959184,15261.60163265306,4983.861224489796,LacZ_2,LacZ OE,0.6943806977710563,0.4992429868574606,-7.74291605296375,230,False,17500,30000
88,19.29992348890589,449.1308339709258,730.8607498087223,1657.0,1.5324790473889618,21658.37949502678,13250.713083397093,6317.28921193573,LacZ_2,LacZ OE,0.6120171146455149,0.21691632606259192,-12.65172687358455,230,False,17500,30000
89,19.39423076923077,513.1789940828403,753.7322485207101,1775.0,1.399699359843732,26115.316568047336,14558.727071005917,6444.7307692307695,LacZ_2,LacZ OE,0.6784944110596414,0.05046868573855212,-12.765902672845183,230,False,17500,30000
90,21.294220665499125,670.0601284296556,672.3461762988908,2225.0,1.449096441225718,35492.0274372446,17135.430239346177,54245.17454757735,LacZ_2,LacZ OE,0.4783906807386069,-0.3702214897117161,-13.97763861432173,230,False,17500,30000
91,20.72797356828194,761.2197136563876,587.4862334801762,2146.0,1.2721379665494457,46769.30616740088,22855.034691629957,10867.814427312775,LacZ_2,LacZ OE,0.26299022627185686,-0.6181652261585864,-17.06269544107009,230,False,17500,30000
92,18.94060097833683,815.7239692522711,322.53878406708594,1717.0,1.502063819039535,35577.27603074773,26253.42208245982,5665.464011180992,LacZ_2,LacZ OE,-0.4313893814153914,-0.7865459380778913,-24.4100111160621,230,False,17500,30000
93,21.894551845342708,212.73286467486818,439.40685413005275,1336.0,1.3922334987740093,40180.11775043937,17227.14850615114,58196.90421792619,LacZ_2,LacZ OE,-0.18021159132103393,0.8116814204356193,-13.206790193175486,230,False,17500,30000
94,20.57439134355275,404.07303877366996,837.346257889991,1293.0,1.3211212182917615,24652.442741208295,16647.22993688007,5196.38954012624,LacZ_2,LacZ OE,0.8888695360999637,0.3455194889154962,-8.910949409886179,230,False,17500,30000
95,21.184782608695652,440.3686594202899,765.0117753623189,1589.0,1.3733019598097478,32580.118659420288,14798.548007246376,5856.673913043478,LacZ_2,LacZ OE,0.7012746688300195,0.24314529457392298,-10.033194552987595,230,False,17500,30000
96,20.911742707554225,453.86537023186236,763.2812266267764,1867.0,1.500578701795938,32799.831712789826,14426.129394166044,5895.278982797307,LacZ_2,LacZ OE,0.6980005328390722,0.20746148495779138,-10.47407406274694,230,False,17500,30000
97,20.855298913043477,498.94565217391306,747.069972826087,1851.0,1.4143406700829482,22783.433423913044,14373.345788043478,6452.589673913043,LacZ_2,LacZ OE,0.6594773993288894,0.08726764101460138,-11.288739433005041,230,False,17500,30000
98,21.880555555555556,641.7729166666667,673.8361111111111,2078.0,1.3917019293873283,38073.54583333333,15120.141666666666,14984.4625,LacZ_2,LacZ OE,0.4796088133250529,-0.29563491471518943,-13.079986008406603,230,False,17500,30000
99,19.86060606060606,650.5878787878788,679.9316017316017,1537.0,1.254176107737981,42797.61818181818,16768.890043290045,56611.645021645025,LacZ_2,LacZ OE,0.49664172271520823,-0.3182082780927722,-15.072373145378105,230,False,17500,30000
100,20.217596229379417,742.2105263157895,662.738413197172,1640.0,1.4536654448940667,30831.18931657502,18463.259230164964,60146.10447761194,LacZ_2,LacZ OE,0.45992733168245237,-0.5610235278526269,-15.958333821350728,230,False,17500,30000
101,21.493228795438345,737.4939415538132,720.5260156806843,1684.0,1.4786638855025949,32874.03777619387,21980.043478260868,53470.77405559515,LacZ_2,LacZ OE,0.61201615463672,-0.5432006539114265,-13.542036624466078,230,False,17500,30000
102,19.90276959340012,763.0294637595757,434.979375368297,2087.0,1.6066682613927352,36870.94342958162,36230.27047731291,9284.85209192693,LacZ_2,LacZ OE,-0.13952164601182993,-0.6372703460104913,-20.792281474478415,230,False,17500,30000
103,19.931159420289855,781.7130434782608,411.83985507246376,1676.0,1.5232309909414825,37560.46811594203,32125.252898550723,7033.675362318841,LacZ_2,LacZ OE,-0.19885234795361273,-0.6886329395215289,-21.388939705580693,230,False,17500,30000
104,21.85036496350365,804.5188564476886,261.5492700729927,2042.0,1.2321985053108944,37035.13199513382,24909.415450121654,5402.7773722627735,LacZ_2,LacZ OE,-0.5936514564607294,-0.7628762186536492,-22.54304178080082,230,False,17500,30000
105,20.32860717264387,849.092577147623,393.17848206839034,1469.0,1.4331411938881764,31842.54712260217,19103.28023352794,42435.1492910759,LacZ_2,LacZ OE,-0.2417490999558909,-0.867770479776322,-22.019482700501797,230,False,17500,30000
106,19.69128329297821,853.0605326876513,443.4491525423729,960.0,1.486903625723702,31547.46368038741,17196.582324455205,19013.09200968523,LacZ_2,LacZ OE,-0.10859127901479548,-0.8734627947316261,-21.74493619735984,230,False,17500,30000
107,24.30315789473684,196.47,361.95736842105265,2640.0,1.39096664397129,26159.567368421052,17895.245789473684,9128.356315789473,LacZ_2,LacZ OE,-0.3863954140442044,0.8471288408775179,-12.101751056377065,230,False,17500,30000
108,24.34469696969697,206.53939393939393,512.8083333333333,1636.0,1.3694765208624209,33141.24545454545,16611.87803030303,40931.517424242425,LacZ_2,LacZ OE,0.012910819976615473,0.8348296095683985,-9.305942052282777,230,False,17500,30000
109,22.346064814814813,248.2685185185185,695.2905092592592,1066.0,1.5203875691204147,25030.399305555555,17216.28125,4786.175925925926,LacZ_2,LacZ OE,0.49885352598816834,0.742226600229291,-8.268185700000153,230,False,17500,30000
110,22.163705583756347,277.46192893401013,678.8058375634517,1088.0,1.35478117917045,16624.955583756346,13387.611675126904,5073.38959390863,LacZ_2,LacZ OE,0.45810513580547907,0.6638308610333341,-9.054830118653953,230,False,17500,30000
111,23.4154090548054,337.1477362986497,780.1850675138999,1525.0,1.1569322252412715,23275.951548848294,16653.45671167593,4840.347895154885,LacZ_2,LacZ OE,0.731426274991213,0.5162285470276706,-6.4823017034262875,230,False,17500,30000
112,20.131034482758622,391.19310344827585,852.8724137931034,712.0,1.4271032783360327,17357.122413793102,22497.186206896553,4911.934482758621,LacZ_2,LacZ OE,0.9286674117112808,0.3808992630478698,-8.93137334024479,230,False,17500,30000
113,20.851739788199698,421.10741301059,744.5400907715582,925.0,1.396613180942904,31708.51437216339,13339.272314674736,10159.913767019667,LacZ_2,LacZ OE,0.6454014822254155,0.29192942827362134,-10.560750609134402,230,False,17500,30000
114,22.273931366646597,479.524984948826,754.5015051173991,2099.0,1.3615048163263959,25172.76700782661,13354.87357013847,6297.865141481036,LacZ_2,LacZ OE,0.6771870843932621,0.13905028697475452,-9.535310047151935,230,False,17500,30000
115,22.17051509769094,572.9484902309059,767.7424511545294,1438.0,1.3999507720242887,25152.04973357016,16013.071047957372,6736.971580817051,LacZ_2,LacZ OE,0.7210336760191005,-0.10562600252765708,-10.32358709731568,230,False,17500,30000
116,22.019884009942004,629.185584092792,702.5840927920464,1432.0,1.4126814609438896,31194.465617232807,15570.067108533554,13650.79536039768,LacZ_2,LacZ OE,0.5543207401045491,-0.25979644026792403,-12.270542835385651,230,False,17500,30000
117,21.339190221543163,646.1115355233002,844.6440030557677,1566.0,1.6003057467010602,54610.34148204736,16781.51871657754,62862.09549274255,LacZ_2,LacZ OE,0.9310993314247475,-0.29095243621851274,-10.431844442815866,230,False,17500,30000
118,20.933760683760685,665.2521367521367,767.0448717948718,583.0,1.3200993622742059,43712.11752136752,21926.741452991453,54687.10256410256,LacZ_2,LacZ OE,0.7280220363121643,-0.34863534348865943,-12.497538893006691,230,False,17500,30000
119,23.027894736842104,663.5747368421053,646.5242105263158,2533.0,1.3374564616659876,30206.06263157895,16539.025789473686,9218.931578947368,LacZ_2,LacZ OE,0.4095015150372179,-0.35563039489696113,-12.668145107615508,230,False,17500,30000
120,22.475603217158177,721.1286863270777,625.9769436997319,2298.0,1.3735047179788613,50422.44986595174,16496.58873994638,19204.317426273457,LacZ_2,LacZ OE,0.360737732452451,-0.5090541409986686,-14.185515338831568,230,False,17500,30000
121,21.031521739130437,796.1673913043478,540.4880434782609,1157.0,1.420076760362017,35376.568478260866,20336.8,50363.901086956525,LacZ_2,LacZ OE,0.14218778993718573,-0.7145960948233473,-17.99868371498416,230,False,17500,30000
122,23.506117192530585,803.2060528010303,298.3386992916935,1955.0,1.1866220742612867,32368.417256922086,26021.423696072117,6052.725048293625,LacZ_2,LacZ OE,-0.49670767673297056,-0.7560018830659088,-20.17822149854579,230,False,17500,30000
123,22.478862973760933,210.95189504373178,402.5430029154519,1640.0,1.3492374236353555,43031.53498542274,18540.39285714286,54508.00072886297,LacZ_2,LacZ OE,-0.2777556891092756,0.8128810138643205,-13.302489912414647,230,False,17500,30000
124,23.339407744874716,235.7137433561124,470.18223234624145,1623.0,1.414346714694656,37935.38268792711,15858.933940774488,56761.52467729689,LacZ_2,LacZ OE,-0.09683059885152123,0.7540449879142377,-11.409907547198284,230,False,17500,30000
125,28.155545329038198,249.1537045559135,658.1955821445007,2860.0,1.8489194103970692,22821.705016106764,16230.73861021629,4904.40635066728,LacZ_2,LacZ OE,0.4006962997985435,0.7362390090640991,-3.170984932082092,230,False,17500,30000
126,24.38287331917905,289.06086341118186,725.2547770700637,1801.0,1.2170856270195147,21822.886058032556,14743.884642604387,4480.52016985138,LacZ_2,LacZ OE,0.5817558676093577,0.6376105264308662,-6.073192047634137,230,False,17500,30000
127,23.16138996138996,351.24169884169885,720.6965250965251,1655.0,1.3888476862668626,15470.896525096525,15764.391505791506,5775.980694980695,LacZ_2,LacZ OE,0.5756866353088164,0.47353186767559885,-8.003312725137263,230,False,17500,30000
128,26.734714003944774,367.20808678500987,801.3856015779093,1578.0,1.454085305142053,37876.58185404339,19283.95956607495,5186.973372781065,LacZ_2,LacZ OE,0.7901037139953171,0.4390016379544637,-3.0635097782553444,230,False,17500,30000
129,22.33266932270916,373.06573705179284,808.9352589641434,1209.0,1.4790588581796846,31467.182270916335,18723.548804780876,5125.104581673307,LacZ_2,LacZ OE,0.8108124774508563,0.4244170666905427,-7.3803105012233345,230,False,17500,30000
130,23.349531116794545,469.0818414322251,767.8763853367434,1656.0,1.4077310664368612,23642.479113384485,14673.849104859335,6001.000852514919,LacZ_2,LacZ OE,0.7114611261103938,0.16777011282658605,-8.102242834000464,230,False,17500,30000
131,23.507914659325532,466.59187887130076,750.6724019270475,1802.0,1.2625510832523517,26758.860289057124,14355.181693048864,6422.878871300757,LacZ_2,LacZ OE,0.6657862926489866,0.17269976934332476,-8.244576876481915,230,False,17500,30000
132,24.511879049676025,482.50863930885527,791.5291576673866,1334.0,1.4896435733447868,16917.27645788337,12525.927645788337,6020.627429805616,LacZ_2,LacZ OE,0.7751395971663702,0.13462075427167886,-6.626941385962908,230,False,17500,30000
133,24.18848167539267,499.71204188481676,815.22722513089,1227.0,1.425855886355184,20851.729842931938,14425.651308900524,5487.257591623036,LacZ_2,LacZ OE,0.8393693557945776,0.09157601738609689,-6.674004167781611,230,False,17500,30000
134,23.41869918699187,516.1686991869918,740.4715447154472,1859.0,1.5059459590075135,23822.403116531164,14393.927506775068,6656.532520325203,LacZ_2,LacZ OE,0.6435636157207754,0.04123635191489927,-9.023275390239057,230,False,17500,30000
135,23.88308329022245,547.9555095706156,689.4536989136058,2323.0,1.3547250763181147,21286.14278323849,16715.00155199172,10153.817899637868,LacZ_2,LacZ OE,0.5118382869271156,-0.04725703961348826,-9.842892179319158,230,False,17500,30000
136,27.714362705470222,710.9277822689302,692.5144165992994,4786.0,1.463135315020665,50620.102128806255,18213.686607383454,50016.38938291566,LacZ_2,LacZ OE,0.5352168881588004,-0.4760818623488495,-7.586476834623532,230,False,17500,30000
137,23.326480263157894,735.9506578947369,680.9013157894736,1502.0,1.4359192666236626,33803.62006578947,20067.322368421053,56724.14967105263,LacZ_2,LacZ OE,0.5071428294032823,-0.5429219365944691,-12.443716122478715,230,False,17500,30000
138,23.128578603716726,746.9291813159216,571.3254645906579,2362.0,1.3528598290191336,40702.977398292314,18272.912606730286,8709.15720743345,LacZ_2,LacZ OE,0.21883907129642388,-0.5821368192181609,-14.825413041920044,230,False,17500,30000
139,23.016479400749063,778.5378277153558,329.19775280898875,1626.0,1.3057271543161681,37867.83895131086,23159.567790262172,6957.880898876405,LacZ_2,LacZ OE,-0.4175380166723782,-0.6881453425889092,-19.83667334592281,230,False,17500,30000
140,22.785828025477706,789.046974522293,500.7929936305732,1561.0,1.421897300659402,45559.41719745223,18595.600318471337,18017.146496815287,LacZ_2,LacZ OE,0.03660267766423586,-0.6996406371280067,-16.92477543526403,230,False,17500,30000
141,22.218052738336713,833.1490872210953,477.7079107505071,1237.0,1.3041091702843988,32552.238336713996,17279.994929006087,30902.038539553752,LacZ_2,LacZ OE,-0.020140011174723194,-0.8178926086614366,-18.37095901908157,230,False,17500,30000
142,22.496774193548386,856.4043010752688,280.4559139784946,792.0,1.359185868789846,9867.8688172043,16219.28817204301,5303.197849462365,LacZ_2,LacZ OE,-0.5388267963459901,-0.8976959312755193,-22.058493013881794,230,False,17500,30000
143,23.405109489051096,287.65328467153284,749.514598540146,698.0,1.2654317099937613,14215.84306569343,18042.155109489053,4797.974452554745,LacZ_2,LacZ OE,0.6457329010838355,0.6436283302601649,-6.577478961896695,230,False,17500,30000
144,23.503177966101696,441.66101694915255,819.4194915254237,1128.0,1.3724870210564646,36915.24470338983,16082.656779661016,50363.02224576271,LacZ_2,LacZ OE,0.8449580141371624,0.2448026389775797,-6.698513937448553,230,False,17500,30000
145,24.30384271671135,474.01876675603216,806.47363717605,1383.0,1.4745755757288617,26817.0509383378,14585.088471849866,5573.9472743521,LacZ_2,LacZ OE,0.8138070037049543,0.15838279544226652,-6.467067626720322,230,False,17500,30000
146,23.99007279947055,543.4493712772997,783.3792190602251,1913.0,1.4108884135212456,31107.47385837194,16771.689609530113,6665.4778292521505,LacZ_2,LacZ OE,0.759433676996194,-0.026551468953315283,-7.913106380626694,230,False,17500,30000
147,27.3515625,601.523046875,752.915234375,3369.0,1.6579617320835347,30777.30234375,15723.579296875,7120.950390625,LacZ_2,LacZ OE,0.6843403045182828,-0.1823875401216336,-5.710487563321131,230,False,17500,30000
148,24.128386336866903,623.8816254416961,731.653121319199,2184.0,1.38028295773973,45276.33097762073,18201.419905771494,51796.316843345114,LacZ_2,LacZ OE,0.6304758830122579,-0.24315577768580332,-9.55923262063487,230,False,17500,30000
149,24.346688470973017,644.363859362224,700.8847097301717,1491.0,1.4482744028472545,35656.903515944396,20207.83237939493,56271.11447260834,LacZ_2,LacZ OE,0.5511611742488982,-0.2999770156499465,-10.128422451726767,230,False,17500,30000
150,23.291280148423006,767.5899814471243,616.499690785405,1929.0,1.383195598976498,52966.63327149041,18338.036487322202,11276.807668521955,LacZ_2,LacZ OE,0.34008549192966764,-0.6322736222736312,-14.014636323163035,230,False,17500,30000
151,24.679213483146068,776.5820224719101,435.3707865168539,2253.0,1.537606332168676,39583.33595505618,32444.698314606743,7201.570786516854,LacZ_2,LacZ OE,-0.13743464851802223,-0.6730434390571937,-16.145232453464946,230,False,17500,30000
152,23.9336850037679,789.7498116051244,554.8997739261492,1666.0,1.359916056309091,38447.39562923888,18160.915599095704,49005.12057272042,LacZ_2,LacZ OE,0.17949273479694505,-0.6964268457340324,-14.760157413186413,230,False,17500,30000
153,23.601632047477747,820.1179525222552,363.3627596439169,1608.0,1.4655416432258859,32912.81231454006,28440.626854599406,5580.140207715133,LacZ_2,LacZ OE,-0.3233967636150884,-0.794398630883898,-19.021385056689954,230,False,17500,30000
154,25.23125884016973,823.1640735502122,326.0077793493635,1804.0,1.3825364751074094,48802.52121640735,25601.539603960395,5631.029702970297,LacZ_2,LacZ OE,-0.4218304220813165,-0.8059814662369494,-18.12964005482563,230,False,17500,30000
155,23.334429824561404,877.4429824561404,362.61513157894734,1146.0,1.2872958305168645,28509.90350877193,16846.52850877193,11243.057017543859,LacZ_2,LacZ OE,-0.31991144517981807,-0.9453628995154673,-19.876697534152548,230,False,17500,30000
156,25.465004793863855,171.88398849472674,472.1562799616491,1291.0,1.460067172532101,26172.14573346117,19009.231064237774,7357.803451581975,LacZ_2,LacZ OE,-0.09778646700743399,0.9221953806674013,-8.60827951512072,230,False,17500,30000
157,25.250962278675903,242.90300230946883,479.96304849884524,1560.0,1.3565200165365296,34149.625096227865,15562.187066974597,58511.01231716705,LacZ_2,LacZ OE,-0.0704131218770927,0.7359875461088892,-9.385662135280885,230,False,17500,30000
158,25.719170984455957,272.66683937823836,544.1145077720207,2294.0,1.3327158935772403,18456.75751295337,16430.36373056995,50696.67098445596,LacZ_2,LacZ OE,0.10179630775661841,0.6636669111505893,-8.001424985450086,230,False,17500,30000
159,23.77906976744186,418.24418604651163,805.9132379248658,1389.0,1.4418465039547692,24429.822898032202,16729.838998211093,5435.105545617173,LacZ_2,LacZ OE,0.8070537293173616,0.3051647812284157,-6.443830714821104,230,False,17500,30000
160,23.256461232604373,430.32405566600397,758.0288270377733,1334.0,1.5618292526939253,29723.720675944332,14323.460238568588,11777.423459244534,LacZ_2,LacZ OE,0.6817788877243254,0.26887049993218315,-7.993573823697261,230,False,17500,30000
161,26.37123745819398,473.80016722408027,818.6028428093646,1469.0,1.2169663782206697,24418.772575250838,14593.066053511706,5515.552675585284,LacZ_2,LacZ OE,0.8457143980571291,0.1600424710001649,-4.1683922764478325,230,False,17500,30000
162,25.525752508361204,497.3652173913043,798.286287625418,1902.0,1.30247508499426,24431.391973244146,14956.042140468227,5854.810033444816,LacZ_2,LacZ OE,0.7943449342331508,0.09612047200472373,-5.6341759228740145,230,False,17500,30000
163,24.907814407814406,525.410866910867,759.1105006105006,1980.0,1.4837227357361555,25409.518315018315,14596.161782661782,6596.612332112332,LacZ_2,LacZ OE,0.6935885127746324,0.018621096197467324,-7.274273911319348,230,False,17500,30000
164,25.850838481906443,576.2603706972639,796.8746690203001,1498.0,1.2240015915887903,38662.86760812003,16481.707855251545,60324.633715798765,LacZ_2,LacZ OE,0.7980971957275724,-0.11170381147528463,-6.125894518142623,230,False,17500,30000
165,25.414922656960872,652.7670609645132,778.4767970882621,1329.0,1.3699541938829534,46971.15104640582,17702.513193812556,60573.16651501365,LacZ_2,LacZ OE,0.7568043124661346,-0.3148192370839564,-7.676017160501779,230,False,17500,30000
166,24.2789342214821,749.3963363863447,617.8351373855121,1467.0,1.5278552809154538,40224.68526228143,17034.272273105744,53965.01748542881,LacZ_2,LacZ OE,0.34183498132186196,-0.5842830171926819,-12.81975193326084,230,False,17500,30000
167,25.08009478672986,745.263981042654,453.3952606635071,2546.0,1.5098853843360214,38091.72890995261,37032.99620853081,8230.793838862559,LacZ_2,LacZ OE,-0.09283268604891581,-0.5889159789396154,-15.089697816406513,230,False,17500,30000
168,26.96407653260445,752.8894962905115,369.3971105037095,3171.0,1.2408142894471021,52754.43303397111,28687.303397110503,8032.313158922296,LacZ_2,LacZ OE,-0.31401417062738635,-0.6169539394058114,-14.872312346259928,230,False,17500,30000
169,25.68975552968568,785.6816065192083,471.79918509895225,2076.0,1.5967135337693568,28747.905704307334,29165.945285215366,8020.914435389988,LacZ_2,LacZ OE,-0.04042331521232101,-0.6935943278381747,-14.53657147636374,230,False,17500,30000
170,25.194491287240023,786.9005059021922,292.13209668353005,2149.0,1.3219960766370547,44833.42214727375,27122.222596964588,5858.242270938729,LacZ_2,LacZ OE,-0.5147294222401247,-0.7137115719722606,-18.44443011726193,230,False,17500,30000
171,22.46131805157593,869.2063037249284,476.2120343839542,507.0,1.4627132873453232,17181.31805157593,17432.647564469913,4523.710601719197,LacZ_2,LacZ OE,-0.02067628557279977,-0.9129567151111582,-18.5171186425205,230,False,17500,30000
172,25.068605518269948,867.1976137211036,347.6159582401193,1678.0,1.3985645250199588,25703.352721849365,16491.730797912005,5533.55630126771,LacZ_2,LacZ OE,-0.3605781652302513,-0.9198547402328058,-18.32421257857469,230,False,17500,30000
173,24.185454545454544,201.2581818181818,315.7090909090909,733.0,1.3568214265467358,13561.938181818181,17362.807272727274,5341.216363636364,LacZ_2,LacZ OE,-0.5080623668678619,0.8301717742218238,-13.14270026941556,230,False,17500,30000
174,26.013146362839613,260.00613496932516,649.6748466257669,1413.0,1.2228873015731154,21193.95968448729,15670.49255039439,5274.687992988606,LacZ_2,LacZ OE,0.37933178147929536,0.706929017117004,-5.582832277667983,230,False,17500,30000
175,25.229140722291408,353.72229140722294,807.799501867995,969.0,1.4047769409314985,22466.910336239103,21489.078455790783,4548.270236612702,LacZ_2,LacZ OE,0.8058334181321907,0.4751478969508014,-4.31230464465547,230,False,17500,30000
176,25.272972972972973,385.7918918918919,819.7628378378379,1843.0,1.5260398725540518,21761.907432432432,17812.537837837837,5061.1,LacZ_2,LacZ OE,0.8404697501133302,0.39185403572712185,-4.363183522712049,230,False,17500,30000
177,25.387315968289922,390.2582106455266,774.4337485843714,1078.0,1.3028555052794348,22070.200453001133,16040.62174405436,5635.503963759909,LacZ_2,LacZ OE,0.7211881344861941,0.37582428083481023,-5.151519444941101,230,False,17500,30000
178,26.14678326046221,404.86008744534666,810.42598376015,1961.0,1.3848880920536435,31370.089943785133,17366.001249219236,5064.930043722673,LacZ_2,LacZ OE,0.8175827803011675,0.3407552418906614,-3.8572277263861565,230,False,17500,30000
179,24.836329233680228,437.23462630085146,833.7871333964049,1213.0,1.2415649757607545,35489.43330179754,18211.32734153264,5552.667928098392,LacZ_2,LacZ OE,0.8824126616586454,0.257770330497892,-5.049413029584571,230,False,17500,30000
180,25.884383088869715,490.26574633304574,830.3002588438309,1406.0,1.3224269975289877,28567.644521138915,15584.623813632441,5602.084555651423,LacZ_2,LacZ OE,0.87819199667581,0.1178142447684396,-4.598618978900362,230,False,17500,30000
181,24.19358407079646,515.4900442477876,798.1825221238938,1128.0,1.3146678705087405,17821.382743362832,14441.353982300885,6098.471238938053,LacZ_2,LacZ OE,0.7958582968358585,0.04843673044783747,-7.149494941182269,230,False,17500,30000
182,26.25547902316844,552.2172824045084,748.5742016280526,1909.0,1.3574491780459081,18684.597996242956,14990.351283656857,6947.7257357545395,LacZ_2,LacZ OE,0.6682461470652439,-0.05297396000421439,-6.394760233419106,230,False,17500,30000
183,26.56685236768802,556.4993036211699,822.883704735376,1826.0,1.254123765735017,30061.389972144847,16282.125348189415,6422.445682451254,LacZ_2,LacZ OE,0.8648665385379313,-0.0572555380782368,-4.719903459922477,230,False,17500,30000
184,26.83418553688824,660.0065741417093,672.1745799853908,1698.0,1.4104211488400906,35098.742878013145,16055.299488677867,13574.586559532505,LacZ_2,LacZ OE,0.4767106778138368,-0.34392879856015246,-8.341520867485968,230,False,17500,30000
185,27.894328358208956,669.2459701492537,721.6280597014926,2311.0,1.3472554989974512,38487.8,17147.96776119403,28115.668656716418,LacZ_2,LacZ OE,0.608128144929676,-0.3636223089422028,-6.438148867730213,230,False,17500,30000
186,26.045895851721095,673.8790820829656,640.2330097087379,1421.0,1.3422254826209945,34969.07855251544,17825.32215357458,19233.527802294793,LacZ_2,LacZ OE,0.3937193834198285,-0.38343287757494227,-9.873089572896582,230,False,17500,30000
187,26.412939297124602,691.8682108626198,693.5974440894569,1492.0,1.36435568263795,44796.42651757188,18174.739616613417,59570.46086261981,LacZ_2,LacZ OE,0.5363297985489754,-0.4257711496265517,-8.67625165389014,230,False,17500,30000
188,27.726984126984128,704.4153439153439,677.9571428571429,2304.0,1.2954739677915414,50274.45978835979,17672.81746031746,16098.535978835978,LacZ_2,LacZ OE,0.49615618202932654,-0.4603101206915866,-7.78416727107907,230,False,17500,30000
189,25.761631246410108,722.4026421596783,610.7972429638139,2074.0,1.3652050819632982,46794.348075818496,18155.8133256749,19870.71970132108,LacZ_2,LacZ OE,0.32061264788587285,-0.5139299290601427,-11.200298822563461,230,False,17500,30000
190,25.620442319187088,769.9826658696952,488.5534967124925,2191.0,1.5557281934905345,34513.40167364017,28296.729228930064,8708.399282725642,LacZ_2,LacZ OE,0.002331568839120779,-0.6506887056296405,-14.13156462372865,230,False,17500,30000
191,26.470643939393938,265.0833333333333,683.6524621212121,1355.0,1.220050798025957,27726.625,15396.092803030304,4908.229166666667,LacZ_2,LacZ OE,0.4695162937094257,0.6967513153290081,-4.533196212446256,230,False,17500,30000
192,27.473815461346632,257.645885286783,703.8940149625935,1038.0,1.2768713286026818,20283.291770573567,19479.865336658353,4678.77680798005,LacZ_2,LacZ OE,0.522212256066491,0.7182078032251564,-3.072674650734335,230,False,17500,30000
193,25.712881022615537,349.17207472959683,736.8298918387414,1141.0,1.2842895524525941,15648.948869223206,15017.542772861358,5596.831858407079,LacZ_2,LacZ OE,0.6179681963888133,0.4804276663323497,-5.126331399910313,230,False,17500,30000
194,27.976744186046513,364.90063424947147,763.216349541931,1873.0,1.3266398954328613,19955.052149400988,16245.67159971811,6374.129668780832,LacZ_2,LacZ OE,0.6890301736282785,0.44144566798141605,-2.5210762399304656,230,False,17500,30000
195,25.670524691358025,426.5100308641975,741.1921296296297,1557.0,1.3740864431847888,28367.229166666668,13816.00848765432,7129.525462962963,LacZ_2,LacZ OE,0.6368375279570013,0.2772566943806489,-5.860535171506825,230,False,17500,30000
196,28.4164265129683,531.0259365994236,789.0057636887608,2087.0,1.528654462061822,28494.119596541786,17490.76008645533,6196.592219020173,LacZ_2,LacZ OE,0.7728942506425245,0.006557117085496333,-3.256874198827788,230,False,17500,30000
197,27.050898203592816,641.9860279441118,760.4401197604791,1227.0,1.2456083393961643,41197.31536926148,17117.809381237526,59025.526946107784,LacZ_2,LacZ OE,0.7080703891012459,-0.28818433864334714,-6.27383587344513,230,False,17500,30000
198,26.80241587575496,734.4495254529767,663.374460742019,1437.0,1.425351699238499,34995.47195858499,17329.614322691978,56950.964624676446,LacZ_2,LacZ OE,0.46054664810340395,-0.540719053042267,-9.285271204385523,230,False,17500,30000
199,27.199431818181818,790.3840909090909,442.9886363636364,2124.0,1.332911008367438,44476.104545454546,30966.85,6908.222159090909,LacZ_2,LacZ OE,-0.11613047144680688,-0.7087291804134066,-13.61961761864059,230,False,17500,30000
200,25.77463651050081,808.8368336025848,441.8723747980614,1535.0,1.5027166535455219,40480.5436187399,23459.821486268174,39627.12600969306,LacZ_2,LacZ OE,-0.11725510559435659,-0.7573688798954021,-15.249989034737595,230,False,17500,30000
201,27.834190231362467,816.0771208226221,309.40488431876605,1906.0,1.2037917189814797,30426.91709511568,21086.85089974293,5329.607969151671,LacZ_2,LacZ OE,-0.46647460494557225,-0.7889629703375856,-15.770578363547614,230,False,17500,30000
202,26.53204476093591,818.9003051881994,295.0091556459817,1274.0,1.5950438578248278,20727.419125127162,20413.862665310273,5173.554425228891,LacZ_2,LacZ OE,-0.5041572629450379,-0.7977139288529543,-17.373158545045236,230,False,17500,30000
203,27.345826235093696,846.6252129471891,357.44633730834755,1469.0,1.3256863217958064,27019.811754684837,17217.68398637138,5752.574957410562,LacZ_2,LacZ OE,-0.3366853859175024,-0.8648385157435176,-15.65545673117569,230,False,17500,30000
204,26.622685185185187,190.5752314814815,462.40393518518516,978.0,1.3526629382902358,24592.318287037036,16648.16550925926,10530.090277777777,LacZ_2,LacZ OE,-0.1218203567968077,0.8720417450201632,-7.822607963842557,230,False,17500,30000
205,27.069558101472996,371.1603927986907,750.1350245499182,1824.0,1.3165251693005013,14828.908346972177,14459.249590834697,5627.126841243862,LacZ_2,LacZ OE,0.6551255981253086,0.42376101801555244,-3.7383222506424616,230,False,17500,30000
206,29.548872180451127,383.67418546365917,717.6892230576441,1924.0,1.1729775227823667,13903.804511278195,16230.429824561403,6160.500626566416,LacZ_2,LacZ OE,0.5705134485700298,0.3876941260484821,-1.9989743540423603,230,False,17500,30000
207,27.266787658802176,388.70417422867513,755.0943738656987,694.0,1.3359276051109155,17388.627949183305,14951.283121597096,5560.014519056262,LacZ_2,LacZ OE,0.6698789026761176,0.3780406471553952,-3.6229476659033963,230,False,17500,30000
208,27.936444885799403,426.2085402184707,795.5700099304865,1220.0,1.2574300049863512,25005.624627606754,16545.24031777557,5652.469712015889,LacZ_2,LacZ OE,0.7802932270300418,0.28310832278520914,-2.562922460865387,230,False,17500,30000
209,27.6203007518797,443.39285714285717,757.8984962406015,1290.0,1.3550816056610786,33366.62312030075,14035.265037593985,6564.7810150375935,LacZ_2,LacZ OE,0.6824623951731306,0.23433331271871638,-3.764065341544608,230,False,17500,30000
210,26.948987854251012,453.4971659919028,770.3643724696357,1553.0,1.3927008511465504,30768.115789473683,13755.804858299594,6158.734412955466,LacZ_2,LacZ OE,0.7163739226976593,0.208927951592222,-4.30046560676476,230,False,17500,30000
211,30.49775028121485,497.3835770528684,845.2913385826772,2550.0,1.784227121065567,30214.73340832396,17609.10011248594,5243.599550056243,LacZ_2,LacZ OE,0.9182289151101768,0.10035952475483167,0.2261479110964757,230,False,17500,30000
212,27.438317757009347,675.273831775701,746.9682242990655,1283.0,1.4939967464231254,40336.63271028038,19204.49626168224,54190.33644859813,LacZ_2,LacZ OE,0.6756388940201326,-0.3770903544289642,-6.47480928052606,230,False,17500,30000
213,28.589968976215097,697.5413650465357,300.13133402275076,2323.0,1.3072259970940414,51474.106514994826,22090.699586349536,7474.692864529473,LacZ_2,LacZ OE,-0.502262425898699,-0.47782632665880387,-14.003538454846566,230,False,17500,30000
214,26.824878387769285,731.2369701181376,557.2654621264767,1735.0,1.4291724232053837,23160.986101459348,26075.91869353718,52569.01389854065,LacZ_2,LacZ OE,0.18003868802860423,-0.5422572618149519,-11.238936769528681,230,False,17500,30000
215,28.49475890985325,734.2089447938505,215.4388539482879,1768.0,1.3614237412385073,44468.57442348008,18955.35220125786,6329.171907756813,LacZ_2,LacZ OE,-0.7224210683646286,-0.5823237793324187,-16.068843688708704,230,False,17500,30000
216,28.193017127799738,785.9532279314888,488.87417654808957,1862.0,1.4074369459607659,29428.271409749672,18825.48089591568,49906.792490118576,LacZ_2,LacZ OE,0.004569598483382453,-0.6927715337402254,-11.713430669538361,230,False,17500,30000
217,26.835218093699517,809.4022617124394,272.8481421647819,788.0,1.3587570986743018,20488.65589660743,15504.67689822294,5072.8998384491115,LacZ_2,LacZ OE,-0.5635950479522214,-0.774807297789406,-17.394381067924908,230,False,17500,30000
218,28.683018867924527,886.9637735849057,465.28830188679245,1739.0,1.4593433764697128,17303.270943396226,18191.95924528302,4522.344150943396,LacZ_2,LacZ OE,-0.048140509625531624,-0.9609051783992837,-12.68140789305178,230,False,17500,30000
219,31.260642919200695,244.30147697654215,637.738922675934,2959.0,1.3439721485815581,28920.281928757602,17769.935273675066,5267.652476107733,LacZ_2,LacZ OE,0.34606319185908485,0.7469977393978418,-0.40518847443833295,230,False,17500,30000
220,29.03802588996764,241.97411003236246,567.5,1498.0,1.360380482779526,27070.912621359224,16637.8786407767,56387.75323624595,LacZ_2,LacZ OE,0.16047140566070506,0.7465711212180721,-3.933380978515146,230,False,17500,30000
221,29.036303630363037,247.74257425742573,552.0851485148515,1932.0,1.3167388701184704,24487.117491749173,17262.567656765677,54883.39207920792,LacZ_2,LacZ OE,0.12031361399948737,0.7299344668290975,-4.2846171318144926,230,False,17500,30000
222,31.10322580645161,386.18451612903226,765.0522580645161,2140.0,1.264914826320388,17361.589032258064,17249.509032258065,5607.3025806451615,LacZ_2,LacZ OE,0.6957471192438098,0.38550327845795995,0.4263111198573526,230,False,17500,30000
223,30.414634146341463,477.34268292682924,754.5455284552845,3080.0,1.5970988555571386,27631.419512195123,14427.706097560975,6599.817886178862,LacZ_2,LacZ OE,0.6766967793750924,0.14456993842199317,-1.3737881004458643,230,False,17500,30000
224,29.291822955738933,487.4561140285071,801.7171792948237,1656.0,1.3077235947653327,26243.69842460615,14975.85071267817,5485.251312828207,LacZ_2,LacZ OE,0.8022787229518,0.12242215836384118,-1.7048091918019992,230,False,17500,30000
225,29.062286689419796,551.2354948805461,771.981228668942,1443.0,1.373268110092639,21386.45819112628,15539.523890784983,6478.908703071673,LacZ_2,LacZ OE,0.7298260706434565,-0.0482638541846796,-3.1357475542425917,230,False,17500,30000
226,29.369668246445496,588.709952606635,793.4132701421801,1406.0,1.4919505661622503,29147.381990521328,15864.443601895735,8608.451184834123,LacZ_2,LacZ OE,0.7899669708134072,-0.14490093901915901,-2.7980476093083055,230,False,17500,30000
227,28.57035803497086,611.7835137385512,758.51873438801,1409.0,1.2125703241653678,32842.78934221482,16058.597002497918,6995.168193172356,LacZ_2,LacZ OE,0.7000525277367187,-0.20890352925780142,-4.4886584624458905,230,False,17500,30000
228,31.754593711719068,637.4830543078808,735.5259289505921,2938.0,1.356142606011404,40640.735402204984,16118.191915067375,42349.42874642711,LacZ_2,LacZ OE,0.6416210832916036,-0.2788098242384722,-1.997671542516315,230,False,17500,30000
229,29.229938271604937,647.4084362139918,680.0761316872428,2630.0,1.376270179420795,35812.515432098764,16595.15843621399,11241.816358024691,LacZ_2,LacZ OE,0.49626183506816046,-0.31008888922413347,-5.670616380453225,230,False,17500,30000
230,28.572196620583718,685.0568356374808,683.1121351766513,1697.0,1.5901097192929674,34937.54070660522,17126.964669738863,13199.152841781874,LacZ_2,LacZ OE,0.5078882425457911,-0.40888938390960516,-6.647736159581498,230,False,17500,30000
231,29.35043352601156,708.0975433526012,603.6076589595376,1714.0,1.3192576168495291,31253.95303468208,20587.5,53975.048410404626,LacZ_2,LacZ OE,0.30009201444389855,-0.47705164083247364,-7.605150938403035,230,False,17500,30000
232,28.60538752362949,720.2041587901701,342.5094517958412,2562.0,1.4383918358566425,51725.6786389414,27657.696124763705,7565.2504725897925,LacZ_2,LacZ OE,-0.3882022453454863,-0.5334923570160226,-13.412978897212433,230,False,17500,30000
233,29.231186966640806,730.588828549263,176.5655546935609,1480.0,1.3521991018978172,55865.512800620636,19759.739332816138,6370.321179208689,LacZ_2,LacZ OE,-0.8254537057902929,-0.5764763983925809,-16.032077342494805,230,False,17500,30000
234,29.914904330312186,756.5563947633434,494.0563947633434,2336.0,1.339549178559449,28784.377643504533,27776.01812688822,8564.935548841893,LacZ_2,LacZ OE,0.015376817453405023,-0.6149482046675669,-9.599492271634887,230,False,17500,30000
235,28.103907637655418,773.2761989342806,629.5772646536412,1459.0,1.363017930636525,42718.09946714032,18384.699822380106,54721.33214920071,LacZ_2,LacZ OE,0.3749236328714174,-0.646145628634518,-9.012535756126752,230,False,17500,30000
236,29.594727161250766,773.7535254445125,449.47271612507666,1929.0,1.2831238180828934,35640.052115266706,30493.42550582465,7277.003678724709,LacZ_2,LacZ OE,-0.10070552709072567,-0.6644078784668592,-10.935619947956916,230,False,17500,30000
237,28.084405144694532,787.8336012861737,378.34726688102893,1517.0,1.3571188716043638,39551.98633440515,28644.97508038585,6723.167202572347,LacZ_2,LacZ OE,-0.2871144136606567,-0.7081287028303979,-13.932754886631958,230,False,17500,30000
238,28.513147410358567,826.3410358565737,483.40876494023905,1568.0,1.4861738211723903,29592.891633466137,19621.47250996016,29851.57689243028,LacZ_2,LacZ OE,-0.006041330881399909,-0.799611458973469,-11.90123725964963,230,False,17500,30000
239,30.254845656855707,827.6661880832735,320.32878679109837,1815.0,1.395521026612132,33488.791098348884,24570.40344580043,5373.910265613783,LacZ_2,LacZ OE,-0.43664552277288504,-0.8185090527023537,-13.25977121216025,230,False,17500,30000
240,30.384541062801933,203.45024154589373,382.40676328502417,1194.0,1.214891806992939,24285.48115942029,16275.385507246378,5688.063768115942,LacZ_2,LacZ OE,-0.3320298066042042,0.8305090964755102,-5.704619204881226,230,False,17500,30000
241,29.781407035175878,204.64447236180905,587.8077889447236,997.0,1.3124227146682805,11669.239949748744,17890.94472361809,5169.658291457286,LacZ_2,LacZ OE,0.2105149487690403,0.8467288197720477,-2.4320126167672313,230,False,17500,30000
242,30.502622377622377,215.8924825174825,370.2465034965035,1399.0,1.3132322779219194,24482.503496503497,16112.112762237763,10002.494755244756,LacZ_2,LacZ OE,-0.36296500720802194,0.7966076857739879,-5.941308154576959,230,False,17500,30000
243,29.41925777331996,215.32898696088265,605.60481444333,1169.0,1.2251072971327945,15091.286860581746,18333.7482447342,4865.736208625877,LacZ_2,LacZ OE,0.25854438640873667,0.8202895661096075,-2.56422900237137,230,False,17500,30000
244,31.19010819165379,222.30448222565687,338.4319938176198,1637.0,1.2612727112164537,21720.540958268935,15889.055641421948,6064.516228748068,LacZ_2,LacZ OE,-0.4464019702523807,0.7767129406853219,-5.920329440959719,230,False,17500,30000
245,28.961382113821138,225.45528455284554,406.6991869918699,585.0,1.2265629596325045,21351.69918699187,22551.89024390244,62115.73577235772,LacZ_2,LacZ OE,-0.2657203961986583,0.7749115461816247,-6.888023216969287,230,False,17500,30000
246,29.307744107744107,231.75892255892256,374.2767676767677,1729.0,1.3705881426999726,27867.60538720539,16701.31717171717,32614.09494949495,LacZ_2,LacZ OE,-0.35075623087604624,0.7552543944469396,-7.218510753942525,230,False,17500,30000
247,30.36771844660194,237.0746359223301,585.0370145631068,2097.0,1.3891304153232844,19352.55339805825,15931.541262135923,54369.85558252427,LacZ_2,LacZ OE,0.20625062546294592,0.7610827649519465,-2.22301506880806,230,False,17500,30000
248,30.187281621243887,417.52201257861634,775.3214535290007,1776.0,1.3608195385600983,20578.266247379455,19194.993011879804,5997.197763801538,LacZ_2,LacZ OE,0.7258872502379603,0.30400404220640587,-0.6088577227772305,230,False,17500,30000
249,29.474452554744527,429.7399635036496,808.4653284671533,1311.0,1.3698738591648494,26630.754562043796,16164.157846715329,5735.496350364963,LacZ_2,LacZ OE,0.814605944847195,0.27498356651996203,-0.8165635027008449,230,False,17500,30000
250,29.962128966223133,448.5506653019447,799.8311156601842,1207.0,1.461698350073395,24752.53428863869,16107.685772773797,5251.438075742068,LacZ_2,LacZ OE,0.7935689084136126,0.22463964436002692,-0.6807759813966001,230,False,17500,30000
251,31.584429824561404,469.859649122807,870.3826754385965,1173.0,1.4222244140630225,17216.637061403508,19600.617324561405,5336.796052631579,LacZ_2,LacZ OE,0.9818191642947229,0.17514574233393287,2.0630836750171824,230,False,17500,30000
252,28.221359223300972,551.8116504854369,865.6174757281553,764.0,1.3988530407885615,19145.33786407767,17444.81553398058,5278.308737864078,LacZ_2,LacZ OE,0.9771869344637643,-0.04093738595468188,-2.210027684655124,230,False,17500,30000
253,29.443012884043608,644.4033696729435,782.8592666005947,1218.0,1.3600625040416054,38964.34093161546,16853.96828543112,59490.90981169475,LacZ_2,LacZ OE,0.7673849100960557,-0.2925034132315054,-3.4821554166544715,230,False,17500,30000
254,31.356244761106453,680.3629505448449,724.0150880134115,1425.0,1.2613907579997699,37022.586756077115,18585.858340318526,57168.556580050295,LacZ_2,LacZ OE,0.6153180196444596,-0.39275906367201807,-3.0431669868974893,230,False,17500,30000
255,31.71456770627714,751.1981839715752,607.6573233320174,3024.0,1.3238963720267063,46400.046190288194,18590.79115673115,38058.08290564548,LacZ_2,LacZ OE,0.31476502071859325,-0.5901941022553643,-5.59649822394956,230,False,17500,30000
256,28.6770921386306,778.2781065088758,657.072696534235,1419.0,1.4343462994410727,33453.1842772612,20968.755705832627,11317.965342349959,LacZ_2,LacZ OE,0.44797784064660373,-0.6567389399583048,-7.969171623006744,230,False,17500,30000
257,29.61873459326212,861.9079704190633,364.34921939194743,1533.0,1.3193622367255358,22740.8553820871,16587.944946589974,5495.488907148726,LacZ_2,LacZ OE,-0.3171164127203654,-0.9044823765157465,-13.405453950144935,230,False,17500,30000
258,30.498307952622675,859.7157360406092,461.76142131979697,1500.0,1.3769595671390338,21999.857868020306,16815.828257191202,5068.431472081218,LacZ_2,LacZ OE,-0.060131797422831146,-0.8895612262556873,-10.660440265145144,230,False,17500,30000
259,28.93220338983051,879.1166500498505,419.2522432701894,1163.0,1.2853135086172855,30415.83449651047,13904.363908275174,4604.326021934197,LacZ_2,LacZ OE,-0.1704655341257797,-0.9445916344868608,-13.225013736514544,230,False,17500,30000
260,30.55295138888889,208.02864583333334,401.23524305555554,1355.0,1.3333567129850925,37261.686631944445,15812.1328125,49582.02170138889,LacZ_2,LacZ OE,-0.28188277386730376,0.8202256739212452,-5.225732395044979,230,False,17500,30000
261,30.890927624872578,235.87257900101937,416.81549439347606,1143.0,1.254036830241881,18681.477064220184,20546.058103975534,62195.019367991845,LacZ_2,LacZ OE,-0.23811117409797444,0.7483877751315173,-4.8717649912630066,230,False,17500,30000
262,30.67350746268657,316.30223880597015,739.8694029850747,1254.0,1.2437403658992714,13441.743470149253,16729.42723880597,4792.23973880597,LacZ_2,LacZ OE,0.6226283794110898,0.5671002814526853,0.21982608796113112,230,False,17500,30000
263,32.479765395894425,396.84574780058654,777.1489736070381,2042.0,1.2302689256526935,24968.418768328447,18251.71964809384,5854.466862170088,LacZ_2,LacZ OE,0.7286362933511865,0.35853946938446524,1.9247301213958323,230,False,17500,30000
264,30.76529588766299,542.2738214643932,865.6178535606821,1250.0,1.3236536692183518,22543.65295887663,21585.519558676027,5702.122367101304,LacZ_2,LacZ OE,0.9761569859716763,-0.01590174940346256,0.42883946717525845,230,False,17500,30000
265,31.81046195652174,643.664402173913,718.1610054347826,1865.0,1.3907801744964177,34404.858695652176,18165.183423913044,8989.106657608696,LacZ_2,LacZ OE,0.5963501478028252,-0.2967186415236762,-2.3323731863514396,230,False,17500,30000
266,33.5121014214368,659.4825201690358,730.8540145985402,3429.0,1.4775346826765139,45257.507491356126,17401.216673069535,39718.771801767194,LacZ_2,LacZ OE,0.6312879672874352,-0.3372103318993265,-0.5492812130573341,230,False,17500,30000
267,31.58148431522571,673.0382555470543,692.9992348890589,1733.0,1.3474030559903045,35527.41315990819,18244.432287681713,52995.813312930375,LacZ_2,LacZ OE,0.5327076055179836,-0.37640534632441414,-3.331660908686537,230,False,17500,30000
268,34.359703337453645,672.5067985166872,716.6415327564895,1381.0,1.3555548520541496,35092.93325092707,15867.962917181705,56593.70704573548,LacZ_2,LacZ OE,0.5949529959297555,-0.3728577178178223,-0.10128678440909766,230,False,17500,30000
269,30.900277008310248,690.1717451523546,687.7645429362881,761.0,1.8031855563043526,47998.68975069252,18446.45706371191,38578.675900277005,LacZ_2,LacZ OE,0.5205456398528907,-0.4219811074635961,-4.283352768915293,230,False,17500,30000
270,30.67420109119252,690.9368667186283,750.6048324240062,1574.0,1.3951284673331668,52276.66718628215,19267.081839438815,57052.02182385035,LacZ_2,LacZ OE,0.6865715364060381,-0.4180700023973324,-3.327679936717402,230,False,17500,30000
271,33.07794048181389,709.3821445441663,717.0670760510155,2859.0,1.4012515790716966,44728.66225791214,15876.221539914974,29421.49315068493,LacZ_2,LacZ OE,0.5996431245927798,-0.46985155092376707,-1.74395112621486,230,False,17500,30000
272,29.532838983050848,716.5598516949152,486.28707627118644,2341.0,1.6389138984998906,43980.98040254237,39351.85328389831,9625.205508474577,LacZ_2,LacZ OE,-0.008920943541618542,-0.5103830541753112,-9.728014038183055,230,False,17500,30000
273,31.15488018702513,741.3985973115138,281.271186440678,2074.0,1.4371443457819408,51297.258328462885,22659.732904734075,6636.70601987142,LacZ_2,LacZ OE,-0.548025235566425,-0.5951239189654356,-12.235337651797959,230,False,17500,30000
274,31.280249110320284,790.7829181494662,555.5916370106762,1407.0,1.375590288227515,37026.710854092526,17182.145017793595,35467.67704626334,LacZ_2,LacZ OE,0.18105761913860907,-0.6992880048759242,-7.412527944571131,230,False,17500,30000
275,31.90843547224225,780.1932227829849,558.1881759192502,1812.0,1.5669818539033453,36553.865897620766,17020.842105263157,8987.996395097332,LacZ_2,LacZ OE,0.18687735258966076,-0.6711850005991733,-6.629302332172713,230,False,17500,30000
276,31.232727272727274,799.7849350649351,365.24415584415584,2278.0,1.2297114008253607,46423.40415584415,28732.716363636362,6295.512727272728,LacZ_2,LacZ OE,-0.3207346407471706,-0.7409119603793812,-11.152827142481271,230,False,17500,30000
277,29.957843814789218,813.6738078783691,396.0760193503801,1698.0,1.3975379652057467,38015.72840359364,29130.820317899103,5820.898410504492,LacZ_2,LacZ OE,-0.23793494820022876,-0.7745328846388544,-11.982948860510579,230,False,17500,30000
278,30.519496855345913,826.7685534591195,440.1283018867924,1069.0,1.4731882301856363,27254.613836477987,18340.01257861635,22019.76855345912,LacZ_2,LacZ OE,-0.12038965814249603,-0.8048698465803141,-10.718784470382822,230,False,17500,30000
279,30.36277602523659,861.589116719243,384.6490536277602,1619.0,1.3848430492825632,29886.902996845427,18528.652208201893,14113.20741324921,LacZ_2,LacZ OE,-0.2635774988556475,-0.9017519640990599,-12.274181691546968,230,False,17500,30000
280,30.019695613249777,898.8657117278424,383.2533572068039,1292.0,1.392184553693548,21890.895255147716,16346.118173679499,5727.698299015219,LacZ_2,LacZ OE,-0.26370462072403844,-1.0,-13.016866721256545,230,False,17500,30000
281,32.20203602192639,190.74079874706342,393.5324980422866,1497.0,1.2984644566170565,31919.117462803446,17750.511354737668,6342.36648394675,LacZ_2,LacZ OE,-0.3039467789709718,0.864961960763295,-3.549702269883042,230,False,17500,30000
282,31.98486197684773,218.39447907390917,296.81032947462154,1388.0,1.2884884854334386,19807.018699910954,16632.747996438113,6197.9910952804985,LacZ_2,LacZ OE,-0.5567226075320535,0.7830629084755076,-5.874365413199847,230,False,17500,30000
283,32.00844277673546,235.18480300187616,350.390243902439,1264.0,1.406465794331254,31301.403377110695,20851.058161350844,50682.030018761725,LacZ_2,LacZ OE,-0.41364023074185063,0.7439103122879145,-5.004828896658999,230,False,17500,30000
284,34.32823741007194,279.8030575539568,689.4379496402878,2851.0,1.5263432855438623,18559.618255395682,16842.333633093524,4887.833183453237,LacZ_2,LacZ OE,0.4858072031775593,0.6583271276522957,3.2847006069767843,230,False,17500,30000
285,31.05607476635514,401.9454828660436,818.2585669781931,798.0,1.3339117381820738,25476.459501557634,21829.49065420561,5008.303738317757,LacZ_2,LacZ OE,0.8377485863848753,0.3490271451582616,1.2283683169946116,230,False,17500,30000
286,31.81024349286314,423.3685978169605,762.5650713685978,1460.0,1.2447149521962624,21643.55583543241,16382.570109151973,6515.094038623006,LacZ_2,LacZ OE,0.6926774171219774,0.28736640856321594,0.7137515158938115,230,False,17500,30000
287,32.49256505576208,468.0771375464684,839.3931226765799,1340.0,1.2388585366666525,30136.778810408923,16395.311338289965,4892.934014869888,LacZ_2,LacZ OE,0.8997712776017794,0.17689357108462,2.402330257407108,230,False,17500,30000
288,30.6705565529623,624.0942549371633,728.8249551166966,1433.0,1.6619065368551853,36916.775583482944,16259.061938958708,20777.856373429084,LacZ_2,LacZ OE,0.6227069325133241,-0.24416603184959318,-3.074219300501781,230,False,17500,30000
289,31.348717948717947,649.5210256410256,729.2338461538461,1273.0,1.4161210957585824,43844.431794871794,18501.850256410256,56425.93641025641,LacZ_2,LacZ OE,0.6261692403048396,-0.3110795794455249,-2.643084164711148,230,False,17500,30000
290,31.26047565118913,688.832389580974,788.907134767837,1056.0,1.4873909190832424,44206.35220838052,18328.70441676104,36099.35787089468,LacZ_2,LacZ OE,0.7874875839185076,-0.4089390805169201,-1.995531065239554,230,False,17500,30000
291,33.91644562334218,757.4058355437666,577.6936339522547,1827.0,1.2871333694832494,44561.6299734748,17709.629310344826,9201.426392572945,LacZ_2,LacZ OE,0.23612183164416756,-0.6094192266419187,-4.024398488234397,230,False,17500,30000
292,32.31399317406143,790.9481228668942,321.02525597269624,1878.0,1.2578406969792773,34061.292832764506,29412.44300341297,6298.211604095563,LacZ_2,LacZ OE,-0.4383959365580786,-0.7218454441712688,-10.820239386210925,230,False,17500,30000
293,31.399008674101612,795.6617100371748,333.95786864931847,1970.0,1.3116663464527052,32933.3624535316,28649.822180916977,5921.586121437423,LacZ_2,LacZ OE,-0.4037521249077759,-0.733009546884185,-11.537441883947086,230,False,17500,30000
294,32.31113138686131,794.279197080292,496.09215328467155,1285.0,1.3454787620320405,33227.20802919708,18212.433394160584,43424.04105839416,LacZ_2,LacZ OE,0.024219185798423526,-0.7141247319773764,-7.54301988058544,230,False,17500,30000
295,31.277011494252875,805.4356321839081,293.39540229885057,1155.0,1.3904080749724157,24999.280459770114,21798.525287356322,5866.911494252873,LacZ_2,LacZ OE,-0.5099306699331363,-0.7625553272271886,-12.524994848757512,230,False,17500,30000
296,31.314990512333967,808.6404174573055,322.8728652751423,1303.0,1.2713990212122457,27686.065464895637,29207.04933586338,5545.273244781783,LacZ_2,LacZ OE,-0.4317870192113591,-0.7682161765880069,-11.961204814936611,230,False,17500,30000
297,30.71231527093596,808.8246305418719,437.0679802955665,1418.0,1.6222244789337716,46962.189162561575,26232.745812807883,17240.90049261084,LacZ_2,LacZ OE,-0.13018535269775144,-0.757928263114438,-10.404251410091451,230,False,17500,30000
298,31.814006888633756,820.4856486796785,270.8312284730195,1047.0,1.2985104819874453,14466.065442020667,15546.148105625718,5134.9667049368545,LacZ_2,LacZ OE,-0.5681122246467665,-0.8043131200124265,-12.565890210405929,230,False,17500,30000
299,31.346830985915492,841.4339788732394,347.10035211267603,1367.0,1.4205490793101239,22055.043133802817,17353.270246478874,5303.895246478874,LacZ_2,LacZ OE,-0.3646954184137333,-0.8522602997614237,-11.799202336303733,230,False,17500,30000
300,30.67549019607843,851.7323529411765,398.23039215686276,1256.0,1.3100045756684715,30363.34705882353,17519.566666666666,9947.139215686275,LacZ_2,LacZ OE,-0.2286651397702939,-0.8745347936869248,-11.60578926381665,230,False,17500,30000
301,31.759914255091104,222.09539121114685,260.81564844587353,1365.0,1.6942097770323499,9221.672025723472,15959.29474812433,5999.198285101822,LacZ_2,LacZ OE,-0.6514109695105892,0.7699367406454631,-6.817580488229282,230,False,17500,30000
302,33.01682242990654,227.0728971962617,326.3523364485981,1375.0,1.4201098844910391,22043.08785046729,15947.023364485982,7215.3644859813085,LacZ_2,LacZ OE,-0.47793720805671114,0.7629714673628634,-4.370410187029954,230,False,17500,30000
303,33.69845594913715,325.96003633060855,730.5386012715713,1385.0,1.2200404681528634,15645.547683923705,15631.15803814714,5211.793823796548,LacZ_2,LacZ OE,0.5987578157260023,0.5407132682359264,2.9707720039050187,230,False,17500,30000
304,34.8318863456985,331.14443567482243,764.060773480663,1839.0,1.349717380957833,16166.690607734807,20146.23677979479,4789.782951854775,LacZ_2,LacZ OE,0.6877166783945812,0.5301914486005455,4.686492433763554,230,False,17500,30000
305,35.862134088762986,337.20113314447593,749.7568460812087,2556.0,1.5366807451932947,30064.10670443815,17664.172804532576,5339.990084985836,LacZ_2,LacZ OE,0.6504692776473178,0.5128716422609547,5.3851295844787685,230,False,17500,30000
306,31.570971184631805,436.12166488794026,847.5506937033084,1079.0,1.2399104970466786,26363.964781216648,21296.185699039488,5438.176093916755,LacZ_2,LacZ OE,0.9183220371381882,0.26180687018944093,1.955328034325447,230,False,17500,30000
307,32.45164835164835,481.8989010989011,853.7604395604395,1133.0,1.2264935307641418,26518.149450549452,20385.324175824175,5499.069230769231,LacZ_2,LacZ OE,0.9390262148132891,0.14186379868923904,2.4949450729441907,230,False,17500,30000
308,33.40102040816326,528.4285714285714,796.8551020408163,1280.0,1.3510949478957803,27420.69693877551,17406.21224489796,6508.141836734694,LacZ_2,LacZ OE,0.7931307501953471,0.013993383574790519,1.9011474270283628,230,False,17500,30000
309,33.8957783641161,698.0290237467018,682.0567282321899,1020.0,1.4242988136964736,40038.55145118733,19015.075197889182,51299.36147757256,LacZ_2,LacZ OE,0.5060726603592334,-0.44328639455828955,-1.4752466863250646,230,False,17500,30000
310,33.368184373243395,728.592467678471,264.0314783586284,2185.0,1.4138812501379912,51726.94154019112,20853.584035975266,6905.421585160202,LacZ_2,LacZ OE,-0.5948753223759384,-0.5630993783329346,-10.220597896739637,230,False,17500,30000
311,32.981370592149034,753.6147704590818,638.3107119095143,1799.0,1.2270966237856833,53790.40718562874,16491.713905522287,27790.562208915504,LacZ_2,LacZ OE,0.395878785768514,-0.593703942076071,-3.774017090829716,230,False,17500,30000
312,34.07452229299363,761.0656050955414,530.8936305732484,1991.0,1.2970100759524896,24505.671337579617,17887.04203821656,45223.770700636946,LacZ_2,LacZ OE,0.11287720340108409,-0.6234656102521978,-4.788773951551249,230,False,17500,30000
313,33.40139790314528,769.2371442835746,368.61907139291066,2283.0,1.306556414176363,51562.50374438342,31435.6510234648,7660.618072890664,LacZ_2,LacZ OE,-0.31483122207677017,-0.6602416746780196,-8.614888942979888,230,False,17500,30000
314,34.689375506893754,781.3592862935928,342.3511759935118,1615.0,1.31655284577202,31913.740470397406,28315.97485806975,6418.313057583131,LacZ_2,LacZ OE,-0.3831081866664966,-0.69466217057607,-7.945755319957513,230,False,17500,30000
315,32.154761904761905,788.1820728291317,294.1015406162465,1719.0,1.3756926901947824,47231.58893557423,25653.834033613446,5901.781512605042,LacZ_2,LacZ OE,-0.5097482850179471,-0.7170955667605698,-11.46131314637941,230,False,17500,30000
316,33.00858895705522,791.3257668711657,399.29815950920243,1923.0,1.403358624243867,40232.24355828221,27645.14846625767,6665.932515337423,LacZ_2,LacZ OE,-0.23169915796632423,-0.7154866905701758,-8.648137709646157,230,False,17500,30000
317,31.041543026706233,801.4836795252226,259.1127596439169,569.0,1.509345420712272,18862.513353115726,16210.344213649852,5813.014836795252,LacZ_2,LacZ OE,-0.6008246443909324,-0.7553746816916893,-13.369693456026749,230,False,17500,30000
318,33.84109386548411,798.7575757575758,443.8869179600887,1690.0,1.3999754503669133,40412.72505543237,26619.138950480414,7332.455284552845,LacZ_2,LacZ OE,-0.11328851825947084,-0.7308737345486542,-7.04632429815377,230,False,17500,30000
319,32.23765690376569,817.3782426778242,410.7623430962343,1358.0,1.3493978863200333,39907.69037656904,30366.807531380753,6845.389958158996,LacZ_2,LacZ OE,-0.19891266955047904,-0.7829652617679259,-9.462789205729695,230,False,17500,30000
320,32.326774420238934,817.9718903724525,378.6971187631764,1608.0,1.2792681962621832,41843.20168657765,27057.18271257906,6125.4167252283905,LacZ_2,LacZ OE,-0.28353515406813345,-0.7875506536088434,-9.986525014493598,230,False,17500,30000
321,32.50122549019608,828.1721813725491,359.9938725490196,1980.0,1.404758093044263,30573.013480392157,23441.67156862745,5824.030637254902,LacZ_2,LacZ OE,-0.33196416713525345,-0.8161682566492561,-10.268244525428912,230,False,17500,30000
322,33.979790419161674,184.67290419161677,473.4887724550898,1606.0,1.2627133098131058,25869.850299401198,18707.463323353295,33322.29416167665,LacZ_2,LacZ OE,-0.09347023994921155,0.8884158985554131,-0.19828759722867062,230,False,17500,30000
323,33.52177777777778,253.15555555555557,346.1431111111111,1455.0,1.3820042844662752,19354.106666666667,26363.025777777777,60472.332444444444,LacZ_2,LacZ OE,-0.4232224232079832,0.6961617992755684,-3.7521742626127974,230,False,17500,30000
324,33.13854595336077,289.2935528120713,726.721536351166,909.0,1.4182122058521116,12048.901234567902,19040.183813443073,4453.522633744856,LacZ_2,LacZ OE,0.5852218675044716,0.6368896931311296,2.7059040364745,230,False,17500,30000
325,33.70929162833487,509.59153633854646,835.7782888684453,1345.0,1.2696691517643715,32646.102115915364,18862.729530818768,5931.089236430543,LacZ_2,LacZ OE,0.8941102312678693,0.06723709389190913,3.134658636217104,230,False,17500,30000
326,34.585521646557844,600.0220014194464,775.4244144783535,1714.0,1.291670322117755,29063.90915542938,17443.781405251953,6704.831085876508,LacZ_2,LacZ OE,0.7432828469266952,-0.17651973303007074,1.9628678774390735,230,False,17500,30000
327,34.5619212962963,737.7314814814815,638.1342592592592,2069.0,1.2080616779762117,50616.95891203704,17497.418402777777,20096.244791666668,LacZ_2,LacZ OE,0.3938262410032076,-0.5519541691734542,-2.03812188399894,230,False,17500,30000
328,33.40787008119925,751.2373516552154,403.97751405371645,1899.0,1.4146883536852026,39555.92629606496,33277.01374141162,10685.48782011243,LacZ_2,LacZ OE,-0.22317080067296513,-0.609529169087015,-7.7589600622073505,230,False,17500,30000
329,32.388888888888886,752.802034428795,591.046165884194,1777.0,1.486610295402054,36598.88575899843,19061.88497652582,44330.78012519562,LacZ_2,LacZ OE,0.271019314001004,-0.5959996104828519,-5.2527858821020175,230,False,17500,30000
330,34.98685857321652,760.255944931164,320.8491864831039,1951.0,1.3615290328563412,48544.82040050063,19681.061952440552,6899.84730913642,LacZ_2,LacZ OE,-0.4419080344177816,-0.641143730600062,-7.843984579918526,230,False,17500,30000
331,35.15324985092427,761.391771019678,669.2283840190817,2148.0,1.2119618077968626,44664.20751341682,17033.80977936792,44857.599284436496,LacZ_2,LacZ OE,0.478155353905547,-0.6113250228890792,-1.0953413259816855,230,False,17500,30000
332,34.359550561797754,762.741062308478,618.8008171603677,2334.0,1.3619835673282898,51858.068947906024,18877.629724208375,19916.425434116445,LacZ_2,LacZ OE,0.34515858762634477,-0.619604229197694,-2.8567964270497512,230,False,17500,30000
333,34.12696148359486,808.2696148359487,352.77674750356636,1804.0,1.3380301145946263,32227.445078459343,27521.110556348074,6382.608416547789,LacZ_2,LacZ OE,-0.352993077937253,-0.7645026325690127,-8.580184144290065,230,False,17500,30000
334,33.87274368231047,817.3971119133574,332.83303249097474,1366.0,1.3599586555035126,26943.805054151624,24809.04963898917,5744.3231046931405,LacZ_2,LacZ OE,-0.4047786971499929,-0.790401003880614,-9.30320983899436,230,False,17500,30000
335,33.132616487455195,837.6505376344086,302.57706093189967,779.0,1.2699070333549833,12318.349462365592,15569.707885304659,5611.084229390681,LacZ_2,LacZ OE,-0.4827149457309907,-0.8465446871013238,-10.818619308099233,230,False,17500,30000
336,33.54076539101497,846.8178036605657,420.9500831946755,1450.0,1.2939499952096336,31705.971713810315,17102.695507487522,7534.523294509151,LacZ_2,LacZ OE,-0.16927678223794163,-0.8595385418738306,-8.261950935254866,230,False,17500,30000
337,32.9598623853211,873.5447247706422,393.8967889908257,1053.0,1.3134252507362116,20531.485091743118,17535.547018348625,5311.935779816514,LacZ_2,LacZ OE,-0.23814849174423358,-0.9324257637444243,-9.62237868282784,230,False,17500,30000
338,34.652705061082024,269.7504363001745,320.9659685863874,1528.0,1.3606220082053124,16094.60994764398,19253.541884816754,57681.10645724258,LacZ_2,LacZ OE,-0.4881863824664545,0.6500745039337186,-3.264198167324622,230,False,17500,30000
339,36.833333333333336,294.5687593423019,702.9080717488789,1620.0,1.2815535848081585,20032.52840059791,16806.17713004484,4774.960388639761,LacZ_2,LacZ OE,0.5226577503128431,0.6206563777987313,5.896311320740622,230,False,17500,30000
340,33.595798319327734,453.12605042016804,771.5470588235294,1502.0,1.5142555061224579,28824.091596638656,15321.078991596638,6001.473949579832,LacZ_2,LacZ OE,0.7191358220624764,0.20982916818159714,2.370921420944441,230,False,17500,30000
341,38.112286411716845,495.73311635475994,816.5785191212368,1687.0,1.2182774917588786,24022.80146460537,18251.649308380798,5751.707892595607,LacZ_2,LacZ OE,0.8418768571845647,0.10178541311757616,7.312026543327889,230,False,17500,30000
342,36.5251677852349,542.1006711409397,817.2726510067114,1647.0,1.3761720712806131,29718.06124161074,18718.087248322146,5794.796979865771,LacZ_2,LacZ OE,0.8481930796961381,-0.02016164541461596,5.274110161716024,230,False,17500,30000
343,34.59792993630573,578.3152866242038,812.1472929936306,1567.0,1.3081539353829852,34164.36624203822,18733.575636942674,6421.346337579618,LacZ_2,LacZ OE,0.8381938417111234,-0.11592084547854586,2.887674842378928,230,False,17500,30000
344,34.27760736196319,583.5046012269938,770.2193251533743,1564.0,1.3710214409699961,25561.737730061348,14772.812116564417,6645.659509202454,LacZ_2,LacZ OE,0.7279835624671804,-0.13352121986869214,1.7219052796887624,230,False,17500,30000
345,34.98964968152866,647.15525477707,705.1616242038217,1583.0,1.2647239562092536,34855.708598726116,18372.132961783438,9890.208598726114,LacZ_2,LacZ OE,0.5621984923543921,-0.3072217801105057,0.5650949557464173,230,False,17500,30000
346,36.834892680242156,651.5299944964227,760.2680242157402,2336.0,1.6191222821290714,41017.01596037424,19076.197578425978,53239.10952118877,LacZ_2,LacZ OE,0.7080429109569968,-0.3135993163774695,3.409090178405961,230,False,17500,30000
347,35.61637347767253,673.9756427604872,773.287550744249,1782.0,1.2636200762418035,48287.686738836266,20899.819350473612,7166.895805142084,LacZ_2,LacZ OE,0.7446158509567409,-0.3714242457030126,2.2125084309065315,230,False,17500,30000
348,34.040714995034755,717.2383316782523,655.66137040715,1261.0,1.4714078114395117,44778.26713008937,15275.37239324727,52382.27805362463,LacZ_2,LacZ OE,0.4381885147836717,-0.4963428486123642,-2.0222714024295954,230,False,17500,30000
349,33.75239923224568,769.0767754318618,632.4884836852208,1354.0,1.5818731437668379,46000.059500959695,17982.58829174664,58853.6103646833,LacZ_2,LacZ OE,0.38193528996716886,-0.6349759345274216,-3.268188743620378,230,False,17500,30000
350,34.334928229665074,769.5191387559809,581.8684210526316,1502.0,1.2552705569999307,35274.65629984051,20147.458532695375,43527.95215311005,LacZ_2,LacZ OE,0.24827654370954866,-0.6409246295232276,-3.648292914903614,230,False,17500,30000
351,34.686105111591075,770.7084233261339,565.8920086393089,1618.0,1.2358677349062868,42583.75521958243,18450.629229661627,6734.910007199424,LacZ_2,LacZ OE,0.20618346457417247,-0.6455699603339383,-3.611485931010371,230,False,17500,30000
352,35.32811559301626,787.6658639373871,523.157134256472,1946.0,1.348781452200008,36492.76700782661,19719.169175195664,6398.6568332329925,LacZ_2,LacZ OE,0.09491329221449041,-0.6942516262029597,-3.948254695823927,230,False,17500,30000
353,34.518050541516246,817.8564981949459,427.72833935018053,1330.0,1.3237946233635094,31086.3357400722,17120.953971119132,15470.24548736462,LacZ_2,LacZ OE,-0.15417701733717326,-0.7826904002786255,-6.86659730056742,230,False,17500,30000
354,34.451581027667984,814.9150197628459,443.5187747035573,1251.0,1.4747103823632077,41861.96442687747,16927.3418972332,42130.4337944664,LacZ_2,LacZ OE,-0.11275548565276783,-0.7734581569858404,-6.604736612945942,230,False,17500,30000
355,34.05074626865672,827.7452736318407,450.02288557213933,1206.0,1.3914731947567804,31933.648756218907,17842.061691542287,31461.85870646766,LacZ_2,LacZ OE,-0.09434144043071868,-0.8066083898224,-7.010853330592546,230,False,17500,30000
356,34.645970149253735,831.6877611940298,414.9534328358209,2052.0,1.438051693471005,40720.478208955225,17652.50089552239,33091.710447761194,LacZ_2,LacZ OE,-0.18660382416840104,-0.8203064170364099,-7.1189923429330335,230,False,17500,30000
357,33.666272189349115,832.3479289940828,488.2426035502959,1090.0,1.4199427064691716,24709.308875739644,17995.930177514794,13178.672189349112,LacZ_2,LacZ OE,0.007041379166991213,-0.815113655741035,-6.717955127183004,230,False,17500,30000
358,33.20356234096692,847.6174724342663,494.314673452078,1545.0,1.4566788022488182,30601.49872773537,16869.04834605598,9089.187446988974,LacZ_2,LacZ OE,0.02454932761976769,-0.8547239819403393,-7.218535559045812,230,False,17500,30000
359,35.510457010069715,406.26336173508906,805.3787761425252,1486.0,1.3703710919970322,28371.129357087528,21151.085979860574,5305.817970565453,LacZ_2,LacZ OE,0.8039287740438745,0.3363223269974067,5.394720675810554,230,False,17500,30000
360,37.02784407319014,552.36276849642,848.2680986475735,1566.0,1.1436500739878166,33041.265712012726,22914.22275258552,5872.073985680191,LacZ_2,LacZ OE,0.930992996268484,-0.044270139197667646,6.260553292286616,230,False,17500,30000
361,36.352348993288594,624.4409395973155,765.5228187919463,1850.0,1.241605812193365,38576.10268456376,17510.440268456376,7445.9899328859065,LacZ_2,LacZ OE,0.7193691491340468,-0.24178205410960862,3.29736790277137,230,False,17500,30000
362,35.38812785388128,651.9528158295282,680.7138508371385,1668.0,1.3876986678548386,32882.52511415525,17327.714611872147,8792.369863013699,LacZ_2,LacZ OE,0.49807562643813186,-0.3221647090352753,0.45272629614539284,230,False,17500,30000
363,36.70651395848246,666.5583392984968,681.4058697208303,1736.0,1.3156236306939626,32961.210450966355,16255.130279169649,11257.592698639943,LacZ_2,LacZ OE,0.5012260616275384,-0.36058395501722285,1.6376560599233159,230,False,17500,30000
364,35.00289435600579,720.663531114327,277.465991316932,1784.0,1.5312344865316934,47225.08900144718,24323.73878437048,8195.041968162084,LacZ_2,LacZ OE,-0.5602323514013996,-0.5410080267040798,-8.252595877228039,230,False,17500,30000
365,37.84270414993306,782.3012048192771,540.9410977242303,1958.0,1.3809379449397527,35411.4906291834,18331.23159303882,9678.710174029451,LacZ_2,LacZ OE,0.14124232495251876,-0.6785255309938489,-1.0439324158780252,230,False,17500,30000
366,38.25675675675676,852.8788981288981,498.68087318087316,2466.0,1.5091961893458359,36274.940228690226,19165.72920997921,5852.344074844075,LacZ_2,LacZ OE,0.03633121881820012,-0.8683050570308843,-2.1365470310069483,230,False,17500,30000
367,35.65263157894737,877.1707602339181,480.45380116959063,1298.0,1.4314801336559682,12104.577777777778,14640.426900584795,4809.446783625731,LacZ_2,LacZ OE,-0.009365257167123442,-0.9338939944726837,-5.3282986050181265,230,False,17500,30000
368,36.3991825613079,340.8855585831063,722.0313351498637,1751.0,1.245148091408496,15365.669618528611,15907.284059945505,5446.66757493188,LacZ_2,LacZ OE,0.5775783476400678,0.5005462856312597,5.360409074693997,230,False,17500,30000
369,37.73548922056385,520.9336650082919,832.8142620232172,1506.0,1.210440026729556,32140.307628524046,21179.65422885572,5938.898839137645,LacZ_2,LacZ OE,0.8871633141786779,0.036987771387548385,6.990260081543546,230,False,17500,30000
370,37.75774134790528,556.1903460837887,816.6894353369763,1508.0,1.2935932719910122,40794.19398907104,20486.260473588343,6236.818761384335,LacZ_2,LacZ OE,0.8479312050431185,-0.05734067803376386,6.354276518034453,230,False,17500,30000
371,37.53145336225597,559.1453362255966,830.0227765726681,1211.0,1.2885424492105577,32084.245119305855,20548.632321041216,5955.726681127982,LacZ_2,LacZ OE,0.8834323607685355,-0.0638571233847911,6.350806726002844,230,False,17500,30000
372,38.95111583421892,571.0329436769395,791.8820403825717,1330.0,1.3278639398836098,27793.134962805525,18516.632306057385,7899.970244420829,LacZ_2,LacZ OE,0.7837740893101406,-0.09878222671282122,6.92922999714105,230,False,17500,30000
373,35.99048751486326,692.6313912009513,743.0332936979786,1121.0,1.3864717398858417,53193.07134363853,18630.69916765755,60861.38882282996,LacZ_2,LacZ OE,0.6664776921166722,-0.42339343472133495,1.8271154447460418,230,False,17500,30000
374,37.56448412698413,705.6130952380952,658.5297619047619,1434.0,1.3840116937299014,42708.818452380954,14738.980158730159,7901.3015873015875,LacZ_2,LacZ OE,0.4444857432763407,-0.4655698052520586,1.6713877166500666,230,False,17500,30000
375,36.512408759124085,708.2924574209246,247.2287104622871,2524.0,1.495732802435076,49283.703649635034,22084.898783454988,7034.90900243309,LacZ_2,LacZ OE,-0.6413292312750731,-0.5113331310143284,-7.191841936425021,230,False,17500,30000
376,36.48140276301807,723.6381509032943,332.80499468650373,2156.0,1.4286657035037424,55685.2954303932,28408.50265674814,7523.680658873539,LacZ_2,LacZ OE,-0.4138887394564005,-0.5436676810487815,-5.756828721391813,230,False,17500,30000
377,36.744680851063826,738.9595058339053,290.57240905971173,1720.0,1.4720515435697632,50835.13864104324,17750.45024021963,7081.677419354839,LacZ_2,LacZ OE,-0.5239693920919002,-0.587984574036775,-6.446353521577578,230,False,17500,30000
378,37.168073136427566,743.4725738396625,587.3333333333334,1704.0,1.4435364079437862,41202.8452883263,18854.87482419128,12405.072433192687,LacZ_2,LacZ OE,0.2600940866223127,-0.5719251395457031,-0.4515488776067613,230,False,17500,30000
379,36.310466138962184,756.9665787159191,683.2436235708003,1331.0,1.3658368079954577,37075.26121372032,19686.864555848726,47024.30870712401,LacZ_2,LacZ OE,0.5146881555686589,-0.5983887258397274,0.3711831314709002,230,False,17500,30000
380,37.04170008019246,778.392141138733,400.6094627105052,1449.0,1.4568014037690282,36159.96952686447,30165.688051323177,7597.171611868484,LacZ_2,LacZ OE,-0.2296630151153788,-0.6814304638774675,-4.461622405271939,230,False,17500,30000
381,37.83594470046083,786.068202764977,328.52811059907833,1363.0,1.3027840334806098,34221.14193548387,32461.187096774192,6307.665437788019,LacZ_2,LacZ OE,-0.4193176134561638,-0.7084483818888454,-5.108684865519571,230,False,17500,30000
382,35.831765935214214,795.0198537095089,267.2528735632184,1203.0,1.410232379617936,21000.74921630094,19985.832810867294,5355.128526645768,LacZ_2,LacZ OE,-0.5801781169834483,-0.7377275551905631,-8.361778220152914,230,False,17500,30000
383,38.46763335059555,804.6126359399275,511.9243915069912,2236.0,1.2158184414541935,37637.62351113413,17613.802692905232,44773.444329363025,LacZ_2,LacZ OE,0.06670718991657387,-0.7400083699387657,-1.1917510076462605,230,False,17500,30000
384,36.68280467445743,806.4115191986645,558.6327212020034,1448.0,1.3067303111891457,38021.34223706177,20605.586811352252,28231.975792988313,LacZ_2,LacZ OE,0.19030813964145277,-0.7402940894662111,-2.110149617415672,230,False,17500,30000
385,34.86896551724138,812.4505747126436,281.2896551724138,520.0,1.2831605592946655,16468.397701149424,21670.891954022987,5599.8,LacZ_2,LacZ OE,-0.5414079258547547,-0.7822626650177273,-9.233229814593344,230,False,17500,30000
386,36.634196891191706,812.2352331606218,621.7492227979275,1143.0,1.2299382915973145,38731.854922279796,18463.068393782385,41162.42590673575,LacZ_2,LacZ OE,0.3575353443683813,-0.7496781109555689,-1.0224755282813902,230,False,17500,30000
387,35.44592592592593,835.8859259259259,591.4414814814814,829.0,1.6018194724322867,18069.447407407406,18366.86962962963,6002.293333333333,LacZ_2,LacZ OE,0.27980714000093676,-0.8147569601023341,-3.0209242195869805,230,False,17500,30000
388,36.10611928737413,851.6312935708753,388.81642137877617,1596.0,1.282241403489979,33483.161115414405,18113.640588690938,8062.488768396592,LacZ_2,LacZ OE,-0.2538004938619437,-0.8753083180520921,-6.3535685715450185,230,False,17500,30000
389,36.18144611186903,854.3519781718963,484.86221009549797,986.0,1.3805465811557738,19230.084583901775,17951.788540245565,5973.342428376534,LacZ_2,LacZ OE,8.205742272116012e-05,-0.8734259090657412,-4.487673979908855,230,False,17500,30000
390,36.05372616984402,184.59272097053727,439.0623916811092,747.0,1.423642232636696,13081.225303292895,21036.178509532063,5899.107452339688,LacZ_2,LacZ OE,-0.18448917678649468,0.8853260238352634,1.2243982743426827,230,False,17500,30000
391,37.56844106463878,183.56273764258555,411.98098859315587,814.0,1.3695251070158152,15598.460076045627,25111.545627376425,6422.942965779468,LacZ_2,LacZ OE,-0.25617507573033704,0.8854439394299938,2.2365183660201495,230,False,17500,30000
392,36.57740916271722,240.69273301737758,268.2630331753555,2016.0,1.349748274198538,18045.555292259083,17188.71169036335,5926.04028436019,LacZ_2,LacZ OE,-0.6302139954979129,0.7215472879849456,-2.0464593548203,230,False,17500,30000
393,37.403923831506056,376.94345066358915,753.2856318522793,2104.0,1.2683403593071205,17302.98384304674,18387.06462781304,5896.345066358916,LacZ_2,LacZ OE,0.6634880535202283,0.40854365668755843,6.595396299864106,230,False,17500,30000
394,36.542682926829265,458.7479674796748,782.930894308943,1205.0,1.4065046665031784,21619.136178861787,15150.748983739837,5886.413617886179,LacZ_2,LacZ OE,0.7495867003155356,0.19601941199846995,5.476293880994497,230,False,17500,30000
395,37.768389662027836,494.1610337972167,842.5825049701789,1240.0,1.2281926599532422,29544.99105367793,21561.106361829025,5036.183896620279,LacZ_2,LacZ OE,0.9104129848646303,0.1083826917575701,7.4761198848285915,230,False,17500,30000
396,37.716490658001625,649.3298131600325,741.1389114541023,1490.0,1.4432870825167239,39647.28025995126,18689.68887083672,11819.987002437043,LacZ_2,LacZ OE,0.6572764618389306,-0.30963415708937314,3.9504667305044663,230,False,17500,30000
397,36.709251101321584,665.8325991189428,761.4306167400881,1161.0,1.3552956286232416,36899.54845814978,18326.672907488988,34135.78414096916,LacZ_2,LacZ OE,0.712478022126279,-0.3511361946260192,3.1622629943906233,230,False,17500,30000
398,36.92332015810277,683.9841897233201,690.1857707509881,1493.0,1.4631417713045825,38465.77707509881,16695.77233201581,15893.798418972332,LacZ_2,LacZ OE,0.5260561179790799,-0.40563458538885866,1.846094077442224,230,False,17500,30000
399,37.309945504087196,693.6382833787466,701.7452316076294,1842.0,1.5497629298797473,42170.20980926431,15740.020435967303,7976.3596730245235,LacZ_2,LacZ OE,0.5574794219752321,-0.42996996132548415,2.354742270505376,230,False,17500,30000
400,38.38510223953262,695.5189873417721,269.9449853943525,2521.0,1.4645882462644813,47564.98928919182,25017.13777994158,7251.826192794547,LacZ_2,LacZ OE,-0.5826478980881717,-0.47562158044815517,-4.761727487583393,230,False,17500,30000
401,38.702720637027205,716.9668214996682,672.1917717319177,1973.0,1.3785106774504567,45232.20437956204,17769.357664233576,9501.550763105508,LacZ_2,LacZ OE,0.481585864540657,-0.494202383973933,2.954249847187228,230,False,17500,30000
402,38.49814814814815,718.0234567901234,521.7086419753086,1911.0,1.4055833326686091,38575.12839506173,36321.08271604938,9217.177777777777,LacZ_2,LacZ OE,0.08431605490573135,-0.5111518758024167,-0.10900324325442767,230,False,17500,30000
403,37.05246422893482,738.1939586645469,219.69077901430842,1495.0,1.4417104940565695,44832.99682034976,16854.539745627982,6184.2813990461045,LacZ_2,LacZ OE,-0.7112340736512318,-0.592654260612804,-7.472529291755961,230,False,17500,30000
404,37.63654485049834,742.1980066445183,381.2345514950166,1751.0,1.4973299165117173,44830.46179401993,41288.84584717608,9234.971428571429,LacZ_2,LacZ OE,-0.28429425987953305,-0.587995316906142,-3.8711886728099856,230,False,17500,30000
405,38.2415519399249,763.1414267834793,606.2403003754694,1072.0,1.3849192065245695,41450.97997496871,19375.9324155194,57770.71464330413,LacZ_2,LacZ OE,0.31183774575272016,-0.6219504697934944,0.7825769355156211,230,False,17500,30000
406,37.81988105352591,797.7909940526763,281.1877655055225,1459.0,1.345046885796918,25642.355140186915,22388.631265930333,5651.24893797791,LacZ_2,LacZ OE,-0.543214509415677,-0.7437657103004871,-6.138126273455342,230,False,17500,30000
407,36.759914255091104,817.3944265809217,489.33869239013933,1088.0,1.438955528926318,20929.67845659164,18360.146838156485,6067.372990353698,LacZ_2,LacZ OE,0.008363368072567878,-0.7757341684173196,-3.4545408454542113,230,False,17500,30000
408,37.90412876137159,842.4555633310007,360.56193142057384,1732.0,1.3202287447417653,28516.890832750174,17354.935619314205,6023.757172848145,LacZ_2,LacZ OE,-0.32937198211062624,-0.8538661512068306,-4.998854458702603,230,False,17500,30000
409,37.166666666666664,866.3310657596372,365.5895691609977,1149.0,1.2973744005523697,22003.49886621315,17445.155328798184,5423.018140589569,LacZ_2,LacZ OE,-0.3137909324765831,-0.9162212878811008,-5.880067134869016,230,False,17500,30000
410,38.38550724637681,237.71884057971013,249.87826086956522,726.0,1.4710409987522448,17520.93913043478,14469.915942028985,5808.886956521739,LacZ_2,LacZ OE,-0.6791338132695943,0.727593179247624,-0.5569596995932429,230,False,17500,30000
411,39.80848329048843,354.245501285347,769.5038560411311,1135.0,1.1386674251628743,13048.186375321337,23349.988431876605,5408.200514138817,LacZ_2,LacZ OE,0.7040409975131292,0.46975321414985194,9.533646510300912,230,False,17500,30000
412,38.875,449.9507042253521,823.5193661971831,1466.0,1.3091412401926406,36477.796654929574,20336.07306338028,5703.068661971831,LacZ_2,LacZ OE,0.8558183178515841,0.22293448568510943,8.664372450151383,230,False,17500,30000
413,38.63775023832221,489.1020019065777,803.6558627264061,1283.0,1.239962057432237,23491.078169685414,17259.562440419446,5628.38894184938,LacZ_2,LacZ OE,0.8070962539260143,0.11800908208924654,7.65918717875131,230,False,17500,30000
414,38.47459584295612,588.9364896073903,800.0531177829099,1085.0,1.4020543272191992,38564.86143187067,19254.81870669746,6829.043879907621,LacZ_2,LacZ OE,0.8070758137989353,-0.14512816229330028,6.428194388777193,230,False,17500,30000
415,38.484359233097884,611.8002018163471,835.9515640766903,1187.0,1.2925057403330367,42275.718466195765,21272.694248234107,6114.763874873865,LacZ_2,LacZ OE,0.9040445169874654,-0.20193323823798437,6.888449491272894,230,False,17500,30000
416,38.972573839662445,623.7183544303797,754.6065400843881,1244.0,1.338790469178356,35358.24894514768,17114.900843881856,7569.8301687763715,LacZ_2,LacZ OE,0.6903454255398989,-0.2409818770977361,5.717618601107894,230,False,17500,30000
417,38.93006357856494,681.1462306993642,742.613987284287,1363.0,1.4435043919017143,50846.11080835604,17569.599455040872,13400.27974568574,LacZ_2,LacZ OE,0.6641350663365133,-0.3932823440377571,4.87308756441702,230,False,17500,30000
418,39.31062271062271,731.6835164835164,273.5655677655678,1685.0,1.2659709545846183,54874.13553113553,20177.54652014652,6849.119413919414,LacZ_2,LacZ OE,-0.5696964208264954,-0.5705054674549417,-4.130025336379617,230,False,17500,30000
419,39.47657841140529,737.9103869653768,538.7800407331976,1766.0,1.2887404906573356,19729.247793618466,20889.181262729126,44262.626612355736,LacZ_2,LacZ OE,0.13123791652724126,-0.5619214826010893,0.9931708912713191,230,False,17500,30000
420,38.743813682678315,747.8850072780203,637.6157205240174,1070.0,1.4564408475241386,58419.54730713246,17762.356622998544,61060.81077147016,LacZ_2,LacZ OE,0.39321655032266745,-0.57884868063106,2.031325661664617,230,False,17500,30000
421,37.592708333333334,768.55,649.3958333333334,1159.0,1.500783278290549,40160.76666666667,20081.134375,52343.025,LacZ_2,LacZ OE,0.42634408846677974,-0.632104880641833,0.8965148246700778,230,False,17500,30000
422,40.508093994778065,805.5352480417755,597.9624020887728,2251.0,1.1860743363070694,40289.56083550914,19537.678851174936,26584.62767624021,LacZ_2,LacZ OE,0.2938950344983453,-0.7343906804825902,2.467417693789841,230,False,17500,30000
423,38.00362976406534,816.8221415607985,395.1733212341198,1328.0,1.3509906162239111,38520.055353902,27599.228675136117,5832.84392014519,LacZ_2,LacZ OE,-0.2404141365284771,-0.7831320007398435,-3.987618343167128,230,False,17500,30000
424,37.92857142857143,837.0056390977444,493.3421052631579,655.0,1.315877902248042,33757.58082706767,19056.686090225565,6732.481203007519,LacZ_2,LacZ OE,0.02074112398920347,-0.8270141898034968,-2.4067561936750863,230,False,17500,30000
425,38.650904033379696,863.760083449235,466.4770514603616,1761.0,1.3241379647937814,28156.642559109874,20032.53685674548,5394.871349095966,LacZ_2,LacZ OE,-0.04769479481527561,-0.8999928172157018,-2.460959960047397,230,False,17500,30000
426,38.33743842364532,181.9679802955665,516.9532019704434,565.0,1.424886807594091,12141.17487684729,21638.169950738917,5495.635467980295,LacZ_2,LacZ OE,0.020835422401801917,0.8995074807465979,5.008084557844263,230,False,17500,30000
427,41.85,238.41132075471697,321.2009433962264,1320.0,1.2734113057629213,29426.593396226413,18427.118867924528,20721.21320754717,LacZ_2,LacZ OE,-0.49089637870656955,0.7323905647570794,4.24970664463283,230,False,17500,30000
428,39.95950831525669,350.3629790310918,755.5401301518439,1772.0,1.3130065645485656,21532.837310195227,21001.974692697037,5573.073029645698,LacZ_2,LacZ OE,0.6667907530781496,0.4786540217915116,9.459227302290266,230,False,17500,30000
429,37.32854864433812,421.14673046251994,827.3748006379585,741.0,1.5134867539260404,14429.642743221691,24645.389154704942,5463.582137161085,LacZ_2,LacZ OE,0.8633385093725761,0.2991642129524337,7.479673435244457,230,False,17500,30000
430,39.90285204991088,469.57754010695186,834.7789661319073,1365.0,1.3772401761582886,29532.68449197861,19232.20053475936,5248.582887700535,LacZ_2,LacZ OE,0.8873658489638319,0.17230075055574723,9.708563390762762,230,False,17500,30000
431,41.20819341840161,517.0436534586971,821.895231699127,1865.0,1.1701852491303224,27136.35325721961,22276.425117528543,5847.840161182002,LacZ_2,LacZ OE,0.8577895808254994,0.04610156925504594,10.294459473680952,230,False,17500,30000
432,39.61809447558046,678.28903122498,755.9743795036029,1479.0,1.3211918301579708,52266.55164131305,20220.06965572458,8450.734987990392,LacZ_2,LacZ OE,0.6991105993451685,-0.3845220752517461,5.84243909164946,230,False,17500,30000
433,39.41502683363149,733.7823494335122,619.0286225402505,1928.0,1.3782715515122121,43316.51401311866,15490.087656529517,9710.303518187238,LacZ_2,LacZ OE,0.3427608557854698,-0.5434946839088658,2.4918090341627277,230,False,17500,30000
434,39.33261105092091,752.2231852654388,747.0530877573132,1113.0,1.5943645916876368,44654.07475622969,21347.124593716144,55205.39328277356,LacZ_2,LacZ OE,0.6825906908284998,-0.579977252433107,4.647834583107674,230,False,17500,30000
435,40.65718453683443,770.6236323851203,349.81546316557257,1641.0,1.4130349933881294,43255.287381473376,26228.508388037928,6610.824215900802,LacZ_2,LacZ OE,-0.3647099286865938,-0.6658667633020837,-1.7305393666400093,230,False,17500,30000
436,39.26055880441845,777.117608836907,433.05523066926577,1811.0,1.4217439371284422,34559.47173489279,26062.894736842107,6884.100714749838,LacZ_2,LacZ OE,-0.14421350357128748,-0.6750818466142878,-1.6164190723823566,230,False,17500,30000
437,39.52056277056277,820.6904761904761,446.93831168831167,1174.0,1.4867563457356359,28184.734848484848,16226.467532467532,39811.46428571428,LacZ_2,LacZ OE,-0.10342537913238148,-0.7884819664263976,-1.530028787534448,230,False,17500,30000
438,40.62420382165605,820.7914012738853,335.97054140127386,1490.0,1.2517866355133807,28245.90525477707,23759.228503184713,5848.859076433121,LacZ_2,LacZ OE,-0.3965020846010493,-0.7992305950119954,-2.5279035163449137,230,False,17500,30000
439,39.412521440823326,837.5720411663808,428.89279588336194,1392.0,1.2097868144552062,36339.19897084048,19445.409948542023,9433.534305317324,LacZ_2,LacZ OE,-0.1494688822440412,-0.8346173318882824,-2.1486298855346178,230,False,17500,30000
440,38.74756421612046,840.8299379982285,472.56421612046057,1339.0,1.3169467055843644,21415.55358724535,18835.293179805136,5311.144375553587,LacZ_2,LacZ OE,-0.0338037843412492,-0.8390612968921489,-2.0195021903871577,230,False,17500,30000
441,39.227967097532314,840.4817861339601,415.49353701527616,1072.0,1.3691107225720516,39296.586368977674,16421.07990599295,10689.935370152762,LacZ_2,LacZ OE,-0.18456674813077467,-0.8435337533104559,-2.6158820700088796,230,False,17500,30000
442,39.81472392638037,572.0944785276074,836.8650306748466,1039.0,1.415258510861287,24276.860122699385,21124.796319018405,5749.629447852761,LacZ_2,LacZ OE,0.902619008033654,-0.09736401993070365,8.633389392293878,230,False,17500,30000
443,40.64871794871795,574.5487179487179,873.6692307692308,557.0,1.5453898194611284,13094.935897435897,25117.907692307694,5349.484615384616,LacZ_2,LacZ OE,1.0,-0.10038145798878984,10.139198334345323,230,False,17500,30000
444,39.54651162790697,659.0130813953489,803.6162790697674,917.0,1.2747799049148052,40037.04941860465,17026.831395348836,24282.683139534885,LacZ_2,LacZ OE,0.8230904786457733,-0.32929107883559805,6.865594711638401,230,False,17500,30000
445,41.241180705543556,672.3477321814255,799.21094312455,1666.0,1.3554107428639461,57275.92296616271,20255.477321814255,7108.285097192224,LacZ_2,LacZ OE,0.812641149329451,-0.3648556065849725,8.342970965490004,230,False,17500,30000
446,40.55668202764977,680.7133640552995,706.1059907834101,1285.0,1.3372386516230947,35706.578801843316,16749.03133640553,7999.536405529954,LacZ_2,LacZ OE,0.5676076423231993,-0.39562729434155575,5.812692182238152,230,False,17500,30000
447,41.00890688259109,706.1392712550607,715.2995951417004,1675.0,1.4151046818376969,49879.074493927124,15814.0995951417,41868.09068825911,LacZ_2,LacZ OE,0.5942787072151097,-0.46170479001652887,6.184216734688235,230,False,17500,30000
448,40.80263157894737,704.4561403508771,727.8535087719298,1401.0,1.3174120629555155,35369.4798245614,18709.92105263158,50408.004385964916,LacZ_2,LacZ OE,0.6272799802908557,-0.45608590586910414,6.232446653972318,230,False,17500,30000
449,40.54409171075838,722.5070546737213,714.3774250440918,1317.0,1.2787674053764575,42193.823633156964,18521.2557319224,52541.67989417989,LacZ_2,LacZ OE,0.5934214399402638,-0.5048648210915976,5.538156505598472,230,False,17500,30000
450,39.54054054054054,731.6764705882352,679.2845786963434,1474.0,1.4540500414127395,45146.43402225755,23118.12241653418,54599.81478537361,LacZ_2,LacZ OE,0.5016722964071161,-0.5322793204775117,3.7788266386134026,230,False,17500,30000
451,40.24,732.6670588235294,321.5776470588235,2007.0,1.4568235789147443,56798.830588235294,23873.398823529413,7141.6,LacZ_2,LacZ OE,-0.4428632335912589,-0.5685985004973985,-2.3020002325057476,230,False,17500,30000
452,39.13757523645744,738.1435941530525,651.7188306104902,1351.0,1.51852440409823,33266.9260533104,19457.98022355976,51805.672398968185,LacZ_2,LacZ OE,0.4295137345798701,-0.5518882936541925,2.7894672388094364,230,False,17500,30000
453,41.36753623188406,749.1988405797101,303.1750724637681,2079.0,1.4586982263896795,44623.99130434782,22666.670144927535,6669.066666666667,LacZ_2,LacZ OE,-0.48994344563696,-0.6138815132552158,-1.6885624528555354,230,False,17500,30000
454,40.467490247074124,761.0136540962288,282.3394018205462,1854.0,1.403900070246625,36786.231469440834,26449.839401820547,6888.614434330299,LacZ_2,LacZ OE,-0.5437974546451595,-0.6469197607291921,-3.1010593380167464,230,False,17500,30000
455,40.347258485639685,759.2610966057441,674.7963446475196,629.0,1.676435391180751,38483.45691906005,16394.127937336816,41062.5953002611,LacZ_2,LacZ OE,0.492401498789365,-0.6053380389691199,4.224194921878379,230,False,17500,30000
456,39.474794841735054,767.7373974208675,661.9636576787808,1020.0,1.385987184710319,46354.10082063306,20970.71160609613,48962.42203985932,LacZ_2,LacZ OE,0.45936239255612943,-0.6288350332384793,3.0241740467851344,230,False,17500,30000
457,41.765876052027544,785.3343534812548,472.3557765876052,1619.0,1.423992959083199,22824.955623565416,18702.8584544759,37714.82402448355,LacZ_2,LacZ OE,-0.03977488355998238,-0.6930803170929689,1.549874897765811,230,False,17500,30000
458,42.410748560460654,808.2380038387716,545.5681381957774,2020.0,1.6233854621287722,36905.47408829175,16169.80742162508,22175.261676263595,LacZ_2,LacZ OE,0.1557011841566487,-0.7464938604901037,3.3509223447997627,230,False,17500,30000
459,42.96437880104257,550.2189400521286,809.1563857515204,1491.0,1.4769676260600482,29963.825369244136,22213.865334491747,6319.940052128584,LacZ_2,LacZ OE,0.8272160329457416,-0.04247774185324382,11.476938961870907,230,False,17500,30000
460,41.35300546448087,645.9245901639345,787.7912568306011,1074.0,1.2520863242651596,47131.62950819672,19488.38142076503,56229.04808743169,LacZ_2,LacZ OE,0.779969269890767,-0.2963785564359678,8.503220115486883,230,False,17500,30000
461,41.20996441281139,696.8505338078292,770.4033214709372,1064.0,1.4604443949472674,43902.14590747331,19870.749703440095,47548.41043890866,LacZ_2,LacZ OE,0.7388985231235956,-0.43206880683089,7.52117141127205,230,False,17500,30000
462,41.249409913453974,751.0936270653029,241.6955153422502,1528.0,1.4845696083447624,46736.306058221875,23760.151848937843,6172.417781274587,LacZ_2,LacZ OE,-0.6521064629540377,-0.6246566580781756,-2.9892393106817465,230,False,17500,30000
463,40.705263157894734,778.7076023391813,642.301754385965,1061.0,1.523845220782919,38460.3918128655,19881.88538011696,45438.54736842105,LacZ_2,LacZ OE,0.40842322063432923,-0.6595993633903305,3.772375971361747,230,False,17500,30000
464,41.11957671957672,792.6571428571428,561.5809523809523,1180.0,1.395863766540668,32777.8,18645.710052910053,37008.49312169312,LacZ_2,LacZ OE,0.1965691368652125,-0.7039345162912705,2.5191342293556005,230,False,17500,30000
465,42.846098783106655,795.253400143164,352.07659269863996,1712.0,1.2627797465932762,33775.03292770222,24362.116678596994,6669.705798138869,LacZ_2,LacZ OE,-0.35650623179713936,-0.7305503603770294,0.2540397349367396,230,False,17500,30000
466,43.698149951314505,216.45959104186952,308.94060370009737,1330.0,1.457050458392451,13880.807205452775,22876.407984420643,5836.2356377799415,LacZ_2,LacZ OE,-0.525448486277037,0.7889690954307793,6.085197846458492,230,False,17500,30000
467,44.22940430925222,279.6356147021546,264.8250950570342,2125.0,1.3718164780016788,24505.415082382762,16687.195183776934,37181.455006337135,LacZ_2,LacZ OE,-0.6359678171864819,0.6184955452125596,5.148759990469756,230,False,17500,30000
468,41.57281553398058,445.7677993527508,747.0930420711974,1420.0,1.347019105119029,21604.81877022654,18788.747572815533,7183.483818770226,LacZ_2,LacZ OE,0.6534698930960381,0.2266710677325805,9.956957733276056,230,False,17500,30000
469,43.06181818181818,449.1381818181818,812.9563636363637,1320.0,1.2701852940286273,39810.954545454544,22389.02727272727,6166.271818181818,LacZ_2,LacZ OE,0.8276421193354808,0.2239605893870733,12.658444238985673,230,False,17500,30000
470,42.778461538461535,630.3671794871794,791.0328205128205,1205.0,1.6867190399892633,46053.65641025641,17594.91076923077,15751.25641025641,LacZ_2,LacZ OE,0.7869812355479768,-0.25516031613524737,10.145484806005527,230,False,17500,30000
471,42.37523992322457,663.795585412668,791.5153550863723,1270.0,1.5076317655992424,51861.35124760077,20558.17178502879,7354.210172744722,LacZ_2,LacZ OE,0.791451282521036,-0.34309984803111915,9.416754703748147,230,False,17500,30000
472,44.49901768172888,677.8673870333988,746.0108055009823,1331.0,1.5264114142128467,50864.716110019646,18789.907662082514,8124.290766208252,LacZ_2,LacZ OE,0.6725204084980672,-0.38448799092547337,10.537887923036436,230,False,17500,30000
473,42.52297410192147,750.4126984126984,644.2063492063492,1428.0,1.506209135034539,54642.30158730159,18752.05096073517,17293.580618212196,LacZ_2,LacZ OE,0.41067522745152507,-0.5849881446853025,5.909047477768489,230,False,17500,30000
474,43.15495342929721,758.5376799322607,253.19898391193902,1542.0,1.332688494184996,45338.13547840813,23668.998306519898,6354.0533446232,LacZ_2,LacZ OE,-0.6211154813930148,-0.6432223914992601,-0.9409508037106775,230,False,17500,30000
475,42.63282937365011,773.1760259179266,631.048596112311,1183.0,1.2289128494085562,50665.19006479481,17869.046436285098,16012.874730021598,LacZ_2,LacZ OE,0.37808696392056795,-0.6461523177640238,5.541905431240622,230,False,17500,30000
476,43.92699327569645,775.7627281460135,669.4649375600384,1378.0,1.4367628274845015,36746.28530259366,17743.190201729107,27484.289145052833,LacZ_2,LacZ OE,0.4797151503246442,-0.6493795563452416,7.536964832814299,230,False,17500,30000
477,42.74564183835182,779.3431061806656,284.0863708399366,1562.0,1.3431516467893465,30522.75673534073,21346.472266244058,5835.664817749604,LacZ_2,LacZ OE,-0.5375544711026087,-0.6950694606791781,-0.9739068014379129,230,False,17500,30000
478,42.31976744186046,789.5091362126246,584.9335548172758,1436.0,1.4648458130076694,35940.808970099664,20462.577242524916,27511.870431893687,LacZ_2,LacZ OE,0.257878315941761,-0.6934819969829302,4.192559566839805,230,False,17500,30000
479,40.580065359477125,806.5800653594771,497.23692810457516,701.0,1.377596630230564,18292.669934640522,15875.140522875818,6623.584967320261,LacZ_2,LacZ OE,0.02800539436715832,-0.7466302474229547,0.62251091676859,230,False,17500,30000
480,42.80020387359837,815.1427115188583,241.2670744138634,1126.0,1.2519339822225815,25276.048929663608,21848.14373088685,5023.122324159021,LacZ_2,LacZ OE,-0.6472285667979844,-0.7933423160541304,-2.0882622558369803,230,False,17500,30000
481,40.70048309178744,819.4130434782609,308.756038647343,663.0,1.607135348503623,13290.376811594202,19144.108695652172,5084.722222222223,LacZ_2,LacZ OE,-0.46850201837679817,-0.7981676716285135,-2.952919963140779,230,False,17500,30000
482,41.14309210526316,833.0328947368421,605.9736842105264,732.0,1.231731819584045,22874.27467105263,18832.768092105263,8972.264802631578,LacZ_2,LacZ OE,0.3176318191953058,-0.8060382916765748,2.9785508930749742,230,False,17500,30000
483,43.68681318681319,251.99107142857142,264.051510989011,1974.0,1.3771196779164407,24062.059065934067,16946.8489010989,5955.37706043956,LacZ_2,LacZ OE,-0.6406105282279406,0.6912089512323407,4.8684691728374005,230,False,17500,30000
484,46.03631532329495,307.0673162090345,689.4092116917626,1487.0,1.2877488016184302,21211.108060230294,18195.433126660762,5703.1567759078835,LacZ_2,LacZ OE,0.48774754473250725,0.5862249163440509,14.716540962127581,230,False,17500,30000
485,43.352649006622514,578.9875827814569,806.351821192053,1494.0,1.2623983393362683,43834.262417218546,21795.206953642384,6667.4081125827815,LacZ_2,LacZ OE,0.8225243093533325,-0.11848288357528991,11.523965633393466,230,False,17500,30000
486,43.745490981963925,599.6432865731463,791.2234468937876,1258.0,1.4082062739175663,32029.097194388778,17093.741482965932,6158.6412825651305,LacZ_2,LacZ OE,0.7845181101624532,-0.1742925616078258,11.423552668661415,230,False,17500,30000
487,42.685763888888886,686.9565972222222,800.0069444444445,706.0,1.3017725653628036,33941.64236111111,19989.616319444445,6445.942708333333,LacZ_2,LacZ OE,0.8160602993896202,-0.4032774071494323,9.656003456979157,230,False,17500,30000
488,42.84095238095238,693.927619047619,696.2466666666667,1260.0,1.6220653751544611,47205.63904761905,16256.84761904762,8435.713333333333,LacZ_2,LacZ OE,0.5427156344185362,-0.43140519373763975,7.777514189619517,230,False,17500,30000
489,43.646115906288536,692.750924784217,748.5548705302097,978.0,1.4086650478171054,47448.8914919852,20381.92601726264,49576.96300863132,LacZ_2,LacZ OE,0.6806944280530998,-0.423403517008893,9.584296832559936,230,False,17500,30000
490,43.22006745362563,715.4544688026981,169.6441821247892,1371.0,1.3147339678454533,52245.82967959528,20286.240303541315,5989.216694772344,LacZ_2,LacZ OE,-0.8458548772403517,-0.537682661355275,-2.0258555655605264,230,False,17500,30000
491,44.49753289473684,717.2837171052631,189.62253289473685,1405.0,1.2205330948432283,54267.45148026316,18660.24095394737,6104.977796052632,LacZ_2,LacZ OE,-0.7929869703783272,-0.5406521688572529,-0.38887612762196255,230,False,17500,30000
492,42.94179104477612,744.9597014925373,631.0223880597015,850.0,1.5655923301609593,41751.76119402985,17318.15671641791,62681.57462686567,LacZ_2,LacZ OE,0.3753217610378585,-0.5718873409576992,6.132843024988375,230,False,17500,30000
493,44.937332619175145,763.3867166577397,229.98714515265132,2224.0,1.2901637112355735,49892.92876272094,18786.234600964115,5761.2538832351365,LacZ_2,LacZ OE,-0.6820375945293273,-0.6582233677502727,0.3531409634157825,230,False,17500,30000
494,46.104427333974975,783.1876804619827,613.9653512993262,2488.0,1.120261653944786,55805.90808469682,18426.38979788258,7130.474975938402,LacZ_2,LacZ OE,0.3337562696183207,-0.6742135813538819,8.58912703153122,230,False,17500,30000
495,43.12747252747253,784.6549450549451,568.9747252747253,1073.0,1.3367786951700729,40204.91758241758,19837.716483516484,26333.223076923077,LacZ_2,LacZ OE,0.2152350869167483,-0.682229786011133,4.746638921177826,230,False,17500,30000
496,43.386986301369866,816.6421232876712,352.6849315068493,1465.0,1.359946722129939,26526.83390410959,19460.450342465752,11580.727739726028,LacZ_2,LacZ OE,-0.3528941676710057,-0.7868115748903263,0.5921421439427803,230,False,17500,30000
497,44.89281045751634,249.57254901960783,303.42418300653594,1887.0,1.3235779288493654,33288.498692810455,24006.144444444446,45957.325490196075,LacZ_2,LacZ OE,-0.5369281880056294,0.7012499325584922,6.843601898512013,230,False,17500,30000
498,47.338297872340426,272.04095744680853,301.9595744680851,2338.0,1.3381548465051636,16732.496276595746,20028.365425531916,58345.59574468085,LacZ_2,LacZ OE,-0.5387809674027423,0.6418977148424065,9.035822135900197,230,False,17500,30000
499,44.42586750788644,293.5110410094637,250.87539432176655,1723.0,1.5016456975436592,17294.45268138801,18202.261041009464,58612.62223974764,LacZ_2,LacZ OE,-0.671496064054796,0.5806506922479049,4.942215635557147,230,False,17500,30000
500,44.91977309562399,434.44813614262563,800.370340356564,1538.0,1.4950083492574309,32373.64748784441,24047.443273905996,6369.070502431118,LacZ_2,LacZ OE,0.7929194349733164,0.2613926426965443,14.424859525061557,230,False,17500,30000
501,44.75160142348754,697.3779359430605,710.5224199288256,1762.0,1.5096000065278692,45896.59644128114,16739.035587188613,8551.392170818506,LacZ_2,LacZ OE,0.5806476809153813,-0.4391969151549706,9.923368295069814,230,False,17500,30000
502,44.23890532544379,707.0917159763313,240.17973372781066,1622.0,1.48302439704452,53313.0924556213,22614.710059171597,7027.82100591716,LacZ_2,LacZ OE,-0.6604364239113978,-0.509053741799087,0.4114929683630635,230,False,17500,30000
503,45.58441558441559,721.200371057514,650.6743970315399,1244.0,1.4396865277412052,47225.88682745826,17791.8413729128,8524.752319109462,LacZ_2,LacZ OE,0.424829770733657,-0.5075671012490814,9.384721988477374,230,False,17500,30000
504,44.210076045627375,768.5665399239543,599.3174904942965,1232.0,1.3210040916409427,42939.83079847909,16839.789923954373,32910.16254752852,LacZ_2,LacZ OE,0.2937794565659466,-0.6370514928389681,6.5643826794095474,230,False,17500,30000
505,44.38725490196079,838.1029411764706,341.48039215686276,609.0,1.5114895292999355,10842.539215686274,20460.855392156864,5725.25,LacZ_2,LacZ OE,-0.3804920044007789,-0.8443881385837636,1.1652197603950398,230,False,17500,30000
506,44.726950354609926,272.00567375886527,226.70496453900708,1735.0,1.4989009059050709,27695.567375886523,17262.76595744681,50451.25319148936,LacZ_2,LacZ OE,-0.7373808251362082,0.6349759801449417,5.001106266301754,230,False,17500,30000
507,45.02068965517241,603.9172413793103,831.51921182266,1241.0,1.36390813431636,35772.72807881773,22635.797044334977,5818.314285714286,LacZ_2,LacZ OE,0.8912705196382482,-0.18178373941066606,13.418327226072172,230,False,17500,30000
508,47.67062818336163,699.5664968873797,776.3695529145444,2603.0,1.5577246814417776,48430.589134125636,22812.587436332768,9285.221844934918,LacZ_2,LacZ OE,0.7545947450551944,-0.43883816551299715,14.066078766388827,230,False,17500,30000
509,45.36842105263158,736.0578947368421,327.2105263157895,521.0,1.7474433948897954,50381.62631578947,32834.85,7265.952631578947,LacZ_2,LacZ OE,-0.42791784108585484,-0.5771382797231246,2.897902790396671,230,False,17500,30000
510,44.98103666245259,743.9152970922883,329.65233881163084,1005.0,1.3557604884960786,44625.12515802781,32138.691529709227,7025.967130214918,LacZ_2,LacZ OE,-0.42070422402561714,-0.5975810686381184,2.4781429186338073,230,False,17500,30000
511,44.79895833333333,770.0739583333333,612.5520833333334,1181.0,1.3193611708986117,47341.245833333334,16306.701041666667,11031.038541666667,LacZ_2,LacZ OE,0.3288423378804337,-0.6397896232134683,7.388522475280588,230,False,17500,30000
512,44.86498516320475,773.3902077151336,296.2908011869436,815.0,1.3366172984569404,22715.908011869436,19773.983679525223,5769.210682492581,LacZ_2,LacZ OE,-0.5059957966563042,-0.6783092972882343,1.4355490994699025,230,False,17500,30000
513,44.23462414578588,807.1822323462414,563.0922551252847,1046.0,1.4263001050650947,35177.566059225515,17589.19589977221,10620.512528473804,LacZ_2,LacZ OE,0.20178730243678555,-0.7421154352551567,5.516625143185912,230,False,17500,30000
514,45.824858757062145,803.957627118644,362.63182674199624,1296.0,1.3618994690008122,25605.252354048964,27120.285310734464,7066.298493408663,LacZ_2,LacZ OE,-0.3279521499237207,-0.7525528754120017,3.344733013898562,230,False,17500,30000
515,43.388118811881185,820.4772277227722,574.9722772277228,624.0,1.6034216043166993,23970.30495049505,17593.932673267325,5994.984158415841,LacZ_2,LacZ OE,0.23446350690566065,-0.775970151237513,4.762034546994094,230,False,17500,30000
516,45.0081466395112,842.857433808554,426.5478615071283,595.0,1.3346936741641833,29180.301425661914,20816.45213849287,6552.026476578411,LacZ_2,LacZ OE,-0.15543338098078963,-0.8489088774318034,3.348405542516808,230,False,17500,30000
517,45.08672566371681,568.916814159292,804.8035398230088,735.0,1.5224529903351998,26305.982300884956,25221.53097345133,6381.7823008849555,LacZ_2,LacZ OE,0.8173939026702601,-0.09216741613891333,13.329184033428739,230,False,17500,30000
518,48.11159169550173,664.7292387543253,803.856401384083,1626.0,1.2805290157159983,49350.615051903114,19440.868512110726,7834.94723183391,LacZ_2,LacZ OE,0.8238476359341198,-0.3445566642554999,15.376017314522748,230,False,17500,30000
519,45.85170068027211,684.6027210884354,778.6979591836734,835.0,1.2659450633500953,49945.81904761905,21475.91292517007,7702.590476190476,LacZ_2,LacZ OE,0.7594108437735179,-0.3991772837978733,12.441476344115657,230,False,17500,30000
520,45.7308009909166,722.6515276630884,231.51692815854665,1447.0,1.5447885658941416,50071.242774566475,21580.27250206441,6385.962840627581,LacZ_2,LacZ OE,-0.6819070798891467,-0.5508710398613743,1.5832809692315806,230,False,17500,30000
521,45.61006289308176,752.8830188679245,710.2427672955974,1016.0,1.3947415544295862,43115.91823899371,18313.383647798742,31175.498113207548,LacZ_2,LacZ OE,0.5851406644556603,-0.5853579958709983,10.220542603263716,230,False,17500,30000
522,44.593008739076154,781.6766541822722,540.1460674157304,945.0,1.4145095820512041,25764.009987515605,17433.158551810237,18385.242197253432,LacZ_2,LacZ OE,0.13875252112325032,-0.6771463679084766,5.696031145244902,230,False,17500,30000
523,48.203081232493,781.0973389355743,628.3263305322129,1948.0,1.4872653616672415,52086.687675070025,18162.028011204482,32818.65546218488,LacZ_2,LacZ OE,0.37137773222185366,-0.6674174384759914,10.98003704734559,230,False,17500,30000
524,46.509154315605926,796.5056669572799,541.1290322580645,1401.0,1.3001668402414135,42802.27986050567,18027.162162162163,6329.044463818657,LacZ_2,LacZ OE,0.14266317619540247,-0.7161433452771483,7.481852075784715,230,False,17500,30000
525,45.913273001508294,819.4803921568628,564.3340874811463,1595.0,1.2939308590836747,50228.66440422323,20235.72322775264,5790.1108597285065,LacZ_2,LacZ OE,0.20615273736024742,-0.7744191735664929,7.095245880931877,230,False,17500,30000
526,44.804225352112674,855.8507042253522,452.76901408450703,843.0,1.3165157713545672,27842.835211267604,21901.97605633803,5199.614084507042,LacZ_2,LacZ OE,-0.08494678636451636,-0.8806366559850594,3.5107030480819716,230,False,17500,30000
527,47.640680368532955,257.4252303330971,313.87668320340185,1811.0,1.3252079877291567,14896.67044649185,22280.983699503897,56181.99149539334,LacZ_2,LacZ OE,-0.5087149779697239,0.6814858337498955,9.710040550592502,230,False,17500,30000
528,46.17468619246862,298.57217573221754,221.21652719665272,1144.0,1.3011877136976062,19871.657949790795,17197.2269874477,41093.33158995816,LacZ_2,LacZ OE,-0.7494210233734088,0.5644851017078449,6.078609877656945,230,False,17500,30000
529,48.39514978601997,300.22967189728956,280.7475035663338,1848.0,1.380883895041751,11260.321683309558,21363.22182596291,63977.176176890156,LacZ_2,LacZ OE,-0.5921692096758157,0.5656665706609221,9.408691221252326,230,False,17500,30000
530,47.15563839701771,312.16495806150976,225.3429636533085,1420.0,1.5135810257852773,20010.752096924512,19283.54147250699,62001.63932898416,LacZ_2,LacZ OE,-0.7372810080011238,0.5290647580871226,7.001326281954981,230,False,17500,30000
531,49.07993730407524,332.22727272727275,720.9043887147335,1636.0,1.2170710516827452,24820.994514106584,23050.431034482757,6010.170062695925,LacZ_2,LacZ OE,0.57315793956356,0.5228751128784594,18.103626455485276,230,False,17500,30000
532,48.58096699923254,634.6715272448197,801.1389102072142,1479.0,1.1765073346645807,55374.7336914812,23566.214121258636,7739.207981580967,LacZ_2,LacZ OE,0.8137927543451833,-0.26570245673649107,16.094833332103853,230,False,17500,30000
533,47.61642294713161,716.3037120359955,690.3172103487065,1120.0,1.388911188418232,51278.8020247469,16606.385826771653,34289.10461192351,LacZ_2,LacZ OE,0.528949516221751,-0.4910005245460918,12.215603006114868,230,False,17500,30000
534,48.515566625155664,737.8542963885429,261.2079701120797,2041.0,1.3960553827822095,46149.02739726027,19059.91095890411,6500.853673723536,LacZ_2,LacZ OE,-0.6021941998662459,-0.5881723646998759,4.777128981208428,230,False,17500,30000
535,46.427033492822964,756.0047846889952,590.4724880382776,1027.0,1.4874199964564647,26296.087320574163,16686.034688995216,7632.824162679426,LacZ_2,LacZ OE,0.26912027619014345,-0.6048796569253339,8.739211783775211,230,False,17500,30000
536,46.82924107142857,763.5290178571429,623.5301339285714,1077.0,1.4715874563352909,44448.536830357145,16927.91183035714,38866.6328125,LacZ_2,LacZ OE,0.3571106332843603,-0.6215839831207735,9.691655287817014,230,False,17500,30000
537,49.594900849858355,812.1246458923513,610.2733711048159,2342.0,1.8324233688384906,30466.53895184136,19329.584277620397,10593.197592067989,LacZ_2,LacZ OE,0.32658501284490926,-0.7508327190005104,11.719164441122807,230,False,17500,30000
538,48.54513584574934,822.1113058720421,297.4399649430324,1482.0,1.3632306886357919,14729.79929886065,24941.578439964942,5387.546888694128,LacZ_2,LacZ OE,-0.49851266631977287,-0.8065571870272118,4.6487395502831745,230,False,17500,30000
539,48.40212443095599,825.1911987860394,462.9044006069803,900.0,1.1696974786045369,36184.70864946889,21836.171471927162,5968.939301972686,LacZ_2,LacZ OE,-0.06127172018261273,-0.7990757663485859,7.60661397622961,230,False,17500,30000
540,47.58816276202219,841.6954377311961,363.057336621455,1959.0,1.2405805010893776,24243.063501849567,22286.951911220716,5565.893341553638,LacZ_2,LacZ OE,-0.3233294949256935,-0.851902761471969,4.737800508824172,230,False,17500,30000
541,46.86048387096774,853.3548387096774,408.0798387096774,1443.0,1.3799943551552103,32899.70241935484,21764.143548387096,5778.291129032258,LacZ_2,LacZ OE,-0.20329529423133852,-0.8783336721274706,4.745664367266237,230,False,17500,30000
542,48.732163742690055,857.4350877192983,462.6982456140351,1099.0,1.4971102567056007,23232.2432748538,22860.402339181288,5190.224561403509,LacZ_2,LacZ OE,-0.05876879331570628,-0.8839827038774843,7.609803177818357,230,False,17500,30000
543,48.18683001531394,254.8468606431853,209.31316998468606,1484.0,1.4582271191747445,23529.578101071977,18031.538284839204,5780.061255742726,LacZ_2,LacZ OE,-0.7851072077098109,0.6784090321981127,8.30284258383844,230,False,17500,30000
544,49.396612561750175,283.5539872971066,219.30698659139026,1743.0,1.3341914058161084,32580.395201129148,17276.568101623147,33167.63796753705,LacZ_2,LacZ OE,-0.7560484256468409,0.6037481605780437,9.414040176838377,230,False,17500,30000
545,49.390954773869346,608.1668341708543,801.1025125628141,1184.0,1.3812837373211777,38438.47236180904,21199.368844221106,6561.572864321608,LacZ_2,LacZ OE,0.8111386965477492,-0.19595821014600767,17.169349966447264,230,False,17500,30000
546,49.011485451761104,685.52067381317,756.1998468606432,1555.0,1.3571947997732825,49346.953292496175,22165.730474732005,9244.258039816234,LacZ_2,LacZ OE,0.6999324242451828,-0.4038016924991211,15.165530088487856,230,False,17500,30000
547,48.929765886287626,731.1045150501673,669.0602006688963,1604.0,1.5057199579449163,45649.17391304348,20009.128762541804,9157.133779264213,LacZ_2,LacZ OE,0.4741580353796635,-0.5320010253283265,12.978112967906206,230,False,17500,30000
548,47.98197242841994,743.5270413573701,672.2481442205726,1171.0,1.3853206940297433,47620.5737009544,21009.879109225876,47663.10286320255,LacZ_2,LacZ OE,0.4838031742969313,-0.5643749123928132,11.966481655660452,230,False,17500,30000
549,48.10192525481314,754.9580973952435,575.41449603624,1076.0,1.2543222544296646,28567.913929784823,16657.580973952434,7028.696489241223,LacZ_2,LacZ OE,0.22917511150425884,-0.6035898115890299,10.13920260884639,230,False,17500,30000
550,47.9126213592233,787.4929881337648,643.8576051779935,1149.0,1.3505277759144565,54006.50809061489,20055.209277238402,35981.286947141314,LacZ_2,LacZ OE,0.41301300773580385,-0.6827821860776431,10.919556803973748,230,False,17500,30000
551,47.690666666666665,813.9368888888889,288.27733333333333,1363.0,1.393965470996427,22847.45511111111,23996.80177777778,5412.2951111111115,LacZ_2,LacZ OE,-0.5234431448808315,-0.785877962375586,3.702902151126011,230,False,17500,30000
552,48.06357388316151,825.1692439862543,400.00171821305844,1349.0,1.3316454957477089,26081.06271477663,17394.158075601375,8764.77233676976,LacZ_2,LacZ OE,-0.22736407988810636,-0.8049331535565541,6.0778215762183905,230,False,17500,30000
553,47.683653846153845,847.4163461538461,388.4,1270.0,1.4593678065761,15126.754807692309,20808.893269230768,6017.988461538462,LacZ_2,LacZ OE,-0.25586835641922656,-0.8645780774073833,5.255636292829024,230,False,17500,30000
554,47.13703703703704,852.4740740740741,332.1666666666667,699.0,1.980510601432185,7614.162962962963,22252.848148148147,4787.57037037037,LacZ_2,LacZ OE,-0.4038561651068997,-0.8831730967209227,3.5941888546967107,230,False,17500,30000
555,47.754654983570646,874.8247535596934,373.3844468784228,1218.0,1.378978987088326,10762.610076670318,23716.020810514787,5598.385542168675,LacZ_2,LacZ OE,-0.29291926922417044,-0.9381437645471291,4.767973741124202,230,False,17500,30000
556,49.11013215859031,254.23127753303964,266.69603524229075,1174.0,1.4436912518779899,17944.64757709251,18754.443832599118,5929.007709251101,LacZ_2,LacZ OE,-0.6336802569411819,0.6854082994904891,10.318164622328183,230,False,17500,30000
557,53.42897327707454,281.0056258790436,236.6350210970464,2149.0,1.5868568073741733,23107.34247538678,17301.436708860758,28952.473277074543,LacZ_2,LacZ OE,-0.7107302160216711,0.6119750185937689,13.798956550547288,230,False,17500,30000
558,54.0648623425105,267.756882874475,247.48156789547363,3618.0,1.8447844750232858,23291.29118058796,19370.672888474102,9446.370508632757,LacZ_2,LacZ OE,-0.6833777327524221,0.6478544909552555,14.772654652875524,230,False,17500,30000
559,49.08990147783251,709.8165024630542,201.89901477832512,994.0,1.4468263283908407,42010.48522167488,17622.545566502464,6150.716748768473,LacZ_2,LacZ OE,-0.7615031813816322,-0.5199685721255858,4.509565267596251,230,False,17500,30000
560,49.34021739130435,723.4336956521739,715.8717391304348,1145.0,1.2802012892465644,45896.352173913045,18461.958695652174,32252.38695652174,LacZ_2,LacZ OE,0.5970241525205473,-0.5074109433132199,14.351269032207128,230,False,17500,30000
561,48.90832455216017,737.6659641728135,722.3793466807166,1145.0,1.4332784495197766,28882.85774499473,18963.118018967332,22502.282402528977,LacZ_2,LacZ OE,0.6155821604513041,-0.5442506105792565,13.90012853031591,230,False,17500,30000
562,49.316745655608216,754.8530805687204,266.51816745655606,1765.0,1.4868997760923948,39788.315165876775,24970.885466034753,6099.739336492891,LacZ_2,LacZ OE,-0.5865958100259494,-0.6324420489881182,5.508412265075606,230,False,17500,30000
563,49.744040150564615,757.6687578419071,718.5959849435383,939.0,1.2106396945067683,30783.2747804266,19118.923462986197,14907.809284818068,LacZ_2,LacZ OE,0.6074509415917211,-0.597285476089556,14.463749024315966,230,False,17500,30000
564,48.96601941747573,776.0631067961165,682.2366504854369,955.0,1.4141122127778716,30654.40412621359,19068.917475728154,23010.203883495145,LacZ_2,LacZ OE,0.5132227922929891,-0.6491091593038043,12.81355404664648,230,False,17500,30000
565,51.0010649627263,804.5111821086261,537.6315228966986,1224.0,1.4212142205708231,37551.63365282215,21134.307774227902,6075.890308839191,LacZ_2,LacZ OE,0.13396764254822546,-0.7376727836891419,11.826373762562405,230,False,17500,30000
566,49.333333333333336,820.85303514377,516.1938232161874,1150.0,1.1975480978883255,36695.825346112884,21516.859424920127,5566.6219382321615,LacZ_2,LacZ OE,0.07899162044524322,-0.7826630232420223,9.589641536370337,230,False,17500,30000
567,49.484986351228386,852.6369426751593,374.4058234758872,1391.0,1.3069830505650089,14338.737943585078,23000.551410373067,5838.208371246587,LacZ_2,LacZ OE,-0.29241505108070875,-0.8796894765280645,6.739416232138645,230,False,17500,30000
568,50.15943491422805,635.2744702320888,785.2532795156408,1154.0,1.33476407366578,46347.327951564075,20715.826437941472,57184.96770938446,LacZ_2,LacZ OE,0.7718235078903184,-0.2688303082014817,17.36623946732069,230,False,17500,30000
569,50.30797101449275,678.1171497584542,828.2584541062802,1064.0,1.7021956847734352,22461.74396135266,25456.754830917875,6385.791062801933,LacZ_2,LacZ OE,0.8894503258652571,-0.3775621903886317,17.89968386213142,230,False,17500,30000
570,52.059654631083205,702.0251177394034,729.5353218210361,1572.0,1.2864387932787607,40917.83202511774,22226.134222919936,8628.382260596547,LacZ_2,LacZ OE,0.630938126588757,-0.44984498515828863,17.54306287550687,230,False,17500,30000
571,50.32370370370371,707.3007407407407,680.9355555555555,1595.0,1.3527553199893794,39755.53481481481,17458.246666666666,8162.188148148148,LacZ_2,LacZ OE,0.5031872762972209,-0.468261115390471,14.834850243275469,230,False,17500,30000
572,49.016,753.149,643.279,1384.0,1.512558409240885,46320.053,17599.954,8164.898,LacZ_2,LacZ OE,0.4081679423119948,-0.5924612491551509,12.35563324602414,230,False,17500,30000
573,49.718012422360246,760.2422360248447,691.5316770186336,966.0,1.3117950352418286,31816.6099378882,19093.216149068325,20781.106832298137,LacZ_2,LacZ OE,0.5362281093042334,-0.6066082678570436,13.899720208480872,230,False,17500,30000
574,50.14828431372549,774.1997549019608,588.3480392156863,972.0,1.4451160264263754,38121.623774509804,20025.29656862745,34788.18137254902,LacZ_2,LacZ OE,0.2650564752160536,-0.6530806132020461,12.237206207726771,230,False,17500,30000
575,50.02757793764988,803.8681055155876,270.3357314148681,1039.0,1.3500993256554785,13994.04196642686,24681.161870503598,5743.471223021583,LacZ_2,LacZ OE,-0.5718927053827012,-0.7611287522016286,5.800525843846408,230,False,17500,30000
576,50.60232220609579,812.3091436865021,462.8577648766328,899.0,1.4603855390389324,22066.288824383166,18513.303338171263,5783.837445573295,LacZ_2,LacZ OE,-0.06272669666499575,-0.765231602007834,9.934418482039263,230,False,17500,30000
577,51.86503067484663,829.5807770961145,595.8476482617586,1201.0,1.4068399527722306,35736.11963190184,22624.803680981597,5743.070552147239,LacZ_2,LacZ OE,0.2900382488163957,-0.7982065608966132,13.54094654677776,230,False,17500,30000
578,52.2809667673716,642.1973816717019,817.3222557905337,1163.0,1.2308700099219387,50989.786505538774,26325.155085599195,6822.078549848942,LacZ_2,LacZ OE,0.8570616422623858,-0.28409324343347564,20.024922121894612,230,False,17500,30000
579,52.02209944751381,670.7891344383057,774.5478821362799,1293.0,1.4276128959272534,43842.04972375691,24779.41712707182,6849.251381215469,LacZ_2,LacZ OE,0.7468367234758462,-0.3633792243367785,18.670234892307967,230,False,17500,30000
580,51.51267375306623,718.9934587080949,747.8282910874898,1427.0,1.399940262141797,50675.090760425184,23565.184791496322,6298.970564186427,LacZ_2,LacZ OE,0.6808832939223843,-0.4927737547865797,17.17252103291638,230,False,17500,30000
581,52.223214285714285,721.7331349206349,676.9156746031746,1345.0,1.298608847548417,50475.38690476191,18546.703373015873,10971.332341269841,LacZ_2,LacZ OE,0.49385006823420685,-0.5066847835133004,16.513324222967533,230,False,17500,30000
582,51.81708542713568,745.7648241206031,240.34472361809046,1240.0,1.585625057425599,36016.22814070352,23662.61909547739,6265.7597989949745,LacZ_2,LacZ OE,-0.6566980186363532,-0.6110539053703994,7.603807043562902,230,False,17500,30000
583,51.00495662949194,752.3246592317224,705.3903345724907,972.0,1.297071562421282,47139.25030978934,19917.55142503098,38422.40520446096,LacZ_2,LacZ OE,0.5720092508647323,-0.5844970808986187,15.527950085876697,230,False,17500,30000
584,51.71275646743979,755.3960749330954,675.5504014272971,1369.0,1.2943870868377212,51680.951828724355,19819.039250669044,9061.165923282782,LacZ_2,LacZ OE,0.49346815823789547,-0.5954127224432669,15.64006113115412,230,False,17500,30000
585,51.86038077969175,757.9555757026292,550.6201269265639,1346.0,1.4037576673889867,34394.24388032638,18014.73708068903,7051.239347234814,LacZ_2,LacZ OE,0.16380119337466326,-0.6139214584379882,13.397506089820332,230,False,17500,30000
586,50.55800464037123,773.2134570765661,564.9628770301624,1084.0,1.4085102161309,44622.64269141531,17971.066125290025,6520.821345707656,LacZ_2,LacZ OE,0.2031895646267179,-0.6526984473082443,12.214105222142415,230,False,17500,30000
587,54.751375137513755,787.6914191419141,664.578107810781,3259.0,1.7910699034329947,41269.55500550055,20337.535753575357,6498.644664466447,LacZ_2,LacZ OE,0.46741304489005353,-0.6815453985838513,18.146926123908997,230,False,17500,30000
588,51.15327380952381,787.0714285714286,571.0997023809524,895.0,1.4079712940637448,32875.59523809524,17796.01488095238,15606.339285714286,LacZ_2,LacZ OE,0.22068251579405795,-0.6886166582024706,12.78662155727816,230,False,17500,30000
589,52.6457345971564,791.6931279620853,636.1172985781991,1060.0,1.2670689331000777,54984.24407582938,21600.630331753553,9400.742890995261,LacZ_2,LacZ OE,0.39274015677127583,-0.6947008355471024,15.463028630421547,230,False,17500,30000
590,51.12979890310786,829.6160877513711,549.764168190128,662.0,1.3453899122997184,23698.0,22212.678244972576,5424.029250457038,LacZ_2,LacZ OE,0.16838518709642258,-0.8026193510309814,11.933322205644174,230,False,17500,30000
591,52.39575435936315,706.7111448066718,227.32221379833206,1584.0,1.6258623125195681,51144.58756633814,19331.783169067476,6602.457164518574,LacZ_2,LacZ OE,-0.6948253942176289,-0.5094925657565282,8.326932465595476,230,False,17500,30000
592,52.09435626102293,723.4497354497355,211.4805996472663,1415.0,1.4642150640115728,50377.47266313933,18414.951499118164,5775.970017636684,LacZ_2,LacZ OE,-0.7350531644756106,-0.5550385432702489,7.55816315100752,230,False,17500,30000
593,52.26696832579186,745.0565610859728,635.3371040723982,1085.0,1.6456162219173807,41735.73981900453,18563.070135746606,9791.028280542987,LacZ_2,LacZ OE,0.3862675160705975,-0.571998404133379,15.536575693079598,230,False,17500,30000
594,51.687943262411345,772.286524822695,249.25248226950356,927.0,1.4979773788548694,20475.65815602837,17029.40425531915,5131.809929078014,LacZ_2,LacZ OE,-0.6306491637118368,-0.6800265068969569,7.377715079939257,230,False,17500,30000
595,53.005359056806,778.508038585209,604.6162915326903,1086.0,1.3730903475398344,51861.16827438371,20198.45230439443,7326.429796355841,LacZ_2,LacZ OE,0.3082852099788207,-0.6629698006751781,15.35838922136682,230,False,17500,30000
596,54.659987476518474,806.7589229805886,624.8165309956167,2059.0,1.485548124973317,43289.85347526612,20517.137758296805,6730.854727614277,LacZ_2,LacZ OE,0.36423089160719857,-0.735480862290737,17.1120730172849,230,False,17500,30000
597,52.02469135802469,815.6316872427983,561.4413580246913,1230.0,1.4300219426052532,48158.75925925926,21345.65534979424,6099.37037037037,LacZ_2,LacZ OE,0.19784854979575028,-0.7647324006475913,13.189052106050177,230,False,17500,30000
598,53.10706150341686,708.4624145785878,791.0956719817767,1038.0,1.3762915865439567,39097.95216400911,27626.77904328018,6213.717539863325,LacZ_2,LacZ OE,0.7940605568415062,-0.4610216137221368,19.69090346453848,230,False,17500,30000
599,53.669322709163346,716.7858565737051,174.56772908366534,1153.0,1.1906492036455012,52298.5547808765,17750.985059760955,5648.475099601594,LacZ_2,LacZ OE,-0.8332392158282514,-0.5410177702430439,8.500858623365993,230,False,17500,30000
600,52.99731663685152,742.2871198568873,202.0939177101968,1358.0,1.553361822171861,43541.25760286226,19929.842576028623,5790.95885509839,LacZ_2,LacZ OE,-0.7580950734911056,-0.6055352677590959,8.094630492337345,230,False,17500,30000
601,53.54054054054054,746.1,649.6495495495495,1524.0,1.3850012794613893,54502.7,19068.12162162162,7385.95045045045,LacZ_2,LacZ OE,0.42409901906226133,-0.5734329148337967,17.070294651176255,230,False,17500,30000
602,54.75969645868465,757.0994940978078,664.9873524451939,1477.0,1.169684930035238,50847.20067453626,20117.39123102867,7912.077571669477,LacZ_2,LacZ OE,0.46558677677780946,-0.6009774565020627,18.469321933015834,230,False,17500,30000
603,53.11431742508324,759.0066592674806,272.8068812430633,1192.0,1.5160877678651687,39447.93007769145,25676.850166481687,6210.458379578246,LacZ_2,LacZ OE,-0.5697808250914516,-0.6428904252236459,9.382546215896973,230,False,17500,30000
604,54.28172817281728,763.5688568856885,646.2088208820882,1364.0,1.5247643513316895,41744.428442844284,19917.950495049507,7350.957695769577,LacZ_2,LacZ OE,0.41663647533262926,-0.6197625580796777,17.571267212576167,230,False,17500,30000
605,52.34139402560455,769.972972972973,727.1024182076814,853.0,1.4939024701048973,19332.796586059743,19103.731152204837,6384.226173541963,LacZ_2,LacZ OE,0.6309555032234546,-0.628946772380415,17.09829833462583,230,False,17500,30000
606,54.47879359095193,779.1083883129123,570.5051837888784,1270.0,1.4230083771300819,46207.34024505184,19764.721017907636,8034.742695570217,LacZ_2,LacZ OE,0.2181929194186596,-0.6678044997989533,16.17986414378158,230,False,17500,30000
607,53.2321243523316,795.3896373056995,581.7067357512954,1168.0,1.3484088064142492,40659.60103626943,20755.325388601035,7061.772020725389,LacZ_2,LacZ OE,0.24938083930947097,-0.7095728159265908,14.982457492320549,230,False,17500,30000
608,51.217592592592595,810.0763888888889,650.1527777777778,528.0,1.469357162035565,20909.659722222223,20215.89351851852,5585.4212962962965,LacZ_2,LacZ OE,0.4316202299375722,-0.7417304183111221,14.116779276118862,230,False,17500,30000
609,53.04207573632539,825.8962131837308,537.5105189340813,838.0,1.297857812900146,24164.30575035063,22886.1206171108,5388.260869565217,LacZ_2,LacZ OE,0.13557981790694185,-0.7940352009850721,13.650488421518041,230,False,17500,30000
610,52.37413394919169,831.8198614318707,430.26443418013855,1007.0,1.4142559354077404,21404.46997690531,23194.302540415705,5700.41570438799,LacZ_2,LacZ OE,-0.14702894988277748,-0.8197110535305178,10.893570644902866,230,False,17500,30000
611,52.882149046793764,843.7642980935875,353.1438474870017,774.0,1.4118279983114808,11970.49740034662,24749.043327556326,5213.849220103986,LacZ_2,LacZ OE,-0.34957105943806555,-0.8584315459157958,9.822227110160057,230,False,17500,30000
612,53.199655765920824,854.1462994836489,429.35972461273667,740.0,1.3647884931590752,14533.063683304646,27476.981067125645,5405.951807228916,LacZ_2,LacZ OE,-0.1473372525540887,-0.8785912155735777,11.478215340119114,230,False,17500,30000
613,54.738687061822816,300.21159974506054,239.09305289993625,1925.0,1.4706272338877948,32081.135755258125,17469.36073932441,20779.328234544297,LacZ_2,LacZ OE,-0.7024787612948968,0.5616122124417149,14.962574368756698,230,False,17500,30000
614,53.97610921501707,301.65255972696247,191.7098976109215,1753.0,1.3977202139347515,20829.290784982935,15944.21638225256,9167.57542662116,LacZ_2,LacZ OE,-0.8274289781272101,0.5533775717118359,13.288936276473962,230,False,17500,30000
615,53.38125,652.9575,804.62125,940.0,1.3018793534123139,30278.025,24775.4525,6706.94375,LacZ_2,LacZ OE,0.8244905099178084,-0.3136452443478377,20.77681922335895,230,False,17500,30000
616,52.45054945054945,651.4230769230769,838.4972527472528,539.0,1.7557195367753138,16100.741758241758,27607.285714285714,5868.318681318681,LacZ_2,LacZ OE,0.913846597527433,-0.30638912869532786,20.502857392231732,230,False,17500,30000
617,53.87355212355212,708.4295366795367,704.2249034749035,1279.0,1.5633821708566624,41347.12644787645,18642.15250965251,7905.408301158302,LacZ_2,LacZ OE,0.5646205340866828,-0.46913887070305094,18.8133718181843,230,False,17500,30000
618,54.737899543378994,717.0529680365297,764.2529680365296,1292.0,1.323356033233506,47246.44292237443,25692.76803652968,6490.539726027398,LacZ_2,LacZ OE,0.7239133461782914,-0.4862094111135715,20.727303085043985,230,False,17500,30000
619,53.294310722100654,720.6849015317287,691.5568927789934,1079.0,1.39405101470852,45231.63566739606,18165.175054704596,13713.475929978118,LacZ_2,LacZ OE,0.5323609587537013,-0.5025765479025364,17.87178126077015,230,False,17500,30000
620,54.032032032032035,731.4964964964965,699.2012012012012,1198.0,1.3326070966598635,48665.58358358358,21946.028028028028,7232.284284284285,LacZ_2,LacZ OE,0.5535382915715874,-0.5303375545202891,18.64575347824232,230,False,17500,30000
621,58.630050505050505,769.4646464646464,697.9362373737374,2019.0,1.5036727414823907,29145.550505050505,22730.116792929293,7932.578282828283,LacZ_2,LacZ OE,0.5535797907104523,-0.6305327975004344,22.838583967643935,230,False,17500,30000
622,55.14266666666666,783.9826666666667,258.344,1150.0,1.2191089026210662,18653.56,22806.5,5350.761333333333,LacZ_2,LacZ OE,-0.6056993899825256,-0.710056147372379,10.886599972019965,230,False,17500,30000
623,54.20976491862568,804.4737793851718,553.1464737793851,1242.0,1.2890600972999118,48327.90235081374,22981.281193490053,6485.012658227848,LacZ_2,LacZ OE,0.17477700816347919,-0.736203314882,15.328359191147669,230,False,17500,30000
624,54.27471636952998,809.4457050243112,587.4716369529983,1427.0,1.4014104270701409,38943.7188006483,23479.11588330632,6261.929497568882,LacZ_2,LacZ OE,0.2658885364950794,-0.7460601141243834,15.993171199067696,230,False,17500,30000
625,53.53225806451613,845.2096774193549,487.12442396313367,1031.0,1.2974703021623928,16574.4965437788,23460.314516129034,5114.955069124424,LacZ_2,LacZ OE,0.004336388506094746,-0.8496352042241838,12.993522136194834,230,False,17500,30000
626,53.39159292035398,852.487831858407,403.64269911504425,1128.0,1.4857965622244378,23939.736725663715,23104.361725663715,5328.570796460177,LacZ_2,LacZ OE,-0.21541508893646721,-0.8766531465609358,11.199977408554112,230,False,17500,30000
627,53.37384898710866,855.1086556169429,354.72375690607737,852.0,1.4727880908977091,7656.058931860037,31039.08103130755,5227.062615101289,LacZ_2,LacZ OE,-0.34434527944963456,-0.8881592586978232,10.2301205961368,230,False,17500,30000
628,55.93069306930693,289.380198019802,187.1089108910891,1330.0,1.5995579241106683,17014.12574257426,20670.678217821784,6079.638613861386,LacZ_2,LacZ OE,-0.8408406400979598,0.5851947362644359,15.27887926750951,230,False,17500,30000
629,54.916310845431255,781.5542271562767,633.5619128949616,1465.0,1.522232145447956,45847.84372331341,20547.179333902648,11154.801878736123,LacZ_2,LacZ OE,0.38491751059308155,-0.6683159774256007,17.78624470927665,230,False,17500,30000
630,55.77097078228087,784.1121583411875,619.8397737983034,1270.0,1.2578561570378772,51221.32987747408,21615.595664467484,8468.506126295948,LacZ_2,LacZ OE,0.34888262760133326,-0.6763659543946072,18.355380361142082,230,False,17500,30000
631,54.77796188898095,786.7879038939519,646.5492957746479,1403.0,1.4232059571042173,47916.89975144988,24078.316487158245,11759.212096106048,LacZ_2,LacZ OE,0.4197172818152277,-0.6808658568001144,17.84132842223479,230,False,17500,30000
632,55.24340770791075,805.789046653144,513.2221095334686,1174.0,1.4304063370739568,35094.78093306288,21624.19269776876,6286.680527383367,LacZ_2,LacZ OE,0.06942316484554678,-0.7434551125919551,15.592958727885154,230,False,17500,30000
633,54.97926267281106,828.9481566820276,562.7476958525345,1034.0,1.3366975021882492,26120.2534562212,23763.633640552995,5722.978110599079,LacZ_2,LacZ OE,0.20241850348696522,-0.7997465582546988,16.03432685229705,230,False,17500,30000
634,54.955414012738856,833.3980891719746,617.0605095541401,900.0,1.4702030511386255,16384.359872611465,20148.073248407643,5539.732484076433,LacZ_2,LacZ OE,0.34626610510903344,-0.806344165466043,16.99388604593235,230,False,17500,30000
635,53.774932614555254,841.6145552560647,509.27762803234504,867.0,1.4524912251730142,17284.53638814016,22683.676549865228,5072.797843665769,LacZ_2,LacZ OE,0.06248279632244014,-0.8380917231546765,13.691427364987184,230,False,17500,30000
636,55.55309734513274,593.4498525073747,792.3392330383481,911.0,1.4532906178256861,25834.86430678466,26368.746312684365,6258.762536873156,LacZ_2,LacZ OE,0.7862970828356695,-0.15821634828559605,23.311587679002535,230,False,17500,30000
637,55.45454545454545,675.4164619164619,795.502457002457,991.0,1.3589304449196002,28808.029484029485,26000.01474201474,6740.083538083538,LacZ_2,LacZ OE,0.8024427090795945,-0.37368305491795784,22.452159079842133,230,False,17500,30000
638,55.36434108527132,683.3527131782946,779.2971576227391,978.0,1.3929641250050948,26264.258397932816,25284.851421188632,6816.913436692506,LacZ_2,LacZ OE,0.7604078860592935,-0.3960981131812412,21.97579351427241,230,False,17500,30000
639,56.76362240982348,699.4719877206446,152.14044512663085,1549.0,1.3546541863139892,45239.542594013816,20108.590176515732,5997.224865694551,LacZ_2,LacZ OE,-0.8942596003246335,-0.497640547066702,11.343346314129342,230,False,17500,30000
640,55.59686727122836,721.6784830997527,658.7114591920857,1433.0,1.3665885618593747,43117.9505358615,18762.296784830996,7771.040395713108,LacZ_2,LacZ OE,0.4456076305563488,-0.508350509863959,19.542205514268993,230,False,17500,30000
641,56.68132568514978,718.0178457616316,710.9885277246653,2052.0,1.516766067413774,50958.78075207138,20616.25685149777,18296.10962396431,LacZ_2,LacZ OE,0.583254508354998,-0.4938209405956312,21.65250256602468,230,False,17500,30000
642,56.20462850182704,737.0523751522534,645.2070645554202,984.0,1.3921019545760371,41512.015834348356,19503.408038976857,7162.552984165652,LacZ_2,LacZ OE,0.411377501795664,-0.5501095315974166,19.740288247713075,230,False,17500,30000
643,56.9963133640553,733.4285714285714,687.6119815668203,1317.0,1.320955568123304,46706.707834101384,22473.095852534563,7537.492165898618,LacZ_2,LacZ OE,0.5229728833535596,-0.5365985246701062,21.370662929027112,230,False,17500,30000
644,57.94393833216538,807.8619481429572,614.958654519972,1994.0,1.6841562191606394,35580.24386825508,22517.20392431675,6351.011913104415,LacZ_2,LacZ OE,0.3381429899633366,-0.7394053823523263,20.19764893858934,230,False,17500,30000
645,57.881939014855355,256.52619233776386,253.37685691946834,1716.0,1.2966767989867944,25616.066458170444,26079.746677091476,6482.943706020328,LacZ_2,LacZ OE,-0.669064285070818,0.6778657816740266,18.81289243826128,230,False,17500,30000
646,57.627906976744185,319.5308970099668,218.39136212624584,1864.0,1.398987511272375,26451.41993355482,20274.649169435215,56657.6073089701,LacZ_2,LacZ OE,-0.7554517898872815,0.5087252554339396,17.265864628528625,230,False,17500,30000
647,58.313897763578275,745.2923322683706,709.0,1480.0,1.2238876696822099,52596.17172523962,24908.666134185303,8287.944089456869,LacZ_2,LacZ OE,0.5805147098563446,-0.5658510562589172,22.973952361993476,230,False,17500,30000
648,57.00173010380623,758.0709342560554,699.0657439446367,716.0,1.430267022799974,35476.35986159169,21082.851211072666,29702.326989619378,LacZ_2,LacZ OE,0.5555598053855832,-0.6003879744682965,21.34610509069261,230,False,17500,30000
649,58.55295836376917,678.3696128560994,198.02702702702703,1677.0,1.3089767733903077,46058.7830533236,23287.35573411249,8311.36888239591,LacZ_2,LacZ OE,-0.7751797696299957,-0.4378194149970175,14.212060553659,230,False,17500,30000
650,56.916666666666664,721.052536231884,799.1739130434783,657.0,1.412728350901957,20741.639492753624,27165.695652173912,6393.483695652174,LacZ_2,LacZ OE,0.8164021088459086,-0.4935099788421079,23.526458959095486,230,False,17500,30000
651,58.52215799614643,728.7052023121387,674.8487475915222,1207.0,1.2924565299797064,48798.240847784204,20317.99710982659,7735.4605009633915,LacZ_2,LacZ OE,0.48874546374529215,-0.5254099133203921,22.7018892351499,230,False,17500,30000
652,57.11692307692308,742.9353846153846,181.96461538461537,797.0,1.3188933880741882,29679.084615384614,16522.490769230768,5339.616923076923,LacZ_2,LacZ OE,-0.8113908777189529,-0.6092536574430352,11.825820076610064,230,False,17500,30000
653,59.6125,732.729375,189.249375,2049.0,1.4817643190466012,40863.760625,20031.4275,5685.290625,LacZ_2,LacZ OE,-0.7932460992784461,-0.5817716480278043,14.560898574813024,230,False,17500,30000
654,59.76746096959737,737.6787181594084,734.3344289235825,1392.0,1.3070121287551706,43796.79129005752,24719.46918652424,7016.555464256368,LacZ_2,LacZ OE,0.6466205862874295,-0.543463819355622,24.98291764268263,230,False,17500,30000
655,59.36764705882353,698.0980392156863,167.41862745098038,1263.0,1.3504505809301341,36168.01176470588,16155.345098039215,5882.71862745098,LacZ_2,LacZ OE,-0.854172801318934,-0.49265805958041653,14.249697262013761,230,False,17500,30000
656,58.546407185628745,790.6347305389221,716.443113772455,817.0,1.4014794164537039,19694.10628742515,26537.22904191617,6300.255988023952,LacZ_2,LacZ OE,0.6044663092250018,-0.6845150542790733,22.893248057187485,230,False,17500,30000
657,61.54552410099465,283.1706197398623,221.1300688599847,1799.0,1.386141337760781,14589.46518745218,18273.94567712318,6751.0367253251725,LacZ_2,LacZ OE,-0.7518664194999933,0.6045870719016646,21.59851006568838,230,False,17500,30000
658,59.904,323.30755555555555,154.384,1474.0,1.4873189313939719,14161.781333333332,15553.824888888888,5549.0453333333335,LacZ_2,LacZ OE,-0.9242285862366859,0.49269082109381457,18.292171182600512,230,False,17500,30000
659,59.376564277588166,711.4027303754266,213.86803185437998,1079.0,1.4384623310121183,29461.45847554039,19014.854379977245,5782.400455062571,LacZ_2,LacZ OE,-0.7302503876950179,-0.5233063385110484,15.00451984936484,230,False,17500,30000
660,60.85244587008821,724.6567762630312,717.8708901363271,1503.0,1.3475695198354964,51633.07377706496,25165.74418604651,10354.197273456295,LacZ_2,LacZ OE,0.6018549546008674,-0.5107663118556756,25.886448140533993,230,False,17500,30000
661,60.36210131332083,746.3564727954972,686.4615384615385,1259.0,1.3535606904115347,46067.4765478424,24811.244840525327,7459.587242026267,LacZ_2,LacZ OE,0.5209981410432245,-0.5708327983335022,24.584452216153586,230,False,17500,30000
662,60.28222013170273,745.4317968015051,652.8551269990593,1320.0,1.5518426549242261,50155.50611476952,23118.87488240828,7485.429915333961,LacZ_2,LacZ OE,0.43216988056706174,-0.5715617874502418,23.877790551228678,230,False,17500,30000
663,59.88855421686747,784.644578313253,205.21987951807228,863.0,1.4701637048079794,17616.524096385543,24083.07078313253,4930.569277108434,LacZ_2,LacZ OE,-0.7461539019632368,-0.7169358225999025,14.61930786482607,230,False,17500,30000
664,62.58931648477886,677.8466398621482,164.70246984491672,2093.0,1.4005537205220113,43492.631820792645,19718.985066053992,6062.036186099943,LacZ_2,LacZ OE,-0.8634274308859295,-0.43969515776708834,17.62200659270848,230,False,17500,30000
665,60.970052083333336,719.0768229166666,752.3268229166666,882.0,1.3018580961785833,29465.5546875,29229.868489583332,6721.458333333333,LacZ_2,LacZ OE,0.6923066854145281,-0.49283570085885287,26.712038600054704,230,False,17500,30000
666,59.4071661237785,741.4120521172639,146.8827361563518,844.0,1.728359666118143,14869.311074918567,17158.043973941367,5266.135179153094,LacZ_2,LacZ OE,-0.9042885086302336,-0.6086124412300684,13.466808143043579,230,False,17500,30000
667,61.61810466760962,743.110325318246,751.2135785007072,824.0,1.4305254260208125,31468.810466760962,27026.451202263084,6446.502121640736,LacZ_2,LacZ OE,0.6916185974094817,-0.5562241543408757,27.098214272003382,230,False,17500,30000
668,60.95102040816327,751.3687074829932,672.8571428571429,1032.0,1.3613796402470417,34331.71020408163,20664.642176870748,13606.465306122449,LacZ_2,LacZ OE,0.4855203989813279,-0.5853248691985209,24.865560398118795,230,False,17500,30000
669,61.88992974238876,761.9695550351288,208.21311475409837,626.0,1.316525080613828,13861.843091334895,28603.54332552693,5581.962529274005,LacZ_2,LacZ OE,-0.7405021862589589,-0.6570209084984958,16.903931798007868,230,False,17500,30000
670,61.052141527001865,766.9888268156425,719.0800744878957,768.0,1.3983421596125418,14919.290502793296,26215.696461824955,6470.525139664805,LacZ_2,LacZ OE,0.6090602349157861,-0.6220921658949042,25.685093939645306,230,False,17500,30000
671,61.080979284369114,776.984934086629,253.92278719397365,714.0,1.678182821266876,25159.116760828627,26383.998116760828,6256.105461393597,LacZ_2,LacZ OE,-0.6183305390995204,-0.692219023917305,16.809943657164993,230,False,17500,30000
672,61.489977728285076,753.2271714922049,728.7015590200446,553.0,1.4072783908852307,22939.701559020046,20559.031180400892,7007.209354120268,LacZ_2,LacZ OE,0.6331386812903383,-0.5849723243554561,26.442734239252935,230,False,17500,30000
673,63.20283533260633,777.9661941112323,706.1232279171211,1072.0,1.2127545690862904,27341.189749182115,32277.942202835333,6480.604143947656,LacZ_2,LacZ OE,0.5757826340991787,-0.652269713657585,27.480143155764928,230,False,17500,30000
674,63.456473214285715,794.8649553571429,636.40625,1129.0,1.3788986499031877,21287.746651785714,30062.72098214286,6544.621651785715,LacZ_2,LacZ OE,0.39327439316238677,-0.703327385249231,26.244996616668608,230,False,17500,30000
675,64.99020248203789,345.4448073154801,197.13324624428478,1957.0,1.2537181061075646,21177.23514043109,18791.619203135207,6824.645329849772,LacZ_2,LacZ OE,-0.8094869687355353,0.4383004397467578,23.964638814224195,230,False,17500,30000
676,64.56429232192414,742.8806660499538,156.70490286771508,1362.0,1.1954672430638231,21008.86308973173,20340.90379278446,5502.012025901942,LacZ_2,LacZ OE,-0.8784645192969991,-0.6116984233182066,18.793947134386045,230,False,17500,30000
677,64.07559198542805,751.6357012750456,663.643897996357,1362.0,1.4425937760641974,43812.93989071038,25262.088342440802,7509.043715846995,LacZ_2,LacZ OE,0.46106315782110663,-0.5869834322424541,27.81236588155236,230,False,17500,30000
678,64.30102869518137,770.7287493232269,676.6123443421765,2416.0,1.395958395006476,37258.98917162967,25480.263129399027,6849.908500270709,LacZ_2,LacZ OE,0.4971118678522821,-0.6360284935529703,28.092013310086863,230,False,17500,30000
679,63.017857142857146,790.4892857142858,665.3202380952381,1074.0,1.3258829042329272,22927.259523809524,25968.07380952381,6442.417857142857,LacZ_2,LacZ OE,0.46923322787541677,-0.6890732396897383,26.39754263411988,230,False,17500,30000
680,62.91425389755011,732.8062360801782,211.05679287305122,1144.0,1.5700558621670224,20692.49777282851,24444.68819599109,6273.230512249444,LacZ_2,LacZ OE,-0.735813946887039,-0.5800129063824446,18.27386798207582,230,False,17500,30000
681,63.20078226857888,253.71838331160365,320.5058670143416,1062.0,1.5479727348978678,10874.352020860495,35509.94784876141,6647.890482398957,LacZ_2,LacZ OE,-0.49232456573150174,0.6914300724645479,25.429161788815,230,False,17500,30000
682,63.44377510040161,269.54417670682733,229.69277108433735,858.0,1.8572046659558044,10181.668674698794,20919.79718875502,6040.708835341366,LacZ_2,LacZ OE,-0.7306426669952313,0.6412101496410758,23.794837151319108,230,False,17500,30000
683,64.94545454545455,317.879020979021,245.6076923076923,1749.0,1.394021604200118,22230.883916083916,21962.544755244755,6588.930769230769,LacZ_2,LacZ OE,-0.6840975236295682,0.5154311128047575,25.11339041295006,230,False,17500,30000
684,65.4181654676259,714.6456834532374,142.7248201438849,1390.0,1.463534546175789,17011.077338129497,16259.14118705036,5054.950539568345,LacZ_2,LacZ OE,-0.9181061612882361,-0.5387139641814935,19.665757499495633,230,False,17500,30000
685,65.38532818532819,712.9629343629343,174.33050193050192,1554.0,1.423714214851387,26801.867953667952,17140.46254826255,5610.179150579151,LacZ_2,LacZ OE,-0.8348034249443627,-0.5313065093516074,20.24796868534184,230,False,17500,30000
686,64.63278008298755,719.5726141078839,223.3921161825726,695.0,1.4561963057236318,21445.98132780083,29531.68049792531,5984.377593360996,LacZ_2,LacZ OE,-0.7045817124174301,-0.544063487160847,20.357981179295088,230,False,17500,30000
687,65.01716738197425,744.5007153075823,207.30901287553647,873.0,1.3432386740881421,15451.899856938484,22625.861230329043,5848.872675250358,LacZ_2,LacZ OE,-0.7447027241333283,-0.6112094333778743,20.1882641771898,230,False,17500,30000
688,64.30307467057101,792.2606149341142,704.1551976573938,828.0,1.4890184177061097,16880.10102489019,29436.686676427526,6950.225475841874,LacZ_2,LacZ OE,0.571889827371364,-0.6901144242672437,28.399745463983514,230,False,17500,30000
689,65.24183006535948,720.7071895424837,731.4601307189542,905.0,1.4012735322409655,20465.67450980392,27137.253594771242,6726.522875816993,LacZ_2,LacZ OE,0.6371495060019097,-0.49921309477137343,30.5715742620823,230,False,17500,30000
690,65.28169014084507,765.2215108834827,728.3469910371318,998.0,1.4872332766572793,13666.78104993598,26890.221510883483,6920.504481434059,LacZ_2,LacZ OE,0.6331560182055895,-0.6166861331376378,30.106761793575465,230,False,17500,30000
691,65.33062645011601,792.0394431554524,681.6264501160093,1001.0,1.2726752903705423,18924.019721577726,29794.974477958236,6501.563805104408,LacZ_2,LacZ OE,0.5123268444890612,-0.6916830888570922,29.002881819326426,230,False,17500,30000
692,64.39372822299651,799.6393728222996,656.787456445993,704.0,1.374332517407765,13359.644599303136,29058.592334494773,6204.390243902439,LacZ_2,LacZ OE,0.44750262491213544,-0.7140021820423132,27.519977037392245,230,False,17500,30000
693,69.53797996661102,672.8589315525876,113.29257095158597,3354.0,1.7139098322146757,24487.126460767948,17775.405676126877,5668.347662771285,LacZ_2,LacZ OE,-1.0,-0.431603420146198,23.646002113233415,230,False,17500,30000
694,68.15318744053283,736.1588962892483,713.9524262607041,1297.0,1.229398509906461,37252.875356803044,29535.90199809705,7628.337773549001,LacZ_2,LacZ OE,0.5922422781220804,-0.5416188627564261,32.99617641180327,230,False,17500,30000
695,68.24264705882354,260.88235294117646,259.37867647058823,690.0,1.845276418421394,10119.66911764706,38932.29779411765,5832.036764705882,LacZ_2,LacZ OE,-0.6533095061281755,0.6666723688446696,29.24119942821458,230,False,17500,30000
696,65.98516949152543,679.1885593220339,132.27542372881356,614.0,1.493542898844171,15834.209745762711,16970.023305084746,5810.733050847458,LacZ_2,LacZ OE,-0.9490964438478228,-0.4463774453001036,20.38990726684031,230,False,17500,30000
697,68.52447552447552,685.6975524475524,140.49912587412587,1641.0,1.2946920600182248,17152.63811188811,18999.051573426572,5657.632867132867,LacZ_2,LacZ OE,-0.926886248895042,-0.46280850007485186,23.01910105385877,230,False,17500,30000
698,69.16803953871499,687.9489291598023,151.08566721581548,858.0,1.2248826069586711,21913.986820428338,23045.881383855023,6369.996705107084,LacZ_2,LacZ OE,-0.8987480649743831,-0.467755968069821,23.840341610052313,230,False,17500,30000
699,67.03296703296704,742.8461538461538,170.27747252747253,877.0,1.2197475917796545,19892.18269230769,21980.714285714286,5075.395604395604,LacZ_2,LacZ OE,-0.8427478273604351,-0.6103986829708188,21.519285200667767,230,False,17500,30000
700,69.69610182975337,770.1137629276054,660.6046141607001,1712.0,1.4176994290880074,41124.649960222756,31901.35879077168,7425.678599840891,LacZ_2,LacZ OE,0.454517313414599,-0.6360692212792549,33.18903436732918,230,False,17500,30000
701,71.61047463175123,666.9198036006546,162.62520458265138,1783.0,1.414938673431866,21036.042553191488,18532.70458265139,6375.472176759411,LacZ_2,LacZ OE,-0.8703934134194753,-0.41138113694741774,26.711196048610894,230,False,17500,30000
702,71.14285714285714,317.3561224489796,177.66326530612244,1291.0,1.3719428524125508,14387.325510204082,16506.74693877551,5797.926530612245,LacZ_2,LacZ OE,-0.8638717139686132,0.5102335500226558,30.02864531499332,230,False,17500,30000
703,71.93589743589743,308.831983805668,196.55128205128204,1979.0,1.5045057037406249,22969.108636977056,18046.246963562753,5743.286099865048,LacZ_2,LacZ OE,-0.8148429714468132,0.5344290498843691,31.264347395439792,230,False,17500,30000
704,73.48133595284872,323.5157170923379,212.41355599214145,1409.0,1.5407378723876304,14401.111984282908,26060.063850687624,6377.910609037328,LacZ_2,LacZ OE,-0.7716362047418149,0.4972263984419969,32.962617018206736,230,False,17500,30000
705,75.08048780487805,337.8910569105691,196.68130081300814,1552.0,1.3723853326307107,17284.559349593495,22385.730894308945,6009.286991869919,LacZ_2,LacZ OE,-0.8118929265627133,0.45785820265400057,34.11969601367169,230,False,17500,30000
706,73.67307692307692,273.1456043956044,298.84615384615387,535.0,1.7634202382104447,10935.835164835165,37142.17032967033,6574.868131868132,LacZ_2,LacZ OE,-0.5481890566774639,0.6379553329372065,35.294575333119134,230,False,17500,30000
707,78.44984802431611,398.0205167173252,200.52659574468086,1798.0,1.683066032314499,16175.615501519756,18198.575987841945,10821.344224924012,LacZ_2,LacZ OE,-0.7961909788789842,0.299841840885376,36.95895901093761,230,False,17500,30000
708,77.88982102908277,673.7561521252796,151.86297539149888,2408.0,1.5266531957529934,20311.836129753916,21536.957494407157,5598.406040268456,LacZ_2,LacZ OE,-0.8984716032341143,-0.43056744883493936,32.716954001430885,230,False,17500,30000
709,78.52470187393527,316.17035775127766,193.19420783645657,1463.0,1.3834758096166353,15390.719761499147,23534.032367972744,5894.870528109029,LacZ_2,LacZ OE,-0.8233338744811834,0.5146099851764099,37.71462047490207,230,False,17500,30000
710,78.61975768872321,398.75768872320594,218.33457595526562,1372.0,1.3149422114837692,18585.691519105312,18462.91705498602,10943.519105312209,LacZ_2,LacZ OE,-0.7491038059935002,0.2995738471701648,37.45849413297422,230,False,17500,30000
711,75.36521739130434,704.4239130434783,160.23695652173913,687.0,1.5338168347937449,11469.313043478262,19185.208695652174,5638.98695652174,LacZ_2,LacZ OE,-0.8733209015804648,-0.5104369116893582,30.04433076215367,230,False,17500,30000
712,76.48616600790514,708.562582345191,137.6508563899868,894.0,1.2298466773340666,15851.591567852438,24447.559947299076,5917.532279314888,LacZ_2,LacZ OE,-0.9326256851533848,-0.5234903740055241,30.696099990674405,230,False,17500,30000
713,75.73217391304348,720.4469565217391,180.05739130434782,735.0,1.419732348293631,14308.093913043478,28243.168695652173,5490.99652173913,LacZ_2,LacZ OE,-0.8194767939292469,-0.550759153429414,30.625892330833445,230,False,17500,30000
714,78.7114914425428,361.16992665036673,197.80073349633253,999.0,1.2044851404338992,14320.745721271394,25720.96454767726,7218.869193154034,LacZ_2,LacZ OE,-0.8069031729161101,0.3965825579086717,37.53795249169864,230,False,17500,30000
715,79.52051048313582,700.9799453053784,185.80765724703738,1295.0,1.3358652024653683,23385.913400182315,30612.27620783956,5861.611668185962,LacZ_2,LacZ OE,-0.80632743481076,-0.4990795716462172,34.717125792792466,230,False,17500,30000
716,79.31721798134012,330.70313825275656,177.46395250212043,1407.0,1.5961640321962958,11387.76844783715,23409.421543681085,5842.473282442748,LacZ_2,LacZ OE,-0.8635307998131909,0.47485023921566616,38.06370998943152,230,False,17500,30000
717,81.25172413793103,638.9775862068966,143.98103448275862,723.0,1.4653145517612811,18742.524137931036,25016.996551724136,5978.575862068966,LacZ_2,LacZ OE,-0.9227546060655486,-0.33985400131769306,36.27716077997399,230,False,17500,30000
