label,centroid_x,centroid_y,centroid_z,area,aspherity,int,sample,type,x_std,y_std,z_std,rotation
1,9.572595281306715,413.66333938294014,838.9328493647913,1301.0,1.2016577051183825,1602.5235934664247,Ezi_3_b2,Ezi RNAi,-0.5405684127653152,0.014510075324001503,-51.36937198342236,95
2,8.685660018993353,420.0531813865147,827.5925925925926,1323.0,1.3189807970813925,1608.3846153846155,Ezi_3_b2,Ezi RNAi,-0.5128439875689941,0.02636617419909948,-51.23128967650097,95
3,8.735372340425531,467.2938829787234,813.9441489361702,1208.0,1.3008019004507263,2155.011968085106,Ezi_3_b2,Ezi RNAi,-0.4679415455793092,0.13631142582586508,-49.41648315827114,95
4,10.690743338008415,481.5308555399719,824.7833099579243,1912.0,1.6799722648951796,2097.1935483870966,Ezi_3_b2,Ezi RNAi,-0.4886093120965418,0.17419098182736592,-48.1693293220647,95
5,9.00462962962963,499.2361111111111,810.2743055555555,1302.0,1.4824995342028995,2221.3958333333335,Ezi_3_b2,Ezi RNAi,-0.4502015735348135,0.21241915847386572,-48.413082841070654,95
6,9.589080459770114,616.8917624521073,802.2547892720306,1674.0,1.623783097265522,2005.971264367816,Ezi_3_b2,Ezi RNAi,-0.39721916884824504,0.49450566716493394,-45.57657931460218,95
7,8.29066265060241,633.1596385542168,786.9201807228916,926.0,1.5237991442187366,2339.218373493976,Ezi_3_b2,Ezi RNAi,-0.3574447109938095,0.5289911786474952,-45.38534889557982,95
8,11.455536912751677,462.82214765100673,828.746644295302,1512.0,1.2562783834564384,1642.4429530201342,Ezi_3_b2,Ezi RNAi,-0.5032799870058946,0.13018550740061596,-47.98737698157328,95
9,8.463556851311953,514.5102040816327,792.8483965014577,637.0,1.4577970362542876,1788.9504373177842,Ezi_3_b2,Ezi RNAi,-0.40613578526634764,0.24383002859634795,-47.308105391714825,95
10,9.064432989690722,540.8067010309278,819.7860824742268,672.0,1.5613638691398473,1761.2371134020618,Ezi_3_b2,Ezi RNAi,-0.45938389946182956,0.316016419933,-48.575381403523686,95
11,8.033783783783784,586.8085585585585,791.9797297297297,741.0,1.8688230980857858,1894.3108108108108,Ezi_3_b2,Ezi RNAi,-0.38261143802521236,0.4184665036158335,-46.686085511106164,95
12,9.144370860927152,636.6,801.0701986754967,1068.0,1.2572865445755925,2106.426490066225,Ezi_3_b2,Ezi RNAi,-0.38859953695496197,0.5418114046962732,-45.655247552472076,95
13,8.79076923076923,654.1107692307693,822.04,590.0,1.5778574025517336,1808.0646153846153,Ezi_3_b2,Ezi RNAi,-0.43077297343477805,0.5908498674510547,-47.50031407630141,95
14,11.98960880195599,387.2530562347188,847.3569682151589,2223.0,1.588747452233651,2480.2720048899755,Ezi_3_b2,Ezi RNAi,-0.5679352258018315,-0.04671901706104242,-50.01318643901234,95
15,12.862783171521036,410.6957928802589,828.3818770226537,2017.0,1.4990125160399,1858.3857605177993,Ezi_3_b2,Ezi RNAi,-0.5182085124539615,0.003951922414711095,-47.26055316310793,95
16,12.480978260869565,435.85778985507244,804.1204710144928,1583.0,1.4177050901706818,1823.2545289855072,Ezi_3_b2,Ezi RNAi,-0.4557710455012295,0.057108296801909875,-45.299184435161024,95
17,11.78950403690888,447.05594002306805,826.513264129181,2376.0,1.4464463565391255,1647.336216839677,Ezi_3_b2,Ezi RNAi,-0.5029744847516782,0.0913297613135493,-47.68376698985602,95
18,11.392795883361922,463.5711835334477,806.8353344768439,775.0,1.3336194802764363,2208.6415094339623,Ezi_3_b2,Ezi RNAi,-0.4534725717535877,0.1250257807614923,-46.2323681495347,95
19,11.690178571428572,468.49285714285713,798.2883928571429,1851.0,1.6886099144139037,2434.8,Ezi_3_b2,Ezi RNAi,-0.43273054428576196,0.13421108548937477,-45.1643972545186,95
20,9.209580838323353,484.9940119760479,803.2155688622754,939.0,1.573130807502424,2392.486526946108,Ezi_3_b2,Ezi RNAi,-0.43850158659528315,0.1757160543326297,-47.81937914669918,95
21,10.893141945773525,488.21371610845296,814.3588516746412,921.0,1.2515785543629143,2157.0494417862838,Ezi_3_b2,Ezi RNAi,-0.46307817931781936,0.18704028030979036,-47.017300416913294,95
22,11.412654745529574,576.2874828060523,809.2792297111416,1241.0,1.7533085861971027,1789.1279229711142,Ezi_3_b2,Ezi RNAi,-0.42552221367640675,0.3984957867402392,-44.88843217189748,95
23,11.04054054054054,591.3963963963964,836.6148648648649,887.0,1.4296858043742906,2269.1463963963965,Ezi_3_b2,Ezi RNAi,-0.48280788214667636,0.4437492381662471,-47.3095546824485,95
24,12.167776298268974,595.1651131824234,806.866844207723,1141.0,1.5016774629623835,2306.010652463382,Ezi_3_b2,Ezi RNAi,-0.4146010560993313,0.44339353614004606,-43.681434807694615,95
25,9.116438356164384,661.4383561643835,809.7910958904109,714.0,1.8854315050321058,1641.027397260274,Ezi_3_b2,Ezi RNAi,-0.4009462130740805,0.6046775907375792,-46.06622652577487,95
26,11.95011086474501,652.7150776053215,801.5753880266076,1408.0,1.7454923221059007,1922.6807095343681,Ezi_3_b2,Ezi RNAi,-0.3854921472024325,0.5809407687495214,-42.68286359108471,95
27,11.227963525835866,423.78723404255317,807.6231003039513,588.0,1.4564223070305355,1899.303951367781,Ezi_3_b2,Ezi RNAi,-0.4670414578508859,0.029028945730556144,-47.00012204729146,95
28,11.543610547667344,490.5466531440162,836.1815415821501,1329.0,1.754798785563786,2128.338742393509,Ezi_3_b2,Ezi RNAi,-0.5118820111436402,0.19962413475039287,-48.137610827923616,95
29,11.107551487414188,583.6681922196797,823.3798627002288,697.0,1.411092572626943,2041.9130434782608,Ezi_3_b2,Ezi RNAi,-0.4551731026915552,0.42084066867057013,-46.25567631372132,95
30,11.03244837758112,613.2728613569321,819.4424778761062,1362.0,1.4739207397675005,1984.2669616519174,Ezi_3_b2,Ezi RNAi,-0.43745634687265955,0.49121030111189135,-45.60500396550235,95
31,14.348168752897543,363.5948076031525,811.8729717199815,2689.0,1.5880046990468437,2357.623551228558,Ezi_3_b2,Ezi RNAi,-0.49513410316958995,-0.11526151588807632,-45.05616334342798,95
32,15.025669642857142,365.46707589285717,859.9838169642857,2992.0,1.811889967157498,1942.146763392857,Ezi_3_b2,Ezi RNAi,-0.603555183537818,-0.09542733115354551,-48.3241944705248,95
33,13.58311170212766,371.9654255319149,827.4295212765958,1826.0,1.5715321301025371,2460.0545212765956,Ezi_3_b2,Ezi RNAi,-0.5276968532940134,-0.0900554878701747,-46.988445809503574,95
34,13.45242718446602,428.6077669902913,844.8339805825243,1444.0,1.5968653006182325,1464.5116504854368,Ezi_3_b2,Ezi RNAi,-0.5502222256100369,0.05251731104269575,-47.787594537377146,95
35,12.721906923950057,470.20090805902385,840.1782065834279,1314.0,1.6385077941686805,1747.4846765039727,Ezi_3_b2,Ezi RNAi,-0.5271934977048041,0.15166611496797655,-47.5685112296302,95
36,12.781329923273658,479.079283887468,808.497442455243,1117.0,1.3913618434353037,2246.5780051150896,Ezi_3_b2,Ezi RNAi,-0.45289181484892227,0.16306407606390017,-44.775876732628745,95
37,13.514935988620199,496.68705547652917,827.8620199146515,1110.0,1.3414581520183875,2254.9061166429588,Ezi_3_b2,Ezi RNAi,-0.4916127170900304,0.21181933468025416,-45.40381790677272,95
38,12.778319123020706,505.8233861144945,844.3800243605359,1025.0,1.3005443893162596,1697.0365408038977,Ezi_3_b2,Ezi RNAi,-0.526128675621293,0.2391835906368185,-47.376702208054176,95
39,11.122641509433961,546.2012578616352,841.5094339622641,566.0,1.5854597869233527,1957.6132075471698,Ezi_3_b2,Ezi RNAi,-0.5073228216039566,0.3359664027879179,-48.24324226423343,95
40,13.348771266540643,548.9158790170133,809.8610586011342,1553.0,1.609326463813739,2046.2674858223063,Ezi_3_b2,Ezi RNAi,-0.43533992601868254,0.3324486783232805,-43.37758861108198,95
41,13.181192660550458,616.4036697247707,762.098623853211,830.0,1.739262778803751,1998.8394495412845,Ezi_3_b2,Ezi RNAi,-0.3072006754211448,0.4805235534794541,-38.69129659657318,95
42,12.88955223880597,639.2567164179104,819.5283582089552,514.0,1.4516693891251964,1448.1283582089552,Ezi_3_b2,Ezi RNAi,-0.43028721102497036,0.55408777971299,-43.409764297143546,95
43,14.911281489594742,370.7398685651698,842.2124863088718,2653.0,1.7139459806551114,2232.370208105148,Ezi_3_b2,Ezi RNAi,-0.5617605001721078,-0.0883251213592271,-46.90091128435402,95
44,14.25445434298441,381.33853006681517,801.3814031180401,2333.0,1.4948955090582225,2438.2667037861916,Ezi_3_b2,Ezi RNAi,-0.46610876728080364,-0.07567230007830461,-44.04395485017834,95
45,14.004518072289157,388.7153614457831,829.7989457831326,1738.0,1.8106482670604194,2473.814006024096,Ezi_3_b2,Ezi RNAi,-0.5281624337941211,-0.04878146326709143,-46.537231969323265,95
46,14.391608391608392,391.8822843822844,812.4032634032634,1059.0,1.5242728869173556,1783.43006993007,Ezi_3_b2,Ezi RNAi,-0.48793913460658456,-0.04665768384739688,-44.673716541765884,95
47,14.361577794010227,404.1227173119065,801.0394448502557,1779.0,1.771106629725755,1951.836376917458,Ezi_3_b2,Ezi RNAi,-0.45858737144522355,-0.02066044436713288,-43.60059100698914,95
48,14.653398058252428,422.11747572815534,801.2,1584.0,1.4150546437645688,1941.4466019417475,Ezi_3_b2,Ezi RNAi,-0.4536609534270999,0.02292313089371456,-43.07945744271239,95
49,13.935365853658537,496.39268292682925,854.6987804878049,1215.0,1.9037838971686565,1629.9926829268293,Ezi_3_b2,Ezi RNAi,-0.5524970108136484,0.21964398459808776,-47.20251947433926,95
50,13.030937215650592,652.5486806187444,771.6442220200182,1837.0,1.6054760562497798,1566.7179253867153,Ezi_3_b2,Ezi RNAi,-0.31803104628429013,0.5710069431947431,-39.13914961416732,95
51,13.10888252148997,706.3338108882522,812.3510028653295,1196.0,1.6896313063260806,2127.1002865329515,Ezi_3_b2,Ezi RNAi,-0.3941650679695937,0.7140808726171306,-41.69120530320204,95
52,12.001515151515152,723.5772727272728,802.0590909090909,875.0,1.508275624268935,2618.8166666666666,Ezi_3_b2,Ezi RNAi,-0.36554612550592336,0.7525299604449327,-41.71234280080204,95
53,16.434617213504517,283.56823585354255,794.6723728007609,2995.0,1.473313135005708,1453.0874940561102,Ezi_3_b2,Ezi RNAi,-0.48039059063325407,-0.31435524275768867,-42.64144166912494,95
54,15.525170068027212,332.3421768707483,835.0401360544217,2068.0,1.6185466124422758,2173.2986394557824,Ezi_3_b2,Ezi RNAi,-0.5570573231714215,-0.18350622787615878,-46.21730152857146,95
55,15.470355731225297,380.15909090909093,862.7233201581028,1593.0,1.6705917934535592,2172.23814229249,Ezi_3_b2,Ezi RNAi,-0.6054738189764217,-0.05901438824796701,-47.9081651053441,95
56,13.584366062917065,405.07721639656813,816.9513822688275,1318.0,1.5260253578868634,1865.9018112488084,Ezi_3_b2,Ezi RNAi,-0.4941548575612881,-0.013282931751720572,-45.67468546595597,95
57,15.462765957446809,442.88120567375887,838.9751773049645,897.0,1.8721867525866978,1576.5921985815603,Ezi_3_b2,Ezi RNAi,-0.5331116237891512,0.08517137262434837,-45.10781199248736,95
58,14.76923076923077,450.59432234432234,807.4734432234433,1500.0,1.36351847817394,1891.9835164835165,Ezi_3_b2,Ezi RNAi,-0.45941708519838353,0.09381212304093833,-43.096041129042796,95
59,14.073482428115016,483.51277955271564,795.6789137380192,976.0,1.5494642784994366,2496.79392971246,Ezi_3_b2,Ezi RNAi,-0.42282092902931934,0.16970261638606576,-42.37087643543129,95
60,15.10047281323877,499.8416075650118,820.581560283688,1201.0,1.560014599379764,2230.353427895981,Ezi_3_b2,Ezi RNAi,-0.4745073987491284,0.2171240718356322,-43.18058888500294,95
61,14.852136752136753,500.26324786324784,807.7555555555556,1583.0,1.5586562844484073,2365.549572649573,Ezi_3_b2,Ezi RNAi,-0.44531664098835533,0.21406447335040713,-42.364373882026456,95
62,13.189814814814815,563.0902777777778,821.8333333333334,684.0,1.6129476445426276,1699.8796296296296,Ezi_3_b2,Ezi RNAi,-0.45818538156553,0.3705512032396694,-44.33167637414276,95
63,13.926221335992023,705.5792622133599,754.3539381854437,1508.0,1.5925287927169742,1724.8664007976072,Ezi_3_b2,Ezi RNAi,-0.2633310147665098,0.6937951821530466,-36.102955072997794,95
64,14.151540383014154,714.7785179017485,785.9292256452956,1621.0,1.3903817951816284,2224.07493755204,Ezi_3_b2,Ezi RNAi,-0.3320784277376787,0.7260966834948561,-38.35844359322081,95
65,16.245657568238215,358.6923076923077,849.7824648469809,1853.0,1.7019865589542444,2239.7311827956987,Ezi_3_b2,Ezi RNAi,-0.5827211902679206,-0.11507147175750443,-46.358704227946326,95
66,14.53953488372093,397.4813953488372,837.6883720930233,683.0,1.5038203227673328,2285.4255813953487,Ezi_3_b2,Ezi RNAi,-0.5435100764010402,-0.025067001422095392,-46.53620257644896,95
67,15.111801242236025,399.3975155279503,850.5797101449275,660.0,1.486235248433887,1836.3064182194616,Ezi_3_b2,Ezi RNAi,-0.572216166934531,-0.016333025442822335,-47.00336600705852,95
68,15.492957746478874,400.21235102925243,871.2004333694474,1319.0,1.9530673873543056,2216.48429035753,Ezi_3_b2,Ezi RNAi,-0.6187000699774918,-0.007802600081346034,-48.31344886631401,95
69,16.115675675675675,413.76,807.3113513513514,1400.0,1.525819412407044,1797.2454054054053,Ezi_3_b2,Ezi RNAi,-0.4702498935936632,0.004639160738181269,-42.23952991181141,95
70,15.216888888888889,428.5457777777778,831.6773333333333,1532.0,1.503905776720944,1622.9804444444444,Ezi_3_b2,Ezi RNAi,-0.5208121478276053,0.048169335711509165,-44.944898921104745,95
71,14.988095238095237,507.609126984127,857.6845238095239,673.0,1.4400644385373034,1732.5714285714287,Ezi_3_b2,Ezi RNAi,-0.5561215211090043,0.24772293076439822,-46.247931915138935,95
72,14.804213135068153,522.3320941759604,804.1957868649318,1617.0,1.9061881035571795,2161.6121437422553,Ezi_3_b2,Ezi RNAi,-0.430697995300691,0.26632280929580876,-41.8197708714609,95
73,14.465011286681715,582.9729119638827,794.1422121896162,787.0,1.4706411757770719,1946.0451467268624,Ezi_3_b2,Ezi RNAi,-0.3898736900010995,0.4098331548285994,-40.507661359428866,95
74,14.601750547045953,624.1203501094092,830.1881838074398,692.0,1.7127124849325481,1775.9080962800874,Ezi_3_b2,Ezi RNAi,-0.4592283148265055,0.5208494758820714,-42.78773881536076,95
75,15.04192685102587,692.7662801070472,730.800178412132,1717.0,1.959121976791927,1544.7439785905442,Ezi_3_b2,Ezi RNAi,-0.2140618238401829,0.655294792989443,-33.221720120787104,95
76,15.075692963752665,705.8113006396588,767.4786780383795,1338.0,1.7778202690289777,1689.2206823027718,Ezi_3_b2,Ezi RNAi,-0.2931758579118169,0.6985253943633327,-36.036981700875835,95
77,14.972644376899696,741.3951367781156,738.790273556231,504.0,1.5559012829566556,1700.7477203647416,Ezi_3_b2,Ezi RNAi,-0.2176800321315726,0.7754846268257478,-33.29159308949631,95
78,16.82774252039891,231.53218495013598,670.0299184043517,1620.0,1.4775386166876334,1353.1251133272892,Ezi_3_b2,Ezi RNAi,-0.2139281418016915,-0.47990938956312523,-32.672712991313716,95
79,16.252713178294574,246.80620155038758,577.2542635658915,1116.0,1.8003663577808153,2199.0976744186046,Ezi_3_b2,Ezi RNAi,0.0006179899825038415,-0.4724750671961475,-25.386223652161203,95
80,15.429874572405929,255.39566704675028,713.2748004561004,1327.0,1.6598280415429747,1375.9794754846066,Ezi_3_b2,Ezi RNAi,-0.3044105851406256,-0.4084070953693647,-37.30979793660491,95
81,15.99359795134443,258.14084507042253,623.1946222791294,1084.0,1.5330645216664633,1847.2330345710627,Ezi_3_b2,Ezi RNAi,-0.09990244445594954,-0.4304332793279789,-29.280473376180563,95
82,16.331588132635254,277.3385689354276,587.7050610820245,1209.0,1.9801751318115686,2660.42757417103,Ezi_3_b2,Ezi RNAi,-0.013971452657762784,-0.395283699719268,-25.75638818619843,95
83,15.431701972242513,289.80496712929147,670.8648648648649,1901.0,1.7072134311692844,2391.9612856099343,Ezi_3_b2,Ezi RNAi,-0.19823966260754933,-0.3386563255496545,-33.3439553824585,95
84,17.302097902097902,290.4314685314685,717.8734265734266,1954.0,1.416597239710188,2224.6895104895107,Ezi_3_b2,Ezi RNAi,-0.30476517823359495,-0.32219453379088625,-35.34920539111219,95
85,14.794044665012407,303.95533498759306,611.3746898263028,661.0,1.7535048848566355,1515.012406947891,Ezi_3_b2,Ezi RNAi,-0.05932155883218171,-0.3233484473406536,-28.88069345460939,95
86,16.90736040609137,330.0095177664975,725.5329949238578,2236.0,1.7918479830011338,2283.6472081218276,Ezi_3_b2,Ezi RNAi,-0.3102619453863432,-0.22400420466489213,-35.83864264705632,95
87,15.556907037358819,341.36229365768895,600.5569070373588,1495.0,1.8823240775731467,1895.8184187662903,Ezi_3_b2,Ezi RNAi,-0.023880930287286217,-0.2362977142160424,-26.721834776932752,95
88,16.173824130879346,346.2044989775051,793.3456032719837,1243.0,1.4054929444092632,2541.9989775051126,Ezi_3_b2,Ezi RNAi,-0.4587323479234088,-0.16324096070669958,-41.94403253661542,95
89,16.887913007109997,356.29736511919697,758.5993308239231,3279.0,1.7540390991358477,2658.513174404015,Ezi_3_b2,Ezi RNAi,-0.3772596236136102,-0.1498845324593977,-38.2297203003058,95
90,15.720789074355084,356.0895295902883,782.0128983308042,1777.0,1.5842219786381775,2613.044764795144,Ezi_3_b2,Ezi RNAi,-0.4300697435217701,-0.1429294432655066,-41.32688038861149,95
91,16.376923076923077,365.7958041958042,792.9496503496504,1923.0,1.696679085129921,2304.4615384615386,Ezi_3_b2,Ezi RNAi,-0.45205562596242355,-0.11597139334633566,-41.443794316408294,95
92,16.401830282861898,370.414309484193,745.8136439267887,1788.0,1.7388060297732693,2623.8535773710482,Ezi_3_b2,Ezi RNAi,-0.34404629517490304,-0.11979695257430856,-37.46836502798662,95
93,16.036644951140065,413.29967426710095,720.8021172638437,1760.0,1.5229101720897869,2589.768729641694,Ezi_3_b2,Ezi RNAi,-0.27465003561463464,-0.02400155878543131,-35.1886552183737,95
94,15.510848126232741,421.267258382643,632.9142011834319,1717.0,1.8577498830512558,1962.4063116370808,Ezi_3_b2,Ezi RNAi,-0.07334194800742877,-0.032688578214731256,-28.35517938807327,95
95,16.49786628733997,431.11095305832146,687.294452347084,1140.0,1.5727056952364615,2367.4879089615933,Ezi_3_b2,Ezi RNAi,-0.19363838498358754,0.008423663001694948,-31.724017218988365,95
96,16.488324873096445,439.6619289340102,731.9167512690356,1613.0,1.8875193235438863,2715.7908629441627,Ezi_3_b2,Ezi RNAi,-0.2920514531960232,0.04330993500668101,-35.29852411145109,95
97,15.72549019607843,475.40253748558246,694.8385236447521,1351.0,1.5640595197974902,1567.4971164936562,Ezi_3_b2,Ezi RNAi,-0.1974014064188695,0.11798307313842105,-32.51644172535668,95
98,14.918987341772151,481.9898734177215,856.9493670886076,574.0,1.4193790252257215,1636.5367088607595,Ezi_3_b2,Ezi RNAi,-0.5620554674938244,0.18550926084559038,-46.602941254642296,95
99,15.11878453038674,543.317679558011,793.8756906077348,696.0,1.9463492817222747,1879.1077348066299,Ezi_3_b2,Ezi RNAi,-0.401175691815412,0.3138069046951648,-40.37096758655504,95
100,13.842490842490843,580.6630036630037,852.7142857142857,501.0,1.9842430881439583,1915.4542124542124,Ezi_3_b2,Ezi RNAi,-0.5229562563730167,0.4228867599624593,-45.99068630652456,95
101,15.142011834319527,582.5609467455621,727.8568047337278,1318.0,1.709134460567634,1713.6934911242604,Ezi_3_b2,Ezi RNAi,-0.24015918800315927,0.38773980248310114,-34.370943103644166,95
102,14.678321678321678,682.4562937062936,760.6293706293707,952.0,1.8879414342824823,1685.5944055944055,Ezi_3_b2,Ezi RNAi,-0.2845415246915135,0.6398461693351536,-36.184120576291086,95
103,15.152083333333334,778.6208333333333,753.93125,788.0,1.9260103231731633,2523.4104166666666,Ezi_3_b2,Ezi RNAi,-0.2409116278847493,0.8703608203396322,-33.85782152220746,95
104,15.617403314917127,820.7886740331492,704.6685082872929,1111.0,1.5312531481740428,1668.2900552486187,Ezi_3_b2,Ezi RNAi,-0.11702061245755058,0.9566980723378311,-28.759823120476696,95
105,16.42150333016175,234.30637488106566,632.5166508087535,1499.0,1.5685217813115249,2086.8810656517603,Ezi_3_b2,Ezi RNAi,-0.1281550140133152,-0.485132061657904,-29.945633779822025,95
106,15.387243735763098,247.624145785877,594.0250569476082,746.0,1.7590404976935927,3016.956719817768,Ezi_3_b2,Ezi RNAi,-0.03691628161201155,-0.46515405220452144,-27.620959537298734,95
107,16.06544901065449,253.0,637.765601217656,1106.0,1.6599868112598446,2980.544901065449,Ezi_3_b2,Ezi RNAi,-0.13440920749804897,-0.4382343577065436,-30.480372335106928,95
108,15.404761904761905,286.9781746031746,549.3690476190476,804.0,1.747966321934168,2934.7638888888887,Ezi_3_b2,Ezi RNAi,0.07580210660668762,-0.38415540253361347,-23.387277772340035,95
109,17.15548455804047,295.3109691160809,785.2119275825346,1351.0,1.723279650317369,1689.6315228966987,Ezi_3_b2,Ezi RNAi,-0.45563658615760827,-0.2889613160690593,-40.98378600771295,95
110,15.624277456647398,312.14065510597305,615.364161849711,882.0,1.735438330739554,1860.9633911368016,Ezi_3_b2,Ezi RNAi,-0.06607479401242,-0.30228180209692856,-28.271647552849036,95
111,16.27758620689655,312.13275862068963,749.2603448275862,781.0,1.9514877890403168,2096.1655172413793,Ezi_3_b2,Ezi RNAi,-0.3691334786165692,-0.25969887701447714,-38.66538420985351,95
112,15.539354838709677,325.10064516129034,546.6696774193548,1119.0,1.8844875771316472,2051.003870967742,Ezi_3_b2,Ezi RNAi,0.09320810158927806,-0.29278623581457475,-22.514465453002952,95
113,17.128824476650564,328.21658615136874,816.0064412238326,1789.0,1.6392657028725983,2097.036231884058,Ezi_3_b2,Ezi RNAi,-0.5155271719937204,-0.1995542505742156,-43.10507743979839,95
114,15.312162162162162,347.50135135135133,555.9040540540541,1081.0,1.9441562620131243,2990.3797297297297,Ezi_3_b2,Ezi RNAi,0.0790137084779845,-0.23565272081248034,-23.199358643633687,95
115,17.164960182025027,359.2002275312856,699.1296928327645,1356.0,1.495755036094202,2071.625711035267,Ezi_3_b2,Ezi RNAi,-0.24190414150087258,-0.16178696964971329,-33.008896164748975,95
116,16.33131313131313,364.4313131313131,712.8636363636364,1370.0,1.7482859449840351,2463.5575757575757,Ezi_3_b2,Ezi RNAi,-0.27126286678392997,-0.14475586767843907,-34.901684776623334,95
117,16.27892561983471,412.44628099173553,654.2734159779615,1941.0,1.8719904311071462,2261.7258953168043,Ezi_3_b2,Ezi RNAi,-0.12443306029299805,-0.047237431403375885,-29.471042123640878,95
118,16.075506445672193,417.8747697974217,857.8360957642726,860.0,1.4767760373961434,1785.8084714548802,Ezi_3_b2,Ezi RNAi,-0.5833288108661246,0.030671381698110123,-46.39147936891143,95
119,16.547464239271783,491.6267880364109,765.5981794538361,1432.0,1.8967630279486438,2350.5409622886864,Ezi_3_b2,Ezi RNAi,-0.3528282029747212,0.1797447436429669,-37.31446119432422,95
120,16.237057220708447,506.95367847411444,768.0871934604904,1105.0,1.4613426099707307,2235.3378746594008,Ezi_3_b2,Ezi RNAi,-0.35384707019190853,0.2176188477098948,-37.621626550106065,95
121,15.479012345679012,516.4888888888889,819.2197530864197,688.0,1.9776752007683653,1903.2074074074073,Ezi_3_b2,Ezi RNAi,-0.4665536051298127,0.25696273312622875,-42.46570446885222,95
122,16.901738473167043,558.5563114134543,730.6742252456538,1959.0,1.8815599262107279,1573.2025699168557,Ezi_3_b2,Ezi RNAi,-0.2540008488795479,0.3305508637632717,-33.17470312902617,95
123,16.522959183673468,571.4744897959183,765.2729591836735,673.0,1.6435869842542747,1890.966836734694,Ezi_3_b2,Ezi RNAi,-0.328368304080912,0.37281549960359106,-36.23123026951233,95
124,15.398351648351648,624.9835164835165,812.5934065934066,592.0,1.6394104777649399,2343.912087912088,Ezi_3_b2,Ezi RNAi,-0.4193172706004601,0.517333795328323,-40.53090692820363,95
125,15.843137254901961,657.8386123680241,723.7420814479638,996.0,1.8486505021656312,1540.9004524886877,Ezi_3_b2,Ezi RNAi,-0.20862217485033763,0.5685437858571523,-32.31389801829151,95
126,14.952107279693486,776.9559386973181,723.0421455938697,821.0,1.8612865205259954,1669.6724137931035,Ezi_3_b2,Ezi RNAi,-0.17148336321730417,0.8565052415328824,-31.531694048173257,95
127,17.301234567901236,158.89382716049383,463.3876543209877,729.0,1.619630119569358,1326.7283950617284,Ezi_3_b2,Ezi RNAi,0.23191805046376168,-0.7213995051995954,-16.13888068802898,95
128,17.29064748201439,268.2043165467626,639.3985611510791,1243.0,1.8335152899939144,1649.7928057553956,Ezi_3_b2,Ezi RNAi,-0.1338214986099242,-0.4009392106219022,-29.188352563476105,95
129,16.281767955801104,267.6058931860037,553.8434622467771,859.0,1.6696740057712565,3098.670349907919,Ezi_3_b2,Ezi RNAi,0.05975655845431027,-0.4296043524319536,-23.144645166944013,95
130,16.843561973525873,274.75330926594467,680.647412755716,1243.0,1.7812356117321912,2500.294825511432,Ezi_3_b2,Ezi RNAi,-0.2251133615449411,-0.3719668899488122,-32.94770674665601,95
131,16.343307086614175,280.06456692913383,605.9905511811023,946.0,1.663511235775871,1758.708661417323,Ezi_3_b2,Ezi RNAi,-0.0545336393254755,-0.3828703045089533,-27.216120391170257,95
132,17.643705463182897,299.10926365795723,774.375296912114,643.0,1.2593328009766223,1812.308788598575,Ezi_3_b2,Ezi RNAi,-0.4300845055791268,-0.2832236145766338,-39.55198206252999,95
133,17.916208791208792,312.8475274725275,622.8983516483516,1193.0,1.791140711321765,2463.315934065934,Ezi_3_b2,Ezi RNAi,-0.0833488954952254,-0.29818921981285806,-26.59963949411294,95
134,17.0844327176781,330.9261213720317,751.7941952506596,535.0,1.9808075419375182,2104.6543535620053,Ezi_3_b2,Ezi RNAi,-0.3694377841692279,-0.21343142046675068,-37.815982163345986,95
135,16.779904306220097,351.8883572567783,836.9521531100479,989.0,1.960514481083675,2327.4051036682617,Ezi_3_b2,Ezi RNAi,-0.5558168266706636,-0.1356182847106583,-44.86009609307295,95
136,17.13566739606127,367.5339168490153,689.6498905908096,795.0,1.6779843195373432,1905.6236323851203,Ezi_3_b2,Ezi RNAi,-0.2179755136804017,-0.14464174687595943,-32.14332360309063,95
137,17.098844672657254,364.85750962772784,734.4839537869063,1402.0,1.9411941614757187,2428.3940949935813,Ezi_3_b2,Ezi RNAi,-0.32019765263584965,-0.13685011499911393,-35.91445867420969,95
138,16.669371196754565,373.05679513184583,781.73630831643,784.0,1.7097443367189544,2285.784989858012,Ezi_3_b2,Ezi RNAi,-0.4245851843857338,-0.10197504793081125,-40.12913303515236,95
139,16.585011185682326,386.26174496644296,778.3143176733781,1295.0,1.8577212939142334,2149.751677852349,Ezi_3_b2,Ezi RNAi,-0.4129043756954297,-0.07111689521349696,-39.75218605469104,95
140,17.035398230088497,405.67130214917825,770.739570164349,1263.0,1.7768301927424397,2629.697850821745,Ezi_3_b2,Ezi RNAi,-0.39008739942872506,-0.026572961137277806,-38.41583038116191,95
141,17.35514018691589,418.93457943925233,787.6105919003115,566.0,1.7985867561699829,2481.9158878504672,Ezi_3_b2,Ezi RNAi,-0.4243781861418261,0.010880982337013068,-39.30930946306769,95
142,17.962962962962962,419.5061728395062,827.7802469135803,621.0,1.7933745969616264,1572.6271604938272,Ezi_3_b2,Ezi RNAi,-0.5152058892220805,0.02504200476777685,-42.0093384234236,95
143,16.81010101010101,458.9616161616162,675.8707070707071,957.0,1.904778344247781,1974.7353535353536,Ezi_3_b2,Ezi RNAi,-0.1595793725658483,0.0721651449978904,-30.093579926175465,95
144,16.324933687002652,561.4840848806366,176.8368700265252,1056.0,1.8583922933564354,1960.6604774535808,Ezi_3_b2,Ezi RNAi,1.0,0.16140451735262373,11.974348045428142,95
145,15.953488372093023,627.5581395348837,672.578811369509,639.0,1.919856604361158,1846.6485788113696,Ezi_3_b2,Ezi RNAi,-0.10188480044993242,0.4790057196062518,-28.393523150623402,95
146,15.984375,641.5260416666666,734.7552083333334,786.0,1.8789363313931489,1362.9097222222222,Ezi_3_b2,Ezi RNAi,-0.2384114584952146,0.5325825811999025,-33.30239894314385,95
147,16.652,644.184,766.99,763.0,1.777858245915088,1376.412,Ezi_3_b2,Ezi RNAi,-0.31067872126201024,0.5492658134018809,-35.26007323363067,95
148,15.710982658959537,657.3078034682081,652.4017341040462,907.0,1.9103934029124567,2071.784682080925,Ezi_3_b2,Ezi RNAi,-0.0473517050870883,0.5445596934403891,-26.56814650309298,95
149,16.52870090634441,653.0725075528701,682.3836858006042,958.0,1.9663103919895937,2170.1495468277944,Ezi_3_b2,Ezi RNAi,-0.11659847762197517,0.5438483603477244,-28.28373109345982,95
150,15.901826484018265,660.0182648401826,793.8493150684932,788.0,1.7951431580643542,1904.2671232876712,Ezi_3_b2,Ezi RNAi,-0.36659894809954263,0.596124992909848,-38.00882346944529,95
151,16.137404580152673,708.5623409669212,643.795165394402,1144.0,1.880446057524921,2189.091603053435,Ezi_3_b2,Ezi RNAi,-0.012735900877500095,0.6658174319341916,-24.73950476992263,95
152,16.067010309278352,712.0103092783505,737.3634020618557,538.0,1.9422122786768563,2010.6752577319587,Ezi_3_b2,Ezi RNAi,-0.2233901996828218,0.7039332773929541,-32.481114288249415,95
153,15.543307086614174,750.8913385826771,634.4850393700788,936.0,1.7694273261465798,1485.6787401574802,Ezi_3_b2,Ezi RNAi,0.021015487034344416,0.7652645572081007,-23.99059347539114,95
154,16.032608695652176,756.6711956521739,750.2201086956521,571.0,1.7496534590130262,2776.0135869565215,Ezi_3_b2,Ezi RNAi,-0.23920418960860357,0.8160718206937467,-32.97136982744764,95
155,16.129198966408268,762.3359173126615,714.9457364341085,529.0,1.7014897344114595,2799.059431524548,Ezi_3_b2,Ezi RNAi,-0.1577339565784729,0.8185513044880355,-29.88877355781186,95
156,16.091210613598673,817.1857379767828,722.0149253731344,829.0,1.9276788293145883,2436.2421227197347,Ezi_3_b2,Ezi RNAi,-0.1574266728663003,0.9534981624880854,-29.767292040133277,95
157,17.718487394957982,298.51680672268907,604.9012605042017,769.0,1.8583948419356455,2460.0210084033615,Ezi_3_b2,Ezi RNAi,-0.04685088725165165,-0.3385847253154626,-25.50613015027705,95
158,17.546318289786225,599.9904988123516,715.9358669833729,804.0,1.9076599565264944,2075.163895486936,Ezi_3_b2,Ezi RNAi,-0.2084712243987722,0.42609782664327667,-30.755804937425594,95
159,16.68944099378882,748.139751552795,704.7422360248447,627.0,1.7883189984813408,1676.7360248447205,Ezi_3_b2,Ezi RNAi,-0.13897347373220625,0.7809563324862345,-28.68099959127831,95
160,19.949767441860466,282.72837209302327,729.826976744186,1816.0,1.924524080588857,2364.5562790697672,Ezi_3_b2,Ezi RNAi,-0.33460410103725724,-0.33704409762636134,-33.80108041285532,95
161,19.36271186440678,227.25084745762712,682.9491525423729,561.0,1.7125304697317223,1736.1152542372881,Ezi_3_b2,Ezi RNAi,-0.2449138387432196,-0.4861727351039852,-31.2702326928736,95
162,19.97843665768194,243.27493261455527,732.9407008086254,651.0,1.6780082104451297,1580.212938005391,Ezi_3_b2,Ezi RNAi,-0.3533741537608668,-0.4315024689808238,-34.563396722555794,95
163,20.522998296422486,280.8160136286201,682.7785349233391,904.0,1.6115230591766951,2380.5451448040885,Ezi_3_b2,Ezi RNAi,-0.2288378271018312,-0.3566453691280611,-29.374871604663923,95
164,19.587962962962962,293.64351851851853,613.0277777777778,702.0,1.6945690473458248,2140.4560185185187,Ezi_3_b2,Ezi RNAi,-0.0670419032632027,-0.34780088678152543,-24.37949192189501,95
165,20.292207792207794,343.9718614718615,724.58658008658,689.0,1.7831882446806262,2060.7294372294373,Ezi_3_b2,Ezi RNAi,-0.3046206733374678,-0.1905485938553272,-32.19857957782311,95
166,21.53474320241692,173.0,543.2839879154078,541.0,1.6686367059980696,1340.0,Ezi_3_b2,Ezi RNAi,0.054538260659311666,-0.6618769873877703,-18.319629822302055,95
167,20.042183622828784,252.51116625310175,728.7468982630273,661.0,1.9011432636049854,1840.590570719603,Ezi_3_b2,Ezi RNAi,-0.3411544456925968,-0.41049231831643285,-34.02891771107335,95
168,19.94890510948905,268.7226277372263,730.8905109489051,562.0,1.7851343835054982,2088.5547445255474,Ezi_3_b2,Ezi RNAi,-0.34117063499362843,-0.3705895120580839,-34.079249837141965,95
169,23.073972602739726,327.3068493150685,766.8127853881278,2252.0,1.6887236339205693,2678.392694063927,Ezi_3_b2,Ezi RNAi,-0.40563736296109243,-0.21744755339665356,-33.135228654701116,95
170,21.3028692879915,333.80233793836345,755.2582359192348,1724.0,1.8863457955786955,2664.654622741764,Ezi_3_b2,Ezi RNAi,-0.3772275800424153,-0.20539828711213337,-33.85911368771666,95
171,20.33951762523191,353.1410018552876,710.5380333951763,732.0,1.7942735076788479,1961.7439703153989,Ezi_3_b2,Ezi RNAi,-0.2701220374042921,-0.17283647167676208,-30.86850318791855,95
172,20.295739348370926,371.9172932330827,876.2556390977444,810.0,1.9482705196997512,2182.6766917293235,Ezi_3_b2,Ezi RNAi,-0.6394612497365686,-0.07467905650843132,-44.32746682971256,95
173,19.963519313304722,451.5665236051502,395.41630901287556,884.0,1.8651048554295442,1479.5515021459228,Ezi_3_b2,Ezi RNAi,0.47213029578707255,-0.034987924977445406,-3.9175450871305912,95
174,19.932075471698113,803.1018867924528,797.3245283018867,568.0,1.983171989338584,1311.8264150943396,Ezi_3_b2,Ezi RNAi,-0.33272824760145125,0.9433641169290392,-32.342548655615985,95
175,20.57719298245614,840.380701754386,658.561403508772,974.0,1.625478917228304,1355.1526315789474,Ezi_3_b2,Ezi RNAi,-0.007835194083810948,0.9893928929710496,-19.748970365459734,95
176,24.886274509803922,206.70849673202613,685.0300653594771,1558.0,1.7115605330241495,1515.6941176470589,Ezi_3_b2,Ezi RNAi,-0.25678076307269815,-0.5352443424794153,-26.215711451311844,95
177,21.544235924932977,272.78016085790887,690.573726541555,1140.0,1.8399028010520215,2354.13672922252,Ezi_3_b2,Ezi RNAi,-0.24905642901945513,-0.37361256136271814,-29.10898141658935,95
178,22.992503748125937,326.59220389805097,718.3538230884558,1056.0,1.6474051050214102,1539.311844077961,Ezi_3_b2,Ezi RNAi,-0.29619883671369285,-0.23459578232751277,-29.228866780531238,95
179,21.371967654986523,336.9164420485175,735.9137466307278,1092.0,1.749451669061729,2190.9245283018868,Ezi_3_b2,Ezi RNAi,-0.3325500875542854,-0.20402033511086914,-32.152441656073165,95
180,21.689210950080515,336.5652173913044,193.31723027375202,1130.0,1.710515102689111,1433.8808373590982,Ezi_3_b2,Ezi RNAi,0.8948740038260259,-0.37752845433795734,12.91592438350608,95
181,20.35448577680525,339.0437636761488,700.1728665207877,802.0,1.9374722561726048,1546.6980306345733,Ezi_3_b2,Ezi RNAi,-0.2508620904629758,-0.21023999618362632,-30.18942034675407,95
182,20.786585365853657,399.030487804878,832.8658536585366,520.0,1.9592416473654422,2122.3323170731705,Ezi_3_b2,Ezi RNAi,-0.53333440438242,-0.02289460295968515,-39.89225311914716,95
183,24.686526122823096,140.72410632447296,515.8881759853346,1864.0,1.848413398452844,1263.7644362969752,Ezi_3_b2,Ezi RNAi,0.1063286995612931,-0.7486994790420247,-13.355976396360738,95
184,24.144112478031634,147.45694200351494,458.03514938488576,1005.0,1.444278686203151,1751.5448154657292,Ezi_3_b2,Ezi RNAi,0.23932120154694592,-0.7508163747895805,-9.033251297636257,95
185,21.842105263157894,153.1578947368421,528.0116959064327,792.0,1.939718665995975,1496.1130604288498,Ezi_3_b2,Ezi RNAi,0.08313775855468974,-0.7147423372975913,-17.022166810923117,95
186,24.843908629441625,205.86802030456852,719.8147208121827,1211.0,1.491791366365024,2094.167512690355,Ezi_3_b2,Ezi RNAi,-0.33572033559295156,-0.5262088016390903,-29.13857667868534,95
187,21.429769392033542,244.74213836477986,811.769392033543,761.0,1.9516628085296766,1499.0020964360588,Ezi_3_b2,Ezi RNAi,-0.531560720819178,-0.40287875317385424,-39.59960043270343,95
188,25.607142857142858,322.0034562211982,726.0979262672811,1506.0,1.625469599446463,1554.434331797235,Ezi_3_b2,Ezi RNAi,-0.3155826989189606,-0.24325010632555422,-27.324277276848655,95
189,21.713270142180093,332.3127962085308,710.4976303317535,605.0,1.878194106216993,1474.2985781990521,Ezi_3_b2,Ezi RNAi,-0.27648063347115603,-0.22324758526576038,-29.778157761351387,95
190,23.20954907161804,374.65915119363393,861.7228116710876,1330.0,1.9293835455199895,1898.3992042440318,Ezi_3_b2,Ezi RNAi,-0.6063246315431434,-0.07268913862235304,-40.187976037071664,95
191,24.36335403726708,387.5978260869565,848.4006211180124,1576.0,1.8474253721692218,2251.728260869565,Ezi_3_b2,Ezi RNAi,-0.5725612423881417,-0.04563353872003817,-37.764167021162145,95
192,22.38738738738739,582.7693693693693,424.6108108108108,805.0,1.6306244060926691,1983.3891891891892,Ezi_3_b2,Ezi RNAi,0.4445908244370529,0.29170271135042203,-2.1343470427384297,95
193,22.872093023255815,642.9738372093024,706.0377906976744,518.0,1.630337084250882,1368.4738372093022,Ezi_3_b2,Ezi RNAi,-0.17432779841389867,0.5269022843513274,-24.05038429881762,95
194,22.379746835443036,706.2848101265823,591.243670886076,536.0,1.7996214078673098,1322.873417721519,Ezi_3_b2,Ezi RNAi,0.10428762733339658,0.6435446341612721,-14.215039540103934,95
195,25.772652388797365,172.8995057660626,790.4596375617792,1025.0,1.4932779746886884,1313.4678747940693,Ezi_3_b2,Ezi RNAi,-0.5055210871364796,-0.5834954936230232,-34.48661224214297,95
196,25.311965811965813,218.35327635327636,730.2564102564103,1039.0,1.7169277588621088,1889.7236467236467,Ezi_3_b2,Ezi RNAi,-0.35572467067657754,-0.4926839168745155,-29.364456651918225,95
197,24.92933618843683,233.61670235546038,826.5567451820128,2714.0,1.9796434307808868,1700.963597430407,Ezi_3_b2,Ezi RNAi,-0.5689905493169547,-0.42511174999524837,-37.48263566566562,95
198,25.762261014131337,225.45719035743974,834.2543640897755,2211.0,1.9065346643111625,1313.2884455527847,Ezi_3_b2,Ezi RNAi,-0.5889891069973714,-0.442407928425548,-37.39802464052179,95
199,24.74230769230769,233.37564102564102,367.21923076923076,1288.0,1.824322930448266,1349.7205128205128,Ezi_3_b2,Ezi RNAi,0.4701946953576843,-0.5718567230355072,0.216955634228984,95
200,24.681238615664846,249.8615664845173,728.9562841530054,1180.0,1.975355960078074,2425.094717668488,Ezi_3_b2,Ezi RNAi,-0.3433027566309659,-0.41686607873734216,-29.45923502117406,95
201,23.82857142857143,256.2773109243698,774.2470588235294,1222.0,1.9246172829225787,2077.6823529411763,Ezi_3_b2,Ezi RNAi,-0.4437011962106745,-0.3869273218926973,-33.95795993028806,95
202,25.031437125748504,252.02994011976048,867.372754491018,1154.0,1.7802564533872798,1263.3428143712574,Ezi_3_b2,Ezi RNAi,-0.6558838281673209,-0.36757779292385784,-40.49842647883478,95
203,24.29890453834116,268.09859154929575,701.7496087636932,1399.0,1.7914744887669924,2235.73082942097,Ezi_3_b2,Ezi RNAi,-0.27625882943612046,-0.3814003548747854,-27.349184990968798,95
204,24.766698024459078,272.0338664158043,811.898400752587,1524.0,1.6653062584737672,2363.656632173095,Ezi_3_b2,Ezi RNAi,-0.5243837527747159,-0.33683309038394726,-35.91556908999728,95
205,23.095238095238095,275.51020408163265,640.1269841269841,668.0,1.9585084478657842,2524.08843537415,Ezi_3_b2,Ezi RNAi,-0.1344097171273806,-0.38307028586379266,-23.36526885216377,95
206,23.923728813559322,310.97457627118644,786.2542372881356,1229.0,1.6273361481047524,2656.0155367231637,Ezi_3_b2,Ezi RNAi,-0.4546365808231443,-0.2507791190367247,-34.113182032545495,95
207,23.820560747663553,308.37757009345796,646.1046728971962,877.0,1.8672327225935044,2879.592523364486,Ezi_3_b2,Ezi RNAi,-0.13830908593851188,-0.3016574763622445,-22.690669496802304,95
208,25.22222222222222,320.1744719926538,758.9834710743802,1812.0,1.8468584658146932,2306.78145087236,Ezi_3_b2,Ezi RNAi,-0.3904537677019826,-0.2372081143394168,-30.445227567384755,95
209,25.94412331406551,328.22736030828514,752.2398843930636,1806.0,1.9908747881243716,2037.2803468208092,Ezi_3_b2,Ezi RNAi,-0.37294277468359294,-0.21987645365876962,-29.06059241741978,95
210,24.705765407554672,346.8913187541418,724.6713055003313,2158.0,1.917806108562495,1738.5805168986083,Ezi_3_b2,Ezi RNAi,-0.30478947338719853,-0.1834874331258427,-27.76793911682277,95
211,22.1889400921659,352.98617511520735,900.705069124424,546.0,1.9214532329910696,2297.2718894009217,Ezi_3_b2,Ezi RNAi,-0.700762321608586,-0.11271120834977633,-44.71389713331961,95
212,25.821505376344085,381.0021505376344,861.0086021505376,1023.0,1.9294157056747137,2176.430107526882,Ezi_3_b2,Ezi RNAi,-0.6033242354129733,-0.0575879380228681,-37.440388919179476,95
213,23.921739130434784,385.04347826086956,853.1652173913044,890.0,1.8635377320859912,2165.8217391304347,Ezi_3_b2,Ezi RNAi,-0.5840151339948634,-0.05029423185519499,-38.63182795060897,95
214,24.84349258649094,381.6828665568369,832.5782537067545,1827.0,1.804871835618238,2713.1210873146624,Ezi_3_b2,Ezi RNAi,-0.5386131149703439,-0.0649813631649726,-36.06063951831571,95
215,22.29,391.895,820.12,742.0,1.9231484009649786,2560.47,Ezi_3_b2,Ezi RNAi,-0.5069050203246933,-0.044222944997402425,-37.43932332526562,95
216,25.318471337579616,575.09474522293,433.5342356687898,2154.0,1.448257393756008,1457.8638535031846,Ezi_3_b2,Ezi RNAi,0.4215615994608837,0.2759559836005008,-0.05346914627097732,95
217,24.231292517006803,583.2013605442177,456.5251700680272,1268.0,1.7162155005938928,2515.4163265306124,Ezi_3_b2,Ezi RNAi,0.37216224140310006,0.3028910664822242,-2.923557340346444,95
218,24.580357142857142,596.328125,694.1424107142857,3540.0,1.8422288490493044,1870.965625,Ezi_3_b2,Ezi RNAi,-0.16159858485548928,0.4102568678927063,-21.998287759824162,95
219,23.927090301003343,604.9939799331104,681.2742474916388,2164.0,1.8956823580430655,1514.6548494983278,Ezi_3_b2,Ezi RNAi,-0.12978596618985572,0.42713157316888783,-21.470514615949277,95
220,22.927773000859844,603.9914015477215,716.9888220120379,1677.0,1.9943732817623432,1741.402407566638,Ezi_3_b2,Ezi RNAi,-0.21069449789673655,0.4360770896087951,-25.42588232275605,95
221,24.615151515151513,807.7257575757576,703.3257575757576,1323.0,1.891221038321727,1610.8696969696969,Ezi_3_b2,Ezi RNAi,-0.11958454500022664,0.9246092387230604,-19.85962637357857,95
222,22.729641693811075,815.1758957654723,714.2214983713355,542.0,1.8984848327969719,1435.0358306188925,Ezi_3_b2,Ezi RNAi,-0.14166160113409743,0.946112587839842,-22.536445308599465,95
223,24.93777777777778,144.6977777777778,537.2266666666667,1035.0,1.6892629569278943,1404.4962962962964,Ezi_3_b2,Ezi RNAi,0.05918410525580109,-0.7322976959527407,-14.811957509351952,95
224,24.883357041251777,154.67852062588904,305.44381223328594,1067.0,1.9351288255095083,1361.4765291607396,Ezi_3_b2,Ezi RNAi,0.5865529221906325,-0.7819053254884555,4.387911223004411,95
225,25.18702290076336,220.46374045801528,626.2461832061068,821.0,1.7579874450034516,2443.587786259542,Ezi_3_b2,Ezi RNAi,-0.11975750322193124,-0.5206737567171431,-20.880936207754726,95
226,25.541871921182267,220.7192118226601,695.6929392446634,936.0,1.9645696325641548,3244.52052545156,Ezi_3_b2,Ezi RNAi,-0.2768682417975601,-0.4979597841246094,-26.252303596619882,95
227,25.11402157164869,232.80585516178738,613.7996918335901,1007.0,1.703554096292384,2101.0184899845917,Ezi_3_b2,Ezi RNAi,-0.0879178374439673,-0.4947747508287017,-19.759948555341307,95
228,25.302287581699346,235.48202614379085,599.2254901960785,927.0,1.6629085073031666,2246.468954248366,Ezi_3_b2,Ezi RNAi,-0.0541856984370116,-0.49293913550025104,-18.33393904016603,95
229,24.502742230347348,250.89945155393053,646.4643510054844,820.0,1.5434724947163647,3158.257769652651,Ezi_3_b2,Ezi RNAi,-0.15632769435769034,-0.4406032346040174,-22.81857183174299,95
230,25.679419525065963,257.2018469656992,599.0303430079156,1227.0,1.8601645300545961,2761.7519788918207,Ezi_3_b2,Ezi RNAi,-0.04736428759385003,-0.4404573273341338,-17.64802896521533,95
231,24.97530864197531,249.33179012345678,786.8672839506173,1065.0,1.6807062785634599,1737.4984567901236,Ezi_3_b2,Ezi RNAi,-0.4745362380963327,-0.3997221679937639,-33.950251581952266,95
232,25.505016722408026,264.2352285395764,582.7346711259755,1511.0,1.8427999891677174,1989.6845039018951,Ezi_3_b2,Ezi RNAi,-0.008373706659529079,-0.4286258051847125,-16.382441139745957,95
233,25.887788778877887,268.4059405940594,647.5214521452145,504.0,1.6287898288110376,2913.204620462046,Ezi_3_b2,Ezi RNAi,-0.15378384395527245,-0.39792276695262996,-21.28860036903452,95
234,24.692923898531376,340.5233644859813,915.5580774365822,1173.0,1.835426169649769,2280.853137516689,Ezi_3_b2,Ezi RNAi,-0.7385475025810896,-0.13815230537414658,-43.612549521367384,95
235,24.686164229471316,346.97075365579303,834.7412823397075,1437.0,1.9651361573608463,2565.789651293588,Ezi_3_b2,Ezi RNAi,-0.553788247715383,-0.1482704317541481,-36.865703823672156,95
236,26.23023578363384,367.4049930651872,870.9528432732317,1263.0,1.7227552875682797,1867.636615811373,Ezi_3_b2,Ezi RNAi,-0.6299397733222662,-0.08732166162880994,-38.03740848437661,95
237,24.641434262948206,378.45019920318725,910.6454183266932,782.0,1.5681508622195932,1544.886454183267,Ezi_3_b2,Ezi RNAi,-0.7161566018023937,-0.04795950028973095,-42.745249804293614,95
238,25.06993006993007,383.039627039627,714.1013986013986,1358.0,1.953749431047509,1876.4335664335665,Ezi_3_b2,Ezi RNAi,-0.2702072649830285,-0.09940025411876474,-26.0438664381751,95
239,25.81180811808118,383.69741697416976,810.0,2577.0,1.987616363483892,2754.023985239852,Ezi_3_b2,Ezi RNAi,-0.4871181039718172,-0.06729840320506675,-33.20603849946714,95
240,25.189562547966233,393.3476592478895,442.25326170376053,1919.0,1.61224384545806,2403.8058326937835,Ezi_3_b2,Ezi RNAi,0.3478705578496357,-0.16096614375393492,-3.3612711434534184,95
241,26.023980815347723,405.1474820143885,743.2913669064748,1425.0,1.7495611093592704,2387.8764988009593,Ezi_3_b2,Ezi RNAi,-0.3298628576726096,-0.036632986218408714,-27.201684911098265,95
242,27.581270627062707,553.9220297029703,719.0907590759076,3415.0,1.9361495069410652,2131.6650165016504,Ezi_3_b2,Ezi RNAi,-0.23121378117237823,0.3155836660767313,-21.639795048769088,95
243,25.225935828877006,596.6256684491979,727.4184491978609,1240.0,1.9384457494990257,1799.0708556149732,Ezi_3_b2,Ezi RNAi,-0.23691856350512264,0.42156106421834094,-24.09577093934035,95
244,26.708841463414632,643.265243902439,534.0487804878048,1376.0,1.8875002420022637,3194.7591463414633,Ezi_3_b2,Ezi RNAi,0.2141386360146198,0.4728546756147918,-6.036315984016172,95
245,24.608617594254937,701.5152603231597,599.7755834829444,862.0,1.760092989309699,2126.285457809695,Ezi_3_b2,Ezi RNAi,0.08314149092751721,0.6347060992255096,-12.762299424803446,95
246,26.602272727272727,703.5738636363636,843.7727272727273,770.0,1.7352180758885583,1899.4005681818182,Ezi_3_b2,Ezi RNAi,-0.468655966423407,0.717314283944698,-30.87427144293396,95
247,23.63728813559322,709.4135593220338,611.7050847457627,524.0,1.7787808504540457,1967.3898305084747,Ezi_3_b2,Ezi RNAi,0.058683856246713795,0.6576166591953763,-14.607342549701684,95
248,27.051556420233464,722.4581712062256,741.977626459144,1835.0,1.534610473459974,1340.7859922178989,Ezi_3_b2,Ezi RNAi,-0.23282742402561363,0.7306062126755637,-21.77420059241939,95
249,24.973933649289098,781.5071090047394,801.3862559241707,754.0,1.9064302499349346,1548.590047393365,Ezi_3_b2,Ezi RNAi,-0.349297112511771,0.8923798371360334,-27.9456825982833,95
250,24.719222462203025,823.7386609071274,701.816414686825,938.0,1.9640583356471715,1704.3218142548596,Ezi_3_b2,Ezi RNAi,-0.11143289983513516,0.9628680048236584,-19.41466722111896,95
251,25.451895043731778,157.12244897959184,466.399416909621,561.0,1.7542830398509808,1272.4897959183672,Ezi_3_b2,Ezi RNAi,0.22301861888795194,-0.7247797784747634,-8.289153396571264,95
252,25.57345971563981,167.96445497630333,774.568720379147,648.0,1.6939144927209924,1390.5497630331754,Ezi_3_b2,Ezi RNAi,-0.4709968166186729,-0.600490024461849,-33.4411199091313,95
253,24.726591760299627,227.24344569288388,704.9026217228464,521.0,1.9873662210206005,2434.5880149812733,Ezi_3_b2,Ezi RNAi,-0.29561049584547305,-0.4792399496328704,-27.736094165788707,95
254,25.653333333333332,236.42181818181817,638.230303030303,1214.0,1.6953345552877777,3287.370909090909,Ezi_3_b2,Ezi RNAi,-0.14221952150535244,-0.47825631929045953,-21.188778436167286,95
255,26.068047337278106,240.42011834319527,687.6597633136095,627.0,1.944059489463043,2516.869822485207,Ezi_3_b2,Ezi RNAi,-0.25294205265511804,-0.45285736200494153,-24.79866682822182,95
256,25.83887043189369,237.27408637873754,754.5714285714286,983.0,1.9791674867845332,1903.43853820598,Ezi_3_b2,Ezi RNAi,-0.40521602820097247,-0.4391754504577505,-30.588947937553378,95
257,25.900262467191602,252.80839895013122,707.3858267716536,745.0,1.7335297647513477,2945.813648293963,Ezi_3_b2,Ezi RNAi,-0.2938588401037845,-0.41660861647184755,-26.425313446184823,95
258,25.217905405405407,261.7060810810811,688.8969594594595,888.0,1.7356158412386093,3093.4425675675675,Ezi_3_b2,Ezi RNAi,-0.2492553147050366,-0.400961396226968,-25.459757444366293,95
259,26.055555555555557,302.75138888888887,654.5486111111111,1016.0,1.841586186274673,2840.6319444444443,Ezi_3_b2,Ezi RNAi,-0.15951182711199097,-0.3125964776973783,-21.23616547047109,95
260,25.233196159122084,308.9615912208505,557.5747599451303,1084.0,1.9493198539380117,1769.3456790123457,Ezi_3_b2,Ezi RNAi,0.06188728510711594,-0.3284243444327516,-13.97253369775374,95
261,25.025641025641026,313.54700854700855,595.6324786324786,570.0,1.880720519955425,3003.4501424501423,Ezi_3_b2,Ezi RNAi,-0.022813969584647764,-0.3052194591588733,-17.256548922899057,95
262,28.259475218658892,316.64431486880466,904.4373177842566,618.0,1.5756270993536179,2476.2419825072884,Ezi_3_b2,Ezi RNAi,-0.7211633024170365,-0.19948438600113594,-39.46439412877222,95
263,27.53448275862069,337.5050709939148,735.7748478701826,1549.0,1.791346585056691,1751.846855983773,Ezi_3_b2,Ezi RNAi,-0.33323993968384313,-0.20268067088119557,-25.99206887694319,95
264,25.299212598425196,348.7769028871391,701.1889763779527,564.0,1.7879740180338197,1270.2047244094488,Ezi_3_b2,Ezi RNAi,-0.25121564487641823,-0.18640171408491402,-25.214066001734565,95
265,24.923841059602648,366.6887417218543,430.07615894039736,503.0,1.8490042008107617,1436.8046357615895,Ezi_3_b2,Ezi RNAi,0.3675520393784375,-0.22933464326176123,-2.9824707513459865,95
266,26.136969696969697,371.2521212121212,920.48,1228.0,1.822944643527969,1613.8351515151514,Ezi_3_b2,Ezi RNAi,-0.7408310608661535,-0.06225403118421302,-42.1636040872142,95
267,25.166666666666668,379.01005747126436,409.3448275862069,1008.0,1.6558031423112194,1368.8362068965516,Ezi_3_b2,Ezi RNAi,0.41806901380867934,-0.2061242845388026,-0.8636540432252966,95
268,25.814117647058822,381.78352941176473,432.38588235294117,710.0,1.960095269163276,1970.16,Ezi_3_b2,Ezi RNAi,0.3666401530504635,-0.19208694391327752,-2.0815072813623514,95
269,25.876453488372093,380.3575581395349,897.7819767441861,1051.0,1.8856901383574523,1766.9651162790697,Ezi_3_b2,Ezi RNAi,-0.6867235831636496,-0.047446315071189016,-40.42767207740778,95
270,25.412811387900355,447.83629893238435,946.5017793594307,626.0,1.5969804128991716,1345.3594306049822,Ezi_3_b2,Ezi RNAi,-0.776815130125317,0.13130962310309013,-43.99502970156929,95
271,25.44655172413793,523.2456896551724,669.4275862068965,1687.0,1.9096776731899916,1493.8043103448276,Ezi_3_b2,Ezi RNAi,-0.12755836699963996,0.22557986648388417,-20.085729517074782,95
272,24.90074441687345,604.544665012407,485.12034739454094,1106.0,1.721231172331278,2895.666253101737,Ezi_3_b2,Ezi RNAi,0.3136796552926928,0.36362126290548114,-4.32626530215827,95
273,26.219619326500734,599.9341142020497,765.0219619326501,966.0,1.9672878611247346,1742.8462664714496,Ezi_3_b2,Ezi RNAi,-0.32120135241830183,0.44152422999555063,-26.162570814775997,95
274,25.44924812030075,656.0018796992481,598.2951127819549,1534.0,1.8752846584191527,1998.9783834586467,Ezi_3_b2,Ezi RNAi,0.07281001021260902,0.5241198361965338,-12.418563978245478,95
275,26.29222972972973,676.5912162162163,826.589527027027,982.0,1.7424079941384931,2800.0489864864867,Ezi_3_b2,Ezi RNAi,-0.43773620431720317,0.6465699198902608,-30.131083095303367,95
276,29.733910221741482,705.3174689021092,826.6095186587345,2976.0,1.6355114258313317,1526.8599242833964,Ezi_3_b2,Ezi RNAi,-0.42990649503109224,0.7160507289162739,-26.31425621949587,95
277,26.956923076923076,722.2738461538462,816.4092307692308,588.0,1.9621990099488151,1296.3507692307692,Ezi_3_b2,Ezi RNAi,-0.40126070979865835,0.7538453239967235,-28.01061397979978,95
278,25.308724832214764,774.3355704697987,837.8389261744967,756.0,1.6803663902503507,1477.0782997762863,Ezi_3_b2,Ezi RNAi,-0.43396330821693385,0.8866270640973613,-30.715997415542134,95
279,24.708163265306123,832.869387755102,663.8857142857142,763.0,1.7631678636584478,1324.204081632653,Ezi_3_b2,Ezi RNAi,-0.022902698077226225,0.972888179638489,-16.17331589242636,95
280,26.8,138.46938775510205,648.6530612244898,525.0,1.9582267998126224,1337.0530612244897,Ezi_3_b2,Ezi RNAi,-0.19511728108283544,-0.7119217572214411,-22.231754295192893,95
281,30.63875365141188,142.66309639727362,789.0545277507302,1626.0,1.836539670763161,1281.9055501460564,Ezi_3_b2,Ezi RNAi,-0.5122550339972322,-0.6571247371058194,-29.930920409978192,95
282,26.623076923076923,248.01538461538462,655.3211538461538,748.0,1.614596163199387,3262.753846153846,Ezi_3_b2,Ezi RNAi,-0.1776280112077122,-0.4447761660682772,-21.475265027529815,95
283,25.793240556660038,262.07952286282307,611.9582504970178,815.0,1.9141782507353602,2584.7773359840953,Ezi_3_b2,Ezi RNAi,-0.07518565367083585,-0.4245438869596668,-18.53496194628481,95
284,28.771476230191826,261.4470391993328,754.5929941618015,1785.0,1.917188518085907,2968.1259382819017,Ezi_3_b2,Ezi RNAi,-0.39864508360887296,-0.3807065349703792,-27.341177719306646,95
285,27.038709677419355,284.0795698924731,874.3720430107527,655.0,1.3630616696988977,1994.647311827957,Ezi_3_b2,Ezi RNAi,-0.6625826663584515,-0.2878266025896481,-38.64170105364144,95
286,27.994279176201374,288.1258581235698,581.8180778032037,1514.0,1.5054712275163746,2434.5480549199083,Ezi_3_b2,Ezi RNAi,0.00032071121494325894,-0.37113554313587016,-13.502898598115333,95
287,26.982456140350877,294.1684210526316,575.7578947368421,505.0,1.995049370685384,2729.7614035087718,Ezi_3_b2,Ezi RNAi,0.016020045424070872,-0.35843865539564346,-13.929503549758355,95
288,26.667963683527887,309.579766536965,719.0687418936446,1121.0,1.7251693069121277,1461.342412451362,Ezi_3_b2,Ezi RNAi,-0.3035731360827588,-0.2755501447902311,-25.855522865660358,95
289,26.916,322.368,777.214,791.0,1.8165642791219698,2458.154,Ezi_3_b2,Ezi RNAi,-0.43137157974080187,-0.22611137461300213,-30.2314617408948,95
290,28.714477211796247,333.74798927613944,561.4463806970509,2223.0,1.8101836596187868,1479.6072386058981,Ezi_3_b2,Ezi RNAi,0.059824993022370876,-0.2672498083793359,-10.487283104872878,95
291,26.635135135135137,336.19256756756755,513.3851351351351,921.0,1.992513450067407,1263.0777027027027,Ezi_3_b2,Ezi RNAi,0.16968440040735056,-0.2766153984954812,-8.561845239050879,95
292,26.5625,392.8125,893.8636363636364,576.0,1.7921712637298801,2035.7954545454545,Ezi_3_b2,Ezi RNAi,-0.6742899991986298,-0.018565608551151636,-39.25222472939002,95
293,26.025210084033613,398.0890756302521,932.7243697478991,893.0,1.7899105160185902,1358.6336134453782,Ezi_3_b2,Ezi RNAi,-0.7605396258239068,0.0065690565687197555,-42.92170319724075,95
294,26.16295025728988,395.89193825042884,684.2006861063464,782.0,1.8998170406746517,1469.442538593482,Ezi_3_b2,Ezi RNAi,-0.19895008085150723,-0.07782854647597492,-22.31429119721085,95
295,26.173684210526314,403.93684210526317,788.2605263157894,613.0,1.8982334913835843,2860.5184210526318,Ezi_3_b2,Ezi RNAi,-0.4319909091985772,-0.02525347885661644,-30.778249574286676,95
296,27.814589665653497,438.4255319148936,758.8799392097264,1116.0,1.8009245720176643,1822.7173252279636,Ezi_3_b2,Ezi RNAi,-0.35558802587047644,0.04882465545802517,-26.25273847256744,95
297,27.211374407582937,515.1118483412322,696.5175355450237,1517.0,1.922372454080811,1750.9924170616114,Ezi_3_b2,Ezi RNAi,-0.19160146037007086,0.2145104296465956,-20.671743602341135,95
298,29.184233076263926,617.2305055698372,526.1508140531276,2094.0,1.8764433769753637,1312.2219365895457,Ezi_3_b2,Ezi RNAi,0.2237998633416336,0.40733999961373235,-3.2705185707159377,95
299,27.689908256880734,649.4293577981651,823.4880733944954,906.0,1.8299944702064308,2509.4862385321103,Ezi_3_b2,Ezi RNAi,-0.43905541508207424,0.5798617217950082,-28.850132234953954,95
300,29.16884531590414,667.3453159041394,759.3562091503268,1346.0,1.730086952457722,3318.966230936819,Ezi_3_b2,Ezi RNAi,-0.2889221217524681,0.6027888136972073,-21.84383468705021,95
301,26.13607594936709,676.5379746835443,749.2025316455696,547.0,1.8366063139813193,2690.487341772152,Ezi_3_b2,Ezi RNAi,-0.2626391323263598,0.6218172868913421,-23.904014444848254,95
302,27.82387706855792,690.4728132387706,671.8971631205674,1296.0,1.9473672655033785,1681.5921985815603,Ezi_3_b2,Ezi RNAi,-0.08392423005267513,0.6309197060948151,-15.656833833474327,95
303,26.754545454545454,698.6886363636364,849.6818181818181,652.0,1.6755384357297431,2174.5113636363635,Ezi_3_b2,Ezi RNAi,-0.483505226707569,0.7073748457215765,-31.276079712811686,95
304,25.376,771.728,764.44,503.0,1.7496684014063268,1664.296,Ezi_3_b2,Ezi RNAi,-0.2686905109245419,0.8569623517548954,-24.629819937393872,95
305,29.047094188376754,135.06613226452905,547.9949899799599,1444.0,1.6039475790818658,1283.6583166332666,Ezi_3_b2,Ezi RNAi,0.031174159674379975,-0.7521996411098969,-11.73564061568466,95
306,30.26086956521739,171.75681650700074,735.2719233603538,1931.0,1.57649595733036,1381.834193072955,Ezi_3_b2,Ezi RNAi,-0.3818605863610578,-0.6038502035721629,-25.47731875656811,95
307,32.439038351459644,197.01373783629077,701.5094447624499,2535.0,1.967806546127585,2049.1139095592443,Ezi_3_b2,Ezi RNAi,-0.29838911805441626,-0.553504157177939,-20.179938761544527,95
308,30.164923572003218,219.71520514883346,387.04746580852776,1986.0,1.946810647622094,1405.0563153660498,Ezi_3_b2,Ezi RNAi,0.42023925772005444,-0.5986311138991662,3.80011970879748,95
309,32.278510473235066,245.86656322730798,854.8805275407293,2055.0,1.895237084463292,2074.215671062839,Ezi_3_b2,Ezi RNAi,-0.6308383109876665,-0.3865110845721056,-32.32970168434138,95
310,29.86685552407932,260.6883852691218,828.0793201133145,2055.0,1.6493867646771954,2078.3335694050993,Ezi_3_b2,Ezi RNAi,-0.5653380109220147,-0.3591654404810859,-32.32154450941369,95
311,32.479965532098234,262.5510555794916,708.2959931064197,3584.0,1.7774426031341883,2994.2412753123654,Ezi_3_b2,Ezi RNAi,-0.2942826663831296,-0.39279168532800957,-19.811837129371508,95
312,29.420289855072465,266.451690821256,724.237922705314,1283.0,1.855217692432843,3260.7475845410627,Ezi_3_b2,Ezi RNAi,-0.32860617261889935,-0.37826220777490105,-24.123002308631982,95
313,28.610154905335627,296.2082616179002,618.1746987951807,2218.0,1.8423157822961178,2997.9931153184166,Ezi_3_b2,Ezi RNAi,-0.07965064413479783,-0.3400171303032117,-15.77871142550298,95
314,29.86046511627907,310.9375,773.1061046511628,1244.0,1.6083766256570629,1992.7514534883721,Ezi_3_b2,Ezi RNAi,-0.42603656935089307,-0.2550913284843189,-27.113178910055932,95
315,29.419527896995707,389.3261802575107,463.16630901287556,1534.0,1.837815907155806,1421.1845493562232,Ezi_3_b2,Ezi RNAi,0.29855230290176626,-0.1640682118160418,-0.925592601068097,95
316,27.198738170347003,419.6813880126183,867.596214511041,589.0,1.769584931910142,2451.470031545741,Ezi_3_b2,Ezi RNAi,-0.6070017696387169,0.03807525346354912,-36.08780164350277,95
317,30.47156605424322,628.0804899387576,533.7217847769028,1934.0,1.5514618578456463,1730.1688538932633,Ezi_3_b2,Ezi RNAi,0.209647833849411,0.4359898836285212,-2.465329100469811,95
318,27.01609195402299,666.1402298850575,686.9793103448276,627.0,1.6470920861848526,2882.7770114942527,Ezi_3_b2,Ezi RNAi,-0.1251202584131056,0.5768568002226524,-18.03523568855205,95
319,29.65791201575837,657.483913328956,627.7925147734734,2539.0,1.75501269618206,2540.637557452397,Ezi_3_b2,Ezi RNAi,0.005709153664117617,0.5370640296778206,-10.637711370793363,95
320,29.64627659574468,676.0558510638298,683.8324468085107,1197.0,1.9001518839571228,2837.56914893617,Ezi_3_b2,Ezi RNAi,-0.11555835211039156,0.5998269804517995,-15.020463216038703,95
321,28.420944558521562,134.11088295687884,654.1149897330596,895.0,1.6390377132382532,1275.4394250513346,Ezi_3_b2,Ezi RNAi,-0.20907937189164805,-0.7207387740933997,-21.126016043050136,95
322,29.6111801242236,157.65341614906833,785.9875776397515,1221.0,1.743921282048787,1537.4385093167703,Ezi_3_b2,Ezi RNAi,-0.5006666749829162,-0.6218281439619324,-30.499005150097318,95
323,30.420770877944324,164.3201284796574,803.823340471092,1308.0,1.510258188917901,1341.0546038543898,Ezi_3_b2,Ezi RNAi,-0.539193403162836,-0.6000293600687348,-31.073219631750305,95
324,31.217059639389735,191.5603328710125,711.4029126213592,1970.0,1.8742691971151488,1292.627600554785,Ezi_3_b2,Ezi RNAi,-0.32215864260336546,-0.5635413689517699,-22.28753784888723,95
325,31.2650290885585,204.50743374272787,761.4718810601164,2369.0,1.51667014077705,1687.689722042663,Ezi_3_b2,Ezi RNAi,-0.43159954136972223,-0.5162868557977129,-26.194506613517945,95
326,32.32123510292524,200.3786565547129,735.1663055254604,2654.0,1.486673530470156,2031.1115926327193,Ezi_3_b2,Ezi RNAi,-0.37351344939572706,-0.5346529575098209,-23.02802478795561,95
327,28.264880952380953,216.60416666666666,688.9880952380952,549.0,1.8996588160471513,3205.4226190476193,Ezi_3_b2,Ezi RNAi,-0.2634423214770093,-0.5100665068007479,-23.041465634267077,95
328,32.654626108998734,217.75031685678073,706.5025348542459,2681.0,1.3381547120705708,2775.5697084917615,Ezi_3_b2,Ezi RNAi,-0.30356692950464303,-0.5017491167326522,-20.09627722084012,95
329,31.91164095371669,215.88078541374475,639.0217391304348,2698.0,1.476617772342705,1400.046283309958,Ezi_3_b2,Ezi RNAi,-0.15130926261346356,-0.5277398472977495,-15.295701155009823,95
330,30.550830564784054,224.11029900332227,732.9774086378737,2143.0,1.5927133994827976,3528.594684385382,Ezi_3_b2,Ezi RNAi,-0.36117283409186063,-0.4779243971423114,-24.290445371232103,95
331,31.678221552373774,227.86058779201207,630.1597588545592,2131.0,1.8346406664191812,1517.128862094951,Ezi_3_b2,Ezi RNAi,-0.12765625676013603,-0.5015757251248655,-14.635148866680016,95
332,31.90612244897959,223.26938775510203,752.9972789115646,1983.0,1.7372337999911809,2741.4156462585033,Ezi_3_b2,Ezi RNAi,-0.40697556300953697,-0.4735972374243118,-24.602652026095868,95
333,29.915300546448087,240.84699453551912,881.7882513661202,1163.0,1.629100439887692,1304.0887978142077,Ezi_3_b2,Ezi RNAi,-0.6927542714170738,-0.3900772772236021,-36.972115060602775,95
334,29.4125,244.6359375,661.278125,869.0,1.784080838412709,3086.7578125,Ezi_3_b2,Ezi RNAi,-0.19264280952716706,-0.45107466386319883,-19.232719490398974,95
335,29.112132352941178,252.08455882352942,609.8676470588235,881.0,1.7903491977550012,2275.0974264705883,Ezi_3_b2,Ezi RNAi,-0.07405982843887082,-0.44941140708984495,-15.190531048338713,95
336,32.80350301039956,247.55062944718117,692.5035577449371,2748.0,1.4248297615390662,2445.871373836891,Ezi_3_b2,Ezi RNAi,-0.2630712118324616,-0.4341092667530687,-18.389813115067238,95
337,31.564741641337385,259.580547112462,741.7744680851064,2390.0,1.9875521696696035,2980.3854103343465,Ezi_3_b2,Ezi RNAi,-0.3707328471270308,-0.3893192302572194,-23.525595332525317,95
338,30.66400456360525,274.8003422703936,673.9543639475186,2409.0,1.6276001247680265,3035.847689674843,Ezi_3_b2,Ezi RNAi,-0.2126008114045651,-0.3740730062444675,-18.622908391372082,95
339,31.413773477518497,281.0728514513375,801.2361980648833,2184.0,1.6081328888328368,2618.673875924872,Ezi_3_b2,Ezi RNAi,-0.49884777185907037,-0.31840135168397943,-28.28991477537813,95
340,34.07561885384876,288.1973550356053,778.2794167514412,4411.0,1.8883761032470132,1946.943031536114,Ezi_3_b2,Ezi RNAi,-0.4453024043459505,-0.30848747114289143,-23.647318707550372,95
341,30.459958932238195,292.45106091718003,667.031485284052,2021.0,1.9032358695534226,2928.3702943189596,Ezi_3_b2,Ezi RNAi,-0.19165592296095735,-0.33357250206879097,-18.016273290542372,95
342,31.514114114114115,289.4840840840841,814.1537537537538,2429.0,1.8950709280315405,2470.2132132132133,Ezi_3_b2,Ezi RNAi,-0.5255934664156792,-0.29394244826834814,-29.141596625262586,95
343,31.97330485851575,295.75226908702615,756.2872397223705,2456.0,1.9605710464119117,1657.28830752803,Ezi_3_b2,Ezi RNAi,-0.392900096540057,-0.29719428990742036,-23.825949524997807,95
344,29.255362614913178,321.4596527068437,590.9856996935648,1403.0,1.8714989578763142,2485.899897854954,Ezi_3_b2,Ezi RNAi,-0.010759613178497496,-0.28758275697189617,-12.551226888066903,95
345,31.847262247838618,326.2841498559078,551.3971181556196,2362.0,1.557161509748286,1772.9244956772334,Ezi_3_b2,Ezi RNAi,0.07974425961923637,-0.28852508766299223,-6.637562767868863,95
346,33.34567901234568,346.96628679962015,793.7179487179487,3241.0,1.5847691969994921,2221.508547008547,Ezi_3_b2,Ezi RNAi,-0.4626336291184717,-0.1613915082134001,-24.852677011074118,95
347,28.371268656716417,363.80037313432837,947.9981343283582,711.0,1.9400713569279227,1503.4794776119404,Ezi_3_b2,Ezi RNAi,-0.8057300894189893,-0.0715401045060805,-42.307871651787075,95
348,29.485148514851485,356.46204620462044,467.7667766776678,1291.0,1.7478675894485762,1556.2596259625961,Ezi_3_b2,Ezi RNAi,0.2783689285943509,-0.24211235062013348,-1.684530096290752,95
349,28.904632152588555,363.7602179836512,928.0299727520436,536.0,1.7728132963178398,1631.8828337874659,Ezi_3_b2,Ezi RNAi,-0.7606673971775797,-0.07799467744183342,-40.12981091667274,95
350,29.74102564102564,394.7012820512821,863.8115384615385,1212.0,1.7621293817158785,2552.202564102564,Ezi_3_b2,Ezi RNAi,-0.6063461033375936,-0.023579540980359193,-33.58035860009002,95
351,32.31267738883633,394.5879848628193,805.9437086092715,3395.0,1.9503320624671874,3132.9971617786186,Ezi_3_b2,Ezi RNAi,-0.4759495662462351,-0.042284183475184256,-26.245915245442937,95
352,29.72850122850123,434.74078624078624,963.9570024570024,1271.0,1.6200832222167103,1446.3071253071253,Ezi_3_b2,Ezi RNAi,-0.8210222009657426,0.10515405911240361,-41.311528963255185,95
353,29.68895078922934,479.61374187558033,725.3082636954504,1446.0,1.5385825670043378,1679.4707520891366,Ezi_3_b2,Ezi RNAi,-0.26775759397399124,0.1377756726286452,-21.058194601409763,95
354,32.24225612575127,480.7383263985206,756.4558483587609,3257.0,1.8850209218329341,1872.471104946833,Ezi_3_b2,Ezi RNAi,-0.3383813753205348,0.1503909882040193,-21.06786374119819,95
355,29.36319612590799,498.9443099273608,867.7675544794189,754.0,1.7827314742195204,1329.5714285714287,Ezi_3_b2,Ezi RNAi,-0.5842577927869234,0.22987499149741564,-32.87214378654003,95
356,30.806733167082296,523.0118453865337,787.2581047381547,2308.0,1.7673564665926595,2315.9145885286785,Ezi_3_b2,Ezi RNAi,-0.3952371343754639,0.26247330082675924,-24.466921484139803,95
357,30.988499452354873,640.3784227820372,662.2442497261775,2462.0,1.9365862418082636,2564.8187294633076,Ezi_3_b2,Ezi RNAi,-0.07757152662343025,0.5066350276358753,-12.385131112997422,95
358,30.683104284559416,645.194826192401,763.1269199676638,1932.0,1.9491117058999494,2740.874696847211,Ezi_3_b2,Ezi RNAi,-0.3043227895270142,0.5503905173679362,-20.945739219611493,95
359,29.865384615384617,653.6717948717949,783.6910256410256,1252.0,1.8353406896732296,3061.0705128205127,Ezi_3_b2,Ezi RNAi,-0.3481731404123368,0.5774476053033211,-23.342117123975537,95
360,29.707100591715978,690.4822485207101,857.8609467455622,720.0,1.9914654025660166,1887.9201183431953,Ezi_3_b2,Ezi RNAi,-0.5050126025060104,0.6901046537489726,-29.119609229699325,95
361,30.93844367015099,695.3844367015099,794.7119628339141,1852.0,1.5355341300975183,2002.759581881533,Ezi_3_b2,Ezi RNAi,-0.36092149225733805,0.6818621417952289,-22.617268948700506,95
362,30.4390243902439,699.0200860832138,842.9899569583931,1164.0,1.8995896333264843,1580.5853658536585,Ezi_3_b2,Ezi RNAi,-0.4689717509782244,0.706023306356345,-27.048019615136933,95
363,29.193243243243245,717.1918918918919,840.0567567567567,1296.0,1.6691555245817988,1674.0608108108108,Ezi_3_b2,Ezi RNAi,-0.45669916001935007,0.7490607935204525,-27.801516076665962,95
364,28.025316455696203,739.7120253164557,882.5537974683544,528.0,1.9252861271891466,1650.882911392405,Ezi_3_b2,Ezi RNAi,-0.5459327044411875,0.8170736829681302,-32.16596130728318,95
365,32.992946283233856,740.9137276180141,803.7590884427564,3282.0,1.7528439839230812,1394.249593054802,Ezi_3_b2,Ezi RNAi,-0.36825821852168517,0.7948757511764084,-20.699936443884027,95
366,32.0152,750.8264,906.7984,1699.0,1.912870627945573,1422.9272,Ezi_3_b2,Ezi RNAi,-0.5982462240413089,0.8516511884293756,-30.03945334573814,95
367,31.648718900854067,771.5852209431861,933.6331229112513,4030.0,1.9250222304391236,1283.8700334199777,Ezi_3_b2,Ezi RNAi,-0.6527213372332507,0.9104139282552122,-32.337166348246825,95
368,31.897606382978722,132.6216755319149,766.0445478723404,2147.0,1.865196492966886,1294.8869680851064,Ezi_3_b2,Ezi RNAi,-0.4634201799565325,-0.6887478397461191,-26.91437778288696,95
369,33.00261096605744,146.02349869451697,460.21475195822455,2343.0,1.814385550827195,1650.5861618798956,Ezi_3_b2,Ezi RNAi,0.23226944652379133,-0.7536485020846866,-0.4049468302382766,95
370,29.709439528023598,162.81120943952803,753.6976401179941,1074.0,1.9513043870499975,1654.3997050147493,Ezi_3_b2,Ezi RNAi,-0.42609943688428586,-0.6196254147430119,-27.667783530003025,95
371,30.26153846153846,183.68520710059173,688.9633136094675,1354.0,1.8534276000919259,1486.5289940828402,Ezi_3_b2,Ezi RNAi,-0.2735470873674426,-0.5897276521930801,-21.495345056432594,95
372,31.18809005083515,186.99346405228758,782.4662309368192,2132.0,1.9248103035493505,1307.3645606390705,Ezi_3_b2,Ezi RNAi,-0.48428583483487975,-0.5519770956189187,-28.240000955691173,95
373,29.087209302325583,204.9748062015504,632.3255813953489,873.0,1.8544777087051423,1594.7383720930231,Ezi_3_b2,Ezi RNAi,-0.13885900970426068,-0.5562368034983376,-17.70552818952576,95
374,32.09508716323296,199.93343898573693,723.3898573692552,1659.0,1.7368773089425666,2959.78763866878,Ezi_3_b2,Ezi RNAi,-0.3469589968572615,-0.5394759010701771,-22.288007604277237,95
375,29.24831081081081,207.06756756756758,327.3158783783784,844.0,1.5777874740798423,1314.1824324324325,Ezi_3_b2,Ezi RNAi,0.5517963390645069,-0.6482301582520511,7.642576159082123,95
376,29.994274809160306,213.99618320610688,695.2881679389313,840.0,1.529236109160966,3221.8473282442746,Ezi_3_b2,Ezi RNAi,-0.27880139939294557,-0.5143825260864339,-21.87309819071109,95
377,33.69405405405406,217.1437837837838,851.5632432432433,1317.0,1.59435082113556,1533.6097297297297,Ezi_3_b2,Ezi RNAi,-0.6321363213006774,-0.45706438501043456,-31.0342738702781,95
378,30.20686456400742,231.87940630797775,611.5296846011132,1456.0,1.5390888161409055,1457.8135435992579,Ezi_3_b2,Ezi RNAi,-0.08403162216784021,-0.49777163638079036,-14.5102244131987,95
379,32.00890207715133,229.0326409495549,790.5489614243323,707.0,1.6463635609648444,2050.2759643916916,Ezi_3_b2,Ezi RNAi,-0.4902414286010064,-0.44770588235265785,-27.519734076140125,95
380,31.38719512195122,225.83993902439025,768.5716463414634,1886.0,1.7526967889053522,1654.8216463414635,Ezi_3_b2,Ezi RNAi,-0.44134867014198087,-0.462419140187855,-26.36964599499663,95
381,30.811079545454547,231.3458806818182,800.890625,2410.0,1.9872939758554877,2000.659090909091,Ezi_3_b2,Ezi RNAi,-0.5127224418430016,-0.43881093278507466,-29.535101875838386,95
382,30.81185031185031,235.08004158004158,778.058212058212,1550.0,1.5834171754592106,2425.0114345114343,Ezi_3_b2,Ezi RNAi,-0.4599564854486029,-0.4370423140445766,-27.60041792870388,95
383,33.82656023222061,229.69738751814222,847.6640058055152,2150.0,1.5605855607317973,2162.1052249637155,Ezi_3_b2,Ezi RNAi,-0.6196107496627887,-0.42793529836042976,-30.41066984024063,95
384,31.068865179437438,246.36954413191077,792.5014548981571,1491.0,1.512652053322146,2751.580019398642,Ezi_3_b2,Ezi RNAi,-0.4893289069881894,-0.4051356072508493,-28.382862287992744,95
385,28.827433628318584,259.67035398230087,763.4092920353983,644.0,1.9724766257883086,2609.1482300884954,Ezi_3_b2,Ezi RNAi,-0.41912986506551375,-0.3821998214315666,-28.036692663869953,95
386,28.643356643356643,261.67832167832165,669.7902097902098,610.0,1.969338995896474,2494.2342657342656,Ezi_3_b2,Ezi RNAi,-0.20669111726340894,-0.40713074022755613,-20.470617811333476,95
387,33.59552746718522,261.68400583373847,695.1293145357316,2714.0,1.6990534061440281,2536.695187165775,Ezi_3_b2,Ezi RNAi,-0.26496490145310614,-0.3990862882238173,-17.62584019012274,95
388,31.661320754716982,257.51132075471696,656.2669811320754,1585.0,1.8680069178145333,3310.438679245283,Ezi_3_b2,Ezi RNAi,-0.1779109098973417,-0.4215347191991805,-16.40413438043706,95
389,29.038095238095238,284.0904761904762,641.5730158730158,1190.0,1.968287323305807,2703.304761904762,Ezi_3_b2,Ezi RNAi,-0.13626936398772949,-0.36189082180726395,-17.446345523421762,95
390,30.22141560798548,286.05444646098005,780.9255898366606,785.0,1.7553492960333423,1828.6751361161525,Ezi_3_b2,Ezi RNAi,-0.451188414044436,-0.3128046077563609,-27.73531375193464,95
391,29.721804511278197,291.2581453634085,647.375939849624,746.0,1.9084969871906836,3012.0476190476193,Ezi_3_b2,Ezi RNAi,-0.14739968560587835,-0.34270815759360296,-17.146670972001733,95
392,34.3453985367732,285.8274932614555,716.7843665768194,3670.0,1.7176790709257834,2023.9638043896805,Ezi_3_b2,Ezi RNAi,-0.30692947572722185,-0.33379056008102137,-18.338039045587525,95
393,29.473684210526315,292.6421052631579,281.5578947368421,545.0,1.8831856728362886,1860.4350877192983,Ezi_3_b2,Ezi RNAi,0.6806982920441145,-0.4557630863092459,12.799927843139615,95
394,33.088050314465406,296.6454402515723,861.7570754716982,1703.0,1.8476903881775755,2574.356918238994,Ezi_3_b2,Ezi RNAi,-0.6314666388233969,-0.261479813344774,-31.402872370435574,95
395,30.619747899159663,297.93277310924367,834.063025210084,696.0,1.5984790501972173,2876.155462184874,Ezi_3_b2,Ezi RNAi,-0.5679560350863284,-0.267161647647128,-31.560720523014858,95
396,30.856,304.4625454545455,940.6414545454545,1819.0,1.93746733947869,2200.5105454545455,Ezi_3_b2,Ezi RNAi,-0.8071882330756506,-0.21745215601698875,-40.02820899952046,95
397,29.004048582995953,316.12955465587044,736.578947368421,701.0,1.8060598212918781,1675.7854251012145,Ezi_3_b2,Ezi RNAi,-0.34169008088316544,-0.25414778414743133,-24.883314116961465,95
398,30.971189591078065,311.8689591078067,809.2936802973977,1482.0,1.794341211567569,2516.603159851301,Ezi_3_b2,Ezi RNAi,-0.5078443880721657,-0.24133008313110615,-28.978726520822782,95
399,33.19629057187017,308.1955177743431,914.2967542503864,1844.0,1.876872846927796,2357.5085007727976,Ezi_3_b2,Ezi RNAi,-0.7469238859254362,-0.21681929661181487,-35.47249216499752,95
400,31.539423076923075,321.96634615384613,457.3596153846154,1535.0,1.4895963265607786,1515.4788461538462,Ezi_3_b2,Ezi RNAi,0.2912742107933426,-0.3288921651233533,0.7540710902930368,95
401,30.347511312217193,322.30950226244346,610.3574660633484,1540.0,1.715894034503475,2235.9674208144797,Ezi_3_b2,Ezi RNAi,-0.05454345265776461,-0.2793696833787923,-13.049309596960114,95
402,30.218023255813954,327.1017441860465,878.9418604651163,976.0,1.8460717998217382,2135.892441860465,Ezi_3_b2,Ezi RNAi,-0.6607497246348546,-0.1823104484630329,-35.26811235371924,95
403,31.050135501355015,326.73848238482384,732.459349593496,986.0,1.8231098857916568,1308.0948509485095,Ezi_3_b2,Ezi RNAi,-0.32960973007769556,-0.22980601797309386,-22.36097289838492,95
404,30.11740890688259,338.78036437246965,463.0374493927126,1327.0,1.591629426380862,1658.0627530364372,Ezi_3_b2,Ezi RNAi,0.2836952735596503,-0.2863983342337466,-0.903716380017634,95
405,31.88814317673378,344.9127516778523,847.3534675615213,1977.0,1.975032475767665,2376.8426547352724,Ezi_3_b2,Ezi RNAi,-0.5843116578768026,-0.149283048553697,-30.757124684236786,95
406,32.92442882249561,370.2126537785589,868.5808435852373,1675.0,1.83990922859427,2167.1485061511426,Ezi_3_b2,Ezi RNAi,-0.6250199149218791,-0.08132758398276385,-31.13298046334092,95
407,31.424460431654676,374.1025179856115,421.1546762589928,1727.0,1.4775100698808343,2584.9928057553957,Ezi_3_b2,Ezi RNAi,0.3886949921409091,-0.21427988314438384,4.331654887742699,95
408,34.20255775577558,368.33663366336634,836.4826732673267,4052.0,1.9129795746326204,2748.3729372937296,Ezi_3_b2,Ezi RNAi,-0.5532017124494437,-0.09608830569388349,-27.23704699115416,95
409,29.70309951060359,379.12071778140296,936.8140293637847,824.0,1.7270229395969485,1462.2805872756933,Ezi_3_b2,Ezi RNAi,-0.7761305426495712,-0.03804338859988332,-39.850784943322196,95
410,30.253501400560225,380.3809523809524,451.4187675070028,1150.0,1.918152639090917,2790.8501400560226,Ezi_3_b2,Ezi RNAi,0.3223135443845535,-0.18945279139186177,0.7533947252296478,95
411,29.64516129032258,384.5879765395894,921.1129032258065,1030.0,1.8873151866688975,1539.9882697947214,Ezi_3_b2,Ezi RNAi,-0.7389725933040038,-0.029812331584504803,-38.53938138473833,95
412,29.16171617161716,398.6831683168317,782.3333333333334,518.0,1.994380557276973,3072.5115511551153,Ezi_3_b2,Ezi RNAi,-0.4207133143810038,-0.039869142017450176,-27.382874607573186,95
413,31.184983677910772,414.5930359085963,935.3177366702938,1607.0,1.7716869925324417,1577.1795429815015,Ezi_3_b2,Ezi RNAi,-0.7624914335399395,0.0472883487440221,-37.7705071067251,95
414,32.026277372262776,403.8846715328467,954.4058394160584,961.0,1.5239713128599819,1624.636496350365,Ezi_3_b2,Ezi RNAi,-0.809018974429413,0.027450220458110852,-38.65162117723167,95
415,32.22662311147407,408.8766843609637,745.5557370355247,3271.0,1.7418443635136607,2210.9015924867294,Ezi_3_b2,Ezi RNAi,-0.33506469186692955,-0.02693092243782136,-21.157052042492765,95
416,32.67240238252813,412.5486432825943,832.8596955658504,2513.0,1.735220579730305,2911.867637326274,Ezi_3_b2,Ezi RNAi,-0.5315786827897154,0.00973013464419914,-27.864543022755953,95
417,31.151183970856103,448.2841530054645,839.0418943533698,1652.0,1.7703978327122267,2362.6985428051003,Ezi_3_b2,Ezi RNAi,-0.5346589476628438,0.09816152132909983,-29.406668336063888,95
418,32.3671096345515,447.4390919158361,883.1810631229235,2675.0,1.821640288282825,2490.8394241417495,Ezi_3_b2,Ezi RNAi,-0.6350045817900163,0.1101544058012478,-31.847330581285846,95
419,29.46451612903226,453.0301075268817,866.3698924731183,791.0,1.9687161120175554,2487.313978494624,Ezi_3_b2,Ezi RNAi,-0.5947542517493773,0.1183502001129002,-33.277387616333236,95
420,31.256756756756758,460.3716216216216,949.9831081081081,767.0,1.868719641330694,1684.1993243243244,Ezi_3_b2,Ezi RNAi,-0.7820856998175083,0.16270575326011416,-38.289021047696814,95
421,30.08609958506224,469.14211618257264,875.954356846473,1555.0,1.9857617124367917,2286.6732365145226,Ezi_3_b2,Ezi RNAi,-0.6117711855984893,0.16037544723736508,-33.23047700046329,95
422,31.827387802071346,468.21749136939013,918.5673187571922,1397.0,1.6081351765071241,2143.7123130034524,Ezi_3_b2,Ezi RNAi,-0.7087880194031839,0.17168677280891598,-35.02280057441918,95
423,31.731294729993493,520.7670787247886,834.672739102147,2236.0,1.9259089367364235,1873.6454131424853,Ezi_3_b2,Ezi RNAi,-0.5033533480044616,0.27212406974607983,-27.48705692827793,95
424,33.393550313526426,532.4434159450582,762.3529411764706,4891.0,1.7626859082820963,2095.0636010749477,Ezi_3_b2,Ezi RNAi,-0.33658399240151804,0.27734913277062057,-19.707146860739076,95
425,30.91778202676864,546.0114722753347,731.8776290630975,2228.0,1.6070288902040524,2129.6207775653284,Ezi_3_b2,Ezi RNAi,-0.2631314467555538,0.3004928681227361,-19.476784988041473,95
426,32.42737154150198,539.8908102766799,803.0044466403162,2981.0,1.608359422924909,2487.5513833992095,Ezi_3_b2,Ezi RNAi,-0.42615821274321686,0.30830824806982204,-23.922343676939615,95
427,29.432926829268293,555.1128048780488,823.5213414634146,537.0,1.8394323373479524,2330.295731707317,Ezi_3_b2,Ezi RNAi,-0.46748165431417055,0.3516826293547848,-28.39263320978012,95
428,29.800766283524904,595.1072796934866,914.3659003831417,839.0,1.7706285602854912,2233.5268199233715,Ezi_3_b2,Ezi RNAi,-0.6612012069818681,0.47734522521381484,-34.97817959517489,95
429,30.488824101069,645.2643343051507,743.1904761904761,1624.0,1.6643787225105202,2531.24101068999,Ezi_3_b2,Ezi RNAi,-0.2591600739136477,0.5442160897607837,-19.493907470002263,95
430,30.866935483870968,645.6801075268817,840.6881720430108,1218.0,1.7394074441766627,2349.6330645161293,Ezi_3_b2,Ezi RNAi,-0.47969105988698,0.5762436449754795,-27.153753052422708,95
431,29.1875,646.4042553191489,726.3377659574468,1220.0,1.9254036654072888,2702.3297872340427,Ezi_3_b2,Ezi RNAi,-0.22044433868756375,0.541619769612181,-19.385123018618042,95
432,30.165521549031855,650.0331043098064,674.9181761399126,2173.0,1.8250497154002594,2485.423485321674,Ezi_3_b2,Ezi RNAi,-0.10322000784813778,0.5340306830237396,-14.11997252745315,95
433,29.839679358717436,643.3086172344689,693.2044088176352,1378.0,1.8495260397968722,2555.1102204408817,Ezi_3_b2,Ezi RNAi,-0.14652664017201844,0.5235831309248906,-16.044068148844023,95
434,29.631319358816278,648.521578298397,712.19728729963,1301.0,1.8714448841812454,2350.975339087546,Ezi_3_b2,Ezi RNAi,-0.1879083702090838,0.5422397196310897,-17.74779550539021,95
435,30.818599311136623,662.8473019517795,594.0746268656717,1240.0,1.6704937099582324,1303.247990815155,Ezi_3_b2,Ezi RNAi,0.08336485545180583,0.5393028425013653,-6.627210261066329,95
436,30.487264673311184,663.7840531561462,612.936877076412,1312.0,1.7895914265558073,3311.5348837209303,Ezi_3_b2,Ezi RNAi,0.041031906205707847,0.5475733107228813,-8.50058984562889,95
437,31.97791317593298,660.6923076923077,866.2848438690023,1991.0,1.7597593836302245,2657.94668697639,Ezi_3_b2,Ezi RNAi,-0.533354899321944,0.6207001005209405,-27.954841937867645,95
438,31.37121906507791,662.5307057745188,643.2117323556371,1370.0,1.6414408423858557,1284.109990834097,Ezi_3_b2,Ezi RNAi,-0.028004400729482293,0.554168922127412,-10.133966891121553,95
439,29.87208297320657,677.4209161624892,668.2471910112359,1562.0,1.7447915444039483,1422.428694900605,Ezi_3_b2,Ezi RNAi,-0.0799354259756404,0.5981686950636738,-13.491393428844027,95
440,31.130337078651685,677.6505617977529,807.2460674157303,1413.0,1.6515735090250794,2063.0685393258427,Ezi_3_b2,Ezi RNAi,-0.39458378961325413,0.6429460525603088,-23.699990768694473,95
441,30.020086083213773,681.7360114777618,781.8005738880918,1010.0,1.9268689495251943,1614.8751793400288,Ezi_3_b2,Ezi RNAi,-0.3355890051325253,0.6447402923061549,-22.652140849874225,95
442,31.714598540145985,675.043795620438,893.6189781021898,2180.0,1.7916873544981637,1936.129197080292,Ezi_3_b2,Ezi RNAi,-0.5908829862084889,0.6641199386374703,-30.27767441084459,95
443,29.878940731399748,685.1752837326608,734.0554854981084,1050.0,1.7492678534352768,2798.4766708701136,Ezi_3_b2,Ezi RNAi,-0.22652019945971757,0.637869107055905,-18.807904000884474,95
444,30.431754874651812,681.1197771587744,749.4930362116992,983.0,1.582550098545843,2884.1810584958216,Ezi_3_b2,Ezi RNAi,-0.2627571293134944,0.6329663775331968,-19.585312549598303,95
445,30.60091743119266,684.2488532110092,877.7052752293578,1342.0,1.8633656729289112,1506.9185779816514,Ezi_3_b2,Ezi RNAi,-0.5519317762908065,0.6813330275632732,-29.95018904378516,95
446,31.908610670892763,677.3190702588483,703.7506603275225,2786.0,1.5970095300742715,2223.8298996302165,Ezi_3_b2,Ezi RNAi,-0.1606795672878102,0.609206360380036,-14.391935132676352,95
447,30.41253644314869,705.7099125364432,862.3454810495626,1028.0,1.6386527228381602,2145.918367346939,Ezi_3_b2,Ezi RNAi,-0.5107700220553069,0.7283670573896139,-28.58043391213058,95
448,30.991853360488797,708.9674134419552,772.224032586558,782.0,1.6306750651422404,1317.8859470468433,Ezi_3_b2,Ezi RNAi,-0.30601930351248674,0.7075670927156525,-20.525231300880474,95
449,30.18361153262519,715.6479514415781,822.3459787556905,992.0,1.9597631409840555,1423.0955993930197,Ezi_3_b2,Ezi RNAi,-0.41727779247028873,0.7396834677014932,-25.374609380824126,95
450,30.211187214611872,707.6598173515981,628.1906392694063,1331.0,1.8508565031264055,2328.01598173516,Ezi_3_b2,Ezi RNAi,0.01960774317573044,0.6585767511961287,-9.440028052153327,95
451,31.521943573667713,719.3205329153604,807.8079937304075,2259.0,1.6226091121400017,1660.930250783699,Ezi_3_b2,Ezi RNAi,-0.3835516197818305,0.743933703298499,-22.79205870207036,95
452,31.553911205073994,739.5095137420719,885.5021141649048,1418.0,1.805081837213129,1707.2452431289641,Ezi_3_b2,Ezi RNAi,-0.553338295751507,0.81749890002994,-28.895653881176848,95
453,31.81267217630854,745.7534435261708,840.7066115702479,1144.0,1.5533803108872846,1280.5110192837465,Ezi_3_b2,Ezi RNAi,-0.450186094793524,0.8183489326266076,-24.85824780363053,95
454,32.073417721518986,774.1050632911392,781.7316455696202,1224.0,1.6321289394839782,1756.318987341772,Ezi_3_b2,Ezi RNAi,-0.308386892835275,0.8681717209138136,-19.34999600183633,95
455,29.8502538071066,796.2182741116751,730.0076142131979,781.0,1.9344218163430205,1342.284263959391,Ezi_3_b2,Ezi RNAi,-0.18437042728112607,0.905225518574313,-16.99950964147733,95
456,30.752620545073377,811.2484276729559,749.0010482180294,1418.0,1.8120387897788628,1313.4947589098533,Ezi_3_b2,Ezi RNAi,-0.22304963034425696,0.9476255930095829,-17.463557184143415,95
457,32.784084259801055,86.35985956699824,635.8279695728496,2410.0,1.7989151664540541,1331.9549444119368,Ezi_3_b2,Ezi RNAi,-0.18272574008053322,-0.8421094118362402,-15.916071723415385,95
458,30.85173501577287,118.3832807570978,515.8170347003155,985.0,1.7350396618532178,1297.794952681388,Ezi_3_b2,Ezi RNAi,0.09867365082760071,-0.8028110810468329,-7.508882987930551,95
459,32.15009746588694,139.81091617933723,712.9278752436647,882.0,1.9916143687362762,1358.391812865497,Ezi_3_b2,Ezi RNAi,-0.3411598643031991,-0.6882586219181599,-22.184038138321174,95
460,32.28249744114637,145.88433981576253,541.7205731832139,1321.0,1.7332652568046736,1635.67758444217,Ezi_3_b2,Ezi RNAi,0.047964286219600805,-0.7280449976294737,-7.847568687394219,95
461,32.63203463203463,163.34013605442178,828.5714285714286,2488.0,1.8352095777659077,1368.278293135436,Ezi_3_b2,Ezi RNAi,-0.5958984878414751,-0.5945397227828197,-30.92434773611781,95
462,34.9142273655548,195.46221919673246,790.5132743362832,1967.0,1.8139681479655578,1395.4717494894487,Ezi_3_b2,Ezi RNAi,-0.5006888822288686,-0.5289524955022441,-25.07604452205921,95
463,31.9109375,218.209375,718.0703125,937.0,1.5020140030545674,2817.853125,Ezi_3_b2,Ezi RNAi,-0.3294596265467311,-0.4969527626469401,-21.785336869581204,95
464,33.52480270574972,221.2204058624577,652.7237880496054,2694.0,1.4839158048120418,1828.7147688838782,Ezi_3_b2,Ezi RNAi,-0.1810316893482815,-0.5104722779952287,-14.746144199828954,95
465,33.566854990583806,236.03389830508473,629.8418079096045,1268.0,1.9206329863046632,2307.252354048964,Ezi_3_b2,Ezi RNAi,-0.12487028082097762,-0.48191567711142425,-12.61626399687949,95
466,33.910641200545705,235.72237380627558,648.9747612551159,1973.0,1.5602374958685148,3267.307639836289,Ezi_3_b2,Ezi RNAi,-0.16831564706266144,-0.4765834043179761,-13.856111644743365,95
467,33.4614370468029,237.53394858272907,667.3098220171391,2598.0,1.7512984414208135,2849.8464073829928,Ezi_3_b2,Ezi RNAi,-0.20917344131807103,-0.46636347636026965,-15.7916204496386,95
468,33.11504424778761,251.37104930467763,781.9216182048041,2124.0,1.8204551590655107,2555.148546144121,Ezi_3_b2,Ezi RNAi,-0.4642984372519946,-0.3964154497183261,-25.40344800759266,95
469,34.75086505190311,247.14335145823034,769.2328225407811,3089.0,1.6775449356255432,2914.8868017795353,Ezi_3_b2,Ezi RNAi,-0.4371596908727554,-0.4106917363465098,-22.783921917716953,95
470,31.121037463976947,258.7377521613833,628.1613832853026,1019.0,1.6442226242906626,2932.406340057637,Ezi_3_b2,Ezi RNAi,-0.11385614974321445,-0.4275074234089168,-14.60758818954658,95
471,32.505303760848605,249.1215043394407,719.8621022179364,1754.0,1.6159166365023196,3195.778206364513,Ezi_3_b2,Ezi RNAi,-0.32444443843885284,-0.4216013367022968,-20.92242087379057,95
472,34.570388349514566,247.5242718446602,844.4207119741101,1721.0,1.7314121043437203,1562.9886731391587,Ezi_3_b2,Ezi RNAi,-0.6071196886138592,-0.3858439242573377,-29.160610484105135,95
473,34.390116279069765,259.5517441860465,641.8558139534883,2855.0,1.847588434465967,2976.493023255814,Ezi_3_b2,Ezi RNAi,-0.14522251169108924,-0.4212018494442339,-12.468540296303464,95
474,32.9088471849866,276.76340482573727,757.6910187667561,2063.0,1.7938880497345213,2103.359919571046,Ezi_3_b2,Ezi RNAi,-0.40189583399466533,-0.34269311580301876,-23.266509000667966,95
475,31.97133220910624,285.9055649241147,590.3069139966274,948.0,1.7143980312465528,3026.8465430016863,Ezi_3_b2,Ezi RNAi,-0.02030513682706858,-0.3738318183860875,-10.270034293746159,95
476,33.81137550783517,274.6482878699942,736.8943702843877,2342.0,1.764754662424747,2041.811955890888,Ezi_3_b2,Ezi RNAi,-0.3556457543175774,-0.3544336416019699,-20.68032311364884,95
477,30.359840954274354,292.2266401590457,570.196819085487,777.0,1.7776836162515368,2405.2743538767395,Ezi_3_b2,Ezi RNAi,0.027378661363307133,-0.36492795643383535,-10.13150817187555,95
478,31.29605263157895,296.46217105263156,686.8305921052631,826.0,1.5755357205624123,1958.8125,Ezi_3_b2,Ezi RNAi,-0.23541852740388625,-0.3175737970492717,-18.761973725737814,95
479,30.2,298.45882352941175,494.29411764705884,705.0,1.8045118551355532,2005.6682352941177,Ezi_3_b2,Ezi RNAi,0.20098545835096404,-0.37400204387826685,-3.945468340636804,95
480,32.05483490566038,308.48466981132077,655.873820754717,2382.0,1.6710664189825104,2178.3313679245284,Ezi_3_b2,Ezi RNAi,-0.1619546383894278,-0.29834350137400567,-15.289588249037212,95
481,33.28817733990148,316.14630541871924,861.9384236453202,2873.0,1.7376697695387715,2751.579802955665,Ezi_3_b2,Ezi RNAi,-0.6261223202253673,-0.2142453270867296,-30.954439525352313,95
482,31.23030303030303,320.9616161616162,785.0787878787879,695.0,1.4208996499306557,2336.909090909091,Ezi_3_b2,Ezi RNAi,-0.45040830050827874,-0.22703934828752537,-26.60003492631158,95
483,32.98308157099698,321.7063444108761,533.7226586102719,2500.0,1.8447993853629516,2606.819335347432,Ezi_3_b2,Ezi RNAi,0.1181543978890569,-0.3052315795728362,-4.109776472610071,95
484,32.056277056277054,325.07215007215007,469.81240981240984,1052.0,1.7486947547824983,1368.109668109668,Ezi_3_b2,Ezi RNAi,0.26392430293878455,-0.31741919391883144,0.2839668592809619,95
485,30.74888888888889,333.8022222222222,474.8955555555556,778.0,1.6813612898364294,1311.1444444444444,Ezi_3_b2,Ezi RNAi,0.2552674766075611,-0.2946726855180909,-1.319966748702904,95
486,32.49588719153937,327.93184488836664,893.3819036427732,1201.0,1.7326976969926717,2198.238542890717,Ezi_3_b2,Ezi RNAi,-0.6936085703085432,-0.17572218074750845,-34.17809537754366,95
487,34.57519209659715,332.04610318331504,744.5296377607025,2684.0,1.4581901840046132,1482.4495060373217,Ezi_3_b2,Ezi RNAi,-0.35601567766437836,-0.21314756841816973,-19.772046895661973,95
488,30.99442119944212,340.61715481171547,600.9602510460251,1896.0,1.8732647366378556,2563.5829846582983,Ezi_3_b2,Ezi RNAi,-0.02796818982568383,-0.2380727651863218,-11.381705018565157,95
489,33.01567944250871,341.397212543554,752.5209059233449,1652.0,1.5451919173027338,1943.1742160278745,Ezi_3_b2,Ezi RNAi,-0.3710192221966139,-0.18797157555680688,-21.85869758695007,95
490,32.179090029041625,338.3407550822846,870.4811229428848,1416.0,1.586791561198944,2632.8247821878026,Ezi_3_b2,Ezi RNAi,-0.6386443924428642,-0.15782514673749048,-32.46387866040916,95
491,33.421052631578945,356.98411122144984,956.4498510427011,1647.0,1.7138379477650727,1652.4885799404171,Ezi_3_b2,Ezi RNAi,-0.8278424531637355,-0.08537413146665285,-38.06518018954795,95
492,30.005988023952096,356.5988023952096,884.8682634730538,514.0,1.8667251724182197,1830.4251497005987,Ezi_3_b2,Ezi RNAi,-0.6653549134872698,-0.10906156803294675,-35.56898067329393,95
493,31.07338129496403,364.70575539568347,579.1410071942446,1637.0,1.9215362043784718,2233.5273381294965,Ezi_3_b2,Ezi RNAi,0.028537034203773848,-0.18673913893597327,-9.177159276157308,95
494,30.79933110367893,399.4581939799331,818.195652173913,809.0,1.8898792145970862,3092.1822742474915,Ezi_3_b2,Ezi RNAi,-0.5019325307932045,-0.02659328802483596,-28.698663891333844,95
495,31.09356014580802,401.8566221142163,418.730255164034,1215.0,1.8110449675929183,1617.823815309842,Ezi_3_b2,Ezi RNAi,0.40248797772912326,-0.14790418923206516,4.577576556138041,95
496,32.27906976744186,406.5621840242669,768.0930232558139,1392.0,1.6106276549257394,2546.9565217391305,Ezi_3_b2,Ezi RNAi,-0.3867514025264548,-0.02535923998883327,-22.995144169993,95
497,31.40987370838117,409.8163030998852,860.2169919632606,1275.0,1.7551584973989722,2778.3719862227326,Ezi_3_b2,Ezi RNAi,-0.5940429043029417,0.011833268263569563,-31.416250941318964,95
498,33.44931703810209,413.23436376707406,877.5909417685118,2171.0,1.4543118857745845,2434.016534867002,Ezi_3_b2,Ezi RNAi,-0.6327251342712252,0.02561767588504904,-30.770797582825466,95
499,35.94277286135693,420.2283185840708,757.5746312684366,2544.0,1.874994819496188,1795.848377581121,Ezi_3_b2,Ezi RNAi,-0.3595954980612367,0.004332097887052244,-18.291650177321596,95
500,31.791666666666668,418.22093023255815,761.5649224806201,1470.0,1.9127894012135076,2107.8817829457366,Ezi_3_b2,Ezi RNAi,-0.3684254287952662,0.0007724631636332191,-22.784546516424072,95
501,32.90716723549488,422.04505119453927,894.8941979522184,2110.0,1.6349362685014812,2606.928327645051,Ezi_3_b2,Ezi RNAi,-0.6691516122365675,0.052442710897531164,-32.61907614997601,95
502,32.84111221449851,428.7646474677259,921.1529294935452,1445.0,1.8463199877531278,2169.0039721946378,Ezi_3_b2,Ezi RNAi,-0.7265515255146546,0.07705536927102097,-34.759938768647416,95
503,31.43869516310461,434.2159730033746,845.9595050618673,1354.0,1.943663579028995,2220.654668166479,Ezi_3_b2,Ezi RNAi,-0.5545436628254867,0.06632596657031775,-29.88120196483097,95
504,29.94061757719715,438.1187648456057,907.5985748218527,633.0,1.9127549901929282,2126.266033254157,Ezi_3_b2,Ezi RNAi,-0.6925520695268362,0.09539148468801417,-36.40561063112774,95
505,30.756914119359536,458.8282387190684,715.7554585152839,1014.0,1.5617259335993707,2147.126637554585,Ezi_3_b2,Ezi RNAi,-0.2525238165735495,0.0844429793515995,-19.48734364348851,95
506,32.585139318885446,511.0402476780186,819.2404540763674,1834.0,1.8626596396238566,1712.484004127967,Ezi_3_b2,Ezi RNAi,-0.471491598648233,0.24367594248764202,-25.49490562073685,95
507,34.41368584758943,521.5505443234837,806.1594090202177,2718.0,1.583101530341872,2389.1695178849145,Ezi_3_b2,Ezi RNAi,-0.4391242409417647,0.26492894360647745,-22.45147846157631,95
508,32.53917050691244,535.8041474654378,846.6689708141321,1916.0,1.8627997962415572,1909.4708141321044,Ezi_3_b2,Ezi RNAi,-0.5261817072889421,0.31231495309476176,-27.467995119350615,95
509,29.846534653465348,551.3490099009902,838.4207920792079,669.0,1.904812021380142,2253.1485148514853,Ezi_3_b2,Ezi RNAi,-0.5023878808190524,0.34731531481045574,-29.26042616797521,95
510,33.43251005169443,543.3486502010339,816.6260769672602,2915.0,1.8329944123636797,2228.906950028719,Ezi_3_b2,Ezi RNAi,-0.4561413744682943,0.32100163671798443,-23.997520471345087,95
511,32.94927536231884,549.8671497584542,834.3973429951691,1262.0,1.8445358678593478,2258.7149758454107,Ezi_3_b2,Ezi RNAi,-0.49431887860468915,0.3424297618725245,-25.856721903821242,95
512,32.339354838709674,557.1432258064516,875.36,1520.0,1.7375286006414965,1290.061935483871,Ezi_3_b2,Ezi RNAi,-0.5847161066833968,0.37307109582377285,-29.744892125710457,95
513,30.053830227743273,594.9047619047619,897.6728778467909,794.0,1.9594966626584216,2776.5258799171843,Ezi_3_b2,Ezi RNAi,-0.6235429092391365,0.47154184174134217,-33.3517905393351,95
514,31.162357807652533,606.5470527404343,853.6918304033092,1299.0,1.8896668426414933,2705.511892450879,Ezi_3_b2,Ezi RNAi,-0.5207923018354307,0.4857056503232795,-28.461700960156854,95
515,32.00367647058823,605.8529411764706,836.5330882352941,1188.0,1.7220376951372565,2702.0526960784314,Ezi_3_b2,Ezi RNAi,-0.48233891565709297,0.4785609321520887,-26.217354516382905,95
516,30.782449725776964,611.0310786106033,949.0511882998172,1005.0,1.7719812699112587,1378.398537477148,Ezi_3_b2,Ezi RNAi,-0.7351319122735898,0.5268999715526836,-36.645460569720804,95
517,33.5030303030303,620.3484848484849,889.1045454545455,1082.0,1.8258502300228467,2815.5545454545454,Ezi_3_b2,Ezi RNAi,-0.5972592199885829,0.5303483992603488,-28.863480573740453,95
518,30.62082514734774,636.680746561886,647.0913555992141,1294.0,1.7595059233845554,2451.0785854616897,Ezi_3_b2,Ezi RNAi,-0.04431718018189301,0.49286999523301134,-11.551658654733808,95
519,32.40330350997935,655.7721954576738,697.7721954576738,2071.0,1.8184166636915446,2376.8836889194768,Ezi_3_b2,Ezi RNAi,-0.15364899962909562,0.5551728030558287,-13.69748981136813,95
520,30.774266365688487,664.9593679458239,744.8532731376976,594.0,1.6894992542635554,2958.237020316027,Ezi_3_b2,Ezi RNAi,-0.2571260786524622,0.5923911705634393,-19.08002948772339,95
521,32.05320197044335,672.0551724137931,823.4758620689655,1520.0,1.679106803693545,2823.5802955665026,Ezi_3_b2,Ezi RNAi,-0.43314134936922466,0.6345675941170212,-24.194837191719543,95
522,34.73592571096924,681.8531630876379,873.1863029599535,2980.0,1.7922085100212817,1851.8456181079512,Ezi_3_b2,Ezi RNAi,-0.5432106304756731,0.6740722517918896,-25.48932550079606,95
523,31.517676767676768,695.820707070707,723.2941919191919,1227.0,1.9826266485620938,1351.7108585858587,Ezi_3_b2,Ezi RNAi,-0.1993246743063668,0.6601884098172941,-16.143142564709642,95
524,30.726244343891402,723.7556561085972,836.5927601809955,708.0,1.8342879816735949,1446.368778280543,Ezi_3_b2,Ezi RNAi,-0.4472055542624822,0.7638281313242798,-25.899298971831453,95
525,32.23525179856115,764.9913669064748,764.4129496402878,2225.0,1.639739182018596,1576.825179856115,Ezi_3_b2,Ezi RNAi,-0.27194273609180275,0.8406111896173645,-17.88353012152969,95
526,30.743055555555557,769.0052083333334,816.0104166666666,858.0,1.761097168409554,1307.4583333333333,Ezi_3_b2,Ezi RNAi,-0.38720081056857547,0.8667500522446734,-23.572276345034272,95
527,31.77136258660508,805.9815242494226,736.1408775981524,1280.0,1.7337869620554498,1392.636258660508,Ezi_3_b2,Ezi RNAi,-0.19571380984293185,0.930784668261418,-15.458880832301489,95
528,31.579766536964982,806.3437094682231,764.6822308690013,1125.0,1.7670463870464768,1461.6640726329442,Ezi_3_b2,Ezi RNAi,-0.2601425096399441,0.9407441165665222,-17.999185357208145,95
529,31.24863387978142,136.5191256830601,315.5382513661202,524.0,1.6165877053560869,1404.704918032787,Ezi_3_b2,Ezi RNAi,0.5571027662157129,-0.822667446429455,9.652447497002264,95
530,32.95522388059702,161.4955223880597,764.179104477612,511.0,1.4426935553266818,1534.265671641791,Ezi_3_b2,Ezi RNAi,-0.45082485509111325,-0.6194943608922079,-25.315749118168984,95
531,33.64497528830313,207.33855024711696,694.1186161449752,1658.0,1.6320080046119594,2996.2792421746294,Ezi_3_b2,Ezi RNAi,-0.27883149014314956,-0.5308851843347103,-18.228820018764562,95
532,32.05775764439411,209.85956964892412,312.4428086070215,1211.0,1.4846794913091024,1323.6024915062287,Ezi_3_b2,Ezi RNAi,0.5857375948252019,-0.6462265133222544,11.706813524332901,95
533,33.60259032038173,221.16155419222903,681.8139059304704,2148.0,1.733400305562334,2617.972733469666,Ezi_3_b2,Ezi RNAi,-0.24687854179789137,-0.5013585746108625,-17.0689727960477,95
534,33.6730413325108,234.67797655768044,700.4515731030228,2451.0,1.5511463844244668,3381.3541024059223,Ezi_3_b2,Ezi RNAi,-0.2850433572161529,-0.46272842231311484,-18.35316849789363,95
535,33.43963553530752,255.8549734244495,669.2847380410022,1811.0,1.463433061118684,3074.7775246772967,Ezi_3_b2,Ezi RNAi,-0.20819497654490604,-0.4214111882763154,-15.728255306340401,95
536,31.75609756097561,250.60213414634146,638.4283536585366,1018.0,1.7686028042758062,2608.5091463414633,Ezi_3_b2,Ezi RNAi,-0.13962274535115793,-0.44392692722291316,-14.931763264478917,95
537,33.91455972101134,270.0183086312119,626.5257192676547,1711.0,1.7715007927057556,2129.006974716652,Ezi_3_b2,Ezi RNAi,-0.1073390164703707,-0.40075527603651906,-11.53622772523609,95
538,35.04694323144105,274.8024017467249,644.4213973799127,1520.0,1.6622714401762497,2822.7194323144104,Ezi_3_b2,Ezi RNAi,-0.1466223005778723,-0.38349411856689153,-11.819204621908595,95
539,32.76631578947369,284.75368421052633,598.9052631578948,944.0,1.7037687177465275,3278.6884210526314,Ezi_3_b2,Ezi RNAi,-0.04025260426612687,-0.37388769941144584,-10.202674210324506,95
540,34.33602875112309,297.6046720575022,582.0862533692722,1604.0,1.8284323884455844,2485.0431266846363,Ezi_3_b2,Ezi RNAi,0.0013164935724523374,-0.3481596536485977,-7.077158693459348,95
541,36.89426987060998,295.731977818854,855.3866913123845,3889.0,1.9622655991280271,2946.9227356746765,Ezi_3_b2,Ezi RNAi,-0.6180535857379799,-0.2657416447078932,-27.096866507431653,95
542,32.11687087653157,301.33553251649386,642.4655984919887,1438.0,1.7387503047037534,3376.9104618284637,Ezi_3_b2,Ezi RNAi,-0.13375499141276492,-0.3199062318312017,-14.218540805259678,95
543,32.041501976284586,305.54347826086956,499.102766798419,706.0,1.6882218045106594,2440.915019762846,Ezi_3_b2,Ezi RNAi,0.19185845955246172,-0.3553441491823549,-2.411162342499191,95
544,31.97248803827751,310.26794258373207,744.7547846889952,1011.0,1.4035286126055349,1734.0526315789473,Ezi_3_b2,Ezi RNAi,-0.3624965142429354,-0.2657464539382661,-22.679004380361285,95
545,32.51270815074496,310.99211218229624,516.4259421560035,1676.0,1.6393078498413551,1509.606485539001,Ezi_3_b2,Ezi RNAi,0.15419432349723738,-0.3366531402036087,-3.2967834881984075,95
546,33.01113585746103,338.9027468448404,538.4766146993319,1735.0,1.671571528491938,2187.6198960653305,Ezi_3_b2,Ezi RNAi,0.11250184996104418,-0.262116093639579,-4.241186778458975,95
547,31.92265193370166,344.04834254143645,485.1560773480663,1203.0,1.7920137172409123,2029.6795580110497,Ezi_3_b2,Ezi RNAi,0.23487285818175452,-0.266627152251632,-0.8579758365589343,95
548,34.51833910034602,341.5010380622837,764.3529411764706,2061.0,1.9482480354834264,2004.0664359861591,Ezi_3_b2,Ezi RNAi,-0.398045061319501,-0.18396519393247635,-21.335876842353944,95
549,34.2472,372.3448,804.7728,2427.0,1.9275422195092242,2705.5048,Ezi_3_b2,Ezi RNAi,-0.4802780804171405,-0.09648191945554474,-24.522663887945498,95
550,33.56391659111514,374.4950135992747,820.470534904805,2217.0,1.7231755124082269,2858.725294650952,Ezi_3_b2,Ezi RNAi,-0.515023720005922,-0.08628040936946824,-26.46930462426715,95
551,32.78024691358025,390.6716049382716,757.0024691358025,625.0,1.5791369091317502,2152.8493827160496,Ezi_3_b2,Ezi RNAi,-0.3664760584334561,-0.06733535381749522,-21.795993945814,95
552,33.16450511945393,390.8191126279863,740.0075085324232,2119.0,1.898232142994649,1534.469624573379,Ezi_3_b2,Ezi RNAi,-0.32805576654203805,-0.07238886069135009,-20.009225938853007,95
553,35.169362992922146,389.32305358948435,796.2831142568251,3336.0,1.9614673988429896,2628.38675429727,Ezi_3_b2,Ezi RNAi,-0.45620361118509045,-0.05811420786795207,-22.67362343872713,95
554,33.271497584541066,408.3584541062802,850.2782608695652,1633.0,1.9348853284691538,2948.9874396135265,Ezi_3_b2,Ezi RNAi,-0.572346391212607,0.005131634694239162,-28.761062882148586,95
555,33.67054908485857,421.1414309484193,975.8336106489185,1065.0,1.531387798436435,1480.7637271214642,Ezi_3_b2,Ezi RNAi,-0.852686209269703,0.07600685800650542,-38.547021154930015,95
556,34.00770416024653,425.21340523882895,794.6833590138675,1899.0,1.8689940025769163,2265.499229583975,Ezi_3_b2,Ezi RNAi,-0.44170050493709023,0.028213191439320662,-23.213444014988372,95
557,32.2896725440806,433.96725440806046,810.007556675063,647.0,1.640763574587129,2189.6876574307303,Ezi_3_b2,Ezi RNAi,-0.4734414173112803,0.0542786445592045,-26.071012479894925,95
558,34.303506650544136,426.4522370012092,907.7835550181378,1354.0,1.840873603334008,2265.4740024183798,Ezi_3_b2,Ezi RNAi,-0.6972708837028603,0.06719727070346981,-32.23116794730238,95
559,30.947474747474747,447.7171717171717,784.7959595959596,823.0,1.7673562440472472,1914.2565656565657,Ezi_3_b2,Ezi RNAi,-0.41206052404129023,0.07952989354870121,-25.14277206000437,95
560,33.12855209742896,449.67794316644114,855.8836265223275,1157.0,1.8977457641698137,2425.684709066306,Ezi_3_b2,Ezi RNAi,-0.5727265206861587,0.10687969955477672,-28.80657272649521,95
561,34.13912429378531,450.38347457627117,924.875,2674.0,1.5886103528225668,2007.1843220338983,Ezi_3_b2,Ezi RNAi,-0.7287987391812973,0.130533312503323,-33.480856774889084,95
562,32.76448598130841,456.85794392523366,914.1514018691589,877.0,1.4654283958237624,2004.5102803738318,Ezi_3_b2,Ezi RNAi,-0.7023510214709997,0.1427935531527793,-33.87849127777605,95
563,34.33052631578948,463.5305263157895,908.1136842105263,967.0,1.491031279594983,2455.983157894737,Ezi_3_b2,Ezi RNAi,-0.6870085355928643,0.15700496912546358,-31.729579881567624,95
564,33.88353765323993,463.31085814360773,867.6479859894921,2207.0,1.8926293971042585,2195.4141856392293,Ezi_3_b2,Ezi RNAi,-0.5954372811986606,0.14360010175524462,-28.840096382964123,95
565,30.309782608695652,487.6657608695652,875.3885869565217,616.0,1.8844744006621017,1671.929347826087,Ezi_3_b2,Ezi RNAi,-0.6050313592295875,0.20500787233751017,-32.71017102853781,95
566,33.00710479573712,496.0035523978686,873.6589698046181,970.0,1.463172981112385,1357.7229129662521,Ezi_3_b2,Ezi RNAi,-0.5991574316819405,0.22461137362100048,-29.76675753903084,95
567,32.59625212947189,500.36626916524705,858.7546848381602,882.0,1.7020470697958263,1442.1482112436115,Ezi_3_b2,Ezi RNAi,-0.5640628801888221,0.2304260924029231,-28.8877132499975,95
568,32.617994100294986,620.4218289085545,829.6312684365781,1176.0,1.7018392409704675,2975.150442477876,Ezi_3_b2,Ezi RNAi,-0.4625137170332885,0.5116069822300964,-24.838673179181225,95
569,33.09806728704366,642.8031496062993,553.2584108804581,2091.0,1.6792199963309105,2241.685039370079,Ezi_3_b2,Ezi RNAi,0.16931850423405193,0.47780764338515014,-1.2602445837272307,95
570,34.52827918170878,650.85559566787,856.554753309266,1417.0,1.5717615101225726,2249.4175691937426,Ezi_3_b2,Ezi RNAi,-0.5147511965892835,0.593789534784176,-24.743949104353007,95
571,32.384507042253524,662.6211267605634,842.412676056338,1161.0,1.9133593145470154,3109.8098591549297,Ezi_3_b2,Ezi RNAi,-0.4788504958378742,0.6177675876567388,-25.554426473195793,95
572,34.5360824742268,657.805498281787,774.3463917525773,2043.0,1.8871565941211519,3468.1484536082476,Ezi_3_b2,Ezi RNAi,-0.3266971239318651,0.5844442330822441,-17.861003653703353,95
573,34.64259121370067,668.4236783320923,695.6842889054356,1862.0,1.7159542201148437,1657.6932241250931,Ezi_3_b2,Ezi RNAi,-0.1455954208498721,0.5851013173858559,-11.12256327147054,95
574,31.969655172413795,688.1779310344828,603.5406896551724,987.0,1.892153159257895,1487.3337931034482,Ezi_3_b2,Ezi RNAi,0.06925297096044569,0.603589399697154,-5.918129846084534,95
575,31.757763975155278,694.335403726708,620.311801242236,1063.0,1.7569817036300388,3234.801242236025,Ezi_3_b2,Ezi RNAi,0.03317909372040195,0.6238240761851017,-7.429324885405219,95
576,32.041343669250644,705.4121447028424,610.3992248062016,1109.0,1.7021910502538264,1404.4315245478035,Ezi_3_b2,Ezi RNAi,0.0588418350252109,0.6474657623476137,-6.179146582952926,95
577,32.74331550802139,710.8841354723708,845.885918003565,1031.0,1.5860784908772991,1987.5864527629233,Ezi_3_b2,Ezi RNAi,-0.4724401960837251,0.7356322594793334,-24.8300786206234,95
578,31.710758377425044,729.2857142857143,826.5908289241622,1000.0,1.7241980847497915,1811.742504409171,Ezi_3_b2,Ezi RNAi,-0.42312243823137985,0.7740178242663656,-24.018349123832017,95
579,31.115281501340483,753.3538873994638,846.4664879356568,612.0,1.9159358034656586,2050.0750670241287,Ezi_3_b2,Ezi RNAi,-0.46082624471297684,0.8385739114699273,-25.925430755326193,95
580,31.95440251572327,757.246855345912,798.1100628930818,1085.0,1.8553363964750014,1427.9449685534591,Ezi_3_b2,Ezi RNAi,-0.35042709180187137,0.8325994200939704,-21.047789851739548,95
581,35.0457711442786,127.20398009950249,343.0805970149254,1392.0,1.7937363665107615,1473.636815920398,Ezi_3_b2,Ezi RNAi,0.4912964348890212,-0.8364640931576512,11.038328487291352,95
582,32.9957310565635,130.19637139807898,476.2710779082177,1177.0,1.68778389041048,1649.9679829242264,Ezi_3_b2,Ezi RNAi,0.19124279651779963,-0.7868295505488233,-1.950472804369051,95
583,34.14801762114537,152.25903083700442,470.1295154185022,1472.0,1.4343860030069913,1662.5118942731278,Ezi_3_b2,Ezi RNAi,0.211471130160495,-0.7354155480352509,0.0030197989332663155,95
584,33.79252110977081,152.41254523522315,794.583835946924,1167.0,1.5396600930540163,1650.3739445114595,Ezi_3_b2,Ezi RNAi,-0.5224719287473558,-0.6317991979479567,-27.112315490157346,95
585,33.05084745762712,153.33590138674884,286.6825885978428,973.0,1.7239746059541745,1344.5562403697998,Ezi_3_b2,Ezi RNAi,0.6270375940434083,-0.7911766694552993,14.056194692030196,95
586,34.121212121212125,157.61212121212122,809.9070707070707,671.0,1.7080500869706812,1422.379797979798,Ezi_3_b2,Ezi RNAi,-0.5556580500196215,-0.6143461896328237,-27.978355827205682,95
587,34.32582322357019,226.4991334488735,742.1421143847487,856.0,1.7443881426018493,3116.509532062392,Ezi_3_b2,Ezi RNAi,-0.3819199568054612,-0.4692535119543002,-21.25229505289201,95
588,34.565363881401616,226.78369272237197,822.5363881401618,2005.0,1.572401166970125,2173.9366576819407,Ezi_3_b2,Ezi RNAi,-0.5637680373585896,-0.442984872330224,-27.64119794769368,95
589,34.38165680473373,219.55621301775147,835.689349112426,1079.0,1.972983506091274,3475.474852071006,Ezi_3_b2,Ezi RNAi,-0.595637588479607,-0.4562836595837555,-29.00703787732492,95
590,34.66912669126691,236.88806888068882,684.5916359163591,1053.0,1.9946404774564443,3107.469864698647,Ezi_3_b2,Ezi RNAi,-0.24869532312306752,-0.46243477788609266,-16.022419621064426,95
591,33.588235294117645,236.23529411764707,284.3078431372549,799.0,1.7662406398298427,1292.2627450980392,Ezi_3_b2,Ezi RNAi,0.6569334432248002,-0.5913788454843755,15.909718447801776,95
592,34.545638945233264,240.25354969574036,782.9249492900609,706.0,1.361910950290202,3213.689655172414,Ezi_3_b2,Ezi RNAi,-0.4701446424254777,-0.42300188051089793,-24.211108731348958,95
593,34.283088235294116,241.4375,824.0349264705883,708.0,1.3736236836014557,2482.042279411765,Ezi_3_b2,Ezi RNAi,-0.5627513449388768,-0.40705450276348965,-27.847740229400856,95
594,34.37204301075269,248.60645161290321,291.26451612903224,718.0,1.6997314754555524,1364.810752688172,Ezi_3_b2,Ezi RNAi,0.6447194292944993,-0.5592410027355235,16.284406960659172,95
595,35.26,271.24916666666667,605.78,1592.0,1.5205109635561198,2455.6125,Ezi_3_b2,Ezi RNAi,-0.0602949452711522,-0.4043876289709635,-8.467589607902733,95
596,34.34738955823293,275.76104417670683,816.6726907630522,1344.0,1.3333955812219875,2406.7088353413656,Ezi_3_b2,Ezi RNAi,-0.5359109767943345,-0.3263592926481401,-26.711771728542082,95
597,34.666666666666664,270.3598420755781,658.2064297800339,2610.0,1.7185037938308039,3445.108291032149,Ezi_3_b2,Ezi RNAi,-0.17905698242691037,-0.3898529899982669,-13.395366703502503,95
598,35.12296819787986,286.20494699646645,617.4621908127208,1827.0,1.529087719456468,2810.626148409894,Ezi_3_b2,Ezi RNAi,-0.08225618349449426,-0.36448717078582604,-9.365324558302996,95
599,34.42476697736352,290.8382157123835,658.2556591211718,2060.0,1.4763413912562415,3227.541278295606,Ezi_3_b2,Ezi RNAi,-0.17303881193430193,-0.34029279287987724,-13.363283919390348,95
600,32.303827751196174,294.2464114832536,257.07655502392345,786.0,1.7477638184830044,1577.3181818181818,Ezi_3_b2,Ezi RNAi,0.7360208555001946,-0.45969033638556145,17.661267074186767,95
601,33.69397427217332,301.595125253893,676.2924847664184,2305.0,1.681619965489286,1960.8029790115097,Ezi_3_b2,Ezi RNAi,-0.21051071189753445,-0.30852464319260364,-15.433710701963033,95
602,32.78708133971292,303.9066985645933,900.1985645933014,587.0,1.4876769195942123,2916.732057416268,Ezi_3_b2,Ezi RNAi,-0.7162233971629042,-0.23167858840187028,-34.77541009685879,95
603,35.414406779661014,314.0652542372881,780.1720338983051,1852.0,1.8767887605109994,2335.0542372881355,Ezi_3_b2,Ezi RNAi,-0.44215617829917075,-0.24531223081936548,-22.119182305993878,95
604,33.801272984441304,329.8875530410184,626.474540311174,1904.0,1.9840540332542103,2437.607496463932,Ezi_3_b2,Ezi RNAi,-0.08941689942802789,-0.255930255917892,-10.83450227198263,95
605,36.116207951070336,344.6401630988787,477.5249745158002,2703.0,1.7677519700868847,2820.729357798165,Ezi_3_b2,Ezi RNAi,0.251511259730391,-0.26765097218838785,3.9583790162668513,95
606,32.980997624703086,349.97980997624705,774.4643705463183,1120.0,1.5152301415101326,2216.795724465558,Ezi_3_b2,Ezi RNAi,-0.4181087085278741,-0.16022513208919076,-23.58712703447796,95
607,33.46468926553672,348.8912429378531,928.8135593220339,954.0,1.7954485931801583,2213.1638418079096,Ezi_3_b2,Ezi RNAi,-0.7677295530454735,-0.11374732048244662,-35.851615830641215,95
608,33.885044642857146,363.11830357142856,434.73325892857144,1273.0,1.6662218399328317,3191.2354910714284,Ezi_3_b2,Ezi RNAi,0.35424064788803045,-0.23654908357403004,5.514892315820087,95
609,34.4853683148335,385.7174571140262,824.0948536831484,1405.0,1.8818676038042472,2946.0151362260344,Ezi_3_b2,Ezi RNAi,-0.5200660684072664,-0.05798289531382883,-25.69812804770424,95
610,33.01307189542484,391.49542483660133,834.6954248366013,1244.0,1.679451718652918,3096.0287581699345,Ezi_3_b2,Ezi RNAi,-0.542051107007158,-0.04062161702949396,-27.961466777189813,95
611,34.315845824411134,388.73661670235543,873.786937901499,1252.0,1.5446742720549929,2563.351177730193,Ezi_3_b2,Ezi RNAi,-0.6315618598194097,-0.034865376059314834,-29.92512493503201,95
612,33.592736705577174,409.9066147859922,977.7704280155642,1200.0,1.7299302861848371,1379.1219195849546,Ezi_3_b2,Ezi RNAi,-0.8603906406598953,0.04944348345982519,-38.9363980802087,95
613,34.096354166666664,446.1588541666667,902.0729166666666,647.0,1.7651691532642053,2416.0442708333335,Ezi_3_b2,Ezi RNAi,-0.6784572935912037,0.11305733239705074,-31.699793727894438,95
614,33.732160312805476,463.18670576735093,890.297165200391,1518.0,1.9422188271903884,2340.3284457478007,Ezi_3_b2,Ezi RNAi,-0.6466874875958243,0.15050778720132452,-30.86088015512663,95
615,36.99874213836478,540.4333333333333,779.2232704402516,4899.0,1.9763906593645508,1770.6396226415095,Ezi_3_b2,Ezi RNAi,-0.3730682512689275,0.3020236825271403,-17.397997806863092,95
616,32.927413127413125,613.3536679536679,764.376833976834,1588.0,1.8330552022461195,2502.609266409266,Ezi_3_b2,Ezi RNAi,-0.3170386795775054,0.47374087475547944,-19.24339025353294,95
617,32.74964639321075,616.951909476662,738.9568599717114,1994.0,1.7724359804286633,2876.6294200848656,Ezi_3_b2,Ezi RNAi,-0.25842475531396814,0.4743584587317873,-17.275019450862537,95
618,34.2174320524836,605.7544517338332,788.2164948453608,1590.0,1.9779476722969682,2293.61480787254,Ezi_3_b2,Ezi RNAi,-0.37347855781932326,0.4629336891354583,-20.0272041581786,95
619,34.221374045801525,623.0970556161396,514.9422028353326,1543.0,1.6204758280332745,1418.639040348964,Ezi_3_b2,Ezi RNAi,0.24993765832552328,0.41793335639430107,2.7529647834727347,95
620,34.262569832402235,648.6210428305401,713.7588454376164,1486.0,1.9164239331245618,2545.3621973929235,Ezi_3_b2,Ezi RNAi,-0.1922977569753912,0.5429470375420591,-13.260214705494713,95
621,33.379049676025915,653.1760259179266,726.5788336933045,1285.0,1.7453455974093364,2515.6771058315335,Ezi_3_b2,Ezi RNAi,-0.21978001881031572,0.5580519582481396,-15.136464508488178,95
622,33.47154471544715,657.349593495935,789.6487804878049,824.0,1.6663270862836954,3767.949593495935,Ezi_3_b2,Ezi RNAi,-0.3612495494781762,0.5882174948351104,-20.190230239774955,95
623,33.64381720430107,665.9529569892474,878.0793010752689,1176.0,1.6572130113300851,1705.5564516129032,Ezi_3_b2,Ezi RNAi,-0.5587950738409904,0.637169269173893,-27.196445336416723,95
624,36.570093457943926,664.9968847352025,579.6401869158879,3753.0,1.8179582778447092,1900.9318535825546,Ezi_3_b2,Ezi RNAi,0.11556005715730788,0.5398726775252598,0.3239009981083276,95
625,34.66549707602339,668.9660818713451,764.4491228070175,1303.0,1.7100730722907462,2702.9181286549706,Ezi_3_b2,Ezi RNAi,-0.30101461516029626,0.6082946346357483,-16.764578667083335,95
626,34.0814408770556,739.5215348472983,897.7689898198904,1860.0,1.7270863104502374,1471.6303837118246,Ezi_3_b2,Ezi RNAi,-0.5815712732788977,0.8214148638141141,-27.388661138245553,95
627,34.20790513833992,740.9857707509882,828.1881422924902,1841.0,1.5348652945522467,1360.1675889328062,Ezi_3_b2,Ezi RNAi,-0.4237383888491475,0.802815539571271,-21.50332611439059,95
628,33.53433208489388,742.9987515605493,867.4619225967541,1183.0,1.9509659935953103,1619.2983770287142,Ezi_3_b2,Ezi RNAi,-0.5118659124814959,0.8201869716101291,-25.3868578712827,95
629,34.76178660049628,139.95533498759306,407.77791563275434,1029.0,1.5847091788845433,1605.863523573201,Ezi_3_b2,Ezi RNAi,0.34876520950581624,-0.7850261810351025,5.591273764972471,95
630,35.402360515021456,198.2478540772532,664.3669527896996,1729.0,1.6135599581544444,1974.4721030042917,Ezi_3_b2,Ezi RNAi,-0.2145569725629889,-0.5623566980706063,-14.146521456043732,95
631,36.07748830995324,211.00200400801603,733.2538410153641,2290.0,1.824580738740151,2927.0594522378087,Ezi_3_b2,Ezi RNAi,-0.36674948378205585,-0.50958514257992,-18.98336637493666,95
632,35.78055555555556,213.4611111111111,781.0944444444444,1293.0,1.8479160941497916,1561.9,Ezi_3_b2,Ezi RNAi,-0.47419841425576603,-0.4884108654189261,-23.192186018458923,95
633,36.904801670146135,244.71565762004175,803.9164926931106,3295.0,1.4758795189033256,2358.055949895616,Ezi_3_b2,Ezi RNAi,-0.5167624642580599,-0.40554258148392786,-23.531325924606822,95
634,36.564683663833804,240.32105760151086,755.5212464589235,1530.0,1.7279385036863784,2106.918791312559,Ezi_3_b2,Ezi RNAi,-0.40851176993922533,-0.43157169536606343,-19.937775831995108,95
635,35.37547892720306,253.26340996168582,737.8448275862069,1523.0,1.8250154135655405,3458.8275862068967,Ezi_3_b2,Ezi RNAi,-0.364447887511113,-0.4058774481668924,-19.489560906570514,95
636,35.892933618843685,263.2933618843683,727.4825124910778,2048.0,1.8350609715040411,3167.1034975017847,Ezi_3_b2,Ezi RNAi,-0.33812334219727913,-0.3849128737145143,-17.983398070404725,95
637,35.02165725047081,278.2476459510358,674.5282485875706,1658.0,1.877923118250668,3412.0489642184557,Ezi_3_b2,Ezi RNAi,-0.21370880581171148,-0.365578819350601,-14.281181362766194,95
638,34.953719008264464,296.2198347107438,599.903305785124,1699.0,1.6349692337607529,2561.373553719008,Ezi_3_b2,Ezi RNAi,-0.03952297031464769,-0.3458445384270381,-7.9500450247976815,95
639,38.09042809042809,312.981721981722,770.935545935546,2679.0,1.88263434884582,1837.3655603655604,Ezi_3_b2,Ezi RNAi,-0.42209305386686713,-0.2508901423961265,-18.705305940816924,95
640,33.66263940520446,328.4804832713755,511.06412639405204,1584.0,1.8057213967557462,2127.7388475836433,Ezi_3_b2,Ezi RNAi,0.1713001515372885,-0.2960574958896437,-1.4718745493416536,95
641,35.358006042296076,327.4592145015106,575.9108761329305,1767.0,1.5483620951227217,2221.0777945619334,Ezi_3_b2,Ezi RNAi,0.023960903889474805,-0.2779048012897726,-5.14525859171307,95
642,35.19117647058823,358.6658215010142,743.0040567951319,2753.0,1.5975425465388982,1322.1080121703853,Ezi_3_b2,Ezi RNAi,-0.34477438746911204,-0.14923643521096408,-18.672051903844608,95
643,34.224444444444444,373.78444444444443,932.2622222222222,654.0,1.723858618222101,1743.9155555555556,Ezi_3_b2,Ezi RNAi,-0.7682825452420499,-0.05243123166676544,-35.04203232609903,95
644,35.50836431226766,370.521375464684,855.864312267658,1538.0,1.9968616311691334,2702.092007434944,Ezi_3_b2,Ezi RNAi,-0.5966522224667756,-0.08464400387702165,-27.504964761851046,95
645,34.66240875912409,391.17518248175185,770.1916058394161,844.0,1.4762531545547721,2243.271897810219,Ezi_3_b2,Ezi RNAi,-0.39652610419227674,-0.06193249985722038,-21.001530909036237,95
646,35.42258064516129,397.4032258064516,429.6720430107527,1322.0,1.7879420965649466,2548.094623655914,Ezi_3_b2,Ezi RNAi,0.37558178994177616,-0.15522472691601852,7.928613242699609,95
647,34.457680250783696,405.94984326018806,925.730407523511,528.0,1.8999064657935016,1488.3949843260189,Ezi_3_b2,Ezi RNAi,-0.7439943643248372,0.023305958196594423,-33.83543204880413,95
648,33.622823984526114,419.11798839458413,779.5705996131528,877.0,1.8430232814176222,2185.541586073501,Ezi_3_b2,Ezi RNAi,-0.4092459377246276,0.008660232316089589,-22.432883770255724,95
649,33.648068669527895,425.81831187410586,408.5808297567954,1494.0,1.8581729633330517,1299.2103004291846,Ezi_3_b2,Ezi RNAi,0.4320797008234962,-0.0931803615511273,8.284684397041357,95
650,35.324607329842934,458.63350785340316,770.3476439790576,1530.0,1.6119132328535375,1332.4376963350785,Ezi_3_b2,Ezi RNAi,-0.376966761988371,0.10131352379601566,-19.44140050271645,95
651,34.49889867841409,589.6574889867842,809.3821585903083,1307.0,1.5341176889561263,1980.2797356828194,Ezi_3_b2,Ezi RNAi,-0.42620007109540636,0.4307237631955865,-21.710497582956393,95
652,33.64831038798498,594.1226533166458,825.3929912390488,1176.0,1.987783545336656,2349.2853566958697,Ezi_3_b2,Ezi RNAi,-0.46093439124524305,0.4466265114127992,-23.81834873868262,95
653,33.88477366255144,615.6104252400548,719.2825788751715,1000.0,1.7872431590710964,2748.567901234568,Ezi_3_b2,Ezi RNAi,-0.21452864320653953,0.46484519290644943,-14.539157077471089,95
654,33.428180574555405,629.1846785225719,788.030095759234,1303.0,1.9999229993221421,2579.1012311901504,Ezi_3_b2,Ezi RNAi,-0.36594570643046687,0.5195638429003853,-20.481164870104216,95
655,35.15735567970205,624.0986964618249,779.4851024208566,1722.0,1.8418043094442744,2081.579143389199,Ezi_3_b2,Ezi RNAi,-0.3484548618616824,0.5045290902041724,-18.122037501917042,95
656,35.37193460490463,639.4741144414169,850.6376021798366,1191.0,1.8556697692939768,1941.3651226158038,Ezi_3_b2,Ezi RNAi,-0.5049063933665783,0.5643661620182729,-23.569220599356488,95
657,34.869017632241814,643.3778337531486,780.1729638958858,1694.0,1.813102205089309,2899.047019311503,Ezi_3_b2,Ezi RNAi,-0.3442289136971023,0.5513915149522612,-18.205142143597044,95
658,33.82027649769585,651.126267281106,612.163133640553,1477.0,1.9768644584571025,2708.919815668203,Ezi_3_b2,Ezi RNAi,0.03838470723658216,0.5166826124069384,-5.286755886807607,95
659,34.638067061143985,643.4230769230769,799.5917159763313,1381.0,1.9059794736497446,2931.907297830375,Ezi_3_b2,Ezi RNAi,-0.3881049464628028,0.557681600404782,-20.036460488490942,95
660,35.23917525773196,647.2896907216494,748.7896907216494,1707.0,1.9377814474618245,2673.1175257731957,Ezi_3_b2,Ezi RNAi,-0.27213507726355646,0.5508667038576149,-15.19462669456217,95
661,35.41290983606557,668.9918032786885,751.6004098360655,1445.0,1.8318810601165214,2731.8616803278687,Ezi_3_b2,Ezi RNAi,-0.27208059044366506,0.6042634759043848,-14.959585785239593,95
662,35.82954545454545,677.1487603305785,774.9028925619834,1599.0,1.7772635737972902,2560.5361570247933,Ezi_3_b2,Ezi RNAi,-0.3224575484291796,0.631409676427626,-16.356139693954407,95
663,34.8,693.5976744186047,785.8430232558139,1692.0,1.8948238885595885,1315.1767441860466,Ezi_3_b2,Ezi RNAi,-0.34212562851276307,0.6746921410190887,-18.061843472739596,95
664,34.22431506849315,705.8030821917808,637.4520547945206,894.0,1.5607522324553937,1670.88698630137,Ezi_3_b2,Ezi RNAi,-0.0026649186493304944,0.6570056277157688,-6.23002154095853,95
665,36.01077586206897,699.9418103448276,828.7456896551724,941.0,1.7559034830018196,1840.4870689655172,Ezi_3_b2,Ezi RNAi,-0.43753716118843444,0.7036842918537811,-20.30832906085948,95
666,35.073569482288825,700.9645776566757,839.5449591280654,991.0,1.712235837673057,1397.83378746594,Ezi_3_b2,Ezi RNAi,-0.46148668216212885,0.7096011371719428,-22.119207118098103,95
667,34.687432867884,710.0408163265306,865.6444683136413,1488.0,1.9218191188239697,2162.4113856068743,Ezi_3_b2,Ezi RNAi,-0.5177650699166709,0.7398665999857725,-24.533997725847914,95
668,35.651387213510255,721.4113389626056,905.4632086851628,1089.0,1.6412833394893913,1641.6779252110978,Ezi_3_b2,Ezi RNAi,-0.6046590721809144,0.7800392887477017,-26.70402067318297,95
669,33.29219143576826,740.743073047859,431.75566750629724,650.0,1.700323803202092,1310.486146095718,Ezi_3_b2,Ezi RNAi,0.47326723895289624,0.6760879909550324,10.281279947865658,95
670,37.38721136767318,123.12699822380107,563.525754884547,1601.0,1.705500951147968,1407.9467140319716,Ezi_3_b2,Ezi RNAi,-0.009105356864666847,-0.7761962200938998,-4.867402087803861,95
671,34.8875,140.1625,799.1270833333333,644.0,1.6725304123434874,1369.9208333333333,Ezi_3_b2,Ezi RNAi,-0.536599187919324,-0.6599969712326729,-26.561743615518765,95
672,42.65772195261205,129.62974593205823,870.622038252926,4985.0,1.9309062372531212,1403.0593776762776,Ezi_3_b2,Ezi RNAi,-0.7029672185977234,-0.6627793789446617,-24.85866940209362,95
673,34.99097065462754,188.91422121896161,889.2979683972912,696.0,1.9458324378533327,1350.0135440180586,Ezi_3_b2,Ezi RNAi,-0.7261426082501015,-0.5133607707718938,-33.23662577206355,95
674,38.37699680511182,208.16741214057507,759.3884984025559,2211.0,1.6687566533578375,3588.117571884984,Ezi_3_b2,Ezi RNAi,-0.42715939709330353,-0.5081416675786303,-18.886036059276243,95
675,37.826502732240435,256.65368852459017,758.3661202185792,1953.0,1.6294945611507456,2590.3592896174864,Ezi_3_b2,Ezi RNAi,-0.41033776759223706,-0.39116144111408047,-18.69395743968706,95
676,37.92966002344666,276.6576787807737,838.8710433763189,2534.0,1.6855928318917655,3105.2145369284876,Ezi_3_b2,Ezi RNAi,-0.5865522731864017,-0.3171498445928197,-24.960969945963527,95
677,37.244856999498246,295.73105870546914,632.1179126944305,2983.0,1.774677140794338,3292.6071249372803,Ezi_3_b2,Ezi RNAi,-0.11298992622187665,-0.3367911557021931,-8.330817669682048,95
678,35.63387978142077,294.4617486338798,701.0147540983606,2388.0,1.6415900460033406,1918.4306010928963,Ezi_3_b2,Ezi RNAi,-0.26893338315739657,-0.31792822120916875,-15.6364102805078,95
679,35.14874815905744,295.63328424153167,949.7466863033874,893.0,1.5551216715318414,2378.1767304860086,Ezi_3_b2,Ezi RNAi,-0.8312322804821017,-0.23594330627337712,-36.62105828998008,95
680,37.425696594427244,298.93343653250776,653.4295665634675,2033.0,1.7608427468211676,3397.2917956656347,Ezi_3_b2,Ezi RNAi,-0.1602894525353774,-0.32226342945189257,-9.86519102006425,95
681,38.462611390933745,308.90391321193334,593.9290972491283,3198.0,1.9969292592563694,2397.953893839597,Ezi_3_b2,Ezi RNAi,-0.022910094449028584,-0.3170820840002583,-3.78894774261924,95
682,38.00183038438072,331.81208053691273,466.38010982306287,2367.0,1.4688109547903763,3374.5179987797437,Ezi_3_b2,Ezi RNAi,0.27255435791481863,-0.3022443565649827,6.583063355469923,95
683,37.70083303151032,332.5461789206809,618.6381745744295,4103.0,1.8192371845671116,2700.996378123868,Ezi_3_b2,Ezi RNAi,-0.0716438976041337,-0.2520172893747037,-6.266206600640716,95
684,36.023529411764706,337.2181818181818,449.37005347593583,1608.0,1.8434099096275423,1333.0470588235294,Ezi_3_b2,Ezi RNAi,0.31302289592133814,-0.2945652372906533,6.087966457075408,95
685,36.24473684210526,348.20175438596493,491.1780701754386,1564.0,1.8006983574656956,1404.8578947368421,Ezi_3_b2,Ezi RNAi,0.22165543525013187,-0.2546908494251443,3.0084694433115597,95
686,35.38253638253638,367.2910602910603,977.2432432432432,677.0,1.9096852182005648,1594.935550935551,Ezi_3_b2,Ezi RNAi,-0.8721996319181533,-0.05383497381118019,-37.686223574953054,95
687,39.902327704244634,369.8598813327248,832.2387037882246,3522.0,1.7280361523296124,2680.1528982199907,Ezi_3_b2,Ezi RNAi,-0.5442379460636118,-0.09379076670230102,-21.18653513669356,95
688,36.45352112676056,383.9661971830986,440.8957746478873,1335.0,1.948123988910331,2845.3276995305164,Ezi_3_b2,Ezi RNAi,0.34600002025822874,-0.18416797338590352,7.848252749415328,95
689,37.62846227316141,387.450811843362,845.7507163323783,2078.0,1.9331736343736317,2870.0582617000955,Ezi_3_b2,Ezi RNAi,-0.5691474426897623,-0.04691894335534852,-24.328891660094154,95
690,34.68027210884354,402.3083900226757,865.342403628118,579.0,1.95325457716839,2895.2403628117913,Ezi_3_b2,Ezi RNAi,-0.6084947646967123,-0.004720894417473143,-28.681703989588254,95
691,34.87025948103793,407.74650698602795,941.3473053892216,731.0,1.5908806716005723,1402.6946107784431,Ezi_3_b2,Ezi RNAi,-0.7788717911934643,0.03261926079101296,-34.688163101411874,95
692,37.69346733668342,421.68442211055276,777.7939698492462,1427.0,1.818793952203451,1931.9226130653267,Ezi_3_b2,Ezi RNAi,-0.40524280867917606,0.014277275844814419,-18.195198988729715,95
693,35.858356940509914,428.2662889518414,987.0594900849858,922.0,1.7068649281945012,1419.0226628895184,Ezi_3_b2,Ezi RNAi,-0.8763860812298637,0.09680174468991232,-37.196413116531986,95
694,35.140243902439025,458.2890243902439,420.1048780487805,1209.0,1.8294535451442713,1324.898780487805,Ezi_3_b2,Ezi RNAi,0.41536751972835395,-0.010967297272801435,9.260582598394418,95
695,34.06573705179283,459.9482071713147,959.6752988047808,820.0,1.9327409548428296,1606.6354581673306,Ezi_3_b2,Ezi RNAi,-0.804676815495474,0.16474716508615606,-36.29507955351869,95
696,34.265135699373694,480.92275574112733,891.4154488517745,732.0,1.812205926366907,1662.7828810020876,Ezi_3_b2,Ezi RNAi,-0.6440508548299191,0.19376865382188502,-30.181937197266052,95
697,33.79329608938548,557.9022346368715,888.3798882681564,615.0,1.778007453589835,1359.7150837988827,Ezi_3_b2,Ezi RNAi,-0.6142254375248939,0.37904084770102786,-29.359732735818206,95
698,36.117202268431,567.5444234404537,875.5519848771266,797.0,1.4432803527481481,2356.9659735349715,Ezi_3_b2,Ezi RNAi,-0.5827834427826419,0.398270970954234,-25.855311150570213,95
699,34.01657458563536,601.9226519337017,895.1381215469613,732.0,1.9474240275175112,2307.317679558011,Ezi_3_b2,Ezi RNAi,-0.6164815842435469,0.48768767696930904,-29.098836574453497,95
700,34.955263157894734,610.5368421052632,848.896052631579,1068.0,1.893983886512899,2565.9657894736843,Ezi_3_b2,Ezi RNAi,-0.5094825939604806,0.4938072990036704,-24.232476018462787,95
701,35.21800433839479,629.7082429501085,762.3047722342733,1361.0,1.9828776707077742,2616.6117136659436,Ezi_3_b2,Ezi RNAi,-0.30793072939362565,0.5126329192733889,-16.568521437559998,95
702,34.86699507389162,631.1142857142858,720.7694581280788,1395.0,1.9727251172195837,2290.151724137931,Ezi_3_b2,Ezi RNAi,-0.2134749700815124,0.502820122574893,-13.473159645984833,95
703,34.16530278232406,639.7054009819967,874.7512274959083,1057.0,1.8504880460063722,2444.7774140752863,Ezi_3_b2,Ezi RNAi,-0.5591623451126012,0.5726066300338342,-26.75755177035385,95
704,33.84656084656085,653.5793650793651,888.9656084656085,576.0,1.6920837216189062,3250.2063492063494,Ezi_3_b2,Ezi RNAi,-0.5871390971689763,0.6106968081145652,-28.05987641799469,95
705,35.929121725731896,659.8782742681047,630.5885978428352,2335.0,1.467179140592686,2241.145351823318,Ezi_3_b2,Ezi RNAi,-0.0011052896853945837,0.5437054819788669,-4.586678798510571,95
706,38.06390977443609,670.3775510204082,569.2475832438239,2604.0,1.8189095564939093,1413.9409237379161,Ezi_3_b2,Ezi RNAi,0.14038523060174923,0.5495733138272387,2.742573784885037,95
707,35.4916573971079,675.8431590656285,618.3036707452725,1189.0,1.7332281391908386,2929.8865406006676,Ezi_3_b2,Ezi RNAi,0.03151474723567449,0.5784227769110499,-3.793167452294174,95
708,35.21721721721722,680.7097097097097,760.9059059059059,1361.0,1.766350829630229,1405.6346346346347,Ezi_3_b2,Ezi RNAi,-0.28961532709811755,0.6355747141156114,-15.763558665388228,95
709,34.93296089385475,686.7346368715084,835.8463687150838,577.0,1.716188164134651,2840.078212290503,Ezi_3_b2,Ezi RNAi,-0.45731908511521957,0.6739989132406137,-22.146856590548957,95
710,34.833150384193196,699.2908891328211,877.2755214050494,1545.0,1.6426023144551816,1911.4950603732163,Ezi_3_b2,Ezi RNAi,-0.5473007988728669,0.7175595942091173,-25.493708923400327,95
711,35.64499121265378,721.4885764499121,843.2513181019332,845.0,1.5336620932157101,1736.9367311072056,Ezi_3_b2,Ezi RNAi,-0.4638845724116938,0.7604301222463103,-21.577696256784087,95
712,36.80664652567976,763.261329305136,776.9063444108762,2087.0,1.573983754254738,1323.5090634441087,Ezi_3_b2,Ezi RNAi,-0.301596705686377,0.8403713702209556,-14.382090802020262,95
713,39.41064006650041,122.02826267664173,697.5652535328346,1705.0,1.6246023152007194,1414.2510390689943,Ezi_3_b2,Ezi RNAi,-0.3130744459631708,-0.7362156753888334,-13.922401197138072,95
714,36.20332717190388,180.11829944547134,671.1293900184843,993.0,1.6836781287302418,1661.3253234750462,Ezi_3_b2,Ezi RNAi,-0.23539531267311586,-0.6040705880663273,-14.151571887928856,95
715,40.67572633552015,180.32755388940956,805.1869728209934,3364.0,1.9962753774402366,2204.4826616682285,Ezi_3_b2,Ezi RNAi,-0.5394852823760206,-0.5609358668324369,-20.749958010411255,95
716,37.212180746561884,186.29469548133596,719.3084479371316,773.0,1.5233372330038537,1319.4066797642436,Ezi_3_b2,Ezi RNAi,-0.34275553445729057,-0.5738039617117732,-17.036775660063917,95
717,38.54553339115351,196.47875108412836,322.28447528187337,1660.0,1.6389078083046593,1551.1595836947095,Ezi_3_b2,Ezi RNAi,0.5582554002725142,-0.6755091441730176,17.178953483356896,95
718,36.53913043478261,225.11652173913043,747.9756521739131,1132.0,1.9760225453555067,3021.7652173913043,Ezi_3_b2,Ezi RNAi,-0.3959521012573758,-0.47075662151435527,-19.54663820469768,95
719,38.512922465208746,236.85288270377734,698.5089463220676,1135.0,1.9431661338873465,3506.5427435387674,Ezi_3_b2,Ezi RNAi,-0.280928141144946,-0.45811643275095104,-13.340545286078491,95
720,36.311871227364186,246.17102615694165,664.6458752515091,802.0,1.7512894278020024,2685.3923541247486,Ezi_3_b2,Ezi RNAi,-0.20112604080066832,-0.4463342238922269,-12.614509914912,95
721,37.861853832442065,253.53386809269162,681.5570409982174,1757.0,1.9522553694617815,1907.5650623885917,Ezi_3_b2,Ezi RNAi,-0.23749578281017292,-0.4231503462410907,-12.365233936820808,95
722,39.43516355140187,273.5122663551402,715.7797897196261,2441.0,1.7775958464946757,3122.4456775700933,Ezi_3_b2,Ezi RNAi,-0.3092887558882291,-0.36393742281096797,-13.349922532014908,95
723,36.14792899408284,289.47731755424064,938.2051282051282,708.0,1.4337198335962311,2640.2228796844183,Ezi_3_b2,Ezi RNAi,-0.8071400958657634,-0.25451541022532786,-34.75667707935498,95
724,39.790281329923275,300.5694799658994,691.3465473145781,2936.0,1.6394628135222997,1988.5895140664961,Ezi_3_b2,Ezi RNAi,-0.2460405121454009,-0.30625547134272746,-10.614382175083469,95
725,37.52238805970149,312.6865671641791,523.02170963365,1092.0,1.8811671757508652,2391.009497964722,Ezi_3_b2,Ezi RNAi,0.13881677478228904,-0.33048765438322025,1.1742369984791,95
726,36.99089068825911,324.1163967611336,476.85425101214577,1895.0,1.6432226732112305,2429.1214574898786,Ezi_3_b2,Ezi RNAi,0.24676463631154988,-0.31752287643431343,4.607515242942326,95
727,36.32642089093702,342.7964669738863,600.8709677419355,1722.0,1.575639215981359,2691.258832565284,Ezi_3_b2,Ezi RNAi,-0.028138881095133295,-0.23286358506259086,-6.0315020634213425,95
728,36.33415536374846,355.31442663378544,452.8680641183724,1125.0,1.7158290924855757,2638.9938347718867,Ezi_3_b2,Ezi RNAi,0.31042508888254106,-0.24967426908742119,6.353917984797407,95
729,36.61070110701107,373.1734317343173,773.0738007380074,941.0,1.9602624680243974,1505.2933579335793,Ezi_3_b2,Ezi RNAi,-0.4087671810356789,-0.10457938835516589,-19.54147273440883,95
730,38.553118574366,403.09389993145993,757.4366004112405,2084.0,1.8655437145879552,2180.923235092529,Ezi_3_b2,Ezi RNAi,-0.364872521823453,-0.03718183607698611,-15.910986995233,95
731,37.22754491017964,408.3812375249501,962.7904191616766,738.0,1.3278500645630078,1553.0938123752494,Ezi_3_b2,Ezi RNAi,-0.8276478564500831,0.040962759513592406,-34.09930720103515,95
732,36.75816993464052,437.6130718954248,854.5437908496732,1218.0,1.4937950499885473,2324.3254901960786,Ezi_3_b2,Ezi RNAi,-0.5739735868858266,0.07724136121008085,-25.242450002308008,95
733,35.74934725848564,456.8250652741514,944.5221932114882,670.0,1.597594108495626,2002.780678851175,Ezi_3_b2,Ezi RNAi,-0.7716437542907855,0.15235864563588786,-33.409707215149766,95
734,35.858075040783035,480.48123980424145,876.2805872756933,973.0,1.906645437847965,1498.8303425774877,Ezi_3_b2,Ezi RNAi,-0.6102451239576612,0.18787413969018552,-27.352124616216486,95
735,39.345266507557675,512.3126491646779,915.587907716786,2039.0,1.7146516933288476,1821.4924423229913,Ezi_3_b2,Ezi RNAi,-0.6903867199014468,0.2773682825669217,-26.688595898008643,95
736,36.5821325648415,550.2420749279539,885.8760806916426,701.0,1.7440696853187507,1542.5590778097983,Ezi_3_b2,Ezi RNAi,-0.611369786441591,0.35969385119561936,-26.477814182611525,95
737,35.28192771084338,554.7156626506024,857.5831325301205,650.0,1.8716559290927381,2647.633734939759,Ezi_3_b2,Ezi RNAi,-0.545781182217522,0.36152227400408643,-25.379122376360716,95
738,35.01204819277108,581.778313253012,850.3590361445783,631.0,1.8925583152584238,2205.84578313253,Ezi_3_b2,Ezi RNAi,-0.5213463212708737,0.42469747354519605,-24.685843762443213,95
739,37.17628865979381,593.4701030927835,777.6144329896907,1381.0,1.342177388240051,2802.131958762887,Ezi_3_b2,Ezi RNAi,-0.3537073166675949,0.4298214717717592,-16.370455697373927,95
740,37.15580985915493,609.3899647887324,817.1258802816901,1653.0,1.901333034506458,2474.230633802817,Ezi_3_b2,Ezi RNAi,-0.4383663364374287,0.4809089326018834,-19.434538760616626,95
741,36.31818181818182,668.7561983471074,816.9807162534436,980.0,1.650310225174987,1992.7685950413222,Ezi_3_b2,Ezi RNAi,-0.4202424332044826,0.6244918460969247,-19.453675860632952,95
742,39.44465740297077,667.6099664590321,890.9841878294202,3415.0,1.9240411969381577,1707.6123622424532,Ezi_3_b2,Ezi RNAi,-0.5886090735116836,0.6452465896566482,-22.45795862487938,95
743,37.5937984496124,676.9488372093023,931.0457364341086,1808.0,1.932302973963881,1696.962015503876,Ezi_3_b2,Ezi RNAi,-0.6761174270315062,0.680599763222349,-27.480472714022106,95
744,37.582006920415225,680.0948096885813,580.9356401384083,2135.0,1.7485697070835726,1503.1017301038062,Ezi_3_b2,Ezi RNAi,0.11692055221864694,0.5768044286340204,1.4297818934058435,95
745,36.609375,684.9869791666666,847.765625,761.0,1.9772929733025593,1622.8984375,Ezi_3_b2,Ezi RNAi,-0.4851254957282397,0.6735526561197558,-21.48314587253659,95
746,35.194782608695654,689.3756521739131,634.1008695652174,892.0,1.7746984080715642,3008.8469565217392,Ezi_3_b2,Ezi RNAi,-0.0001486468654241513,0.6161903566914695,-5.208885052131714,95
747,36.75729288214703,709.5647607934656,852.4072345390898,1282.0,1.7152498931527393,1928.5530921820302,Ezi_3_b2,Ezi RNAi,-0.4883540983620892,0.7344892465877022,-21.38593013592648,95
748,38.80389429763561,723.6196105702364,870.8400556328234,2071.0,1.8328090416774374,1420.4534075104311,Ezi_3_b2,Ezi RNAi,-0.5262735784505744,0.7743439335969817,-20.67670622945542,95
749,40.5059861373661,102.88909892879647,741.5053560176434,2093.0,1.582321438596584,1389.2766225582861,Ezi_3_b2,Ezi RNAi,-0.4183810521422032,-0.7685439355828991,-16.714430925068076,95
750,38.32611464968153,127.85477707006369,490.60891719745223,1051.0,1.6456636310094928,1376.3095541401274,Ezi_3_b2,Ezi RNAi,0.15708902076088438,-0.7879669391916838,2.1468789151018783,95
751,41.549114331723025,150.06709608158883,482.75630703166934,2471.0,1.6031524610189911,1412.0402576489532,Ezi_3_b2,Ezi RNAi,0.18083679468112002,-0.7367488369452173,6.3070020807644855,95
752,38.63277249451353,198.92831016825164,724.7878566203365,1798.0,1.927321479623338,2277.0512070226773,Ezi_3_b2,Ezi RNAi,-0.3516711934214356,-0.5415053859962486,-15.902124437213285,95
753,38.86027713625866,196.84757505773672,745.6339491916859,1359.0,1.4745635226043183,1489.5819861431871,Ezi_3_b2,Ezi RNAi,-0.3994957377687707,-0.5399074459342302,-17.423106022971737,95
754,42.171566476524795,216.71478718736287,731.0688898639754,3481.0,1.7484555188321118,2888.674857393594,Ezi_3_b2,Ezi RNAi,-0.3612750110264902,-0.4964993213500243,-12.653058046047365,95
755,38.62731707317073,237.0848780487805,867.189268292683,1363.0,1.6019638676014525,1991.2243902439025,Ezi_3_b2,Ezi RNAi,-0.6625093021937241,-0.40388117714225646,-27.13729109235377,95
756,39.46666666666667,239.9434599156118,723.5518987341773,1638.0,1.716849437638293,3291.372995780591,Ezi_3_b2,Ezi RNAi,-0.3368505629452486,-0.4426769113618928,-14.414014796433158,95
757,39.133463541666664,252.578125,652.935546875,1995.0,1.4011452741173227,3177.4381510416665,Ezi_3_b2,Ezi RNAi,-0.1732687096461315,-0.4345783240885889,-8.750119430696639,95
758,40.016666666666666,256.8326388888889,669.8868055555556,2066.0,1.5914498128827208,2851.5729166666665,Ezi_3_b2,Ezi RNAi,-0.2105249514598968,-0.4188972605538741,-9.210671033639224,95
759,38.11512027491409,277.14604810996565,695.9518900343643,1561.0,1.5987839960975225,2272.0146048109964,Ezi_3_b2,Ezi RNAi,-0.2630974460042962,-0.3614469861887081,-12.980621164867829,95
760,39.07080504364694,273.4093113482056,681.7720659553831,1458.0,1.618916712968466,3484.3976721629488,Ezi_3_b2,Ezi RNAi,-0.2323093836439244,-0.3750055143502412,-10.90921512367766,95
761,40.381385938290336,280.70662620131515,883.3105715730906,2586.0,1.4359386342428837,2383.1315123925137,Ezi_3_b2,Ezi RNAi,-0.6863600676147682,-0.29322946029754815,-26.12868697207274,95
762,38.525518341307816,307.896331738437,670.5757575757576,1750.0,1.5901031600315918,2233.8189792663475,Ezi_3_b2,Ezi RNAi,-0.1966294939079446,-0.29513084995755157,-10.062228469503474,95
763,42.78345900094251,308.7377474081056,879.9538171536286,5292.0,1.9082781182805766,2539.3795947219605,Ezi_3_b2,Ezi RNAi,-0.6708982972644452,-0.2264980828047981,-23.078701908904787,95
764,39.769835035349566,321.13982717989,525.7784760408484,1857.0,1.8345050704223307,1391.4414768263944,Ezi_3_b2,Ezi RNAi,0.1346609201268587,-0.3091742830203488,3.300845820950818,95
765,37.450072358900144,325.3820549927641,451.03328509406657,1067.0,1.6267000274593035,1368.2894356005788,Ezi_3_b2,Ezi RNAi,0.3054710099457165,-0.3226802203814536,7.212107770171269,95
766,40.780925062746505,328.4668339906777,977.5087845105772,4579.0,1.8320828621262863,2360.8992470419507,Ezi_3_b2,Ezi RNAi,-0.8853662322757603,-0.14771242979701205,-32.85415894145604,95
767,37.62312633832976,329.5460385438972,881.8372591006424,596.0,1.794908187927278,2693.0299785867237,Ezi_3_b2,Ezi RNAi,-0.6679909564005364,-0.17552398671637925,-28.094671076790924,95
768,40.50375187593797,335.55377688844425,789.8049024512256,2471.0,1.9963203318189444,2113.271635817909,Ezi_3_b2,Ezi RNAi,-0.4585402185734936,-0.1902934217805835,-17.551362001915894,95
769,36.94086021505376,344.31451612903226,936.0779569892474,514.0,1.938978502621346,2230.3548387096776,Ezi_3_b2,Ezi RNAi,-0.7861893627686511,-0.122530826390714,-33.04877761182609,95
770,40.26923076923077,329.94368131868134,862.7678571428571,2744.0,1.7788067993484795,2530.3841575091574,Ezi_3_b2,Ezi RNAi,-0.6252357886444118,-0.1806471953066403,-23.879473137805228,95
771,37.39517014270033,421.02634467618003,818.1712403951701,1345.0,1.7555596652839756,2519.190998902305,Ezi_3_b2,Ezi RNAi,-0.49673216126331987,0.025535352664088018,-21.83194713790156,95
772,36.92526690391459,471.1708185053381,937.7508896797153,653.0,1.9969920267085037,2079.067615658363,Ezi_3_b2,Ezi RNAi,-0.7522875649283853,0.18490273807139923,-31.48517555399257,95
773,36.55300859598854,513.8338108882522,868.9140401146132,531.0,1.88005370156037,1361.0630372492838,Ezi_3_b2,Ezi RNAi,-0.5838040840850327,0.26621480697465727,-25.600518466359542,95
774,36.62278978388998,528.7819253438114,408.67976424361495,831.0,1.822742490945958,1312.5442043222004,Ezi_3_b2,Ezi RNAi,0.4618729646145081,0.15592970059731615,12.634556331217537,95
775,40.660525103638875,573.83095347766,834.0746199907877,3578.0,1.85940809200948,2414.043298019346,Ezi_3_b2,Ezi RNAi,-0.48794534150797253,0.400251962639514,-17.82146369682294,95
776,41.3207222699914,590.0963026655202,785.5494411006019,1852.0,1.3981867159564805,2533.456577815993,Ezi_3_b2,Ezi RNAi,-0.37345484557604414,0.4241572155540758,-12.940727117877545,95
777,37.78774120317821,614.733257661748,837.0851305334846,1348.0,1.6108924164506244,2876.7979568671963,Ezi_3_b2,Ezi RNAi,-0.4820564604376554,0.500182852897983,-20.378864216336407,95
778,37.819327731092436,611.7983193277311,510.5042016806723,1246.0,1.8626407193544998,2801.419117647059,Ezi_3_b2,Ezi RNAi,0.2559336332771014,0.38916287251907544,6.551462023741253,95
779,38.17801753202967,619.4807821982467,754.6304787592718,2008.0,1.7017308111576268,2336.0053944706674,Ezi_3_b2,Ezi RNAi,-0.2941725783305461,0.4854285129404714,-13.124280169361832,95
780,36.86704384724187,622.4427157001414,857.6859971711457,1129.0,1.9237582816939416,2767.144271570014,Ezi_3_b2,Ezi RNAi,-0.5261982752009966,0.5253954855823177,-22.89128077578265,95
781,40.644532803180915,637.1673956262425,737.2345924453281,3262.0,1.8191867692633594,2658.127634194831,Ezi_3_b2,Ezi RNAi,-0.2500334408513909,0.522665885072805,-8.992060953219948,95
782,36.346666666666664,654.4106666666667,846.088,624.0,1.642949909149581,3307.52,Ezi_3_b2,Ezi RNAi,-0.49036266676649465,0.5990478300261151,-22.02043609461809,95
783,37.630057803468205,681.179190751445,823.5057803468208,706.0,1.9766515355866483,2997.5028901734104,Ezi_3_b2,Ezi RNAi,-0.4315655876631078,0.6566143079636804,-18.516463565521562,95
784,42.96985446985447,676.8648648648649,821.4469854469854,1594.0,1.511409934428202,2735.2172557172557,Ezi_3_b2,Ezi RNAi,-0.4292108684273286,0.6454867913162421,-13.083930765651614,95
785,38.00962379702537,685.2633420822398,652.5354330708661,1611.0,1.8154104568765346,1337.84864391951,Ezi_3_b2,Ezi RNAi,-0.04361574729818951,0.6120891099224397,-3.980165657309292,95
786,37.52295918367347,700.0178571428571,820.9081632653061,653.0,1.8423905521997406,1463.5586734693877,Ezi_3_b2,Ezi RNAi,-0.42007197789788964,0.7013644751856809,-18.153917087934975,95
787,38.41098901098901,151.97362637362636,816.7450549450549,582.0,1.48093849539946,1513.1538461538462,Ezi_3_b2,Ezi RNAi,-0.5736241862321889,-0.6258394049047729,-24.34395783028757,95
788,40.517628205128204,196.2716346153846,703.5817307692307,1903.0,1.5176739072233414,1853.1538461538462,Ezi_3_b2,Ezi RNAi,-0.3048435027559069,-0.5546927994219641,-12.310603219198786,95
789,40.11691884456671,208.2104539202201,790.292984869326,1000.0,1.4398519721650702,1377.707015130674,Ezi_3_b2,Ezi RNAi,-0.4973988565144397,-0.49821495781474834,-19.700829318659874,95
790,40.27935723114957,218.15327564894932,321.50803461063043,2637.0,1.4651268816403418,1804.2033374536466,Ezi_3_b2,Ezi RNAi,0.566118943510566,-0.6233307397100599,19.26414319301231,95
791,41.947284345047926,215.17492012779553,781.7667731629393,1540.0,1.8809402373686939,1354.2771565495207,Ezi_3_b2,Ezi RNAi,-0.4763901775455771,-0.484090965371195,-17.07929925150466,95
792,40.22784810126582,219.29254571026723,885.379746835443,2140.0,1.5985640417474056,1583.831223628692,Ezi_3_b2,Ezi RNAi,-0.7092556290740284,-0.44114799927520854,-27.28367200447982,95
793,38.75412844036697,226.34311926605506,310.15963302752294,864.0,1.5968944160261997,1414.2293577981652,Ezi_3_b2,Ezi RNAi,0.5945186139437391,-0.6071183581460562,18.791202629379942,95
794,42.21259259259259,221.65851851851852,822.8592592592593,1842.0,1.990510559477249,2724.3259259259257,Ezi_3_b2,Ezi RNAi,-0.5674839886298046,-0.4553312549205688,-20.116739997936275,95
795,42.52550767706786,224.11094601287766,718.7553244180287,2973.0,1.86642053032511,3091.521545319465,Ezi_3_b2,Ezi RNAi,-0.3312869975409898,-0.48252646324515736,-11.184535472987964,95
796,41.07692307692308,225.63236763236762,650.6553446553446,1316.0,1.6461636476442179,2144.973026973027,Ezi_3_b2,Ezi RNAi,-0.17648616745140722,-0.5005059474730029,-6.990114813680769,95
797,40.052819414703784,237.41327623126338,791.5381870092791,2172.0,1.5765480687222364,3080.819414703783,Ezi_3_b2,Ezi RNAi,-0.4915288416769853,-0.4271684583270493,-19.472125638144863,95
798,39.05041031652989,242.09964830011722,674.6694021101993,1250.0,1.6834604287694048,2938.654161781946,Ezi_3_b2,Ezi RNAi,-0.22553696441771642,-0.45301237118471394,-10.767472998992696,95
799,42.53115264797508,232.78816199376948,902.0616822429906,4665.0,1.9495657387691778,1604.9392523364486,Ezi_3_b2,Ezi RNAi,-0.7434290799963312,-0.4032050687267559,-26.18178843546191,95
800,41.43185462319615,244.63067878140032,843.6568679850348,2364.0,1.7466511922111403,1573.6205237840727,Ezi_3_b2,Ezi RNAi,-0.6075637831805399,-0.3931321550993345,-22.299318631128422,95
801,44.39178326883001,251.78118487645133,865.388210777017,4316.0,1.8853592966944646,1478.6195296219112,Ezi_3_b2,Ezi RNAi,-0.655171675073387,-0.3689373752266014,-21.04550570135972,95
802,40.89829192546584,255.5194099378882,725.3012422360248,1749.0,1.6492040473375198,2209.4681677018634,Ezi_3_b2,Ezi RNAi,-0.33645525923466146,-0.40444699098968273,-12.920860321046945,95
803,41.2233589087809,266.0980392156863,619.468030690537,1715.0,1.7962867801368212,3038.369991474851,Ezi_3_b2,Ezi RNAi,-0.09393426198678245,-0.4125329700588062,-3.7239073100184763,95
804,40.14005602240896,262.23809523809524,744.547619047619,2067.0,1.4283641372653448,2327.59593837535,Ezi_3_b2,Ezi RNAi,-0.377858027342475,-0.38206338032148623,-15.173067796988715,95
805,39.365503080082135,270.5718685831622,827.8706365503081,1422.0,1.4623773506818611,2430.104722792608,Ezi_3_b2,Ezi RNAi,-0.563747105755456,-0.33538287203930506,-22.7051428589652,95
806,40.07280832095097,271.97622585438336,632.6002971768202,952.0,1.5825503805193726,2622.9405646359583,Ezi_3_b2,Ezi RNAi,-0.1216788783804651,-0.3941257372912249,-5.874100824290604,95
807,42.5354609929078,277.02209492635023,803.9558101472995,6092.0,1.651920764543704,1449.412711402073,Ezi_3_b2,Ezi RNAi,-0.5083317312037026,-0.3274084260991178,-17.486313628155596,95
808,41.33020790868324,288.1508357113738,748.8601712189156,3334.0,1.615025146167214,2009.4529147982062,Ezi_3_b2,Ezi RNAi,-0.3801449897386938,-0.31800865399621603,-13.99205268448328,95
809,41.72366556447803,293.4459140292867,926.3608880491262,2760.0,1.6256833344465913,2513.9437883797827,Ezi_3_b2,Ezi RNAi,-0.7802310742347969,-0.2487195105317873,-28.16974298577251,95
810,39.43381790359602,295.9158377964805,614.3596021423107,1645.0,1.609905982357325,2396.6182096403977,Ezi_3_b2,Ezi RNAi,-0.07317679320204018,-0.34200916522238567,-4.6821922826582565,95
811,39.051390058972196,317.23251895534963,639.8753159224937,1667.0,1.8967571109537884,2634.541701769166,Ezi_3_b2,Ezi RNAi,-0.1244989667435843,-0.2823164142524346,-6.879444298310689,95
812,40.99588265568708,323.4251158003088,756.6212043232115,2371.0,1.6618199208867275,1399.8898610396295,Ezi_3_b2,Ezi RNAi,-0.38716134207611963,-0.230198462318013,-14.487914726484671,95
813,41.26977401129943,318.78954802259886,968.6313559322034,1190.0,1.7913164955814354,2752.135593220339,Ezi_3_b2,Ezi RNAi,-0.8682498712115814,-0.1739525317424122,-31.765743600884264,95
814,39.79482071713147,337.2300796812749,940.6225099601594,1442.0,1.5997970311887109,2314.340637450199,Ezi_3_b2,Ezi RNAi,-0.7991216018673466,-0.13824259498932734,-30.675565808854373,95
815,38.257861635220124,347.2704402515723,752.8763102725367,663.0,1.7946736713986646,1395.6331236897274,Ezi_3_b2,Ezi RNAi,-0.37108149887621544,-0.17368368598951656,-16.584677510418835,95
816,39.8348623853211,346.2627189324437,969.8523769808173,1647.0,1.9276946351866822,1766.9641367806505,Ezi_3_b2,Ezi RNAi,-0.8625767036908336,-0.10708929919286803,-32.924472658374,95
817,39.15667718191378,347.83701366982126,464.66982124079914,1234.0,1.575081252114802,1329.3554153522607,Ezi_3_b2,Ezi RNAi,0.28096317785342007,-0.26402728269625286,8.091859071782281,95
818,42.40746138152142,354.55785485281257,985.329350043719,4872.0,1.7829112202795323,1943.6324686680268,Ezi_3_b2,Ezi RNAi,-0.8956203709781082,-0.08211297583801458,-31.52523781186482,95
819,37.85872576177285,373.7368421052632,807.6481994459833,623.0,1.950038024056498,2688.2659279778395,Ezi_3_b2,Ezi RNAi,-0.48706089147727183,-0.09222277137782697,-21.142117000003125,95
820,37.5424,387.456,777.8928,898.0,1.7547219150633073,2379.4256,Ezi_3_b2,Ezi RNAi,-0.41560534086040435,-0.06849848536182856,-18.817208027376797,95
821,40.99933288859239,378.6951300867245,855.7271514342896,2798.0,1.55608485579588,2871.34823215477,Ezi_3_b2,Ezi RNAi,-0.5949643077109633,-0.06494885063635769,-21.91125883924255,95
822,40.21002132196162,388.4925373134328,979.4488272921109,1336.0,1.4836333186289359,1474.4466950959488,Ezi_3_b2,Ezi RNAi,-0.8718150994295885,-0.0018722919877594002,-32.77058038053561,95
823,39.703539823008846,381.8731563421829,935.0899705014749,989.0,1.7821695946324614,1822.3716814159293,Ezi_3_b2,Ezi RNAi,-0.773325534537567,-0.0319982975826143,-29.705874712095024,95
824,39.15769230769231,403.87692307692305,819.6820512820512,1606.0,1.6694228200931784,2628.098717948718,Ezi_3_b2,Ezi RNAi,-0.5055818401424952,-0.01548467956209243,-20.43235089046745,95
825,39.99657534246575,447.64982876712327,881.0590753424658,1868.0,1.8234758310846437,2226.286815068493,Ezi_3_b2,Ezi RNAi,-0.6316007249196982,0.10993924727990256,-24.066677913796333,95
826,39.50962962962963,450.88444444444445,972.074074074074,1247.0,1.9950912058740675,1664.9274074074074,Ezi_3_b2,Ezi RNAi,-0.8364621771276965,0.14672919938101825,-32.01566086828761,95
827,37.624454148471614,490.6200873362445,926.4410480349345,597.0,1.8487984539178715,1526.406113537118,Ezi_3_b2,Ezi RNAi,-0.7210559841638329,0.22835260134033608,-29.592257353989346,95
828,41.402906976744184,493.4656976744186,778.0930232558139,3249.0,1.7987718524247427,1477.739534883721,Ezi_3_b2,Ezi RNAi,-0.3853058325556935,0.18800736519245476,-13.551773244994866,95
829,40.98692591350989,523.9493798189742,756.823667448877,3941.0,1.7538034919425385,2204.349312772377,Ezi_3_b2,Ezi RNAi,-0.3280502944779099,0.2549907000734106,-11.799230670332499,95
830,40.78622327790974,524.6437054631829,848.6318289786224,1961.0,1.8606883543503105,2032.948535233571,Ezi_3_b2,Ezi RNAi,-0.5355156013456495,0.2858854954265986,-19.56278323667362,95
831,39.83883751651255,567.1882430647292,810.1578599735799,2227.0,1.8861814376170862,2377.3124174372524,Ezi_3_b2,Ezi RNAi,-0.4356513108274501,0.37657632790878215,-16.757377529494143,95
832,38.45324675324675,573.7636363636364,855.4636363636364,1132.0,1.8389752172877736,2355.583116883117,Ezi_3_b2,Ezi RNAi,-0.5359343115138304,0.4069095700752814,-21.78623733281534,95
833,39.753313696612665,584.401325478645,814.6605301914581,2109.0,1.9761586131152924,2227.2893961708396,Ezi_3_b2,Ezi RNAi,-0.44070865721479846,0.41965294811030107,-16.981014925718792,95
834,38.47908745247148,590.0722433460076,792.8479087452472,853.0,1.7436013037297668,2599.5950570342206,Ezi_3_b2,Ezi RNAi,-0.3894306613591485,0.4264399457201209,-16.37476894703217,95
835,39.16478076379067,592.4752475247525,743.6647807637906,2000.0,1.9798441100031057,2165.7956152758134,Ezi_3_b2,Ezi RNAi,-0.2775744007679263,0.4165987529517925,-11.60199505210423,95
836,37.973597359735976,599.7887788778878,888.6171617161716,1137.0,1.9020831320216465,2484.7590759075906,Ezi_3_b2,Ezi RNAi,-0.6031192469930264,0.480424431108631,-24.646654341778373,95
837,40.05117270788912,615.4719260838664,805.2771855010661,1895.0,1.9820652811515398,2668.1947405828005,Ezi_3_b2,Ezi RNAi,-0.41030665828297386,0.4918337231678047,-15.48962361934229,95
838,39.26949152542373,632.2305084745763,859.9118644067796,1009.0,1.5332115473127783,1524.2288135593221,Ezi_3_b2,Ezi RNAi,-0.5287862245867415,0.5497675223703737,-20.548357279054457,95
839,37.92408066429419,634.3463819691577,922.8564650059312,1171.0,1.750788481923027,2856.8517200474494,Ezi_3_b2,Ezi RNAi,-0.6703083351566661,0.5749244108723559,-27.052510274639953,95
840,38.36239316239316,637.1247863247863,841.2068376068376,854.0,1.502652068826293,2847.0273504273505,Ezi_3_b2,Ezi RNAi,-0.48483990134920096,0.5556620631065146,-19.843116108228656,95
841,39.94158075601374,634.5990836197021,798.9473081328752,1459.0,1.8560266544715585,3467.807560137457,Ezi_3_b2,Ezi RNAi,-0.39028287812310547,0.5360942281413952,-14.8177949384202,95
842,38.933609958506224,636.0,811.8879668049792,1018.0,1.5549331593369025,2647.2904564315354,Ezi_3_b2,Ezi RNAi,-0.4189512817115546,0.5436077825951149,-16.870707196935886,95
843,37.38423645320197,648.8399014778325,529.332512315271,608.0,1.8760042789754316,1560.0566502463055,Ezi_3_b2,Ezi RNAi,0.2244225590189377,0.4847709740780377,5.066205912919056,95
844,38.22129186602871,654.2224880382776,885.2715311004785,1257.0,1.9815747107183808,2225.848086124402,Ezi_3_b2,Ezi RNAi,-0.5794273791683956,0.6110486983065233,-23.38703837433999,95
845,37.48885077186964,661.2830188679245,730.0308747855918,809.0,1.816486234210953,2510.8319039451117,Ezi_3_b2,Ezi RNAi,-0.22596803778330954,0.5787367034034092,-11.216057361676786,95
846,39.636032757051865,659.3066424021838,772.7106460418562,1688.0,1.5354971930894836,2842.881710646042,Ezi_3_b2,Ezi RNAi,-0.3235261069539529,0.5875221568952651,-12.62365516220993,95
847,38.693654266958426,668.9628008752735,861.4026258205689,1275.0,1.714590836929621,2160.8490153172866,Ezi_3_b2,Ezi RNAi,-0.5211371788664915,0.6391114068345434,-20.747936421041693,95
848,40.87263556116015,670.9047919293821,759.327238335435,2425.0,1.8245518301609935,2333.917402269861,Ezi_3_b2,Ezi RNAi,-0.2900382723185039,0.611314628718475,-10.130433922484265,95
849,38.23721590909091,685.6647727272727,567.96875,1020.0,1.8354498666220884,1378.6463068181818,Ezi_3_b2,Ezi RNAi,0.1477865475669966,0.5861493491295331,3.227688966580009,95
850,37.84979702300406,684.1434370771312,595.3978349120433,1125.0,1.9384568463183045,1776.6982408660351,Ezi_3_b2,Ezi RNAi,0.08535222979889268,0.5911993790541095,0.5584988015603982,95
851,38.31051344743276,683.0635696821516,797.3300733496333,645.0,1.6086815663382654,1465.273838630807,Ezi_3_b2,Ezi RNAi,-0.3719151716432213,0.6528395003438039,-15.653735011178938,95
852,40.43117744610282,693.301824212272,913.0713101160862,1652.0,1.6697939649145395,1443.2819237147596,Ezi_3_b2,Ezi RNAi,-0.6311364958321053,0.7144242046015596,-22.949017918690473,95
853,38.87657920310981,697.4295432458698,641.3712342079689,1483.0,1.5453055116272132,2978.904761904762,Ezi_3_b2,Ezi RNAi,-0.01490926531781156,0.637964430756379,-2.0306641299102086,95
854,39.34850455136541,693.8842652795839,851.9817945383616,1100.0,1.8089948644842095,1799.925877763329,Ezi_3_b2,Ezi RNAi,-0.4925453172713895,0.6964014323365368,-18.980946204213787,95
855,38.288557213930346,707.6799336650083,618.5174129353234,891.0,1.9182165316807316,1533.4013266998343,Ezi_3_b2,Ezi RNAi,0.03995346867004712,0.6554946725982467,-0.5927422785686698,95
856,39.09243697478992,724.7909663865546,820.2636554621848,1506.0,1.8234496537411966,1745.90756302521,Ezi_3_b2,Ezi RNAi,-0.41155502264498867,0.7610822823653425,-16.201438308442132,95
857,41.419444444444444,719.6481481481482,808.0407407407407,1579.0,1.5844689895168074,1359.2342592592593,Ezi_3_b2,Ezi RNAi,-0.38587437730874796,0.7447357984013001,-12.943960648007302,95
858,43.232,148.62742857142857,787.5388571428572,2712.0,1.6250936972786312,1356.6617142857142,Ezi_3_b2,Ezi RNAi,-0.5094634040894135,-0.6432597730959735,-17.175991197215485,95
859,43.7858040201005,158.46545226130652,805.0175879396985,2184.0,1.764208873946044,1455.6595477386934,Ezi_3_b2,Ezi RNAi,-0.5461913714574356,-0.6139006342594115,-17.93271974651117,95
860,43.2964996568291,162.29993136582019,437.0370624571036,2102.0,1.458161967520013,1351.6362388469458,Ezi_3_b2,Ezi RNAi,0.28757316480236095,-0.7217136032782232,11.985085320745858,95
861,40.61658398299079,197.15450035435862,439.06307583274275,2083.0,1.364701245459312,1331.958185683912,Ezi_3_b2,Ezi RNAi,0.29385597859944546,-0.6367284169153513,9.619223389607463,95
862,42.80358327803583,192.03251493032516,849.8301260783013,2001.0,1.7130296215172676,2130.827471798275,Ezi_3_b2,Ezi RNAi,-0.6374175231331313,-0.5184265221768773,-22.153574583306668,95
863,41.690442225392296,194.6740370898716,772.7032810271041,1820.0,1.5132329185098978,3172.7689015691867,Ezi_3_b2,Ezi RNAi,-0.4619254399165351,-0.536570739635254,-16.865126411168607,95
864,43.115495668912416,192.5601539942252,835.1838306063522,1649.0,1.7236957022090533,1900.822906641001,Ezi_3_b2,Ezi RNAi,-0.6041841706922106,-0.5218125578298995,-20.6274873120119,95
865,39.63597883597883,205.8920634920635,924.3746031746032,1454.0,1.6277661530405825,1355.2740740740742,Ezi_3_b2,Ezi RNAi,-0.8013464332081242,-0.4611553636839546,-31.271416079463762,95
866,41.13257305773343,206.85317177476836,717.9044903777619,1928.0,1.6758871915152154,2708.640769779045,Ezi_3_b2,Ezi RNAi,-0.33422212189151823,-0.5245395332791835,-12.736015068774755,95
867,42.328115216030056,199.57169693174703,874.7651847213525,2313.0,1.8849422811387848,1715.3162179085787,Ezi_3_b2,Ezi RNAi,-0.6915009230244225,-0.4922495824463433,-24.582138038898968,95
868,40.10815765352887,221.29514207149404,857.9110907424381,1968.0,1.858651566935671,2359.147571035747,Ezi_3_b2,Ezi RNAi,-0.6464918058865783,-0.4450430079065876,-25.110037937750572,95
869,39.763440860215056,225.3252688172043,772.0698924731183,507.0,1.699017237956894,1734.1478494623657,Ezi_3_b2,Ezi RNAi,-0.45101858039439635,-0.46260575335598775,-18.31824046634946,95
870,40.318134715025906,231.30362694300518,398.33575129533676,1458.0,1.5699537662763459,1432.5367875647669,Ezi_3_b2,Ezi RNAi,0.39620026333066205,-0.5670697079858004,13.143525441441671,95
871,41.152571926765475,232.77244986922406,833.6346992153444,1511.0,1.656477117831281,2447.399302528335,Ezi_3_b2,Ezi RNAi,-0.5883584372569559,-0.42500782281172644,-21.911442225377982,95
872,41.414398064125834,238.23714458560192,663.7374470659407,2114.0,1.5142569817829898,2616.8100423472474,Ezi_3_b2,Ezi RNAi,-0.20240377759675476,-0.46585086645470464,-7.5623010416389,95
873,41.91692498450093,233.97024178549287,819.5406075635461,2127.0,1.8012952134844336,1669.1518908865469,Ezi_3_b2,Ezi RNAi,-0.5562618923727816,-0.4265998077033629,-19.97097595006982,95
874,39.96467991169978,240.15673289183223,713.8609271523179,622.0,1.6559128650962056,3170.225165562914,Ezi_3_b2,Ezi RNAi,-0.31495729483478974,-0.44524789754526517,-13.115481494829043,95
875,42.1918505942275,247.24561403508773,702.7555178268251,2473.0,1.4635197935298712,3154.2444821731747,Ezi_3_b2,Ezi RNAi,-0.2881523048180268,-0.4316462094012482,-9.884101422642505,95
876,41.58427815570673,259.69312169312167,712.81179138322,1870.0,1.5513604433810098,3456.8873771730914,Ezi_3_b2,Ezi RNAi,-0.3070900950751886,-0.39832827335395904,-11.150565854257234,95
877,44.445482079757696,276.53508329126703,784.6855123674911,5325.0,1.9879367109015686,1889.7733467945482,Ezi_3_b2,Ezi RNAi,-0.4652440226751854,-0.3347309874130483,-14.000026427438403,95
878,41.40269461077844,281.0306886227545,933.5860778443114,1993.0,1.4900667179006102,2519.1549401197603,Ezi_3_b2,Ezi RNAi,-0.8002042336102217,-0.2764542606310034,-29.253625890984132,95
879,41.11772575250836,284.41003344481607,668.4795986622073,1948.0,1.6432485477624175,3009.5371237458194,Ezi_3_b2,Ezi RNAi,-0.19935978945802835,-0.35263473571562776,-7.62410009110498,95
880,39.37826086956522,284.08550724637684,945.1869565217391,986.0,1.4498698272281976,2817.168115942029,Ezi_3_b2,Ezi RNAi,-0.8251557064404165,-0.2653591438302557,-32.18654237259975,95
881,40.18356374807988,287.68663594470047,598.8755760368664,1645.0,1.6290462865617095,2371.978494623656,Ezi_3_b2,Ezi RNAi,-0.04073318461750253,-0.36684989079679886,-2.7692354386925704,95
882,39.777389277389275,301.75524475524475,959.425407925408,1088.0,1.53860633820779,3130.7109557109557,Ezi_3_b2,Ezi RNAi,-0.8521966870322419,-0.21808294387319016,-32.72411469822312,95
883,39.69030969030969,314.010989010989,489.0989010989011,1362.0,1.7412819621397937,1373.001998001998,Ezi_3_b2,Ezi RNAi,0.21554359226395858,-0.33809201644578635,6.150678857968675,95
884,39.66274509803922,324.60196078431375,267.89607843137253,789.0,1.64984486817337,1411.543137254902,Ezi_3_b2,Ezi RNAi,0.7191519152222894,-0.3828568979136253,24.512858110520142,95
885,39.891938250428815,326.4648370497427,886.6518010291595,758.0,1.6028884471177,2540.5403087478558,Ezi_3_b2,Ezi RNAi,-0.6802328882279534,-0.18146107395637823,-26.272642417668262,95
886,39.757788944723615,332.3075376884422,775.5587939698493,1715.0,1.8407289917178242,2068.01608040201,Ezi_3_b2,Ezi RNAi,-0.42713094134300833,-0.20267529061951073,-17.16354130801258,95
887,38.931458699472756,332.7785588752197,808.3585237258347,1012.0,1.6749104580709275,2321.3813708260104,Ezi_3_b2,Ezi RNAi,-0.5010401768938437,-0.19109336511395958,-20.68614475233564,95
888,40.34854535082715,331.5293782087849,644.9229891614375,2146.0,1.8865315281365138,1949.4147176269253,Ezi_3_b2,Ezi RNAi,-0.1319201571512605,-0.246130556178089,-5.809671317511256,95
889,39.14011516314779,345.3675623800384,437.30998080614205,1385.0,1.7345194844216372,1337.8809980806143,Ezi_3_b2,Ezi RNAi,0.34213262430415425,-0.2787074814230135,10.298750860951667,95
890,40.68559837728195,364.5510480054091,761.9641649763354,1851.0,1.4961980442516345,1981.89046653144,Ezi_3_b2,Ezi RNAi,-0.3869732812767628,-0.12900107279369133,-14.681152796415748,95
891,41.841402337228715,366.42737896494157,749.1160267111853,1769.0,1.6610930067158585,1499.7929883138565,Ezi_3_b2,Ezi RNAi,-0.3575689477367666,-0.12855756671010754,-12.444195417019438,95
892,42.16111951588502,375.81013615733735,804.4515885022693,2326.0,1.7762741756158702,2560.0431164901665,Ezi_3_b2,Ezi RNAi,-0.4800359756034024,-0.08825212684618655,-16.5630385213718,95
893,40.2625,397.61875,857.459375,1169.0,1.655062001991827,3144.821875,Ezi_3_b2,Ezi RNAi,-0.5931209677114019,-0.018611277015405436,-22.532246968954865,95
894,40.16606498194946,405.5225631768953,889.6805054151624,1688.0,1.9547832736647577,2731.8781588447655,Ezi_3_b2,Ezi RNAi,-0.6636528248632297,0.01076379248220416,-25.17917213199706,95
895,39.342150170648466,411.84215017064844,903.4052901023891,1542.0,1.631995277263669,2953.3660409556314,Ezi_3_b2,Ezi RNAi,-0.6926693423933692,0.030425308078369406,-27.046773054067472,95
896,41.68462083628632,408.04890148830617,985.0290574060949,2216.0,1.7560398781364508,1485.5761871013465,Ezi_3_b2,Ezi RNAi,-0.8789127324995659,0.047206094268752,-31.49672002715034,95
897,41.97875,420.556875,921.6275,2816.0,1.6878337778852326,2462.2575,Ezi_3_b2,Ezi RNAi,-0.7318115301261914,0.05728986285369797,-25.804527260861715,95
898,41.7634691195795,407.74113009198425,730.6925098554533,1376.0,1.9385397101615496,1587.318002628121,Ezi_3_b2,Ezi RNAi,-0.30359944475311174,-0.03446989219780139,-10.44293535735601,95
899,46.36228504809093,410.3861847857767,819.2118915767998,5249.0,1.9887494729716404,2405.6178956572426,Ezi_3_b2,Ezi RNAi,-0.5039628242490201,6.645728036303034e-05,-13.12608079834808,95
900,38.98746081504702,419.70846394984324,932.1598746081505,700.0,1.82378615770888,2267.0188087774295,Ezi_3_b2,Ezi RNAi,-0.7553200987722767,0.0586082720143426,-29.665612444042793,95
901,39.44398340248963,432.07053941908714,871.9398340248963,687.0,1.4701681377191285,2445.836099585062,Ezi_3_b2,Ezi RNAi,-0.6154912779676508,0.06935038400192939,-24.076002250154055,95
902,39.199261992619924,433.9206642066421,971.7988929889299,924.0,1.827539492256834,1653.0664206642066,Ezi_3_b2,Ezi RNAi,-0.8408194525372648,0.10560349730413554,-32.53186639047585,95
903,39.67100371747212,448.496282527881,951.6524163568773,1090.0,1.75657281276739,2249.5985130111526,Ezi_3_b2,Ezi RNAi,-0.7909998086315794,0.13445225884305323,-30.202663051582384,95
904,39.70786516853933,452.80337078651684,906.4119850187266,765.0,1.8413879226102434,2443.0149812734085,Ezi_3_b2,Ezi RNAi,-0.6873738884415097,0.1304763955460937,-26.375896419422954,95
905,38.21695760598504,473.65835411471323,900.8503740648379,648.0,1.8689696679933527,1561.9925187032418,Ezi_3_b2,Ezi RNAi,-0.6683107345708287,0.17917047324786917,-27.120532853843724,95
906,38.598130841121495,494.25129802699894,391.9252336448598,1282.0,1.7980905564354903,1333.2627206645898,Ezi_3_b2,Ezi RNAi,0.48914348001365227,0.06704614427136812,15.51760092795748,95
907,41.19806042521447,515.7086907870198,770.4050727340544,3965.0,1.7568237743176807,2156.390525923163,Ezi_3_b2,Ezi RNAi,-0.36126569269432807,0.23937443123715085,-12.820666683983365,95
908,40.81885521885522,523.9542087542087,863.9218855218855,2111.0,1.8680554151303295,1761.529292929293,Ezi_3_b2,Ezi RNAi,-0.5703194174589927,0.2890825517452147,-20.800824631598086,95
909,44.10622222222222,582.7924444444444,906.795111111111,3276.0,1.711700790469546,2433.0675555555554,Ezi_3_b2,Ezi RNAi,-0.6504678103526472,0.44504980335324573,-20.2649945056644,95
910,41.261806981519506,594.9158110882956,923.1981519507187,1426.0,1.7716054605984868,2493.9209445585216,Ezi_3_b2,Ezi RNAi,-0.6834331018737893,0.4796177076940904,-24.288384699320154,95
911,40.92472198460222,600.0607356715141,814.4328485885372,1545.0,1.925839924985323,2294.2874251497005,Ezi_3_b2,Ezi RNAi,-0.43576588858130627,0.4574573823500694,-15.58295875637382,95
912,39.36044362292052,600.4288354898337,861.0776340110906,870.0,1.6460292675699248,2918.242144177449,Ezi_3_b2,Ezi RNAi,-0.5408880525908009,0.4732006765504484,-20.984353551612184,95
913,38.8830242510699,612.9572039942939,870.9272467902996,1143.0,1.785573580527068,2544.2724679029957,Ezi_3_b2,Ezi RNAi,-0.5593591657250376,0.5066476285304151,-22.102979121440807,95
914,40.60233918128655,607.9400584795321,793.8684210526316,1813.0,1.9392387661460284,2295.717105263158,Ezi_3_b2,Ezi RNAi,-0.38683792317904964,0.4699781050954146,-14.1012668215693,95
915,40.29188002926116,619.293343087052,727.1638624725676,1656.0,1.9480654030223876,1861.2713972201902,Ezi_3_b2,Ezi RNAi,-0.2324912421001889,0.4762212716506218,-8.75472278886057,95
916,38.83779264214047,636.1003344481605,888.6354515050167,885.0,1.7218495249376244,1464.036789297659,Ezi_3_b2,Ezi RNAi,-0.5925393083757704,0.5682724953738516,-23.295476536759207,95
917,39.214035087719296,647.8228070175438,864.6017543859649,929.0,1.7827190271133904,2068.2385964912282,Ezi_3_b2,Ezi RNAi,-0.5347543629383484,0.5889823877753793,-20.779414698838945,95
918,39.08430609597925,646.8534370946822,799.9623865110246,1090.0,1.6262854085230687,3250.948119325551,Ezi_3_b2,Ezi RNAi,-0.38877516302872095,0.5660695548213797,-15.589924034007389,95
919,41.264836138175376,648.450841452613,752.3374667847653,1601.0,1.8819197546985373,2851.960141718335,Ezi_3_b2,Ezi RNAi,-0.2809695358794646,0.5547654666115851,-9.466981067822427,95
920,43.541528239202655,675.7598481252967,888.5913621262458,3222.0,1.7572917214368544,2322.2083531086855,Ezi_3_b2,Ezi RNAi,-0.5815582496192636,0.6641753195125049,-18.067732261649496,95
921,39.14224598930481,682.8342245989305,626.9304812834224,1418.0,1.7837615759906447,3425.3155080213905,Ezi_3_b2,Ezi RNAi,0.013375508005627479,0.5980574065805031,-0.7723205133832005,95
922,38.955555555555556,681.2571428571429,856.5555555555555,544.0,1.7091498289943061,1711.7714285714285,Ezi_3_b2,Ezi RNAi,-0.5065689680648023,0.6673108181350942,-19.920715930767457,95
923,38.6804008908686,694.445434298441,885.1380846325167,1515.0,1.7501588170962032,2464.5278396436524,Ezi_3_b2,Ezi RNAi,-0.5672647386273055,0.708313877657845,-22.374068052064413,95
924,40.49577464788732,705.6892018779342,876.7633802816902,1579.0,1.8532824802941967,2220.78779342723,Ezi_3_b2,Ezi RNAi,-0.5453247651285844,0.7328390135592,-19.722049688114847,95
925,39.036468330134355,714.827255278311,915.3378119001919,778.0,1.70281460297252,1595.8023032629558,Ezi_3_b2,Ezi RNAi,-0.6296031766540457,0.7672305929131622,-24.23443241189651,95
926,41.99920508744038,715.8934817170111,933.3982511923689,2466.0,1.8467048221045406,1398.9411764705883,Ezi_3_b2,Ezi RNAi,-0.6707138124486116,0.7755376722440928,-22.75737776212878,95
927,41.08662900188324,136.68455743879474,485.5527306967985,1673.0,1.4922551072940555,1650.8126177024483,Ezi_3_b2,Ezi RNAi,0.17062315379961013,-0.7682321179143661,5.434320679960315,95
928,42.04855842185129,143.6267071320182,888.2822458270106,907.0,1.7864775256228804,1382.8528072837632,Ezi_3_b2,Ezi RNAi,-0.7386478296640296,-0.6232932663301907,-26.73296915003804,95
929,41.346723044397464,168.72727272727272,424.2262156448203,1177.0,1.4165818456348578,1592.3763213530656,Ezi_3_b2,Ezi RNAi,0.3188391767715806,-0.7102277977050633,11.18585765994826,95
930,40.91692307692308,211.57076923076923,819.4276923076923,917.0,1.7658027166827102,1572.9507692307693,Ezi_3_b2,Ezi RNAi,-0.5624690662250376,-0.48081984867881844,-21.26136485415647,95
931,42.516937669376695,206.6890243902439,845.8807588075881,1949.0,1.6554358455464904,2696.5548780487807,Ezi_3_b2,Ezi RNAi,-0.6240736620022767,-0.48422313168416975,-21.91505529065986,95
932,42.321176470588235,206.54705882352943,699.0464705882353,2437.0,1.6251146769995988,2723.1082352941175,Ezi_3_b2,Ezi RNAi,-0.29187541255790606,-0.5312885555828959,-10.000179538400694,95
933,41.4381468703795,221.59931000492853,749.6076885165106,2934.0,1.5575922506747464,2854.823558403154,Ezi_3_b2,Ezi RNAi,-0.40162653063999,-0.47877838239981174,-14.846997647525694,95
934,44.897630331753554,226.360663507109,807.7691943127962,2895.0,1.675346196756349,1906.8886255924172,Ezi_3_b2,Ezi RNAi,-0.5324605708478523,-0.448774673458345,-16.132721289124095,95
935,40.879232505643344,239.14221218961626,855.9638826185102,1227.0,1.8010885455660084,1352.8273137697518,Ezi_3_b2,Ezi RNAi,-0.6369322702026499,-0.4024905568597359,-23.939463779479382,95
936,45.09411764705882,239.975,719.9125,2256.0,1.6772161067255082,3234.9,Ezi_3_b2,Ezi RNAi,-0.3296838869754316,-0.44379538470719004,-8.505629701085278,95
937,42.83661016949153,238.9349152542373,743.1091525423728,1954.0,1.6077689598571934,3007.19593220339,Ezi_3_b2,Ezi RNAi,-0.38204187483132046,-0.4389156516370881,-12.682730035440233,95
938,43.11834733893557,246.4768907563025,755.5427170868347,1906.0,1.734231889670845,3083.4761904761904,Ezi_3_b2,Ezi RNAi,-0.4079854943219583,-0.4167149171707204,-13.325493696103432,95
939,41.643600734843844,268.2767911818739,664.181261481935,2160.0,1.3800852418536516,3133.322718922229,Ezi_3_b2,Ezi RNAi,-0.19452820187796527,-0.39303677116676994,-6.963890622770457,95
940,43.67079463364293,282.47162022703816,962.765737874097,1455.0,1.508835527708612,2499.369453044376,Ezi_3_b2,Ezi RNAi,-0.8662271777170916,-0.2636979533504912,-29.380892521138435,95
941,44.21252498334444,285.9130579613591,710.006329113924,4241.0,1.456012384976063,2214.2088607594937,Ezi_3_b2,Ezi RNAi,-0.2934568842242201,-0.33580471437527004,-7.945189163443894,95
942,42.63728129205922,290.78398384925976,648.1164199192463,1982.0,1.7237706076601313,2690.821668909825,Ezi_3_b2,Ezi RNAi,-0.15168670318863775,-0.34370390930058825,-4.34389332943627,95
943,39.80537974683544,312.93196202531647,625.3259493670886,1033.0,1.9648814225819466,2357.903481012658,Ezi_3_b2,Ezi RNAi,-0.09300373961759145,-0.2973552564684133,-4.986177027425557,95
944,42.8183776022972,312.035175879397,615.4077530509692,1705.0,1.6133981080851543,2178.6934673366836,Ezi_3_b2,Ezi RNAi,-0.07140728756995318,-0.30270049690405143,-1.1777437864170723,95
945,41.707890743550834,312.14795144157813,909.9833080424886,1610.0,1.6857866957983667,2104.1107738998485,Ezi_3_b2,Ezi RNAi,-0.7376192579751664,-0.20868532120518912,-26.58137829686397,95
946,41.849137931034484,312.1810344827586,853.8879310344828,1569.0,1.5333171792392275,2630.1396551724138,Ezi_3_b2,Ezi RNAi,-0.6107243322345728,-0.22645597419982766,-21.81305600651453,95
947,44.64723694171082,324.83724451173356,465.94095382286145,1882.0,1.9143444465429964,3235.3671461014383,Ezi_3_b2,Ezi RNAi,0.2702046456470597,-0.31930153745253764,13.147025234482232,95
948,40.6045197740113,341.7118644067797,754.9237288135594,553.0,1.6230915393143153,1461.8361581920904,Ezi_3_b2,Ezi RNAi,-0.3778138125164483,-0.18649525690857405,-14.490358142657758,95
949,45.13360461173279,361.8840284842319,787.3312987453374,3873.0,1.80106565582851,2226.742963716514,Ezi_3_b2,Ezi RNAi,-0.44600797569646666,-0.12741043633403903,-12.377265226334549,95
950,39.15822784810127,385.67879746835445,823.9477848101266,985.0,1.7928058926086712,3066.4984177215188,Ezi_3_b2,Ezi RNAi,-0.5206387895647319,-0.058153701917089795,-21.03001449235304,95
951,42.97950819672131,390.9924863387978,962.6748633879781,1931.0,1.939383415767766,1464.6693989071039,Ezi_3_b2,Ezi RNAi,-0.8336523070522965,-0.0011798169812871073,-28.593317920501903,95
952,43.115671641791046,390.46194029850744,823.4141791044776,1956.0,1.9765842480531426,2967.429104477612,Ezi_3_b2,Ezi RNAi,-0.5187677729681988,-0.04677754112024135,-16.977660505875182,95
953,42.0152027027027,397.85135135135135,805.7271959459459,1661.0,1.5393781834324476,2567.0388513513512,Ezi_3_b2,Ezi RNAi,-0.4763465129052832,-0.034521363528922655,-16.515313912383682,95
954,42.829444891391795,398.60016090104585,975.9750603378922,1617.0,1.5124772175260188,1444.7465808527757,Ezi_3_b2,Ezi RNAi,-0.8614545009117983,0.02145844439591782,-29.736967182718587,95
955,43.50146972369195,404.6278659611993,924.8530276308054,2552.0,1.8969698127311247,2315.472075249853,Ezi_3_b2,Ezi RNAi,-0.744132232879849,0.019769546157254902,-24.768815913915017,95
956,42.29563719862227,417.50459242250287,957.9115958668198,2847.0,1.9823450673206846,1512.05223880597,Ezi_3_b2,Ezi RNAi,-0.8148692529804424,0.061449206064617456,-28.52301973437093,95
957,41.30813008130081,421.6788617886179,801.9130081300813,1704.0,1.6619551207713534,2065.213008130081,Ezi_3_b2,Ezi RNAi,-0.46050373221352037,0.021915018659291352,-16.582761454577778,95
958,41.42182890855457,424.35693215339234,772.8554572271387,1582.0,1.8457163280410638,1340.0963618485741,Ezi_3_b2,Ezi RNAi,-0.3939891333258798,0.019147057004408108,-14.036348994765099,95
959,40.63446475195823,455.3563968668407,918.2049608355092,1360.0,1.7967180750397709,2275.0287206266316,Ezi_3_b2,Ezi RNAi,-0.713473596046199,0.14039941189301142,-26.390745248002574,95
960,40.196374622356494,465.012084592145,943.1102719033232,1126.0,1.9837738428658747,2051.9773413897283,Ezi_3_b2,Ezi RNAi,-0.7668681192574088,0.17168706555435254,-28.7509586420322,95
961,39.419624217119,472.5052192066806,883.7390396659707,940.0,1.688822303552589,1621.8538622129436,Ezi_3_b2,Ezi RNAi,-0.630170091989992,0.17092797664400683,-24.526226974738822,95
962,39.21875,509.95089285714283,875.359375,638.0,1.6221104880239954,1449.4419642857142,Ezi_3_b2,Ezi RNAi,-0.600049671902948,0.2588544772191155,-23.528320266499648,95
963,40.45893719806763,516.9919484702093,897.9130434782609,954.0,1.8633491959521946,1483.1320450885669,Ezi_3_b2,Ezi RNAi,-0.649221529110368,0.28305735033565194,-24.057542544309722,95
964,41.463172804532576,560.1189801699717,883.0028328611897,926.0,1.604833294848909,2194.0240793201133,Ezi_3_b2,Ezi RNAi,-0.6028690327045634,0.38264275037232376,-21.243157287494665,95
965,42.49416058394161,565.3321167883212,773.2941605839416,1904.0,1.8745030159892135,2886.3189781021897,Ezi_3_b2,Ezi RNAi,-0.353308973753945,0.360338341800589,-11.09570780299718,95
966,40.82142857142857,593.959706959707,830.4478021978022,1473.0,1.7922841209884313,2498.2087912087914,Ezi_3_b2,Ezi RNAi,-0.4737912732337751,0.44779397010682676,-17.08949501607282,95
967,40.696969696969695,596.6818181818181,973.3518518518518,989.0,1.940065540768701,1356.8956228956229,Ezi_3_b2,Ezi RNAi,-0.7962698997196676,0.4998529645490295,-28.964352776111017,95
968,41.28219178082192,612.9105022831051,940.7534246575342,1935.0,1.9820418853247483,2932.946118721461,Ezi_3_b2,Ezi RNAi,-0.7178091855493691,0.5287379581626908,-25.472570115222616,95
969,40.11690363349131,626.5892575039494,828.2954186413903,827.0,1.4921384700668934,2023.8325434439178,Ezi_3_b2,Ezi RNAi,-0.45909398442818317,0.5260537427312824,-17.172335504802845,95
970,42.154981549815496,624.8757687576875,889.0381303813039,1127.0,1.740727908102507,1390.7736777367775,Ezi_3_b2,Ezi RNAi,-0.597419308826294,0.5412236058026636,-20.175049128252486,95
971,40.08792650918635,634.0498687664042,785.2611548556431,1153.0,1.5864180308137497,3231.4133858267714,Ezi_3_b2,Ezi RNAi,-0.3595099981908597,0.5304095804973372,-13.550470173581992,95
972,40.99750623441396,640.9218620116376,536.3374896093101,1569.0,1.5669314135453118,2709.9010806317538,Ezi_3_b2,Ezi RNAi,0.20553087776307022,0.46782044880450524,7.981833642736223,95
973,42.275498241500586,641.4572098475967,859.3012895662368,1304.0,1.9663594006163727,2851.617819460727,Ezi_3_b2,Ezi RNAi,-0.5252390538497156,0.5718756171231969,-17.377613328842227,95
974,41.46236559139785,648.4900153609831,880.1643625192012,1065.0,1.7446566498910199,1839.1858678955452,Ezi_3_b2,Ezi RNAi,-0.5701956768240809,0.595533970200536,-19.813629377071923,95
975,43.23281393217232,646.3217231897341,845.8615948670944,1554.0,1.7888229485331644,2813.0650779101743,Ezi_3_b2,Ezi RNAi,-0.4935707252096412,0.5793614372409708,-15.24920579002183,95
976,42.00453514739229,658.3446712018141,813.4829931972789,1789.0,1.8688672983417822,3317.6477702191987,Ezi_3_b2,Ezi RNAi,-0.4165097574945117,0.5981533490117603,-13.639638980015405,95
977,43.650331801939764,659.3476263399693,835.5890760592139,2765.0,1.735682055365584,3040.055640632976,Ezi_3_b2,Ezi RNAi,-0.4665402469514981,0.6076032870270978,-13.809483620557636,95
978,44.192287091590785,676.7873594001071,832.5318693090519,2679.0,1.500127558697245,2909.546866630959,Ezi_3_b2,Ezi RNAi,-0.4545465816923042,0.6488185635772381,-12.781180796833826,95
979,41.56356356356356,677.2612612612612,845.4174174174174,1627.0,1.658783575931671,2692.2682682682685,Ezi_3_b2,Ezi RNAi,-0.4830556103143172,0.6540824442348552,-16.45717577848516,95
980,41.384550797649034,673.4089000839631,601.8975650713686,1552.0,1.7244254151429543,3308.88161209068,Ezi_3_b2,Ezi RNAi,0.06678199420490971,0.5672746934222492,3.3994371723290837,95
981,42.326295585412666,677.1065259117082,805.8896353166987,1584.0,1.6566631871482709,1566.1247600767754,Ezi_3_b2,Ezi RNAi,-0.39381847414508486,0.6411252254706146,-12.438691986735112,95
982,40.15434500648509,692.8573281452659,593.8806744487679,1108.0,1.6202495878165346,1483.5188067444876,Ezi_3_b2,Ezi RNAi,0.09093235360436536,0.611782937605805,3.098078765286003,95
983,39.661469933184854,698.5946547884187,624.7550111358574,698.0,1.7939252329066124,3344.792873051225,Ezi_3_b2,Ezi RNAi,0.02287979982541355,0.6354906967670342,0.13786783372172096,95
984,42.37331954498449,42.67425025853154,471.9700103412616,1214.0,1.495114593716026,1345.1654601861428,Ezi_3_b2,Ezi RNAi,0.17318047105313372,-1.0,6.56437180932897,95
985,41.645592163846835,124.56634016028495,419.4318788958148,1383.0,1.4819287584470293,1627.6242208370436,Ezi_3_b2,Ezi RNAi,0.3165105021349388,-0.8185930592841525,11.281384385210254,95
986,44.146596858638745,146.22037125178485,827.6287482151356,3369.0,1.6834701767853568,1380.035697287006,Ezi_3_b2,Ezi RNAi,-0.6010541686809512,-0.6363323280242807,-19.604059465724173,95
987,42.99074074074074,186.27006172839506,345.7098765432099,976.0,1.587878710872583,1745.233024691358,Ezi_3_b2,Ezi RNAi,0.5013739685729166,-0.6927817800601732,19.53813448761239,95
988,44.11315165876777,185.54087677725119,759.4063981042653,2305.0,1.7808991287749756,1648.947867298578,Ezi_3_b2,Ezi RNAi,-0.43501868482210737,-0.5629133502344295,-13.477707185369564,95
989,41.99828178694158,203.22852233676977,431.78694158075604,806.0,1.3706351969214663,1565.745704467354,Ezi_3_b2,Ezi RNAi,0.311857760470458,-0.6243579537605031,11.678488134260895,95
990,43.63077823288473,212.29842012873024,834.7577530719719,2253.0,1.4913974610281149,1666.5207723815097,Ezi_3_b2,Ezi RNAi,-0.5974553620543968,-0.4741990726981419,-19.811683890401895,95
991,43.687709497206704,226.7860335195531,708.2525139664805,2911.0,1.8792796325570238,3235.3374301675976,Ezi_3_b2,Ezi RNAi,-0.3069527614655069,-0.4794042893038154,-9.123848915428777,95
992,43.74284077892325,226.67411225658648,767.9261168384879,2512.0,1.5438230525515482,2610.282359679267,Ezi_3_b2,Ezi RNAi,-0.4420041780719943,-0.46068704361627955,-13.992703159262597,95
993,41.057870370370374,231.88194444444446,687.9097222222222,771.0,1.809197892188631,2954.3541666666665,Ezi_3_b2,Ezi RNAi,-0.25891162569685044,-0.47353184749109833,-9.997496205798504,95
994,43.79761904761905,222.92380952380952,865.7845238095238,1274.0,1.6509196651010554,2467.779761904762,Ezi_3_b2,Ezi RNAi,-0.664526959453479,-0.4386215109282048,-22.06089641551886,95
995,46.13841642228739,239.22873900293254,790.4950146627566,2148.0,1.566893328653493,3400.385923753666,Ezi_3_b2,Ezi RNAi,-0.48979367753309333,-0.42314797916887326,-13.297204725250854,95
996,43.49238578680203,249.1145757795504,835.4851341551849,1788.0,1.7447735949914656,1407.613488034808,Ezi_3_b2,Ezi RNAi,-0.5881379941314527,-0.38489806338858357,-19.511245282792782,95
997,45.37781629116118,240.56614673599077,821.5684575389948,2327.0,1.8666497869064054,1690.8578856152512,Ezi_3_b2,Ezi RNAi,-0.5595525095757102,-0.41001976055634204,-16.600184948729492,95
998,41.65553235908142,272.0501043841336,690.348643006263,672.0,1.8384115329337338,3374.6304801670144,Ezi_3_b2,Ezi RNAi,-0.2526115792349384,-0.3755815780915954,-9.059385457425691,95
999,42.75,284.7257217847769,633.1541994750656,1957.0,1.5510877940567243,2992.272309711286,Ezi_3_b2,Ezi RNAi,-0.11965687965536997,-0.3631223241986332,-3.079390209004039,95
1000,42.62678803641092,291.7854356306892,906.7464239271782,1013.0,1.3749106829517328,2862.664499349805,Ezi_3_b2,Ezi RNAi,-0.7365206688444428,-0.25898396577374727,-25.67432547828735,95
1001,40.72538860103627,307.00906735751295,475.6554404145078,1063.0,1.8328134074762026,1376.1139896373056,Ezi_3_b2,Ezi RNAi,0.243680541409093,-0.35931615076864,8.196263243096475,95
1002,43.76121794871795,312.1255341880342,686.1474358974359,2421.0,1.8545334520337486,2116.801282051282,Ezi_3_b2,Ezi RNAi,-0.23160472602453053,-0.2799784002763994,-6.072061905815495,95
1003,41.38607594936709,318.4367088607595,454.27848101265823,573.0,1.7708125337975906,1553.256329113924,Ezi_3_b2,Ezi RNAi,0.2953127920577183,-0.33847600878727524,10.772638157006611,95
1004,46.23924894003634,327.90066626287097,950.687462144155,2235.0,1.7725720881308749,2145.632949727438,Ezi_3_b2,Ezi RNAi,-0.8258971689476132,-0.15765240249786894,-25.210199655442757,95
1005,42.27068723702665,357.64095371669003,450.2321178120617,1881.0,1.6787791252679347,2788.103085553997,Ezi_3_b2,Ezi RNAi,0.3159441336271944,-0.24492323599646704,12.518595898877841,95
1006,43.37135278514589,372.36472148541117,819.9847480106101,2223.0,1.9599354962483286,2518.0285145888593,Ezi_3_b2,Ezi RNAi,-0.5164337529347972,-0.09165273732576318,-16.684956962632512,95
1007,42.933411214953274,385.98130841121497,873.6933411214953,2286.0,1.6567850149226953,2891.822429906542,Ezi_3_b2,Ezi RNAi,-0.6338172277598324,-0.04161723648264959,-21.36729453383818,95
1008,42.88691437802908,384.60904684975765,794.6946688206785,967.0,1.6158656607497495,2312.941841680129,Ezi_3_b2,Ezi RNAi,-0.455486646620772,-0.07007450766402767,-14.915865173089813,95
1009,41.11494252873563,393.7011494252874,881.3256704980843,657.0,1.8432438696113629,2944.616858237548,Ezi_3_b2,Ezi RNAi,-0.6484437373401624,-0.02050026786486303,-23.704468260711252,95
1010,41.689795918367345,391.0938775510204,941.9428571428572,696.0,1.5910020655173034,1623.1122448979593,Ezi_3_b2,Ezi RNAi,-0.7864706437622998,-0.0075231161988676964,-28.16702963135251,95
1011,43.582311168495806,400.2963202065849,849.177533892834,1955.0,1.7412956531567865,2893.1194318915427,Ezi_3_b2,Ezi RNAi,-0.5742235669445005,-0.014790449230942637,-18.504668974717205,95
1012,41.91878172588832,410.585448392555,767.590524534687,866.0,1.5718900690334165,1917.7529610829104,Ezi_3_b2,Ezi RNAi,-0.3862635735784198,-0.01584860518493114,-13.293260290032178,95
1013,42.615635179153095,430.5776330076004,891.1910966340934,1498.0,1.666189466673266,2632.6232356134637,Ezi_3_b2,Ezi RNAi,-0.6600962530141186,0.07184376203428533,-22.52363139530543,95
1014,45.78518907563025,429.8692226890756,884.4910714285714,2768.0,1.9271751296530635,2203.2904411764707,Ezi_3_b2,Ezi RNAi,-0.6457546948840387,0.06797726926663894,-18.822096416943566,95
1015,42.681380417335475,432.0577849117175,911.4582664526484,1825.0,1.8219060892534706,2280.822632423756,Ezi_3_b2,Ezi RNAi,-0.705522285129571,0.08187333046962575,-24.109852440196445,95
1016,41.6803594351733,445.793324775353,932.5686777920411,1152.0,1.4366284816490615,2509.487804878049,Ezi_3_b2,Ezi RNAi,-0.7490114471050575,0.12182741560485288,-26.6627727147761,95
1017,41.496413199426115,448.55380200860833,869.8263988522239,1076.0,1.602441276098219,1503.9440459110474,Ezi_3_b2,Ezi RNAi,-0.6062059324269728,0.10854214834906495,-21.633306658684006,95
1018,42.23922413793103,469.72629310344826,730.354525862069,1587.0,1.8741120205629607,1543.3566810344828,Ezi_3_b2,Ezi RNAi,-0.28451258925825507,0.11537902635158193,-9.101930842574463,95
1019,41.67425320056899,486.2674253200569,934.8392603129445,1261.0,1.7452642319544576,1639.2432432432433,Ezi_3_b2,Ezi RNAi,-0.7421241564800569,0.22046821387235704,-26.308290246161416,95
1020,41.836670179135936,485.4141201264489,876.8746048472076,1466.0,1.806209312842031,1578.4657534246576,Ezi_3_b2,Ezi RNAi,-0.6112674695172058,0.19995818823583966,-21.376679884029997,95
1021,43.02456499488229,481.1084953940635,922.6796315250767,1314.0,1.3904836680870025,1622.224155578301,Ezi_3_b2,Ezi RNAi,-0.7164046246480062,0.2041092598225005,-24.02952839313551,95
1022,40.46382978723404,496.4340425531915,803.236170212766,763.0,1.715435839218787,1606.7425531914894,Ezi_3_b2,Ezi RNAi,-0.4411291300208827,0.20319540093331945,-16.521358980453666,95
1023,40.6025641025641,537.6948717948718,818.8307692307692,620.0,1.6517868298119003,1588.497435897436,Ezi_3_b2,Ezi RNAi,-0.46418056032340993,0.30797832704319505,-17.110947591237874,95
1024,43.39652677279305,551.6555716353112,788.9269175108539,1847.0,1.8135625828529678,1671.8567293777135,Ezi_3_b2,Ezi RNAi,-0.3929124273441804,0.33221944517282753,-11.671120595853118,95
1025,45.59582726831635,559.1261523532266,929.265890344493,3204.0,1.5522754463474502,1855.6011644832606,Ezi_3_b2,Ezi RNAi,-0.7086217245085651,0.39493494997726564,-20.954491309754786,95
1026,41.9740990990991,576.6576576576576,945.652027027027,1327.0,1.9043671150777548,2418.4087837837837,Ezi_3_b2,Ezi RNAi,-0.7397935303698226,0.44258635642093,-25.677874723161615,95
1027,41.613422818791946,588.7140939597316,800.5557046979866,971.0,1.6974848760032193,2328.9771812080535,Ezi_3_b2,Ezi RNAi,-0.4078721286094067,0.4255864060216099,-13.905577540848189,95
1028,47.282051282051285,584.8366571699905,819.2207977207977,3945.0,1.5731138984869608,2209.677113010446,Ezi_3_b2,Ezi RNAi,-0.4523369776002403,0.4221081246363645,-9.848894805364527,95
1029,42.95820139328689,605.8024065864471,762.5522482583914,1989.0,1.6162915872971435,1866.989867004433,Ezi_3_b2,Ezi RNAi,-0.31707284134938996,0.45482622725222766,-9.199417729741427,95
1030,42.246700507614214,616.4253807106599,492.46903553299495,1260.0,1.4709532433194785,1533.4162436548224,Ezi_3_b2,Ezi RNAi,0.29726451730165726,0.3945892979350927,12.513633304321361,95
1031,43.251961639058415,614.666085440279,822.9363557105493,1481.0,1.6746842720451278,2663.5152571926765,Ezi_3_b2,Ezi RNAi,-0.45111110412937583,0.4954825067304398,-13.767590992354318,95
1032,44.5211810012837,626.5,822.0564826700898,2174.0,1.6838584959186809,3221.9396662387676,Ezi_3_b2,Ezi RNAi,-0.4458479025661355,0.5238238215731912,-12.270051122484452,95
1033,43.01767676767677,636.875,836.2752525252525,1282.0,1.6554197536708088,3100.441919191919,Ezi_3_b2,Ezi RNAi,-0.47464732207713534,0.5534581444261939,-14.800715919090628,95
1034,41.13223140495868,643.6380165289256,521.3801652892562,864.0,1.6674468603312644,1471.614876033058,Ezi_3_b2,Ezi RNAi,0.2401519271790722,0.46963123366443305,9.3866334380306,95
1035,42.0016501650165,644.3003300330033,765.6097359735974,1572.0,1.8079956020893115,2815.320132013201,Ezi_3_b2,Ezi RNAi,-0.3123710811791798,0.5489426923414742,-9.883712788718862,95
1036,41.69822485207101,648.310650887574,827.0276134122288,1557.0,1.6260745423735892,3237.9783037475345,Ezi_3_b2,Ezi RNAi,-0.45007566278529376,0.578190176685103,-15.19794924113419,95
1037,42.558,650.902,739.1893333333334,2136.0,1.5479781531908805,2361.266666666667,Ezi_3_b2,Ezi RNAi,-0.2507420040590911,0.5565032869349402,-7.0606180006363335,95
1038,45.85229885057471,649.6798850574712,801.4752873563218,2955.0,1.7200424386985154,3285.5241379310346,Ezi_3_b2,Ezi RNAi,-0.39265317571678304,0.5733447933137559,-8.932152834790134,95
1039,42.797988264878455,661.7937971500419,933.0695725062867,1566.0,1.919450836819164,1534.233025984912,Ezi_3_b2,Ezi RNAi,-0.6861937740795339,0.6445454990371016,-22.666575501331458,95
1040,44.943741209563996,656.3544303797469,856.021800281294,1997.0,1.822414288274186,3340.3649789029537,Ezi_3_b2,Ezi RNAi,-0.5139045461023329,0.6068552391516555,-14.246544602071076,95
1041,42.41869522882181,684.4089581304771,578.5277507302824,1706.0,1.7884445231853934,2461.5043816942552,Ezi_3_b2,Ezi RNAi,0.12272448501050559,0.5864438203372557,6.506558354237201,95
1042,41.37190082644628,697.5661157024794,842.0599173553719,913.0,1.700219727130055,2290.721074380165,Ezi_3_b2,Ezi RNAi,-0.46939109364861986,0.7021384872048264,-16.096370816428333,95
1043,43.467146714671465,104.83258325832583,684.5787578757876,1568.0,1.4509369208945635,1381.3915391539153,Ezi_3_b2,Ezi RNAi,-0.28957752365552536,-0.7819756812895842,-9.041640278626325,95
1044,42.12054120541205,193.18327183271833,468.47232472324725,1071.0,1.4913170994804426,1395.4870848708488,Ezi_3_b2,Ezi RNAi,0.22585206684977255,-0.6369876090777977,8.638290889618027,95
1045,46.96919042936742,200.0953785644051,738.0298262864635,4493.0,1.3866459126182586,1409.4900032776138,Ezi_3_b2,Ezi RNAi,-0.3828784467776519,-0.5345226489479679,-8.671370638171641,95
1046,47.65733736762481,199.0820726172466,760.1875945537065,3394.0,1.929813797953018,2416.428517397882,Ezi_3_b2,Ezi RNAi,-0.4334416089558417,-0.5299279213909185,-9.82706905147583,95
1047,47.556854838709675,201.34354838709677,894.2310483870967,3206.0,1.9104296736937274,1903.6951612903226,Ezi_3_b2,Ezi RNAi,-0.7360151396415904,-0.481802966579407,-20.95338840520182,95
1048,44.61046511627907,206.90697674418604,926.5193798449612,1330.0,1.9109944705859616,1477.2325581395348,Ezi_3_b2,Ezi RNAi,-0.8068490369985246,-0.45804997388688207,-26.47751690389296,95
1049,41.73614190687361,222.079822616408,850.0088691796009,582.0,1.4763672246999202,2953.048780487805,Ezi_3_b2,Ezi RNAi,-0.6286919024989281,-0.44566978153345793,-22.825301704461438,95
1050,45.73360378634212,224.98850574712642,738.2799188640973,1953.0,1.6567045820606006,3138.0973630831645,Ezi_3_b2,Ezi RNAi,-0.37581317359256594,-0.4742115223378842,-9.586307279193807,95
1051,44.603873239436616,231.6144366197183,876.4533450704225,1543.0,1.6920596358127935,1735.725352112676,Ezi_3_b2,Ezi RNAi,-0.6862370922739955,-0.4142068342495919,-22.019862692697814,95
1052,45.83471933471934,242.32016632016632,915.8565488565489,1561.0,1.6468084129926477,1555.8513513513512,Ezi_3_b2,Ezi RNAi,-0.772439511848978,-0.3757764331138872,-23.89865039544063,95
1053,45.509433962264154,259.52487135506004,703.1337907375644,2107.0,1.6439047109457092,2869.084048027444,Ezi_3_b2,Ezi RNAi,-0.28599515851639734,-0.40184049907451913,-6.443118433465715,95
1054,43.98523489932886,266.7308724832215,733.5114093959731,2100.0,1.6026644366267322,2613.5288590604027,Ezi_3_b2,Ezi RNAi,-0.3522903344304882,-0.37473093313145156,-10.370191265076642,95
1055,43.785788923719956,265.8077324973877,648.4817136886103,1698.0,1.8095063897789017,2813.0261233019855,Ezi_3_b2,Ezi RNAi,-0.1601522812476509,-0.4040197503435543,-3.567617297175701,95
1056,45.06128886885985,283.1149166291122,728.4794952681387,2908.0,1.7664792315694196,2152.1928796755296,Ezi_3_b2,Ezi RNAi,-0.33624480316198446,-0.33670150888563954,-8.661061793881764,95
1057,44.120044052863435,289.523127753304,868.056167400881,1346.0,1.6434325040326012,2323.0870044052863,Ezi_3_b2,Ezi RNAi,-0.6499442088410525,-0.27677825729770245,-21.02548730399245,95
1058,44.956662354463134,293.3137128072445,666.2186287192756,2322.0,1.787682157934046,2788.395213454075,Ezi_3_b2,Ezi RNAi,-0.1923340130206147,-0.3318387174251898,-3.4915781413325027,95
1059,42.57532467532467,300.27532467532467,677.1974025974026,1024.0,1.5171893486055064,2356.1532467532465,Ezi_3_b2,Ezi RNAi,-0.21464918940440492,-0.3114875954517259,-6.675951502907072,95
1060,43.519672131147544,313.5795081967213,471.55737704918033,1667.0,1.5572653503297054,2895.3286885245902,Ezi_3_b2,Ezi RNAi,0.25436936759471607,-0.34474264996815873,11.4077410294578,95
1061,43.12784090909091,322.42045454545456,892.0127840909091,931.0,1.4329573704838172,2391.2386363636365,Ezi_3_b2,Ezi RNAi,-0.6941822436238172,-0.18956079580485818,-23.545019400653903,95
1062,44.3418467583497,321.0648330058939,594.3860510805501,1388.0,1.885166008618739,1414.1051080550099,Ezi_3_b2,Ezi RNAi,-0.02145618462254162,-0.28755433805488806,2.196630117519021,95
1063,43.81174698795181,333.14834337349396,480.38930722891564,1674.0,1.6575914439441402,2709.821536144578,Ezi_3_b2,Ezi RNAi,0.24014491078357803,-0.2945916757628011,11.235162135144657,95
1064,43.2917282127031,340.21787296898077,451.9719350073855,1941.0,1.5857380682067148,3086.204579025111,Ezi_3_b2,Ezi RNAi,0.3066369039495924,-0.28652761954829564,13.156711725973398,95
1065,47.91947499113161,350.90209294075913,899.9013834693153,3711.0,1.981169441769986,2003.1589216034054,Ezi_3_b2,Ezi RNAi,-0.7044856705823335,-0.11817676130169508,-19.035329926649016,95
1066,41.91416309012875,380.1309012875536,964.2274678111588,662.0,1.616427210569051,1494.8218884120172,Ezi_3_b2,Ezi RNAi,-0.8401876842622549,-0.026956056920359073,-29.930026909330408,95
1067,42.493525179856114,381.65323741007194,831.6992805755395,955.0,1.5440832065863372,2913.4460431654675,Ezi_3_b2,Ezi RNAi,-0.5400099475061969,-0.06544786478514364,-18.400275343437283,95
1068,41.755102040816325,382.18163265306123,923.7530612244898,633.0,1.5291029362197823,1967.1183673469388,Ezi_3_b2,Ezi RNAi,-0.7479773705686776,-0.034872837401586865,-26.72217287047401,95
1069,45.07452574525745,386.079945799458,844.2615176151761,1990.0,1.7180555725181765,2581.500677506775,Ezi_3_b2,Ezi RNAi,-0.5676099709999406,-0.050757892537490856,-16.804604718804704,95
1070,43.93452380952381,394.9797619047619,757.6119047619047,1238.0,1.9571130758906439,1971.1630952380951,Ezi_3_b2,Ezi RNAi,-0.3687090318311961,-0.05679154090786154,-10.67270919839738,95
1071,43.820742637644045,404.89244558258645,1000.303457106274,1170.0,1.7164394566566974,1408.2765685019206,Ezi_3_b2,Ezi RNAi,-0.9148163780108826,0.04441617866697434,-30.67073472314989,95
1072,44.97424339987122,403.3444945267225,878.4307791371539,2329.0,1.7530333558061364,2947.779781068899,Ezi_3_b2,Ezi RNAi,-0.6397679272495969,0.0018833610888966401,-19.4893510710455,95
1073,44.52785923753666,419.3863636363636,873.8372434017596,1905.0,1.7864970656526362,2524.3988269794722,Ezi_3_b2,Ezi RNAi,-0.6245245847683977,0.03923439182213273,-19.33812364289748,95
1074,42.65974025974026,447.95324675324673,912.8441558441558,546.0,1.72076658594511,2413.4623376623376,Ezi_3_b2,Ezi RNAi,-0.7039317505888656,0.1207700667746292,-24.03057223856579,95
1075,46.06950959488273,460.5027718550107,881.2695095948827,3336.0,1.610647692288072,1497.2153518123666,Ezi_3_b2,Ezi RNAi,-0.6294205662027009,0.14106148555016618,-17.85837721236703,95
1076,44.350638297872344,468.40425531914894,968.2102127659574,1595.0,1.6927306764655004,1636.6382978723404,Ezi_3_b2,Ezi RNAi,-0.8234421782921805,0.18785348420385817,-26.635728136817608,95
1077,42.565400843881854,509.85935302391,941.9057665260196,1095.0,1.7471917275580586,1795.3291139240507,Ezi_3_b2,Ezi RNAi,-0.7512739734886958,0.27978650968681773,-25.683812146724428,95
1078,44.183372183372185,503.24397824397823,884.3418803418804,1690.0,1.7185229506547175,1473.7987567987568,Ezi_3_b2,Ezi RNAi,-0.6233141352579441,0.24545444669362793,-19.412795410851363,95
1079,43.814012738853506,548.3044585987261,806.859872611465,2297.0,1.76601374314142,1594.9292993630572,Ezi_3_b2,Ezi RNAi,-0.4345599106162663,0.3298157722112831,-12.779686619122561,95
1080,41.732067510548525,552.6877637130801,910.4556962025316,767.0,1.8813507467862194,2280.8080168776373,Ezi_3_b2,Ezi RNAi,-0.6672382868476111,0.37339839928419516,-23.340288751600067,95
1081,42.91772151898734,561.4504219409283,900.1803797468355,1378.0,1.656596084127336,2432.784810126582,Ezi_3_b2,Ezi RNAi,-0.6416148644129664,0.39132035808681764,-21.192595540221745,95
1082,42.91623424759081,566.306152705708,861.1349147516679,2050.0,1.6591741811909482,2466.779836916234,Ezi_3_b2,Ezi RNAi,-0.5518343349119195,0.39064332827306125,-17.907619186373708,95
1083,43.7863031071655,579.4096385542168,767.2663284717819,2097.0,1.739237345454131,1735.57324032974,Ezi_3_b2,Ezi RNAi,-0.33573675496030975,0.39246932418603553,-9.120317307635661,95
1084,43.326771653543304,584.1149606299213,852.3472440944881,1729.0,1.6412820107531343,2307.595275590551,Ezi_3_b2,Ezi RNAi,-0.5267410915223851,0.4309289020161078,-16.53259152886312,95
1085,42.97856377277599,595.9356913183279,960.3065380493033,1367.0,1.959460207833729,2625.0675241157555,Ezi_3_b2,Ezi RNAi,-0.767413868583045,0.4938819211155492,-25.624778689500683,95
1086,42.83794871794872,605.7866666666666,854.7979487179488,1426.0,1.5025322193576593,2668.808205128205,Ezi_3_b2,Ezi RNAi,-0.5257543732605797,0.4841418758345377,-16.928504522312963,95
1087,42.22551252847381,604.8405466970387,484.10933940774487,1100.0,1.4835939435998062,1378.3394077448747,Ezi_3_b2,Ezi RNAi,0.3127404654288797,0.3639023713053444,13.025269993567528,95
1088,44.58153126826417,622.666861484512,581.8047925189948,1972.0,1.3834662346575046,1586.3565166569258,Ezi_3_b2,Ezi RNAi,0.09655561621815356,0.4381009564984393,7.555767485275395,95
1089,43.26711813393529,626.4680210684726,780.4597441685478,1876.0,1.865411058256029,2632.9270127915725,Ezi_3_b2,Ezi RNAi,-0.35150758650301805,0.5105183902798149,-10.088980923964925,95
1090,47.511811023622045,631.7208303507516,874.4867573371511,2687.0,1.9142184230632682,2455.389405869721,Ezi_3_b2,Ezi RNAi,-0.5634892189706058,0.5531184924652544,-13.544017568109972,95
1091,43.70978627671541,649.7491563554555,947.5365579302587,1258.0,1.498341090550546,1886.1923509561304,Ezi_3_b2,Ezi RNAi,-0.7226767796239689,0.6200036241518341,-23.114339287647432,95
1092,43.0,662.1452344931921,804.0847201210288,940.0,1.8347467742168775,3074.4704992435704,Ezi_3_b2,Ezi RNAi,-0.3943082343984291,0.6043509216213041,-11.820980959053049,95
1093,43.03051317614425,664.4174757281553,823.00693481276,1055.0,1.916119277667864,3068.9195561719835,Ezi_3_b2,Ezi RNAi,-0.436449356548379,0.6158690370859938,-13.320648099358937,95
1094,42.817467248908294,673.4917030567685,868.4087336244542,1743.0,1.7254683364429022,2435.3344978165937,Ezi_3_b2,Ezi RNAi,-0.5364316233757682,0.6522705690881885,-17.15516288109114,95
1095,43.28502802241793,685.4219375500401,639.048839071257,1612.0,1.5188561117579193,3274.9983987189753,Ezi_3_b2,Ezi RNAi,-0.014065342946908643,0.608146899535279,2.3913870747596935,95
1096,45.512706480304956,708.8843710292249,918.9879288437103,2411.0,1.7068810143090871,1351.75667090216,Ezi_3_b2,Ezi RNAi,-0.6408656877620946,0.7539723201907389,-18.16238888569644,95
1097,43.508250825082506,145.58415841584159,840.8184818481848,845.0,1.4319767365717198,1405.9422442244224,Ezi_3_b2,Ezi RNAi,-0.6309619475633939,-0.633670317334367,-21.33676064544701,95
1098,50.451057726783795,184.90713517389744,891.048404446038,3921.0,1.7375248386995816,1974.4320544998207,Ezi_3_b2,Ezi RNAi,-0.7342508822805538,-0.5225988881302579,-18.029273195802766,95
1099,47.33267909715407,189.05004906771345,818.7556427870461,1478.0,1.8423860704031272,1748.2914622178607,Ezi_3_b2,Ezi RNAi,-0.5688659710601813,-0.5355595120098013,-15.11746931188409,95
1100,44.87258687258687,209.34041184041183,771.6113256113256,2152.0,1.9758071169182987,3221.17824967825,Ezi_3_b2,Ezi RNAi,-0.4557069742589104,-0.5014568688049108,-13.405521697885067,95
1101,45.20904436860068,230.05546075085323,684.1834470989761,1761.0,1.5933043956264152,1509.0494880546075,Ezi_3_b2,Ezi RNAi,-0.2518179105103022,-0.47916341867816736,-5.578205662679817,95
1102,45.87915742793792,242.25535846267553,776.7557280118256,3647.0,1.328688824000089,3236.7719881744274,Ezi_3_b2,Ezi RNAi,-0.45776075885706957,-0.42019593791779986,-12.381279657103697,95
1103,46.01891891891892,234.76576576576576,924.8711711711712,1407.0,1.6727959438873699,1409.6594594594594,Ezi_3_b2,Ezi RNAi,-0.7951138417532093,-0.39118536935775505,-24.560938641184006,95
1104,50.41996653653096,234.3441160066927,842.4261015058561,2358.0,1.482414824180692,2281.9369771332963,Ezi_3_b2,Ezi RNAi,-0.6095544903327776,-0.4184685104202237,-13.380380743639783,95
1105,48.134801762114535,242.6374449339207,624.3123348017621,3320.0,1.3599860743936738,1505.8488986784141,Ezi_3_b2,Ezi RNAi,-0.11318558386546207,-0.4677943615486424,2.446192362127921,95
1106,45.701790633608816,239.65702479338842,805.4779614325068,2045.0,1.6548472520925355,1430.8512396694214,Ezi_3_b2,Ezi RNAi,-0.523480857034381,-0.4173413547796462,-14.962398712794851,95
1107,46.55212620027435,249.0377229080933,739.9766803840878,1923.0,1.4212844850865698,3111.113854595336,Ezi_3_b2,Ezi RNAi,-0.3726645589134029,-0.4154951146061313,-8.585077905044294,95
1108,46.862289366647296,268.1464264962231,849.8489250435794,2211.0,1.5928952019874634,1775.748402091807,Ezi_3_b2,Ezi RNAi,-0.6156262628669997,-0.3343060221580558,-17.08034062826819,95
1109,48.85509838998211,272.01878354203933,623.3470483005367,1998.0,1.7939427998502995,2552.0348837209303,Ezi_3_b2,Ezi RNAi,-0.10241151716431418,-0.3970244834641856,3.641299185902086,95
1110,46.10217755443886,283.1247906197655,682.3768844221106,1769.0,1.5171344300249032,2769.786432160804,Ezi_3_b2,Ezi RNAi,-0.23213686306445291,-0.35135444192945775,-3.8208308386351444,95
1111,43.92257001647447,295.1004942339374,965.7990115321252,820.0,1.5723641451668122,3030.7759472817133,Ezi_3_b2,Ezi RNAi,-0.8693864167449816,-0.23218159247138515,-29.209257686929785,95
1112,44.42506350550381,298.3268416596105,629.8196443691787,1644.0,1.5537955853916399,2872.4513124470786,Ezi_3_b2,Ezi RNAi,-0.10839280010281493,-0.3312893785996567,-0.9510269608003541,95
1113,44.541348973607036,314.4598240469208,645.7460410557185,2191.0,1.5558410020877,2364.374193548387,Ezi_3_b2,Ezi RNAi,-0.13965504125628803,-0.2871920664285753,-1.9304869724603595,95
1114,43.06306306306306,390.44594594594594,917.3018018018018,571.0,1.6270522906203624,2256.5225225225226,Ezi_3_b2,Ezi RNAi,-0.7311770631756832,-0.01694048321902486,-24.774780104464575,95
1115,45.91293684855916,413.59411404046597,793.9828326180258,2478.0,1.7874792632716157,1954.0557939914163,Ezi_3_b2,Ezi RNAi,-0.44584482168418127,-0.00019771267726420572,-11.449372232414918,95
1116,43.78697183098591,424.88204225352115,859.1478873239437,910.0,1.8666341552573347,2247.3028169014083,Ezi_3_b2,Ezi RNAi,-0.5895166007560857,0.04786060842367035,-18.790351973937717,95
1117,47.10539460539461,431.16383616383615,867.5434565434565,2962.0,1.5737207962600306,1767.1543456543457,Ezi_3_b2,Ezi RNAi,-0.6072798195784336,0.06570789500355656,-16.091034770123045,95
1118,43.1496062992126,445.88818897637793,979.7622047244095,983.0,1.6052235783158304,1599.187401574803,Ezi_3_b2,Ezi RNAi,-0.8560366173453156,0.1370645004949429,-29.09022130742391,95
1119,43.53313253012048,458.0722891566265,946.0557228915662,1362.0,1.8618160872035074,1997.4834337349398,Ezi_3_b2,Ezi RNAi,-0.7762318925188626,0.1558132345960952,-25.76277662003354,95
1120,46.14581373471307,492.35089369708373,916.8090310442145,1593.0,1.7051381779623933,1668.3113828786454,Ezi_3_b2,Ezi RNAi,-0.7003802576755628,0.22941938076183765,-20.28277905810969,95
1121,45.45006747638327,525.085020242915,892.3211875843455,2201.0,1.779297742157539,1790.4696356275304,Ezi_3_b2,Ezi RNAi,-0.6351210664735119,0.3008248640318121,-18.513078026366486,95
1122,44.528840662478586,525.1342090234152,742.1833238149629,2406.0,1.542447339214528,2282.9811536264992,Ezi_3_b2,Ezi RNAi,-0.29525311975975255,0.2531754177227843,-7.046040461729115,95
1123,44.45056497175141,568.2175141242938,825.3545197740114,895.0,1.378375976959841,1402.9011299435028,Ezi_3_b2,Ezi RNAi,-0.47060928129679414,0.383871979867042,-13.401379816180754,95
1124,46.50892857142857,577.6454831932773,930.280987394958,2742.0,1.4563158190357157,2367.1144957983192,Ezi_3_b2,Ezi RNAi,-0.7055916811116245,0.4400554797849954,-19.87763872290192,95
1125,43.96264674493063,588.8153681963714,889.4866595517609,1328.0,1.8692834163765863,2484.9541088580577,Ezi_3_b2,Ezi RNAi,-0.6094919441421269,0.45411427185612285,-18.898824031495895,95
1126,42.3687374749499,594.8036072144289,867.9218436873748,792.0,1.5867664893822393,3171.4048096192387,Ezi_3_b2,Ezi RNAi,-0.5586191703601582,0.4617498966509046,-18.627287643898057,95
1127,45.686713286713285,621.655944055944,837.7664335664335,1881.0,1.381866444346971,2868.2076923076925,Ezi_3_b2,Ezi RNAi,-0.48305258501934223,0.5170960511679574,-12.470029142621847,95
1128,43.5117994100295,624.2271386430679,933.4410029498525,902.0,1.6237029351234513,2926.7182890855456,Ezi_3_b2,Ezi RNAi,-0.6983301583621674,0.5537747047057326,-22.494405415214803,95
1129,48.265765765765764,624.436936936937,902.9211711711712,1628.0,1.8234301902792553,1525.3513513513512,Ezi_3_b2,Ezi RNAi,-0.6301282008047449,0.5445397265809184,-15.236757261741463,95
1130,45.50443458980045,644.3758314855876,822.4745011086475,1589.0,1.618771793854609,3025.766075388027,Ezi_3_b2,Ezi RNAi,-0.4416715856112442,0.5671970948337413,-11.082751182678997,95
1131,45.70393900889454,638.1969504447268,890.2337992376112,1359.0,1.4493685177913473,2259.277001270648,Ezi_3_b2,Ezi RNAi,-0.5968462195790685,0.573808614054861,-16.556822524875294,95
1132,44.955357142857146,661.5561224489796,888.0357142857143,1084.0,1.8398207053539402,1949.3022959183672,Ezi_3_b2,Ezi RNAi,-0.5847909485049043,0.6296264746727149,-16.80528046556399,95
1133,43.102175969725636,674.8609271523179,566.4711447492905,1326.0,1.5702077620800743,3238.6272469252604,Ezi_3_b2,Ezi RNAi,0.1470346879540707,0.5595035263648476,8.052913727068985,95
1134,43.801874163319944,662.09906291834,791.1927710843373,1191.0,1.8036709168785536,3179.2048192771085,Ezi_3_b2,Ezi RNAi,-0.3653081663979809,0.600131720388239,-9.959124024525265,95
1135,43.18881118881119,673.7412587412588,854.7599067599068,556.0,1.5195443680056762,1871.1864801864801,Ezi_3_b2,Ezi RNAi,-0.5055489552941659,0.6485287821691605,-15.655894090020603,95
1136,44.7131931166348,680.5621414913958,670.631931166348,1367.0,1.5672536561391213,1604.5239005736137,Ezi_3_b2,Ezi RNAi,-0.08723688917781214,0.6064302320107848,1.1435868741213189,95
1137,46.42820512820513,677.8264957264958,597.891452991453,3040.0,1.438183306379967,3372.868376068376,Ezi_3_b2,Ezi RNAi,0.07619293614004041,0.5766544423256159,8.815687679532527,95
1138,43.768206039076375,683.4182948490231,616.328596802842,1477.0,1.5327290838521115,2018.988454706927,Ezi_3_b2,Ezi RNAi,0.03665008260658187,0.596066701614911,4.719870077597681,95
1139,43.1501390176089,684.5143651529194,655.2298424467099,1365.0,1.809335765127045,2814.0250231696014,Ezi_3_b2,Ezi RNAi,-0.05091760052076222,0.6111009648161352,0.9099678809612575,95
1140,46.01353711790393,689.7672489082969,856.0244541484716,3418.0,1.6314227366485792,1483.8471615720523,Ezi_3_b2,Ezi RNAi,-0.5041896598018196,0.6876841254774073,-12.728433469425887,95
1141,50.70142348754448,683.4519572953736,912.4345195729537,3940.0,1.5891266790679004,1442.7405693950177,Ezi_3_b2,Ezi RNAi,-0.6345865972642124,0.6903249819354675,-12.795517029542232,95
1142,44.316017316017316,701.1584415584416,656.9454545454546,1616.0,1.5612642702663273,1597.882251082251,Ezi_3_b2,Ezi RNAi,-0.050077845539223564,0.6519059837351378,2.1555460697463085,95
1143,44.08851351351351,714.9864864864865,891.5486486486486,1914.0,1.7480538015492393,1431.1675675675676,Ezi_3_b2,Ezi RNAi,-0.5767009634825645,0.7600130595649568,-17.235623641471392,95
1144,47.72,214.48436363636364,857.2298181818181,1937.0,1.6569493333301828,3172.2545454545457,Ezi_3_b2,Ezi RNAi,-0.6484299006695886,-0.4617866335793639,-17.5608304792898,95
1145,49.19058466211086,216.7410782080486,784.1328777524677,1735.0,1.563185013169642,1925.3356112376614,Ezi_3_b2,Ezi RNAi,-0.4826638191249527,-0.47959633067104834,-10.035321269990403,95
1146,45.24203821656051,230.39945404913558,696.1255686988171,1579.0,1.8076833057139576,3273.040036396724,Ezi_3_b2,Ezi RNAi,-0.2787403053289471,-0.4745313872968525,-6.525736976002053,95
1147,44.65081351689612,247.70212765957447,658.0863579474343,1127.0,1.6665272565920293,2612.3066332916146,Ezi_3_b2,Ezi RNAi,-0.1874260693266132,-0.4447717154599473,-3.742954026647495,95
1148,48.377024291497975,259.1199392712551,837.793016194332,2665.0,1.8693607438332547,2072.544028340081,Ezi_3_b2,Ezi RNAi,-0.5913217365400856,-0.35998975515685605,-14.698638116977204,95
1149,47.95525494276795,259.0837669094693,811.350156087409,2503.0,1.747773894617973,3043.6196670135278,Ezi_3_b2,Ezi RNAi,-0.5314265516952488,-0.3684887369155655,-12.938237166611904,95
1150,43.72786885245902,270.39016393442625,638.4852459016394,576.0,1.7095857333951787,2332.760655737705,Ezi_3_b2,Ezi RNAi,-0.1361635969397481,-0.3961140953292498,-2.738731084409191,95
1151,45.474323062558355,265.1064425770308,678.8683473389356,1673.0,1.5651449136231146,3261.378151260504,Ezi_3_b2,Ezi RNAi,-0.2294314113656809,-0.39605823623241887,-4.400977974316047,95
1152,45.99927483683829,274.97751994198694,699.3466279912981,2115.0,1.5214574541899408,3177.934735315446,Ezi_3_b2,Ezi RNAi,-0.2729303254024791,-0.36566447452508566,-5.433433296803248,95
1153,48.22129186602871,270.85885167464113,892.5151515151515,3207.0,1.6121431570285465,2181.950956937799,Ezi_3_b2,Ezi RNAi,-0.7116100528623794,-0.3141762055869346,-19.208774273323648,95
1154,45.84006462035541,277.48303715670437,821.5201938610662,1276.0,1.8650227155815267,1420.5395799676899,Ezi_3_b2,Ezi RNAi,-0.5485652813805827,-0.3207257765274856,-15.635863749624878,95
1155,46.02533936651584,286.4850678733032,600.4714932126697,1777.0,1.655843462648811,1364.9610859728507,Ezi_3_b2,Ezi RNAi,-0.04581837607368444,-0.36928710007121057,2.904188926502153,95
1156,45.113649677797305,307.20972466315175,707.6502636203867,2203.0,1.6129221548167625,1873.4920913884007,Ezi_3_b2,Ezi RNAi,-0.28197248425284294,-0.2850376657988771,-6.564601045923473,95
1157,44.68725361366623,311.91327201051246,487.64651773981603,1114.0,1.71293290515762,3079.758212877792,Ezi_3_b2,Ezi RNAi,0.2172503986888732,-0.343661732921404,11.221542108675537,95
1158,48.77414772727273,321.39559659090907,492.5078125,1736.0,1.279180425082011,1438.534090909091,Ezi_3_b2,Ezi RNAi,0.20828697151259878,-0.31920109368219307,15.02149436242556,95
1159,47.326350606394705,316.56945975744213,661.5121278941566,2390.0,1.6838044624670858,2193.8704520396914,Ezi_3_b2,Ezi RNAi,-0.17523089863730368,-0.27708959876978345,-0.42716823292575556,95
1160,44.9206106870229,338.9053435114504,933.0137404580153,893.0,1.7119105062981628,1732.0687022900763,Ezi_3_b2,Ezi RNAi,-0.782390229079668,-0.1366442346837622,-24.91741624272802,95
1161,50.7921826625387,355.3154024767802,977.7828947368421,3324.0,1.9775273030664942,1681.9206656346748,Ezi_3_b2,Ezi RNAi,-0.8799260654694256,-0.08273625828570275,-22.537124782356994,95
1162,45.0,396.5739514348786,902.4326710816777,615.0,1.546054385983043,2476.973509933775,Ezi_3_b2,Ezi RNAi,-0.6960868108385154,-0.00685916171197587,-21.535167609935005,95
1163,46.25325615050651,418.28002894356007,994.034008683068,2128.0,1.8648688426354345,1484.5021707670044,Ezi_3_b2,Ezi RNAi,-0.8971206358623899,0.0747936840336032,-27.54837319116482,95
1164,45.41807044410413,438.9693721286371,907.1102603369065,927.0,1.5304325185845111,2128.4027565084225,Ezi_3_b2,Ezi RNAi,-0.6941556211805178,0.09719300336177916,-20.930531864576135,95
1165,46.37431906614786,470.6031128404669,895.501167315175,1959.0,1.6713534657621396,1724.164980544747,Ezi_3_b2,Ezi RNAi,-0.6586766841923826,0.1700236365760981,-18.59183785410893,95
1166,44.11856823266219,498.32214765100673,813.9463087248322,628.0,1.9239614179341682,1701.2841163310961,Ezi_3_b2,Ezi RNAi,-0.4654984330668759,0.21114742793960573,-13.737297544106564,95
1167,47.901852779168756,508.8037055583375,908.1537305958939,2750.0,1.7356701990730186,1700.5788683024537,Ezi_3_b2,Ezi RNAi,-0.6762467127131504,0.2664577623426305,-17.59623233297455,95
1168,47.20975609756098,531.2577235772358,795.1463414634146,1750.0,1.5375828007929635,1489.3878048780489,Ezi_3_b2,Ezi RNAi,-0.4137723305929677,0.28482547708706485,-8.660362974425675,95
1169,47.00966767371601,552.1528700906345,847.2755287009063,2226.0,1.5841846660623087,2159.1117824773414,Ezi_3_b2,Ezi RNAi,-0.5254658505361252,0.35196573922679675,-12.876876802729537,95
1170,45.8252427184466,582.7855987055016,837.1957928802589,1695.0,1.6739769011042214,2739.430420711974,Ezi_3_b2,Ezi RNAi,-0.4933348081083597,0.4228752528551172,-12.81106588988596,95
1171,42.978328173374614,603.5201238390093,898.4427244582043,528.0,1.825201609853062,2949.7430340557275,Ezi_3_b2,Ezi RNAi,-0.6251979743194109,0.49254549334704034,-20.419409249994004,95
1172,44.88540734109221,607.2667860340197,504.57206803939124,1351.0,1.5757331065559446,3186.528200537153,Ezi_3_b2,Ezi RNAi,0.2666567473524033,0.3762660981960415,14.020794919175595,95
1173,46.53518123667377,625.3411513859276,801.4616204690832,1543.0,1.4783471528810062,2886.8006396588485,Ezi_3_b2,Ezi RNAi,-0.3999829208196135,0.5144537375337954,-8.579983779840385,95
1174,48.4002808988764,621.5781835205993,854.1395131086142,2883.0,1.741893902005255,2344.3230337078653,Ezi_3_b2,Ezi RNAi,-0.5206378417195383,0.5221002045583136,-11.117571979845058,95
1175,46.52574750830565,623.0672757475083,509.3413621262458,1581.0,1.740683097818465,1586.8563122923588,Ezi_3_b2,Ezi RNAi,0.2602463823117409,0.41599884203938653,15.475867525925244,95
1176,47.910404624277454,626.9060693641618,896.1676300578034,1107.0,1.6256972112822983,1496.5144508670521,Ezi_3_b2,Ezi RNAi,-0.6140472950681006,0.5483665681344958,-15.000375170615676,95
1177,45.76470588235294,629.6366344005957,757.4080416976917,1731.0,1.5696784866121976,2649.5636634400594,Ezi_3_b2,Ezi RNAi,-0.2988911717138206,0.5108327251202796,-5.655785087044428,95
1178,45.92990978487162,649.7536433032616,783.9458709229701,1982.0,1.5842161779539703,3362.614156835531,Ezi_3_b2,Ezi RNAi,-0.35298695528210544,0.567944800020207,-7.407871695010307,95
1179,45.876460767946575,656.9983305509182,770.6752921535893,1582.0,1.8217548873145906,1505.1811352253756,Ezi_3_b2,Ezi RNAi,-0.3208008193138133,0.5812493376456387,-6.268423044305262,95
1180,44.169767441860465,666.9779069767442,776.8476744186047,1242.0,1.6887597621701214,1481.3418604651163,Ezi_3_b2,Ezi RNAi,-0.3314744048379584,0.6073679527762175,-8.343198471771691,95
1181,45.93397231096912,686.0745473908413,884.5218317358892,1599.0,1.67637864137817,2453.1906283280086,Ezi_3_b2,Ezi RNAi,-0.5697448380248209,0.6878189365728331,-15.208358646536016,95
1182,45.34058898847631,696.6133162612036,872.3854033290653,1198.0,1.7708899239957698,2808.7682458386685,Ezi_3_b2,Ezi RNAi,-0.5390428132977761,0.7094571985141458,-14.655918050356497,95
1183,43.85632183908046,741.1532567049809,583.7528735632184,689.0,1.559512743604433,1912.6264367816093,Ezi_3_b2,Ezi RNAi,0.1274843162191639,0.72537753984075,8.276245210397956,95
1184,48.25919589392643,148.39093242087253,824.0898203592815,1966.0,1.6694360877933154,1568.1993156544054,Ezi_3_b2,Ezi RNAi,-0.5931895793186042,-0.6322340555278024,-15.184558268226091,95
1185,45.222972972972975,174.15878378378378,799.1216216216217,649.0,1.7594906760052558,2171.0439189189187,Ezi_3_b2,Ezi RNAi,-0.5284652459132086,-0.5778195386889784,-15.801815841857973,95
1186,47.547641073080484,171.40980573543015,791.1258094357077,1475.0,1.3777323405465556,1461.385753931545,Ezi_3_b2,Ezi RNAi,-0.5116365858916089,-0.5870295530669103,-12.862945851263564,95
1187,51.88421052631579,195.79808612440192,789.7425837320574,2808.0,1.3473338142623763,1758.0966507177034,Ezi_3_b2,Ezi RNAi,-0.5020920221402765,-0.5284958674109459,-8.097334254825443,95
1188,48.36384439359268,220.72997711670482,800.5675057208238,1767.0,1.7596342766123736,2947.279176201373,Ezi_3_b2,Ezi RNAi,-0.5185029894415842,-0.46471110488863576,-12.160812097585374,95
1189,46.346504559270514,243.50759878419453,680.0678824721377,1446.0,1.4007753319369984,2548.4934143870314,Ezi_3_b2,Ezi RNAi,-0.238728254732816,-0.44793591573085234,-3.923157987932645,95
1190,48.168266154830455,247.86052463211772,670.9053103007037,2484.0,1.483830059065599,1429.4427383237364,Ezi_3_b2,Ezi RNAi,-0.21705398551921173,-0.4403324113229482,-1.2930604361327016,95
1191,45.731268731268734,256.1008991008991,690.7232767232767,1361.0,1.4129875151889526,2695.952047952048,Ezi_3_b2,Ezi RNAi,-0.2589767413534717,-0.41407457363413525,-5.244705008963397,95
1192,50.82803374432187,262.93056456846205,699.8410123296561,2331.0,1.4770987738642516,2803.0752757949385,Ezi_3_b2,Ezi RNAi,-0.2785512815049953,-0.394683635029348,-0.8254224272528745,95
1193,45.99012345679012,264.11358024691356,635.395061728395,667.0,1.7568210259500392,1679.4617283950618,Ezi_3_b2,Ezi RNAi,-0.13146956340675842,-0.4122969842481098,-0.3144550512438351,95
1194,48.047151277013754,275.1738703339882,767.9931237721022,2749.0,1.5359734821683932,2043.0574656188605,Ezi_3_b2,Ezi RNAi,-0.42857198510425076,-0.34335922145303355,-9.052487911731134,95
1195,50.66763005780347,285.4251182343668,976.7677351550184,4818.0,1.5938281877524587,2793.965055176038,Ezi_3_b2,Ezi RNAi,-0.8983669928801956,-0.2521427582635345,-23.523543936929205,95
1196,48.015800203873596,291.06167176350664,776.1177370030581,2720.0,1.670814463404926,1853.0203873598368,Ezi_3_b2,Ezi RNAi,-0.4422277901370234,-0.30233666615802124,-9.538843313481413,95
1197,46.92384658143413,294.60811561978875,747.7031684269039,2837.0,1.8892136817547664,2030.6759310728182,Ezi_3_b2,Ezi RNAi,-0.3766792842551232,-0.30279132399943376,-8.235146922914252,95
1198,46.27113702623907,296.06316812439263,686.4042759961127,1924.0,1.7671989170652234,2587.1778425655975,Ezi_3_b2,Ezi RNAi,-0.2374374446402101,-0.318772432497045,-3.809534109251378,95
1199,46.674751243781095,305.9570895522388,730.0379353233831,2190.0,1.6743269888845822,1765.4191542288556,Ezi_3_b2,Ezi RNAi,-0.33329388868167253,-0.28095448084036634,-6.8726035136961485,95
1200,48.45068870523416,316.8236914600551,986.1410468319559,2420.0,1.3967799118301392,2482.1586776859504,Ezi_3_b2,Ezi RNAi,-0.9098221651522225,-0.17318367992276817,-26.08088671009512,95
1201,46.63133989401968,338.890234670704,471.8122634367903,1673.0,1.5679052056965423,3120.114307342922,Ezi_3_b2,Ezi RNAi,0.26071616766503825,-0.28344806391253996,14.830101659915472,95
1202,48.578272980501396,337.85292479108637,962.8217270194986,2427.0,1.5237435032388527,1785.2479108635098,Ezi_3_b2,Ezi RNAi,-0.850841230145221,-0.1297291720532271,-23.745562471261877,95
1203,50.82447954055994,358.8043790380474,915.9569274946159,3646.0,1.782453376371646,1858.7376166547022,Ezi_3_b2,Ezi RNAi,-0.7390186090405289,-0.09396891699631338,-17.357894909320713,95
1204,47.74547890154052,369.52779638312126,858.4976557267247,2199.0,1.69678658432059,2596.1707970529137,Ezi_3_b2,Ezi RNAi,-0.6052462385822458,-0.0862896316187669,-15.541342098663186,95
1205,47.92083062946139,370.7456197274497,842.3977936404932,2051.0,1.8743297598864026,2578.228423101882,Ezi_3_b2,Ezi RNAi,-0.5684931362275769,-0.08846755691921115,-14.022095289813652,95
1206,49.597722960151806,371.74715370018976,975.4468690702088,2703.0,1.6584170059880037,1498.8548387096773,Ezi_3_b2,Ezi RNAi,-0.8695312588235149,-0.043718764792858855,-23.312291855397017,95
1207,49.20059171597633,377.31301775147926,824.2213017751479,2194.0,1.689888946507004,2540.8988165680476,Ezi_3_b2,Ezi RNAi,-0.525663945351236,-0.07837134975277604,-11.158597786170194,95
1208,50.15049415992812,385.5566037735849,925.7232704402516,3331.0,1.8814068940023545,2330.7214734950585,Ezi_3_b2,Ezi RNAi,-0.7530384100163858,-0.026135664767754863,-18.47299482363633,95
1209,45.462046204620464,399.76237623762376,838.034103410341,1453.0,1.569134660212672,2809.732673267327,Ezi_3_b2,Ezi RNAi,-0.549530511535265,-0.019640354498709822,-15.719555442182678,95
1210,47.1287254280279,393.7850348763475,867.7761572606214,2294.0,1.770285838323934,2761.576410906785,Ezi_3_b2,Ezi RNAi,-0.6189144357211163,-0.024648060273434247,-16.592942285827043,95
1211,47.828737300435414,417.0522496371553,901.3149492017417,1871.0,1.7845034875044052,2344.309869375907,Ezi_3_b2,Ezi RNAi,-0.6880159594294013,0.042309495298123334,-18.34693742332287,95
1212,47.0013986013986,441.34965034965035,960.1160839160839,1411.0,1.9793149323335764,2038.7202797202797,Ezi_3_b2,Ezi RNAi,-0.813673656174503,0.11980789998188057,-23.692799978228717,95
1213,44.95284327323162,447.29403606102636,923.1359223300971,1042.0,1.5415038318055116,2163.2066574202495,Ezi_3_b2,Ezi RNAi,-0.7278507193504944,0.1224351734031568,-22.603351349912458,95
1214,48.13989637305699,442.60362694300517,985.9671848013817,2163.0,1.6578977768098193,1630.176165803109,Ezi_3_b2,Ezi RNAi,-0.8720053838878349,0.1310601180325348,-24.673684349479885,95
1215,46.6231884057971,470.9504830917874,956.3792270531401,1300.0,1.5615162510125637,1835.512077294686,Ezi_3_b2,Ezi RNAi,-0.7963537335792158,0.19023403699367258,-23.36076672895564,95
1216,46.371300448430496,509.4188340807175,925.6834080717489,2062.0,1.683796039857869,1647.972197309417,Ezi_3_b2,Ezi RNAi,-0.7154309201546398,0.27353392709182733,-20.559066633095693,95
1217,45.39473684210526,507.71457489878543,825.0202429149798,939.0,1.9363310968726277,1599.8259109311741,Ezi_3_b2,Ezi RNAi,-0.48800653176017883,0.2373858002357636,-13.251910800722081,95
1218,47.58892921960073,545.0399274047187,832.5117967332123,1503.0,1.6027497887009559,1643.6170598911071,Ezi_3_b2,Ezi RNAi,-0.4942876507122249,0.33005587146207294,-11.178112518031947,95
1219,47.87919896640827,546.0729974160207,881.8430232558139,2456.0,1.5042056227719536,2341.7196382428942,Ezi_3_b2,Ezi RNAi,-0.6056449729948863,0.3482506551102118,-14.944044219965132,95
1220,46.860518292682926,624.9489329268292,774.748475609756,1785.0,1.9309672057741103,2771.034298780488,Ezi_3_b2,Ezi RNAi,-0.3397249307240692,0.5050025010776371,-6.057615691366291,95
1221,46.370112945264985,633.7940920938314,529.0225890529974,1404.0,1.478966305272483,3141.2172024326674,Ezi_3_b2,Ezi RNAi,0.21893515836975608,0.4482136911018504,13.842537416283319,95
1222,48.49124343257443,640.5271453590193,841.7005253940455,1523.0,1.6035676970151198,3591.012259194396,Ezi_3_b2,Ezi RNAi,-0.4868839019431396,0.563984352907021,-9.744382522711913,95
1223,49.62311557788945,635.9857621440536,973.964824120603,1717.0,1.856986769500514,1496.2294807370183,Ezi_3_b2,Ezi RNAi,-0.7876888195546271,0.5950771030333044,-19.587987505317187,95
1224,48.11930405965203,671.3173156586578,864.1168185584092,2009.0,1.9717547710774708,2212.0115990057993,Ezi_3_b2,Ezi RNAi,-0.5283816672681626,0.6456098264473888,-11.547288057817696,95
1225,46.93563880883766,677.5465898174832,928.9740634005764,1513.0,1.9781520364361114,1910.6628242074928,Ezi_3_b2,Ezi RNAi,-0.6730400343172465,0.6813257457021056,-17.992349926280394,95
1226,47.82944785276074,678.5380368098159,556.1251533742332,2454.0,1.4372235445515036,1582.8766871165644,Ezi_3_b2,Ezi RNAi,0.17062975202742514,0.5650765203418973,13.666821400281137,95
1227,48.36550491510277,168.076854334227,809.4030384271671,1658.0,1.4736484236604146,3153.753351206434,Ezi_3_b2,Ezi RNAi,-0.5541341680526785,-0.589282350200652,-13.600687400757131,95
1228,49.40735785953177,180.6789297658863,805.9698996655518,1925.0,1.6057559262645045,1415.3070234113713,Ezi_3_b2,Ezi RNAi,-0.5428226835396975,-0.5598936139243416,-12.108709920735091,95
1229,48.747434435575826,189.24743443557583,778.3072976054732,2696.0,1.2679977422972895,3049.1413911060436,Ezi_3_b2,Ezi RNAi,-0.47756626018318526,-0.5479620313715305,-10.368543605328503,95
1230,52.2969450101833,187.59429735234215,917.8338085539715,3145.0,1.7946471115347342,1512.6,Ezi_3_b2,Ezi RNAi,-0.7944060018427109,-0.507586705655786,-18.36291162876626,95
1231,46.611111111111114,191.4320987654321,340.6975308641975,718.0,1.566730914330247,1482.3909465020577,Ezi_3_b2,Ezi RNAi,0.5135548809360588,-0.6819119214012284,23.629159873042305,95
1232,52.97522935779816,207.14036697247707,934.0788990825688,1611.0,1.6403640273866555,1483.5339449541284,Ezi_3_b2,Ezi RNAi,-0.8254828978476543,-0.4551344302295358,-18.76242784306788,95
1233,48.716513111268604,220.51098511693834,838.7845499645641,1950.0,1.8447256501222515,2555.1920623671153,Ezi_3_b2,Ezi RNAi,-0.605099074504079,-0.4530823953186527,-14.964739167888055,95
1234,46.778985507246375,225.0,397.1141304347826,935.0,1.6727831910587012,1760.0978260869565,Ezi_3_b2,Ezi RNAi,0.3958555224306972,-0.5827508245989517,19.59720591967786,95
1235,52.68826619964974,220.38266199649738,794.6488616462346,1542.0,1.6016677193107987,3012.550788091068,Ezi_3_b2,Ezi RNAi,-0.5060429279236658,-0.4674629010923619,-7.368016703120038,95
1236,46.17886178861789,242.30352303523034,694.0243902439024,636.0,1.6117784624483509,3070.986449864499,Ezi_3_b2,Ezi RNAi,-0.2706295491575872,-0.44640680515373143,-5.257738541266104,95
1237,50.6865671641791,244.40369580668087,816.3702914001422,1743.0,1.534951586222671,1772.5387348969439,Ezi_3_b2,Ezi RNAi,-0.547667646919926,-0.4024243531477131,-10.829288637604071,95
1238,47.602240896358545,254.71988795518206,716.8580765639589,1651.0,1.5746305040721666,3030.280112044818,Ezi_3_b2,Ezi RNAi,-0.31887319493285426,-0.4091116368276142,-5.554747231501439,95
1239,49.18399495904222,242.64650283553874,896.366729678639,1993.0,1.53005140441475,1768.7933207309388,Ezi_3_b2,Ezi RNAi,-0.7288888843281055,-0.3812105166857419,-18.949028579796245,95
1240,48.843515541264736,261.037513397642,870.0932475884244,2507.0,1.663971518229665,1489.7979635584138,Ezi_3_b2,Ezi RNAi,-0.6639185105170005,-0.3450755857733918,-16.872162033858366,95
1241,48.43129089827484,260.4961332540155,782.3706127305176,2114.0,1.5649286307515546,2741.5086258179654,Ezi_3_b2,Ezi RNAi,-0.46553374681649884,-0.37429633427213715,-10.054322911473395,95
1242,49.33216432865731,260.56913827655313,752.057114228457,2476.0,1.7638607679481626,2766.7995991983967,Ezi_3_b2,Ezi RNAi,-0.39710210027056747,-0.38377146483235214,-6.655154161099476,95
1243,49.99487179487179,293.6461538461538,661.2190476190476,1703.0,1.67236860366198,2911.825641025641,Ezi_3_b2,Ezi RNAi,-0.18188789977182362,-0.3326581984569893,1.9458975681248694,95
1244,50.01985659128516,296.5813568670712,721.0121345835631,2395.0,1.3811082087965127,2030.3943739658025,Ezi_3_b2,Ezi RNAi,-0.31629870044867925,-0.3065308838502896,-2.9216074221539534,95
1245,50.3435960591133,320.63823891625617,902.8238916256157,4200.0,1.9017856618817843,2228.308805418719,Ezi_3_b2,Ezi RNAi,-0.7205515442807862,-0.1904794075816939,-17.27041428379146,95
1246,48.255645889792234,326.1029810298103,455.6829268292683,1448.0,1.3708343255512763,2932.2041553748873,Ezi_3_b2,Ezi RNAi,0.2930984287863654,-0.31952704561556533,17.60608932851614,95
1247,50.9707779886148,335.14193548387095,979.4504743833018,3670.0,1.821772404500823,2099.946869070209,Ezi_3_b2,Ezi RNAi,-0.8897257180884369,-0.13101209207303532,-22.76977702244874,95
1248,51.19622034579815,344.16485725774027,810.4274225975071,3524.0,1.793945185773717,1841.7478890229193,Ezi_3_b2,Ezi RNAi,-0.5046849181057746,-0.1629683708566716,-8.480837771692128,95
1249,45.99732620320856,364.1136363636364,440.951871657754,1039.0,1.7514702261466588,1672.840909090909,Ezi_3_b2,Ezi RNAi,0.3381498993347152,-0.23224131224830868,17.08530390914739,95
1250,48.18571428571428,365.25357142857143,1003.1678571428571,831.0,1.5424903907330094,1738.2767857142858,Ezi_3_b2,Ezi RNAi,-0.9339070198663476,-0.05059843212809956,-27.093868776443692,95
1251,49.118455843469064,372.13220518244316,875.2062400846113,2496.0,1.4557699680031793,2485.206240084611,Ezi_3_b2,Ezi RNAi,-0.6425373222547399,-0.07468105172466588,-15.516152510771182,95
1252,50.65166051660517,370.22435424354245,931.8516605166052,1697.0,1.7346786552957374,1628.7018450184503,Ezi_3_b2,Ezi RNAi,-0.7715539421000834,-0.06128188651386535,-18.686631368204424,95
1253,49.481425322213795,380.235026535254,939.2554965883245,1707.0,1.9685121072766152,1448.8066717210008,Ezi_3_b2,Ezi RNAi,-0.7851070044935617,-0.03469968750605856,-20.327983765324703,95
1254,48.77166541070083,383.02562170308966,889.802562170309,2400.0,1.5246243311493481,2863.665410700829,Ezi_3_b2,Ezi RNAi,-0.6722582214499164,-0.043679939693451963,-16.91827744139055,95
1255,47.50266808964781,399.4034151547492,1007.2262540021345,1306.0,1.8698605341703443,1421.7107790821772,Ezi_3_b2,Ezi RNAi,-0.9328137088409919,0.03331551252126652,-27.64703358243552,95
1256,46.44259567387687,418.65557404326125,950.6838602329451,855.0,1.765492740184719,1754.6139767054908,Ezi_3_b2,Ezi RNAi,-0.7989684252664835,0.06190681121781694,-23.77880292393366,95
1257,47.69217238346526,420.36675461741424,833.844327176781,1573.0,1.377820897415825,2358.182937554969,Ezi_3_b2,Ezi RNAi,-0.5343573639313131,0.028859690859647236,-12.872731174406567,95
1258,48.412152269399705,445.33674963396777,899.3147877013178,1927.0,1.8300453570686073,1556.9963396778917,Ezi_3_b2,Ezi RNAi,-0.675200193742351,0.1100974033889095,-17.217716679755075,95
1259,47.4057239057239,450.506734006734,952.0858585858585,978.0,1.6499222187229512,2245.516835016835,Ezi_3_b2,Ezi RNAi,-0.7928629611939412,0.13940357825138538,-22.503552157827205,95
1260,48.25,472.7482269503546,915.9521276595744,1677.0,1.9673209719663174,1820.7934397163122,Ezi_3_b2,Ezi RNAi,-0.7046672589131091,0.18170861291050566,-18.380616847421425,95
1261,48.92821782178218,482.38985148514854,944.9040841584158,2549.0,1.6448004260994527,1735.3712871287128,Ezi_3_b2,Ezi RNAi,-0.7674347925313817,0.21424262073596823,-19.962413825595867,95
1262,47.30062893081761,485.7446540880503,902.6415094339623,1098.0,1.7487559517720856,1683.1132075471698,Ezi_3_b2,Ezi RNAi,-0.6705105343307557,0.2089213327212236,-18.05279607283796,95
1263,47.424778761061944,499.8692232055064,848.7522123893805,1512.0,1.5244230911078636,1451.7915437561455,Ezi_3_b2,Ezi RNAi,-0.544417456588816,0.22594404872531548,-13.292740217148665,95
1264,47.777272727272724,519.9333333333333,786.5560606060606,1206.0,1.7351902788498237,1431.4212121212122,Ezi_3_b2,Ezi RNAi,-0.3978099584431236,0.25469142433005354,-7.539536448770866,95
1265,46.575170842824605,545.4555808656037,917.1469248291572,1371.0,1.7236507405880703,2106.766514806378,Ezi_3_b2,Ezi RNAi,-0.6854516738999776,0.35799929635017413,-19.163967708411143,95
1266,47.37658227848101,575.4667721518987,957.9224683544304,889.0,1.5162314574308613,2180.03164556962,Ezi_3_b2,Ezi RNAi,-0.7689419193777558,0.44357453212974196,-21.32256687491102,95
1267,47.03336339044184,595.6456266907123,800.1830477908026,1714.0,1.8505551822215867,2291.912533814247,Ezi_3_b2,Ezi RNAi,-0.4060068432391508,0.4422018021198697,-8.380040550870874,95
1268,45.77671755725191,600.2480916030535,902.4045801526718,828.0,1.8770502271768887,2760.5057251908397,Ezi_3_b2,Ezi RNAi,-0.6356687613223314,0.4858719503570035,-18.00190435296383,95
1269,46.220356768100736,604.7890870933893,843.6453305351522,1436.0,1.9132471439815404,2832.6243441762854,Ezi_3_b2,Ezi RNAi,-0.5014657363601633,0.4781575802394258,-12.65149491539134,95
1270,46.97985901309164,605.5941591137965,820.1621349446123,1534.0,1.7837985855515606,2501.896273917422,Ezi_3_b2,Ezi RNAi,-0.44824269079852275,0.4726278772577259,-9.946702312309025,95
1271,45.93806921675774,614.9289617486339,805.0364298724954,714.0,1.5477154950919632,2621.3897996357014,Ezi_3_b2,Ezi RNAi,-0.411049486126821,0.49040513104928096,-9.610820322875544,95
1272,47.445972495088405,611.2053045186641,892.0923379174852,1698.0,1.6972226765174947,1448.9223968565816,Ezi_3_b2,Ezi RNAi,-0.6094024043872139,0.5090882507622132,-15.33955117556133,95
1273,46.76063829787234,622.5425531914893,907.6994680851063,566.0,1.6085238462754026,1566.872340425532,Ezi_3_b2,Ezi RNAi,-0.6412135794787857,0.5414869691387099,-17.15640551219684,95
1274,46.429301533219764,665.618398637138,560.5076660988075,1661.0,1.7856083796950561,3280.585178875639,Ezi_3_b2,Ezi RNAi,0.15714458195589964,0.5352239419357632,11.735195226646887,95
1275,48.600603621730386,668.7706237424547,877.7022132796781,1502.0,1.6857223784444788,2343.4798792756537,Ezi_3_b2,Ezi RNAi,-0.5599663279328089,0.6437684477706953,-12.222759281121826,95
1276,47.34610303830912,666.6512549537648,851.2351387054161,1173.0,1.7676749056169723,3065.9009247027743,Ezi_3_b2,Ezi RNAi,-0.5004758793242607,0.6302273536521243,-11.318376119538675,95
1277,46.53504273504274,672.6205128205128,628.5470085470085,1450.0,1.598931335868574,1465.3581196581197,Ezi_3_b2,Ezi RNAi,0.005269827813153549,0.5738137242966295,6.323007729505303,95
1278,48.66334355828221,685.0536809815951,873.2944785276073,1709.0,1.5624612286975752,2500.258435582822,Ezi_3_b2,Ezi RNAi,-0.5451691022662627,0.6817587822137916,-11.576250936039223,95
1279,46.21461187214612,693.62100456621,599.0034246575342,1173.0,1.6164492410668903,3102.7933789954336,Ezi_3_b2,Ezi RNAi,0.07840992547855463,0.6152210352603347,8.724914631229534,95
1280,50.67163212435233,91.62629533678756,715.169689119171,1973.0,1.5326414898931862,1597.6522020725388,Ezi_3_b2,Ezi RNAi,-0.3640888405948839,-0.8042382509823125,-4.5644745357191,95
1281,49.61675126903553,139.69289340101523,895.906937394247,1861.0,1.6300713873880812,1476.906937394247,Ezi_3_b2,Ezi RNAi,-0.75851464801441,-0.6304334289222306,-19.873447075497076,95
1282,50.253258845437614,183.09916201117318,847.9450651769088,2829.0,1.6256484890802694,2237.467877094972,Ezi_3_b2,Ezi RNAi,-0.6372316295555298,-0.5406872458117943,-14.695401161867167,95
1283,50.95895300416419,194.71029149315882,861.6597263533611,2355.0,1.9456575497627333,1928.9643069601427,Ezi_3_b2,Ezi RNAi,-0.6649459782116947,-0.5082371970642326,-14.966284652253162,95
1284,49.97117117117117,200.68408408408408,845.9321321321321,2285.0,1.5372124498271014,2091.30990990991,Ezi_3_b2,Ezi RNAi,-0.6273997869261021,-0.4987830490861528,-14.572430733361056,95
1285,47.68916797488226,202.47095761381476,342.4929356357928,949.0,1.519927170171148,1513.3406593406594,Ezi_3_b2,Ezi RNAi,0.5125658351405129,-0.654641539477455,24.704769545509983,95
1286,51.98984771573604,191.0645395213923,837.5482233502538,1970.0,1.4683016199559848,1460.007251631617,Ezi_3_b2,Ezi RNAi,-0.6116755028096708,-0.52473639713599,-11.999469050935591,95
1287,49.39908045977011,208.24735632183908,719.6510344827586,2812.0,1.4787484742885053,2179.966436781609,Ezi_3_b2,Ezi RNAi,-0.33934088562021114,-0.5206647717505999,-4.623633340440159,95
1288,51.10175763182239,214.29972247918593,760.4093432007401,3241.0,1.9462155895902122,2782.604532839963,Ezi_3_b2,Ezi RNAi,-0.4300817282317476,-0.49306404576933727,-6.207007618160764,95
1289,50.0520156046814,231.31599479843953,729.5227568270482,1180.0,1.408220206979906,3294.849154746424,Ezi_3_b2,Ezi RNAi,-0.3549471952527643,-0.4617182753971061,-4.475010306066261,95
1290,48.77581120943953,241.52949852507373,754.3384955752213,1957.0,1.527767131627014,3103.952064896755,Ezi_3_b2,Ezi RNAi,-0.40781302238276296,-0.4291041431095902,-7.655465605630999,95
1291,51.09167604049494,247.6591676040495,830.214848143982,2356.0,1.6861119078067477,3285.0551181102364,Ezi_3_b2,Ezi RNAi,-0.5781004877748683,-0.39014570006848026,-11.523522833694885,95
1292,47.95004897159647,254.40744368266405,728.6043095004898,1323.0,1.4096282574855314,2981.2575905974536,Ezi_3_b2,Ezi RNAi,-0.3456076321947785,-0.4061320988504221,-6.1812934698272475,95
1293,49.55385790679908,259.2085561497326,661.9847211611917,1790.0,1.420216359815567,2776.6890756302523,Ezi_3_b2,Ezi RNAi,-0.19376578879395645,-0.4157259308823066,0.9771196076236977,95
1294,50.496024464831805,259.9492354740061,800.1376146788991,2269.0,1.4586742311731475,2643.4483180428133,Ezi_3_b2,Ezi RNAi,-0.5062878935997643,-0.3699793722355976,-9.469759338781222,95
1295,48.89655172413793,271.6640141467728,670.080459770115,1611.0,1.829186733045943,3042.2590627763043,Ezi_3_b2,Ezi RNAi,-0.20825612066457955,-0.3830122862278459,-0.17707886938227224,95
1296,50.51974921630094,284.14294670846397,917.5266457680251,1930.0,1.672721254000671,2334.1943573667713,Ezi_3_b2,Ezi RNAi,-0.7646904925101542,-0.2740944746293985,-18.801661788442658,95
1297,52.92285916489738,296.2538334512857,994.0667610285444,5231.0,1.6864002249152543,2570.3739089407877,Ezi_3_b2,Ezi RNAi,-0.9347195982867926,-0.2204551384301917,-22.55656865367951,95
1298,49.020107238605895,357.93900804289547,451.68029490616624,1935.0,1.5714690119142545,3231.7278820375336,Ezi_3_b2,Ezi RNAi,0.31146502709507184,-0.24378536812738327,19.128973686097623,95
1299,49.60931506849315,375.56602739726026,906.8301369863013,2334.0,1.5667130342116318,2876.508493150685,Ezi_3_b2,Ezi RNAi,-0.7131581815070878,-0.056314022344676196,-17.589081108788395,95
1300,49.577838827838825,383.3131868131868,972.6547619047619,1445.0,1.3208653063209852,1435.2371794871794,Ezi_3_b2,Ezi RNAi,-0.8597747090401,-0.016625602455554445,-22.94523613296403,95
1301,48.51763858891289,411.0748740100792,845.9697624190064,1964.0,1.8699212143082666,2303.877609791217,Ezi_3_b2,Ezi RNAi,-0.5647085189268197,0.010232990957933952,-13.176116369445047,95
1302,46.39575971731449,418.85689045936397,938.1731448763251,787.0,1.7077397166929034,2291.6925795053003,Ezi_3_b2,Ezi RNAi,-0.7705949873554636,0.05841319916834764,-22.790782512665473,95
1303,48.506024096385545,429.10327022375213,972.7641996557659,1084.0,1.921177464909505,1890.5283993115318,Ezi_3_b2,Ezi RNAi,-0.8462149309796487,0.09419532246705309,-23.402509266076397,95
1304,48.87028301886792,440.7311320754717,930.2275943396227,1165.0,1.3859222938352755,2221.110849056604,Ezi_3_b2,Ezi RNAi,-0.74659417865056,0.10878870513689698,-19.37342613282834,95
1305,47.88955223880597,449.5641791044776,785.8179104477612,1227.0,1.6637176835511505,1956.3955223880596,Ezi_3_b2,Ezi RNAi,-0.41706516249982983,0.08421300363976925,-8.31928394854369,95
1306,49.1444342226311,473.3744250229991,933.1379944802208,1617.0,1.8104360190578253,1755.0073597056119,Ezi_3_b2,Ezi RNAi,-0.7435342561976502,0.188686338413957,-18.89844183398893,95
1307,48.73397823458283,493.39661426844015,822.9298669891173,1269.0,1.7773558437435197,1433.4461910519951,Ezi_3_b2,Ezi RNAi,-0.48816929631351924,0.20205967328595986,-9.945736665540023,95
1308,52.31736281736282,515.9041769041769,845.2375102375103,3299.0,1.6965769770928063,1555.6769041769041,Ezi_3_b2,Ezi RNAi,-0.53263836357666,0.2635868131730157,-7.910312707041758,95
1309,47.75367647058823,525.2637867647059,923.6075367647059,1638.0,1.5798617874266565,1655.124080882353,Ezi_3_b2,Ezi RNAi,-0.7062919868083619,0.3111977635724881,-18.795818511483542,95
1310,51.286343612334804,524.2454945935123,877.8882659191029,3777.0,1.2770054219687443,2144.4977973568284,Ezi_3_b2,Ezi RNAi,-0.603833458957401,0.29416313387659887,-11.518067506562346,95
1311,49.47838616714697,559.4403458213256,908.5048991354466,2588.0,1.9945305744532207,2550.0922190201727,Ezi_3_b2,Ezi RNAi,-0.662300783729588,0.3890635185287885,-15.368762188642101,95
1312,52.02477700693756,558.7656095143707,858.0887016848365,3785.0,1.7511644164343452,2656.1590683845393,Ezi_3_b2,Ezi RNAi,-0.5489250248533457,0.37137190007033105,-8.681751457562083,95
1313,49.77123050259965,566.1727325245523,779.1750433275563,2392.0,1.5646973131547124,2060.441363373772,Ezi_3_b2,Ezi RNAi,-0.36775655981414335,0.3641958811103383,-4.317821789478517,95
1314,50.80538065254722,568.6628506010303,815.3165426445335,2232.0,1.5070737489938366,1927.4544934172868,Ezi_3_b2,Ezi RNAi,-0.4489824717661336,0.38171379937074423,-6.234776936557354,95
1315,48.69707112970711,577.9707112970711,886.8970711297071,1882.0,1.9105946359940262,2320.697071129707,Ezi_3_b2,Ezi RNAi,-0.6077604136710847,0.42702309313449893,-14.11415645728566,95
1316,47.024299065420564,585.1626168224299,809.1420560747664,691.0,1.7413898085435795,2074.0,Ezi_3_b2,Ezi RNAi,-0.42938834412924143,0.4196912990190813,-9.269970764171754,95
1317,48.46709470304976,603.5762439807384,864.1797752808989,1742.0,1.5406084042191188,2935.242375601926,Ezi_3_b2,Ezi RNAi,-0.5487136854712016,0.4817428568975046,-12.122855406129657,95
1318,47.71747700394218,602.9868593955322,959.7858081471747,1099.0,1.832233413287442,3377.2917214191853,Ezi_3_b2,Ezi RNAi,-0.7650477508736205,0.5107440736150552,-20.764052163150026,95
1319,48.896280400572245,606.6909871244635,979.6494992846924,1779.0,1.7185524383586888,1876.7789699570815,Ezi_3_b2,Ezi RNAi,-0.8091132290008192,0.5260184172758022,-21.177724984484637,95
1320,47.81881188118812,612.5653465346535,495.590099009901,1444.0,1.5575769735977192,2574.8158415841585,Ezi_3_b2,Ezi RNAi,0.2879906525566891,0.38620757680094187,17.756547748613375,95
1321,48.82853486884197,606.725527831094,763.8937939859245,1959.0,1.873633357171032,1708.8854766474728,Ezi_3_b2,Ezi RNAi,-0.3209568409255761,0.4574481116579221,-3.4477932580719237,95
1322,47.28624535315985,620.9330855018587,939.8345724907064,709.0,1.671456119902447,2768.4126394052046,Ezi_3_b2,Ezi RNAi,-0.7144958109551562,0.5478153011974702,-19.305142013139495,95
1323,50.01635220125786,636.7044025157232,959.7320754716981,2016.0,1.7745266571609764,1666.7320754716982,Ezi_3_b2,Ezi RNAi,-0.7553499094653117,0.5922842151043937,-18.012387316491008,95
1324,48.090761750405186,637.1782820097245,869.6337115072934,1050.0,1.7381921403091036,3397.777957860616,Ezi_3_b2,Ezi RNAi,-0.5509990988781874,0.564773570723951,-12.492908941664616,95
1325,47.92261392949269,644.9862424763543,764.3852106620808,1558.0,1.69442573211889,2638.9828030954427,Ezi_3_b2,Ezi RNAi,-0.31052966390406167,0.5501738377233776,-3.87317940633599,95
1326,51.22999597909128,640.6224366706875,988.5677523120225,3209.0,1.9241265731634243,1492.4129473260957,Ezi_3_b2,Ezi RNAi,-0.8196570409167986,0.6109307524287153,-19.12851558472576,95
1327,48.81515711645102,645.9972273567467,818.1765249537892,1885.0,1.7286064016459717,3495.833641404806,Ezi_3_b2,Ezi RNAi,-0.43209942522200895,0.5697304801203158,-7.40714227746342,95
1328,49.0353982300885,643.9424778761062,777.5641592920354,704.0,1.8128103953481574,2856.170353982301,Ezi_3_b2,Ezi RNAi,-0.34086912001851033,0.5518350117869579,-3.86550582248781,95
1329,49.239837398373986,649.3119918699186,641.7174796747968,2164.0,1.9822930611864717,1788.4044715447155,Ezi_3_b2,Ezi RNAi,-0.03196894833341346,0.5215970991499232,7.616442054029043,95
1330,50.31495327102804,652.2383177570093,877.7542056074766,2854.0,1.4735552560746774,3274.632242990654,Ezi_3_b2,Ezi RNAi,-0.5653229900181358,0.6037775044823457,-10.742480533349445,95
1331,49.08506787330317,651.3321266968326,921.579185520362,1610.0,1.6665883280391522,2007.1529411764707,Ezi_3_b2,Ezi RNAi,-0.6645080403570034,0.6155384757523372,-15.595305142943069,95
1332,47.214285714285715,663.9514285714286,905.4914285714286,514.0,1.59291673458463,1717.202857142857,Ezi_3_b2,Ezi RNAi,-0.6240039729703866,0.640961137074882,-15.96169856708351,95
1333,47.93171806167401,663.5374449339207,932.0011013215859,1251.0,1.7816340160967385,1674.0704845814978,Ezi_3_b2,Ezi RNAi,-0.6842406032814004,0.6483903961626711,-17.439075764620917,95
1334,47.43921568627451,672.5294117647059,581.5105882352941,1678.0,1.6052423605171307,3437.059607843137,Ezi_3_b2,Ezi RNAi,0.11148661051725917,0.5586202541093328,11.102661464096574,95
1335,47.98186314921682,671.4220939818631,615.2036273701566,1581.0,1.6985903462582495,3172.2555647155814,Ezi_3_b2,Ezi RNAi,0.034825561414221884,0.5666590580277682,8.849193999188113,95
1336,47.60149439601494,669.6176836861769,804.1718555417185,1335.0,1.5420389768544367,1394.0149439601494,Ezi_3_b2,Ezi RNAi,-0.39316593739410166,0.6224265932930924,-7.141630639483637,95
1337,48.4,668.2518518518518,815.2925925925925,564.0,1.978920654148827,1901.4296296296295,Ezi_3_b2,Ezi RNAi,-0.41888437215657315,0.622655714980769,-7.281720327514114,95
1338,48.92370892018779,666.4460093896714,824.9530516431925,1190.0,1.8304925984577327,2423.402582159624,Ezi_3_b2,Ezi RNAi,-0.4413771605842247,0.6213574532754345,-7.58114750002882,95
1339,48.08731466227348,733.5189456342669,587.4365733113674,874.0,1.5373180260972716,1674.169686985173,Ezi_3_b2,Ezi RNAi,0.1160729145999897,0.7080525606579753,12.0852358349176,95
1340,47.479674796747965,220.79065040650406,870.9979674796748,947.0,1.8587751657957787,2408.8739837398375,Ezi_3_b2,Ezi RNAi,-0.6776601260048041,-0.44214730282109993,-18.850641254405517,95
1341,49.42467718794835,224.39598278335725,715.3959827833572,969.0,1.490516973210284,3098.845050215208,Ezi_3_b2,Ezi RNAi,-0.3249219232323992,-0.48295083660205884,-4.028552194041895,95
1342,52.18014500836587,220.49023982152818,830.2292247629671,2910.0,1.5580788274459871,1894.702175125488,Ezi_3_b2,Ezi RNAi,-0.5864120053641035,-0.45587751463455517,-10.807809568195378,95
1343,50.904937361827564,229.71260132645543,745.3301400147384,1945.0,1.676103590520731,3165.974944731024,Ezi_3_b2,Ezi RNAi,-0.391349840342214,-0.46057292800156147,-4.950675832441121,95
1344,49.335697399527184,239.04728132387706,713.4326241134752,1342.0,1.5809739184457938,3215.0685579196215,Ezi_3_b2,Ezi RNAi,-0.31611064026822866,-0.4481293864041569,-3.756948663364942,95
1345,49.56052344601963,242.5616139585605,854.2082878953108,1394.0,1.4410638327433578,1498.0185387131953,Ezi_3_b2,Ezi RNAi,-0.6336054191811311,-0.39483332425224105,-15.097456862262376,95
1346,51.933673469387756,238.16071428571428,691.9821428571429,1619.0,1.6570789100429621,2502.9523809523807,Ezi_3_b2,Ezi RNAi,-0.26834071405070137,-0.45711681511008195,0.5893135367612419,95
1347,50.68884339815762,244.2374616171955,704.8290685772773,1720.0,1.7140479786321727,2558.8413510747187,Ezi_3_b2,Ezi RNAi,-0.2953627448037014,-0.4383193896789427,-1.628604960587035,95
1348,51.334992887624466,264.66002844950214,720.8741109530583,1850.0,1.5764971490374364,2785.688477951636,Ezi_3_b2,Ezi RNAi,-0.325720526433677,-0.3838100670971355,-2.0317779345496163,95
1349,49.23263327948304,273.50080775444263,962.4345718901454,1121.0,1.7898068836265075,2438.5121163166395,Ezi_3_b2,Ezi RNAi,-0.8692068329148989,-0.2855425327559691,-23.93263173262572,95
1350,51.741270749856895,270.31825987406984,838.8620492272468,2284.0,1.6528775017604178,3048.146536920435,Ezi_3_b2,Ezi RNAi,-0.5910574182012422,-0.3325796370283586,-11.282765491271809,95
1351,49.881427072402936,274.82791185729275,944.1983210912906,1224.0,1.6201299355720986,1914.2381951731375,Ezi_3_b2,Ezi RNAi,-0.827678402923689,-0.28813897255091037,-21.763896942188598,95
1352,52.96692607003891,277.2626459143969,672.662775616083,2385.0,1.6314370293009381,2671.0771725032428,Ezi_3_b2,Ezi RNAi,-0.21321402985664917,-0.3686724661512154,3.741826916914798,95
1353,50.59737292975443,284.20274129069105,827.070816676185,2107.0,1.6055460505544759,1545.3226727584238,Ezi_3_b2,Ezi RNAi,-0.5600371852592552,-0.3027337204277477,-11.262098992973039,95
1354,51.43426724137931,292.4040948275862,806.4978448275862,2774.0,1.921168822988642,2088.1546336206898,Ezi_3_b2,Ezi RNAi,-0.5112160097903243,-0.28944419520706033,-8.620123316957436,95
1355,49.33780584056827,332.4459352801894,840.2170481452249,1579.0,1.5626628816438424,2086.475138121547,Ezi_3_b2,Ezi RNAi,-0.5752076640678969,-0.18182844647143293,-12.948623804639727,95
1356,51.575602629656686,325.5945945945946,943.3119065010957,1728.0,1.9021450213850952,1782.7319211102995,Ezi_3_b2,Ezi RNAi,-0.8109163991590685,-0.16561317814825338,-19.315351956438306,95
1357,53.81262565339767,344.875753920386,879.1113791716928,3850.0,1.5682704565611305,2476.8250904704464,Ezi_3_b2,Ezi RNAi,-0.6603672461494705,-0.1394100736458488,-11.529478319207106,95
1358,50.90115532734275,349.30423620025675,795.6777920410783,987.0,1.4469614388860013,1886.2952503209242,Ezi_3_b2,Ezi RNAi,-0.46973169964621764,-0.15522623111913314,-7.4886550420131055,95
1359,52.38120229007634,350.02862595419845,963.4666030534352,2656.0,1.6711522764740578,1612.2251908396947,Ezi_3_b2,Ezi RNAi,-0.8494108703294979,-0.1000923248968777,-19.844325087046066,95
1360,52.70733137829912,347.5897360703812,843.8387096774194,4312.0,1.6849609979340445,2485.117595307918,Ezi_3_b2,Ezi RNAi,-0.5795474730735943,-0.1440608784251035,-9.684642148764754,95
1361,50.31713554987212,385.18243819266837,813.4236999147485,1620.0,1.4998485558819148,2745.5754475703325,Ezi_3_b2,Ezi RNAi,-0.4991110084883159,-0.06277612723925874,-9.048782216040017,95
1362,49.09686346863469,396.809963099631,833.5009225092251,1545.0,1.527706091113111,2726.4843173431736,Ezi_3_b2,Ezi RNAi,-0.5408469066250299,-0.028249258658413323,-11.763496182201429,95
1363,48.424311926605505,396.091743119266,915.5022935779816,836.0,1.7840617082438954,2772.238532110092,Ezi_3_b2,Ezi RNAi,-0.7264543300685786,-0.0038892904555459795,-19.20743698550527,95
1364,49.607239819004526,412.8561085972851,1018.5013574660634,1447.0,1.8555832599574094,1416.5131221719457,Ezi_3_b2,Ezi RNAi,-0.9547292870014394,0.0694354218018316,-26.297776683081437,95
1365,51.030651340996165,427.7264367816092,904.0022988505747,2033.0,1.9650936598517217,2262.944827586207,Ezi_3_b2,Ezi RNAi,-0.6915376187168387,0.06896760050351824,-15.233413367059974,95
1366,49.22098569157393,435.02782193958666,943.4721780604134,1748.0,1.6447784572992112,2356.308426073132,Ezi_3_b2,Ezi RNAi,-0.7783204916577496,0.099202982275014,-20.193653015259997,95
1367,48.67720090293454,452.6749435665914,973.6388261851016,1609.0,1.6380041677666228,1918.0722347629796,Ezi_3_b2,Ezi RNAi,-0.8412243035104605,0.15149903311616497,-22.985008819359525,95
1368,48.13925327951564,521.2320887991928,858.8980827447023,1524.0,1.8720611771524613,1625.159434914228,Ezi_3_b2,Ezi RNAi,-0.5611624952998155,0.2808506335464449,-13.128496199544019,95
1369,50.153284671532845,511.10705596107056,987.9051094890511,782.0,1.4705233974683811,1671.8248175182482,Ezi_3_b2,Ezi RNAi,-0.8564254845431651,0.2973927315381899,-21.89992837814787,95
1370,49.94527896995708,528.4055793991416,844.6362660944206,1419.0,1.545101172684913,1586.7092274678112,Ezi_3_b2,Ezi RNAi,-0.5271106365016943,0.29365538166079874,-10.055280359745828,95
1371,50.460031347962385,543.564263322884,818.0846394984326,1647.0,1.5588638240911212,1632.7860501567397,Ezi_3_b2,Ezi RNAi,-0.4626347838280931,0.321876318755945,-7.146984900349333,95
1372,50.78464818763326,562.4434968017058,833.2331201137172,1918.0,1.5436655206714947,1829.0142146410803,Ezi_3_b2,Ezi RNAi,-0.49136110027136604,0.3723686910483759,-7.817501493983123,95
1373,50.907303370786515,564.5870786516854,948.6348314606741,1140.0,1.567155880825334,1846.0308988764045,Ezi_3_b2,Ezi RNAi,-0.751836618379536,0.41427509623909997,-17.185364368752918,95
1374,48.95920217588395,588.9347234814144,858.195829555757,1703.0,1.6954206951314887,2436.0489573889395,Ezi_3_b2,Ezi RNAi,-0.5396189304311623,0.4444135696007925,-11.337062963712462,95
1375,49.56308851224105,596.1073446327683,900.4218455743879,1599.0,1.648478089194284,2822.2956685499057,Ezi_3_b2,Ezi RNAi,-0.6331373726868649,0.4751987053839033,-14.121285030078088,95
1376,49.12731871838111,597.4224283305227,839.1610455311973,1784.0,1.6145421319996416,2493.1703204047217,Ezi_3_b2,Ezi RNAi,-0.49406479652139945,0.45888967900726096,-9.484528434817314,95
1377,51.4218958611482,605.8384512683579,489.67512238540274,2978.0,1.4074517241022766,1520.2821539830886,Ezi_3_b2,Ezi RNAi,0.2986853096374702,0.36802765133055937,21.743872885606233,95
1378,51.95854271356784,613.4899497487437,958.625,2058.0,1.810765071791749,2157.853015075377,Ezi_3_b2,Ezi RNAi,-0.7601128320657964,0.5357569704103375,-16.299907425379697,95
1379,49.34100418410042,628.8535564853556,746.8235704323571,1736.0,1.7205439781000238,2167.3458856345887,Ezi_3_b2,Ezi RNAi,-0.2758613039379858,0.50554689132649,-1.2295248446638136,95
1380,49.819649122807014,635.8722807017543,856.8357894736843,1905.0,1.5882044431020528,3207.3340350877193,Ezi_3_b2,Ezi RNAi,-0.5227633517526451,0.557530359528041,-9.73209224070331,95
1381,50.064876957494405,648.4429530201343,942.6314317673379,2649.0,1.5750685673491625,1546.753355704698,Ezi_3_b2,Ezi RNAi,-0.7131830715985277,0.6152412669720861,-16.394563185676308,95
1382,49.4745417515275,652.1894093686354,565.9857433808554,1218.0,1.6094523436722972,1629.8625254582485,Ezi_3_b2,Ezi RNAi,0.14017900924568139,0.5044587163117438,14.136133692613907,95
1383,49.67175572519084,658.8201865988126,576.696352841391,1621.0,1.527520076206603,2036.4071246819337,Ezi_3_b2,Ezi RNAi,0.11787895415009664,0.5239073057534611,13.538929457108742,95
1384,47.48598130841121,669.7289719626168,768.0218068535826,525.0,1.5998377931039058,1386.8629283489097,Ezi_3_b2,Ezi RNAi,-0.3113236593668024,0.6111934972471469,-4.273335421130459,95
1385,50.3214709371293,662.797153024911,797.1803084223013,1346.0,1.455111254404453,2763.864768683274,Ezi_3_b2,Ezi RNAi,-0.3798944767692638,0.6036833288099988,-3.9467869995241225,95
1386,53.888521882741536,659.0990916597852,821.1321222130471,2060.0,1.5494922890959504,2104.9554087530964,Ezi_3_b2,Ezi RNAi,-0.43586484518335045,0.6023349705516261,-2.4179827839229313,95
1387,48.75057208237986,668.9816933638444,778.5057208237986,1346.0,1.6035585522199667,1382.633867276888,Ezi_3_b2,Ezi RNAi,-0.33550674455822926,0.6127133936669522,-3.8880689245688345,95
1388,50.128729752770674,682.388746803069,680.8150042625746,1541.0,1.5458122990755307,2613.45694799659,Ezi_3_b2,Ezi RNAi,-0.11076887076397735,0.6140542740909682,5.724927537411508,95
1389,51.564682539682536,685.2448412698412,645.3269841269841,3242.0,1.6006077658609745,3423.5896825396826,Ezi_3_b2,Ezi RNAi,-0.029905834514131313,0.6096621775666784,10.12180420898843,95
1390,50.787234042553195,116.72127659574468,518.0106382978723,1687.0,1.6070750855181986,1706.0744680851064,Ezi_3_b2,Ezi RNAi,0.08940316846651175,-0.8062639593291072,12.153406425908157,95
1391,53.7924094307073,177.1293847038528,766.801610120759,2871.0,1.3758748025649277,1929.9810235767682,Ezi_3_b2,Ezi RNAi,-0.45610032265713385,-0.5809730693847386,-4.556189562421669,95
1392,54.65459610027855,177.1573816155989,791.5770659238626,2792.0,1.880714942959904,2305.235376044568,Ezi_3_b2,Ezi RNAi,-0.512309799740041,-0.5730273136835121,-5.740286560323165,95
1393,51.127272727272725,206.2051948051948,772.5930735930735,1552.0,1.7381940435872738,2942.999134199134,Ezi_3_b2,Ezi RNAi,-0.46005604892041285,-0.5087702439803403,-7.2961454072567165,95
1394,52.281812125249836,208.55029980013325,872.5782811459027,1947.0,1.5007787344177503,2991.09926715523,Ezi_3_b2,Ezi RNAi,-0.6857902828103182,-0.47128862025385787,-14.361351314519286,95
1395,50.38448707256047,220.22685571309424,770.5954962468724,1711.0,1.4763459544893103,3032.788990825688,Ezi_3_b2,Ezi RNAi,-0.45122930708350617,-0.4754786884460215,-7.681759809478624,95
1396,51.50478997789241,229.31982313927782,819.8290346352247,1974.0,1.6024565580752008,1476.6772291820191,Ezi_3_b2,Ezi RNAi,-0.5601301517612962,-0.43782124148568713,-10.503405987111428,95
1397,49.70059880239521,234.70658682634732,868.9476047904192,1093.0,1.5655294195350338,1477.5389221556886,Ezi_3_b2,Ezi RNAi,-0.6693123581771605,-0.4091476527995074,-16.279995284255822,95
1398,49.88275862068966,242.6551724137931,800.5034482758621,706.0,1.9970006457342209,1678.3379310344828,Ezi_3_b2,Ezi RNAi,-0.5121355881954621,-0.41169817236593964,-10.345148901988017,95
1399,49.626288659793815,250.76546391752578,918.7577319587629,624.0,1.7642115569631587,2169.9201030927834,Ezi_3_b2,Ezi RNAi,-0.777219873138352,-0.35444644313013585,-20.24534352023258,95
1400,51.3344398340249,272.61742738589214,656.6954356846474,1661.0,1.4579347445131143,1470.9626556016597,Ezi_3_b2,Ezi RNAi,-0.17815655558381605,-0.3849807800363635,3.3692689233201105,95
1401,51.33428571428571,281.46,699.0535714285714,1768.0,1.353028281087242,3161.0142857142855,Ezi_3_b2,Ezi RNAi,-0.271362277412061,-0.35010958021304706,-0.005173142914602469,95
1402,53.53158063481885,302.09329913433794,694.1356203911511,4001.0,1.5670512539084636,2386.8595703751203,Ezi_3_b2,Ezi RNAi,-0.25452680981724507,-0.30177106132817966,2.8693909661891674,95
1403,50.77229299363057,311.3399681528662,481.3710191082803,1586.0,1.4261215149958233,2884.0907643312103,Ezi_3_b2,Ezi RNAi,0.23011386248328125,-0.3470852962178782,17.795170082579737,95
1404,51.147147147147145,310.05585585585584,710.0084084084084,2192.0,1.5746137739593873,1955.64984984985,Ezi_3_b2,Ezi RNAi,-0.28761644176712753,-0.27744105712536427,-0.708209508587839,95
1405,55.90882892323815,322.5965417867435,1014.6230023578727,4860.0,1.7235943057760645,2414.4613570867173,Ezi_3_b2,Ezi RNAi,-0.973972679310064,-0.1502031069287071,-20.920088582174916,95
1406,54.16717325227963,322.94589665653496,970.8121580547113,2107.0,1.6836834628855453,1834.5398176291794,Ezi_3_b2,Ezi RNAi,-0.8744165333701169,-0.163287341014686,-19.037108722908467,95
1407,49.59471365638767,330.62555066079295,967.5154185022027,502.0,1.9134190264422575,1947.907488986784,Ezi_3_b2,Ezi RNAi,-0.8638018079399389,-0.1457273049318285,-23.21767636552836,95
1408,50.672485453034085,341.7073981712386,469.08478802992516,1847.0,1.7907226676097423,2691.1330008312552,Ezi_3_b2,Ezi RNAi,0.26695064738636964,-0.277526804810761,19.120217882664978,95
1409,51.32829373650108,342.04427645788337,889.5280777537797,1593.0,1.7640405944402877,2494.910367170626,Ezi_3_b2,Ezi RNAi,-0.6843001782980765,-0.14292937608437473,-14.90268165368294,95
1410,52.527610716238385,342.52651722252597,996.273920174959,2421.0,1.4076148095705423,2027.8797156916348,Ezi_3_b2,Ezi RNAi,-0.9258918519560049,-0.10780357723044964,-22.506144895993803,95
1411,53.83418181818182,342.48727272727274,463.76145454545457,1961.0,1.8216061038173887,1787.5323636363637,Ezi_3_b2,Ezi RNAi,0.27862114115472236,-0.2773545972832929,22.720509619100476,95
1412,53.49401645474944,363.8414360508601,993.612191473448,3267.0,1.861771499145398,1497.6462228870605,Ezi_3_b2,Ezi RNAi,-0.9137229760292911,-0.05709006066494038,-21.035043996241637,95
1413,52.646341463414636,358.3640243902439,818.8432926829269,2528.0,1.9572503937910066,2275.8939024390243,Ezi_3_b2,Ezi RNAi,-0.5197847178477223,-0.12594808186695028,-7.537788064356754,95
1414,51.76342710997442,370.2173913043478,791.6809462915601,1911.0,1.6202271243150825,1977.2934782608695,Ezi_3_b2,Ezi RNAi,-0.45464163399398994,-0.10590885440677478,-6.016632577180653,95
1415,51.61005089058524,379.08460559796436,841.9357506361323,2243.0,1.7087748147561537,2588.1545801526718,Ezi_3_b2,Ezi RNAi,-0.5656764187463027,-0.06846428907770652,-10.194796955706337,95
1416,51.32533164876816,379.17435249526216,861.9620972836386,2194.0,1.725505884000983,2704.434617814277,Ezi_3_b2,Ezi RNAi,-0.6109035877133391,-0.06187284687716177,-12.129211849118493,95
1417,48.99223803363519,408.7930142302717,862.3686934023286,1157.0,1.5170013001316485,2480.249676584735,Ezi_3_b2,Ezi RNAi,-0.6025786689153201,0.009927637789950872,-14.086758751345972,95
1418,51.21959858323495,413.8347107438017,807.7910271546635,1090.0,1.2663199363397195,1526.6221959858324,Ezi_3_b2,Ezi RNAi,-0.47802871134738645,0.004743565846551556,-7.297017999341358,95
1419,53.57792754844145,438.3445661331087,1004.502948609941,3450.0,1.954922938939948,1495.8626790227463,Ezi_3_b2,Ezi RNAi,-0.9162468827093448,0.12661893172218663,-20.841289616452126,95
1420,50.805,510.79833333333335,809.5141666666667,1635.0,1.5624315228942671,1547.2066666666667,Ezi_3_b2,Ezi RNAi,-0.4530440370940053,0.2398768962144786,-6.539795513768617,95
1421,48.39959016393443,565.4016393442623,873.9651639344262,662.0,1.6277281622368795,2387.1721311475408,Ezi_3_b2,Ezi RNAi,-0.5821796552144664,0.3925019244030048,-13.51402197742776,95
1422,50.21480406386067,572.9985486211901,860.355587808418,1138.0,1.7309212839474246,2278.8708272859217,Ezi_3_b2,Ezi RNAi,-0.5494794257110561,0.4065385271265989,-10.47971981875229,95
1423,50.85242896425298,571.4711274060495,844.1787351054079,1547.0,1.659226273728143,2633.5407882676445,Ezi_3_b2,Ezi RNAi,-0.5134560728272871,0.39769156790908067,-8.530626798957863,95
1424,49.33378932968536,580.8673050615595,872.9302325581396,1116.0,1.824219028528636,2782.6019151846785,Ezi_3_b2,Ezi RNAi,-0.5754227094075399,0.4295823134072023,-12.288379936125724,95
1425,52.43865979381443,584.1139175257732,977.3530927835052,2813.0,1.7221690475595268,2575.679381443299,Ezi_3_b2,Ezi RNAi,-0.8113021621788689,0.47064429449586176,-17.763924860638266,95
1426,50.31090487238979,591.1867749419954,925.6635730858469,1178.0,1.3084915086614206,2784.3503480278423,Ezi_3_b2,Ezi RNAi,-0.6918498913741971,0.4713216000352689,-15.524797406650347,95
1427,49.789072426937736,603.0038119440915,911.8449809402796,1230.0,1.7035779220057363,2349.8322744599745,Ezi_3_b2,Ezi RNAi,-0.6569760495994217,0.4955166148485288,-14.744997512654951,95
1428,50.73130434782609,603.0217391304348,948.4486956521739,1582.0,1.6578438617689348,2608.1182608695653,Ezi_3_b2,Ezi RNAi,-0.7399644934299334,0.5072012852807666,-16.825139554481815,95
1429,51.52124430955994,604.834597875569,785.7306525037936,1668.0,1.715241540675628,2249.7761760242793,Ezi_3_b2,Ezi RNAi,-0.37143816667174934,0.4598044294198933,-2.591353459828907,95
1430,51.309253246753244,613.6777597402597,913.7362012987013,1530.0,1.5096730103202574,1511.1298701298701,Ezi_3_b2,Ezi RNAi,-0.6583748550375799,0.5219317791551039,-13.24165418392685,95
1431,50.884014869888475,610.3115241635687,512.2289962825279,1624.0,1.5679916148789599,3005.7159851301117,Ezi_3_b2,Ezi RNAi,0.24909031162903195,0.38602951424174625,19.408027904524488,95
1432,49.56765676567657,619.9471947194719,819.0,538.0,1.534362979903229,3395.389438943894,Ezi_3_b2,Ezi RNAi,-0.4418448232777392,0.5069652378396627,-7.077816923433051,95
1433,53.01550023485204,630.1747299201503,804.5246594645373,3040.0,1.5152654565741153,3045.8210427430718,Ezi_3_b2,Ezi RNAi,-0.40671674965769244,0.5270799267328221,-2.3095766474887,95
1434,52.01283987915408,625.4916918429003,920.6268882175226,2041.0,1.33148283043371,1579.570241691843,Ezi_3_b2,Ezi RNAi,-0.6705897610161662,0.5527010629561726,-12.949005668675346,95
1435,52.29241306638567,634.9083245521601,785.7950474183351,2805.0,1.6885783597636013,3042.7360379346683,Ezi_3_b2,Ezi RNAi,-0.3627977396053449,0.5325767061116613,-1.4211153411587816,95
1436,50.78831417624521,649.654214559387,853.2557471264367,1634.0,1.8210431938651488,3231.595785440613,Ezi_3_b2,Ezi RNAi,-0.5107550191015849,0.5897272377789269,-8.284958278541499,95
1437,49.726430976430976,660.2138047138047,590.7954545454545,1448.0,1.5871171206926882,2875.4991582491584,Ezi_3_b2,Ezi RNAi,0.08638418481985721,0.5317648933315386,12.449289324003367,95
1438,51.05353602115003,689.5181758096497,830.9828155981494,2263.0,1.7617511272290192,1635.6331791143423,Ezi_3_b2,Ezi RNAi,-0.4485727887998945,0.6790803250232749,-5.643843120831324,95
1439,50.105645161290326,693.6346774193548,656.0782258064517,1697.0,1.7396355394758263,3019.291935483871,Ezi_3_b2,Ezi RNAi,-0.051458414773835726,0.6333901587667599,7.8946042321974685,95
1440,52.843517138599104,187.25037257824144,904.3502235469449,1804.0,1.8068720702484131,1993.655737704918,Ezi_3_b2,Ezi RNAi,-0.7641070040660307,-0.5127128513508887,-16.710691550707867,95
1441,54.308839779005524,193.73701657458562,940.3745856353592,2607.0,1.6332237633098592,1520.7591160220995,Ezi_3_b2,Ezi RNAi,-0.8439631877298425,-0.4855662971057365,-18.13422370300438,95
1442,52.97504159733777,215.05074875207987,747.6073211314476,1616.0,1.3859250281322615,2957.551580698835,Ezi_3_b2,Ezi RNAi,-0.40125327265729427,-0.495332974330456,-3.2741174155392674,95
1443,55.28195718654434,218.39388379204894,944.2336391437309,2060.0,1.6212135496264843,1770.188990825688,Ezi_3_b2,Ezi RNAi,-0.8455556854839958,-0.42469277132669225,-17.149075484282523,95
1444,51.575184016824394,225.9800210304942,702.3753943217665,1291.0,1.4264629775576385,2482.6792849631966,Ezi_3_b2,Ezi RNAi,-0.29540455824649936,-0.48327583150295783,-0.7901048193011504,95
1445,52.45165945165945,223.43073593073592,876.5108225108225,1884.0,1.335170974340008,2478.917748917749,Ezi_3_b2,Ezi RNAi,-0.6902995372487067,-0.4340384114554028,-14.315058122053244,95
1446,53.66127348643006,239.5328810020877,928.3366388308978,2751.0,1.8340100010242615,1594.0140918580375,Ezi_3_b2,Ezi RNAi,-0.8030001930883833,-0.3785994989477688,-17.16665744647788,95
1447,56.10219922380336,244.1875808538163,855.862871927555,2156.0,1.7013374750394508,1627.2574385510995,Ezi_3_b2,Ezi RNAi,-0.6381172966666353,-0.39041582725377444,-8.693147352957066,95
1448,54.80020703933747,243.8913043478261,803.8612836438923,2772.0,1.3940409812010859,1593.8509316770187,Ezi_3_b2,Ezi RNAi,-0.520306031094886,-0.40767122018367663,-5.705154727163414,95
1449,52.866609294320135,244.7581755593804,774.7263339070568,1569.0,1.4231136263492634,2202.615318416523,Ezi_3_b2,Ezi RNAi,-0.4537626832133105,-0.4148322572801595,-5.217005927143069,95
1450,53.26469085334696,257.41900868676544,681.1696474195197,2554.0,1.391352142534033,2765.4256515074094,Ezi_3_b2,Ezi RNAi,-0.23841195330274578,-0.4139748365719501,3.068241138235948,95
1451,51.683192261185006,262.98065296251514,738.354292623942,2119.0,1.6125356231675474,3021.4498186215237,Ezi_3_b2,Ezi RNAi,-0.3658337806518358,-0.3823129583597412,-3.149411532730121,95
1452,52.09103641456583,273.3333333333333,687.2591036414566,1883.0,1.5749089743932914,2804.793417366947,Ezi_3_b2,Ezi RNAi,-0.24723693430776916,-0.37352825806301304,1.6118125346952112,95
1453,53.60137457044674,290.9429553264605,709.1147766323024,2077.0,1.5929538683367013,2566.492096219931,Ezi_3_b2,Ezi RNAi,-0.2917418251287618,-0.3239809129043896,1.5524279107041332,95
1454,52.081947743467936,292.07304038004753,763.4228028503563,2105.0,1.4064994655958747,2108.3883610451308,Ezi_3_b2,Ezi RNAi,-0.4139837966332828,-0.3039559810758029,-4.426073355657315,95
1455,51.89987080103359,290.1621447028424,681.4974160206718,2059.0,1.704219921567706,2277.7913436692506,Ezi_3_b2,Ezi RNAi,-0.2291657830824414,-0.33464676758236334,2.1243743857487103,95
1456,51.38083385189795,304.7523335407592,649.9508400746734,2011.0,1.543270010224121,1502.474175482265,Ezi_3_b2,Ezi RNAi,-0.15336028493412168,-0.3093838494970482,4.406820155179549,95
1457,52.765313145216794,308.762560220234,728.986235375086,1806.0,1.3782328619677058,1851.365450791466,Ezi_3_b2,Ezi RNAi,-0.33124629119062343,-0.2745416396115937,-0.6786308556493008,95
1458,50.80824742268041,322.6432989690722,466.44123711340205,673.0,1.532281779412398,3014.99587628866,Ezi_3_b2,Ezi RNAi,0.26724238699712966,-0.32449030467127693,19.21550953313342,95
1459,51.732142857142854,327.510989010989,474.35027472527474,1132.0,1.521214877506747,3172.5453296703295,Ezi_3_b2,Ezi RNAi,0.2506179429038291,-0.3102033309178991,19.54967064921231,95
1460,53.625735294117646,355.80882352941177,449.57941176470587,2008.0,1.9178520341605618,2828.321323529412,Ezi_3_b2,Ezi RNAi,0.31470424024022825,-0.24963743535949878,23.862943695826193,95
1461,51.184269662921345,391.84719101123596,853.1370786516854,1989.0,1.5522402832851248,2530.7880149812736,Ezi_3_b2,Ezi RNAi,-0.5871460020501648,-0.03402091615820768,-11.370293233903123,95
1462,50.14601769911504,402.51769911504425,929.3053097345132,712.0,1.6044635975608874,2253.3561946902655,Ezi_3_b2,Ezi RNAi,-0.7561032492935652,0.016037850699681222,-18.54333962955011,95
1463,52.64825930372149,397.3097238895558,814.3253301320528,1336.0,1.599582629117794,2425.471788715486,Ezi_3_b2,Ezi RNAi,-0.49799434743884974,-0.03316511024941937,-6.636033572718338,95
1464,52.1139705882353,408.5833333333333,930.1727941176471,1439.0,1.5925466634806282,2797.7781862745096,Ezi_3_b2,Ezi RNAi,-0.7566405206316948,0.03097552883782928,-16.571725185586494,95
1465,52.10418143160879,410.9376328844791,943.5584691708009,1926.0,1.8122617917632142,2156.1218993621546,Ezi_3_b2,Ezi RNAi,-0.7862234976955644,0.040930680751415593,-17.653752069177262,95
1466,52.23597960670065,412.40859431900947,1004.0087399854334,1857.0,1.4561437748771997,1492.598689002185,Ezi_3_b2,Ezi RNAi,-0.9225765335310018,0.063724004260026,-22.488846491570214,95
1467,53.565098841172464,479.43217450579414,926.6993865030674,1963.0,1.6106254204113006,1505.5521472392638,Ezi_3_b2,Ezi RNAi,-0.7280135452085781,0.20126411537280853,-13.880150969623738,95
1468,50.693931398416886,498.68469656992085,953.9617414248021,1260.0,1.6992707202102457,1792.8034300791558,Ezi_3_b2,Ezi RNAi,-0.7834244316791859,0.25653510566364846,-18.729447816202995,95
1469,51.45654565456546,540.6930693069307,803.5467546754676,1313.0,1.5993845757465817,1510.4378437843784,Ezi_3_b2,Ezi RNAi,-0.43078732696977795,0.3102975796518612,-4.9936409266792445,95
1470,53.03042433947158,543.6669335468375,927.8078462770217,1732.0,1.4492274665650406,1895.3250600480385,Ezi_3_b2,Ezi RNAi,-0.7113376064111155,0.3570222953048696,-13.634901376746406,95
1471,49.5479797979798,557.3409090909091,798.0757575757576,628.0,1.6975769838706893,1645.078282828283,Ezi_3_b2,Ezi RNAi,-0.4130990451161014,0.3488449500155504,-6.2188965651190085,95
1472,51.300141242937855,573.021186440678,797.9209039548023,1775.0,1.6531701186151613,1903.7337570621469,Ezi_3_b2,Ezi RNAi,-0.40842595088916966,0.3867192537971955,-4.247844616817414,95
1473,52.640201005025126,580.3356783919598,853.251256281407,1421.0,1.6033455798878475,2425.7708542713567,Ezi_3_b2,Ezi RNAi,-0.5316907910409827,0.4220126642779469,-7.377482561555569,95
1474,52.470782800441015,591.0948180815876,943.0882028665932,1306.0,1.7232496564079252,2274.0893054024255,Ezi_3_b2,Ezi RNAi,-0.7317125017485951,0.4766296275327915,-14.811023199527266,95
1475,51.618974751338946,603.0688599846978,805.7337413925019,1832.0,1.7315359099754073,1870.2456006120888,Ezi_3_b2,Ezi RNAi,-0.4172370705419508,0.4618970359013075,-4.167854664840104,95
1476,52.00530035335689,615.1166077738516,807.8003533568905,817.0,1.2867446049761533,2594.1961130742047,Ezi_3_b2,Ezi RNAi,-0.4184076700637678,0.4916990155801606,-3.790269951667864,95
1477,52.87942477876106,612.4026548672566,817.5088495575221,1179.0,1.4347624112929187,3229.0188053097345,Ezi_3_b2,Ezi RNAi,-0.44134593956556123,0.4882167788267904,-3.7567626596958856,95
1478,52.171318575553414,616.3618864292589,833.7314725697786,1351.0,1.6928787984152425,2981.5043310875844,Ezi_3_b2,Ezi RNAi,-0.47673697150465166,0.5029619963061347,-5.746948606568278,95
1479,52.532828282828284,630.9128787878788,764.883207070707,2427.0,1.7372143261388209,1727.5416666666667,Ezi_3_b2,Ezi RNAi,-0.31671894341848983,0.5162547995935447,0.4893242159246878,95
1480,52.03530450132392,618.8729037952339,888.1491615180936,1860.0,1.6170528015601586,1825.532215357458,Ezi_3_b2,Ezi RNAi,-0.5990814928301206,0.5263536637696471,-10.337232059275912,95
1481,53.843333333333334,623.464,982.524,2037.0,1.5340933103544774,1773.128,Ezi_3_b2,Ezi RNAi,-0.8115804633670509,0.5674794688816649,-16.25805296328732,95
1482,53.97284595300261,636.8,923.8845953002611,2629.0,1.4689740950552583,1568.7665796344647,Ezi_3_b2,Ezi RNAi,-0.6749758547910669,0.5810828762051361,-11.111506583738587,95
1483,51.71521739130435,644.9826086956522,909.9402173913044,1350.0,1.9677665621346454,2390.4847826086957,Ezi_3_b2,Ezi RNAi,-0.640564990630555,0.5964564819116929,-12.100248146802771,95
1484,50.369661266568485,649.8129602356406,831.3755522827688,937.0,1.6763663550602221,3456.260677466863,Ezi_3_b2,Ezi RNAi,-0.4611252600854642,0.5831516553046938,-6.895172498610936,95
1485,50.454198473282446,656.5954198473282,913.5725190839695,716.0,1.571909873951213,1639.6965648854962,Ezi_3_b2,Ezi RNAi,-0.6450919066826581,0.6257151812609065,-13.499278522949616,95
1486,53.93365853658537,653.4526829268293,994.1209756097561,1390.0,1.705112032801937,1551.4409756097562,Ezi_3_b2,Ezi RNAi,-0.8289267554866636,0.6437201541809883,-16.71871110094535,95
1487,51.30007558578987,662.8049886621316,609.7913832199547,1636.0,1.7470307993099492,2619.6092214663645,Ezi_3_b2,Ezi RNAi,0.04387581574725319,0.5440680115984651,12.485589830369525,95
1488,49.88627450980392,663.3803921568627,896.9509803921569,715.0,1.5415782709925296,2841.986274509804,Ezi_3_b2,Ezi RNAi,-0.6053625804080374,0.6368446061910122,-12.602317439497105,95
1489,51.39812646370024,670.6370023419204,838.0011709601873,1333.0,1.4557195467358732,1699.512880562061,Ezi_3_b2,Ezi RNAi,-0.47012609163050223,0.635632468348398,-6.134956359729291,95
1490,51.96,674.749,901.571,1411.0,1.5474196365429516,1504.96,Ezi_3_b2,Ezi RNAi,-0.6128346604237123,0.6658050527826498,-10.763053350985759,95
1491,50.792472024415055,693.6541200406917,625.3092573753814,1226.0,1.5398480547112015,1672.0223804679551,Ezi_3_b2,Ezi RNAi,0.018028741052138475,0.6236419095368304,11.117320707312025,95
1492,50.71773522064946,692.7718567860117,668.940049958368,1517.0,1.4293203066691105,3047.5170691090757,Ezi_3_b2,Ezi RNAi,-0.08093085814979484,0.6353914429329952,7.431943702356782,95
1493,52.108794197642794,100.21849501359928,395.18766999093384,1317.0,1.4313974907064835,1484.4369900271986,Ezi_3_b2,Ezi RNAi,0.36212698100200513,-0.8852802068357899,23.378218006563472,95
1494,52.35230352303523,167.109756097561,795.7425474254743,1064.0,1.6981992928069434,1783.5027100271002,Ezi_3_b2,Ezi RNAi,-0.5242782049738517,-0.5959948601384923,-8.514123750502526,95
1495,51.58250276854928,188.88704318936877,408.96013289036546,1207.0,1.5855922325588967,1764.1007751937984,Ezi_3_b2,Ezi RNAi,0.3574080969767377,-0.6663801275890322,22.917947130942434,95
1496,55.60804851157663,201.606394707828,818.3224917309813,2685.0,1.543564111487462,1717.7805953693496,Ezi_3_b2,Ezi RNAi,-0.5657392000875074,-0.5053739839299225,-6.665368995322019,95
1497,54.10017783046829,204.7113218731476,834.7960877296977,2078.0,1.3820626081855212,2435.652637818613,Ezi_3_b2,Ezi RNAi,-0.6017988162275574,-0.4926104921375325,-9.484786285075696,95
1498,53.78012048192771,225.91385542168675,760.0295180722892,2190.0,1.4820269893781315,3279.65,Ezi_3_b2,Ezi RNAi,-0.42628472533317485,-0.46510451892636173,-3.3494782017186395,95
1499,54.324068598462446,235.0615020697812,725.6392667060911,2458.0,1.4371404224271338,2931.48255470136,Ezi_3_b2,Ezi RNAi,-0.3458657108630553,-0.4539204457901428,0.15312717407600385,95
1500,53.67851099830795,249.29526226734347,695.8130287648054,1493.0,1.338368493225992,1805.4179357021997,Ezi_3_b2,Ezi RNAi,-0.27403404014744415,-0.4289715854204087,2.1627654658397373,95
1501,56.26526240628347,243.3538022134952,950.4344876829704,3875.0,1.6400786133353065,1876.6369153873616,Ezi_3_b2,Ezi RNAi,-0.8523582664517054,-0.3623409774143479,-16.342839892753936,95
1502,55.39698492462311,246.6094759511845,733.5362526920316,1814.0,1.3813877875731666,3081.447954055994,Ezi_3_b2,Ezi RNAi,-0.36050696466732524,-0.42347679059939436,0.7272065153272311,95
1503,56.05427974947808,270.871160155085,966.2028034595884,4195.0,1.3915048944326909,2389.5123769758425,Ezi_3_b2,Ezi RNAi,-0.8798184267489545,-0.29074982122565396,-17.481283422948504,95
1504,52.20668058455115,271.9519832985386,641.9004871259568,1962.0,1.4124337269024152,2093.565066109951,Ezi_3_b2,Ezi RNAi,-0.14504849762309568,-0.3913041768123211,5.449835783811842,95
1505,53.31505986137366,272.6005040957782,754.8336483931947,1964.0,1.3964272889111131,3154.1304347826085,Ezi_3_b2,Ezi RNAi,-0.40057178308398766,-0.35380667744059,-2.75236753585496,95
1506,53.41600901916573,300.1775648252537,748.870349492672,2286.0,1.6447638991915738,2052.8545659526494,Ezi_3_b2,Ezi RNAi,-0.3789075278726628,-0.2889882030402575,-1.7865939718145913,95
1507,54.4550601556971,294.81670205237083,779.1797593772116,1725.0,1.6618996366067127,1603.8768577494693,Ezi_3_b2,Ezi RNAi,-0.4492718555679368,-0.29231984464859795,-3.323866974624459,95
1508,54.65807639208467,327.66497929130236,930.7395306028532,3035.0,1.6935117638987194,2067.5697192820985,Ezi_3_b2,Ezi RNAi,-0.7824469083088663,-0.16462502003227852,-15.178587661344359,95
1509,53.914206128133706,329.76378830083564,888.8362116991643,3158.0,1.6807848865062969,3008.0445682451254,Ezi_3_b2,Ezi RNAi,-0.6868776115314508,-0.17287635805572688,-12.43497912278092,95
1510,51.15522388059701,337.6119402985075,928.444776119403,565.0,1.988625031719786,1929.9850746268658,Ezi_3_b2,Ezi RNAi,-0.773630214104183,-0.14126787090076798,-18.345251596036352,95
1511,54.3069590085796,385.73069590085794,790.0400381315538,2608.0,1.5871574903346881,2052.225452812202,Ezi_3_b2,Ezi RNAi,-0.44680743732663786,-0.06891653508179552,-3.1366602281709586,95
1512,55.719747899159664,385.5953781512605,884.244537815126,3270.0,1.4358226839490265,2695.4491596638654,Ezi_3_b2,Ezi RNAi,-0.6602494340377776,-0.03927688108833938,-9.501264202914737,95
1513,52.04831932773109,391.54411764705884,903.7111344537815,1289.0,1.6386121647980953,2882.74474789916,Ezi_3_b2,Ezi RNAi,-0.7018218272854524,-0.018666909211559113,-14.685056104219044,95
1514,53.64508580343214,386.91029641185645,831.1310452418097,1652.0,1.7910367091004848,2469.9539781591266,Ezi_3_b2,Ezi RNAi,-0.5392961185455747,-0.0529831123586193,-7.169710788155749,95
1515,53.615074798619105,409.2474108170311,915.7566168009206,2368.0,1.5660281657139983,2420.518987341772,Ezi_3_b2,Ezi RNAi,-0.7241147710956608,0.027985043791018738,-13.877742828413414,95
1516,54.26822429906542,414.37009345794394,845.8785046728972,1408.0,1.3251005239776394,1760.7607476635515,Ezi_3_b2,Ezi RNAi,-0.5646233338705544,0.018138506511480967,-7.393524486134261,95
1517,51.63513513513514,436.21486486486486,890.6148648648649,1206.0,1.6487297349942245,1700.2581081081082,Ezi_3_b2,Ezi RNAi,-0.6588435119112235,0.08523962220030334,-13.411860155236049,95
1518,54.43868852459016,436.60196721311473,873.2308196721311,2238.0,1.8526742233450821,1664.7409836065574,Ezi_3_b2,Ezi RNAi,-0.6199346064494328,0.080626173470141,-9.178926458096797,95
1519,53.02723735408561,490.53229571984434,985.3805447470817,2004.0,1.5891678591836171,1718.4412451361868,Ezi_3_b2,Ezi RNAi,-0.8573755444856015,0.2467945182837865,-19.106292218604572,95
1520,51.663803680981594,492.54110429447854,900.6282208588957,1177.0,1.586848144558183,1508.034355828221,Ezi_3_b2,Ezi RNAi,-0.6647713833248621,0.22469476378814313,-13.446824694892637,95
1521,52.500546448087434,491.6677595628415,804.4120218579235,1349.0,1.7683806249982623,1503.368306010929,Ezi_3_b2,Ezi RNAi,-0.44750804083138285,0.1919600672681796,-4.688276808723658,95
1522,54.61857707509881,509.9130434782609,864.9426877470356,1004.0,1.7259407228619106,1664.1521739130435,Ezi_3_b2,Ezi RNAi,-0.5794400024747298,0.2553478281652932,-7.323663284996142,95
1523,53.53204565408253,525.7717295873573,893.8314310798946,1662.0,1.4770535317531601,2286.048287971905,Ezi_3_b2,Ezi RNAi,-0.6398800743827232,0.3029140556272303,-10.574664492210033,95
1524,53.257471264367815,534.2666666666667,797.880459770115,1133.0,1.6748783985224336,1469.0252873563218,Ezi_3_b2,Ezi RNAi,-0.4202212589776423,0.29293551710874954,-2.8186124741064544,95
1525,51.781893004115226,554.1961591220851,791.7873799725652,1041.0,1.7072813511592828,1725.2222222222222,Ezi_3_b2,Ezi RNAi,-0.4002335490188492,0.33922135623259164,-3.516661659631227,95
1526,53.68124207858048,585.6305449936629,839.6970849176172,2314.0,1.521742066720443,2255.3808618504436,Ezi_3_b2,Ezi RNAi,-0.49965164404581175,0.4305026571072532,-5.150374567689896,95
1527,54.019578313253014,589.6280120481928,822.6378012048193,1778.0,1.6666491924046785,1923.7823795180723,Ezi_3_b2,Ezi RNAi,-0.4599333776171258,0.4347431180883943,-3.3519487062704245,95
1528,53.95302013422819,598.1879194630873,962.8938377059183,2154.0,1.4338918823762687,2593.0994508846857,Ezi_3_b2,Ezi RNAi,-0.7746979589358077,0.5000824001020869,-14.871661783177235,95
1529,51.56031128404669,613.5304798962386,849.1582360570687,1137.0,1.617221780288953,3190.242542153048,Ezi_3_b2,Ezi RNAi,-0.5123632147509782,0.501024868432687,-7.666646187335678,95
1530,52.72503242542153,609.1167315175097,903.8274967574579,1042.0,1.5002943235730253,1620.7587548638132,Ezi_3_b2,Ezi RNAi,-0.6375828050371315,0.5077351436338393,-11.075232105469398,95
1531,54.48257372654155,608.2493297587131,860.201072386059,1531.0,1.3986654862473424,3320.9097408400357,Ezi_3_b2,Ezi RNAi,-0.5394747805792894,0.4917430910961922,-5.736983923386237,95
1532,53.28762306610408,615.5956399437412,788.1019690576653,1779.0,1.6161318568262513,2854.428270042194,Ezi_3_b2,Ezi RNAi,-0.3739443867058989,0.48658146189458584,-0.8810964579366698,95
1533,53.41227526348419,627.5592064476132,837.0799752014879,2181.0,1.4039198403627118,3545.730316181029,Ezi_3_b2,Ezi RNAi,-0.4812238919632884,0.5311088797002916,-4.634974171612402,95
1534,54.657881136950905,626.271834625323,821.1385012919897,2659.0,1.4489433744993774,3174.8945736434107,Ezi_3_b2,Ezi RNAi,-0.4457780731513108,0.522913600297626,-2.0961942595119663,95
1535,51.951965065502186,636.2978165938864,530.452401746725,1594.0,1.7413367381097227,2743.126637554585,Ezi_3_b2,Ezi RNAi,0.215376181581866,0.45468946861664117,19.320804452033265,95
1536,53.82182985553772,654.0152487961477,1017.707062600321,1694.0,1.5009638937510335,1543.7094703049759,Ezi_3_b2,Ezi RNAi,-0.8821002251973049,0.6525870742617494,-18.768071575849266,95
1537,53.84192672998643,653.2578018995929,792.1458616010855,2180.0,1.6572148270623177,2843.7218453188602,Ezi_3_b2,Ezi RNAi,-0.3720116163641527,0.5789800073915179,-0.152502446130943,95
1538,52.697,669.68,929.525,1365.0,1.6112600637114032,1494.715,Ezi_3_b2,Ezi RNAi,-0.6777255413217625,0.6624319789965321,-12.403079758555952,95
1539,51.99526066350711,676.0157977883097,867.6366508688784,793.0,1.3676429863477515,1715.0126382306478,Ezi_3_b2,Ezi RNAi,-0.5356908487233565,0.6580715205534351,-7.911636707790514,95
1540,52.25672043010753,672.8077956989247,887.6774193548387,1088.0,1.5138346069494268,1803.1532258064517,Ezi_3_b2,Ezi RNAi,-0.5820347600091729,0.6566858054954994,-9.347612252346549,95
1541,51.599673202614376,679.3227124183006,631.7794117647059,1856.0,1.7324351396986724,3469.6446078431372,Ezi_3_b2,Ezi RNAi,-0.0010212499604138614,0.5910237608273448,11.194004393639306,95
1542,52.9981220657277,685.8422535211267,848.4948356807512,1442.0,1.6060976668335787,2479.4056338028167,Ezi_3_b2,Ezi RNAi,-0.48965657286869047,0.6757469428426472,-5.200328660535833,95
1543,52.28850855745721,164.2762836185819,814.5623471882641,557.0,1.4223463665721288,2773.1858190709045,Ezi_3_b2,Ezi RNAi,-0.5676862723887506,-0.5968608780310769,-10.168432393740682,95
1544,53.03260869565217,201.90625,731.3464673913044,1094.0,1.5939199401624509,1835.3872282608695,Ezi_3_b2,Ezi RNAi,-0.3683798504392374,-0.5323078623273308,-2.0533727110207085,95
1545,56.47563025210084,196.2436974789916,858.7025210084033,1597.0,1.4965527304231503,2048.8100840336133,Ezi_3_b2,Ezi RNAi,-0.6588553861810953,-0.5055044345744595,-9.20422811969753,95
1546,55.31980405878237,205.18894331700488,887.5066480055983,1946.0,1.4419953514592545,3331.566829951015,Ezi_3_b2,Ezi RNAi,-0.7211444569941987,-0.4746902397967121,-12.61088265684157,95
1547,56.23487179487179,209.14871794871794,852.7466666666667,1282.0,1.6295562657373892,2540.372307692308,Ezi_3_b2,Ezi RNAi,-0.6415010523725215,-0.4761771606822325,-8.778182078523693,95
1548,53.6813922356091,213.1017402945114,898.3293172690763,1168.0,1.7519224346889761,2051.037483266399,Ezi_3_b2,Ezi RNAi,-0.7429660295741218,-0.4520924521673969,-15.029178369267619,95
1549,53.72353870458136,231.6176935229068,834.6698262243286,1073.0,1.5177836306860957,3022.489731437599,Ezi_3_b2,Ezi RNAi,-0.5934483419484463,-0.4275541201495545,-9.485485908784765,95
1550,53.88029315960912,240.19218241042344,744.807003257329,1590.0,1.4254502230612787,3027.4747557003257,Ezi_3_b2,Ezi RNAi,-0.38762245038512577,-0.435405741239403,-1.800728942796745,95
1551,54.6692367000771,248.30917501927524,882.3693138010794,1722.0,1.4339491365094956,1722.4001542020046,Ezi_3_b2,Ezi RNAi,-0.6965878916002539,-0.3720007293319386,-12.25173315734029,95
1552,54.63673469387755,253.6421768707483,865.4938775510204,1142.0,1.4760581751672113,1642.7102040816326,Ezi_3_b2,Ezi RNAi,-0.6568178908183642,-0.364468313588561,-10.819934769165766,95
1553,54.0698051948052,258.19237012987014,853.5146103896104,1915.0,1.431671163255252,1680.372564935065,Ezi_3_b2,Ezi RNAi,-0.6282554500320725,-0.3572682661735218,-10.335158405043947,95
1554,54.89336492890995,265.32168246445497,789.4727488151659,2628.0,1.7540728670085841,3264.5148104265404,Ezi_3_b2,Ezi RNAi,-0.48140466326207343,-0.36040419473337004,-4.135377303097385,95
1555,52.8295524218271,279.5113427345187,737.1189454322501,2245.0,1.5802766292728527,2968.981606376456,Ezi_3_b2,Ezi RNAi,-0.35834762174710355,-0.34272113314785946,-1.681403136367793,95
1556,53.517011834319526,277.20044378698225,813.0754437869823,1670.0,1.3101389000795365,2427.046597633136,Ezi_3_b2,Ezi RNAi,-0.5310122200761739,-0.3241466772774404,-7.293029807836614,95
1557,53.30364372469636,287.4008097165992,859.6356275303643,1223.0,1.5361143586881647,1988.7435897435898,Ezi_3_b2,Ezi RNAi,-0.6332806665850514,-0.2846520940549083,-11.208173487792862,95
1558,54.21528662420382,281.88853503184714,792.8471337579617,2103.0,1.7192268630556629,2213.2974522292993,Ezi_3_b2,Ezi RNAi,-0.48398794361265474,-0.31924614624586256,-4.865174283915996,95
1559,53.65884079236977,288.8782098312546,841.3404255319149,1822.0,1.4240197542933246,2247.0975788701394,Ezi_3_b2,Ezi RNAi,-0.5915180483240807,-0.28690176889053765,-9.325110797671472,95
1560,54.414662084765176,302.66093928980524,797.7388316151203,2294.0,1.742423529674642,2265.908934707904,Ezi_3_b2,Ezi RNAi,-0.48892261798713377,-0.2674365921166171,-4.788819858969473,95
1561,53.663448275862066,305.2393103448276,674.9737931034483,2002.0,1.604975592499052,2329.8441379310343,Ezi_3_b2,Ezi RNAi,-0.21026510835599577,-0.3002582027302949,4.623977308261772,95
1562,56.14842300556586,344.99319727891157,956.5541125541125,2211.0,1.9054556454264666,1804.299938157081,Ezi_3_b2,Ezi RNAi,-0.8359883404166821,-0.11449859967903331,-15.588260236885802,95
1563,53.56564885496183,370.2977099236641,892.0290076335878,1887.0,1.5855961444619164,2299.9954198473283,Ezi_3_b2,Ezi RNAi,-0.6819934833269543,-0.07379515008577786,-12.49700977917872,95
1564,55.14028553693358,384.5816263190565,918.2538795779019,2325.0,1.7684057210151343,2935.4220980757295,Ezi_3_b2,Ezi RNAi,-0.7373836303451824,-0.030903746742540372,-12.897738614092717,95
1565,54.69221336603311,393.51072961373393,1017.58185162477,1984.0,1.4547896731755017,1622.8485591661558,Ezi_3_b2,Ezi RNAi,-0.9593684830162715,0.02230774209076314,-21.416612706807612,95
1566,53.335985853227236,401.58267020335984,802.0831122900089,1758.0,1.6518137781534024,1974.1918656056587,Ezi_3_b2,Ezi RNAi,-0.46915938628557396,-0.026727657102151303,-4.883055062849552,95
1567,52.45799011532125,419.7116968698517,985.9472817133443,842.0,1.5562718960919608,1448.3690280065898,Ezi_3_b2,Ezi RNAi,-0.8795866919027493,0.07564359155215583,-20.678927882767624,95
1568,53.43887423043096,436.57431838170623,921.4705364995602,1846.0,1.5226027858593734,2019.220756376429,Ezi_3_b2,Ezi RNAi,-0.728890747163111,0.0959158717480546,-14.154750159133233,95
1569,54.102476515798465,448.22374039282664,965.8889837745517,2322.0,1.7961407052313167,2023.602049530316,Ezi_3_b2,Ezi RNAi,-0.8260509752476783,0.1382289005651185,-16.99971337333851,95
1570,53.575879396984924,446.5688442211055,790.1105527638191,1458.0,1.3345800868751174,2128.356783919598,Ezi_3_b2,Ezi RNAi,-0.4287546323947842,0.07829528963995736,-3.047488473032991,95
1571,53.88610871440898,454.0448662640207,879.1363244176014,1643.0,1.624777341735176,1495.3839516824848,Ezi_3_b2,Ezi RNAi,-0.6280081521617952,0.12470821881229055,-9.980589613684462,95
1572,54.36741767764298,472.27556325823224,912.2079722703639,1551.0,1.843177993898729,1619.7010398613518,Ezi_3_b2,Ezi RNAi,-0.6975070919246928,0.17933379866885857,-11.982163729511404,95
1573,54.38843537414966,472.6204081632653,875.3408163265306,2040.0,1.705152604491577,1702.4721088435374,Ezi_3_b2,Ezi RNAi,-0.6139991455961142,0.1684366649937694,-8.915502314806837,95
1574,54.07224080267559,510.25886287625417,1005.0916387959866,2118.0,1.7102811930268358,1726.3752508361204,Ezi_3_b2,Ezi RNAi,-0.8963105858937097,0.3007839719648282,-19.42382867121229,95
1575,54.07469180565627,517.7237128353879,927.301667875272,1895.0,1.3402044837241796,1884.801305293691,Ezi_3_b2,Ezi RNAi,-0.7180988396403923,0.2940904570768732,-12.903704807207824,95
1576,53.00533333333333,508.32533333333333,829.908,1223.0,1.7695830724929453,1534.064,Ezi_3_b2,Ezi RNAi,-0.5003393244027274,0.24036905797972952,-6.062857200532136,95
1577,51.8419452887538,526.0151975683891,815.790273556231,699.0,1.9100185562356178,1564.3161094224924,Ezi_3_b2,Ezi RNAi,-0.4629214020567296,0.27868109519287265,-5.818198031167716,95
1578,57.631604459524965,523.9636451769268,910.1720794958798,2921.0,1.616287942672759,2067.542413960252,Ezi_3_b2,Ezi RNAi,-0.6781711205573848,0.30371270789893123,-7.861813421803792,95
1579,53.470134874759154,544.4200385356455,944.4913294797688,772.0,1.4905412525952422,1942.2504816955684,Ezi_3_b2,Ezi RNAi,-0.7489433011127689,0.3641501500224198,-14.562700846255144,95
1580,51.18258426966292,577.7205056179776,910.6095505617977,1064.0,1.6016017083521459,2438.24297752809,Ezi_3_b2,Ezi RNAi,-0.6619581792948823,0.43394696651714404,-13.596692616426534,95
1581,55.01834021091243,585.6405318661165,803.1756075194864,2970.0,1.949910436153258,1916.1407611187528,Ezi_3_b2,Ezi RNAi,-0.41727702618227414,0.4188968192626783,-0.8052852248495714,95
1582,54.959095801937565,599.4531754574812,832.6275565123789,1407.0,1.6149723698093061,2406.0947255113024,Ezi_3_b2,Ezi RNAi,-0.4797956395083517,0.4616856069928459,-3.106747017998071,95
1583,53.333333333333336,615.8102016607355,945.3701067615658,1161.0,1.439377718247953,1520.4021352313168,Ezi_3_b2,Ezi RNAi,-0.7296982662314366,0.5371435868902594,-13.805168974842811,95
1584,52.60537634408602,621.6333333333333,772.0247311827957,1216.0,1.6145499462948503,2461.8924731182797,Ezi_3_b2,Ezi RNAi,-0.3356466195786708,0.4960769529782323,-0.15307081762867192,95
1585,52.25837837837838,638.5772972972973,893.2875675675675,1388.0,1.5286393142793344,3039.309189189189,Ezi_3_b2,Ezi RNAi,-0.6048961235642838,0.575657747971231,-10.272068962940612,95
1586,55.85981912144703,644.7370801033592,818.4496124031008,2300.0,1.934168588838152,2896.5529715762273,Ezi_3_b2,Ezi RNAi,-0.4344393281244653,0.5667227755091826,-0.42671843777016116,95
1587,55.04884667571235,642.4735413839892,871.196065128901,2193.0,1.6169733992819444,3074.082089552239,Ezi_3_b2,Ezi RNAi,-0.5542919811318139,0.5780360555823323,-5.6163720470482,95
1588,52.46826051112943,652.2077493816982,776.3693322341303,1575.0,1.5695234802439586,1670.8870568837592,Ezi_3_b2,Ezi RNAi,-0.33636737985188836,0.5714284412294475,-0.2342211524025597,95
1589,57.10027347310848,642.3618960802188,956.0920692798542,1664.0,1.5525870223808373,1874.4339106654513,Ezi_3_b2,Ezi RNAi,-0.7467892622603831,0.6047668144130531,-10.576425837889992,95
1590,54.55843247025892,654.0916724982505,807.6899930020994,2017.0,1.4018575038429848,3074.998600419874,Ezi_3_b2,Ezi RNAi,-0.4070685641075735,0.5859389051797301,-0.7094008278988158,95
1591,53.85822147651007,654.6652684563759,892.498322147651,1580.0,1.4621452234189167,2832.3338926174497,Ezi_3_b2,Ezi RNAi,-0.5986375103590216,0.6143175055041206,-8.39495483675071,95
1592,53.06370656370656,660.6010296010296,561.518018018018,2003.0,1.365644433314019,3561.7310167310166,Ezi_3_b2,Ezi RNAi,0.15209903935707825,0.5233637359474799,18.195125385486044,95
1593,55.31620039037085,663.7599219258295,908.1925829538061,2634.0,1.6879247637716777,1987.918022121015,Ezi_3_b2,Ezi RNAi,-0.6317220342545893,0.6413044992806427,-8.113540188081238,95
1594,54.30563583815029,662.1596820809249,858.2572254335261,2105.0,1.7831833439617113,1582.76661849711,Ezi_3_b2,Ezi RNAi,-0.5190285870992372,0.621550033530446,-5.0232269168948225,95
1595,53.71379011274935,676.9245446660884,780.2992194275802,1466.0,1.6021250450579438,2213.888985255854,Ezi_3_b2,Ezi RNAi,-0.3381544475782542,0.632467712548644,1.0173542368010426,95
1596,55.345205479452055,684.7746575342466,986.9458904109589,2008.0,1.527133502750541,1629.4917808219177,Ezi_3_b2,Ezi RNAi,-0.8036591874978966,0.7172044862188465,-14.296278893808669,95
1597,53.918103448275865,767.7101293103449,750.3663793103449,1188.0,1.3407007883575777,1558.4191810344828,Ezi_3_b2,Ezi RNAi,-0.24350383274173448,0.8425775350118723,4.918893036505208,95
1598,56.74198988195616,178.8195615514334,905.4620573355818,1669.0,1.1996701700404522,2279.4215851602025,Ezi_3_b2,Ezi RNAi,-0.7698727192921637,-0.5327809971573613,-13.031694047687022,95
1599,53.75221238938053,187.5322376738306,394.9001264222503,1198.0,1.5847156278128645,1851.694058154235,Ezi_3_b2,Ezi RNAi,0.38840039560257456,-0.6741458855213693,26.221487849345177,95
1600,57.7546823356592,209.2478883584282,804.4432611090709,3777.0,1.3758163115468813,3147.2967315460887,Ezi_3_b2,Ezi RNAi,-0.5324790551389307,-0.4913174859519376,-3.2779604015520745,95
1601,55.80133432171979,213.76723498888066,865.8539659006672,1864.0,1.67548695623866,2620.4744255003707,Ezi_3_b2,Ezi RNAi,-0.6697005499696932,-0.4608300451162711,-10.228863361061372,95
1602,55.951471758154334,234.43118536197295,920.1272871917263,1562.0,1.4738985498035755,1761.8082736674621,Ezi_3_b2,Ezi RNAi,-0.7863807138075003,-0.39356912415748924,-14.276369030709812,95
1603,55.682403433476395,239.6934396076027,870.6854690374004,2646.0,1.3770930671044261,2589.839362354384,Ezi_3_b2,Ezi RNAi,-0.6729071630475805,-0.3965690741109379,-10.394973835880153,95
1604,57.62845849802372,243.13921826965304,787.6859903381643,2937.0,1.19009729381314,3271.405357927097,Ezi_3_b2,Ezi RNAi,-0.4844749780698352,-0.4146562181218053,-1.562735464144227,95
1605,53.32594524119948,267.90091264667535,773.3963494132986,1201.0,1.780577416086994,2883.767926988266,Ezi_3_b2,Ezi RNAi,-0.44396681470436306,-0.3592696597331706,-4.336309886802577,95
1606,54.57317722192656,277.4475784992017,871.7754124534326,2546.0,1.777072772774913,1671.8573709419904,Ezi_3_b2,Ezi RNAi,-0.6639457015491652,-0.30487711781356586,-11.079181265479127,95
1607,62.08016877637131,285.09463532248344,870.1422543701025,3490.0,1.7010302720666617,3424.5286317058467,Ezi_3_b2,Ezi RNAi,-0.6594153387544455,-0.28694537721971847,-3.360237532790041,95
1608,59.61280931586609,275.14410480349346,860.6834061135371,2416.0,1.4157342030520053,3316.6237263464336,Ezi_3_b2,Ezi RNAi,-0.6404991672806586,-0.31401226196075904,-5.173423847377332,95
1609,54.54713804713805,286.70791245791247,505.5833333333333,1512.0,1.3781203440421819,3329.9478114478115,Ezi_3_b2,Ezi RNAi,0.16729575910548422,-0.3989973467000584,19.226189399667213,95
1610,54.245,294.8707142857143,491.96285714285716,1748.0,1.4544922480436153,2945.8892857142855,Ezi_3_b2,Ezi RNAi,0.2005938256516342,-0.3835813478674909,20.15910891166953,95
1611,55.67875,327.335625,914.8425,2082.0,1.7420448705303686,2046.258125,Ezi_3_b2,Ezi RNAi,-0.7467740204497519,-0.17048697594490314,-12.854650996181418,95
1612,54.463320463320464,329.55791505791507,452.7673745173745,1250.0,1.3938850132947913,1675.046332046332,Ezi_3_b2,Ezi RNAi,0.2995333938006055,-0.3121368186057375,24.079298972262738,95
1613,55.45420560747664,346.614953271028,932.8261682242991,2198.0,1.6160768923131754,1595.3383177570092,Ezi_3_b2,Ezi RNAi,-0.781690851155581,-0.11812091176779749,-14.300856401164364,95
1614,54.22959889349931,361.21991701244815,829.984785615491,1096.0,1.5096969246261491,2424.820193637621,Ezi_3_b2,Ezi RNAi,-0.5444461450830969,-0.11550393369905587,-6.840438908707954,95
1615,53.813747228381374,371.83370288248335,448.8159645232816,1238.0,1.5874315912713053,2618.6164079822615,Ezi_3_b2,Ezi RNAi,0.32115584402412156,-0.21111289650037945,24.33018571180601,95
1616,55.73771626297578,395.24636678200693,844.160553633218,2048.0,1.5006127649182686,2719.8228373702423,Ezi_3_b2,Ezi RNAi,-0.5666985738361314,-0.028683419152013556,-6.046327366370656,95
1617,54.38670694864048,393.4310171198389,932.4884189325277,1683.0,1.573932761491509,2612.9305135951663,Ezi_3_b2,Ezi RNAi,-0.766815391394516,-0.004960175984330406,-14.703053850322373,95
1618,54.53691275167785,399.43489932885905,866.4308724832215,1158.0,1.4308390350023348,2083.0778523489935,Ezi_3_b2,Ezi RNAi,-0.6156097476207519,-0.011455843709412994,-9.02323683749798,95
1619,52.73170731707317,419.405487804878,963.3353658536586,644.0,1.66592460651142,1783.5457317073171,Ezi_3_b2,Ezi RNAi,-0.8285720388249009,0.06770579989893788,-18.545131541598057,95
1620,53.648471615720524,436.94978165938863,955.240174672489,893.0,1.614213839977437,2130.2248908296942,Ezi_3_b2,Ezi RNAi,-0.8052209079482716,0.10756848726357648,-16.726349481452026,95
1621,54.59057971014493,464.5507246376812,895.9384057971015,1824.0,1.6286386392876468,1661.4101449275363,Ezi_3_b2,Ezi RNAi,-0.6630356829599495,0.15546674260015836,-10.522324064294375,95
1622,54.37914691943128,544.1793048973144,843.8538704581358,2196.0,1.6434206179161055,1974.5979462875198,Ezi_3_b2,Ezi RNAi,-0.5215030506542037,0.3315385842659284,-5.358878464569113,95
1623,54.0392523364486,542.6383177570093,902.8355140186916,1376.0,1.6278242477368277,2397.314018691589,Ezi_3_b2,Ezi RNAi,-0.6553378975478261,0.3465809095594117,-10.583642579360356,95
1624,53.64188163884674,550.5493171471927,829.9499241274658,912.0,1.4092814593177403,2129.816388467375,Ezi_3_b2,Ezi RNAi,-0.4880129697132719,0.34252995704599676,-4.8604481525855725,95
1625,52.766129032258064,562.858870967742,880.6774193548387,1029.0,1.9591413539966578,2417.576612903226,Ezi_3_b2,Ezi RNAi,-0.5989564124463069,0.38845763535753086,-9.750855735301162,95
1626,53.54545454545455,569.25,927.3666666666667,988.0,1.4494468811583472,2500.5106060606063,Ezi_3_b2,Ezi RNAi,-0.7028383356861378,0.4187711949083719,-12.73898809840747,95
1627,54.97731239092496,574.2425828970331,816.8673647469459,994.0,1.9111966250681307,1804.0541012216404,Ezi_3_b2,Ezi RNAi,-0.45163173716929894,0.3956790085102857,-2.1298405109703893,95
1628,55.114160948222086,587.747972551466,785.9026824703681,1982.0,1.4919591891204211,1569.4547723019339,Ezi_3_b2,Ezi RNAi,-0.3775904622490446,0.41849837443395543,0.7435129269402387,95
1629,54.032085561497325,597.5229946524064,847.9208556149732,1401.0,1.8682199654890084,2852.8566844919787,Ezi_3_b2,Ezi RNAi,-0.5147917568232641,0.4618883903517199,-5.318133525469689,95
1630,57.43429158110883,599.6709445585216,877.6211498973306,2540.0,1.3295883438519134,2157.0128336755647,Ezi_3_b2,Ezi RNAi,-0.5819995434786613,0.4765134443720289,-4.348638406830587,95
1631,54.26205191594561,602.7058096415327,894.2064276885043,1065.0,1.5514390188915108,2267.883807169345,Ezi_3_b2,Ezi RNAi,-0.6180142323447466,0.4891538301857443,-8.83676040903527,95
1632,55.3913470993117,623.3539823008849,938.7551622418879,1847.0,1.6253433404961586,1663.2890855457226,Ezi_3_b2,Ezi RNAi,-0.7128851657519409,0.5532757919371285,-11.106599809879487,95
1633,55.356955380577425,624.7716535433071,870.7786526684165,1765.0,1.644905888015913,3160.753280839895,Ezi_3_b2,Ezi RNAi,-0.5586650498324233,0.5350753705199296,-5.514524627949262,95
1634,54.786144578313255,631.2218875502008,850.8102409638554,1390.0,1.6628659811083537,3236.8995983935743,Ezi_3_b2,Ezi RNAi,-0.511462526843115,0.544329999922655,-4.348898864686485,95
1635,54.04011065006916,632.0788381742739,908.7648686030428,1001.0,1.733324464633807,2512.082987551867,Ezi_3_b2,Ezi RNAi,-0.6421837910992636,0.5648494608065577,-9.861207148406892,95
1636,54.951495553759095,657.4947453516572,937.7873888439774,1721.0,1.4672998513646627,1962.303961196443,Ezi_3_b2,Ezi RNAi,-0.7004696967342974,0.635566834485316,-11.002951889459064,95
1637,53.13953488372093,670.339534883721,580.4930232558139,1614.0,1.7801853162829824,3574.3395348837207,Ezi_3_b2,Ezi RNAi,0.11204772833422139,0.552961349857785,16.837324133470297,95
1638,54.397683397683394,682.6138996138997,829.523166023166,1014.0,1.781762947911618,2740.4189189189187,Ezi_3_b2,Ezi RNAi,-0.44796117265385504,0.6618906566436209,-2.2844545638026554,95
1639,54.675146771037184,160.94716242661448,786.4794520547945,811.0,1.5714286770215238,1823.06457925636,Ezi_3_b2,Ezi RNAi,-0.5055960933434969,-0.6138666148470839,-5.518745169568069,95
1640,56.32341425215348,166.0814408770556,803.2145653876272,1801.0,1.34046088881943,2329.7400156617073,Ezi_3_b2,Ezi RNAi,-0.542248344533034,-0.5961309216816344,-5.187172295115081,95
1641,56.9041095890411,180.8417808219178,807.113698630137,1869.0,1.600763378900477,1767.335616438356,Ezi_3_b2,Ezi RNAi,-0.546796290701754,-0.5591845698616562,-4.730338867774455,95
1642,56.24709103353867,185.1697467488022,825.1423682409309,1947.0,1.4027038966935954,2343.6030116358656,Ezi_3_b2,Ezi RNAi,-0.5861736229511232,-0.5429729222136996,-6.813599542898537,95
1643,56.85804701627487,197.94303797468353,774.3499095840868,1757.0,1.545979178465822,2565.8688969258587,Ezi_3_b2,Ezi RNAi,-0.46758147923876825,-0.5282370772899099,-1.842180158235787,95
1644,55.29690346083789,218.56284153005464,735.1775956284152,1534.0,1.3519644225089589,3052.313296903461,Ezi_3_b2,Ezi RNAi,-0.3725327340368382,-0.4908065650219027,0.11244524198590078,95
1645,56.11317907444668,222.88832997987927,776.8073440643864,2622.0,1.4624174763750364,3134.3636820925553,Ezi_3_b2,Ezi RNAi,-0.4655885567140722,-0.46710056529483157,-2.449485704113404,95
1646,57.38849431818182,213.85795454545453,821.4367897727273,2067.0,1.8853871919891991,1946.1342329545455,Ezi_3_b2,Ezi RNAi,-0.5694862876621731,-0.47475464124849476,-4.982204504631822,95
1647,55.05550500454959,241.71883530482256,764.3921747042766,1461.0,1.3416913136073283,3216.1537761601458,Ezi_3_b2,Ezi RNAi,-0.4317039457672782,-0.42548792519652434,-2.2244810268568918,95
1648,56.26011560693642,237.0594549958712,906.6218001651528,1509.0,1.31282571278783,1814.1593724194881,Ezi_3_b2,Ezi RNAi,-0.7551037308144574,-0.39151011170539207,-12.8192060906936,95
1649,57.10215053763441,249.55299539170508,721.7572964669739,1626.0,1.424846469387187,3032.3156682027648,Ezi_3_b2,Ezi RNAi,-0.3333096674370457,-0.420114820429915,3.4378551665811283,95
1650,56.511483550589695,249.41154562383613,919.4469273743017,2172.0,1.5280267391965543,2067.6703910614524,Ezi_3_b2,Ezi RNAi,-0.7804985406978021,-0.35754755894320545,-13.459421354919325,95
1651,57.27921623512946,268.3813855843247,887.9650104968509,1982.0,1.4542798715483873,1579.8215535339398,Ezi_3_b2,Ezi RNAi,-0.7037844913502727,-0.3216768496836029,-9.840759599978924,95
1652,56.63959854014598,264.86222627737226,666.1085766423357,1524.0,1.4735007282666237,2187.344890510949,Ezi_3_b2,Ezi RNAi,-0.20277185450588187,-0.400782102192373,7.774427123975702,95
1653,55.53183856502242,278.14618834080716,492.42959641255607,1386.0,1.3737460353768942,1603.162331838565,Ezi_3_b2,Ezi RNAi,0.1943235129032419,-0.4239025627103109,21.176559760589072,95
1654,56.85950413223141,280.5027548209366,771.3374655647383,1916.0,1.3533478781745794,2298.948347107438,Ezi_3_b2,Ezi RNAi,-0.4362412527392463,-0.32946044737679336,-0.47470772874469924,95
1655,57.822817631806394,287.18366464995677,732.3444252376837,3075.0,1.5825737416508874,2867.33621434745,Ezi_3_b2,Ezi RNAi,-0.34622172332102175,-0.32571146637767523,3.7920742317260165,95
1656,56.44834183673469,301.2308673469388,834.4585459183673,1981.0,1.5869703406215574,2341.7844387755104,Ezi_3_b2,Ezi RNAi,-0.572812449710089,-0.25922524723172957,-5.810502514183504,95
1657,56.408830275229356,302.64162844036696,766.9655963302753,2211.0,1.606070940528172,2130.1009174311926,Ezi_3_b2,Ezi RNAi,-0.4196874298529847,-0.27728848216716573,-0.2635100525938223,95
1658,56.493197278911566,340.1207482993197,446.609693877551,2312.0,1.9380088992352,2005.094387755102,Ezi_3_b2,Ezi RNAi,0.31621418216825115,-0.28855498820270387,26.75297757813184,95
1659,56.824884792626726,340.99874319229156,863.885211562631,3661.0,1.5661207017977812,2349.3049853372436,Ezi_3_b2,Ezi RNAi,-0.6276470154099847,-0.15365432928599665,-7.324284780937381,95
1660,56.875,357.785175879397,415.73743718592965,2567.0,1.7828734407259328,1703.428391959799,Ezi_3_b2,Ezi RNAi,0.39123496442422634,-0.25564592560097477,29.91910103616698,95
1661,62.061797752808985,350.1979510905486,1009.7468605419696,4670.0,1.7686485370692429,2077.159616655651,Ezi_3_b2,Ezi RNAi,-0.9559186324977884,-0.08501926494979717,-14.012822380874752,95
1662,56.311258278145694,377.182119205298,852.933774834437,1505.0,1.6802723587997144,2495.8256070640177,Ezi_3_b2,Ezi RNAi,-0.5920232722255778,-0.06959799019703117,-6.442985408391433,95
1663,56.10752688172043,384.6254480286738,867.6129032258065,1586.0,1.705901234492158,2590.3252688172042,Ezi_3_b2,Ezi RNAi,-0.622983761204415,-0.04691819599939595,-7.756083012754717,95
1664,55.39872068230277,399.2359630419332,893.7405828002843,1960.0,1.519332046282022,2598.553660270078,Ezi_3_b2,Ezi RNAi,-0.6776201496622181,-0.003252691148247666,-10.419825282442353,95
1665,55.02412280701754,400.54605263157896,878.5065789473684,634.0,1.703287656450803,2279.2763157894738,Ezi_3_b2,Ezi RNAi,-0.6426933749003709,-0.004928291714637378,-9.51877623550178,95
1666,59.164572864321606,412.84087102177557,834.5929648241206,3065.0,1.6157711301363908,2420.022613065327,Ezi_3_b2,Ezi RNAi,-0.5404815331965898,0.010815845745276498,-1.6041048836842657,95
1667,55.91064257028113,417.8955823293173,956.187751004016,1390.0,1.4853973780498624,2144.2991967871485,Ezi_3_b2,Ezi RNAi,-0.8134577239442161,0.06175777860489484,-14.808176946139294,95
1668,55.452620967741936,422.6975806451613,891.5483870967741,1493.0,1.4870329002477904,1776.992943548387,Ezi_3_b2,Ezi RNAi,-0.6657012941930915,0.052809653780503396,-9.867708643208923,95
1669,57.34278350515464,449.8101374570447,908.3230240549829,3171.0,1.5393923559560536,1834.8165807560138,Ezi_3_b2,Ezi RNAi,-0.6959604126076334,0.12372799200017237,-9.000848002272496,95
1670,55.83658536585366,450.409756097561,986.9743902439025,1232.0,1.5080078913989687,1983.4963414634146,Ezi_3_b2,Ezi RNAi,-0.873437708323478,0.15021563606958876,-16.981348691762115,95
1671,55.81585845347313,454.0465268676278,927.7293577981651,2176.0,1.6045621269874362,1901.405635648755,Ezi_3_b2,Ezi RNAi,-0.7383154004661491,0.14016214261496196,-12.065849238245153,95
1672,56.7796451914099,456.2483660130719,945.7647058823529,1926.0,1.6791998693607866,1834.9467787114845,Ezi_3_b2,Ezi RNAi,-0.7786495042158992,0.15122164360387758,-12.563307335342015,95
1673,55.22921348314607,462.0449438202247,958.1370786516854,768.0,1.7917004772810585,1757.2,Ezi_3_b2,Ezi RNAi,-0.8046226516069115,0.16919224880582284,-15.050406030780515,95
1674,56.459276018099544,462.07013574660635,977.4457013574661,875.0,1.6840076983292278,1743.264705882353,Ezi_3_b2,Ezi RNAi,-0.8485349885288425,0.17538925115377446,-15.417011677655868,95
1675,54.7042957042957,481.2617382617383,999.7812187812187,1382.0,1.505081113411902,1814.4275724275724,Ezi_3_b2,Ezi RNAi,-0.8930308633424806,0.22893784022205566,-18.748453910737137,95
1676,55.42620363062352,517.3172849250197,966.1333859510655,1713.0,1.2966650480717943,1658.388318863457,Ezi_3_b2,Ezi RNAi,-0.8063323533649985,0.30545478274804383,-14.765524035687214,95
1677,57.950710108604845,533.4494569757728,861.4661654135339,1907.0,1.4621602001799159,2233.9164578111945,Ezi_3_b2,Ezi RNAi,-0.5652203861657287,0.31116106439899194,-3.397834649348704,95
1678,53.658854166666664,536.203125,863.0026041666666,621.0,1.735656086367473,2049.1197916666665,Ezi_3_b2,Ezi RNAi,-0.5670573980123534,0.3183398587792834,-7.76413201302482,95
1679,56.31969860064586,533.1668460710441,921.2583423035522,1328.0,1.5940428038097354,1821.940796555436,Ezi_3_b2,Ezi RNAi,-0.7002681953832937,0.32951409285564237,-9.959021826351574,95
1680,55.490328820116055,552.1266924564796,892.0967117988395,1508.0,1.694229152912768,2256.122823984526,Ezi_3_b2,Ezi RNAi,-0.6285010671178313,0.36610936664521,-8.123401057832753,95
1681,58.25541365907829,569.4308717379233,960.2803997779012,2691.0,1.7030363083196187,2311.719600222099,Ezi_3_b2,Ezi RNAi,-0.7781508422155502,0.42965133136023725,-10.758009126980447,95
1682,55.392603129445234,568.6116642958748,886.8513513513514,2029.0,1.6948724055851239,2418.5007112375533,Ezi_3_b2,Ezi RNAi,-0.6117180888312467,0.4043227002884102,-7.5649706528257905,95
1683,57.19824561403509,573.6649122807017,923.0447368421053,1709.0,1.8388836549191947,2782.648245614035,Ezi_3_b2,Ezi RNAi,-0.6924475860643975,0.4280530298852201,-8.682718724839775,95
1684,54.70755555555556,590.2968888888889,863.16,1750.0,1.62661903658191,2920.5733333333333,Ezi_3_b2,Ezi RNAi,-0.5515451235389972,0.4492511545465834,-5.9998670542414505,95
1685,60.67561761546724,588.3322592194772,920.1016827783745,4183.0,1.3962509413059754,2148.6365914786966,Ezi_3_b2,Ezi RNAi,-0.6820973223511709,0.46257830015686063,-4.776215734879439,95
1686,55.50704225352113,627.6413867822318,893.4929577464789,1185.0,1.6618666333027095,2481.902491874323,Ezi_3_b2,Ezi RNAi,-0.6092309142230958,0.5492448655176285,-7.1997458192742805,95
1687,56.723747980613894,622.9079159935379,911.9693053311793,1141.0,1.6329099442088377,2670.1583198707594,Ezi_3_b2,Ezi RNAi,-0.6526713280063559,0.543664576229949,-7.575423493177226,95
1688,60.2157606405394,637.3350189633376,898.2659081331648,3413.0,1.6152742866335184,3039.887484197219,Ezi_3_b2,Ezi RNAi,-0.6180506593528448,0.5741845498024847,-2.769998021507898,95
1689,58.995512035903715,636.8800489596083,832.3953488372093,3419.0,1.6673107064502306,3400.5410036719704,Ezi_3_b2,Ezi RNAi,-0.46892453395714706,0.5521315384590073,1.4413094401894675,95
1690,55.02472527472528,641.4217032967033,846.8598901098901,1180.0,1.5854303999198887,3499.690934065934,Ezi_3_b2,Ezi RNAi,-0.499540819915141,0.5677476540099291,-3.6472364088767195,95
1691,55.79883945841393,646.1537717601548,983.6692456479691,1336.0,1.4715202281848765,1707.1537717601548,Ezi_3_b2,Ezi RNAi,-0.8078054324264925,0.622724084420643,-14.096727881123215,95
1692,56.96896217264791,654.6808923375364,772.482056256062,1548.0,1.6591905235979652,1618.321047526673,Ezi_3_b2,Ezi RNAi,-0.3276990396346122,0.5761453670462093,4.60485425287706,95
1693,54.948620361560415,656.7830637488106,835.8620361560419,1646.0,1.579545895916614,2689.5509039010467,Ezi_3_b2,Ezi RNAi,-0.47008111580715983,0.6014120481903529,-2.6079660611483604,95
1694,55.86221294363257,663.4540709812109,846.6064718162839,1496.0,1.3428510162963339,2472.543841336117,Ezi_3_b2,Ezi RNAi,-0.49258280111249697,0.6209640561730101,-2.4935444987667807,95
1695,54.26340326340326,671.6748251748252,568.5780885780886,1113.0,1.6106405073627343,3781.376456876457,Ezi_3_b2,Ezi RNAi,0.13918613883860065,0.5523930835104456,18.958157267445323,95
1696,54.229281767955804,674.1325966850828,557.5718232044198,548.0,1.4452025878819892,3658.9337016574586,Ezi_3_b2,Ezi RNAi,0.16482372335196693,0.5548371108923109,19.865294080697026,95
1697,55.86816999132697,676.6877710320902,632.1682567215959,1750.0,1.651479446153109,3474.259323503903,Ezi_3_b2,Ezi RNAi,-0.0035003289416106753,0.5847449848189188,15.379821178954174,95
1698,57.28517350157729,671.0403785488959,1015.0946372239748,2015.0,1.3593807417249888,1625.0511041009463,Ezi_3_b2,Ezi RNAi,-0.8717949045594239,0.6929217841618684,-14.870905202108915,95
1699,55.63299663299663,678.8299663299663,879.7289562289562,1624.0,1.3922263201055207,2072.4873737373737,Ezi_3_b2,Ezi RNAi,-0.5629088662497299,0.6687038777019181,-5.24599334511349,95
1700,56.19175911251981,685.5316957210777,675.0832012678288,1520.0,1.5684241159685954,2891.5879556259906,Ezi_3_b2,Ezi RNAi,-0.09802732834032013,0.6197945227227277,12.282078319181364,95
1701,57.70124178232286,133.6201607012418,905.3301680058437,1936.0,1.4056368381347968,1632.027757487217,Ezi_3_b2,Ezi RNAi,-0.7831847004390704,-0.6421793045350814,-12.676742327150372,95
1702,57.296205630354955,173.2252141982864,861.6927784577723,1114.0,1.4363443984427948,1732.030599755202,Ezi_3_b2,Ezi RNAi,-0.6726154644641898,-0.5602464704083908,-8.94476072373135,95
1703,58.06558485463151,196.3813387423935,901.498985801217,1922.0,1.7215436734482172,1994.5956727518594,Ezi_3_b2,Ezi RNAi,-0.755942876487271,-0.49156380968319335,-11.148113315241062,95
1704,57.23918918918919,205.1445945945946,747.3702702702702,1133.0,1.4674279607231613,2751.9743243243242,Ezi_3_b2,Ezi RNAi,-0.40447544523423784,-0.519401996360616,0.8605698379129332,95
1705,56.44224765868886,207.94797086368365,728.8563995837669,1436.0,1.5464500701493777,2711.168574401665,Ezi_3_b2,Ezi RNAi,-0.36160379407455323,-0.518505827432133,1.631511899731776,95
1706,58.98759305210918,216.6724565756824,917.2227047146401,2273.0,1.8140098914801404,2073.3442928039703,Ezi_3_b2,Ezi RNAi,-0.7856655077007,-0.4374765450144028,-11.251667417067095,95
1707,56.60900473933649,221.6563981042654,721.3072669826224,1677.0,1.3874688728278,2551.3783570300156,Ezi_3_b2,Ezi RNAi,-0.3404840761264275,-0.4877445317844882,2.6059464789610893,95
1708,58.28689138576779,221.41498127340824,809.9071161048689,1735.0,1.7012081566441408,2483.7970037453183,Ezi_3_b2,Ezi RNAi,-0.5413281514374046,-0.4601467123147305,-3.033614645527285,95
1709,57.1320987654321,226.21234567901234,867.3185185185185,1000.0,1.549361901905798,2045.5703703703705,Ezi_3_b2,Ezi RNAi,-0.6695716714640219,-0.4302644706806267,-8.855104508605022,95
1710,59.158040027605246,238.55486542443063,897.6652864044169,1922.0,1.7424778109977352,2001.3581780538302,Ezi_3_b2,Ezi RNAi,-0.7349503859754456,-0.39076119302038137,-9.172388625276252,95
1711,58.11863057324841,253.1998407643312,707.6480891719746,1700.0,1.4077774266458787,3033.707006369427,Ezi_3_b2,Ezi RNAi,-0.30049964751579084,-0.41578830957948576,5.663963427102484,95
1712,57.434266327396095,253.12637828668363,840.2739609838846,1596.0,1.449918386551669,1860.9211195928754,Ezi_3_b2,Ezi RNAi,-0.6004479012208466,-0.37375949971787636,-5.958868437590382,95
1713,57.919923126201155,254.45547725816783,905.4003843689942,1949.0,1.6373496618165506,3362.368994234465,Ezi_3_b2,Ezi RNAi,-0.7474902648628201,-0.34982371953891556,-10.828983235552213,95
1714,55.423230974632844,262.42056074766356,811.4632843791723,977.0,1.4345115347561184,2756.4699599465953,Ezi_3_b2,Ezi RNAi,-0.5321199827840251,-0.3604288069598809,-5.46056179378879,95
1715,55.501689189189186,265.96452702702703,768.7297297297297,905.0,1.5815732548237766,2868.8547297297296,Ezi_3_b2,Ezi RNAi,-0.434400356719557,-0.365453450622916,-1.809457592046308,95
1716,57.24613117170228,280.8990420044215,752.9513633014002,2122.0,1.5845975971738613,3021.187177597642,Ezi_3_b2,Ezi RNAi,-0.3946001450356078,-0.3343547687587104,1.4325389795524668,95
1717,55.55830388692579,313.07067137809184,752.2791519434629,858.0,1.6587626631275056,2186.6378091872793,Ezi_3_b2,Ezi RNAi,-0.38319956144179734,-0.25672542595284686,0.24154452156674466,95
1718,55.986622073578594,335.5066889632107,977.9113712374582,982.0,1.7832333848086874,1861.7926421404682,Ezi_3_b2,Ezi RNAi,-0.887094832380083,-0.13065211667423704,-17.639594362089202,95
1719,55.249757045675416,345.40913508260445,412.6540330417881,1327.0,1.4422906479325217,1550.7133138969873,Ezi_3_b2,Ezi RNAi,0.39484548642201567,-0.2865576045852747,28.386362906702555,95
1720,57.651945320715036,340.4616193480547,798.7712933753943,2424.0,1.5595149045437326,1878.1750788643533,Ezi_3_b2,Ezi RNAi,-0.4806488188073539,-0.17567868193688652,-1.1363581394676223,95
1721,56.19455252918288,344.9377431906615,905.4357976653697,650.0,1.4376969735073166,1870.0875486381324,Ezi_3_b2,Ezi RNAi,-0.7203617956932442,-0.13089910781879277,-11.326462514444627,95
1722,57.75914462577378,366.4231851435003,909.4693303320203,2548.0,1.5356618701351274,2616.973550928531,Ezi_3_b2,Ezi RNAi,-0.7234042950463774,-0.07764649121918776,-9.809230461481093,95
1723,56.517554479418884,376.75242130750604,816.2215496368038,2115.0,1.4935382677180387,2435.1501210653755,Ezi_3_b2,Ezi RNAi,-0.509131376795116,-0.08232087005377475,-3.2149579068992393,95
1724,54.827127659574465,381.0558510638298,898.781914893617,595.0,1.6107064622044522,2684.5851063829787,Ezi_3_b2,Ezi RNAi,-0.6943170343530256,-0.04562760307162406,-11.651347852772876,95
1725,55.21835443037975,406.4572784810127,861.2895569620254,1123.0,1.6155714276300481,2217.59335443038,Ezi_3_b2,Ezi RNAi,-0.6020221692117345,0.0038928378983957845,-7.825034578242361,95
1726,57.864117647058826,405.2994117647059,817.925294117647,2298.0,1.8684027506933412,1916.2217647058824,Ezi_3_b2,Ezi RNAi,-0.5047634799408138,-0.012724304061492386,-1.6272296352121938,95
1727,59.08351893095768,415.989420935412,908.5695991091314,2701.0,1.7281895888442615,1790.4181514476616,Ezi_3_b2,Ezi RNAi,-0.7068980188332278,0.04197325860996348,-7.744343396934836,95
1728,57.7579185520362,432.71719457013575,911.2164404223228,1859.0,1.5824753652940453,1792.7390648567118,Ezi_3_b2,Ezi RNAi,-0.7076635981163562,0.08329333691191021,-9.057205378350021,95
1729,55.25062034739454,509.6575682382134,775.8535980148883,707.0,1.7350635221103845,1621.2506203473945,Ezi_3_b2,Ezi RNAi,-0.3780785738256641,0.2263771413128286,0.6513734212880817,95
1730,56.03678929765886,498.94147157190633,955.3461538461538,940.0,1.4450975527705263,1781.7909698996655,Ezi_3_b2,Ezi RNAi,-0.7875024459940225,0.2575619917772545,-13.516008520323652,95
1731,59.181179775280896,544.4269662921348,840.7759831460675,2240.0,1.6601398045344908,2101.5224719101125,Ezi_3_b2,Ezi RNAi,-0.5153846451236253,0.3311270284236498,-0.3164145081987484,95
1732,57.71478260869565,567.3217391304348,867.3739130434783,1691.0,1.5664503517166761,2779.324347826087,Ezi_3_b2,Ezi RNAi,-0.5684791010711499,0.39498906361984787,-3.661749472978851,95
1733,55.94102228047182,579.2686762778505,905.0537352555701,1114.0,1.5735815548580723,2763.4495412844035,Ezi_3_b2,Ezi RNAi,-0.6498389565659433,0.43589350688054607,-8.375671089640715,95
1734,55.32798833819242,590.631195335277,931.5043731778426,887.0,1.4103037122055155,2985.4008746355685,Ezi_3_b2,Ezi RNAi,-0.7061891835706922,0.47180333651046613,-11.014581137840834,95
1735,55.26590909090909,594.9454545454546,907.540909090909,538.0,1.3379379092304413,1981.5204545454546,Ezi_3_b2,Ezi RNAi,-0.6506799510370005,0.4746158815227792,-9.041378336280633,95
1736,56.655493482309126,601.8677839851024,932.7243947858473,940.0,1.2987987278318955,1796.7597765363128,Ezi_3_b2,Ezi RNAi,-0.7058654475961634,0.499367366241509,-9.64025826199477,95
1737,54.24278846153846,605.6322115384615,926.7980769230769,551.0,1.4675380724800702,1614.6033653846155,Ezi_3_b2,Ezi RNAi,-0.690877709123972,0.5066045368992449,-11.504721534121755,95
1738,55.89555125725339,608.0493230174081,803.8268858800774,1541.0,1.6982832756187258,2502.704061895551,Ezi_3_b2,Ezi RNAi,-0.412261604189076,0.4733115147390061,0.3184609069562847,95
1739,57.75822928490352,628.8706015891033,966.3246311010216,1244.0,1.4608312261319556,2173.706015891033,Ezi_3_b2,Ezi RNAi,-0.7740733390391861,0.5753793223074746,-10.94744187829072,95
1740,56.627272727272725,631.7,948.1707070707071,1287.0,1.5239865022516483,2710.2515151515154,Ezi_3_b2,Ezi RNAi,-0.7319444127070396,0.576455161278034,-10.538684438604577,95
1741,57.21653189577718,636.4366576819407,978.2246181491464,1437.0,1.4849374473599448,1859.0673854447439,Ezi_3_b2,Ezi RNAi,-0.7986450887045176,0.597473899155843,-12.36641927686609,95
1742,55.760896637608965,639.8368617683686,861.7920298879203,1147.0,1.606873634868847,3419.879202988792,Ezi_3_b2,Ezi RNAi,-0.5339354373800432,0.5686601394387196,-4.166796684123645,95
1743,56.81984517945109,656.1731175228712,574.9732582688248,2286.0,1.4261859816795799,3341.964109781844,Ezi_3_b2,Ezi RNAi,0.11962349901543345,0.5169083789966451,20.768303742187598,95
1744,57.56837209302326,661.4883720930233,873.6669767441861,1411.0,1.6234729766979386,2298.245581395349,Ezi_3_b2,Ezi RNAi,-0.554715757635334,0.6248081066628313,-3.052095645922395,95
1745,56.026162790697676,678.6996124031008,602.312984496124,1316.0,1.5154291948704801,3129.876937984496,Ezi_3_b2,Ezi RNAi,0.0646126794684363,0.5801111005883883,18.027155858282853,95
1746,55.17751479289941,687.3239644970414,807.2707100591716,913.0,1.3550267508132479,1574.3254437869823,Ezi_3_b2,Ezi RNAi,-0.39636647369275346,0.6661997249468949,0.3919346587925583,95
1747,57.89008042895443,183.0697050938338,839.9973190348526,686.0,1.8174661398843397,1631.8954423592493,Ezi_3_b2,Ezi RNAi,-0.6207201343645204,-0.5433373278475832,-6.4301221543650495,95
1748,57.10425531914893,185.45,784.1340425531915,1247.0,1.3509974879230051,2602.336170212766,Ezi_3_b2,Ezi RNAi,-0.49347570277307873,-0.5553495117590419,-2.573000812343607,95
1749,59.11272727272727,188.45454545454547,801.3945454545454,1337.0,1.396734370260442,1998.9545454545455,Ezi_3_b2,Ezi RNAi,-0.5320181794897028,-0.5426014111475033,-1.9546499484419115,95
1750,57.82686567164179,224.2268656716418,747.2308457711442,1273.0,1.5010940319254442,3025.884577114428,Ezi_3_b2,Ezi RNAi,-0.39860388887201237,-0.47328480614873425,1.7159891648324193,95
1751,58.53158223889931,230.83051907442152,885.3333333333334,2046.0,1.5699514002794377,1940.8055034396498,Ezi_3_b2,Ezi RNAi,-0.7092248816267139,-0.41336855222554025,-8.883989320892361,95
1752,58.267857142857146,231.40453296703296,824.2149725274726,1982.0,1.4847134885362698,2197.4141483516482,Ezi_3_b2,Ezi RNAi,-0.5707276199301816,-0.43142623269917535,-4.097570654706194,95
1753,57.6791237113402,241.29123711340208,817.889175257732,1235.0,1.6117818402411819,3361.012886597938,Ezi_3_b2,Ezi RNAi,-0.5533663587827039,-0.4095165637265914,-4.028622525858748,95
1754,56.124121779859486,242.52341920374707,709.980093676815,1278.0,1.5947775331173821,2901.742388758782,Ezi_3_b2,Ezi RNAi,-0.30856560258293364,-0.4408625179645349,3.3395588618674568,95
1755,57.83246527777778,249.58246527777777,826.5199652777778,1963.0,1.7304045602709284,3254.082465277778,Ezi_3_b2,Ezi RNAi,-0.5704593144804223,-0.3867123962783541,-4.475512241363864,95
1756,58.6417419884963,259.31306491372226,695.8849630238291,1602.0,1.4625501929682065,2574.2235004108466,Ezi_3_b2,Ezi RNAi,-0.27217043746920544,-0.4047451833615854,7.238294356603006,95
1757,58.5213082259663,261.75123885034685,862.5738354806739,1350.0,1.4501280189031065,1842.7839444995045,Ezi_3_b2,Ezi RNAi,-0.6485457853485559,-0.3458047155944962,-6.598326928092561,95
1758,58.251525105584236,270.7400281557954,901.490380103238,2727.0,1.4429611898906327,1591.9812294697326,Ezi_3_b2,Ezi RNAi,-0.7338701144918207,-0.31167314545723757,-9.955589720059319,95
1759,60.07585751978892,269.6919525065963,808.2678100263852,2266.0,1.4155644439875565,3236.006596306069,Ezi_3_b2,Ezi RNAi,-0.5236205038711566,-0.34388442267893526,-0.46220820838680154,95
1760,56.96414342629482,277.7011952191235,821.98406374502,726.0,1.6630608341646573,2844.5756972111553,Ezi_3_b2,Ezi RNAi,-0.5516781126292053,-0.3201229456731749,-4.586026671764296,95
1761,59.774647887323944,269.4848320693391,844.2573131094258,2841.0,1.6721669061315447,2751.2193932827736,Ezi_3_b2,Ezi RNAi,-0.6050483019552662,-0.3329315396655268,-3.7338220320034345,95
1762,59.41680960548885,300.3181818181818,887.7915951972556,1592.0,1.7832078277413126,2855.0883361921096,Ezi_3_b2,Ezi RNAi,-0.6943140064174174,-0.2444818679933115,-7.264044219278679,95
1763,57.55732273028496,308.4333996023857,820.1756129887343,2097.0,1.551490291207224,2166.791915175613,Ezi_3_b2,Ezi RNAi,-0.5385708371217546,-0.24635241176962552,-3.4297570578657055,95
1764,57.12490362374711,318.6237471087124,461.82883577486507,1724.0,1.5207384507067645,3445.887432536623,Ezi_3_b2,Ezi RNAi,0.275275154553551,-0.3357236193564782,25.836111698313214,95
1765,58.11594963273872,325.97061909758656,781.0414480587618,2477.0,1.7567632165788205,2065.307450157398,Ezi_3_b2,Ezi RNAi,-0.4449296447024875,-0.21638122633588674,0.5923472531666096,95
1766,61.78445229681979,314.5941443715295,797.9994952044422,2968.0,1.8256992199393949,2032.615850580515,Ezi_3_b2,Ezi RNAi,-0.4873774188126161,-0.23853193512302706,2.695205226184141,95
1767,61.7567156614293,322.59858084135834,887.705017739483,2995.0,1.6345927227759762,1937.7551951343132,Ezi_3_b2,Ezi RNAi,-0.6879472038961392,-0.19062211872521595,-4.623596809080074,95
1768,60.99017513882956,327.63306279367794,954.3947031183255,2838.0,1.6292031664257771,2034.5450662110209,Ezi_3_b2,Ezi RNAi,-0.8371860713517814,-0.15721636943350448,-10.820318517960075,95
1769,58.91691219799647,334.4042427813789,1006.7307012374779,2123.0,1.3800410962712824,2410.7177371832645,Ezi_3_b2,Ezi RNAi,-0.9531847692384742,-0.12416793445366481,-17.111693303333947,95
1770,62.307198660714285,383.7779017857143,782.2977120535714,4622.0,1.7055459779545272,2049.1682477678573,Ezi_3_b2,Ezi RNAi,-0.431401560809232,-0.0761567166095165,5.447786128862013,95
1771,57.243647234678626,394.1935724962631,402.77204783258594,1614.0,1.397935022989676,3278.1875934230193,Ezi_3_b2,Ezi RNAi,0.4313131989789043,-0.1716918008036442,31.848756575899724,95
1772,58.183381088825215,405.25501432664754,1017.2607449856733,1205.0,1.5077419387055981,1680.942693409742,Ezi_3_b2,Ezi RNAi,-0.9558211629291448,0.050595525416267995,-17.752204792597606,95
1773,59.431484502446985,421.0399673735726,924.1590538336052,1893.0,1.9524934796124294,1801.9649265905384,Ezi_3_b2,Ezi RNAi,-0.7407344032563237,0.05915030900356455,-8.615153506212549,95
1774,59.15482573726541,430.89276139410185,895.6628686327077,2313.0,1.814675728972283,1718.9946380697052,Ezi_3_b2,Ezi RNAi,-0.6732838666412837,0.07392119987884782,-6.406920131434026,95
1775,56.63025210084034,447.79159663865545,1004.2521008403361,883.0,1.6952680283471986,1645.8756302521008,Ezi_3_b2,Ezi RNAi,-0.9134569814646571,0.14937422915212784,-17.651080234497314,95
1776,58.82114882506527,444.5182767624021,1018.0,1113.0,1.3900268272278378,1598.1566579634464,Ezi_3_b2,Ezi RNAi,-0.9459522138479612,0.14581549094476265,-16.646177618224744,95
1777,56.7807351077313,478.7414448669202,895.2332065906211,1206.0,1.7087066524003798,1928.7845373891,Ezi_3_b2,Ezi RNAi,-0.657643746313854,0.18955940905017643,-8.089577601912362,95
1778,56.145833333333336,494.71527777777777,882.9039351851852,1419.0,1.9078521834132969,1685.6145833333333,Ezi_3_b2,Ezi RNAi,-0.6248829531778295,0.22428552930188017,-7.4890337799946245,95
1779,55.88513513513514,504.9695945945946,914.0011261261261,1276.0,1.7184957559938063,1955.9222972972973,Ezi_3_b2,Ezi RNAi,-0.6921423088312169,0.2589905587164927,-10.175120625221114,95
1780,61.0796812749004,524.1306772908366,869.6151394422311,1919.0,1.4213093274008926,2141.0749003984065,Ezi_3_b2,Ezi RNAi,-0.5870237348871961,0.2911889371979539,-1.0781356148553245,95
1781,57.82686253934942,521.4784889821616,889.3410283315844,1331.0,1.4117398084042303,2016.887722980063,Ezi_3_b2,Ezi RNAi,-0.6318178215159191,0.2910706192618251,-5.982593612378192,95
1782,60.52912142152024,544.6505429417572,878.2221125370188,2781.0,1.6775523792242066,2315.984205330701,Ezi_3_b2,Ezi RNAi,-0.6002955240151493,0.34357463612491346,-2.058971020821164,95
1783,58.73779983457403,545.8411910669976,915.3531844499587,1732.0,1.630699120107017,2596.272952853598,Ezi_3_b2,Ezi RNAi,-0.683605752947081,0.3582820864042384,-6.8907256973463245,95
1784,56.657444005270094,553.4347826086956,966.4255599472991,1106.0,1.5772024453709599,2146.710144927536,Ezi_3_b2,Ezi RNAi,-0.7964999262129956,0.3929181231882166,-13.073804289970225,95
1785,58.534773801485485,558.9898717083051,926.6299797434166,2169.0,1.744280925894532,2545.8413234301147,Ezi_3_b2,Ezi RNAi,-0.7051739988231394,0.39368209343331095,-7.845245205838584,95
1786,57.61693548387097,565.2721774193549,837.1451612903226,1310.0,1.3084928442993113,2400.0625,Ezi_3_b2,Ezi RNAi,-0.5006786480322463,0.3804123274394502,-1.2935276770902857,95
1787,59.72615384615385,598.6430769230769,852.5723076923077,2069.0,1.7886325850406821,2839.070769230769,Ezi_3_b2,Ezi RNAi,-0.5260719725367761,0.4660411538790148,-0.012514478685021757,95
1788,60.072250179726815,604.146297627606,980.15672178289,4059.0,1.3731825939177256,1640.8346513299784,Ezi_3_b2,Ezi RNAi,-0.8131547967839619,0.519950598127791,-10.117152643831348,95
1789,57.705882352941174,602.1932773109244,915.0804321728691,1122.0,1.6319361731062214,2675.8511404561823,Ezi_3_b2,Ezi RNAi,-0.6660513973162998,0.49453359673515473,-7.133747640817308,95
1790,56.56993006993007,620.034965034965,850.6212121212121,1135.0,1.606840091149719,3295.876456876457,Ezi_3_b2,Ezi RNAi,-0.514699287721067,0.5171938981674156,-2.7071907753378754,95
1791,57.21739130434783,625.0418060200669,862.7608695652174,818.0,1.446807933110047,3227.9916387959865,Ezi_3_b2,Ezi RNAi,-0.5408010114695444,0.5331655201897463,-2.9955826484516104,95
1792,57.117559523809526,633.6026785714286,884.0223214285714,975.0,1.4866063553893125,3046.4508928571427,Ezi_3_b2,Ezi RNAi,-0.586341478188056,0.5606428108765025,-4.732971147945326,95
1793,58.306390977443606,634.8552631578947,909.437969924812,816.0,1.356140010733895,2670.503759398496,Ezi_3_b2,Ezi RNAi,-0.6436980662692977,0.5717527702965219,-5.627797812006502,95
1794,57.663066954643625,636.9114470842333,878.889848812095,687.0,1.727218108481678,2947.7127429805614,Ezi_3_b2,Ezi RNAi,-0.5738510593204988,0.567010922797186,-3.721224504867515,95
1795,56.62761506276151,646.0794979079498,930.0446304044631,963.0,1.423094566396475,1823.8730822873083,Ezi_3_b2,Ezi RNAi,-0.6866638667126689,0.6054754263272157,-8.848541494897368,95
1796,57.69397828232972,643.400789733465,941.3889437314906,1582.0,1.3843583868721399,1782.4432379072064,Ezi_3_b2,Ezi RNAi,-0.7133293731445745,0.6025977259952757,-8.757924253848989,95
1797,56.22828784119107,656.3300248138958,584.4615384615385,521.0,1.5140576056996133,3375.4193548387098,Ezi_3_b2,Ezi RNAi,0.09831666806544703,0.5203110484958666,19.3982838551064,95
1798,57.34188034188034,659.7920227920227,924.7407407407408,1336.0,1.5553181015497697,1605.1908831908831,Ezi_3_b2,Ezi RNAi,-0.6707273912608478,0.6369575091452502,-7.513662044286459,95
1799,56.209225700164744,665.8830313014827,555.5864909390444,855.0,1.6004083980214163,2816.6392092257,Ezi_3_b2,Ezi RNAi,0.16648602038800697,0.5342344331554654,21.890405479067798,95
1800,59.16273849607183,662.9736251402918,819.0679012345679,2408.0,1.885603051776333,1961.2390572390573,Ezi_3_b2,Ezi RNAi,-0.4310527350898846,0.6110173125610867,3.0604920095355226,95
1801,57.062913907284766,659.9900662251656,884.7715231788079,1439.0,1.8302899217065913,2416.1942604856513,Ezi_3_b2,Ezi RNAi,-0.580187451728026,0.6247200899277603,-4.492043226368664,95
1802,55.695885509838995,684.8067978533095,624.0787119856888,826.0,1.7528178017640916,3484.200357781753,Ezi_3_b2,Ezi RNAi,0.017246520881980087,0.6018141966412418,15.98531906497048,95
1803,60.12786259541985,683.720737913486,802.3638676844784,2258.0,1.6754616666829947,2244.3326972010177,Ezi_3_b2,Ezi RNAi,-0.38728248948925714,0.6558888382465493,5.68093305296195,95
1804,57.22608695652174,691.9426086956522,638.388695652174,1442.0,1.4245829334030922,3281.8034782608697,Ezi_3_b2,Ezi RNAi,-0.013301873966923616,0.6236212448198866,16.42637288934096,95
1805,60.29215456674473,184.577868852459,856.4648711943794,2103.0,1.636812385029024,2341.88056206089,Ezi_3_b2,Ezi RNAi,-0.657988425019828,-0.534464283490967,-5.37439386724154,95
1806,59.04483586869495,199.99679743795036,765.3506805444356,1830.0,1.515319155069509,2688.8446757405923,Ezi_3_b2,Ezi RNAi,-0.4470295834213678,-0.5261463085837251,1.1070718369404808,95
1807,57.38718662952646,216.04735376044567,757.4066852367688,616.0,1.6301775095265896,2753.50139275766,Ezi_3_b2,Ezi RNAi,-0.4239717360995988,-0.4898324895629794,0.32775921891519744,95
1808,59.48105181747873,214.88863109048725,880.9953596287703,1745.0,1.4455713967653558,3509.571539056458,Ezi_3_b2,Ezi RNAi,-0.7043278140503254,-0.45332302329525287,-7.795808067234525,95
1809,60.159574468085104,211.72152690863578,898.4374217772215,2036.0,1.4886650244908448,3040.525031289111,Ezi_3_b2,Ezi RNAi,-0.7448599620409592,-0.4554394337569896,-8.601268084602301,95
1810,60.46044444444444,230.9928888888889,778.416,1377.0,1.4105835440093966,3218.9564444444445,Ezi_3_b2,Ezi RNAi,-0.4676521900212002,-0.447009830085931,1.8595764291309047,95
1811,62.81861471861472,232.53939393939393,841.1411255411256,3575.0,1.3930268795581755,2867.992207792208,Ezi_3_b2,Ezi RNAi,-0.6095554250555538,-0.4233243997840497,-0.9435603281906486,95
1812,58.56193601312551,243.79655455291223,753.9114027891715,1632.0,1.5943341909185613,3208.6603773584907,Ezi_3_b2,Ezi RNAi,-0.4080455010915326,-0.42381923153728696,2.162326569204571,95
1813,62.52248475609756,243.18864329268294,989.2831554878048,3886.0,1.5763395813354055,1868.7355182926829,Ezi_3_b2,Ezi RNAi,-0.9414969745887933,-0.35041955960485227,-13.31424971530149,95
1814,59.764028776978414,244.89496402877697,964.0690647482014,939.0,1.6799494693602408,1921.0964028776978,Ezi_3_b2,Ezi RNAi,-0.883417143547196,-0.35429671875067614,-13.960128151418704,95
1815,58.56511444356748,254.2225730071034,758.8745067087608,1628.0,1.7028903947646403,2793.0205209155483,Ezi_3_b2,Ezi RNAi,-0.41617767191352395,-0.3970164976492222,1.8972311817653507,95
1816,58.51042535446205,251.56797331109257,773.7531276063386,1574.0,1.454807176441644,2971.979149291076,Ezi_3_b2,Ezi RNAi,-0.45061768642035593,-0.39870392985447645,0.5795125551044213,95
1817,58.55234657039711,258.2202166064982,731.5216606498195,1479.0,1.4151270973055416,3165.349277978339,Ezi_3_b2,Ezi RNAi,-0.35310367153672884,-0.39604877126388227,4.194865927704701,95
1818,63.37882719252725,260.2869745718734,822.063829787234,2613.0,1.669563785146595,2526.510119356513,Ezi_3_b2,Ezi RNAi,-0.5582588178716987,-0.362269310595948,1.563907518503258,95
1819,61.913002364066195,270.58486997635936,745.2018912529551,3151.0,1.6556358390412855,3046.8401891252956,Ezi_3_b2,Ezi RNAi,-0.3810242068433387,-0.36180400970799775,6.582692149148333,95
1820,61.643714689265536,273.16878531073445,992.4791666666666,3705.0,1.3459654161110128,2487.7609463276835,Ezi_3_b2,Ezi RNAi,-0.939653772634172,-0.27686643576735237,-14.0477594335843,95
1821,60.787898936170215,269.8464095744681,877.3390957446809,2137.0,1.5491945504175588,1943.2001329787233,Ezi_3_b2,Ezi RNAi,-0.6799801074776419,-0.3215366381476854,-5.448029324890307,95
1822,57.85244267198405,273.4905284147557,728.556331006979,1321.0,1.5160742567378709,3369.8853439680956,Ezi_3_b2,Ezi RNAi,-0.3417247351160587,-0.3600445997586159,3.9487117061933517,95
1823,63.16378622706727,271.4804573251795,1007.4929540015953,4621.0,1.6593423830672542,2070.9412390321722,Ezi_3_b2,Ezi RNAi,-0.9744138228020521,-0.2761834458823387,-13.794298634784592,95
1824,62.53106605624591,268.7220405493787,920.5016350555919,1961.0,1.8772234676599384,3579.5402223675605,Ezi_3_b2,Ezi RNAi,-0.778300019321105,-0.310533684662335,-7.286517139799525,95
1825,59.02202643171806,285.3455003146633,700.6651982378854,1966.0,1.5131244760406266,2193.3952171176843,Ezi_3_b2,Ezi RNAi,-0.2753250090116619,-0.34024678010725995,7.575318945745811,95
1826,58.25806451612903,298.55102040816325,856.4443712969058,2020.0,1.6722159366648954,2312.4450296247533,Ezi_3_b2,Ezi RNAi,-0.6236962322380423,-0.25872438049154767,-5.856925848485247,95
1827,59.265165728580364,290.9537210756723,898.6260162601626,1994.0,1.5214367949596355,2435.140712945591,Ezi_3_b2,Ezi RNAi,-0.7215789546588658,-0.2636885919636923,-8.435610814082576,95
1828,58.662154208357855,299.27604473219543,723.393172454385,2068.0,1.6884996109258439,2056.4632136550913,Ezi_3_b2,Ezi RNAi,-0.32253853242965647,-0.2993103912643029,5.530515758505551,95
1829,62.35863440503812,306.9065296652304,780.4988399071925,3872.0,1.7920578001856766,1945.1706993702353,Ezi_3_b2,Ezi RNAi,-0.4501768483545141,-0.2627029629820249,4.606888779810092,95
1830,58.07670850767085,318.6694560669456,804.8361227336122,2017.0,1.7803902550701813,2138.274755927476,Ezi_3_b2,Ezi RNAi,-0.5009249030271656,-0.22647298161678409,-1.5083293761736511,95
1831,60.179222058099455,365.13244707040866,801.9689807976366,2684.0,1.716193877258011,2094.2122107336286,Ezi_3_b2,Ezi RNAi,-0.48103820017459287,-0.11499196851921223,1.452253084921903,95
1832,60.61583292860612,368.98591549295776,832.3681398737251,2749.0,1.4491882260013755,2408.9742593491987,Ezi_3_b2,Ezi RNAi,-0.5487531325237414,-0.09599905928043051,-0.5680290902063381,95
1833,59.3167104111986,381.8915135608049,903.68416447944,1707.0,1.6409856574027966,2584.2397200349956,Ezi_3_b2,Ezi RNAi,-0.7060187206131286,-0.04207526972250508,-7.570536304842594,95
1834,58.71041281577326,396.39802834257546,793.0030807147258,2267.0,1.8515032483172114,2204.4380776340113,Ezi_3_b2,Ezi RNAi,-0.4511847381853409,-0.04219512416701732,1.151364708442866,95
1835,59.49632352941177,394.6829044117647,910.75,1615.0,1.7258996093216001,2463.410845588235,Ezi_3_b2,Ezi RNAi,-0.7182392845873271,-0.008882087126164784,-7.80124400030493,95
1836,60.962883654532476,411.40542469664524,949.98857958601,2107.0,1.819383828128265,2112.1184867951465,Ezi_3_b2,Ezi RNAi,-0.802327009948311,0.04405070369320874,-9.350119628979245,95
1837,58.5,463.9348591549296,994.2535211267606,972.0,1.7520319392260257,1586.6830985915492,Ezi_3_b2,Ezi RNAi,-0.8863980630338094,0.1852355452435508,-14.7446100376659,95
1838,56.977366255144034,500.4897119341564,979.3641975308642,700.0,1.5155518166221242,1657.2860082304526,Ezi_3_b2,Ezi RNAi,-0.8415617237500752,0.26894412178601423,-14.53893504602705,95
1839,57.52173913043478,554.6206896551724,938.1319340329835,1043.0,1.67331994407606,2419.6101949025488,Ezi_3_b2,Ezi RNAi,-0.7323005146357757,0.3867783860806546,-9.862634103802302,95
1840,62.887351778656125,560.9584980237154,844.9812252964427,1591.0,1.4013671305617115,2510.501976284585,Ezi_3_b2,Ezi RNAi,-0.5206969343876905,0.3724354102827452,3.253682220163298,95
1841,61.30329949238579,557.8439086294417,851.0685279187817,1059.0,1.6751263613802785,2198.244923857868,Ezi_3_b2,Ezi RNAi,-0.5350912258208467,0.3668476772207885,1.130893043708489,95
1842,62.14445628997868,570.6412579957356,943.1151385927506,2597.0,1.7439512930097556,2629.8507462686566,Ezi_3_b2,Ezi RNAi,-0.7397000242771025,0.427092175811536,-5.450287884425176,95
1843,58.7164416203336,577.2200158856235,824.6243050039714,1809.0,1.4283865481879165,1851.5949166004766,Ezi_3_b2,Ezi RNAi,-0.4690121734169699,0.4053261568061157,0.9966611077698826,95
1844,58.15009940357853,584.2176938369781,879.610337972167,1485.0,1.6796867763722847,2937.405566600398,Ezi_3_b2,Ezi RNAi,-0.5912274095872005,0.43975597629266105,-4.0085935139345885,95
1845,59.61177753544166,587.0272628135224,937.990185387132,1246.0,1.485767818438647,2392.762268266085,Ezi_3_b2,Ezi RNAi,-0.7227530245075724,0.46512027712556225,-7.329560402449143,95
1846,58.120767494356656,593.1072234762979,895.0801354401806,1209.0,1.5886099725498373,1802.5959367945825,Ezi_3_b2,Ezi RNAi,-0.6235804942764164,0.4661849940639602,-5.193545786248357,95
1847,57.74702380952381,601.8849206349206,822.8799603174604,1649.0,1.6473996728307851,2191.280753968254,Ezi_3_b2,Ezi RNAi,-0.45755333287347966,0.4644487751403552,0.508387052586555,95
1848,61.47040302267003,601.1001259445844,962.1045340050377,2207.0,1.7190111003408886,1692.9023929471032,Ezi_3_b2,Ezi RNAi,-0.7734852759644661,0.5068276539730574,-7.276061086838647,95
1849,57.51497005988024,608.248502994012,899.6766467065868,951.0,1.694449340114524,2096.8982035928143,Ezi_3_b2,Ezi RNAi,-0.629366061902175,0.5042825936944513,-5.971420663225356,95
1850,60.83265154332466,613.89178133135,789.6913350687988,3348.0,1.9675976749772486,2639.9245072517665,Ezi_3_b2,Ezi RNAi,-0.37948981761426703,0.48291587572579164,6.483361129526661,95
1851,63.862614195361914,614.400562192551,842.4465917076599,4370.0,1.5363743439818691,3342.9307800421643,Ezi_3_b2,Ezi RNAi,-0.49927366257530403,0.5009139255657549,5.158000353861896,95
1852,62.63267070008643,638.6866897147796,1017.1158167675021,3488.0,1.3849492429593604,1670.6624891961972,Ezi_3_b2,Ezi RNAi,-0.8870016587844077,0.6152573638993408,-10.146785089758348,95
1853,59.879120879120876,650.9989010989011,991.410989010989,1510.0,1.6588651816223523,1813.9824175824176,Ezi_3_b2,Ezi RNAi,-0.824661938283112,0.6368826553106735,-10.603733217812373,95
1854,59.0130340333092,653.1643736422882,956.8291093410572,1948.0,1.5793962893716464,2188.6408399710353,Ezi_3_b2,Ezi RNAi,-0.745613734387781,0.6311231030132232,-8.5849324122249,95
1855,60.370632911392406,665.7189873417722,780.3918987341772,2744.0,1.3272856988807005,1937.939240506329,Ezi_3_b2,Ezi RNAi,-0.3429663611197331,0.6053443825894025,7.491575673378339,95
1856,57.112554112554115,679.9567099567099,616.1255411255411,571.0,1.6493246278665272,3183.4632034632036,Ezi_3_b2,Ezi RNAi,0.033528266146308994,0.5875404970267131,17.987409235240513,95
1857,58.8135874067937,684.2999171499586,650.864125932063,1604.0,1.597333407993877,3096.7754763877383,Ezi_3_b2,Ezi RNAi,-0.044100750303632474,0.6090907970049986,16.875808604111857,95
1858,59.26255707762557,176.13698630136986,912.3036529680365,659.0,1.430561931046275,2547.296803652968,Ezi_3_b2,Ezi RNAi,-0.7866304758959592,-0.5371103209408352,-11.120600294868991,95
1859,61.496688741721854,189.92775436484047,918.1709813365443,2501.0,1.9039428803947809,1892.4118001204095,Ezi_3_b2,Ezi RNAi,-0.7962356751266726,-0.5018941342497139,-9.191591255179853,95
1860,59.83597122302158,191.54676258992805,950.221582733813,1046.0,1.707919478601977,1655.5194244604318,Ezi_3_b2,Ezi RNAi,-0.8679494100311218,-0.4877678377645842,-13.468329471094517,95
1861,61.88212334113973,195.6814988290398,852.0952380952381,1900.0,1.5209391824904235,2348.0843091334896,Ezi_3_b2,Ezi RNAi,-0.6451081697104633,-0.509002280281122,-3.2792535794265874,95
1862,61.99155524278677,205.09781843771992,848.0844475721323,1825.0,1.4707362355813431,3020.2061928219564,Ezi_3_b2,Ezi RNAi,-0.6332577583832293,-0.4874985137782243,-2.711907916878337,95
1863,66.86596009975062,199.04332917705736,944.0617206982544,5056.0,1.704350971411483,2036.7933291770573,Ezi_3_b2,Ezi RNAi,-0.853131124096267,-0.47163747899143116,-5.853363268566564,95
1864,60.83741007194244,225.72374100719423,736.2884892086331,1932.0,1.3584089306491665,2692.458273381295,Ezi_3_b2,Ezi RNAi,-0.37397881493032226,-0.4731649810031242,5.638857882766494,95
1865,59.944134078212294,230.9537110933759,853.878691141261,1619.0,1.4837634156216908,1890.1596169193936,Ezi_3_b2,Ezi RNAi,-0.6382944535270502,-0.4230887202770971,-4.880124421683995,95
1866,62.01994497936726,223.7503438789546,902.5646492434663,1961.0,1.7513910936637889,1964.7138927097662,Ezi_3_b2,Ezi RNAi,-0.7509801942761797,-0.42503717203437485,-6.925026858303157,95
1867,60.65839243498818,229.1193853427896,914.7174940898345,1338.0,1.5024970880599442,1715.7222222222222,Ezi_3_b2,Ezi RNAi,-0.7766198120295164,-0.4081719843447269,-9.211586452645603,95
1868,58.28108108108108,263.9,747.1851351351352,1052.0,1.545342789826765,3436.491891891892,Ezi_3_b2,Ezi RNAi,-0.38680213489529514,-0.37732182692866945,2.709403668987946,95
1869,59.5926517571885,269.26837060702877,705.4273162939297,1723.0,1.5023478225318072,2728.711661341853,Ezi_3_b2,Ezi RNAi,-0.29098400115092715,-0.37763028300468393,7.533514779685977,95
1870,62.21720561317877,272.04148871262964,827.6430750457596,2102.0,1.2822511608886995,3372.535692495424,Ezi_3_b2,Ezi RNAi,-0.5671674881432923,-0.33204891507482825,0.10524779699836584,95
1871,59.44414414414415,288.0126126126126,489.3945945945946,1671.0,1.6239615998512302,2920.198198198198,Ezi_3_b2,Ezi RNAi,0.2033724408532358,-0.401024171841192,25.459073015962773,95
1872,58.22351885098743,297.4093357271095,504.778276481149,1360.0,1.3556845481395967,3026.181328545781,Ezi_3_b2,Ezi RNAi,0.17159276090624132,-0.3733877419289231,23.10096539831201,95
1873,59.40397857689365,300.7880642693191,795.0397857689364,1943.0,1.8183560982753364,2444.6824789594493,Ezi_3_b2,Ezi RNAi,-0.4843270688643867,-0.27285899564614324,0.3803191851741934,95
1874,59.9327251995439,312.7662485746864,845.2331812998859,2285.0,1.706076507882849,2031.1128848346636,Ezi_3_b2,Ezi RNAi,-0.5944292785695905,-0.22791210742160262,-3.0709339104423483,95
1875,60.65212527964206,309.05648769574947,871.6403803131991,2392.0,1.694280200621685,2955.4720357941833,Ezi_3_b2,Ezi RNAi,-0.6554134831347684,-0.22848888223288844,-4.582509406198912,95
1876,62.92915811088296,323.4214579055442,995.055954825462,2433.0,1.5047628489977796,2308.3947638603695,Ezi_3_b2,Ezi RNAi,-0.9308015344087184,-0.15447950591883153,-12.299141903478308,95
1877,60.41662049861496,332.2786703601108,935.404432132964,2268.0,1.5557065303084945,1829.6182825484764,Ezi_3_b2,Ezi RNAi,-0.7927320820482857,-0.1520163736183192,-9.76253811920845,95
1878,59.24841863139736,349.15353651523867,785.2880966072455,2116.0,1.5408218924746797,1900.6302472685452,Ezi_3_b2,Ezi RNAi,-0.4478673856283416,-0.15895130547039127,1.684366456780026,95
1879,60.99679487179487,349.85737179487177,806.4342948717949,2316.0,1.64330180554347,1992.0219017094016,Ezi_3_b2,Ezi RNAi,-0.495834679648678,-0.15053113079857272,1.6918711884173288,95
1880,63.89753504108265,363.17158047365876,789.5084581923635,2567.0,1.6665664663712936,2000.2672788786854,Ezi_3_b2,Ezi RNAi,-0.45414092987954136,-0.12372509812372356,6.158837617224094,95
1881,62.34756928668787,368.5056792367106,870.9023171285779,3137.0,1.925554035072102,2330.5565651976376,Ezi_3_b2,Ezi RNAi,-0.6364081462270637,-0.08491045557371468,-2.0274104005735163,95
1882,61.65008675534991,381.02197802197804,939.1735106998265,2666.0,1.370532604171414,2345.1486408328515,Ezi_3_b2,Ezi RNAi,-0.7870157484016518,-0.03290129219007343,-8.184494793526712,95
1883,59.34093264248705,395.860103626943,925.0476683937824,1434.0,1.5940668719623965,2492.0663212435234,Ezi_3_b2,Ezi RNAi,-0.750207399068601,-0.0014835229098264513,-9.119523658383875,95
1884,59.456626506024094,407.7120481927711,855.333734939759,1086.0,1.4160959725247082,1721.1807228915663,Ezi_3_b2,Ezi RNAi,-0.5889856010352601,0.005005667955979343,-3.0933347965701703,95
1885,56.960244648318046,433.96024464831805,945.6085626911315,560.0,1.8751167140791194,2361.422018348624,Ezi_3_b2,Ezi RNAi,-0.7849516622458645,0.09724953639524747,-12.67215371393296,95
1886,61.479802143446,430.87716405605937,941.4633140972795,1702.0,1.8841686075780995,1860.8507831821928,Ezi_3_b2,Ezi RNAi,-0.7773538054265683,0.0884421814519114,-7.868218577164814,95
1887,58.63914780292943,483.38748335552594,952.1251664447403,1019.0,1.4944089212108485,1733.705725699068,Ezi_3_b2,Ezi RNAi,-0.7853334742883015,0.21889060746369826,-10.86760891832428,95
1888,60.17456896551724,487.1034482758621,915.9375,1550.0,1.629883009505319,1674.9224137931035,Ezi_3_b2,Ezi RNAi,-0.7026511318201805,0.2163555007686968,-6.302261218569914,95
1889,59.359693877551024,561.8137755102041,810.4574829931972,1640.0,1.937444885269185,1653.203231292517,Ezi_3_b2,Ezi RNAi,-0.44166027823612997,0.3635419875195194,2.5976963917174327,95
1890,60.12106537530266,584.0363196125908,867.138014527845,1146.0,1.425595898317758,2524.871670702179,Ezi_3_b2,Ezi RNAi,-0.5634405405403807,0.43533558251956594,-1.0181799512159873,95
1891,59.08179419525066,602.9445910290237,888.6781002638522,525.0,1.416060806569427,2042.1609498680739,Ezi_3_b2,Ezi RNAi,-0.6063578922764375,0.487940935939535,-3.5746405298837134,95
1892,61.54357592093441,615.9955076370171,983.0053908355795,1430.0,1.6087949481197374,2214.941599281222,Ezi_3_b2,Ezi RNAi,-0.8163612993471576,0.5495140353821608,-8.725561751513775,95
1893,58.933655006031366,644.8468033775633,790.8492159227985,1364.0,1.9694751774101593,3121.650180940893,Ezi_3_b2,Ezi RNAi,-0.37255070213885444,0.5581856226373134,4.914510145132512,95
1894,58.69816513761468,651.0816513761467,974.6559633027523,1390.0,1.4576769518197263,1620.302752293578,Ezi_3_b2,Ezi RNAi,-0.7865042770512276,0.6317590398200761,-10.397369274524435,95
1895,60.16010498687664,652.7139107611548,764.0734908136483,1395.0,1.4623587407411074,2408.6517935258094,Ezi_3_b2,Ezi RNAi,-0.3098700202238982,0.5686902308634765,8.451798305559176,95
1896,60.0063025210084,655.6512605042017,836.0850840336135,1494.0,1.6440366745671013,2742.2321428571427,Ezi_3_b2,Ezi RNAi,-0.4718895501635997,0.5987118817777712,2.398296763478272,95
1897,59.606770833333336,665.6336805555555,796.0060763888889,1662.0,1.6647753766058013,1676.8055555555557,Ezi_3_b2,Ezi RNAi,-0.3781716221377356,0.6101114765038309,5.441270479875069,95
1898,59.316491897044806,665.979980934223,983.9599618684462,1539.0,1.455694695555683,1616.2221163012393,Ezi_3_b2,Ezi RNAi,-0.8032465857471078,0.6707588312551322,-10.346997705353349,95
1899,59.199292452830186,679.2122641509434,859.0731132075472,1229.0,1.635059616301638,1620.5389150943397,Ezi_3_b2,Ezi RNAi,-0.5167450807122569,0.6630327313540667,0.016828082714933856,95
1900,60.16707218167072,688.816707218167,625.9383617193836,1516.0,1.4708593620384152,3450.1443633414437,Ezi_3_b2,Ezi RNAi,0.013374973422141112,0.612077880096382,20.34173970637579,95
1901,60.308398950131235,700.1811023622047,836.0971128608924,1176.0,1.5244745449686976,1699.4409448818897,Ezi_3_b2,Ezi RNAi,-0.45874660066782524,0.7064439697409819,3.301102651604735,95
1902,61.71518987341772,191.8259493670886,817.6677215189874,1215.0,1.5262308299786407,2065.899789029536,Ezi_3_b2,Ezi RNAi,-0.5683315525970134,-0.5292838223408509,-0.6579801267135332,95
1903,62.218822170900694,194.34353348729792,874.8290993071594,2169.0,1.3089212883674466,2350.5,Ezi_3_b2,Ezi RNAi,-0.6970039112623732,-0.5050073877915247,-4.837084724034964,95
1904,64.5703732503888,202.45800933125972,835.2286158631415,3146.0,1.3322458173874567,2871.4852255054434,Ezi_3_b2,Ezi RNAi,-0.6054498143703242,-0.49799255276795906,0.8825871280482884,95
1905,60.065693430656935,217.50770478507704,836.6682887266829,1574.0,1.479013609884886,2884.8167072181673,Ezi_3_b2,Ezi RNAi,-0.6033745473157077,-0.4610956075020649,-3.521367526225431,95
1906,60.03972194637537,229.038728897716,760.6881827209534,1365.0,1.4020381263942796,3388.1171797418074,Ezi_3_b2,Ezi RNAi,-0.42804417376235027,-0.4573758102259695,2.8761835753263676,95
1907,59.08156028368794,237.9964539007092,768.6524822695036,520.0,1.8770180817505295,3431.0070921985816,Ezi_3_b2,Ezi RNAi,-0.44321860687350967,-0.43316402894770756,1.3856789636994291,95
1908,65.72292993630573,237.00477707006368,774.3604033970277,3136.0,1.4796372043697419,3277.2611464968154,Ezi_3_b2,Ezi RNAi,-0.4576975596529368,-0.43379021200434964,7.51955450593228,95
1909,61.59414556962025,252.5110759493671,879.2254746835443,1846.0,1.5195128606318258,1784.75,Ezi_3_b2,Ezi RNAi,-0.6895517649228651,-0.36288069911050136,-5.034857751892506,95
1910,62.46505190311419,254.83460207612455,792.356401384083,1776.0,1.5147312937973847,3205.292041522491,Ezi_3_b2,Ezi RNAi,-0.49249256168045763,-0.38490719531473694,3.029993794601739,95
1911,64.16175156389633,254.2408400357462,937.2287756925826,3127.0,1.5083336019687013,1859.4986595174262,Ezi_3_b2,Ezi RNAi,-0.8207578096872263,-0.3402557827633189,-7.237323511202852,95
1912,63.161130391670795,257.53891918691124,987.9692612791274,2844.0,1.5212661194382844,2410.2181457610313,Ezi_3_b2,Ezi RNAi,-0.9343836866901913,-0.3161244520012265,-12.375214109762437,95
1913,62.63112547119009,264.0877759827679,722.437802907916,2816.0,1.3824496137473277,2957.4340333871837,Ezi_3_b2,Ezi RNAi,-0.3315893469813461,-0.384770616538315,9.088091047926222,95
1914,59.575268817204304,263.04659498207883,771.1057347670251,1050.0,1.6910627643427703,3096.2795698924733,Ezi_3_b2,Ezi RNAi,-0.4414220302384537,-0.37178326721563126,2.014379370823099,95
1915,62.57508731082654,262.37951105937134,763.1816065192083,2153.0,1.3987140959794353,3073.5646100116414,Ezi_3_b2,Ezi RNAi,-0.42426627042087417,-0.37593818702694093,5.648304577398708,95
1916,59.90260285474391,275.15617128463475,504.8816120906801,1496.0,1.5303699238121702,3282.2921914357685,Ezi_3_b2,Ezi RNAi,0.16442725632790034,-0.427202485642479,24.464428858950523,95
1917,63.2388178913738,279.392571884984,720.5335463258785,3204.0,1.4317285451402715,2003.0950479233227,Ezi_3_b2,Ezi RNAi,-0.3228509330646735,-0.34835390988084014,10.057899248573616,95
1918,63.27328348062542,280.82324949014276,915.0373895309314,1848.0,1.4661967472673272,2223.821889870836,Ezi_3_b2,Ezi RNAi,-0.7624847515340484,-0.28300103718513103,-5.932367027933575,95
1919,60.15064102564103,283.9173076923077,799.5211538461539,2292.0,1.5689354070713082,2140.8871794871793,Ezi_3_b2,Ezi RNAi,-0.4996203138663007,-0.31225298949281866,0.5263516020069474,95
1920,60.6521987435751,286.67275842375784,818.0296973158195,2468.0,1.7272657860876652,2538.1679040548256,Ezi_3_b2,Ezi RNAi,-0.540772106687627,-0.29970055847797117,-0.46325641728579514,95
1921,62.81572580645161,289.5237903225806,756.8834677419355,3687.0,1.6846440350500327,2565.972580645161,Ezi_3_b2,Ezi RNAi,-0.4019997473600694,-0.3122741914290129,6.775040271548462,95
1922,61.1787072243346,288.08998732572877,837.1147021546261,2124.0,1.7785022751038915,2885.9125475285173,Ezi_3_b2,Ezi RNAi,-0.5836304088820817,-0.29020239350756605,-1.4936656430875237,95
1923,61.27018633540373,293.7608695652174,918.1310559006212,1956.0,1.7169288825469269,3026.5714285714284,Ezi_3_b2,Ezi RNAi,-0.7652575270164328,-0.2507038073127045,-8.00851558872455,95
1924,60.782657031684266,303.1545302946081,754.3818788215675,2653.0,1.9978226108525818,2220.1801000555865,Ezi_3_b2,Ezi RNAi,-0.3919019929122133,-0.280080345952319,5.139941145829434,95
1925,61.913218390804595,310.34655172413795,939.9557471264368,2183.0,1.503869904717516,2241.42816091954,Ezi_3_b2,Ezi RNAi,-0.8098305679988649,-0.20363786229478775,-8.943475482810097,95
1926,61.6140350877193,321.2208106473079,832.4688445251059,2109.0,1.444114312869741,2554.3430127041743,Ezi_3_b2,Ezi RNAi,-0.5633609575830558,-0.2115307690926388,-0.22817887610372933,95
1927,60.15650080256822,327.54574638844304,468.061797752809,1522.0,1.5433357432439032,3297.861155698234,Ezi_3_b2,Ezi RNAi,0.26324386096617003,-0.3121752114760524,28.463731425684493,95
1928,60.46952908587257,335.8074792243767,898.3850415512466,1860.0,1.6167871046589088,2875.9016620498614,Ezi_3_b2,Ezi RNAi,-0.7079399930304554,-0.15525925127655205,-6.608441742977142,95
1929,59.89700598802395,336.62874251497004,415.40479041916166,1254.0,1.513301178798574,1780.7293413173652,Ezi_3_b2,Ezi RNAi,0.38512471838813944,-0.30695485881940665,32.67159473831921,95
1930,60.27308066083576,339.8095238095238,443.357628765792,1544.0,1.787319231721733,3435.7755102040815,Ezi_3_b2,Ezi RNAi,0.32275618060731515,-0.2903674032096146,30.783671573755544,95
1931,59.59160696008188,379.27840327533266,402.84646878198566,1385.0,1.6121372604534994,3611.4738996929377,Ezi_3_b2,Ezi RNAi,0.4262649607274953,-0.20776743077280557,33.980467524242414,95
1932,60.14823008849557,394.226401179941,837.4343657817109,2137.0,1.894071982362653,2221.4166666666665,Ezi_3_b2,Ezi RNAi,-0.5526277841291621,-0.03332007150381544,-1.1102346883202268,95
1933,60.56132596685083,403.307182320442,876.9049723756906,1338.0,1.6584574299330352,1774.8397790055249,Ezi_3_b2,Ezi RNAi,-0.6393089577441216,0.0012059032018045812,-3.831465923259543,95
1934,59.32017543859649,413.2785087719298,938.5197368421053,989.0,1.9123320094217922,2401.4583333333335,Ezi_3_b2,Ezi RNAi,-0.7755088198769904,0.04494350603249275,-10.015697758898437,95
1935,58.954081632653065,427.23214285714283,990.8801020408164,637.0,1.6841748498104971,1732.1989795918366,Ezi_3_b2,Ezi RNAi,-0.8897556398976862,0.09536493883987984,-14.510665873586372,95
1936,60.454995054401586,439.0,927.7309594460929,1522.0,1.443352820046511,1933.7220573689417,Ezi_3_b2,Ezi RNAi,-0.7436762386475011,0.10373060521608468,-7.646751434229499,95
1937,60.382494004796165,498.22062350119904,932.7817745803358,1158.0,1.4306115513558566,1647.7709832134292,Ezi_3_b2,Ezi RNAi,-0.7374975304024782,0.24860963713275108,-7.334009383430647,95
1938,62.14811972371451,519.216423637759,927.1358403683806,1835.0,1.6234174788301396,1977.8756715272448,Ezi_3_b2,Ezi RNAi,-0.7188247813963553,0.29759631664615194,-4.8246479800692885,95
1939,61.75745909528393,531.2358036573628,945.4966313763234,1469.0,1.6205139106042044,2507.9672762271416,Ezi_3_b2,Ezi RNAi,-0.7567196755831637,0.33251960647348255,-6.56576701047069,95
1940,59.25889967637541,558.1779935275081,889.200647249191,983.0,1.7635750255926113,2654.564724919094,Ezi_3_b2,Ezi RNAi,-0.6208722915237046,0.3798030477639407,-4.047221727315599,95
1941,58.98447606727038,602.4825355756792,863.6739974126779,1071.0,1.5571730255279577,3271.27425614489,Ezi_3_b2,Ezi RNAi,-0.5499063848643906,0.4788673248850055,-1.6153669581503651,95
1942,59.88254810882548,617.2169873921699,807.9336429993365,1983.0,1.7057915794641776,2783.384207033842,Ezi_3_b2,Ezi RNAi,-0.4195923002683529,0.4967714570805044,4.076845561394664,95
1943,59.69347496206373,618.1456752655539,828.2807283763277,979.0,1.4715953984906731,2469.48406676783,Ezi_3_b2,Ezi RNAi,-0.4653142034355784,0.5054939702600656,2.222641311863352,95
1944,61.49556313993174,625.7119453924914,879.5726962457338,2043.0,1.332055639059689,3009.178156996587,Ezi_3_b2,Ezi RNAi,-0.579456061422787,0.5401084595848626,-0.1100641794036874,95
1945,60.732447817836814,622.5170777988615,939.0464895635673,1423.0,1.5896326686332216,2236.7030360531307,Ezi_3_b2,Ezi RNAi,-0.7148146969336221,0.5513089467550825,-5.819550699664433,95
1946,59.43805668016194,638.361943319838,775.5481781376518,1608.0,1.545143196366854,2678.302024291498,Ezi_3_b2,Ezi RNAi,-0.33995598437277386,0.5376247791505944,6.5914988937377945,95
1947,60.477516059957175,634.7558886509636,917.2997858672377,947.0,1.7509327153531504,3066.188436830835,Ezi_3_b2,Ezi RNAi,-0.6619297911815281,0.5739998542042672,-4.1141114181971545,95
1948,60.16035634743875,647.2928730512249,851.1236080178173,1205.0,1.5102428649999882,1928.2650334075724,Ezi_3_b2,Ezi RNAi,-0.5084256272141576,0.583274900515224,1.1981937704301975,95
1949,61.766862170087975,657.6708211143695,854.0850439882698,1879.0,1.4811747346149255,1773.2895894428152,Ezi_3_b2,Ezi RNAi,-0.5123501695720434,0.6093139418109939,2.6952747758888234,95
1950,63.81515957446808,650.1285460992908,787.1950354609929,3163.0,1.477719818427353,2951.386081560284,Ezi_3_b2,Ezi RNAi,-0.36364825933898093,0.5697690304341392,10.151845857077106,95
1951,60.47100873709293,666.7116759332804,575.5750595710882,1609.0,1.5318213468675645,3556.9761715647337,Ezi_3_b2,Ezi RNAi,0.12069402027629517,0.5425718000645927,24.49969913570464,95
1952,59.351941747572816,672.0655339805825,450.06796116504853,638.0,1.701805006526062,1633.4587378640776,Ezi_3_b2,Ezi RNAi,0.4064501168743748,0.5155947395253,33.80968312768831,95
1953,63.27100073046019,169.7991234477721,873.6625273922572,1920.0,1.7189722019829634,1766.2629656683712,Ezi_3_b2,Ezi RNAi,-0.7018570325600434,-0.5647653003868509,-4.024596681629474,95
1954,61.036458333333336,185.546875,896.3958333333334,586.0,1.5358215088219067,2772.875,Ezi_3_b2,Ezi RNAi,-0.7481841566920471,-0.5194186509259817,-7.9133510988287625,95
1955,62.626064178127045,194.16633922724296,794.9600523903077,2013.0,1.5237470923991177,1934.0766208251473,Ezi_3_b2,Ezi RNAi,-0.5164359652140269,-0.530853370801377,2.1544663295986846,95
1956,63.68826960466623,199.49254698639015,920.6377187297472,2113.0,1.496968997363274,2089.256642903435,Ezi_3_b2,Ezi RNAi,-0.799394480328866,-0.47798357637645805,-7.081683715375155,95
1957,61.67332820906994,209.54112221368177,744.4319754035357,1781.0,1.525437168586645,2388.248270561107,Ezi_3_b2,Ezi RNAi,-0.39737002116247944,-0.5097294575695142,5.581072314811475,95
1958,62.09808612440192,205.78708133971293,948.444976076555,658.0,1.5187431251011305,1782.956937799043,Ezi_3_b2,Ezi RNAi,-0.8601325171393207,-0.45389657395065086,-10.87482712971774,95
1959,61.257936507936506,212.15674603174602,789.8501984126984,1349.0,1.5599438512400796,2928.1626984126983,Ezi_3_b2,Ezi RNAi,-0.49926931730699764,-0.4889465606478257,1.4561410511295916,95
1960,63.87732342007435,208.53438661710038,875.5576208178438,1600.0,1.4615307419731605,2622.736059479554,Ezi_3_b2,Ezi RNAi,-0.6947539230251956,-0.47045471639022585,-3.052392814788118,95
1961,65.5176322418136,214.83081444164569,863.9433249370277,3041.0,1.513155962172968,2457.816120906801,Ezi_3_b2,Ezi RNAi,-0.6669207420064869,-0.45892829775958444,-0.3745710630777115,95
1962,63.3284717818643,211.50602409638554,959.9017121116043,1983.0,1.8498806662231202,2044.1655041217502,Ezi_3_b2,Ezi RNAi,-0.8845891601634351,-0.43642328772442707,-10.51636369738053,95
1963,63.012202954399484,229.97944765574823,931.7604367373153,1990.0,1.5499722804860732,1963.086705202312,Ezi_3_b2,Ezi RNAi,-0.8153731765465232,-0.40068347362297263,-8.260187670733016,95
1964,62.51686166551961,237.6207845836201,708.0791465932554,1906.0,1.4889612249183997,2063.518238128011,Ezi_3_b2,Ezi RNAi,-0.30694420559110736,-0.4533699595028402,9.800366099458886,95
1965,64.27063890882987,239.2483847810481,895.3646805455851,1797.0,1.5578095268637167,2761.5197415649677,Ezi_3_b2,Ezi RNAi,-0.7305174978576204,-0.3898487846167502,-3.8785257570197595,95
1966,66.23717623158964,234.52767902488574,874.5774504824784,3408.0,1.9047769727882395,3037.38344337227,Ezi_3_b2,Ezi RNAi,-0.6852662953873667,-0.4078969070224542,-0.2681009695868246,95
1967,62.56877022653722,245.9101941747573,819.8300970873786,1581.0,1.6175047356526309,3190.418284789644,Ezi_3_b2,Ezi RNAi,-0.557320912463149,-0.3977562907650869,0.7463336935696578,95
1968,60.99583766909469,253.13111342351718,852.5223725286161,1313.0,1.4339146698316942,2538.684703433923,Ezi_3_b2,Ezi RNAi,-0.6288390930892969,-0.36987378294517337,-3.420028506089504,95
1969,62.90824129141886,252.72557349192863,922.6083262531861,1745.0,1.4554552562902217,1830.8810535259133,Ezi_3_b2,Ezi RNAi,-0.7878903112388798,-0.3485657472866618,-7.3009651562089655,95
1970,63.13227146814405,256.18005540166206,807.0921052631579,2005.0,1.587125309362618,2903.6184210526317,Ezi_3_b2,Ezi RNAi,-0.5255590961610392,-0.37696755812745875,2.497591051130305,95
1971,62.658018867924525,276.60298742138366,897.184748427673,1864.0,1.6673945681626188,1678.5141509433963,Ezi_3_b2,Ezi RNAi,-0.723230275833884,-0.2988878070490457,-5.129998952302104,95
1972,60.954828660436135,286.2873831775701,516.0163551401869,1620.0,1.5171744409923498,3077.5194704049845,Ezi_3_b2,Ezi RNAi,0.14234094473293757,-0.3967366931474855,24.74517693046794,95
1973,62.84563345633456,281.8542435424354,787.8437884378844,2120.0,1.7509426692408407,2312.991389913899,Ezi_3_b2,Ezi RNAi,-0.47432947136493386,-0.3209774851581688,4.147213568687777,95
1974,62.45850999394307,291.9521502119927,773.7116898849182,2425.0,1.3756636332780283,2134.1193216232587,Ezi_3_b2,Ezi RNAi,-0.4392827951073609,-0.3010421685210082,5.063840835922429,95
1975,63.01590744757773,295.22198120028924,986.0383224873464,1629.0,1.707933636097185,1834.1460592913954,Ezi_3_b2,Ezi RNAi,-0.9187932155088128,-0.22557199525690563,-11.850571601336647,95
1976,62.45474985947161,331.3293985385048,847.469926925239,2418.0,1.837442633663132,2275.8442945474985,Ezi_3_b2,Ezi RNAi,-0.5944579234817633,-0.18230732813364114,-0.490965418546605,95
1977,64.85510996119017,332.4954721862872,874.480595084088,2291.0,1.600668305226614,1773.6196636481243,Ezi_3_b2,Ezi RNAi,-0.6556806170676918,-0.1709070240956745,-0.3112423982400512,95
1978,62.11731843575419,342.01843575418997,855.7731843575419,2224.0,1.8652453317281774,2051.95530726257,Ezi_3_b2,Ezi RNAi,-0.6100036786844183,-0.15380320610083043,-1.367436552919444,95
1979,62.04734740444952,359.80376497432974,921.6930975470622,2516.0,1.308199510211302,2096.4609241300627,Ezi_3_b2,Ezi RNAi,-0.753846503718551,-0.08979905365467289,-6.633934314996413,95
1980,63.267857142857146,357.7173645320197,855.7703201970444,1963.0,1.6652796415959832,1707.6908866995075,Ezi_3_b2,Ezi RNAi,-0.6055538128962398,-0.11583149135260296,-0.008186444901129963,95
1981,59.39473684210526,380.4166666666667,850.671052631579,757.0,1.975761267290577,2432.5986842105262,Ezi_3_b2,Ezi RNAi,-0.5865330663688009,-0.06251282875924458,-3.139870786054491,95
1982,62.36205316223648,444.6012832263978,966.6324472960587,1939.0,1.7485067512913741,1866.4903758020164,Ezi_3_b2,Ezi RNAi,-0.8303892438289323,0.12964785370840026,-8.879402954402874,95
1983,60.115492957746476,454.45915492957744,934.2225352112677,511.0,1.6964672044220017,2075.2591549295776,Ezi_3_b2,Ezi RNAi,-0.7537057834884524,0.1431985149692232,-8.311277746900632,95
1984,62.325581395348834,460.87348837209305,883.7832558139535,1672.0,1.5374161669540678,1710.1051162790698,Ezi_3_b2,Ezi RNAi,-0.6381075978876456,0.14265220198994544,-1.861530359686033,95
1985,60.42809734513274,467.5763274336283,949.79203539823,1181.0,1.5358271702615072,1725.1847345132744,Ezi_3_b2,Ezi RNAi,-0.7850939989910554,0.1798848871085288,-9.106488906341916,95
1986,61.633193863319384,476.54114365411436,988.1018131101813,1144.0,1.3172760177144334,1623.6331938633193,Ezi_3_b2,Ezi RNAi,-0.8693348401984028,0.2137557636426568,-10.944308100321878,95
1987,61.923817863397545,539.7513134851139,931.7793345008756,1673.0,1.490682468042702,2093.6287215411558,Ezi_3_b2,Ezi RNAi,-0.7231874124597246,0.3487550406770257,-5.153229614647047,95
1988,61.71321695760599,551.5577722360765,905.744804655029,1694.0,1.6105339537851886,2632.556109725686,Ezi_3_b2,Ezi RNAi,-0.6607384953485821,0.3690352743554868,-3.055778416425415,95
1989,62.493354182955436,570.6802189210321,912.3854573885849,1821.0,1.580729391787088,2679.1188428459736,Ezi_3_b2,Ezi RNAi,-0.6702313055371942,0.417405852450357,-2.56729418005596,95
1990,61.023633677991135,575.943870014771,801.6004431314624,1837.0,1.694136157722696,1876.314623338257,Ezi_3_b2,Ezi RNAi,-0.4177426738575051,0.3948974680120112,5.177666554754837,95
1991,60.21221864951769,587.91961414791,909.2379421221865,911.0,1.5095635602859514,1979.8649517684887,Ezi_3_b2,Ezi RNAi,-0.6575527460904368,0.45812613328885554,-4.347464566383905,95
1992,61.57852882703777,588.39662027833,985.8389662027834,1538.0,1.7674290876384318,2107.057654075547,Ezi_3_b2,Ezi RNAi,-0.8309772432102529,0.48364597945814247,-9.29804380826772,95
1993,64.46893695352048,589.4008283479061,836.2190520018407,3170.0,1.5659312803717162,2400.109065807639,Ezi_3_b2,Ezi RNAi,-0.49272663583827536,0.4384469448665076,5.937492140251665,95
1994,62.69135802469136,592.1957671957672,821.7186948853615,1690.0,1.6140754674118472,1901.05291005291,Ezi_3_b2,Ezi RNAi,-0.45875019595825184,0.4406062135514657,5.400053168566906,95
1995,61.72727272727273,601.7583732057416,805.2703349282297,1693.0,1.74423227055135,2622.1491228070176,Ezi_3_b2,Ezi RNAi,-0.41851176601336637,0.4585132070559348,5.925552686564356,95
1996,63.34202294056308,616.5860271115746,1004.5344108446299,2423.0,1.463332983725428,1717.051094890511,Ezi_3_b2,Ezi RNAi,-0.8652379430204542,0.5577815559801043,-8.701273023050328,95
1997,62.203804347826086,612.6875,880.1567028985507,1473.0,1.3308904881092019,3443.6621376811595,Ezi_3_b2,Ezi RNAi,-0.5847818521804358,0.5087798708739524,0.37122580853943044,95
1998,61.956296296296294,618.5244444444445,921.0755555555555,1804.0,1.4349819970277211,2302.194814814815,Ezi_3_b2,Ezi RNAi,-0.6755768153422425,0.5359232374338425,-3.1716672061881273,95
1999,61.24481737413623,628.3622902270483,990.1520236920039,1365.0,1.53067327384921,2399.081934846989,Ezi_3_b2,Ezi RNAi,-0.8287992775177022,0.5817088013421599,-9.44537915477391,95
2000,61.620276497695855,630.5271889400922,865.916129032258,1524.0,1.5393094583767775,3353.7907834101384,Ezi_3_b2,Ezi RNAi,-0.5471524226991239,0.5474115034072105,1.205877112766771,95
2001,61.65205959684487,633.4180543382997,851.9211218229623,1475.0,1.6672023293736866,2969.0192813321646,Ezi_3_b2,Ezi RNAi,-0.5146369594918805,0.5499518476493626,2.4310816606758263,95
2002,61.67437874892888,647.1105398457584,802.4995715509855,1449.0,1.5438102517023151,3356.2570694087403,Ezi_3_b2,Ezi RNAi,-0.39876073917075294,0.5673515504476299,6.715284893693052,95
2003,61.86771964461994,644.0434353405725,864.5923000987167,1373.0,1.7772923713571234,3057.680157946693,Ezi_3_b2,Ezi RNAi,-0.5401895720602478,0.5796882491996425,1.7446093487630572,95
2004,61.252100840336134,646.8298319327731,924.25,619.0,1.5824913505731302,3016.9495798319326,Ezi_3_b2,Ezi RNAi,-0.6742157178582879,0.6054166569750343,-3.7521039052831684,95
2005,61.79936305732484,649.7420382165606,882.5456475583865,1419.0,1.6816620462364709,3021.9458598726114,Ezi_3_b2,Ezi RNAi,-0.5791019514803595,0.5991880461864671,0.2727165729888883,95
2006,63.47986289631534,653.4618680377035,914.5021422450728,1483.0,1.3801714935238005,1735.4995715509854,Ezi_3_b2,Ezi RNAi,-0.650617922188661,0.6183450826588541,-0.6382983415743282,95
2007,63.42649006622516,654.0145695364239,928.053642384106,2529.0,1.7835056982626933,1799.1225165562914,Ezi_3_b2,Ezi RNAi,-0.6811029092367817,0.6239947118799083,-1.8018212802598779,95
2008,63.62284678150499,652.7651858567543,1002.2248413417951,2817.0,1.3473812981678182,1638.0770625566636,Ezi_3_b2,Ezi RNAi,-0.8493190991028061,0.6445723862956945,-7.741199736839338,95
2009,60.12861736334405,670.0369774919615,896.895498392283,895.0,1.6148318155166899,1600.16077170418,Ezi_3_b2,Ezi RNAi,-0.6052191378208074,0.6528642978124586,-2.301139846551613,95
2010,63.81678486997636,680.5945626477542,856.6394799054374,1619.0,1.7068096856978634,2065.7210401891252,Ezi_3_b2,Ezi RNAi,-0.5117118997120914,0.6655723901444368,4.837613595827863,95
2011,60.36214740673339,682.319381255687,764.3876251137398,1391.0,1.766978725787678,1717.430391264786,Ezi_3_b2,Ezi RNAi,-0.30182483127284365,0.6404128442999637,9.027963373716727,95
2012,62.77260981912145,695.7252368647718,821.4909560723514,1614.0,1.458569449027068,1844.702842377261,Ezi_3_b2,Ezi RNAi,-0.42749620963776,0.6910001660429657,6.901187905171956,95
2013,68.03023145961266,193.0089749645725,814.6102975909306,2880.0,1.8469428966502748,2855.5323571091167,Ezi_3_b2,Ezi RNAi,-0.5622710420714256,-0.5274358262262129,5.90317058394235,95
2014,65.9172084958821,206.8487212830516,736.3662765496316,3307.0,1.7062706064806958,1798.4117902037278,Ezi_3_b2,Ezi RNAi,-0.38073360734663364,-0.5188373528159851,10.438968255035185,95
2015,63.238754325259514,205.25173010380624,773.5951557093425,1548.0,1.5300867752025957,2367.7223183391,Ezi_3_b2,Ezi RNAi,-0.46492349166030333,-0.510837078011622,4.677384279739515,95
2016,63.888888888888886,209.35416666666666,912.8055555555555,770.0,1.91019284334716,1689.2934027777778,Ezi_3_b2,Ezi RNAi,-0.7787836284986414,-0.4566190741208209,-6.102229835523083,95
2017,65.53337136337707,212.40673131774102,938.4751853964632,2218.0,1.4501423873981132,2052.0519110096975,Ezi_3_b2,Ezi RNAi,-0.8362673049423548,-0.4410766101584994,-6.539585576692202,95
2018,62.532723434201266,231.78606615059817,748.2610837438424,1764.0,1.6072835953415543,2802.655172413793,Ezi_3_b2,Ezi RNAi,-0.39958949538734234,-0.45469984049212053,6.422718473228143,95
2019,63.57817929117443,231.77553856845032,818.223766504517,1857.0,1.581523240873988,3155.503127171647,Ezi_3_b2,Ezi RNAi,-0.5580786224777978,-0.4324697290662445,1.6933832964808886,95
2020,62.858846918489064,251.6799204771372,745.9237905897945,1829.0,1.3241018049949804,3071.0748840291585,Ezi_3_b2,Ezi RNAi,-0.3884542794301157,-0.4073168661519636,7.2097807177092035,95
2021,62.85598705501618,256.44093851132686,831.5849514563107,1539.0,1.502898606332087,1928.0283171521035,Ezi_3_b2,Ezi RNAi,-0.5808422043687234,-0.3685408865768558,0.20547124254959082,95
2022,65.1907590759076,259.3491749174917,909.2105610561056,1884.0,1.3464110412558297,1828.072607260726,Ezi_3_b2,Ezi RNAi,-0.756047819763241,-0.33681949948499934,-3.8316409077487306,95
2023,67.81519065190652,257.06672816728167,969.9511070110701,4405.0,1.9261116515587882,1888.8130381303813,Ezi_3_b2,Ezi RNAi,-0.8946494339659543,-0.32303061992252424,-6.257575776000495,95
2024,65.6200963523744,268.36269786648313,840.0612525808672,2370.0,1.569287202390407,2743.7777013076393,Ezi_3_b2,Ezi RNAi,-0.5970066289754119,-0.3370196300044256,2.4220985808130258,95
2025,61.20219966159053,278.1903553299492,572.7148900169204,1384.0,1.5427023538987252,1662.1548223350253,Ezi_3_b2,Ezi RNAi,0.011611605136333525,-0.39828560181604755,20.205206163937028,95
2026,63.83061546554445,287.6049447659127,855.8616517622304,2611.0,1.6589002910493837,2883.1209889531824,Ezi_3_b2,Ezi RNAi,-0.6266955816565596,-0.2854277931073034,-0.4039777242524143,95
2027,66.87638256343526,291.20201691607025,1009.0657124268055,4371.0,1.57385472288435,2473.856538711776,Ezi_3_b2,Ezi RNAi,-0.9728238947209079,-0.22799519659303702,-9.957474772410974,95
2028,65.27291523087526,297.23638869745,867.5396278428669,2074.0,1.573996252733214,2595.8056512749827,Ezi_3_b2,Ezi RNAi,-0.6505310664831019,-0.2584200472688597,0.2003686889009466,95
2029,62.39165985282093,304.17089125102206,470.94358135731807,1713.0,1.6951891572629598,3383.6451349141457,Ezi_3_b2,Ezi RNAi,0.24935270864895998,-0.3678231550683083,30.136955559973458,95
2030,65.24884792626727,324.4739960500329,907.2791310072416,2206.0,1.6284031605489364,2270.0520078999343,Ezi_3_b2,Ezi RNAi,-0.7323433311252973,-0.17987917997253133,-2.7329041233864766,95
2031,62.89447236180904,327.30318257956446,445.04773869346735,1469.0,1.4656328478343794,3444.0075376884424,Ezi_3_b2,Ezi RNAi,0.3147158034416955,-0.3201030647132377,33.08719078295414,95
2032,65.40833333333333,329.81,974.5258333333334,3227.0,1.4369965342280808,1795.1304166666666,Ezi_3_b2,Ezi RNAi,-0.8829300025698856,-0.14557275934201508,-8.048705832740646,95
2033,62.667891256429094,337.60984570168995,885.3401910360029,1736.0,1.4472680587879811,1611.5451873622337,Ezi_3_b2,Ezi RNAi,-0.6783120357924868,-0.1550640811203028,-3.3173499069248367,95
2034,63.60479409956976,340.9913952059004,823.8936693300553,2036.0,1.4774632806050232,1698.1905347264906,Ezi_3_b2,Ezi RNAi,-0.5384680234767425,-0.16644179565126827,2.7305666807168336,95
2035,62.010169491525424,343.9779661016949,423.0220338983051,985.0,1.627187186736523,3534.74406779661,Ezi_3_b2,Ezi RNAi,0.36967007913911565,-0.2867649638068116,34.24852110256358,95
2036,64.21362898864251,349.526230394808,875.6127636560303,2241.0,1.4437954984353691,1787.9686316928069,Ezi_3_b2,Ezi RNAi,-0.6530602240494112,-0.12934037794290743,-0.8133376782775041,95
2037,63.95545977011494,362.5086206896552,1013.9863505747127,1813.0,1.619061907915669,2085.4130747126437,Ezi_3_b2,Ezi RNAi,-0.9622154938269322,-0.05389961708956004,-12.308851151559471,95
2038,62.38091922005571,379.458217270195,920.3781337047354,1962.0,1.542844146490095,2671.825208913649,Ezi_3_b2,Ezi RNAi,-0.7450967822471442,-0.0426699996521408,-5.927018923201889,95
2039,61.478594950603735,383.43139407244786,856.3446761800219,1633.0,1.7362716685245796,2427.6717892425904,Ezi_3_b2,Ezi RNAi,-0.598872384232388,-0.05342757730022929,-1.4904965250910482,95
2040,63.695344129554655,380.42914979757086,815.6472672064777,2478.0,1.5726083329297416,2309.8957489878544,Ezi_3_b2,Ezi RNAi,-0.5081130897709796,-0.07365538637870517,4.034850277004618,95
2041,62.59705372616985,387.76169844020797,874.8665511265165,1869.0,1.6020938554445707,1665.9887348353552,Ezi_3_b2,Ezi RNAi,-0.639704535454882,-0.03706491352136443,-1.8451448386507332,95
2042,62.990181268882175,397.6261329305136,897.4433534743202,2059.0,1.7188068854422807,2361.1125377643502,Ezi_3_b2,Ezi RNAi,-0.6879279713873896,-0.006018605105738484,-3.1821530528367337,95
2043,66.34836427939877,401.5207780725022,807.0893015030946,2097.0,1.6550670158339404,2588.633952254642,Ezi_3_b2,Ezi RNAi,-0.4829933620544007,-0.02536927973957248,7.670001397598405,95
2044,61.4441132637854,422.99701937406854,970.1326378539493,1271.0,1.64862339809638,1809.6766020864382,Ezi_3_b2,Ezi RNAi,-0.8445503092452109,0.0785008157420477,-10.375286164763585,95
2045,60.23733333333333,444.192,988.9733333333334,695.0,1.738330011041983,1934.904,Ezi_3_b2,Ezi RNAi,-0.8806491349144968,0.13578049893721644,-12.84505245248076,95
2046,61.97792207792208,449.0116883116883,940.8064935064936,1216.0,1.8068647480381683,1858.9571428571428,Ezi_3_b2,Ezi RNAi,-0.7705760771255581,0.1321024518314362,-7.072192848650909,95
2047,62.61883408071749,502.8403587443946,915.7955156950673,1813.0,1.4609134319639365,2064.703139013453,Ezi_3_b2,Ezi RNAi,-0.6981227374739176,0.25436639662879124,-3.641822756484559,95
2048,62.60337552742616,513.9353023909986,942.6104078762306,1162.0,1.7688334125611913,1679.7102672292547,Ezi_3_b2,Ezi RNAi,-0.7554908743062201,0.28974089523486435,-5.718916832717088,95
2049,65.45742753623189,517.375,904.2309782608696,2926.0,1.5621558159594826,1986.5430253623188,Ezi_3_b2,Ezi RNAi,-0.6681841475003504,0.285831391292263,0.3374985199500382,95
2050,64.40567951318458,522.0821501014199,828.935598377282,2673.0,1.5464181340504999,1939.628803245436,Ezi_3_b2,Ezi RNAi,-0.49623376768611716,0.27326688862365067,5.5640138517818905,95
2051,61.279027902790276,537.4131413141314,893.8775877587759,1504.0,1.7914680365498374,2426.029702970297,Ezi_3_b2,Ezi RNAi,-0.6380084080786179,0.33104206501243616,-2.7010232240842598,95
2052,60.88599348534202,571.6449511400651,894.9598262757872,1238.0,1.5905239213634468,2636.8957654723126,Ezi_3_b2,Ezi RNAi,-0.6302128673378451,0.4142053918049695,-2.7185882935405976,95
2053,61.55934065934066,570.5725274725274,979.889010989011,1224.0,1.6482749750678254,1959.0098901098902,Ezi_3_b2,Ezi RNAi,-0.8228069823260231,0.43863130426238306,-9.06764087067507,95
2054,64.48494554772581,591.9282511210762,892.3145419602819,2121.0,1.5998834319510125,2299.1716848174246,Ezi_3_b2,Ezi RNAi,-0.6188912824633431,0.4624111928759371,1.3605251360985886,95
2055,61.89337474120083,600.4906832298136,908.4316770186335,1390.0,1.6099119970170244,2623.447204968944,Ezi_3_b2,Ezi RNAi,-0.6523159079504701,0.4882715679186478,-2.4355231493475893,95
2056,64.98387096774194,598.7463343108504,873.2346041055719,2419.0,1.436078375622466,3119.857771260997,Ezi_3_b2,Ezi RNAi,-0.5737942533777072,0.4728314912538729,3.523835268072443,95
2057,62.308072487644154,616.9036243822076,857.986820428336,1520.0,1.6405325591823292,2985.514003294893,Ezi_3_b2,Ezi RNAi,-0.5333914565993401,0.5119246397445936,2.360918861573259,95
2058,65.55786163522012,609.5880503144654,910.3333333333334,2069.0,1.4249873200340981,2814.2559748427675,Ezi_3_b2,Ezi RNAi,-0.6546168903352962,0.5108618732621237,1.1824201597595487,95
2059,62.70268138801262,631.5126182965299,789.1813880126183,1563.0,1.4379656213705945,2777.994479495268,Ezi_3_b2,Ezi RNAi,-0.3734594379679257,0.5253711788889779,8.627426991792866,95
2060,60.47586206896552,654.4537931034482,941.831724137931,1204.0,1.9532773487529482,3267.806896551724,Ezi_3_b2,Ezi RNAi,-0.7115799543574997,0.6294608033996454,-5.872685689953116,95
2061,64.30490956072352,705.0973298880276,767.4289405684755,1528.0,1.53206177190491,2989.473729543497,Ezi_3_b2,Ezi RNAi,-0.302693525020589,0.6964611588981002,13.014382616884635,95
2062,61.2,710.9892617449665,699.7167785234899,1103.0,1.6427320946080652,1824.7275167785235,Ezi_3_b2,Ezi RNAi,-0.14715493724291817,0.6891893790415433,15.585444784764611,95
2063,64.96558441558442,198.71623376623376,901.2584415584415,1978.0,1.5889125233452688,1876.7311688311688,Ezi_3_b2,Ezi RNAi,-0.7560251086482617,-0.48603659036837055,-4.220815125605574,95
2064,64.46142754145639,203.83056957462148,820.55010814708,1878.0,1.414920350605358,3063.91204037491,Ezi_3_b2,Ezi RNAi,-0.5718120781018614,-0.4993419909741451,2.003383194504046,95
2065,64.14636542239685,219.36640471512771,829.7878192534381,1625.0,1.5847633964950711,2574.018664047151,Ezi_3_b2,Ezi RNAi,-0.5880364716321519,-0.4588148985775603,1.1377296765150025,95
2066,66.8434564809017,224.81653099561677,770.4959298685035,1941.0,1.4203896153051336,3074.544145272386,Ezi_3_b2,Ezi RNAi,-0.45278942994847016,-0.4645140121076693,8.789946157554603,95
2067,63.22377622377623,235.43006993006992,877.2377622377622,653.0,1.8618421002821663,3571.6748251748254,Ezi_3_b2,Ezi RNAi,-0.6904405166013323,-0.4048475917910237,-3.478180261007485,95
2068,64.05040322580645,240.5638440860215,734.7479838709677,1875.0,1.3886328951537608,2625.8420698924733,Ezi_3_b2,Ezi RNAi,-0.3666998286497224,-0.4377737439721383,9.168554134150792,95
2069,63.88288288288288,251.12462462462463,870.7237237237238,1230.0,1.8148599444699898,2835.2567567567567,Ezi_3_b2,Ezi RNAi,-0.6711668277133024,-0.3689551348719696,-2.0716163336447053,95
2070,64.72679738562091,251.51633986928104,781.4104575163399,1912.0,1.3873690855952112,3111.8522875816993,Ezi_3_b2,Ezi RNAi,-0.46914649451599477,-0.39643280146520643,6.141802092002373,95
2071,64.10483271375465,267.75613382899627,780.4260223048327,1690.0,1.5904932069559425,3206.622304832714,Ezi_3_b2,Ezi RNAi,-0.46197612009095534,-0.35745335955547664,5.823039891594357,95
2072,65.38192307692307,269.1207692307692,610.8484615384615,3056.0,1.7334161224865543,2533.5184615384615,Ezi_3_b2,Ezi RNAi,-0.07815692933876628,-0.4081204969235779,21.102023155302607,95
2073,64.54497354497354,275.36037624926513,764.6061140505585,2251.0,1.529073905133154,3299.91240446796,Ezi_3_b2,Ezi RNAi,-0.4240099134164974,-0.3440933829107279,7.6695036407813255,95
2074,65.42281879194631,292.08456375838927,830.5973154362416,1935.0,1.665822484236881,2551.680536912752,Ezi_3_b2,Ezi RNAi,-0.5685105722014266,-0.2826399294062516,3.327261011760168,95
2075,66.37507906388362,293.40354206198606,909.3447185325743,2126.0,1.6699227830894108,2824.3687539531943,Ezi_3_b2,Ezi RNAi,-0.7464617841914314,-0.2543974283963738,-2.2015697539152876,95
2076,64.07612031921424,311.15531000613873,819.6187845303867,2221.0,1.5445306190030805,2555.5684468999384,Ezi_3_b2,Ezi RNAi,-0.537749602580698,-0.23998704960641404,3.14900117872661,95
2077,65.33753375337534,344.24032403240324,994.6129612961296,1786.0,1.9108078507642408,1884.148514851485,Ezi_3_b2,Ezi RNAi,-0.9240756233016413,-0.10426947602405434,-9.58084836217741,95
2078,63.421836228287845,351.7251861042184,437.01612903225805,1950.0,1.8057204928807535,3068.998759305211,Ezi_3_b2,Ezi RNAi,0.34004066260890675,-0.2635784884355796,34.60578773353346,95
2079,66.05588428665352,348.34976988823144,841.0742932281394,1974.0,1.6886339507315116,1876.4214332675872,Ezi_3_b2,Ezi RNAi,-0.5756211159945586,-0.14318886065099445,3.8555093992889002,95
2080,70.9645732689211,351.641975308642,1015.4503488996243,3024.0,1.8280543320971436,1769.2576489533012,Ezi_3_b2,Ezi RNAi,-0.9700966436810268,-0.07976896229621366,-5.592119902051863,95
2081,64.00942840306423,375.29522687094874,800.4366529169122,2305.0,1.7639692446205661,2238.00766057749,Ezi_3_b2,Ezi RNAi,-0.47528523231873754,-0.0909179178925622,5.533015332680819,95
2082,65.68290043290044,396.9134199134199,889.6601731601731,1663.0,1.8485456723120859,1719.327922077922,Ezi_3_b2,Ezi RNAi,-0.6710458999855864,-0.010237061216200494,0.1335036329532544,95
2083,62.95522388059702,403.04477611940297,809.3681592039801,717.0,1.7111315733801788,2060.4776119402986,Ezi_3_b2,Ezi RNAi,-0.4870472662607075,-0.02093502493867816,4.121389712776006,95
2084,66.14258188824662,414.95568400770713,824.8646435452794,2873.0,1.5287274413032568,1719.331888246628,Ezi_3_b2,Ezi RNAi,-0.5191785918521621,0.012791067930411515,6.18056597235499,95
2085,63.91683168316832,455.74059405940596,1013.0227722772278,1838.0,1.800180920495171,1748.2019801980198,Ezi_3_b2,Ezi RNAi,-0.93233274101811,0.17134842614446621,-11.005867390821384,95
2086,62.961737331954495,470.29886246122027,971.2275077559462,1388.0,1.6097458427102884,1627.6390899689761,Ezi_3_b2,Ezi RNAi,-0.8332663150437428,0.1932757911391052,-8.31300467013363,95
2087,66.55210461789947,472.7633837351859,937.8912954638332,3306.0,1.8725027030734813,1771.6416019615856,Ezi_3_b2,Ezi RNAi,-0.7578000870880792,0.1886070296323481,-1.952049294280454,95
2088,63.90736342042755,477.3016627078385,889.7185273159145,1426.0,1.778241221383171,1706.811163895487,Ezi_3_b2,Ezi RNAi,-0.6469582487946273,0.18427489229149274,-0.5524921842942123,95
2089,62.55863539445629,478.8358208955224,844.2643923240938,745.0,1.8935030749786066,1611.0703624733476,Ezi_3_b2,Ezi RNAi,-0.5434074810342389,0.17353156664493286,1.8736273431290231,95
2090,63.714671467146715,539.6291629162916,825.3510351035103,1395.0,1.497424728933079,2007.041404140414,Ezi_3_b2,Ezi RNAi,-0.4827792446740641,0.3145819405825321,5.408620456315017,95
2091,64.86351471900089,540.463871543265,859.3746654772525,1559.0,1.7610882570241042,2595.8331846565566,Ezi_3_b2,Ezi RNAi,-0.5597273118801911,0.32742029475960766,3.7582452641111255,95
2092,65.515612489992,548.5324259407525,899.9447558046437,1834.0,1.692568598786232,2261.15292233787,Ezi_3_b2,Ezi RNAi,-0.6492424096003893,0.3598457089164018,1.1707851353505423,95
2093,64.96456352636127,551.6603284356094,923.571305099395,1577.0,1.5659874589552583,2190.1114952463267,Ezi_3_b2,Ezi RNAi,-0.7016613403424956,0.3749346411229275,-1.284871486828226,95
2094,67.38491717523975,585.1734960767219,908.0976460331299,3364.0,1.6252451460131785,1937.9559721011333,Ezi_3_b2,Ezi RNAi,-0.6571608759804978,0.4510728673538562,2.8570188161824532,95
2095,63.81738035264484,585.1070528967255,877.3312342569269,1334.0,1.4641477155083893,2749.4319899244333,Ezi_3_b2,Ezi RNAi,-0.5868911097873126,0.4411454000882875,1.8388874251744625,95
2096,65.06546644844518,613.3633387888707,826.5040916530278,1919.0,1.374123005521488,2926.573649754501,Ezi_3_b2,Ezi RNAi,-0.46374303426785535,0.49332377800085747,7.657646942303887,95
2097,60.749226006191954,619.6594427244582,902.9411764705883,551.0,1.7442137516528589,3369.188854489164,Ezi_3_b2,Ezi RNAi,-0.6339808823496023,0.5329065609531582,-2.8633048311218943,95
2098,65.82423208191126,622.070819112628,804.3523890784983,3046.0,1.4919171869105468,2823.884385665529,Ezi_3_b2,Ezi RNAi,-0.41118478777199674,0.5073359177996251,10.358842600399601,95
2099,63.62093862815885,630.4166064981949,972.8548736462094,1813.0,1.6349861198406919,1839.2620938628158,Ezi_3_b2,Ezi RNAi,-0.7895099343498684,0.5811592511528985,-5.622981854179988,95
2100,63.91941673062164,634.1105141980046,939.6914811972372,1625.0,1.48942447832044,2995.790483499616,Ezi_3_b2,Ezi RNAi,-0.7134397250601401,0.57954118600408,-2.540009107252242,95
2101,63.4,651.0464285714286,814.7428571428571,1468.0,1.416405096830334,2037.3366071428572,Ezi_3_b2,Ezi RNAi,-0.42562131422566307,0.5807581795411529,7.478235308176552,95
2102,63.43045267489712,664.1349794238683,808.6123456790124,1534.0,1.5432597673746502,2492.501234567901,Ezi_3_b2,Ezi RNAi,-0.4078691966313319,0.6104721194894784,8.191434473157129,95
2103,63.00979519145147,664.6918967052538,837.2653606411398,1797.0,1.5636484560269737,1825.9964381121995,Ezi_3_b2,Ezi RNAi,-0.47244885489310084,0.6209397048174654,5.4162954789519535,95
2104,63.627450980392155,694.6410256410256,759.1349924585219,1634.0,1.5017764956956288,3125.0407239819006,Ezi_3_b2,Ezi RNAi,-0.2869055363987917,0.668529665663653,12.88189801595806,95
2105,63.033884297520665,693.6066115702479,718.4528925619835,1445.0,1.464661265587199,3108.7636363636366,Ezi_3_b2,Ezi RNAi,-0.19505867236307084,0.6530857947007283,15.632138283724212,95
2106,68.99651324965133,205.1276150627615,928.5069735006973,1822.0,1.6126521493997263,1825.9016736401675,Ezi_3_b2,Ezi RNAi,-0.8165397375706457,-0.4618813562908264,-2.364849733960078,95
2107,65.28189655172413,216.94741379310344,814.1172413793104,1629.0,1.4457796531722373,2711.8137931034485,Ezi_3_b2,Ezi RNAi,-0.5535186356643937,-0.4696609651668232,3.529157091967681,95
2108,66.28114186851211,219.58910034602076,921.05276816609,1453.0,1.4795788034679682,2149.182525951557,Ezi_3_b2,Ezi RNAi,-0.7948597005661158,-0.4292491953302212,-4.260093640261501,95
2109,64.55105105105105,234.8783783783784,834.2717717717718,997.0,1.7907208770592795,3245.9744744744744,Ezi_3_b2,Ezi RNAi,-0.5936505814864887,-0.4198628932059665,1.38110375001174,95
2110,65.10416666666667,229.0023148148148,912.6296296296297,778.0,1.8382100744218082,2276.7453703703704,Ezi_3_b2,Ezi RNAi,-0.7727814587760484,-0.4091485764908951,-4.6107350373611595,95
2111,66.12895226286423,222.18784872907625,875.2833230006199,2054.0,1.522098475666814,3408.5015499070055,Ezi_3_b2,Ezi RNAi,-0.6905082301166381,-0.4375251151314995,-0.6012040384218622,95
2112,66.71294851794072,229.1864274570983,789.6294851794072,1644.0,1.3967701477450165,3502.208268330733,Ezi_3_b2,Ezi RNAi,-0.4947547654025376,-0.44785277804875023,7.140782629836773,95
2113,64.63090128755364,246.85922746781117,719.0618025751073,1467.0,1.3594604611104648,2809.8961373390557,Ezi_3_b2,Ezi RNAi,-0.3294518298085366,-0.4275386291079516,11.126136399240302,95
2114,65.19807427785419,241.0639614855571,807.7819807427785,1869.0,1.3915536122964967,3164.712517193948,Ezi_3_b2,Ezi RNAi,-0.5320054665668491,-0.4133316010338771,4.2946460327845095,95
2115,65.9400146305779,255.35186539868326,733.5537673738113,2123.0,1.6261592476505293,2811.8961228968546,Ezi_3_b2,Ezi RNAi,-0.35996659169090683,-0.40238968478021353,11.350230958866518,95
2116,64.42857142857143,281.72605042016806,740.7075630252101,901.0,1.604373246133986,2248.6016806722687,Ezi_3_b2,Ezi RNAi,-0.36802776005373017,-0.33629687732689073,9.610987318505298,95
2117,64.21461538461539,279.87615384615384,506.3538461538462,1657.0,1.694393196637415,3037.883846153846,Ezi_3_b2,Ezi RNAi,0.16167359640733703,-0.4153431740310163,28.703800662765964,95
2118,65.15207373271889,292.4002633311389,796.0388413429888,1870.0,1.5696444657474855,2302.6372613561552,Ezi_3_b2,Ezi RNAi,-0.49017870786864615,-0.2928710391241004,5.912350748537065,95
2119,65.69738072965389,301.1641721234799,960.7072029934518,2977.0,1.6250009976626492,2702.6927034611786,Ezi_3_b2,Ezi RNAi,-0.8602310340173689,-0.2192741138286992,-7.008568902228028,95
2120,63.943763518385005,311.3713049747657,459.53352559480896,1706.0,1.5011089254508074,3440.2429704397982,Ezi_3_b2,Ezi RNAi,0.2770092209027042,-0.35404417455684956,32.72227017674079,95
2121,63.58261617900172,313.2297762478485,475.9716006884682,1393.0,1.5733607801713767,3151.4982788296043,Ezi_3_b2,Ezi RNAi,0.2404403173396621,-0.3443149934169516,31.03162085915614,95
2122,67.50974025974025,321.3981331168831,870.5482954545455,3552.0,1.7333008274854689,2585.414366883117,Ezi_3_b2,Ezi RNAi,-0.650588463622743,-0.19902320204790025,2.5082453483792015,95
2123,65.56636636636637,326.5165165165165,801.2174174174174,2236.0,1.6459840106131647,1851.8714714714715,Ezi_3_b2,Ezi RNAi,-0.4918396406612545,-0.20868907176160134,6.359829793742446,95
2124,66.64673242909987,346.25277435265104,929.7102342786683,2014.0,1.4517763531984227,2525.204685573366,Ezi_3_b2,Ezi RNAi,-0.7768900992397394,-0.12006163362704803,-2.8953801937859094,95
2125,66.28612716763006,365.14161849710985,936.7687861271677,1450.0,1.536304916969855,2033.9354527938342,Ezi_3_b2,Ezi RNAi,-0.7871795355096611,-0.07211578790583317,-3.581279287487898,95
2126,65.83096926713948,382.80732860520095,1014.7541371158393,1386.0,1.415467816996429,1675.4952718676122,Ezi_3_b2,Ezi RNAi,-0.9582814674178022,-0.004559245683626756,-10.2284729797228,95
2127,65.63974151857835,411.8513731825525,786.329563812601,1817.0,1.5400493250857583,2158.513731825525,Ezi_3_b2,Ezi RNAi,-0.43282145740693767,-0.0069778678980861875,8.816096197468141,95
2128,66.63021115322144,451.0146182999459,930.4553329723876,2687.0,1.7350981811410995,1773.5766107200866,Ezi_3_b2,Ezi RNAi,-0.7474523020505073,0.1336239778480648,-1.5552409832447278,95
2129,62.27272727272727,509.0353535353535,855.9267676767677,595.0,1.832909039563392,2149.939393939394,Ezi_3_b2,Ezi RNAi,-0.5607671234642302,0.2503056213434247,1.0355120760746628,95
2130,65.62836185819071,528.2746536267318,914.6772616136919,1766.0,1.558745870083367,2041.5036674816627,Ezi_3_b2,Ezi RNAi,-0.6886130493833826,0.31552365703049134,-0.20630621180934927,95
2131,64.97983193277311,527.3697478991596,976.4268907563026,913.0,1.6484956325193252,1886.396638655462,Ezi_3_b2,Ezi RNAi,-0.8284622838834629,0.33298763946644927,-5.958337428699171,95
2132,67.4887839433294,558.8299881936246,831.3545848091303,3373.0,1.6651405130440935,2164.2392758756396,Ezi_3_b2,Ezi RNAi,-0.4913801491435663,0.36291988078101767,8.934215192897472,95
2133,63.00476947535771,569.5802861685214,866.1669316375198,968.0,1.5121984438511207,2726.810810810811,Ezi_3_b2,Ezi RNAi,-0.5660894986096574,0.4000345533515799,1.7398554306976528,95
2134,64.34178187403994,570.4285714285714,820.5560675883256,1662.0,1.6068445626516898,2376.7450076804917,Ezi_3_b2,Ezi RNAi,-0.46290169825764615,0.387564517538628,6.845959965170579,95
2135,66.03322259136213,565.1129568106312,862.2425249169435,872.0,1.7380346429577236,2169.0697674418607,Ezi_3_b2,Ezi RNAi,-0.5591172195690719,0.3879583096503596,5.020950902203332,95
2136,64.52636054421768,575.6590136054422,844.3792517006802,1509.0,1.4009951218005188,1818.985544217687,Ezi_3_b2,Ezi RNAi,-0.5152816594376133,0.4077978571067793,5.135596819212855,95
2137,68.27971403038427,573.7314566577301,893.3941018766756,3875.0,1.7133154165467015,2219.9101876675604,Ezi_3_b2,Ezi RNAi,-0.6274652066465662,0.41870678897176217,4.806650472931371,95
2138,63.804136253041364,603.5973236009733,830.4683698296838,1122.0,1.528294712789112,2882.265206812652,Ezi_3_b2,Ezi RNAi,-0.47537172329724964,0.47096671258150447,5.9415375035493145,95
2139,66.41128506196999,609.1060013046315,780.6001304631442,3730.0,1.4991939783189936,1699.9739073711676,Ezi_3_b2,Ezi RNAi,-0.36141047306771357,0.4684084804900215,12.727593429235244,95
2140,64.37254901960785,610.7093425605536,814.7335640138408,1464.0,1.810457496458207,2945.9861591695503,Ezi_3_b2,Ezi RNAi,-0.43776881424489444,0.48316210525976255,7.902141678794908,95
2141,64.14785214785215,604.0829170829171,861.2287712287713,1416.0,1.472492090088574,3200.953046953047,Ezi_3_b2,Ezi RNAi,-0.5448866260599248,0.48192733831677503,3.753299999540416,95
2142,64.52145214521452,611.3498349834983,955.6930693069307,1265.0,1.6635818917165144,2055.816281628163,Ezi_3_b2,Ezi RNAi,-0.7565186956784243,0.5295645327405585,-3.568088700285923,95
2143,64.12876254180603,621.0426421404683,895.7140468227425,1513.0,1.730770189780273,3446.2976588628762,Ezi_3_b2,Ezi RNAi,-0.6178656269537615,0.5339311649340943,1.1192691647205963,95
2144,64.63993584603047,629.0577385725742,956.4779470729751,1681.0,1.6328967323716368,3249.389735364876,Ezi_3_b2,Ezi RNAi,-0.7530568180965541,0.5726539179157031,-3.2750662509723263,95
2145,64.97556390977444,631.4238721804511,926.8815789473684,1489.0,1.5556194819648983,3022.281954887218,Ezi_3_b2,Ezi RNAi,-0.6854583014574754,0.5689583920248884,-0.4672784056143948,95
2146,65.72633253778838,641.8416865552904,879.5712012728719,1577.0,1.4142767125796971,3090.0517104216387,Ezi_3_b2,Ezi RNAi,-0.5754705997902329,0.5791027747911062,4.32435510702331,95
2147,64.59726027397261,653.8666666666667,976.0073059360731,1412.0,1.4735835475599264,1691.1552511415525,Ezi_3_b2,Ezi RNAi,-0.7898628528665109,0.6388883001982097,-4.592689191929113,95
2148,66.83481836874572,183.85949280328992,913.2488005483208,1974.0,1.4791564407555988,2380.6291980808774,Ezi_3_b2,Ezi RNAi,-0.7879234348585509,-0.5181760450935283,-3.5482698459463187,95
2149,67.60315186246419,190.8266475644699,932.704871060172,1841.0,1.3742898823024927,2301.813753581662,Ezi_3_b2,Ezi RNAi,-0.8300188612622423,-0.49513454896186515,-4.293184195093309,95
2150,68.71932974266906,210.91741472172353,897.63973668462,2122.0,1.7582100802213192,3202.936564931179,Ezi_3_b2,Ezi RNAi,-0.7449316975485274,-0.4576944677580478,-0.016556045630171656,95
2151,64.06190476190476,219.8595238095238,780.3464285714285,1219.0,1.7173571788905022,3043.7988095238097,Ezi_3_b2,Ezi RNAi,-0.4760159166283774,-0.4733537979932523,5.1384958565441945,95
2152,70.05790645879733,219.21974758723087,826.5419450631032,1802.0,1.3406758553125082,3028.3578322197477,Ezi_3_b2,Ezi RNAi,-0.5818674037830764,-0.4602411131856692,7.29433795587867,95
2153,65.81829573934837,240.90538847117796,757.8765664160401,2090.0,1.4092933186696408,3195.877819548872,Ezi_3_b2,Ezi RNAi,-0.4192634925974773,-0.42959937787770086,9.027082537492605,95
2154,65.99493120926864,243.49456915278785,850.706734250543,1796.0,1.7103571569852485,3116.0086893555394,Ezi_3_b2,Ezi RNAi,-0.6285503285104647,-0.39379764932544903,1.5808944574455666,95
2155,65.75854545454546,258.87636363636364,707.7614545454545,1833.0,1.463603887975197,2445.9374545454543,Ezi_3_b2,Ezi RNAi,-0.3005314729357146,-0.4020689621063407,13.344627078033847,95
2156,66.48778103616813,254.85728250244378,859.3587487781036,1310.0,1.2938349806608296,3076.418377321603,Ezi_3_b2,Ezi RNAi,-0.6448438449077039,-0.36355815484539455,1.5121498952872472,95
2157,68.04599524187154,265.26011102299765,815.116574147502,1779.0,1.5661822753076298,3352.451229183188,Ezi_3_b2,Ezi RNAi,-0.5419566769951054,-0.3524789796536125,6.8551143737302755,95
2158,65.06687402799378,270.1617418351477,850.6609642301711,1209.0,1.573977798243518,2904.886469673406,Ezi_3_b2,Ezi RNAi,-0.6203475244959418,-0.3292907575214704,1.0208293219602822,95
2159,66.50795947901592,266.6924746743849,870.0962373371925,1704.0,1.5101626645120791,2149.5868306801735,Ezi_3_b2,Ezi RNAi,-0.665624828744231,-0.3315089118498359,0.8067598554100861,95
2160,66.72053462940461,289.0565006075334,737.2667071688943,2106.0,1.678912143821586,2187.2351154313487,Ezi_3_b2,Ezi RNAi,-0.3585039562455973,-0.31967229728787494,12.277979447684885,95
2161,67.88856088560885,287.33653136531365,937.2819188191881,1788.0,1.7533833129496414,2124.3313653136534,Ezi_3_b2,Ezi RNAi,-0.8117596739050034,-0.26019538175474954,-3.079955229750146,95
2162,66.87446197991392,291.7431850789096,817.9634146341464,1742.0,1.5557533727152706,2370.6721664275465,Ezi_3_b2,Ezi RNAi,-0.5403063233015675,-0.287495446135952,5.811331446810289,95
2163,64.8778409090909,305.3068181818182,804.9801136363636,679.0,1.936951291009994,2483.4772727272725,Ezi_3_b2,Ezi RNAi,-0.5065212885734847,-0.2587995106921158,5.076245772360726,95
2164,66.84397163120568,302.83485309017226,809.741641337386,1419.0,1.5662418000100853,2434.6038500506584,Ezi_3_b2,Ezi RNAi,-0.5184043941369498,-0.26327757846694533,6.60927218685106,95
2165,67.4638783269962,303.6793409378961,450.2501056189269,3338.0,1.92722293162902,2582.2137727080694,Ezi_3_b2,Ezi RNAi,0.2950539519440363,-0.3756301839164926,36.891705000152136,95
2166,67.12354740061163,310.3987767584098,772.2581039755352,2118.0,1.5569753572748306,1914.6385321100918,Ezi_3_b2,Ezi RNAi,-0.43140690310635865,-0.256907548611793,10.082147978571289,95
2167,65.73764906303236,342.78790459965927,900.6873935264055,1565.0,1.3921221191703683,2125.4335604770017,Ezi_3_b2,Ezi RNAi,-0.712083171282927,-0.13767338149103858,-1.4541848087981135,95
2168,65.54607046070461,370.27777777777777,915.1720867208672,1374.0,1.627699232209541,2159.3550135501355,Ezi_3_b2,Ezi RNAi,-0.7366510962625945,-0.0665572989936033,-2.4677824597988867,95
2169,69.13488624052005,381.53846153846155,802.7979414951246,2731.0,1.4496767227669425,3016.242686890574,Ezi_3_b2,Ezi RNAi,-0.47975344651060914,-0.07509583566991263,10.530269262785872,95
2170,65.26155878467635,408.9313077939234,945.5957727873183,1262.0,1.6298950498651714,1816.0647291941875,Ezi_3_b2,Ezi RNAi,-0.7939459138935021,0.03663927023176439,-4.737630592299061,95
2171,67.469375,404.828125,861.611875,2801.0,1.929765640626818,1795.65125,Ezi_3_b2,Ezi RNAi,-0.6055791045262904,-2.5891401990052465e-05,4.334471042644761,95
2172,63.68632075471698,415.186320754717,874.9787735849056,846.0,1.7396153758020476,1685.4858490566037,Ezi_3_b2,Ezi RNAi,-0.6320201092559329,0.029311577524467447,-0.3977253077088392,95
2173,65.76599808978033,422.84336198662845,965.2626552053487,1585.0,1.7665377491816638,1948.4842406876792,Ezi_3_b2,Ezi RNAi,-0.8344047626062737,0.07655123686924603,-5.668898110751458,95
2174,65.312567132116,509.9398496240602,888.8893662728249,1346.0,1.6126230562765116,2229.9871106337273,Ezi_3_b2,Ezi RNAi,-0.6356557137126813,0.26296285198064306,1.3579810914483592,95
2175,67.2837559972584,530.1459904043866,928.1699794379712,1877.0,1.2880053361732835,2118.071967100754,Ezi_3_b2,Ezi RNAi,-0.7189002401371594,0.3243335857195324,0.3556554331474362,95
2176,64.72151898734177,549.6139240506329,947.0959915611814,1346.0,1.4204679476974298,2479.2236286919833,Ezi_3_b2,Ezi RNAi,-0.7554458085267404,0.3774710452559964,-3.495239066617428,95
2177,68.28953974895397,542.8225941422594,977.3598326359833,2180.0,1.5860773243073705,1878.63179916318,Ezi_3_b2,Ezi RNAi,-0.8266157922742099,0.3706477045626573,-2.5279973188801694,95
2178,64.66829268292683,555.3814634146341,865.6370731707317,1726.0,1.8355988095936489,2429.713170731707,Ezi_3_b2,Ezi RNAi,-0.5694268571467751,0.36550414763548766,3.2490667461290714,95
2179,65.8708288482239,581.9224973089343,860.4370290635092,1289.0,1.6233739254894595,2129.5069967707213,Ezi_3_b2,Ezi RNAi,-0.5500079223305783,0.4280518665210127,5.2355899381336855,95
2180,68.2165404040404,591.4482323232323,981.3383838383838,2290.0,1.5280205877236217,1845.3674242424242,Ezi_3_b2,Ezi RNAi,-0.8211583898606905,0.48955328720137703,-2.2707187596398786,95
2181,64.71414634146342,639.9190243902439,912.8126829268293,1364.0,1.5716597371695475,2858.357073170732,Ezi_3_b2,Ezi RNAi,-0.6510547772371407,0.585035485490323,0.5477064550564483,95
2182,67.87707182320442,637.5759668508288,841.25,2270.0,1.6159085597780096,3348.8404696132598,Ezi_3_b2,Ezi RNAi,-0.49045001718908543,0.5565748119207297,9.570815052931096,95
2183,65.35151515151514,641.3090909090909,848.4515151515152,833.0,1.5670094325918698,2891.2954545454545,Ezi_3_b2,Ezi RNAi,-0.5051508511667424,0.5679143146425041,6.510599948204214,95
2184,65.66764705882353,646.5029411764706,831.2470588235294,979.0,1.9595503013823965,2624.025,Ezi_3_b2,Ezi RNAi,-0.46474449771284576,0.5750031139583434,8.315068323607251,95
2185,63.35235732009926,666.7468982630273,1019.3250620347394,571.0,1.747332941898259,1719.712158808933,Ezi_3_b2,Ezi RNAi,-0.8838020984356405,0.6838412086581214,-9.232025642441412,95
2186,65.86266094420601,658.8272532188842,956.7618025751073,1449.0,1.6691561924010625,1689.0600858369098,Ezi_3_b2,Ezi RNAi,-0.7450896627716228,0.6447571078207133,-1.6770725418654973,95
2187,66.33131487889273,676.9896193771626,764.4628027681661,1480.0,1.2987749335255145,3369.934256055363,Ezi_3_b2,Ezi RNAi,-0.30472013472253745,0.6275036351254013,14.897895001368907,95
2188,64.21579961464354,679.3487475915222,794.5953757225434,845.0,1.781379152892343,1687.102119460501,Ezi_3_b2,Ezi RNAi,-0.3717875890579372,0.6428131327319178,10.336180843925204,95
2189,65.15291262135922,695.4773462783171,636.8600323624595,1557.0,1.5673795792012502,3364.710355987055,Ezi_3_b2,Ezi RNAi,-0.010309841297254763,0.6316346389486924,24.499397352824737,95
2190,65.28630024610337,706.1509433962265,707.5028712059064,1552.0,1.5121962290178321,3373.1845775225593,Ezi_3_b2,Ezi RNAi,-0.16698948034951744,0.6799350351578974,18.949703179654172,95
2191,66.53716216216216,712.3513513513514,753.515444015444,2961.0,1.8684001129016097,3080.2258687258686,Ezi_3_b2,Ezi RNAi,-0.2694873373046247,0.7095687904818653,16.48469197592125,95
2192,67.88618381010347,211.54047474132685,802.4169202678028,2402.0,1.598810453100557,3009.1965916007302,Ezi_3_b2,Ezi RNAi,-0.5291518302028871,-0.4864819490833011,7.016261956567359,95
2193,67.1945107398568,210.90692124105013,845.9606205250597,1173.0,1.3493657994773638,2647.859188544153,Ezi_3_b2,Ezi RNAi,-0.6277224805626153,-0.47415440569954037,2.726658325126354,95
2194,70.27012835472578,222.6336056009335,945.644690781797,2169.0,1.283828458558784,1728.3669778296382,Ezi_3_b2,Ezi RNAi,-0.8503560590746536,-0.4140844527172024,-2.2723631761528127,95
2195,67.81313868613138,235.21021897810218,887.1051094890511,1657.0,1.5008013265930142,2177.6233576642335,Ezi_3_b2,Ezi RNAi,-0.7137080494745065,-0.4022695801001164,0.2782198503775817,95
2196,67.26209386281589,242.36245487364621,918.5913357400722,1721.0,1.4654996321939353,1999.997833935018,Ezi_3_b2,Ezi RNAi,-0.7827135243153223,-0.3749436718104683,-2.771277684689611,95
2197,67.21337579617834,239.37738853503186,980.4140127388536,897.0,1.2976312985738927,2089.106687898089,Ezi_3_b2,Ezi RNAi,-0.9234607045195203,-0.36249285218333094,-7.959778912035871,95
2198,71.12343470483006,242.29203935599284,1006.1945438282647,3016.0,1.6738141965032942,1806.1100178890877,Ezi_3_b2,Ezi RNAi,-0.9816696865328489,-0.3472635293193702,-6.1505018872464365,95
2199,68.28864218616567,278.0444064901793,849.9940222032451,1537.0,1.718940601142609,3599.9888983774554,Ezi_3_b2,Ezi RNAi,-0.6171133615234523,-0.3104536098137999,4.393036170907521,95
2200,67.04257983719474,297.8058860363181,848.5197244834064,2252.0,1.6166693694758856,2501.4464621164684,Ezi_3_b2,Ezi RNAi,-0.6076691624293141,-0.2631060237680164,3.540437394921127,95
2201,67.6378466557912,306.1778140293638,889.9665579119087,1453.0,1.5815964628824348,1669.7128874388254,Ezi_3_b2,Ezi RNAi,-0.6990668420118915,-0.22966730963892312,0.8281320632283897,95
2202,67.97695852534562,315.0901909150757,967.4437129690585,2099.0,1.5032332460136686,2770.8755760368663,Ezi_3_b2,Ezi RNAi,-0.8717712167742264,-0.18345443696957542,-5.104137926967426,95
2203,67.13690851735016,316.74952681388015,853.1432176656151,2284.0,1.6554629898421342,2754.4056782334383,Ezi_3_b2,Ezi RNAi,-0.6125201939817819,-0.21580542221330645,3.509481726684645,95
2204,66.67416934619507,327.9710610932476,817.556270096463,1166.0,1.3621831784998844,1735.1039657020365,Ezi_3_b2,Ezi RNAi,-0.5285850765254108,-0.19997825771412547,6.135706765983793,95
2205,69.97874080130826,333.2003270645953,1017.601798855274,1514.0,1.514148153836822,1852.0784955028619,Ezi_3_b2,Ezi RNAi,-0.9802538019515332,-0.12369347394066821,-7.0015955560061425,95
2206,66.3,359.2260273972603,894.7904109589041,2199.0,1.8511664225579894,2003.7308219178083,Ezi_3_b2,Ezi RNAi,-0.6939661375774436,-0.09978504313893355,-0.18487189214489153,95
2207,67.55631578947369,360.0305263157895,833.3842105263158,2584.0,1.8920915507530607,2061.7384210526316,Ezi_3_b2,Ezi RNAi,-0.5550399910242274,-0.11738662203428563,6.143130673467446,95
2208,66.7459831675593,378.31675592960977,899.7651109410865,1878.0,1.589333572477816,1792.2417750573834,Ezi_3_b2,Ezi RNAi,-0.6996353333671276,-0.05201913326509022,0.10761732512662725,95
2209,66.98384353741497,387.2593537414966,839.2168367346939,1854.0,1.8794987933559215,2285.9098639455783,Ezi_3_b2,Ezi RNAi,-0.5600378570819105,-0.04965271988258746,5.460119190245112,95
2210,65.61032863849765,389.5201877934272,856.7633802816902,1673.0,1.8702590022153074,1859.0046948356808,Ezi_3_b2,Ezi RNAi,-0.5988013954768225,-0.038590787360431755,2.674657882895648,95
2211,68.24221046443269,390.64550264550263,916.9247501469723,2943.0,1.4928275436955436,1978.5890652557318,Ezi_3_b2,Ezi RNAi,-0.7350817831753828,-0.016741917264182726,0.3500491962968315,95
2212,67.40038498556304,416.2175168431184,801.6544754571704,1550.0,1.8105327832719489,1759.315688161694,Ezi_3_b2,Ezi RNAi,-0.466532899136736,0.008450026126687549,9.36557710473138,95
2213,66.61333333333333,415.01,881.69,940.0,1.6257258699302688,1725.1566666666668,Ezi_3_b2,Ezi RNAi,-0.6478161679594359,0.031001454181529775,1.9630699197506893,95
2214,66.48575498575498,416.73361823361824,920.8860398860398,1005.0,1.5886566962939639,1707.6125356125356,Ezi_3_b2,Ezi RNAi,-0.735958221472623,0.047644537918668295,-1.3738822655245597,95
2215,69.26398429833169,426.1771344455348,910.1570166830226,3175.0,1.6841759445855669,1779.1962708537783,Ezi_3_b2,Ezi RNAi,-0.7094107403070611,0.06705892465314855,2.407453518064121,95
2216,66.71020408163265,426.0081632653061,936.6054421768707,1226.0,1.7323767984383553,1887.2816326530613,Ezi_3_b2,Ezi RNAi,-0.7688101998974495,0.07508278624708664,-2.3213191859163116,95
2217,66.67497691597414,467.3056325023084,920.6851338873499,1723.0,1.547471355437517,1745.8328716528163,Ezi_3_b2,Ezi RNAi,-0.7205170493367581,0.16992732249645148,-0.4842043013309514,95
2218,65.26614173228346,490.45511811023624,948.91968503937,987.0,1.572575339259661,1768.459842519685,Ezi_3_b2,Ezi RNAi,-0.7772496015115611,0.2349259834647206,-3.9037303870626516,95
2219,67.28223844282239,498.0486618004866,907.8077858880779,1549.0,1.8515281824807397,1777.912408759124,Ezi_3_b2,Ezi RNAi,-0.6823665964791622,0.24020178656907287,1.5992814035504672,95
2220,66.39008894536214,501.1232528589581,878.5552731893266,1120.0,1.5251336231710684,2102.0038119440915,Ezi_3_b2,Ezi RNAi,-0.6151006894071187,0.23833764350831887,3.164814852467956,95
2221,69.42468415937803,548.0855199222547,841.5675413022352,1465.0,1.2793571797526884,2105.468415937804,Ezi_3_b2,Ezi RNAi,-0.5180483878358586,0.3401631607708411,9.875469457405133,95
2222,65.67424242424242,557.521645021645,962.41341991342,1254.0,1.550398972293324,2057.732683982684,Ezi_3_b2,Ezi RNAi,-0.7879337007137954,0.4014699010947971,-3.7022943592964737,95
2223,67.30045871559633,565.7935779816514,933.7989296636085,1763.0,1.3874990007465227,2856.8126911314985,Ezi_3_b2,Ezi RNAi,-0.7210491559828058,0.4123661865512762,0.3905144090717729,95
2224,66.20216216216217,562.6670270270271,904.7297297297297,1291.0,1.5813527878235025,2324.1675675675674,Ezi_3_b2,Ezi RNAi,-0.6560006443940478,0.395559409686864,1.65156232927374,95
2225,64.77237354085604,570.8774319066148,1000.647859922179,882.0,1.7722285174965011,2548.3463035019454,Ezi_3_b2,Ezi RNAi,-0.8702966348616941,0.4459535431045514,-7.574054242426778,95
2226,67.94117647058823,591.7674418604652,848.2995896032832,1894.0,1.3538787747680732,2496.989740082079,Ezi_3_b2,Ezi RNAi,-0.5200193181728185,0.4479938752836117,8.433130797226955,95
2227,67.3713862120089,601.3684210526316,922.7798369162342,1956.0,1.4272759055704352,2842.428465530022,Ezi_3_b2,Ezi RNAi,-0.6855649470029597,0.49492497169793737,1.8516655695843003,95
2228,66.38271604938272,599.979012345679,885.8395061728395,1017.0,1.370096590696086,2097.027160493827,Ezi_3_b2,Ezi RNAi,-0.602213457212164,0.4798154915077757,3.894733766269744,95
2229,66.4879120879121,599.4417582417583,901.5142857142857,666.0,1.347172649329122,3130.2087912087914,Ezi_3_b2,Ezi RNAi,-0.6378563413403803,0.48350281261743944,2.699328753676772,95
2230,65.65027322404372,616.7836065573771,941.3256830601093,1270.0,1.6585471094104238,2267.751912568306,Ezi_3_b2,Ezi RNAi,-0.7226152336483211,0.5381312350897836,-1.1845482844710955,95
2231,65.03614457831326,625.5075301204819,915.4367469879518,884.0,1.459761838681482,2472.1506024096384,Ezi_3_b2,Ezi RNAi,-0.6613342061313268,0.5510029084849937,0.4570524735695001,95
2232,66.96419437340154,624.3017902813299,1018.4667519181586,1015.0,1.2011650515307914,1895.1662404092071,Ezi_3_b2,Ezi RNAi,-0.8951598840031014,0.580857859342861,-6.1365698532120625,95
2233,67.78524046434494,633.0472636815921,994.9651741293533,1510.0,1.5315071465021532,1710.4543946932006,Ezi_3_b2,Ezi RNAi,-0.8395482619485749,0.5945319732678669,-3.2614506978128484,95
2234,67.78588098016336,644.1417736289382,962.3092182030339,2446.0,1.5193944541465343,2437.936406067678,Ezi_3_b2,Ezi RNAi,-0.7623707047045867,0.610981460623433,-0.41695488122504676,95
2235,66.75871559633028,642.965137614679,893.3394495412844,1375.0,1.3786720228009117,2812.123853211009,Ezi_3_b2,Ezi RNAi,-0.6064841367532533,0.5861950959047084,4.232635038599167,95
2236,67.4107793153678,653.7581937363437,989.088128186453,2084.0,1.52443216611291,1737.2104879825201,Ezi_3_b2,Ezi RNAi,-0.8200278380527556,0.6427698905142845,-2.869478745418383,95
2237,70.0928829915561,665.6749095295537,840.2412545235223,2501.0,1.6996399034312695,1986.3443908323281,Ezi_3_b2,Ezi RNAi,-0.4802446825194633,0.624218629257965,12.242428659340423,95
2238,65.35285396590066,685.9962935507783,749.4536693847294,1687.0,1.4358967651088586,3527.3246849518164,Ezi_3_b2,Ezi RNAi,-0.26790025467606793,0.6445237342268089,15.282827057050346,95
2239,66.0091575091575,686.2802197802198,774.1684981684982,873.0,1.6376646873991954,3428.6520146520147,Ezi_3_b2,Ezi RNAi,-0.3238571534081982,0.6530707062187799,13.90203267330383,95
2240,68.03816131830008,700.6053772766695,677.3677363399827,1586.0,1.7680211845416427,3035.6704249783174,Ezi_3_b2,Ezi RNAi,-0.10098452775587097,0.6569116807176851,24.102615570556363,95
2241,68.18430335097001,200.71075837742504,803.9982363315696,1542.0,1.417547027757416,2526.3174603174602,Ezi_3_b2,Ezi RNAi,-0.5360035449170739,-0.5121808471444127,7.036308860450392,95
2242,71.38304552590267,217.28492935635794,914.7794348508634,1738.0,1.6150067793779777,2798.9332810047094,Ezi_3_b2,Ezi RNAi,-0.7823272191334124,-0.43685311196692667,1.3102316093051036,95
2243,68.8559670781893,230.84670781893004,914.8024691358024,1436.0,1.9238115962299098,2889.366255144033,Ezi_3_b2,Ezi RNAi,-0.7778672354786584,-0.4040195364789779,-1.0263295359150737,95
2244,72.04066265060241,242.8960843373494,989.7926706827309,2774.0,1.3490330481537594,1968.4146586345382,Ezi_3_b2,Ezi RNAi,-0.9445575611445874,-0.35102729758704676,-3.8753715062506773,95
2245,67.82905982905983,272.15628815628816,944.0610500610501,2176.0,1.6784852762131086,2547.5885225885227,Ezi_3_b2,Ezi RNAi,-0.8315950485678895,-0.294763131879883,-3.903916897224767,95
2246,66.44383860414395,278.6837513631407,807.0905125408942,1304.0,1.4849387196274013,2451.5812431842965,Ezi_3_b2,Ezi RNAi,-0.5195041235537305,-0.3225468861432126,6.102311411093528,95
2247,68.22533632286995,276.90582959641256,910.6535874439462,1231.0,1.4427984455484655,3078.5639013452915,Ezi_3_b2,Ezi RNAi,-0.7546777716792201,-0.2939056236581653,-0.6890663618897586,95
2248,68.3098901098901,277.9054945054945,825.7787545787546,1927.0,1.5612441051166615,2459.8725274725275,Ezi_3_b2,Ezi RNAi,-0.5623732327785058,-0.31849520871433334,6.409766531191584,95
2249,68.16528239202658,277.6544850498339,748.7865448504983,1502.0,1.3355779230464861,2655.705980066445,Ezi_3_b2,Ezi RNAi,-0.38823029498998096,-0.34360075099752707,12.613099276410354,95
2250,68.03779289493575,292.7762660619803,896.4051398337112,1807.0,1.4264750278594378,2813.347694633409,Ezi_3_b2,Ezi RNAi,-0.7176912674098012,-0.2600432559546112,0.5141770575141695,95
2251,71.33273574757978,325.84223736106134,842.755109358193,3671.0,1.7604161026306795,2277.2326998924345,Ezi_3_b2,Ezi RNAi,-0.5871194226491849,-0.19714049945330714,8.67058470256207,95
2252,68.79062299293513,411.8927424534361,845.1483622350675,2210.0,1.4869247581724039,2563.9049454078354,Ezi_3_b2,Ezi RNAi,-0.5664856505521303,0.011818035677502392,7.104742688853441,95
2253,67.06106264869152,445.71530531324345,909.5725614591594,1794.0,1.4868058682808052,1782.182394924663,Ezi_3_b2,Ezi RNAi,-0.7018630293648763,0.11415565687749218,0.5249213445592034,95
2254,69.52326530612245,444.1469387755102,963.2065306122449,1896.0,1.4910637105705289,1961.0318367346938,Ezi_3_b2,Ezi RNAi,-0.824143318852802,0.1274118152102659,-1.46681088868681,95
2255,68.32770870337478,456.28952042628777,949.4893428063943,1734.0,1.6477565013631008,1804.6269982238011,Ezi_3_b2,Ezi RNAi,-0.7892733010033028,0.15243107605769413,-1.3623351903292722,95
2256,67.84036144578313,479.796686746988,963.5632530120482,1861.0,1.4865982929783064,1735.2191265060242,Ezi_3_b2,Ezi RNAi,-0.8140383685323089,0.21378308527997159,-2.6906924385299167,95
2257,68.53167701863354,507.0826086956522,962.1409937888199,2237.0,1.4226719873636333,1900.6509316770187,Ezi_3_b2,Ezi RNAi,-0.8028473474193896,0.27933833874321445,-1.515134779806731,95
2258,65.51,508.335,858.745,612.0,1.4891992681756658,2420.875,Ezi_3_b2,Ezi RNAi,-0.5679705622832107,0.24948692534526828,4.019508444367665,95
2259,66.52738853503185,509.06496815286624,842.7783439490446,1408.0,1.7205147530056213,1902.8993630573248,Ezi_3_b2,Ezi RNAi,-0.531824842424861,0.246165635158055,6.360253765997903,95
2260,69.03938730853392,509.55798687089714,922.7051422319474,2582.0,1.3700696281129374,1950.3615973741794,Ezi_3_b2,Ezi RNAi,-0.7129881125506192,0.2727750215756526,2.2772381440612732,95
2261,67.21485411140584,522.8885941644562,947.7824933687002,586.0,1.565697067916166,2512.026525198939,Ezi_3_b2,Ezi RNAi,-0.7654149576789849,0.31301712816188454,-1.4290131506227777,95
2262,67.54932502596054,533.8920041536863,876.4070612668744,1550.0,1.6794876293658774,2961.8691588785045,Ezi_3_b2,Ezi RNAi,-0.600728046402101,0.31692335244475345,4.940752786495429,95
2263,68.48852772466539,541.4388145315487,916.5764818355641,1606.0,1.5153345447310775,2168.246653919694,Ezi_3_b2,Ezi RNAi,-0.6895465697990795,0.3479571534338848,2.6653803435920276,95
2264,68.0079575596817,546.6671087533157,850.1114058355438,1123.0,1.5448645646695915,2246.420424403183,Ezi_3_b2,Ezi RNAi,-0.53752863736477,0.3394595568221699,7.739746304769544,95
2265,67.41727140783745,577.6386066763425,809.244557329463,1744.0,1.6361155156499028,1831.5036284470248,Ezi_3_b2,Ezi RNAi,-0.43575672149029465,0.40138819604777276,10.941330506139149,95
2266,68.15985576923077,576.3064903846154,877.6514423076923,1204.0,1.5193793945839436,2380.981971153846,Ezi_3_b2,Ezi RNAi,-0.5910606040320732,0.41992792673063084,6.020627297998987,95
2267,69.06876971608833,607.2946372239747,976.9943217665615,2224.0,1.3879723880445551,2262.547003154574,Ezi_3_b2,Ezi RNAi,-0.8067859688765525,0.526502347852718,-0.8486467686869905,95
2268,72.03225806451613,618.2803605313093,975.0009487666034,2747.0,1.7458108905713874,2110.4843453510434,Ezi_3_b2,Ezi RNAi,-0.7995796414970198,0.5524262776992381,2.41760029204626,95
2269,67.60770750988142,622.7233201581028,988.6413043478261,1381.0,1.4105322385541874,2274.8073122529645,Ezi_3_b2,Ezi RNAi,-0.8282737692056521,0.5675443236386695,-3.056472878452796,95
2270,66.23992673992674,627.0201465201466,829.0695970695971,769.0,1.848795755343323,3226.996336996337,Ezi_3_b2,Ezi RNAi,-0.4657151420483153,0.5271721359337893,8.801236337658093,95
2271,67.94860813704497,627.4425410421128,851.306209850107,1866.0,1.7086773830735478,2991.6738044254103,Ezi_3_b2,Ezi RNAi,-0.5162254378059186,0.5352586592301867,8.675430870209034,95
2272,67.5154338963308,636.8211997670355,803.1997670355271,2410.0,1.3597740470066972,2953.4397204426323,Ezi_3_b2,Ezi RNAi,-0.40451887902296646,0.5426434433413057,12.338863726276312,95
2273,67.29396325459318,632.8810148731409,866.6491688538932,1650.0,1.7812414793158118,2800.1942257217847,Ezi_3_b2,Ezi RNAi,-0.5491970940636468,0.5533023191856985,6.831102832089641,95
2274,66.6993642143506,652.2788374205268,946.591280653951,1550.0,1.417954606096874,2084.5222524977294,Ezi_3_b2,Ezi RNAi,-0.7241848542731348,0.6256728878170896,-0.09300470823588114,95
2275,71.97587593337163,209.42561746122917,961.4663986214819,2345.0,1.8170075944698187,1818.5582998276852,Ezi_3_b2,Ezi RNAi,-0.8904015089145765,-0.44101489332090815,-2.05644973869824,95
2276,68.72226999140155,209.20034393809115,772.6182287188307,1471.0,1.3983943088006165,1707.9630266552022,Ezi_3_b2,Ezi RNAi,-0.4625893481611255,-0.5016308987660905,10.275741110272499,95
2277,69.63870967741936,222.0831541218638,897.8243727598566,1764.0,1.4762458416858848,2028.5863799283154,Ezi_3_b2,Ezi RNAi,-0.7422084369526045,-0.43062864393449063,1.0355164611754029,95
2278,69.38150289017341,232.54206807964033,929.8921001926782,1870.0,1.5195378874542718,1731.8432883750802,Ezi_3_b2,Ezi RNAi,-0.811603458590358,-0.39511983066135714,-1.7243780881350617,95
2279,69.52782462057336,239.11888701517705,800.2900505902193,1719.0,1.736606458102945,3297.7470489038787,Ezi_3_b2,Ezi RNAi,-0.5164615952918739,-0.42044948772548973,9.200899088041572,95
2280,75.17473188595343,251.85299503008108,1015.1590374051792,4860.0,1.5153944459492008,1958.1773476327492,Ezi_3_b2,Ezi RNAi,-0.9998861644598804,-0.32130677317515544,-2.72341689231076,95
2281,68.27777777777777,265.4608585858586,856.3169191919192,995.0,1.4719028308425572,3369.4772727272725,Ezi_3_b2,Ezi RNAi,-0.6351544709277697,-0.338884715320914,3.6903232281758287,95
2282,69.87352024922119,269.0299065420561,795.6342679127725,2509.0,1.5780035342625152,3356.2330218068537,Ezi_3_b2,Ezi RNAi,-0.4971090109527201,-0.3495700491973085,10.334302514827005,95
2283,68.89007633587786,273.1854961832061,780.2839694656489,1713.0,1.4888594123671999,2890.8274809160307,Ezi_3_b2,Ezi RNAi,-0.46095736881074334,-0.3443946176169034,10.676745976726258,95
2284,71.83467230443975,274.0067653276956,866.676109936575,3300.0,1.412740509898231,3634.881606765328,Ezi_3_b2,Ezi RNAi,-0.6567333038395506,-0.3149366254713748,6.495952145931417,95
2285,69.04137492043284,276.71546785486953,886.0477402928071,2021.0,1.4150334204800805,3512.0203691915976,Ezi_3_b2,Ezi RNAi,-0.6992213182994288,-0.30220116221205084,2.1511942755550653,95
2286,67.8512173128945,283.4580703336339,493.4706943192065,1564.0,1.8681870332102517,3100.2723174030657,Ezi_3_b2,Ezi RNAi,0.19118919955633684,-0.41080069932647556,33.438848878977566,95
2287,70.02686567164179,286.30223880597015,483.1917910447761,1726.0,1.527131753236977,3233.9514925373132,Ezi_3_b2,Ezi RNAi,0.2148732034500762,-0.40720483327142154,36.49325448307658,95
2288,68.09507042253522,292.88239436619716,950.0697183098591,2094.0,1.5315221779168766,2397.757042253521,Ezi_3_b2,Ezi RNAi,-0.8390832966440391,-0.24271059606089795,-3.853922423451815,95
2289,69.23861171366595,301.0488069414317,926.1616052060738,2376.0,1.604341794123504,2961.170824295011,Ezi_3_b2,Ezi RNAi,-0.7827856268187781,-0.2305688580878773,-0.6317411811546205,95
2290,69.85438705662726,295.2818917237088,883.5046670815184,1978.0,1.567453590246694,2661.6210329807095,Ezi_3_b2,Ezi RNAi,-0.6881080099257592,-0.25809827196605606,3.422447103222738,95
2291,68.33657942787583,306.95374315276933,836.8551430310408,2121.0,1.5202719711592596,2345.0529519172246,Ezi_3_b2,Ezi RNAi,-0.5788089200454933,-0.24469493663376896,5.915906945152095,95
2292,70.0395361096468,306.5350553505535,943.4507116499736,2715.0,1.5388045230256946,2649.0158144438587,Ezi_3_b2,Ezi RNAi,-0.8204245893024146,-0.21179984061658608,-1.1854786570903166,95
2293,69.64879518072289,310.0614457831325,792.8048192771084,2058.0,1.572882822427952,2316.1957831325303,Ezi_3_b2,Ezi RNAi,-0.4784758174867322,-0.25120207360014146,10.899161448370805,95
2294,70.60239162929746,318.4869207772795,892.2100149476831,3502.0,1.6422329492543974,2808.8109118086695,Ezi_3_b2,Ezi RNAi,-0.7010531455162545,-0.1991935734379503,3.7638633995711475,95
2295,72.18917410714286,332.2974330357143,902.79296875,2667.0,1.545532516216325,2513.7254464285716,Ezi_3_b2,Ezi RNAi,-0.7211974283900062,-0.16242486694813418,4.659079777033739,95
2296,68.9880613985219,342.15747583854466,805.695281409892,2279.0,1.6608216946534842,2008.583854462763,Ezi_3_b2,Ezi RNAi,-0.4979788472667709,-0.1694466304965303,9.611902633061167,95
2297,68.46524064171123,363.16042780748666,872.4331550802139,1708.0,1.5845380129754065,2426.8217468805706,Ezi_3_b2,Ezi RNAi,-0.6426297976254884,-0.09739491018316848,3.870223123400573,95
2298,68.76839972991222,364.1681296421337,857.7305874409183,1969.0,1.692839414027176,2150.804186360567,Ezi_3_b2,Ezi RNAi,-0.6091248518596153,-0.09963738769528474,5.398727593021939,95
2299,65.78947368421052,534.1637426900585,894.3801169590644,526.0,1.7720022818817276,2477.3888888888887,Ezi_3_b2,Ezi RNAi,-0.6409735074038811,0.3233113404484911,1.7082010189055303,95
2300,69.32551319648094,551.546432062561,862.5434995112414,1370.0,1.5851348760713837,2434.0351906158357,Ezi_3_b2,Ezi RNAi,-0.5644580557473389,0.35521136112877816,8.09325547948179,95
2301,72.69742813918306,549.251134644478,877.756933938477,2726.0,1.3287539090623464,2128.0801815431164,Ezi_3_b2,Ezi RNAi,-0.6002043782108123,0.3544773702612176,10.167394463997361,95
2302,70.3271665043817,606.3028237585199,815.1051606621227,1494.0,1.3519156652857471,2537.4303797468356,Ezi_3_b2,Ezi RNAi,-0.4410577056943563,0.4725808977438013,13.745620701342112,95
2303,68.80838894184939,597.0591039084843,826.9895138226883,1576.0,1.7619413227195548,2834.7130600571973,Ezi_3_b2,Ezi RNAi,-0.4704006414487636,0.45400929005521706,11.12673400513137,95
2304,67.51113861386139,603.8502475247525,854.9665841584158,1045.0,1.4091299204069707,2854.7289603960394,Ezi_3_b2,Ezi RNAi,-0.5314313885545499,0.4793498545893775,7.618213372566669,95
2305,68.39018691588785,600.7827102803739,937.107476635514,640.0,1.5813656818635187,2939.5186915887853,Ezi_3_b2,Ezi RNAi,-0.7183491927464849,0.49806043804248645,1.6771330060095557,95
2306,70.42266462480858,597.7725880551302,964.37595712098,1743.0,1.4610576175062457,1836.9226646248085,Ezi_3_b2,Ezi RNAi,-0.7813253633828211,0.499441784407489,1.4124657819155584,95
2307,68.25291181364393,608.0582362728785,998.7470881863561,1746.0,1.7675928837206067,2302.3394342762062,Ezi_3_b2,Ezi RNAi,-0.8556172634487209,0.5352768462739781,-3.4456267966871312,95
2308,69.75218658892128,616.0816326530612,836.6545189504374,980.0,1.6559105280533757,3047.825072886297,Ezi_3_b2,Ezi RNAi,-0.4867968425899112,0.5030994317698887,11.527484595179354,95
2309,68.73807458803122,642.5455333911535,858.1387684301822,1857.0,1.637099048735878,2671.9236773633997,Ezi_3_b2,Ezi RNAi,-0.5273482194076589,0.5739660494050451,9.102974400258454,95
2310,68.17478991596639,643.2403361344537,932.1731092436975,895.0,1.695203306102784,2664.4453781512607,Ezi_3_b2,Ezi RNAi,-0.6945319120366561,0.5992086646193902,2.4442187343391213,95
2311,70.77297721916732,221.8036135113904,857.1641791044776,1510.0,1.6386632004322534,2518.7486252945796,Ezi_3_b2,Ezi RNAi,-0.6505174471000268,-0.4442505630292768,5.515954987771916,95
2312,68.55555555555556,243.61359867330017,771.2470978441128,909.0,1.5591148573808644,2958.1028192371477,Ezi_3_b2,Ezi RNAi,-0.4492326175380362,-0.41881075362600273,10.68853031161558,95
2313,69.86412213740458,246.50763358778627,745.0954198473282,1867.0,1.4817697497557432,2713.0290076335878,Ezi_3_b2,Ezi RNAi,-0.38945680358736356,-0.4201393699371254,14.188856263224835,95
2314,70.91523263224984,248.19056724028044,895.3843212237093,1902.0,1.5238395979918886,3083.8648820905037,Ezi_3_b2,Ezi RNAi,-0.7291767699004182,-0.36825221799611174,2.862235352171834,95
2315,72.20137990513152,247.54506252695128,848.5243639499785,3369.0,1.9870097644743248,3346.9883570504526,Ezi_3_b2,Ezi RNAi,-0.6235969894657416,-0.38473328711086296,8.000466292625532,95
2316,71.69332298136646,270.957298136646,926.6281055900621,1570.0,1.5533240568314475,2525.9371118012423,Ezi_3_b2,Ezi RNAi,-0.7932495992964528,-0.3032362635689976,1.3685784157648144,95
2317,72.57549361207897,285.44541231126595,927.0458768873403,2321.0,1.4991375627291057,3204.515679442509,Ezi_3_b2,Ezi RNAi,-0.7900597343805531,-0.26805825205118583,2.4093131800171577,95
2318,71.74342105263158,282.12565789473683,797.5269736842105,1933.0,1.633868452785012,3058.071052631579,Ezi_3_b2,Ezi RNAi,-0.49785866560768144,-0.3172976683909995,12.218801059516423,95
2319,71.13851351351352,307.9065315315315,960.6903153153153,1392.0,1.514787275386765,2356.8096846846847,Ezi_3_b2,Ezi RNAi,-0.8592309030625245,-0.20300331235523728,-1.4938207544920816,95
2320,69.9690976514215,329.06180469715696,827.1631644004945,1124.0,1.310855816537872,2031.8702101359704,Ezi_3_b2,Ezi RNAi,-0.5506263888343881,-0.1943039824280719,8.641427129492808,95
2321,69.24407039020657,330.2532517214996,855.9074215761285,1798.0,1.4719763557456123,2421.7245600612086,Ezi_3_b2,Ezi RNAi,-0.6151657549495346,-0.18227027194025847,5.564046349469574,95
2322,69.8780637254902,343.9852941176471,867.3039215686274,2196.0,1.5639101980753713,1917.0606617647059,Ezi_3_b2,Ezi RNAi,-0.636991663672246,-0.1454263177090881,5.441639220159986,95
2323,70.52922252010724,344.3383378016086,773.4,2289.0,1.5165518937859446,1749.7903485254692,Ezi_3_b2,Ezi RNAi,-0.4245598844410554,-0.1744570489252174,13.841121012930351,95
2324,72.2128617363344,354.5061093247588,930.1421221864952,2121.0,1.6829191170098665,2325.025080385852,Ezi_3_b2,Ezi RNAi,-0.7764803591224371,-0.09999336982136664,2.7273616764317534,95
2325,70.90210176991151,364.9026548672566,912.0199115044247,2531.0,1.2631381475167551,2055.7433628318586,Ezi_3_b2,Ezi RNAi,-0.7321409000101895,-0.08059920625118933,3.0567584617560515,95
2326,69.39616346955796,378.78482068390326,951.1534612176814,1747.0,1.6224894003857533,1702.14011676397,Ezi_3_b2,Ezi RNAi,-0.8162660805291969,-0.03455206487457263,-1.4839962154915876,95
2327,69.68019943019944,426.90811965811963,955.0847578347579,1977.0,1.521257803544879,1821.4209401709402,Ezi_3_b2,Ezi RNAi,-0.810919296608332,0.08312085225642796,-0.8738337130828895,95
2328,70.10374891020052,426.4481255448997,869.3888404533566,1925.0,1.404614824933829,1737.1028770706191,Ezi_3_b2,Ezi RNAi,-0.6172555652108882,0.05473645734710697,6.610778964115098,95
2329,70.1109852774632,467.6364665911665,909.9116647791619,1328.0,1.3839253270998957,1729.2163080407702,Ezi_3_b2,Ezi RNAi,-0.6967018504725875,0.16727713084231688,3.8329247756724856,95
2330,67.34767025089606,508.9569892473118,864.8853046594982,501.0,1.6666574650546526,2498.3727598566306,Ezi_3_b2,Ezi RNAi,-0.5820293998052456,0.25293357479334366,5.352673204633319,95
2331,71.67371090448013,514.4327979712596,864.5874894336433,1651.0,1.5225675367309044,1945.377007607777,Ezi_3_b2,Ezi RNAi,-0.5805565983342371,0.26605811467168317,9.762260446804191,95
2332,68.28830313014826,540.8995057660626,941.6046128500824,953.0,1.6977130883111593,2444.996705107084,Ezi_3_b2,Ezi RNAi,-0.74629297961834,0.3546177690415393,0.39406884131925324,95
2333,69.49328449328449,545.2930402930403,892.3345543345544,1263.0,1.5231979127685824,2305.229548229548,Ezi_3_b2,Ezi RNAi,-0.6337480865098539,0.34956118103883616,5.7184279673648035,95
2334,69.38164603058995,571.7997086671522,995.5054624908959,1981.0,1.7390971579832122,1723.1107064821558,Ezi_3_b2,Ezi RNAi,-0.8592701329481488,0.4465183939859565,-2.5442498042368342,95
2335,73.75415019762846,601.6596837944664,847.6403162055336,4154.0,1.808980948313094,2999.012252964427,Ezi_3_b2,Ezi RNAi,-0.5167012702238049,0.4716782947639737,14.41404382289109,95
2336,68.90853031860226,631.2559095580679,899.8036998972251,1314.0,1.5198773049069922,1877.6680369989722,Ezi_3_b2,Ezi RNAi,-0.6249986872184057,0.5599101019052135,5.683214443100226,95
2337,69.08251996450754,625.7914818101153,885.5261756876664,1481.0,1.6342305299888948,2941.496894409938,Ezi_3_b2,Ezi RNAi,-0.594353262536621,0.5421458128609966,6.960333927349757,95
2338,68.5327868852459,638.2147540983607,948.3655737704918,908.0,1.8062962976899457,2150.0475409836067,Ezi_3_b2,Ezi RNAi,-0.7327276832316234,0.5922005365861487,1.3972734818128043,95
2339,68.09876543209876,646.8858024691358,805.4907407407408,590.0,1.9306011539716466,2817.354938271605,Ezi_3_b2,Ezi RNAi,-0.40682388143476755,0.5677177441863677,12.867414057459559,95
2340,69.69066366704162,643.896512935883,921.0911136107986,1285.0,1.5474088813664293,2427.0101237345334,Ezi_3_b2,Ezi RNAi,-0.6695547029574562,0.5972599189399539,4.877786408187328,95
2341,71.04298507462687,650.5886567164179,830.823880597015,2506.0,1.5111340602556615,2358.4035820895524,Ezi_3_b2,Ezi RNAi,-0.4636017517610683,0.5847178914982811,13.761805018754595,95
2342,70.65652818991099,671.2974777448071,776.3256676557863,1861.0,1.5582284852279085,3182.9310089020773,Ezi_3_b2,Ezi RNAi,-0.3340774502532571,0.6174793387235107,18.152393493046482,95
2343,68.36754002911208,699.6055312954876,739.7671033478894,1708.0,1.4748618905458097,3229.485443959243,Ezi_3_b2,Ezi RNAi,-0.24251903939780473,0.6743463463680122,19.270190701752842,95
2344,69.54074702886248,706.311544991511,717.3081494057725,1623.0,1.5910257122242275,3122.567062818336,Ezi_3_b2,Ezi RNAi,-0.18993949633019314,0.6834159027017805,22.382629438577005,95
2345,71.20133333333334,190.53066666666666,922.3653333333333,1214.0,1.6527860697052468,2798.1826666666666,Ezi_3_b2,Ezi RNAi,-0.8074026298850207,-0.49916416178985623,0.14127225326496884,95
2346,71.80571073867164,199.80198634388577,863.7107386716325,2149.0,1.5178909736406954,2095.2451893234015,Ezi_3_b2,Ezi RNAi,-0.672061948958436,-0.4954022920826078,5.707254686733323,95
2347,74.7811986863711,205.58251231527095,833.3940886699507,3272.0,1.4660640471159436,2875.733579638752,Ezi_3_b2,Ezi RNAi,-0.6023246031136447,-0.4910838568622835,11.25129464013153,95
2348,73.74832962138085,202.9012620638456,920.2167780252413,1754.0,1.8119096872911251,2672.7453600593913,Ezi_3_b2,Ezi RNAi,-0.7993541453356549,-0.4699364991832613,3.0240310732033024,95
2349,73.23715693173821,216.10767065446868,843.0098522167488,1718.0,1.7159258166770304,2651.2793807178045,Ezi_3_b2,Ezi RNAi,-0.6206576609497794,-0.4625506889226385,9.06195347306074,95
2350,71.57964257964258,228.34421134421135,866.5835275835276,1642.0,1.4433515967800026,2612.2898212898212,Ezi_3_b2,Ezi RNAi,-0.6700394921642072,-0.425435002589013,5.63136036527562,95
2351,72.23544520547945,234.23287671232876,790.1181506849315,1533.0,1.5651847992304138,3233.411815068493,Ezi_3_b2,Ezi RNAi,-0.49541776543943306,-0.43552452266380204,12.671952567077229,95
2352,73.30810171496157,245.64636309875814,786.1525724423418,2457.0,1.5375674151554743,3048.087522176227,Ezi_3_b2,Ezi RNAi,-0.4832606447272577,-0.4091809433516398,14.222456152535013,95
2353,70.48898678414096,251.34471365638765,762.9851321585903,2344.0,1.6095998362640291,2902.1662995594716,Ezi_3_b2,Ezi RNAi,-0.42861375616868436,-0.4027486099984139,13.40134603282568,95
2354,72.09598080383923,255.53329334133173,923.4535092981404,2046.0,1.3742367870200185,3334.627474505099,Ezi_3_b2,Ezi RNAi,-0.7907261442572753,-0.3415640713271427,1.8229085821050122,95
2355,72.86088203657225,277.65112943707425,765.2144137683757,3577.0,1.4411527602522536,2982.2918608820364,Ezi_3_b2,Ezi RNAi,-0.4262965915349488,-0.33841208534950573,15.937139584897134,95
2356,70.66617647058824,284.4323529411765,778.7735294117647,1783.0,1.4350758701881616,2811.5,Ezi_3_b2,Ezi RNAi,-0.4545389130229671,-0.3176775161407537,12.723459584178556,95
2357,70.84695817490494,281.80893536121675,840.9287072243346,1510.0,1.5322394172135085,3644.5180608365017,Ezi_3_b2,Ezi RNAi,-0.5959748296970667,-0.3042474602145132,7.741123345462026,95
2358,70.2453531598513,288.8736059479554,858.4702602230483,1203.0,1.87121062251133,2821.03717472119,Ezi_3_b2,Ezi RNAi,-0.6334477329285852,-0.28157031697183643,5.79030712929529,95
2359,71.46064673581452,301.94020744356317,913.0823672971324,2109.0,1.5415074847266754,2602.6766320927395,Ezi_3_b2,Ezi RNAi,-0.7533550092245533,-0.23258866784816523,2.673446262294309,95
2360,73.73044049967127,308.1932938856016,1019.9276791584484,1879.0,1.6954253939471344,2581.1505588428668,Ezi_3_b2,Ezi RNAi,-0.9936622427453665,-0.1834768986805304,-3.793376959078776,95
2361,71.31311154598826,312.7501630789302,815.17742987606,1955.0,1.5387145022527715,2479.508806262231,Ezi_3_b2,Ezi RNAi,-0.5286120819272309,-0.23758911270064753,10.7486053050784,95
2362,74.0691371681416,320.8064159292035,930.949668141593,2309.0,1.6713682111886594,2420.315265486726,Ezi_3_b2,Ezi RNAi,-0.7886732784919978,-0.18127756468402445,4.054367473035709,95
2363,70.49388111888112,336.47115384615387,888.6005244755245,1600.0,1.301355344898153,2146.5358391608393,Ezi_3_b2,Ezi RNAi,-0.687523784794029,-0.15683249397456844,4.196903341049975,95
2364,71.66930171277997,342.45915678524375,821.3926218708827,1921.0,1.3333227696269605,2052.9927536231885,Ezi_3_b2,Ezi RNAi,-0.5339163876956344,-0.16373931323802515,10.993021257170586,95
2365,72.67557455905933,346.4783538214858,946.0668091929449,2594.0,1.419005485979226,2440.4649919828967,Ezi_3_b2,Ezi RNAi,-0.8149821550170353,-0.11435049203747993,1.7662162537239796,95
2366,71.20846233230134,362.89164086687305,816.2982456140351,2432.0,1.5217252449079866,1944.5098039215686,Ezi_3_b2,Ezi RNAi,-0.5162328923103879,-0.11592542324438293,11.230588391112446,95
2367,73.49371508379889,364.0268854748603,895.9587988826815,4185.0,1.898545617051387,2388.5003491620114,Ezi_3_b2,Ezi RNAi,-0.6965596429211203,-0.08784555268113936,6.952275185804845,95
2368,70.9812274368231,375.929963898917,928.6613718411552,2044.0,1.6282585040260924,2138.3862815884477,Ezi_3_b2,Ezi RNAi,-0.766530499361569,-0.0486261776781598,1.9121747313378108,95
2369,70.61807228915663,401.4602409638554,950.155421686747,1152.0,1.3513083241308905,1789.6819277108434,Ezi_3_b2,Ezi RNAi,-0.8075059248939043,0.01998061375554272,0.12289720209064958,95
2370,71.91502145922746,414.31158798283263,892.0454935622317,1718.0,1.823234966399761,1737.8497854077252,Ezi_3_b2,Ezi RNAi,-0.6724665363791261,0.03257237556236792,6.382559318303401,95
2371,70.80512091038406,491.36842105263156,971.5704125177809,1116.0,1.4648277657505062,1807.4366998577525,Ezi_3_b2,Ezi RNAi,-0.8292837553996384,0.244306941157157,-0.2401571874582511,95
2372,71.24105461393597,504.5282485875706,852.9981167608287,1453.0,1.4184282764679874,2171.931261770245,Ezi_3_b2,Ezi RNAi,-0.5571958573331715,0.23841125806166863,10.153018620234985,95
2373,70.05650224215246,516.142600896861,941.0582959641256,1581.0,1.5714083032575308,2594.0421524663675,Ezi_3_b2,Ezi RNAi,-0.7527494934882253,0.2945384687177526,1.8660324090368365,95
2374,70.0387811634349,528.8102493074792,969.4127423822715,1329.0,1.9644581200803573,1992.98891966759,Ezi_3_b2,Ezi RNAi,-0.8131331532291829,0.3342076901072666,-0.3190207599349857,95
2375,71.56204379562044,532.1751824817518,905.0915726609157,2109.0,1.5537269043909812,3254.8931652289316,Ezi_3_b2,Ezi RNAi,-0.6669025511126317,0.3218712270172843,6.550098758157932,95
2376,71.06745362563238,559.8608768971333,922.402192242833,1587.0,1.3867914983478218,2338.220910623946,Ezi_3_b2,Ezi RNAi,-0.6977478098035488,0.39436225358653254,5.00409936163274,95
2377,72.09044908285895,571.1094244149273,912.2675521821632,2133.0,1.5916353110319361,2102.964579380139,Ezi_3_b2,Ezi RNAi,-0.6716730860894138,0.4183441035900448,7.0117485240228365,95
2378,69.48072805139186,574.6991434689508,956.0299785867238,1484.0,1.6108208014032444,1956.296573875803,Ezi_3_b2,Ezi RNAi,-0.7691170877599243,0.44097104348168004,0.8499341527189177,95
2379,71.45576707726764,591.7441209406495,882.2513997760358,2601.0,1.442780042131934,2983.981522956327,Ezi_3_b2,Ezi RNAi,-0.5975123757887004,0.45871812952102364,9.134533268633755,95
2380,71.72681954137587,586.2173479561316,930.8095712861416,1364.0,1.4515614886064194,1813.2741774675972,Ezi_3_b2,Ezi RNAi,-0.7090656909011608,0.460796941365736,5.324423806968589,95
2381,70.92660550458716,595.2660550458716,950.7683486238532,1277.0,1.8644952646129012,2149.987385321101,Ezi_3_b2,Ezi RNAi,-0.7513800354259355,0.48904449353095836,3.0031608860674233,95
2382,71.61483870967741,602.1716129032258,867.7954838709677,2205.0,1.3691415897990589,2946.4593548387097,Ezi_3_b2,Ezi RNAi,-0.5617396711943439,0.4793442031479287,10.626615985419692,95
2383,71.2394924662966,607.020618556701,897.4781919111816,1762.0,1.4329249748795552,2789.140364789849,Ezi_3_b2,Ezi RNAi,-0.6273826108224575,0.5005229160840818,7.869791683144816,95
2384,72.70867052023121,613.0104046242775,932.2115606936417,2302.0,1.9910296113859574,2007.7028901734104,Ezi_3_b2,Ezi RNAi,-0.7044663399448434,0.5260566067630843,6.549865705391065,95
2385,70.58837391987431,619.2175962293794,821.5161036920659,1620.0,1.7217659316443226,2735.291437549097,Ezi_3_b2,Ezi RNAi,-0.451775576632628,0.5058636536522583,13.651911754098657,95
2386,71.06529209621993,619.2757731958762,958.4355670103092,1394.0,1.4014764234678763,2552.196735395189,Ezi_3_b2,Ezi RNAi,-0.761620862031782,0.5495695992431509,2.8339158539618983,95
2387,71.31317494600432,618.060475161987,847.7667386609071,826.0,1.5703579945804276,2414.6263498920084,Ezi_3_b2,Ezi RNAi,-0.5116483157520151,0.5114125790643322,12.193185455828349,95
2388,69.52688172043011,622.6967741935484,862.5655913978495,660.0,1.50510584079509,2921.2451612903224,Ezi_3_b2,Ezi RNAi,-0.5434107627673068,0.5273497969903338,9.255192805180862,95
2389,70.95377128953771,629.9870235198703,937.8337388483374,1549.0,1.376090050653485,2617.5596107055962,Ezi_3_b2,Ezi RNAi,-0.7118073729098732,0.568928275925197,4.5671500338281525,95
2390,71.44821428571429,625.5089285714286,876.7803571428572,977.0,1.4921495699991139,2650.692857142857,Ezi_3_b2,Ezi RNAi,-0.5751029390570843,0.5386638522839595,10.035337786873455,95
2391,70.20398009950249,630.1529850746268,921.8320895522388,1143.0,1.5850620118591512,2756.121890547264,Ezi_3_b2,Ezi RNAi,-0.675411944558006,0.5642428868808411,5.142152386395345,95
2392,69.30588235294118,638.5516339869281,908.2771241830065,1163.0,1.5801793848891255,2532.628758169935,Ezi_3_b2,Ezi RNAi,-0.6420780178216396,0.5802541993728678,5.478986588468215,95
2393,69.33373063170441,653.3957091775924,843.119189511323,1220.0,1.6024668091722507,2605.9880810488676,Ezi_3_b2,Ezi RNAi,-0.49025822591048507,0.5954325067313424,11.082329755723123,95
2394,69.22417582417583,700.9978021978022,757.9384615384615,599.0,1.648108916770266,3404.076923076923,Ezi_3_b2,Ezi RNAi,-0.28338084688413123,0.6834912516067186,18.64377927174059,95
2395,75.35315985130111,199.18339529120198,909.9343246592317,2719.0,1.4855194874808355,2199.938042131351,Ezi_3_b2,Ezi RNAi,-0.7775022125761822,-0.4822134511342814,5.421084960349614,95
2396,71.14252873563218,205.16091954022988,820.4666666666667,630.0,1.6157365845775937,2757.0367816091953,Ezi_3_b2,Ezi RNAi,-0.5725062756899448,-0.4961936305752124,8.685992634281849,95
2397,77.28819297503173,209.15531104528142,821.9652983495556,3656.0,1.8165631578819776,2798.1138383410917,Ezi_3_b2,Ezi RNAi,-0.5758859995692077,-0.4860932888391055,14.740599699210609,95
2398,72.73688100517369,232.5158906134516,904.0909090909091,1908.0,1.5738703194040666,3528.0044345898004,Ezi_3_b2,Ezi RNAi,-0.7538796496994038,-0.40341508794528014,3.747157347479342,95
2399,71.83690987124463,231.8340486409156,848.7854077253219,1027.0,1.4951550745361362,3071.7925608011446,Ezi_3_b2,Ezi RNAi,-0.6287849435183654,-0.4226572127450058,7.403073838519949,95
2400,72.61662817551964,235.41339491916858,756.0900692840646,645.0,1.8830356102040893,2763.4110854503465,Ezi_3_b2,Ezi RNAi,-0.41815369951159076,-0.44349887186275205,15.874644648490387,95
2401,72.77276595744681,240.14808510638298,865.4221276595745,1514.0,1.4854392590291954,3207.208510638298,Ezi_3_b2,Ezi RNAi,-0.6641337202948444,-0.39725545149646724,7.075886153382253,95
2402,72.88086895585144,246.2761037140855,883.6047652417659,1882.0,1.4415232609125015,3232.252978276104,Ezi_3_b2,Ezi RNAi,-0.7034710508227362,-0.376644966889662,5.766734615036571,95
2403,72.23416965352449,258.51493428912784,731.0250896057348,2165.0,1.7321668401744488,2557.2550776583034,Ezi_3_b2,Ezi RNAi,-0.35451015066140457,-0.395583020850962,17.873755686616832,95
2404,69.24778761061947,264.64306784660766,838.094395280236,635.0,1.6077149851956511,3252.834808259587,Ezi_3_b2,Ezi RNAi,-0.5943557081491084,-0.3466679872037407,6.1489841517885795,95
2405,73.16604823747682,262.8339517625232,895.3831168831168,1623.0,1.337993627910215,1993.2300556586272,Ezi_3_b2,Ezi RNAi,-0.7252547128816549,-0.3328408108609092,5.303486818404934,95
2406,73.58302967204581,276.12597605413845,1006.0317542946382,2319.0,1.6959874802141384,1967.0468505986466,Ezi_3_b2,Ezi RNAi,-0.9717212829450884,-0.2654775496416446,-3.2281085019419846,95
2407,72.60617517328292,278.0894770006301,816.0617517328293,2389.0,1.4638619201562701,2694.874606175173,Ezi_3_b2,Ezi RNAi,-0.5411564238221234,-0.3211701154483253,11.495029353839707,95
2408,73.77012987012986,283.5474025974026,1019.4896103896103,2217.0,1.6717414640332848,2505.7363636363634,Ezi_3_b2,Ezi RNAi,-1.0,-0.243241906178558,-4.051300098954358,95
2409,73.5687952600395,283.60434496379196,961.6247531270573,1987.0,1.7997754282373593,1809.6616194865044,Ezi_3_b2,Ezi RNAi,-0.8690291135862845,-0.2615156577048955,0.521920868504159,95
2410,71.97991689750693,293.0630193905817,791.6509695290858,1818.0,1.721070325110337,3139.7396121883658,Ezi_3_b2,Ezi RNAi,-0.48136080114574786,-0.2927084202103216,13.08721018405775,95
2411,71.78137128072446,292.26520051746445,974.9443725743855,1005.0,1.4155009395094296,1919.8900388098318,Ezi_3_b2,Ezi RNAi,-0.8962491478878254,-0.2363125943491028,-2.2407048614841205,95
2412,72.49400299850075,301.5142428785607,856.4827586206897,1766.0,1.5180451644430075,2457.511244377811,Ezi_3_b2,Ezi RNAi,-0.6256263267386438,-0.25163615385374394,8.366134156095779,95
2413,71.47297297297297,304.4810810810811,870.909009009009,1564.0,1.4625181880883211,2442.4873873873876,Ezi_3_b2,Ezi RNAi,-0.6571881159612767,-0.23986138712432314,6.198863263174037,95
2414,72.69950193691201,317.60099612617597,912.9883785279469,2378.0,1.6770247884101557,2557.1842833425567,Ezi_3_b2,Ezi RNAi,-0.7487272057430814,-0.1947387970124993,4.127704077361841,95
2415,73.74833997343957,313.539176626826,838.1693227091633,2060.0,1.7326682944412262,2492.9096945551128,Ezi_3_b2,Ezi RNAi,-0.5808612388047898,-0.22838004075841223,11.28946615844462,95
2416,73.60988296488947,346.67945383615086,888.425877763329,1997.0,1.3433466097807518,2063.198959687906,Ezi_3_b2,Ezi RNAi,-0.6846923242337924,-0.1322116391024939,7.4545861837347775,95
2417,71.70846394984326,345.56112852664575,918.1385579937304,1968.0,1.3468245333660582,2392.3780564263325,Ezi_3_b2,Ezi RNAi,-0.7518837641532575,-0.12545008913618827,3.093783502162127,95
2418,73.55123339658444,347.8709677419355,903.3244781783682,1372.0,1.4571664707639311,2347.787476280835,Ezi_3_b2,Ezi RNAi,-0.7180342635030961,-0.12458785571695896,6.1833341476210535,95
2419,74.97705735660848,366.4114713216958,946.6553615960099,2692.0,1.6039201157666045,2526.9965087281794,Ezi_3_b2,Ezi RNAi,-0.8108327182516606,-0.06595439837264838,4.280912693525211,95
2420,71.34897959183674,387.50204081632654,846.2489795918367,1326.0,1.4605583108911082,2477.9173469387756,Ezi_3_b2,Ezi RNAi,-0.5767106277211247,-0.046856408982626774,9.233205187049073,95
2421,70.32695652173913,384.615652173913,821.7773913043478,804.0,1.7008193088495571,2398.406956521739,Ezi_3_b2,Ezi RNAi,-0.5220071614471297,-0.06161968503151838,10.194268767061176,95
2422,73.46179129005752,393.037797863599,810.3483976992604,1677.0,1.4945440720702543,3217.5160230073952,Ezi_3_b2,Ezi RNAi,-0.494247672260564,-0.04490134068817253,14.374874868603158,95
2423,71.96374045801527,395.73664122137404,956.5095419847328,1070.0,1.4099038159594526,1948.8912213740457,Ezi_3_b2,Ezi RNAi,-0.8238393905378983,0.008146742184492961,0.8622505075778106,95
2424,71.3607305936073,394.08675799086757,861.7762557077625,668.0,1.5953775038543847,1751.8835616438357,Ezi_3_b2,Ezi RNAi,-0.6098862773487952,-0.025985359840143718,8.053252725227678,95
2425,69.96358543417367,405.7366946778711,873.6582633053222,565.0,1.7759373595006258,1754.2044817927172,Ezi_3_b2,Ezi RNAi,-0.6330405423252228,0.005989133319813655,5.838584169436842,95
2426,76.05195530726257,420.3586592178771,869.0932960893855,3317.0,1.4887024679086918,2534.455865921788,Ezi_3_b2,Ezi RNAi,-0.6195338007586456,0.03987148063944623,12.480119094683046,95
2427,71.96983758700696,420.13921113689094,879.9002320185615,1263.0,1.626986119716822,1738.2250580046405,Ezi_3_b2,Ezi RNAi,-0.6432680199773106,0.042806010139629924,7.517889050125595,95
2428,72.19787717968158,432.6815769522365,930.7642153146323,2037.0,1.4642742113980394,1741.5754359363154,Ezi_3_b2,Ezi RNAi,-0.7546622671918363,0.08933315746658477,3.7193035660386737,95
2429,70.56626506024097,497.9566265060241,903.7614457831326,595.0,1.3836543543735043,1815.1349397590361,Ezi_3_b2,Ezi RNAi,-0.6738676278815285,0.23867014492720973,5.204338085805332,95
2430,72.4487284659557,509.06972928630023,883.1821164889253,1923.0,1.5731215616802834,2822.4897456931913,Ezi_3_b2,Ezi RNAi,-0.624367139027345,0.25899516876019435,8.92816165041355,95
2431,71.32262382864792,512.9585006693441,838.9223560910308,1141.0,1.8408590522185262,2180.2704149933065,Ezi_3_b2,Ezi RNAi,-0.5228616986507397,0.2543269182427501,11.509477641040027,95
2432,70.60346695557963,550.5048754062839,935.7063921993499,1207.0,1.5617159034052928,1963.6099674972913,Ezi_3_b2,Ezi RNAi,-0.730538203614302,0.3759639256047329,3.3176737341005347,95
2433,71.22120658135283,552.1608775137112,968.725776965265,1605.0,1.5259204405810367,1767.1928702010969,Ezi_3_b2,Ezi RNAi,-0.8048686526967668,0.3904731294521424,1.2320076265155815,95
2434,70.77489177489177,553.6031746031746,951.1197691197691,1028.0,1.477960168927823,2105.7619047619046,Ezi_3_b2,Ezi RNAi,-0.764522380504688,0.38836306289518197,2.259039047265559,95
2435,71.59926470588235,581.9791666666666,900.4399509803922,1190.0,1.386535605189391,1872.3308823529412,Ezi_3_b2,Ezi RNAi,-0.6415909961337137,0.4408806867750279,7.645036339641423,95
2436,72.1941590048675,585.539751216874,866.69875608437,2777.0,1.7439309239444873,2334.974580854516,Ezi_3_b2,Ezi RNAi,-0.5643098591164184,0.4387542829042268,11.06924423313224,95
2437,74.48251438689685,602.2726870296591,912.5276671093404,3238.0,1.388616483597293,2884.661354581673,Ezi_3_b2,Ezi RNAi,-0.6634619028479327,0.4938039807101242,9.795814172950317,95
2438,71.0324427480916,614.0677480916031,1015.6860687022901,1295.0,1.465725785740624,1775.851145038168,Ezi_3_b2,Ezi RNAi,-0.892687178927758,0.5551874678267794,-1.9917187330753734,95
2439,70.38615179760319,617.4354194407457,902.5938748335552,1146.0,1.911939128136599,2984.647137150466,Ezi_3_b2,Ezi RNAi,-0.6356994521708512,0.5273526496516405,6.738437232887879,95
2440,73.11875589066918,619.2686145146089,946.1187558906691,1444.0,1.44636307682561,2819.3713477851084,Ezi_3_b2,Ezi RNAi,-0.7341498600379177,0.5456196284571821,5.8960690139648495,95
2441,72.20098039215686,634.1901960784314,892.6558823529411,1350.0,1.6836661166260767,2800.4460784313724,Ezi_3_b2,Ezi RNAi,-0.6085854463734428,0.564713027980124,9.593460186150118,95
2442,72.05059523809524,640.0833333333334,936.5877976190476,925.0,1.363134743236046,1756.0729166666667,Ezi_3_b2,Ezi RNAi,-0.7061991547177341,0.592950475597438,5.899573249012658,95
2443,71.06521739130434,639.1922196796339,874.8855835240274,1226.0,1.4855271083615063,2895.229977116705,Ezi_3_b2,Ezi RNAi,-0.5666781311237739,0.5711671616771232,9.995192834505822,95
2444,72.64750692520775,649.2583102493074,815.5948753462604,2017.0,1.676120477670946,2903.898891966759,Ezi_3_b2,Ezi RNAi,-0.42984927732047606,0.5766430135066827,16.598893902440047,95
2445,70.49248120300751,694.6375939849625,707.5323308270677,1680.0,1.73855758411389,2522.8112781954887,Ezi_3_b2,Ezi RNAi,-0.17147226771849933,0.6520564150683792,23.979388235205885,95
2446,78.48293963254594,191.41769778777652,925.7930258717661,4074.0,1.7400897165022875,2094.274090738658,Ezi_3_b2,Ezi RNAi,-0.8162871133970571,-0.4959749749194762,7.126662577372113,95
2447,71.35752401280683,215.19103521878336,786.3148345784418,1324.0,1.4603612662469356,3062.2454642475986,Ezi_3_b2,Ezi RNAi,-0.49230159211633684,-0.48279660463252627,11.853075172517801,95
2448,71.51070840197694,222.332784184514,809.9522240527183,804.0,1.4108104840709477,3412.342668863262,Ezi_3_b2,Ezi RNAi,-0.5436874294901313,-0.4579981913584876,10.152624779263778,95
2449,71.45931034482759,233.5103448275862,762.3710344827587,1322.0,1.5116966291258862,3011.4358620689654,Ezi_3_b2,Ezi RNAi,-0.43270788117817083,-0.4460967093921192,14.177521352101325,95
2450,77.24294813466788,230.56278434940856,862.0991810737033,3794.0,1.837465308145082,3051.7907188353047,Ezi_3_b2,Ezi RNAi,-0.6603183602734289,-0.42153152681052586,11.674775317785164,95
2451,74.09706703910615,240.0013966480447,830.8261173184358,2160.0,1.4085626733990588,3271.7751396648046,Ezi_3_b2,Ezi RNAi,-0.5861594391550022,-0.40862755646120597,11.247277072246352,95
2452,74.57557251908396,237.2351145038168,916.8129770992366,1653.0,1.4691901931509128,2748.5809160305344,Ezi_3_b2,Ezi RNAi,-0.781612374062497,-0.3879617375274994,4.593892409534112,95
2453,73.51772464962902,243.79967023907668,819.5053586150041,1682.0,1.4185065308138993,3104.489694971146,Ezi_3_b2,Ezi RNAi,-0.5593078199106711,-0.40303699358845946,11.65518777390732,95
2454,72.7787072243346,256.15209125475286,749.1863117870722,1613.0,1.420465563046003,2711.493536121673,Ezi_3_b2,Ezi RNAi,-0.39640480588229376,-0.3955239835485591,16.886344912487267,95
2455,73.45415318230852,260.2998921251348,845.3419633225459,1183.0,1.5753117785703667,2531.7734627831715,Ezi_3_b2,Ezi RNAi,-0.6128477581225679,-0.35489658541152536,9.68401106770719,95
2456,73.73691860465117,259.5813953488372,941.1984011627907,1861.0,1.7180420795415885,2727.2071220930234,Ezi_3_b2,Ezi RNAi,-0.8299842087674133,-0.32613478163984266,2.0491815884408764,95
2457,74.02475780409041,268.43272335844995,807.005382131324,1281.0,1.3154709347490168,3602.0602798708287,Ezi_3_b2,Ezi RNAi,-0.5238069896348293,-0.34742354811768683,13.524962707439007,95
2458,75.59192825112108,271.46337817638266,844.6696562032885,1828.0,1.6027761249597965,3618.671150971599,Ezi_3_b2,Ezi RNAi,-0.6084194817128947,-0.32811684310795874,12.0208705148404,95
2459,76.60050890585242,273.91157760814247,953.8428753180661,2106.0,1.3861232779522616,1856.6444020356234,Ezi_3_b2,Ezi RNAi,-0.8548824420086298,-0.28746119154176586,4.053723575081068,95
2460,74.8326384752829,281.7867778439547,882.7176891006552,2185.0,1.8174230861310607,3009.035735556879,Ezi_3_b2,Ezi RNAi,-0.6912887546988642,-0.2910296454450346,8.26552025266036,95
2461,74.40671865626875,281.6892621475705,901.7336532693462,2134.0,1.6002400256658045,3177.630473905219,Ezi_3_b2,Ezi RNAi,-0.7342586140567391,-0.2852118308498428,6.271207251485528,95
2462,74.12037037037037,283.5349794238683,917.0946502057614,1400.0,1.7957859452426013,3469.061728395062,Ezi_3_b2,Ezi RNAi,-0.7684087973413336,-0.2758567236120919,4.743767174725199,95
2463,75.32173382173382,291.984126984127,875.9957264957264,2231.0,1.5894393063038095,2664.305860805861,Ezi_3_b2,Ezi RNAi,-0.6731451165243216,-0.26850153055491943,9.445408290240902,95
2464,75.45172824791419,285.06972586412394,863.3331346841478,2488.0,1.3868950530340127,3404.3325387365912,Ezi_3_b2,Ezi RNAi,-0.646575680552274,-0.2892595488305467,10.525849172339603,95
2465,77.54312158182583,294.04206983592763,969.4320572149769,3361.0,1.7959700479721317,2199.275557425326,Ezi_3_b2,Ezi RNAi,-0.884352349060145,-0.2338054700635579,3.979625114250907,95
2466,76.34674714956405,308.48692152917505,829.475519785379,2009.0,1.5287897606691987,2879.4419852448023,Ezi_3_b2,Ezi RNAi,-0.5631899973029579,-0.2433862200528225,14.52751483082295,95
2467,73.11483253588517,327.5861244019139,861.7655502392345,798.0,1.70294909957869,2015.9043062200958,Ezi_3_b2,Ezi RNAi,-0.6299522004555702,-0.18688397292801262,8.901941722721606,95
2468,75.9176276771005,317.0362438220758,946.568918176826,2192.0,1.4528668034346792,2497.8407468423943,Ezi_3_b2,Ezi RNAi,-0.8254844076972525,-0.1854406237613746,4.556975261646644,95
2469,74.45538761579718,323.83227693807896,803.6065333983423,2486.0,1.737348343565292,1945.7942467089224,Ezi_3_b2,Ezi RNAi,-0.4997428048021616,-0.21448075866979444,14.984337271252267,95
2470,74.80334728033473,325.6506276150628,871.7803347280335,2065.0,1.7109244770748804,2295.0585774058577,Ezi_3_b2,Ezi RNAi,-0.653507982377503,-0.18839075502106095,9.73226168984721,95
2471,74.51676245210729,354.23275862068965,788.9430076628353,2525.0,1.5512943547083426,1898.969827586207,Ezi_3_b2,Ezi RNAi,-0.4575485640111464,-0.14559982181659492,16.666545890091854,95
2472,74.13754889178618,464.93285528031294,932.3552803129074,2430.0,1.6526149162050379,1884.1773142112124,Ezi_3_b2,Ezi RNAi,-0.7490525193333567,0.1678517154793271,5.95750069003976,95
2473,73.29918337045285,495.1744617668894,867.6146993318486,2291.0,1.6499383785491175,1953.8960653303639,Ezi_3_b2,Ezi RNAi,-0.5934372821635101,0.22041944202329522,10.871657500758701,95
2474,73.30979020979021,520.1776223776224,901.6265734265734,2193.0,1.5002957317221306,1931.8734265734265,Ezi_3_b2,Ezi RNAi,-0.6629615552452301,0.2917317730448228,8.41514498672572,95
2475,71.22939068100358,532.5412186379929,877.7992831541219,1006.0,1.6853067547815321,3064.3602150537636,Ezi_3_b2,Ezi RNAi,-0.6049831573942166,0.31407442790747986,8.474814992780225,95
2476,73.58600917431193,532.1227064220184,936.7901376146789,1146.0,1.3907733810730558,2156.2098623853212,Ezi_3_b2,Ezi RNAi,-0.7390212762138102,0.3318176783506255,5.9515609166711,95
2477,72.32261768082664,546.9138920780712,911.7876004592423,1260.0,1.519746128244229,2400.4247990815156,Ezi_3_b2,Ezi RNAi,-0.6778191264892024,0.35965405843072396,6.9551818550632545,95
2478,72.72903225806452,552.5045161290323,893.6206451612903,1048.0,1.5829060062863312,1974.4193548387098,Ezi_3_b2,Ezi RNAi,-0.6351345892423929,0.3673959054530822,8.934381037222966,95
2479,73.2703071672355,568.4143344709897,874.5174061433447,2064.0,1.3256292352108314,2397.1215017064847,Ezi_3_b2,Ezi RNAi,-0.5872921694966623,0.3998039814138967,11.264880821130605,95
2480,73.15099223468508,570.5021570319241,829.2364106988783,1444.0,1.6587749759759702,2112.9214840379636,Ezi_3_b2,Ezi RNAi,-0.4842038486262775,0.3904472003095878,14.909323518464268,95
2481,73.459584295612,566.7344110854503,951.1501154734411,1187.0,1.5725663938473933,1947.2944572748268,Ezi_3_b2,Ezi RNAi,-0.7612039065121978,0.4201233674330407,5.109577912512542,95
2482,72.82276657060518,587.1671469740634,822.9733429394813,1863.0,1.502614789758875,2193.984870317003,Ezi_3_b2,Ezi RNAi,-0.4650208010207846,0.42877371350137783,15.324444683710997,95
2483,71.38902953586498,690.2388185654008,753.8025316455696,1505.0,1.6882763787069701,2983.459071729958,Ezi_3_b2,Ezi RNAi,-0.2776337822250716,0.6561320495341398,20.996581320729646,95
2484,71.99445983379502,688.9459833795014,781.4813019390582,1847.0,1.4146049872017203,3059.825484764543,Ezi_3_b2,Ezi RNAi,-0.3407550621153026,0.6618078611552389,19.29926288127657,95
2485,71.7128862094951,711.775433308214,744.9577995478523,1622.0,1.5599906007549478,2989.324039186134,Ezi_3_b2,Ezi RNAi,-0.25128748216433594,0.7054186462671477,22.34039826150157,95
2486,75.71212121212122,202.11363636363637,846.5984848484849,1671.0,1.2651171202310045,2923.7772727272727,Ezi_3_b2,Ezi RNAi,-0.6334072398497412,-0.49528042651793436,11.0428173675626,95
2487,74.4369310793238,214.94668400520155,773.5890767230169,1497.0,1.8734580484626744,2436.890767230169,Ezi_3_b2,Ezi RNAi,-0.4641721094058573,-0.4874572314473262,15.968103051980858,95
2488,73.2099907493062,225.85568917668826,801.7391304347826,1407.0,1.6405713941383169,3607.5716928769657,Ezi_3_b2,Ezi RNAi,-0.5243844262923225,-0.45209981449967584,12.571117175788896,95
2489,72.67557251908397,234.22773536895673,743.3078880407124,1094.0,1.699687239083666,2909.43893129771,Ezi_3_b2,Ezi RNAi,-0.3895983374562699,-0.4504350409588497,16.971693274379803,95
2490,73.71102449888642,244.74053452115814,727.4682628062361,2228.0,1.7069645648263625,2134.5918708240533,Ezi_3_b2,Ezi RNAi,-0.35083740126614726,-0.4300486033990256,19.45238153250723,95
2491,75.04224137931034,250.21206896551723,838.6836206896552,1579.0,1.3347779839539535,3170.8284482758622,Ezi_3_b2,Ezi RNAi,-0.6010841841520717,-0.38143094073892936,11.679216480024184,95
2492,74.49082905355833,258.17681584739546,907.9706529713867,1780.0,1.443168405427033,2043.083639031548,Ezi_3_b2,Ezi RNAi,-0.7553700760175883,-0.3401109724422754,5.52228780154221,95
2493,75.59454545454545,268.81151515151515,917.1169696969697,2026.0,1.3088393050213565,3431.007878787879,Ezi_3_b2,Ezi RNAi,-0.7731150470599569,-0.3114794446739979,6.011644128811906,95
2494,74.11918194640339,288.5782792665726,834.6304654442878,1940.0,1.5055268837182922,3546.9238363892805,Ezi_3_b2,Ezi RNAi,-0.5803405933504607,-0.2898959797750742,11.61304648182816,95
2495,73.95886654478976,291.0621572212066,817.0402193784278,1574.0,1.5137216794011723,3319.4926873857403,Ezi_3_b2,Ezi RNAi,-0.5397752858391371,-0.28948301887860917,12.937875149142748,95
2496,75.38024357239513,296.59133964817323,903.297699594046,2257.0,1.465989948130657,2801.380243572395,Ezi_3_b2,Ezi RNAi,-0.7335566272624069,-0.24866817211778736,7.3140275926662,95
2497,73.37635869565217,348.2330163043478,849.413722826087,2002.0,1.4795991187891606,1800.7703804347825,Ezi_3_b2,Ezi RNAi,-0.5959237017123049,-0.14086543127564854,10.460891605279393,95
2498,74.62403331350387,345.7418203450327,804.1713265913147,2127.0,1.6683966016053506,1980.471743010113,Ezi_3_b2,Ezi RNAi,-0.4945444649167995,-0.16129678220552024,15.402373888897577,95
2499,74.94648203592814,352.4678143712575,834.2245508982036,3379.0,1.5374295363861876,1964.434505988024,Ezi_3_b2,Ezi RNAi,-0.5606015944537343,-0.13546375752561413,13.335746818393462,95
2500,74.36732259988074,353.16875372689327,874.8771615980918,2119.0,1.5434747018735302,2288.0023852116874,Ezi_3_b2,Ezi RNAi,-0.6522564468145404,-0.12082838995098366,9.414803225252637,95
2501,73.32231920199501,370.5423940149626,879.2612219451372,2034.0,1.4348932312927534,2232.055486284289,Ezi_3_b2,Ezi RNAi,-0.6568141918262149,-0.07739481865541165,8.247001259499285,95
2502,75.26287262872629,377.2027100271003,979.7653116531166,2489.0,1.4240248590341424,1943.9615176151763,Ezi_3_b2,Ezi RNAi,-0.8825908668081761,-0.029313500624840727,1.9806686371895972,95
2503,73.69974554707379,402.284139100933,879.4410517387616,1675.0,1.5345268957722766,1872.9618320610687,Ezi_3_b2,Ezi RNAi,-0.647864102574928,-0.0005478354400877405,9.03793154097852,95
2504,73.94814814814815,415.92740740740743,810.1925925925926,1165.0,1.5589536661474819,2655.5792592592593,Ezi_3_b2,Ezi RNAi,-0.4871886708302571,0.010422322260601469,15.182216738150572,95
2505,76.00282805429865,423.17533936651586,831.1080316742082,2391.0,1.5734025276164125,2781.543552036199,Ezi_3_b2,Ezi RNAi,-0.5327485085144732,0.034599083741375436,15.602569039039329,95
2506,76.97113842864778,494.3784072688402,895.0358097274185,2953.0,1.5374156586475498,2360.7381079636557,Ezi_3_b2,Ezi RNAi,-0.6564147113210146,0.22719511534001757,12.258109678383809,95
2507,74.18248847926267,513.405529953917,937.6046082949309,1763.0,1.897570505043848,2619.6193548387096,Ezi_3_b2,Ezi RNAi,-0.7465381683644867,0.28679083316664444,6.225412736703776,95
2508,77.35883620689656,512.765625,919.8626077586207,2726.0,1.3699502759965951,2332.8685344827586,Ezi_3_b2,Ezi RNAi,-0.7071958131423454,0.27957643002234644,10.845460989193972,95
2509,72.54454022988506,526.1034482758621,826.955459770115,1012.0,1.5832388757981362,1832.808908045977,Ezi_3_b2,Ezi RNAi,-0.4921163294903137,0.282312365602408,13.892158113350744,95
2510,72.70736434108527,537.4292635658915,867.4786821705426,1454.0,1.5971350755287448,2426.81492248062,Ezi_3_b2,Ezi RNAi,-0.5804641916975949,0.32260628925816204,10.865093149781018,95
2511,75.01430429128739,564.2704811443433,889.665799739922,1096.0,1.4677606411573398,2631.4265279583874,Ezi_3_b2,Ezi RNAi,-0.6231290311556057,0.39458773543111203,11.697142138870763,95
2512,74.99403239556692,573.9403239556692,988.1449275362319,1764.0,1.623374458201495,1891.8397271952258,Ezi_3_b2,Ezi RNAi,-0.8430552294518933,0.44931838578599304,3.6846161689333647,95
2513,72.67355982274742,591.7178729689808,897.8847858197933,975.0,1.649053336327093,2861.410635155096,Ezi_3_b2,Ezi RNAi,-0.6331226635213416,0.46362128958602766,9.058162563776506,95
2514,74.8943488943489,598.7493857493857,943.9328419328419,1838.0,1.572134228601632,2696.7067977067977,Ezi_3_b2,Ezi RNAi,-0.7356394705524151,0.4952706858756568,7.568006991137031,95
2515,73.68303094983992,612.7630736392742,857.5058697972252,1206.0,1.3680950327419772,2463.606189967983,Ezi_3_b2,Ezi RNAi,-0.5357094799106159,0.5016802441842967,13.679692910878634,95
2516,73.77867203219316,613.8947015425889,997.6854460093897,1888.0,1.3889496727806336,2841.3212608987255,Ezi_3_b2,Ezi RNAi,-0.8525387373351216,0.549023037664609,2.227368699482285,95
2517,75.04890387858347,621.7344013490725,904.1871838111299,1833.0,1.545646786719064,2631.924957841484,Ezi_3_b2,Ezi RNAi,-0.6389191983240441,0.538229680800977,11.31163532102104,95
2518,73.85914179104478,649.258395522388,851.1054104477612,1565.0,1.4471802863314964,2273.7248134328356,Ezi_3_b2,Ezi RNAi,-0.5104213137136415,0.5879349080254133,14.877143210450688,95
2519,75.32836831415031,641.9993229519296,864.6811103588354,2144.0,1.9420370125364377,2711.2890995260664,Ezi_3_b2,Ezi RNAi,-0.5435728937740699,0.5746834241586971,15.123154028068504,95
2520,72.28691166989039,683.7898130238556,739.2578981302386,1946.0,1.5902482254162291,3150.375886524823,Ezi_3_b2,Ezi RNAi,-0.24681500599570516,0.6358960724303562,23.003765490181696,95
2521,75.59962049335863,190.52277039848198,958.1812144212523,1374.0,1.5260825704992882,2005.335863377609,Ezi_3_b2,Ezi RNAi,-0.8892775050753757,-0.48781520048057403,1.5697263104679466,95
2522,75.04122621564483,203.56025369978857,858.4894291754757,1329.0,1.596463459890409,2407.2949260042283,Ezi_3_b2,Ezi RNAi,-0.659751643964167,-0.4879925304770901,9.41300729096711,95
2523,73.85961123110151,211.19546436285097,796.7289416846652,1410.0,1.5128428326230194,2701.105831533477,Ezi_3_b2,Ezi RNAi,-0.5175284229836388,-0.489165526941468,13.433296202468185,95
2524,72.9972602739726,211.1123287671233,769.9397260273972,659.0,1.7373911496202077,2020.7232876712328,Ezi_3_b2,Ezi RNAi,-0.45677929395771466,-0.49788546385910193,14.782591498972527,95
2525,77.44009779951101,221.35696821515893,928.7789731051345,2652.0,1.5281799706680688,2511.4997555012224,Ezi_3_b2,Ezi RNAi,-0.8139494079761918,-0.4225865039359752,6.246429542840751,95
2526,77.49243306169966,225.90803259604192,771.3736903376018,2213.0,1.484846833736421,2904.7881257275903,Ezi_3_b2,Ezi RNAi,-0.4564883352240189,-0.46166351662230765,19.344024930826546,95
2527,75.89425770308124,220.9579831932773,884.1932773109244,1776.0,1.2455970698570866,2410.478291316527,Ezi_3_b2,Ezi RNAi,-0.7128999735238477,-0.4377290210644984,8.378325019094582,95
2528,74.72359843546285,221.6897001303781,818.2946544980443,1084.0,1.5152332252337182,3056.3520208604955,Ezi_3_b2,Ezi RNAi,-0.5633673280707032,-0.4569203558083196,12.657426207791522,95
2529,74.72627986348122,232.90034129692833,842.1078498293515,1975.0,1.5600275024355637,3222.641638225256,Ezi_3_b2,Ezi RNAi,-0.6139134236484425,-0.4222212223392525,10.8475747352812,95
2530,76.8510781671159,232.7978436657682,817.2122641509434,1887.0,1.6452845660286843,3399.252021563342,Ezi_3_b2,Ezi RNAi,-0.5580257355272832,-0.43040492557600285,15.017103634485855,95
2531,74.71318493150685,237.04280821917808,774.7277397260274,1628.0,1.7085291876304145,3231.031678082192,Ezi_3_b2,Ezi RNAi,-0.46023727369758305,-0.43363995773732034,16.448560173924157,95
2532,74.20446096654275,246.1085501858736,803.7910780669145,1714.0,1.632045924299637,3093.967286245353,Ezi_3_b2,Ezi RNAi,-0.5232007967924324,-0.40245598773646396,13.66699272015907,95
2533,74.83241758241758,250.53388278388277,863.2261904761905,1605.0,1.5662375444394687,3455.717032967033,Ezi_3_b2,Ezi RNAi,-0.6564744034296908,-0.3728414719078127,9.450047919120996,95
2534,78.12583333333333,251.71875,880.3216666666667,3032.0,1.6615688742975263,3391.570833333333,Ezi_3_b2,Ezi RNAi,-0.6954298927338973,-0.3645565791123223,11.337826800034998,95
2535,73.98833819241983,258.50145772594755,814.1268221574344,1083.0,1.3833832141881912,3331.7580174927116,Ezi_3_b2,Ezi RNAi,-0.5428619789979312,-0.36918376948381093,12.76681630337028,95
2536,78.54939106901217,257.3725755525485,807.979702300406,3203.0,1.8923632008930587,3524.6129905277403,Ezi_3_b2,Ezi RNAi,-0.5301624471285618,-0.3739006419324876,17.80368148090045,95
2537,75.67075532601679,261.72111039380246,860.7675919948354,2078.0,1.6224081462965068,3367.5642349903164,Ezi_3_b2,Ezi RNAi,-0.6477491100531709,-0.34656422102732065,10.639684381927829,95
2538,74.35208535402522,264.23084384093113,830.8535402521824,1451.0,1.4635713026377402,3313.542192046557,Ezi_3_b2,Ezi RNAi,-0.579072711635489,-0.35000263597038195,11.827112288127353,95
2539,75.7360570687419,268.2315175097276,884.4027237354086,2104.0,1.558184785073106,3401.5985732814524,Ezi_3_b2,Ezi RNAi,-0.6993005718376017,-0.32329334670630194,8.843299257784237,95
2540,76.81845919145691,274.5575896262395,831.9580472921434,1845.0,1.3905588647374074,3627.4454614797864,Ezi_3_b2,Ezi RNAi,-0.5789757862842466,-0.32468395822164564,14.333530805767476,95
2541,76.18346900438321,290.4802755165936,944.1928616155291,2138.0,1.4484495523441103,2916.783343769568,Ezi_3_b2,Ezi RNAi,-0.8280482639861889,-0.2504447960620515,4.658415854998681,95
2542,79.19613165931456,295.231421784866,790.8931116389549,3870.0,1.9352849264111,2877.9385816084155,Ezi_3_b2,Ezi RNAi,-0.4803825985723216,-0.2877506673046517,20.370034727955552,95
2543,75.72740315638451,313.09540889526545,861.2575322812052,2147.0,1.7098770320808032,2719.5624103299856,Ezi_3_b2,Ezi RNAi,-0.6336072443408411,-0.22211979014802785,11.351126378719298,95
2544,75.09528851244045,331.075172048703,923.5039703546851,2308.0,1.492606604737306,2197.562731604023,Ezi_3_b2,Ezi RNAi,-0.7689737696504286,-0.1588104946786919,5.83009702435984,95
2545,74.45275888133031,369.4988662131519,856.6643990929705,1887.0,1.6868952797760297,2206.53514739229,Ezi_3_b2,Ezi RNAi,-0.6062166129939957,-0.0871171776020554,11.223296384136757,95
2546,74.69896373056994,373.7849740932642,836.7678756476683,2365.0,1.41851344214882,2182.9331606217615,Ezi_3_b2,Ezi RNAi,-0.5599759083820921,-0.08308063300824642,13.167854856239389,95
2547,76.22504537205081,379.7640653357532,935.2891712038718,2247.0,1.4065741002907315,2390.61887477314,Ezi_3_b2,Ezi RNAi,-0.7813897116609552,-0.03727561894082854,6.64283401139935,95
2548,75.99778516057586,386.28848283499445,799.5769656699889,2446.0,1.6481525082525534,2963.6782945736436,Ezi_3_b2,Ezi RNAi,-0.4723681161817542,-0.06467388860868262,17.699133884341073,95
2549,73.33559322033898,396.05762711864406,895.0576271186441,960.0,1.754101748025472,1890.2457627118645,Ezi_3_b2,Ezi RNAi,-0.6849755531429611,-0.010639891044587402,7.302611661137981,95
2550,75.37317073170732,402.3211382113821,824.8024390243902,1910.0,1.4720561195595938,3026.9560975609756,Ezi_3_b2,Ezi RNAi,-0.5245569703548313,-0.017855460345250873,15.212958920930346,95
2551,73.91325301204819,408.4859437751004,840.570281124498,1725.0,1.632463061811992,3050.289156626506,Ezi_3_b2,Ezi RNAi,-0.5581200761921898,0.002085852770935981,12.540960787617273,95
2552,75.87263556116015,404.3171500630517,861.8511979823455,2245.0,1.5541642108895843,2895.8675914249684,Ezi_3_b2,Ezi RNAi,-0.6078799849044265,-0.0012407430042392642,12.681664631151959,95
2553,75.5197486535009,435.3536804308797,852.7926391382406,1596.0,1.5299405141281204,2669.9299820466786,Ezi_3_b2,Ezi RNAi,-0.5780984185180156,0.07096519936833556,13.497335790825053,95
2554,74.5220207253886,440.96632124352334,886.6269430051814,1187.0,1.4618294117814559,1806.6424870466321,Ezi_3_b2,Ezi RNAi,-0.652788159297483,0.09531647459868386,9.788193237565208,95
2555,74.9402460456942,532.52460456942,921.3374340949033,1522.0,1.3260579597119642,2015.5096660808435,Ezi_3_b2,Ezi RNAi,-0.7042002391266011,0.32786403892275984,8.581140667631868,95
2556,73.69522091974753,600.5861136158702,1013.1884580703336,1511.0,1.6085100009218691,2001.4562669071236,Ezi_3_b2,Ezi RNAi,-0.8915507489528965,0.5217594781817396,0.6852716500238154,95
2557,75.20359771054784,598.6132461161079,980.8626328699918,1815.0,1.4711999453832434,2149.4407195421095,Ezi_3_b2,Ezi RNAi,-0.8192903105316149,0.5066905128295995,4.828114730295987,95
2558,76.50994390617032,610.8261091279959,838.4013258541561,2688.0,1.5315405108354418,2936.7526772055076,Ezi_3_b2,Ezi RNAi,-0.49360291085346186,0.49089660124865553,18.046363932390413,95
2559,77.71263910969793,616.2881558028616,874.612480127186,3487.0,1.524754014913063,2827.5747217806042,Ezi_3_b2,Ezi RNAi,-0.5741358211466805,0.515625517031318,16.33184659075545,95
2560,77.39241256668643,612.1013633669236,900.2708950800237,2795.0,1.8365601199152488,2687.883817427386,Ezi_3_b2,Ezi RNAi,-0.6333687646514565,0.5136631837663641,13.839590501537396,95
2561,75.63653663177926,627.9400570884872,871.4595623215985,1331.0,1.6297703662608778,2846.869647954329,Ezi_3_b2,Ezi RNAi,-0.563144075301398,0.5428250196115345,14.68080463545962,95
2562,74.73002159827213,633.4463642908568,841.3002159827214,1920.0,1.6367637353912041,3306.675305975522,Ezi_3_b2,Ezi RNAi,-0.4931014067376316,0.546555418566071,16.33974039769636,95
2563,75.43627646823812,635.7115461446265,802.0850978825409,3799.0,1.9174879236466782,1907.4342788653616,Ezi_3_b2,Ezi RNAi,-0.40384199124691866,0.5395525204718206,20.30891024019989,95
2564,74.31787439613527,682.4405797101449,767.0792270531401,1350.0,1.5148859794678462,3156.256038647343,Ezi_3_b2,Ezi RNAi,-0.3105482894082967,0.6414715053423659,22.714467855637583,95
2565,76.59963658388855,206.69049061175045,945.5850999394306,2192.0,1.4737577626901321,2726.834645669291,Ezi_3_b2,Ezi RNAi,-0.8561681793218345,-0.4527155869879841,3.824101643934978,95
2566,79.18166573504752,211.75908328675237,913.9133594186696,2255.0,1.65326799825164,3111.8859698155393,Ezi_3_b2,Ezi RNAi,-0.7835012424179478,-0.4505481476141171,9.078199959330608,95
2567,78.64788732394366,221.1105420401195,787.4323516858728,2848.0,1.4337125824878618,2956.1476739223217,Ezi_3_b2,Ezi RNAi,-0.49446619158594973,-0.46816760546712743,19.105870501682173,95
2568,76.79807692307692,231.89903846153845,892.4017857142857,1994.0,1.6361516415186947,3075.0831043956046,Ezi_3_b2,Ezi RNAi,-0.7283939664347766,-0.40865344231762035,8.74998731161756,95
2569,77.40563019833654,263.9289827255278,769.511836212412,1929.0,1.7193805894407683,2660.725527831094,Ezi_3_b2,Ezi RNAi,-0.44096496753689585,-0.37027201139789645,19.925758174821507,95
2570,78.87765567765568,287.94798534798537,853.9641025641025,3541.0,1.7204769229816412,3338.2908424908424,Ezi_3_b2,Ezi RNAi,-0.6251792660749038,-0.2852998377706927,14.751567370829438,95
2571,77.11777615215802,289.1945866861741,956.6912948061448,1753.0,1.4452947081620815,2232.478419897586,Ezi_3_b2,Ezi RNAi,-0.856885819348953,-0.2495842833670744,4.541095672901818,95
2572,77.87029569892474,303.0967741935484,956.864247311828,1989.0,1.368976147387499,3167.9119623655915,Ezi_3_b2,Ezi RNAi,-0.853291318591253,-0.2159008501151033,5.464896248640201,95
2573,75.89175977653632,306.19902234636874,806.1662011173185,1913.0,1.4969229031755318,2793.0481843575417,Ezi_3_b2,Ezi RNAi,-0.511046784067011,-0.2563354414258232,15.9658590444472,95
2574,75.42271293375394,302.7137223974763,932.4164037854889,1850.0,1.494409518405432,3227.4463722397477,Ezi_3_b2,Ezi RNAi,-0.7976252107035834,-0.22459099485934164,5.037315964783213,95
2575,77.28405063291139,359.8273417721519,852.2567088607595,2549.0,1.3884793195293614,2223.6283544303797,Ezi_3_b2,Ezi RNAi,-0.5996591666949069,-0.11193633181814588,14.277340627791652,95
2576,75.63725490196079,367.1503267973856,806.2575163398693,2167.0,1.685479525509133,2348.727450980392,Ezi_3_b2,Ezi RNAi,-0.4930985992620446,-0.10884634992270592,16.529753555172235,95
2577,75.69390243902438,379.7268292682927,821.1640243902439,2084.0,1.5149214431974283,2393.5146341463415,Ezi_3_b2,Ezi RNAi,-0.5230984815150034,-0.07367730803333616,15.526850810408696,95
2578,75.96540880503144,385.10141509433964,853.1548742138365,1956.0,1.5255403187112053,2353.6556603773583,Ezi_3_b2,Ezi RNAi,-0.5939310631636396,-0.05049682813955325,13.23133861399354,95
2579,75.55299539170507,417.00921658986175,953.860599078341,1320.0,1.5525992467298129,1826.626728110599,Ezi_3_b2,Ezi RNAi,-0.8122138007224742,0.058744778156638144,4.945393429580822,95
2580,76.7741935483871,440.18279569892474,925.6691480562448,1746.0,1.417270605660323,1875.106699751861,Ezi_3_b2,Ezi RNAi,-0.7417822126074844,0.10582959781686063,8.801416115311508,95
2581,75.64266666666667,479.47333333333336,897.3,1236.0,1.6372184212098122,1841.3986666666667,Ezi_3_b2,Ezi RNAi,-0.6657108177305361,0.19186468252823818,10.545765619992466,95
2582,76.27260273972603,508.88493150684934,848.1691780821918,1891.0,1.4774651962687948,2274.500684931507,Ezi_3_b2,Ezi RNAi,-0.5459391026291117,0.24738189424637613,15.624253010180736,95
2583,75.10111111111111,514.2488888888889,965.4788888888888,1241.0,1.3379751961015969,2056.1244444444446,Ezi_3_b2,Ezi RNAi,-0.8095271205825335,0.2976948693530852,4.85297920355334,95
2584,78.3266006097561,525.874618902439,844.141006097561,3438.0,1.353432564859255,2145.771722560976,Ezi_3_b2,Ezi RNAi,-0.5321716526333733,0.2871895558641051,18.23330647697159,95
2585,76.98027842227378,527.304524361949,882.3323665893272,2372.0,1.2736678212971713,3084.602668213457,Ezi_3_b2,Ezi RNAi,-0.6178947751307009,0.3028103223694434,13.760772722159015,95
2586,76.11184834123223,538.418009478673,896.036018957346,1491.0,1.5432191974693577,3322.389573459716,Ezi_3_b2,Ezi RNAi,-0.6454308987512989,0.3340631938734213,11.915445986536366,95
2587,75.16803278688525,544.5631147540984,854.8581967213115,1795.0,1.6857167213765871,2873.8934426229507,Ezi_3_b2,Ezi RNAi,-0.5502627531070753,0.33583314638678097,14.454736120916774,95
2588,76.1144827586207,541.1351724137932,962.831724137931,1056.0,1.6962745783024087,2250.561379310345,Ezi_3_b2,Ezi RNAi,-0.795745159715862,0.36189141444821904,6.445094679096492,95
2589,77.35274542429285,546.8319467554077,949.6497504159734,1592.0,1.3075233217392397,2086.124792013311,Ezi_3_b2,Ezi RNAi,-0.7644664262235424,0.3714708836231295,8.8434729373249,95
2590,75.84590163934426,559.5926229508196,906.0909836065574,1563.0,1.4333865251743698,2523.5139344262293,Ezi_3_b2,Ezi RNAi,-0.6618386254730608,0.3884918123263663,11.107650342743767,95
2591,75.02470461868958,560.2943071965628,941.0472610096671,1182.0,1.4489041972142886,2988.2771213748656,Ezi_3_b2,Ezi RNAi,-0.7405593706504365,0.4013179651781231,7.415397965018534,95
2592,75.46735074626865,571.929104477612,926.1287313432836,1491.0,1.2962723353608006,1876.9151119402984,Ezi_3_b2,Ezi RNAi,-0.7034356436399478,0.42471579523794367,9.24456437461549,95
2593,76.8156862745098,573.603431372549,1006.8725490196078,3670.0,1.8269752660067924,1850.1210784313726,Ezi_3_b2,Ezi RNAi,-0.885873827415553,0.45445066801167266,3.9505551001344372,95
2594,74.90737659456461,586.5623960066556,841.8075429839157,2751.0,1.8829288173868677,2428.750970604548,Ezi_3_b2,Ezi RNAi,-0.5082104020316414,0.4332901693486797,15.840002414469442,95
2595,78.65117682558841,584.3705491852746,857.1249245624623,2284.0,1.3825827037781757,2714.744115872058,Ezi_3_b2,Ezi RNAi,-0.5442323131141823,0.4328371052718978,18.277551235313474,95
2596,75.17906336088154,593.2754820936639,860.1446280991736,956.0,1.4877310254065448,2703.589531680441,Ezi_3_b2,Ezi RNAi,-0.5477546562753964,0.45536417577876453,14.689041787636635,95
2597,76.8741672834937,602.8164322723908,991.3723168023686,1947.0,1.332307839402735,2513.958549222798,Ezi_3_b2,Ezi RNAi,-0.8421387903339274,0.5201925299488301,5.682823342292452,95
2598,75.64956590370954,604.756906077348,880.7253354380426,1648.0,1.5103565428671395,2954.241515390687,Ezi_3_b2,Ezi RNAi,-0.590996520435093,0.4896867673025842,13.615676715876448,95
2599,75.52677459526775,607.2353673723537,930.3250311332503,2024.0,1.826556653241257,2844.7708592777085,Ezi_3_b2,Ezi RNAi,-0.7024528479669565,0.5114664818702686,9.435549356773068,95
2600,77.62355309511827,624.7760442878712,852.6170105686965,2729.0,1.3621613583986258,2826.464519375944,Ezi_3_b2,Ezi RNAi,-0.5218340696267547,0.5291616466431275,18.172298327505644,95
2601,75.34798994974874,629.1105527638191,928.9359296482412,1035.0,1.3716108283384252,1889.4899497487438,Ezi_3_b2,Ezi RNAi,-0.6927776882030008,0.5639478658903723,9.668076775002495,95
2602,75.07477477477478,633.5,914.2063063063063,1817.0,1.7280212507970596,2104.6216216216217,Ezi_3_b2,Ezi RNAi,-0.6580966883038775,0.5698819334373859,10.670231423948708,95
2603,76.49162861491628,638.8302891933029,880.6065449010655,1793.0,1.4071703341829418,2153.5616438356165,Ezi_3_b2,Ezi RNAi,-0.5807670800063267,0.5720765868097657,14.925810656621827,95
2604,74.65882352941176,638.3372549019608,827.7490196078431,1003.0,1.562804914262104,3264.7843137254904,Ezi_3_b2,Ezi RNAi,-0.4609762109915094,0.5540762812490989,17.452788179568408,95
2605,77.32666132906326,640.9695756605284,818.3530824659728,1674.0,1.4290723478612093,2970.3386709367496,Ezi_3_b2,Ezi RNAi,-0.43944695270812995,0.5574373808404507,20.921960145028287,95
2606,75.43676222596964,669.3676222596964,790.1703204047218,1479.0,1.4849203379670084,2890.295952782462,Ezi_3_b2,Ezi RNAi,-0.3668878634860665,0.6171847169487381,21.747775695552075,95
2607,76.64474624731952,191.62330235882774,937.5325232308792,2047.0,1.423828707297014,2547.0264474624732,Ezi_3_b2,Ezi RNAi,-0.8424342144396835,-0.4917300152948483,4.329333305640258,95
2608,79.20922677063028,202.03053931124106,961.9220272904483,1878.0,1.6566649259223123,2116.7719298245615,Ezi_3_b2,Ezi RNAi,-0.8950129297244049,-0.45880786933932327,5.013902508739335,95
2609,77.74246575342465,202.2372602739726,895.6295890410959,2592.0,1.3752967115589692,2482.5150684931505,Ezi_3_b2,Ezi RNAi,-0.744688609413541,-0.47939269943134,9.023316382286568,95
2610,77.86388670338316,219.61132966168373,835.2053501180173,1602.0,1.3478196502105828,3077.368214004721,Ezi_3_b2,Ezi RNAi,-0.6028448401954718,-0.45658795326023105,14.363684046701238,95
2611,78.07624234172907,213.785568413887,806.5575221238938,1847.0,1.2843117406486901,2971.0333560245062,Ezi_3_b2,Ezi RNAi,-0.5398022203630091,-0.47979934707381644,16.859502919827932,95
2612,78.64080100125156,218.89361702127658,898.2953692115144,1943.0,1.3983329065152332,2290.848560700876,Ezi_3_b2,Ezi RNAi,-0.7459437155494426,-0.438253878570817,9.92407787216452,95
2613,77.4971363115693,242.93699885452463,764.8602520045819,1158.0,1.5921330519532857,3479.9289805269186,Ezi_3_b2,Ezi RNAi,-0.4366944114503618,-0.4225382827219538,20.116488883936274,95
2614,76.87552742616033,263.28270042194094,790.0917721518987,2467.0,1.6979417742989227,3064.6487341772154,Ezi_3_b2,Ezi RNAi,-0.48761629499342773,-0.3652834762918654,17.691191849568398,95
2615,75.7859778597786,278.4059040590406,784.9538745387454,670.0,1.5671458853593525,2834.0350553505536,Ezi_3_b2,Ezi RNAi,-0.47129122177770333,-0.33032397895402466,17.233972288525102,95
2616,77.53292410714286,327.06361607142856,822.7215401785714,2209.0,1.396846622983471,2218.4157366071427,Ezi_3_b2,Ezi RNAi,-0.5426181283637588,-0.20060084315725146,16.51810921982212,95
2617,79.6701030927835,351.6579745300182,821.4924196482717,2030.0,1.5237050318343224,2294.4147968465736,Ezi_3_b2,Ezi RNAi,-0.532940232103032,-0.1415052135423851,19.08210555650447,95
2618,78.94954721862872,375.32826649417854,918.1600905562742,3917.0,1.2345292505225927,2453.7121604139716,Ezi_3_b2,Ezi RNAi,-0.7444752060983115,-0.05347537783444678,10.71067853173163,95
2619,77.48221044663134,393.14383043149127,838.3603330809992,1738.0,1.4524896080470682,3335.805450416351,Ezi_3_b2,Ezi RNAi,-0.5583604969673405,-0.03575753478994381,16.072047120386493,95
2620,79.85384615384615,404.45656108597285,896.1561085972851,3022.0,1.5924923252831937,1909.5506787330316,Ezi_3_b2,Ezi RNAi,-0.6862128379590772,0.009986519916858949,13.821130695162214,95
2621,75.58583690987125,497.5,858.2789699570816,719.0,1.567107380343748,2613.2682403433478,Ezi_3_b2,Ezi RNAi,-0.572062447459398,0.22305999300648094,13.951860292642614,95
2622,76.79445015416239,527.6875642343268,975.224049331963,1343.0,1.4949424929903437,2140.4244604316546,Ezi_3_b2,Ezi RNAi,-0.8279067935022162,0.33329671343081513,5.9184528097676194,95
2623,76.2202304737516,526.3175416133163,957.7810499359795,1124.0,1.6652518071116336,2708.124199743918,Ezi_3_b2,Ezi RNAi,-0.7887402704836557,0.32443555753080333,6.766513217627219,95
2624,76.38297872340425,543.7070376432079,934.7798690671032,1656.0,1.5783539077640294,2290.32651391162,Ezi_3_b2,Ezi RNAi,-0.7315670454009028,0.35918551929955145,9.06136840923121,95
2625,75.70240963855422,562.6036144578313,844.7662650602409,1158.0,1.655033976575965,2344.789156626506,Ezi_3_b2,Ezi RNAi,-0.522173570449483,0.37626341906419514,16.063890175851988,95
2626,77.29984894259819,574.5770392749245,885.1080060422961,2481.0,1.6052910160002232,2366.432779456193,Ezi_3_b2,Ezi RNAi,-0.6101929231017471,0.41805698677809566,14.490155478226349,95
2627,77.69574621485219,597.3979812545061,896.9033886085076,1872.0,1.420289888320219,2774.8745493871666,Ezi_3_b2,Ezi RNAi,-0.6301757941813872,0.4770180283635712,14.220611022873713,95
2628,77.5095785440613,604.978288633461,950.978288633461,1738.0,1.573698525133429,2757.7164750957854,Ezi_3_b2,Ezi RNAi,-0.7502293084578742,0.5125649866760151,9.677243272367836,95
2629,76.54301075268818,632.6272401433691,859.073476702509,980.0,1.7076401722143808,2856.783154121864,Ezi_3_b2,Ezi RNAi,-0.533902419135894,0.5502174219821128,16.669239464313748,95
2630,77.29325153374234,196.16073619631902,816.3558282208589,1113.0,1.4159957885575998,2677.327607361963,Ezi_3_b2,Ezi RNAi,-0.5670560542711991,-0.5193158141606239,15.032451700720085,95
2631,82.58409436834094,205.5007610350076,797.0536529680365,3561.0,1.6404743075508785,2004.1419330289193,Ezi_3_b2,Ezi RNAi,-0.5216238117625349,-0.5028962020808456,22.023377469161378,95
2632,79.23054587688733,232.0423925667828,754.3188153310105,2546.0,1.3389799624666525,2759.946573751452,Ezi_3_b2,Ezi RNAi,-0.4164130544987037,-0.4522610373436393,22.565889953258303,95
2633,81.09158186864015,229.10915818686402,800.5393154486586,2909.0,1.1636954899142657,3346.8529139685475,Ezi_3_b2,Ezi RNAi,-0.5222112906749286,-0.44466195240164563,20.568132527594898,95
2634,77.97572362278244,249.25396825396825,754.7282913165266,1613.0,1.3299278915664927,2995.6199813258636,Ezi_3_b2,Ezi RNAi,-0.4119865643578332,-0.4104829056864858,21.5146600133028,95
2635,79.67198468410976,245.59859604339502,929.4492661135929,2244.0,1.2340621018460085,2397.029993618379,Ezi_3_b2,Ezi RNAi,-0.8086917108179561,-0.3637404460019773,8.74335141386672,95
2636,79.32251655629139,250.63907284768212,899.2132450331126,2029.0,1.5300756514351754,3474.808609271523,Ezi_3_b2,Ezi RNAi,-0.7387205187973632,-0.3611650537081511,10.957403682984843,95
2637,78.31765935214212,260.141065830721,822.730407523511,1272.0,1.3261165105111095,3765.6572622779518,Ezi_3_b2,Ezi RNAi,-0.5626682167426458,-0.36250764034021954,16.393498485226175,95
2638,78.68248429867411,277.804605722261,794.0690858339149,1891.0,1.5399500269364468,2592.082344731333,Ezi_3_b2,Ezi RNAi,-0.4926465459295124,-0.32889708637974013,19.360318874890318,95
2639,79.8340666247643,275.98491514770586,809.7737272155877,2277.0,1.3182450678112438,3163.154619736015,Ezi_3_b2,Ezi RNAi,-0.5289381343837096,-0.3283096635522976,19.187815694868668,95
2640,80.45671641791044,280.8686567164179,826.8716417910448,2055.0,1.553593337869056,3374.2471641791044,Ezi_3_b2,Ezi RNAi,-0.5662894114811509,-0.311057954997356,18.464042744943228,95
2641,79.18578623391159,291.44991606043646,804.2031337437045,2429.0,1.5383569877718495,3311.476217123671,Ezi_3_b2,Ezi RNAi,-0.511617001152074,-0.2926638261554396,19.210639209136488,95
2642,82.49449973808277,286.57936092194865,924.1131482451545,2705.0,1.518383714812725,3142.3719224724987,Ezi_3_b2,Ezi RNAi,-0.7849853965398554,-0.26631281641106186,12.550865397908348,95
2643,78.38398115429918,292.31095406360424,894.8645465253239,1134.0,1.2722417232446284,3177.0624263839813,Ezi_3_b2,Ezi RNAi,-0.7163233430463052,-0.261726685720146,10.944936046018217,95
2644,78.96941612604263,307.9944392956441,969.3373493975904,1574.0,1.3965870699422058,1897.368860055607,Ezi_3_b2,Ezi RNAi,-0.8802662781196334,-0.20009019799846262,5.597600313180449,95
2645,78.0653983353151,311.60166468489894,904.7847800237812,1313.0,1.4812320744230507,2780.6337693222354,Ezi_3_b2,Ezi RNAi,-0.7329758084190763,-0.21189828757658657,10.070301388829822,95
2646,77.54134443783462,325.36168947055324,891.5883402736466,2136.0,1.4333517209599311,2867.1118381915526,Ezi_3_b2,Ezi RNAi,-0.6989319401289547,-0.18280465218249953,10.822868731195586,95
2647,79.86458957459557,327.9640503295386,911.6171360095866,2599.0,1.4355629461804358,2742.2480527261832,Ezi_3_b2,Ezi RNAi,-0.7439171901857555,-0.17015072096843287,11.521099853418859,95
2648,78.6975546975547,332.6634491634492,865.5540540540541,2174.0,1.5208239342950463,2116.976833976834,Ezi_3_b2,Ezi RNAi,-0.6380832187557514,-0.1734313923493167,14.221351573248624,95
2649,80.4761663286004,346.15872210953347,968.2570993914808,2613.0,1.4642196608199083,2363.296146044625,Ezi_3_b2,Ezi RNAi,-0.8667735251137804,-0.10811361557261323,7.704777793812003,95
2650,77.81670721816707,356.0600162206002,917.7307380373073,1644.0,1.4405640040315084,2799.963503649635,Ezi_3_b2,Ezi RNAi,-0.7490108924062924,-0.10021993519335148,9.356402733074049,95
2651,77.35985915492958,362.406338028169,932.724647887324,1791.0,1.4158975828487699,2488.245774647887,Ezi_3_b2,Ezi RNAi,-0.7809610047900771,-0.0800922942536828,7.750259870724826,95
2652,77.71358695652174,373.1657608695652,896.5521739130435,2415.0,1.5547266812786444,2116.134782608696,Ezi_3_b2,Ezi RNAi,-0.6959946455154131,-0.06557474994299695,11.2321374014674,95
2653,83.28869047619048,378.4642857142857,872.28125,2275.0,1.694187464276995,2098.3035714285716,Ezi_3_b2,Ezi RNAi,-0.6405758775765926,-0.060515594257805505,18.861478592479443,95
2654,80.03918722786648,390.1719883889695,864.4477503628447,1909.0,1.6052786734116324,2082.4492017416546,Ezi_3_b2,Ezi RNAi,-0.618753560517251,-0.03466281802495619,16.42798349608378,95
2655,78.7794803464357,408.2358427714857,880.3624250499666,1929.0,1.658887828690463,2065.7481678880745,Ezi_3_b2,Ezi RNAi,-0.6491524570495617,0.014111062740683522,14.104450104742277,95
2656,80.7468605419696,420.39590218109714,861.1711830799736,2092.0,1.3703479000030678,3303.0290812954395,Ezi_3_b2,Ezi RNAi,-0.6024976633478335,0.03741011050493581,17.812566226005416,95
2657,79.1578660860098,431.9891126837235,881.1611322808927,2654.0,1.7550832685836337,2983.6499727817095,Ezi_3_b2,Ezi RNAi,-0.6439757637738766,0.0718285972430075,14.737154736847534,95
2658,76.48325358851675,523.1626794258373,910.11004784689,538.0,1.9025499004980762,2704.3875598086124,Ezi_3_b2,Ezi RNAi,-0.6818752444599673,0.3016322418337827,10.918134257387035,95
2659,78.3672670321065,553.126076742365,922.8935003915427,1734.0,1.3154733677693489,2687.725137039937,Ezi_3_b2,Ezi RNAi,-0.7022565270926058,0.37817759585731703,12.146676060550773,95
2660,77.94416243654823,559.4771573604061,836.763596809282,1716.0,1.4301328258678077,2219.6098622189993,Ezi_3_b2,Ezi RNAi,-0.5054256696758643,0.3661385357495861,18.915591000456704,95
2661,79.68516042780749,578.1724598930481,843.3823529411765,1828.0,1.4754068976883103,2415.270053475936,Ezi_3_b2,Ezi RNAi,-0.5151796504380322,0.41346249673052493,20.35759754355947,95
2662,79.99766464269034,582.0971508640822,895.9640354974312,3133.0,1.286575319370304,2750.064922933209,Ezi_3_b2,Ezi RNAi,-0.6330361905750361,0.4396870888284561,16.3848443319572,95
2663,80.48793809740555,584.6203914428767,928.3682294037324,2974.0,1.5206431787381283,2957.0350477924444,Ezi_3_b2,Ezi RNAi,-0.7056928045010424,0.45609946211996655,14.234642207030538,95
2664,76.7820710973725,591.7975270479135,876.6970633693973,1057.0,1.5008774371595266,2578.3678516228747,Ezi_3_b2,Ezi RNAi,-0.585949170332893,0.45704517989236493,14.901078184806074,95
2665,77.08645753634276,607.7406273909717,967.2417750573833,1690.0,1.392658327598166,3003.2509563886765,Ezi_3_b2,Ezi RNAi,-0.7861228589939093,0.5244257273098394,7.951473231229118,95
2666,80.63844621513944,604.7898406374502,1010.9243027888447,1794.0,1.538021924922867,1965.0796812749004,Ezi_3_b2,Ezi RNAi,-0.8865078110825727,0.5311637256035147,7.847861893924205,95
2667,78.19726858877087,616.5311077389985,939.5068285280728,2208.0,1.5982890022894172,3070.154779969651,Ezi_3_b2,Ezi RNAi,-0.7209755827568101,0.5368597611113382,11.465149004721622,95
2668,76.44471347861179,624.367231638418,887.1485068603713,1483.0,1.5734882170158837,2816.6860371267153,Ezi_3_b2,Ezi RNAi,-0.599855236573801,0.5391683605117861,14.143662042635068,95
2669,77.65533522190746,635.3767705382436,895.0878186968838,1425.0,1.6250084239628468,2042.0793201133145,Ezi_3_b2,Ezi RNAi,-0.614778541015337,0.568321959839224,14.844185253388341,95
2670,77.073546856465,652.8742586002372,839.2218268090154,1104.0,1.5476306509512079,3098.578884934757,Ezi_3_b2,Ezi RNAi,-0.48307631307515875,0.5928803295192837,19.109480590583836,95
2671,84.88752196836555,212.55243116578794,822.7475102519039,3497.0,1.8505447460217597,2196.6186291739896,Ezi_3_b2,Ezi RNAi,-0.5781003974308205,-0.47767536437511315,22.294794421709675,95
2672,80.06840796019901,237.54415422885572,909.7960199004975,2031.0,1.4738804189796755,3423.978233830846,Ezi_3_b2,Ezi RNAi,-0.766696006013458,-0.3894827353476913,10.650492938718042,95
2673,82.07109826589596,248.9728323699422,856.1317919075144,2583.0,1.7279299614905614,3478.7450867052025,Ezi_3_b2,Ezi RNAi,-0.6422723549851558,-0.3789227745019257,17.227457861213686,95
2674,79.73596256684492,248.5922459893048,740.8275401069519,1872.0,1.591741514563305,2575.3262032085563,Ezi_3_b2,Ezi RNAi,-0.38107034785884564,-0.41651855345975297,24.40640828884892,95
2675,80.10119047619048,248.91156462585033,832.827380952381,1647.0,1.8902992556334415,3093.513605442177,Ezi_3_b2,Ezi RNAi,-0.5891889844666272,-0.38647370403545434,17.185918533308048,95
2676,80.8696418085731,261.40164415736933,844.9271873165003,2274.0,1.5623679956993204,3318.747504403993,Ezi_3_b2,Ezi RNAi,-0.6130007365267052,-0.35241149001501226,17.12267412661421,95
2677,79.07120500782473,269.97417840375584,904.9992175273866,1679.0,1.526904923416951,3080.786384976526,Ezi_3_b2,Ezi RNAi,-0.7460191710095806,-0.31254522856735256,10.491427275412892,95
2678,81.91184041184042,289.9761904761905,937.4337194337195,1949.0,1.5381355943218686,2288.2902187902187,Ezi_3_b2,Ezi RNAi,-0.8140017916767741,-0.25385247034066283,10.917455212984176,95
2679,81.61839207048457,301.3650881057269,946.9911894273127,2334.0,1.5587172622557373,3204.3441629955946,Ezi_3_b2,Ezi RNAi,-0.8321856358661731,-0.22325638036564321,9.990830753532121,95
2680,79.14244465832532,310.03657362848895,851.0028873917228,1485.0,1.5005245706346533,2855.7978825794034,Ezi_3_b2,Ezi RNAi,-0.6119687694898959,-0.2328053181307248,15.558683092953927,95
2681,82.28968713789108,326.39107763615294,947.2833140208575,4675.0,1.6233265767328373,2505.779837775203,Ezi_3_b2,Ezi RNAi,-0.8255407974681191,-0.1626228857711356,10.974433540553445,95
2682,79.2590448625181,340.3263386396527,878.5007235890015,1963.0,1.3949514159097662,2298.3712011577422,Ezi_3_b2,Ezi RNAi,-0.6652053061197375,-0.15077668567388836,13.816674209513376,95
2683,80.36446360153256,344.9822796934866,942.4827586206897,2940.0,1.3995562196196756,2580.7265325670496,Ezi_3_b2,Ezi RNAi,-0.8087888674318577,-0.11916052881978711,9.703581490683561,95
2684,80.03660220994475,359.66229281767954,881.2085635359116,1807.0,1.4410257394517512,2750.8798342541436,Ezi_3_b2,Ezi RNAi,-0.6657364669616266,-0.10314099242899766,14.629882333133827,95
2685,80.78944413250983,359.55530600786074,833.7029758562605,2402.0,1.6757023723281335,2034.3138686131388,Ezi_3_b2,Ezi RNAi,-0.5584339914472944,-0.118521198523316,19.297219691471135,95
2686,82.78154106689246,371.95554614733277,815.7557154953429,3086.0,1.4550364527906026,3439.418712955123,Ezi_3_b2,Ezi RNAi,-0.5145270056614927,-0.09424540731601205,22.9306052338929,95
2687,79.97579529737206,374.78492392807743,993.9930843706777,1823.0,1.402749142208034,2260.6500691562933,Ezi_3_b2,Ezi RNAi,-0.9164001303109977,-0.030666214662953162,5.470768088757286,95
2688,79.78971962616822,390.68224299065423,847.661214953271,773.0,1.4392134972143305,2589.4065420560746,Ezi_3_b2,Ezi RNAi,-0.5805758211260494,-0.038768282556437605,17.570961449381848,95
2689,80.51298290056998,396.4939835338822,940.5997466751109,2144.0,1.4299296304909068,2413.1564281190626,Ezi_3_b2,Ezi RNAi,-0.7892551112031531,0.004860642317644048,10.704170315885644,95
2690,80.29134266459306,408.24105754276826,852.710730948678,2595.0,1.5410108476184659,3422.083462934163,Ezi_3_b2,Ezi RNAi,-0.5868799955223032,0.005314939702313781,17.891988395358148,95
2691,78.98225806451613,448.9145161290323,847.4661290322581,1365.0,1.6769675977969818,1934.35,Ezi_3_b2,Ezi RNAi,-0.5626815964002316,0.10205517915064122,17.570653779796096,95
2692,80.31629755820556,471.4690516751846,948.1743327654742,2942.0,1.729328665320332,1981.4770017035776,Ezi_3_b2,Ezi RNAi,-0.7840825234882194,0.1886579974561562,10.898238418285676,95
2693,77.91870967741936,508.66709677419357,955.2825806451613,1164.0,1.7285863053531367,2445.989677419355,Ezi_3_b2,Ezi RNAi,-0.7886557962392876,0.28092805802677634,8.426220980451127,95
2694,78.1503984063745,512.3814741035857,883.5756972111553,1410.0,1.6187438290778313,3211.8446215139443,Ezi_3_b2,Ezi RNAi,-0.6253646021482584,0.26709526040645204,14.622239928734295,95
2695,79.44126074498567,569.9449856733524,863.5398280802292,2264.0,1.5708243263122408,2414.9283667621776,Ezi_3_b2,Ezi RNAi,-0.5631819977071276,0.39997369755187795,18.340460529886148,95
2696,77.97046759639048,582.4692370795734,914.298605414274,1748.0,1.5971812385468755,2863.521739130435,Ezi_3_b2,Ezi RNAi,-0.6740185985016988,0.4464346252210647,12.857420709934177,95
2697,80.86037735849057,592.083962264151,911.461320754717,1543.0,1.4415022346495705,3280.5349056603773,Ezi_3_b2,Ezi RNAi,-0.6652961661430121,0.4687736683588277,16.101400243039443,95
2698,79.4735883424408,611.3260473588342,950.9508196721312,730.0,1.4619365079741444,1957.4754098360656,Ezi_3_b2,Ezi RNAi,-0.748657244628798,0.5279004515246359,11.722569015283836,95
2699,78.39008792965627,613.1910471622701,921.1486810551559,1636.0,1.5046760733808,2731.482813749001,Ezi_3_b2,Ezi RNAi,-0.6804705563923277,0.5229363215162355,13.126384942225425,95
2700,82.15286195286195,635.8828282828283,859.4289562289563,2074.0,1.5860998988838282,3134.40404040404,Ezi_3_b2,Ezi RNAi,-0.5348127966406948,0.5581701297718211,22.2742030469462,95
2701,78.41621621621621,643.9405405405405,849.3989189189189,1221.0,1.4666768891493263,3160.0205405405404,Ezi_3_b2,Ezi RNAi,-0.5090120208488313,0.5744967816731765,19.487048937368108,95
2702,81.60543130990415,234.27995207667732,781.8246805111821,3601.0,1.627054979612269,3351.790734824281,Ezi_3_b2,Ezi RNAi,-0.47843293160401323,-0.43811076738372934,22.693884005008904,95
2703,81.00688073394495,237.71865443425077,849.0489296636085,1665.0,1.4566166099650746,3336.554281345566,Ezi_3_b2,Ezi RNAi,-0.6293873925396276,-0.40839665391634594,16.598869344588508,95
2704,79.1574074074074,252.03086419753086,769.8101851851852,1883.0,1.749439204530174,2838.0941358024693,Ezi_3_b2,Ezi RNAi,-0.44550953195607323,-0.39897340232637424,21.485741026130793,95
2705,80.2504105090312,247.98850574712642,918.0057471264367,1492.0,1.3887774496295797,2774.3998357963874,Ezi_3_b2,Ezi RNAi,-0.7822022147298947,-0.3616037267846903,10.296040795423028,95
2706,80.30811138014528,245.9546004842615,795.2118644067797,2148.0,1.3620257067389088,2951.6585956416466,Ezi_3_b2,Ezi RNAi,-0.505004316345756,-0.4055981877525294,20.454868812532364,95
2707,81.24516531503431,252.64940736119775,944.1958827199002,2247.0,1.4595051190434123,2047.515907673113,Ezi_3_b2,Ezi RNAi,-0.8402614313407962,-0.342000377647943,9.190067043012697,95
2708,81.38976109215017,262.562457337884,935.7494880546075,1815.0,1.423702390526555,3647.938566552901,Ezi_3_b2,Ezi RNAi,-0.8182349252254162,-0.32070653645618274,10.16505556745441,95
2709,81.00778210116732,263.83852140077823,877.3093385214008,1446.0,1.680708067686472,3714.081712062257,Ezi_3_b2,Ezi RNAi,-0.6855657681846399,-0.33621277113810344,14.62222043166323,95
2710,84.10560928433269,262.98413926499035,899.6471953578337,3376.0,1.7667270587097539,3377.11334622824,Ezi_3_b2,Ezi RNAi,-0.736950158321616,-0.331191975093847,15.85506524754454,95
2711,80.98332009531374,273.9253375694996,878.9308975377284,1600.0,1.6899074664067464,3731.577442414615,Ezi_3_b2,Ezi RNAi,-0.6862333872119517,-0.311293775521174,14.600622835400028,95
2712,81.63701067615658,277.7338078291815,848.7793594306049,1919.0,1.6093177053202232,3411.938078291815,Ezi_3_b2,Ezi RNAi,-0.6170112257070683,-0.3116786146895032,17.790677751229367,95
2713,81.97469099470277,275.5050029429076,940.5821071218364,2136.0,1.5406803555753124,3256.6356680400236,Ezi_3_b2,Ezi RNAi,-0.8254356229836671,-0.28786092996276547,10.524502803721433,95
2714,82.56014271151886,306.8216106014271,819.164627930683,2615.0,1.431521907676621,3139.802242609582,Ezi_3_b2,Ezi RNAi,-0.5415456660947495,-0.25073657123896254,21.54713449351695,95
2715,80.4318573893042,311.18918918918916,884.3197239792985,2117.0,1.4980476237814402,2886.818861414606,Ezi_3_b2,Ezi RNAi,-0.6872502176358035,-0.21942367899160375,14.110989705160332,95
2716,81.59411085450347,318.1887990762125,869.5877598152425,2422.0,1.772578712470084,2814.528868360277,Ezi_3_b2,Ezi RNAi,-0.6520631726721271,-0.20718500088445901,16.57911361827862,95
2717,83.54925949774629,343.24855119124277,959.4269156471346,1995.0,1.3031644957091,2525.689632968448,Ezi_3_b2,Ezi RNAi,-0.8482482198594501,-0.11798398303800894,11.456096168178995,95
2718,80.68489208633093,346.56978417266185,908.9194244604316,1947.0,1.50010401901313,2617.374820143885,Ezi_3_b2,Ezi RNAi,-0.7324437400677106,-0.1260019829005844,12.812905248166206,95
2719,80.86905460951263,389.12566059894306,925.728126834997,2328.0,1.7303600545963196,2188.2847915443335,Ezi_3_b2,Ezi RNAi,-0.7578659862138863,-0.017699936727108345,12.185968343755489,95
2720,82.43307692307692,398.3680769230769,961.505,3786.0,1.6950974601004714,2326.1776923076923,Ezi_3_b2,Ezi RNAi,-0.8363624997436607,0.01603421129559579,10.918507299788258,95
2721,79.4908163265306,388.57142857142856,821.8510204081633,1633.0,1.5775649775450906,3409.5867346938776,Ezi_3_b2,Ezi RNAi,-0.5227517959895478,-0.05208589261742769,19.373529467843998,95
2722,82.64616118264188,512.0572246065808,844.4730567477349,2830.0,1.4716753641975133,2072.7024320457795,Ezi_3_b2,Ezi RNAi,-0.5378538475543613,0.25383887108410774,22.323326672447998,95
2723,79.70189701897019,511.5401987353207,935.9141824751581,1814.0,1.5641806641948885,2239.8383017163505,Ezi_3_b2,Ezi RNAi,-0.7443237276945707,0.2817041693795592,11.8396930240908,95
2724,82.98025016458196,512.0204081632653,914.3100724160632,2105.0,1.3850100734158344,2062.926267281106,Ezi_3_b2,Ezi RNAi,-0.6959303778939894,0.27597003469366377,16.895124250197174,95
2725,79.76732161323682,522.2233712512926,857.775594622544,1462.0,1.6042383912083997,2031.7404343329886,Ezi_3_b2,Ezi RNAi,-0.5643792766253914,0.2826853412722816,18.49488977253025,95
2726,78.98904109589041,527.2739726027397,942.4753424657534,1036.0,1.4300313244703764,2190.142465753425,Ezi_3_b2,Ezi RNAi,-0.7543576976678474,0.3218610369859458,10.801097023460745,95
2727,79.50135992747053,538.3726201269266,867.8667271078875,1834.0,1.358638257648392,2912.4143245693563,Ezi_3_b2,Ezi RNAi,-0.5823616540239214,0.3249676960396657,17.616072158287373,95
2728,80.12004069175993,554.0722278738556,975.2756866734486,1744.0,1.4213346815878873,1962.968463886063,Ezi_3_b2,Ezi RNAi,-0.8208220596698882,0.3971233859830692,9.585289761583258,95
2729,81.39942734430923,558.8911954187545,902.40372226199,1881.0,1.7737534304272373,2329.436649964209,Ezi_3_b2,Ezi RNAi,-0.6547672548423324,0.38558533598033073,16.936395412532242,95
2730,80.06280991735537,560.2305785123967,936.1842975206612,1564.0,1.5740788450362149,3259.6462809917357,Ezi_3_b2,Ezi RNAi,-0.7305400113829333,0.3995835109297381,12.836138183425454,95
2731,80.6030042918455,564.6330472103004,884.2317596566523,817.0,1.6148368260694805,2084.519313304721,Ezi_3_b2,Ezi RNAi,-0.6117963490424653,0.3936992980329421,17.719426676971757,95
2732,80.4170249355116,569.5803955288048,966.1676698194325,1544.0,1.4851435798387957,2389.724849527085,Ezi_3_b2,Ezi RNAi,-0.7956657542187063,0.4317418681273142,10.842444339618169,95
2733,80.27728613569322,576.102261553589,940.464110127827,1433.0,1.394591114511867,2418.706981317601,Ezi_3_b2,Ezi RNAi,-0.7355490241903075,0.43934203718982023,12.911676409191651,95
2734,78.4979020979021,587.7062937062936,993.5622377622377,1062.0,1.8579972371800066,2104.016783216783,Ezi_3_b2,Ezi RNAi,-0.8518925738196017,0.4843230985858493,6.915704296912659,95
2735,81.51724137931035,606.2988505747127,939.4750957854407,1217.0,1.5610321245646874,2962.7835249042146,Ezi_3_b2,Ezi RNAi,-0.7245785144625632,0.512073295744979,14.637615682111758,95
2736,80.2625,602.74453125,868.4703125,1618.0,1.6653095205247523,2714.32265625,Ezi_3_b2,Ezi RNAi,-0.5647506317399511,0.48088858014223446,19.196103194477036,95
2737,78.58358208955224,620.9858208955224,960.534328358209,1671.0,1.6822943808736337,2873.0350746268655,Ezi_3_b2,Ezi RNAi,-0.7672995220393442,0.5543254800934365,10.17592106999437,95
2738,81.92805755395683,644.6239372138652,868.332243296272,2325.0,1.6275645815009245,2744.0222367560496,Ezi_3_b2,Ezi RNAi,-0.552316274685998,0.5821518617194339,21.434103026097876,95
2739,79.59894459102902,698.1879947229552,788.1437994722955,1774.0,1.3861323256515359,3044.574538258575,Ezi_3_b2,Ezi RNAi,-0.3545379344897561,0.6862373202167156,26.452666904668636,95
2740,80.76,212.9977142857143,779.5748571428571,1218.0,1.2885736518217399,2621.486857142857,Ezi_3_b2,Ezi RNAi,-0.47950317791960106,-0.49030888352868274,21.74891416679487,95
2741,80.88776978417266,234.54244604316546,742.9553956834533,928.0,1.6924543863083894,2413.430215827338,Ezi_3_b2,Ezi RNAi,-0.3902784450371396,-0.44983939817710794,25.18848566396726,95
2742,82.12911184210526,230.66611842105263,881.2475328947369,1708.0,1.7839407769987012,2969.2319078947367,Ezi_3_b2,Ezi RNAi,-0.704544335392142,-0.4152203234503882,14.965753306084313,95
2743,82.25776602775942,238.06543291473892,896.7085261070721,1939.0,1.3933030573007783,3247.969596827495,Ezi_3_b2,Ezi RNAi,-0.7373504063024405,-0.39240038794887044,13.918788795844476,95
2744,81.41409435061153,245.18171228887596,818.8223645894001,2180.0,1.7025576363032233,3013.2393709959233,Ezi_3_b2,Ezi RNAi,-0.5588627080919735,-0.39996228240327714,19.598967377156825,95
2745,80.88616290480864,249.78802747791954,783.2806673209028,1306.0,1.4744634983042375,3062.1579980372912,Ezi_3_b2,Ezi RNAi,-0.4769826000906079,-0.40012437223450836,22.06695170027514,95
2746,82.50210084033614,258.29341736694676,924.6617647058823,1703.0,1.3746331669553067,2287.4124649859946,Ezi_3_b2,Ezi RNAi,-0.7946306334010065,-0.33456995927850375,12.130305905710982,95
2747,81.02309236947791,269.20180722891564,821.6295180722891,1576.0,1.5915418709926417,3064.136546184739,Ezi_3_b2,Ezi RNAi,-0.5580035379279371,-0.34095510896339387,19.302918654265955,95
2748,84.05405405405405,282.5698841698842,874.9413127413127,1834.0,1.3877721120130158,3614.661003861004,Ezi_3_b2,Ezi RNAi,-0.6752267444767033,-0.2916697135648062,18.10671073743162,95
2749,84.22315348349922,285.06338397066526,904.6532215819801,2401.0,1.3488134166046342,3560.5914091147197,Ezi_3_b2,Ezi RNAi,-0.7417396301236241,-0.2761838923000818,15.858133713740154,95
2750,81.54128440366972,290.3220183486238,1019.0440366972477,1490.0,1.537170754057845,1950.6926605504586,Ezi_3_b2,Ezi RNAi,-0.9984661723920296,-0.22704467536611983,3.8211127857249116,95
2751,80.93081761006289,292.75331935709295,841.3682739343117,2175.0,1.5439637834816182,3427.885394828791,Ezi_3_b2,Ezi RNAi,-0.5956473566525559,-0.27769581562648626,17.901577180015195,95
2752,82.23358208955224,299.4320895522388,929.5828358208955,1860.0,1.759020613473003,3876.023134328358,Ezi_3_b2,Ezi RNAi,-0.7934922808241338,-0.23347626748658068,12.013659912061222,95
2753,83.27011214041931,315.28912725499754,909.4680643588493,2625.0,1.3144954448331534,2862.4953681131155,Ezi_3_b2,Ezi RNAi,-0.7434717619214357,-0.20152098679987496,14.920405076409015,95
2754,81.5402504472272,326.11270125223615,960.4871794871794,2004.0,1.2922759059979185,2377.3947525342874,Ezi_3_b2,Ezi RNAi,-0.8553529975218541,-0.1590899464793526,9.13470850500988,95
2755,80.60438292964244,332.66089965397924,972.6332179930796,1493.0,1.5886594855381861,2209.2387543252594,Ezi_3_b2,Ezi RNAi,-0.8807083763825249,-0.13937698846913615,7.288866720961197,95
2756,81.15028901734104,330.9104046242775,839.178612716763,2136.0,1.539625592460538,2210.662427745665,Ezi_3_b2,Ezi RNAi,-0.5794005005158163,-0.1860812684250266,18.81739526157054,95
2757,81.55666429080541,340.2758374910905,896.9187455452602,1791.0,1.4360657678001638,2742.305773342837,Ezi_3_b2,Ezi RNAi,-0.707329438035317,-0.14505316230807763,14.586327375375413,95
2758,82.11320754716981,330.95931603773585,809.5672169811321,2129.0,1.4076491335593204,2410.0819575471696,Ezi_3_b2,Ezi RNAi,-0.5125763426753835,-0.19539168106775162,22.220151706696154,95
2759,84.05021520803443,348.7503586800574,927.0272596843615,2567.0,1.3452538354915875,2750.8340506934483,Ezi_3_b2,Ezi RNAi,-0.7734075990412141,-0.11498652611591442,14.70231166277036,95
2760,82.98231132075472,366.498820754717,947.2830188679245,2361.0,1.3066758439149218,2225.8207547169814,Ezi_3_b2,Ezi RNAi,-0.8137582991945497,-0.06559556917316722,12.207559165187433,95
2761,83.09202211690364,368.1694312796209,849.6042654028436,3473.0,1.6467865690694938,2474.0805687203792,Ezi_3_b2,Ezi RNAi,-0.5922912305252673,-0.0926363696106961,20.396695937580194,95
2762,82.44191217342969,382.05669816564756,949.2890494719288,2233.0,1.4068022263207023,2150.8582545858812,Ezi_3_b2,Ezi RNAi,-0.813571831383375,-0.027314829571246646,11.71417295305558,95
2763,83.303873431533,376.2220403709765,975.8837970540098,2441.0,1.591672559673348,2366.494817239498,Ezi_3_b2,Ezi RNAi,-0.8756388441048553,-0.032973579782600626,10.300426697484113,95
2764,82.30072262367982,388.9833240689272,900.9727626459144,2243.0,1.6310820595559368,2119.2645914396885,Ezi_3_b2,Ezi RNAi,-0.7021747708769202,-0.025930881302839603,15.652687077730647,95
2765,82.85185185185185,398.7037037037037,819.1227513227514,2700.0,1.4116203716741729,3221.021164021164,Ezi_3_b2,Ezi RNAi,-0.5142123934039193,-0.028463134247084798,23.084999193368635,95
2766,84.14430209035739,401.1345246122724,914.6537424140256,3937.0,1.9151398748961361,2140.616992582603,Ezi_3_b2,Ezi RNAi,-0.7298701752515098,0.0078076117152576785,16.52579527213137,95
2767,83.59804520464264,407.7348808796579,875.5302382406842,2342.0,1.647913641847686,2405.7018937080024,Ezi_3_b2,Ezi RNAi,-0.6392906111919086,0.011330043479787832,19.297961137813406,95
2768,80.82276330690827,446.48357870894677,865.3238958097395,2417.0,1.57841363964885,2831.5498301245752,Ezi_3_b2,Ezi RNAi,-0.6041578648466934,0.10184446291291582,17.898784396965954,95
2769,80.39890109890109,464.22197802197803,926.6527472527473,1246.0,1.6763795848302059,1962.7505494505494,Ezi_3_b2,Ezi RNAi,-0.7375599506059138,0.16427649321136006,12.657700205257175,95
2770,79.82616487455198,495.3378136200717,864.4202508960574,1593.0,1.7128500053338096,2890.28853046595,Ezi_3_b2,Ezi RNAi,-0.5874102116812625,0.21975557594563577,17.641506714433937,95
2771,80.71102362204725,525.503937007874,904.948031496063,1634.0,1.4434758677526127,2904.814960629921,Ezi_3_b2,Ezi RNAi,-0.6703098502981093,0.30562625267646726,15.588597127365388,95
2772,80.96768707482993,545.1862244897959,893.3350340136054,1595.0,1.542446098275913,3040.8988095238096,Ezi_3_b2,Ezi RNAi,-0.638238519376259,0.34954627481938183,17.06870073995965,95
2773,80.51294117647059,550.8635294117647,854.4768627450981,1642.0,1.4803654281033813,2514.476862745098,Ezi_3_b2,Ezi RNAi,-0.5485509607852803,0.35091941843168417,19.897676409538583,95
2774,80.27272727272727,573.4239019407559,903.3309499489275,1280.0,1.4076721620843984,2065.103166496425,Ezi_3_b2,Ezi RNAi,-0.6523324355440936,0.42104644343407926,15.933870283249544,95
2775,82.29985549132948,574.693641618497,882.0881502890173,1951.0,1.6651281234517814,2649.541907514451,Ezi_3_b2,Ezi RNAi,-0.6042826169515222,0.41734553669968344,19.723339411435774,95
2776,80.0087370929309,583.9809372517872,965.36298649722,1576.0,1.4626735087907612,2000.606036536934,Ezi_3_b2,Ezi RNAi,-0.7894893005803428,0.4663274447700989,10.69688777061056,95
2777,80.94457455113192,592.8110850897737,976.2732240437158,1578.0,1.2611123908638815,2070.167837626854,Ezi_3_b2,Ezi RNAi,-0.8117289668990173,0.49115563578717736,10.849026182450336,95
2778,80.23467862481316,597.5553064275038,928.8998505231689,1652.0,1.5614385592620317,2182.0680119581466,Ezi_3_b2,Ezi RNAi,-0.7030046874688669,0.4875634809294598,14.113505301226636,95
2779,81.97299444003177,615.9086576648133,1005.756949960286,1852.0,1.3927180606220475,1983.416203335981,Ezi_3_b2,Ezi RNAi,-0.8717693908088388,0.55641029907987,9.754482371628521,95
2780,84.3603221704112,624.6494277236117,904.0669775328529,3172.0,1.3333401963423013,2567.83933870284,Ezi_3_b2,Ezi RNAi,-0.6395626860133845,0.5451829640721935,20.639839264413617,95
2781,80.8804920913884,639.1898066783831,840.176625659051,1410.0,1.2934765768203913,3453.446397188049,Ezi_3_b2,Ezi RNAi,-0.4900298743289808,0.5600527743968178,22.63911056356191,95
2782,80.92243975903614,654.7439759036145,813.9480421686746,1644.0,1.540127877408944,2958.7703313253014,Ezi_3_b2,Ezi RNAi,-0.4260769504916567,0.5893363794328652,25.054962578382735,95
2783,80.42959770114942,691.8936781609195,800.3153735632184,1711.0,1.3198741346719223,2951.798132183908,Ezi_3_b2,Ezi RNAi,-0.38410401669538186,0.6748772198398212,26.19121984985686,95
2784,83.51604729729729,208.3277027027027,942.6444256756756,1539.0,1.8352673122035619,2570.8369932432433,Ezi_3_b2,Ezi RNAi,-0.8503519361045996,-0.4497355582190029,10.981034438628123,95
2785,87.3748280605227,209.22145804676754,933.8115543328748,1962.0,1.3172816490675883,2261.4628610729023,Ezi_3_b2,Ezi RNAi,-0.8308408734205082,-0.45040913663462867,15.56700258008152,95
2786,82.87762906309752,214.23263224984066,884.1249203314213,1987.0,1.3422274021664016,2243.6328871892924,Ezi_3_b2,Ezi RNAi,-0.7160791391812114,-0.454066842038645,15.251859969363075,95
2787,81.41726618705036,220.8525179856115,824.7535971223022,867.0,1.6416689988945778,3169.9802158273383,Ezi_3_b2,Ezi RNAi,-0.5795095291389605,-0.4569341358467567,18.783558795866554,95
2788,87.91001157407408,204.91087962962962,959.5645254629629,5271.0,1.4598942618281565,2241.798900462963,Ezi_3_b2,Ezi RNAi,-0.8904881653252668,-0.45264643458116105,13.917687613891005,95
2789,83.84456928838951,236.4176029962547,837.4319600499376,2099.0,1.434039384746325,3205.152933832709,Ezi_3_b2,Ezi RNAi,-0.6040341287605882,-0.415259338783849,20.3672608390358,95
2790,84.44861538461538,261.408,805.627076923077,2209.0,1.4411002586334494,3048.4763076923077,Ezi_3_b2,Ezi RNAi,-0.5247696179750398,-0.36492490756528073,23.930943951066013,95
2791,81.81438004402054,270.10051357300074,862.4269992663243,1936.0,1.4130444482625655,3238.382245047689,Ezi_3_b2,Ezi RNAi,-0.6501895839585728,-0.3258041281319747,16.73835303198133,95
2792,83.91304347826087,270.1304347826087,929.3365539452496,1625.0,1.4185080553468958,3691.776972624799,Ezi_3_b2,Ezi RNAi,-0.8019606833517692,-0.30445454687389306,13.31092938330165,95
2793,83.11303692539563,282.43104747550865,888.5584024114544,1963.0,1.6636589844143377,3637.8613413715148,Ezi_3_b2,Ezi RNAi,-0.7058957343379935,-0.2876664492548968,16.04387907451752,95
2794,82.59504132231405,294.9793388429752,874.8229043683589,2162.0,1.6211851099462988,3462.1357733175914,Ezi_3_b2,Ezi RNAi,-0.6709933963981497,-0.2616759083059873,16.83054653431035,95
2795,81.57575757575758,297.16103896103897,827.0822510822511,1688.0,1.6085936459449905,3536.768831168831,Ezi_3_b2,Ezi RNAi,-0.5621401993062516,-0.27158237560436294,19.782329846737774,95
2796,82.17682926829268,317.64756097560974,927.6963414634147,2199.0,1.440627559929893,2620.926219512195,Ezi_3_b2,Ezi RNAi,-0.7838022966414986,-0.19000783079439787,12.359282225475706,95
2797,82.5159151193634,402.2473474801061,838.5716180371353,1959.0,1.5516095990137397,3516.5596816976126,Ezi_3_b2,Ezi RNAi,-0.5570972446439387,-0.013699164880773607,21.1939326440924,95
2798,83.2010159651669,419.43033381712627,830.1502177068215,1922.0,1.632069427818085,2945.00145137881,Ezi_3_b2,Ezi RNAi,-0.533071096471776,0.02518712788888333,22.803879246605376,95
2799,81.78309859154929,513.2901408450704,974.4028169014084,722.0,1.5343566406705873,2357.9014084507044,Ezi_3_b2,Ezi RNAi,-0.8312800674049002,0.29817143136311364,10.76249840440586,95
2800,81.66995768688294,536.5162200282087,879.6967559943582,951.0,1.381079489304985,2755.352609308886,Ezi_3_b2,Ezi RNAi,-0.6100926565945378,0.324226757512285,18.776132131131103,95
2801,84.84231180877632,540.3332144131288,855.4509454156262,4098.0,1.5208084238394435,2262.7292186942564,Ezi_3_b2,Ezi RNAi,-0.5547111337876092,0.3257253375103628,23.989007366450984,95
2802,80.8515057113188,544.8535825545172,841.0249221183801,1292.0,1.472145363452195,1974.9345794392523,Ezi_3_b2,Ezi RNAi,-0.5199669009454086,0.3320969954403099,21.263310974260754,95
2803,84.70032051282051,560.2521367521367,857.2457264957264,2616.0,1.6697040996187527,2748.521901709402,Ezi_3_b2,Ezi RNAi,-0.55282746314197,0.37448685407351134,23.96909134351189,95
2804,84.19300463548251,588.0442477876106,872.0994521702486,3055.0,1.28795143265009,2824.5469869363674,Ezi_3_b2,Ezi RNAi,-0.5780801136048939,0.4464536221574633,22.614512269771215,95
2805,82.61715647339157,589.6386020651311,884.3447180301827,1550.0,1.4321330243170791,2493.143764892772,Ezi_3_b2,Ezi RNAi,-0.6050091327836935,0.45421758480609453,20.055689118359286,95
2806,81.44407894736842,600.0674342105264,945.2894736842105,1045.0,1.7057748031580342,2990.5526315789475,Ezi_3_b2,Ezi RNAi,-0.7395702610916519,0.49884837932566906,14.000751678478075,95
2807,82.30722484807562,608.6900742741391,981.2498311951384,1904.0,1.6532375666284143,2369.224848075625,Ezi_3_b2,Ezi RNAi,-0.8185319200645438,0.531146071108662,12.011342774675386,95
2808,83.08940852819808,609.8872077028885,928.898211829436,985.0,1.4718640119759332,2256.283356258597,Ezi_3_b2,Ezi RNAi,-0.6998838286113687,0.5173786815531458,17.12530494377,95
2809,82.84009360374415,622.1840873634945,920.4719188767551,1685.0,1.5459761757734958,2820.3221528861154,Ezi_3_b2,Ezi RNAi,-0.6771193053951419,0.5444486440855589,17.738370916616958,95
2810,83.81922342457034,654.5709739019733,860.5856142584341,2305.0,1.5813325493174948,2682.906429026098,Ezi_3_b2,Ezi RNAi,-0.5321969850279589,0.6037392019741723,24.092287762694067,95
2811,82.05409153952843,675.2565880721221,782.4077669902913,1881.0,1.517150894556863,3150.470873786408,Ezi_3_b2,Ezi RNAi,-0.34884219786716686,0.6289185456275719,29.061966649988513,95
2812,81.42311661506707,677.514963880289,801.0123839009287,1388.0,1.5363120650614364,2095.34262125903,Ezi_3_b2,Ezi RNAi,-0.39014234452804786,0.6403063706162595,26.929136365166737,95
2813,83.72083333333333,225.8527777777778,854.5895833333333,1822.0,1.5561273549768357,2902.1027777777776,Ezi_3_b2,Ezi RNAi,-0.6459668256283498,-0.4353581968504624,18.685676298917393,95
2814,85.93313609467455,231.69881656804733,927.2591715976331,2067.0,1.2961885382244296,2200.607692307692,Ezi_3_b2,Ezi RNAi,-0.8090636387261889,-0.3981056648298088,14.97509555802606,95
2815,83.6545313710302,251.20604182804027,872.6297443841983,1828.0,1.3760203962466389,3524.4213787761423,Ezi_3_b2,Ezi RNAi,-0.6792374282824303,-0.3682806270298863,17.474716811611387,95
2816,83.63215061549602,255.46922519913107,912.2737146994931,1737.0,1.5186635448174568,3211.3642288196957,Ezi_3_b2,Ezi RNAi,-0.7676586217097091,-0.3453517728314863,14.240021481079891,95
2817,84.12173314993123,266.47455295735904,953.2971114167813,1769.0,1.3267668064075222,2125.9415405777168,Ezi_3_b2,Ezi RNAi,-0.8572958116289975,-0.30567617274402226,11.492975502113625,95
2818,85.54043126684635,293.3066037735849,890.8881401617251,1955.0,1.2191087734459645,3536.840296495957,Ezi_3_b2,Ezi RNAi,-0.7084003273799337,-0.26062991681331826,18.417818033241836,95
2819,82.98307063631057,298.25510799766494,913.0601284296556,2335.0,1.359684919918831,2947.3543490951547,Ezi_3_b2,Ezi RNAi,-0.7566037541087487,-0.24158619643348878,14.107497063103525,95
2820,83.92702702702702,297.5,860.5743243243244,1083.0,1.5140183403240288,3383.6364864864863,Ezi_3_b2,Ezi RNAi,-0.6382629568911009,-0.2601203612388695,19.367308559151827,95
2821,83.21969696969697,301.7361111111111,803.280303030303,1058.0,1.5072050373462738,3161.407828282828,Ezi_3_b2,Ezi RNAi,-0.5072452901831003,-0.2680985836099775,23.445788087673392,95
2822,82.6358225108225,313.8468614718615,839.4399350649351,2386.0,1.6764906411609373,3186.408008658009,Ezi_3_b2,Ezi RNAi,-0.5853447913679017,-0.2272893219063965,20.04520085458944,95
2823,82.97336715282181,333.4622701331642,933.2644261255549,1942.0,1.4808552804824546,2345.4933417882053,Ezi_3_b2,Ezi RNAi,-0.7918542202061897,-0.14998100386264723,12.907808547567978,95
2824,82.70239596469105,362.5680958385876,899.4041614123581,2060.0,1.6536801676711672,2539.7276166456495,Ezi_3_b2,Ezi RNAi,-0.7065496202054284,-0.09033851427210893,15.824785059853678,95
2825,82.98619547211486,374.58089453340693,835.8995030369962,2161.0,1.3271960142277928,2503.0276090557704,Ezi_3_b2,Ezi RNAi,-0.5593602782360901,-0.08148545280695352,21.50848605852269,95
2826,83.47916666666667,438.71078431372547,906.3688725490196,1210.0,1.3722792026651387,2629.975490196078,Ezi_3_b2,Ezi RNAi,-0.6998366121302675,0.096083229093197,17.055013890927984,95
2827,83.60176211453745,476.59118942731277,895.8255506607929,1941.0,1.6864656112319028,2149.745374449339,Ezi_3_b2,Ezi RNAi,-0.6647538019497686,0.18437087339658476,18.559615660255073,95
2828,83.9307875894988,484.6073985680191,878.2899761336515,1589.0,1.816896492569995,2504.476133651551,Ezi_3_b2,Ezi RNAi,-0.6227623768371334,0.19818230663296488,20.44244896112336,95
2829,82.41952506596306,531.1846965699208,966.0888302550571,1645.0,1.5761463791422077,2664.9551451187335,Ezi_3_b2,Ezi RNAi,-0.8072762461282712,0.3388137078692086,12.324712636960998,95
2830,83.996,558.9348571428571,881.2074285714285,2338.0,1.4891838556523165,2225.5834285714286,Ezi_3_b2,Ezi RNAi,-0.6072958107134028,0.37892928531619696,21.272883660040147,95
2831,85.68769551616266,553.7622523461939,919.2221063607925,2832.0,1.4208229318378147,2474.323253388947,Ezi_3_b2,Ezi RNAi,-0.6951617375446837,0.3785006821642749,19.75293721223615,95
2832,83.09203036053131,605.8586337760911,960.3690702087287,1486.0,1.416065841063623,2574.9297912713473,Ezi_3_b2,Ezi RNAi,-0.772281809491743,0.5176465598371258,14.477459810993823,95
2833,83.52092228864218,607.7924850555081,854.4730999146029,1446.0,1.343966187604191,2850.911187019641,Ezi_3_b2,Ezi RNAi,-0.5322066904757476,0.48862578037320703,23.666034867042928,95
2834,82.89428571428572,631.4133333333333,890.1771428571428,1352.0,1.508241269695304,2454.477142857143,Ezi_3_b2,Ezi RNAi,-0.6058481003439795,0.5571365198578908,20.41621667088561,95
2835,82.94563986409966,651.9014722536806,844.2298980747452,1278.0,1.3279265303814662,3063.114382785957,Ezi_3_b2,Ezi RNAi,-0.4958191184645533,0.5920821707347486,24.5347557710008,95
2836,83.51633986928104,665.7959331880901,804.0145243282498,1729.0,1.5965044402672048,2044.8917937545389,Ezi_3_b2,Ezi RNAi,-0.4008161831636554,0.6128963734639088,28.60876763582936,95
2837,84.69767441860465,192.24203273040482,950.6365202411714,1447.0,1.4182260335394008,2069.4125753660637,Ezi_3_b2,Ezi RNAi,-0.873437967254775,-0.48611591667909293,11.281548054496273,95
2838,83.94516450648055,206.4037886340977,908.259222333001,1459.0,1.5498881607564818,2824.8534396809573,Ezi_3_b2,Ezi RNAi,-0.7732112728316589,-0.4653343538327328,14.218929000670457,95
2839,85.35668040023543,218.83990582695702,925.8934667451442,2162.0,1.4563087718617693,2484.3678634490875,Ezi_3_b2,Ezi RNAi,-0.8096833843313739,-0.4296458046104984,14.339250703063296,95
2840,85.70903522205207,245.5701888718734,762.6385911179173,2485.0,1.697448221245139,3256.4568657478303,Ezi_3_b2,Ezi RNAi,-0.432456866955203,-0.41692836013475243,28.5185485691321,95
2841,83.75621588841722,266.1334141904184,789.5318374772589,2103.0,1.7296032008833775,3053.728320194057,Ezi_3_b2,Ezi RNAi,-0.4868190045374433,-0.35860985146016333,24.632574139631764,95
2842,85.25,296.65616045845275,963.4240687679084,1689.0,1.3875454665628175,2377.3538681948426,Ezi_3_b2,Ezi RNAi,-0.8714575437092683,-0.2294432844161184,12.190494832449302,95
2843,84.37652811735941,312.6454767726161,859.5264873675632,1616.0,1.5183333539321742,3093.118989405053,Ezi_3_b2,Ezi RNAi,-0.6314791996265569,-0.22381554450099783,20.106679292917267,95
2844,86.32466619817288,323.54532677442023,923.6233309908644,2160.0,1.3958128991626606,2724.3197470133523,Ezi_3_b2,Ezi RNAi,-0.7736289246995195,-0.1770625774317911,16.908404390429755,95
2845,84.19183673469388,332.1659863945578,858.6510204081633,1819.0,1.402483019352691,2382.1721088435374,Ezi_3_b2,Ezi RNAi,-0.6236644502878754,-0.17686730539701379,20.25907958748471,95
2846,88.79106858054226,343.6499202551834,987.0039872408294,1766.0,1.386778631629726,2832.0940988835728,Ezi_3_b2,Ezi RNAi,-0.9115231272031762,-0.10827201721087643,14.410251937104524,95
2847,84.9906600249066,352.260896637609,940.6095890410959,2046.0,1.4648207442734469,2468.445205479452,Ezi_3_b2,Ezi RNAi,-0.8032738138726191,-0.10217772981979978,14.566622718484254,95
2848,83.94089673913044,369.67391304347825,935.3953804347826,2111.0,1.3755199936344547,2495.8960597826085,Ezi_3_b2,Ezi RNAi,-0.7861034957411673,-0.06170307236280981,14.18633989633251,95
2849,86.36593655589124,386.7473564954683,853.977341389728,3566.0,1.4555427375852223,2699.445241691843,Ezi_3_b2,Ezi RNAi,-0.5972926389843254,-0.04632096055879198,23.549903964334227,95
2850,83.69209621993127,387.6742268041237,805.4563573883162,1868.0,1.4964391060645605,2980.775257731959,Ezi_3_b2,Ezi RNAi,-0.48673021697027474,-0.059500726580453245,24.900302675618548,95
2851,82.40996784565917,446.59324758842445,880.4630225080385,1127.0,1.8257161084957678,2979.8038585209,Ezi_3_b2,Ezi RNAi,-0.6386802205610286,0.1069167592652922,18.23314222553015,95
2852,84.67565485362096,493.56163328197226,855.0385208012327,1632.0,1.385435577002457,2247.393682588598,Ezi_3_b2,Ezi RNAi,-0.5676400523298186,0.2124415598263385,23.223849932835435,95
2853,84.07643814026792,513.4468085106383,877.1914893617021,1611.0,1.5230327728530786,2071.5886524822695,Ezi_3_b2,Ezi RNAi,-0.6117380013665799,0.2676024700766291,21.068572498637067,95
2854,83.1984,519.6272,887.5712,948.0,1.5732253688671465,3167.2688,Ezi_3_b2,Ezi RNAi,-0.6332175024939822,0.2858631698987528,19.42107757172725,95
2855,85.0228166797797,520.3383162863887,949.7490165224233,1643.0,1.3046129843338925,2411.298190401259,Ezi_3_b2,Ezi RNAi,-0.7740285327564698,0.30735688515735005,16.119893058468275,95
2856,83.49251497005989,571.811377245509,924.2335329341317,898.0,1.3948788638289846,3176.2889221556884,Ezi_3_b2,Ezi RNAi,-0.7007181574464865,0.4237755737791784,17.39637749174139,95
2857,86.30741410488245,581.7365883062085,913.5720313441832,2211.0,1.3448062963768157,3162.9095840867994,Ezi_3_b2,Ezi RNAi,-0.6741873634181264,0.44437656249121615,21.215205381905132,95
2858,88.26648721399731,585.233288470166,956.3889636608344,3012.0,1.7732813547707307,2563.413638402871,Ezi_3_b2,Ezi RNAi,-0.7703939404173661,0.46644780221989923,19.682927015260912,95
2859,85.34611742424242,594.3214962121212,990.9427083333334,3103.0,1.5366708895120973,2114.0776515151515,Ezi_3_b2,Ezi RNAi,-0.8453110999461719,0.4994489227657619,14.04557261386565,95
2860,84.98472596585805,626.8427672955975,944.4420485175202,1423.0,1.4317601812325649,2436.1716082659477,Ezi_3_b2,Ezi RNAi,-0.730376548291186,0.5633327033271478,17.96134127712757,95
2861,84.18406205923836,630.015514809591,876.5049365303244,1824.0,1.3308109816795828,2776.0747531734837,Ezi_3_b2,Ezi RNAi,-0.5755776103829714,0.5493958404984833,22.81033309695584,95
2862,84.29991714995857,220.3777961888981,809.5832642916322,1629.0,1.4449706486639358,2649.4523612261805,Ezi_3_b2,Ezi RNAi,-0.5458801473180951,-0.4629286839330907,22.901045742508828,95
2863,85.97974068071312,231.9035656401945,865.5388978930308,1672.0,1.575390916414395,3337.4173419773097,Ezi_3_b2,Ezi RNAi,-0.6693736512169333,-0.41725025618371137,20.115409231259402,95
2864,87.27417519908987,236.26734926052333,879.3100113765643,2444.0,1.3575084767462147,3375.575085324232,Ezi_3_b2,Ezi RNAi,-0.6994812363111504,-0.40231945543815606,20.328448522628236,95
2865,86.21721721721721,238.03703703703704,890.5315315315315,1563.0,1.710936236783856,3321.8278278278276,Ezi_3_b2,Ezi RNAi,-0.7241412830842802,-0.39446045618110404,18.373518272887473,95
2866,86.38187221396731,253.96062407132243,836.2548291233284,1632.0,1.4132947551734114,3191.7852897474,Ezi_3_b2,Ezi RNAi,-0.5966450619746073,-0.37320894719177367,23.23024494815395,95
2867,84.20075046904316,263.1219512195122,824.9380863039399,925.0,1.7381412869533228,3489.6060037523453,Ezi_3_b2,Ezi RNAi,-0.5679029504788013,-0.354631921110654,22.114245540598002,95
2868,87.27442273534636,265.3050621669627,840.2739786856127,2923.0,1.4733277370552011,3744.174955595027,Ezi_3_b2,Ezi RNAi,-0.6025389205655123,-0.3444904686608292,23.941704514628412,95
2869,86.39453458582408,278.88215200683175,951.5243381725021,1537.0,1.3315521705391364,2985.6387702818106,Ezi_3_b2,Ezi RNAi,-0.8500340606058555,-0.27623762403454344,14.07200295465321,95
2870,85.48737373737374,331.6313131313131,979.7222222222222,541.0,1.5627577222609708,2591.7045454545455,Ezi_3_b2,Ezi RNAi,-0.8979868030170913,-0.13964395013501862,11.556083214811622,95
2871,85.66734972677595,339.6775956284153,887.7964480874317,1826.0,1.3613681833270566,2823.976775956284,Ezi_3_b2,Ezi RNAi,-0.6876549700342119,-0.14943004188929865,19.426996608438902,95
2872,85.16600790513834,337.2664031620553,915.0719367588932,1818.0,1.6777265388598648,2827.120948616601,Ezi_3_b2,Ezi RNAi,-0.7499843309541356,-0.14658095809186644,16.644906693795832,95
2873,84.78762067007382,343.2220329358319,849.442362294151,2249.0,1.3376141200371798,2132.482112436116,Ezi_3_b2,Ezi RNAi,-0.5996601537746064,-0.153053731778781,21.762025481053264,95
2874,84.5601118359739,336.6300093196645,873.1118359739049,1499.0,1.6600079483156216,2558.0913327120224,Ezi_3_b2,Ezi RNAi,-0.6551254795677179,-0.16146849047628997,19.49366640891488,95
2875,87.59536867763559,378.54539914686166,968.6739792809262,2019.0,1.444444854199328,2702.1931748933575,Ezi_3_b2,Ezi RNAi,-0.8594579415466451,-0.02967490530091199,15.20306582563006,95
2876,84.70040080160321,383.436873747495,817.1523046092184,1535.0,1.4508141961767236,3102.6553106212423,Ezi_3_b2,Ezi RNAi,-0.5146431731820678,-0.06603695794124453,24.882961434214725,95
2877,90.01118421052631,419.60526315789474,882.0230263157895,4256.0,1.3053531894281387,3489.9779605263157,Ezi_3_b2,Ezi RNAi,-0.6516808297940693,0.042072040903960106,25.313765414563314,95
2878,84.41992433795713,438.9571248423707,921.6116015132409,1203.0,1.5816374906154917,2797.8045397225724,Ezi_3_b2,Ezi RNAi,-0.7344290891760941,0.10152335595552864,16.738491452328468,95
2879,84.98858647936787,532.8200175592625,902.460930640913,1564.0,1.4081723232348966,2455.2616330114133,Ezi_3_b2,Ezi RNAi,-0.6633279909904166,0.3225066054246375,20.155373188901986,95
2880,86.62857142857143,539.3093406593407,916.4021978021977,2981.0,1.7820883817613915,2479.1769230769232,Ezi_3_b2,Ezi RNAi,-0.6932552362305784,0.34263157451518866,20.727489599581197,95
2881,83.36987818383167,542.5802879291251,941.9202657807309,1307.0,1.459153479409416,2828.972314507198,Ezi_3_b2,Ezi RNAi,-0.7493931087365844,0.3586861224141491,15.419575970518359,95
2882,83.5258467023173,612.3600713012478,910.1016042780749,685.0,1.2345109165307464,2020.7326203208556,Ezi_3_b2,Ezi RNAi,-0.6567066447580119,0.5173772341599119,19.144158357811037,95
2883,84.73866446826051,617.3668590272052,863.7757625721352,1535.0,1.4888151919767791,2896.7015663643856,Ezi_3_b2,Ezi RNAi,-0.550642176799528,0.5147410886050772,24.241768817058933,95
2884,86.73611111111111,618.4638888888888,888.2270833333333,2539.0,1.4248663318785255,2890.120138888889,Ezi_3_b2,Ezi RNAi,-0.6060179424917214,0.525162590025857,24.23016597812734,95
2885,84.7930029154519,687.4139941690962,845.072886297376,1300.0,1.5015797653359408,2214.5043731778424,Ezi_3_b2,Ezi RNAi,-0.48753045673669404,0.6782531567783978,26.786818078259824,95
2886,87.92190476190476,211.8247619047619,897.3511111111111,2139.0,1.4548680808467074,2302.1009523809525,Ezi_3_b2,Ezi RNAi,-0.7476828350923218,-0.4557164357240501,19.154904186765584,95
2887,87.98831385642738,227.47746243739567,792.787979966611,1701.0,1.6038171649974093,3361.493322203673,Ezi_3_b2,Ezi RNAi,-0.506478532588118,-0.45112097539952545,28.058022800824222,95
2888,85.95759717314488,266.6280918727915,917.756183745583,1513.0,1.3109223919331425,3492.069787985866,Ezi_3_b2,Ezi RNAi,-0.7771923995808254,-0.3166259563444406,16.25614600827116,95
2889,86.68520102651838,264.39349871685204,874.2591958939264,1509.0,1.5947160224014565,3552.5757057313945,Ezi_3_b2,Ezi RNAi,-0.6795863136684825,-0.3358777247032889,20.53887809557712,95
2890,86.79573170731707,290.63353658536585,821.3353658536586,1971.0,1.5280017187999544,3452.1170731707316,Ezi_3_b2,Ezi RNAi,-0.5520759360097349,-0.2892369728198584,25.369720096446787,95
2891,88.8136645962733,299.66418219461696,854.9494824016563,3235.0,1.534986889542342,3735.326293995859,Ezi_3_b2,Ezi RNAi,-0.6258291006499632,-0.25670631621180695,24.73011312663794,95
2892,86.58031088082902,308.65479274611397,958.6411917098445,1929.0,1.2546506714930588,3348.0783678756475,Ezi_3_b2,Ezi RNAi,-0.8573268076485795,-0.20194582065732647,14.073087903229364,95
2893,85.83253588516746,317.28409090909093,805.8821770334928,2066.0,1.7117396394973208,2576.627392344498,Ezi_3_b2,Ezi RNAi,-0.5090130692250427,-0.2296727573647005,26.04532123096119,95
2894,85.34297520661157,336.48288075560805,824.5838252656434,2100.0,1.62306721928989,2780.112160566706,Ezi_3_b2,Ezi RNAi,-0.5455275067272011,-0.17727134562111424,24.27471307084053,95
2895,86.59558823529412,352.6136363636364,865.3937165775401,1995.0,1.4618752759770044,3549.3576203208554,Ezi_3_b2,Ezi RNAi,-0.633305080170099,-0.12526880716102795,22.375016649998944,95
2896,86.27898326100434,363.10167389956604,924.1326720396776,1995.0,1.2301705455947534,2407.7606943583387,Ezi_3_b2,Ezi RNAi,-0.7630219952628284,-0.08120225899352607,17.35630486160431,95
2897,86.54879679144385,367.778743315508,864.951871657754,1915.0,1.3089999371666992,2514.0949197860964,Ezi_3_b2,Ezi RNAi,-0.6277915625785468,-0.08872043323024448,22.570111197894065,95
2898,86.53350083752093,411.143216080402,851.6943048576214,1793.0,1.5917572994967395,3843.8710217755442,Ezi_3_b2,Ezi RNAi,-0.5849124829680634,0.011971931570450511,24.235425923861165,95
2899,86.9897247706422,410.0297247706422,948.217614678899,3555.0,1.486443005059424,2330.017614678899,Ezi_3_b2,Ezi RNAi,-0.8037082088046285,0.039989202144515845,16.71309316083979,95
2900,87.48880866425993,440.96101083032494,949.5610108303249,1933.0,1.5288222522869384,2816.532129963899,Ezi_3_b2,Ezi RNAi,-0.7976546403364432,0.11524491450902374,17.51830606007581,95
2901,84.07086614173228,450.5196850393701,887.7755905511812,521.0,1.6315570741921506,2567.452755905512,Ezi_3_b2,Ezi RNAi,-0.6543757951127473,0.11873197158515114,19.33818680579818,95
2902,88.33975563909775,512.2575187969925,934.8359962406015,3200.0,1.347314711780984,2481.0554511278197,Ezi_3_b2,Ezi RNAi,-0.7433238357189913,0.28304014253736076,20.545966883905493,95
2903,87.92796610169492,525.7987288135594,986.6355932203389,2185.0,1.5898183359692197,2239.3234463276835,Ezi_3_b2,Ezi RNAi,-0.8564157262110818,0.3322856647675567,16.046136272693985,95
2904,85.77996965098635,524.5880121396054,923.7928679817906,1857.0,1.5415904849422994,2369.873292867982,Ezi_3_b2,Ezi RNAi,-0.7141868894578975,0.30937380952821125,19.07295695801815,95
2905,85.3855421686747,533.460843373494,884.7740963855422,1494.0,1.6781216958924519,2973.3845381526103,Ezi_3_b2,Ezi RNAi,-0.6231982651650376,0.31842633432303247,22.01854219161198,95
2906,88.1242502142245,558.4550128534704,964.3101970865467,1576.0,1.4378438249925054,2287.9254498714654,Ezi_3_b2,Ezi RNAi,-0.7962427098262463,0.4041851057670631,18.525318990192687,95
2907,87.91929321872016,568.9646609360076,933.989493791786,2846.0,1.4673491470441964,2900.159980897803,Ezi_3_b2,Ezi RNAi,-0.724482913813126,0.4199640751383047,20.964392863235343,95
2908,88.02991071428572,573.2107142857143,866.7383928571429,2796.0,1.5221294400666767,2778.76875,Ezi_3_b2,Ezi RNAi,-0.5710915350410437,0.4088361887585368,26.679418379591542,95
2909,85.41584158415841,594.3927392739274,905.3729372937294,747.0,1.3302496952648462,2506.891089108911,Ezi_3_b2,Ezi RNAi,-0.6517072672189921,0.47239218841761055,21.17438374466107,95
2910,85.8033088235294,603.6056985294117,999.4191176470588,1565.0,1.5650566838509758,2178.0992647058824,Ezi_3_b2,Ezi RNAi,-0.8618179380966402,0.5246042678978635,13.92764464634294,95
2911,87.6417033773862,239.80763582966227,912.3516886930984,1755.0,1.3859010205835416,3514.9757709251103,Ezi_3_b2,Ezi RNAi,-0.773254510253422,-0.38324291104575814,18.017113611391135,95
2912,88.40780619111709,239.2314939434724,781.5275908479139,1895.0,1.4604970191673257,3526.894347240915,Ezi_3_b2,Ezi RNAi,-0.47759126012984976,-0.4262704984727088,29.563982530549573,95
2913,89.90514362057448,252.3052772211089,868.6012024048097,1980.0,1.3537791466614457,3067.4522378089514,Ezi_3_b2,Ezi RNAi,-0.6709923912191122,-0.366943936333183,24.050633790716592,95
2914,88.14929214929215,259.0990990990991,967.976833976834,1299.0,1.7016265853390709,2287.745173745174,Ezi_3_b2,Ezi RNAi,-0.893469180560848,-0.3188745988908558,14.19572272605979,95
2915,89.78517532179316,262.91699955614735,857.5521526853084,2875.0,1.2334879192371555,3605.740790057701,Ezi_3_b2,Ezi RNAi,-0.6428193878267006,-0.3447862592425447,24.9861258112921,95
2916,88.18145800316957,296.7725832012678,905.649762282092,1512.0,1.343359505867094,3680.2369255150556,Ezi_3_b2,Ezi RNAi,-0.7412731918988152,-0.24756475713166592,19.878880277892208,95
2917,87.5925692695214,316.65931989924434,889.095717884131,2072.0,1.6259670161711475,3109.4319899244333,Ezi_3_b2,Ezi RNAi,-0.6978005686126431,-0.2047168598729302,20.92672894894964,95
2918,90.03233392122281,321.4027042915932,941.098177542622,2299.0,1.3750639976996877,2816.047031158142,Ezi_3_b2,Ezi RNAi,-0.8145104240739701,-0.17670980447070295,19.13265133165014,95
2919,90.08738244514106,353.72884012539186,956.4949059561128,3503.0,1.2889245570515007,2696.462382445141,Ezi_3_b2,Ezi RNAi,-0.8397522997311986,-0.09360483582286772,18.355050887239123,95
2920,87.7671469740634,355.36541786743516,879.2760806916426,2478.0,1.43677531526038,2868.657060518732,Ezi_3_b2,Ezi RNAi,-0.6641197135972791,-0.11420169173156558,22.43461333293674,95
2921,87.11041666666667,358.81875,910.2805555555556,1885.0,1.3101567996817447,2656.6430555555557,Ezi_3_b2,Ezi RNAi,-0.7331138286223822,-0.09597707938592948,19.26946965141282,95
2922,87.88836846213896,436.2295081967213,886.3871975019516,1790.0,1.4694020200281641,3510.245901639344,Ezi_3_b2,Ezi RNAi,-0.6562099932971251,0.08369331554580128,23.063419912617793,95
2923,85.21834625322997,460.7080103359173,926.9354005167959,1100.0,1.5330523534833582,2552.421188630491,Ezi_3_b2,Ezi RNAi,-0.7401653025051498,0.1558337206345939,17.38939800865028,95
2924,88.50317892824705,495.5304268846503,929.1099000908265,1734.0,1.5844924401903038,2609.359673024523,Ezi_3_b2,Ezi RNAi,-0.735369103748085,0.24074946320525226,20.95472586776737,95
2925,87.24651162790698,522.94496124031,859.9821705426357,1754.0,1.395816807078442,2384.3713178294574,Ezi_3_b2,Ezi RNAi,-0.570588009332698,0.2850844265474448,25.775658753808152,95
2926,86.04745370370371,546.1539351851852,933.0266203703703,1240.0,1.7842437840900853,2907.599537037037,Ezi_3_b2,Ezi RNAi,-0.7287224867344685,0.3644843236415882,18.869761056266455,95
2927,86.30220883534136,549.6626506024096,901.1435742971887,1249.0,1.440252947480015,2161.2761044176705,Ezi_3_b2,Ezi RNAi,-0.6555956255552153,0.3628259226273829,21.80104555065919,95
2928,85.84118852459017,566.126024590164,895.5696721311475,1260.0,1.3702502244495487,2796.410860655738,Ezi_3_b2,Ezi RNAi,-0.6380062565914417,0.40088483141986897,22.024260747581394,95
2929,86.58751279426816,568.7093142272262,976.3807574206755,1268.0,1.380587738674769,2292.0870010235412,Ezi_3_b2,Ezi RNAi,-0.8202114424904546,0.4328440727268843,16.13710221005753,95
2930,86.81171171171171,593.8963963963964,971.1225225225226,1700.0,1.6594169705090145,2801.055855855856,Ezi_3_b2,Ezi RNAi,-0.8008758904507925,0.4921040659635574,17.135184886418237,95
2931,87.9813849590469,603.2367833209233,869.867460908414,1760.0,1.4789722469042417,3304.31347728965,Ezi_3_b2,Ezi RNAi,-0.5692420707330231,0.4824737059024349,26.779390902185003,95
2932,89.00740009866799,621.1139615194869,933.7557967439566,2670.0,1.3584814175127304,2824.038973852985,Ezi_3_b2,Ezi RNAi,-0.7086709749303428,0.5460464621208672,22.773864971513653,95
2933,88.85445205479452,621.7534246575342,880.4674657534247,1216.0,1.5034827415955752,3411.472602739726,Ezi_3_b2,Ezi RNAi,-0.5878903940536317,0.5306379454128791,27.025685729076,95
2934,86.43442622950819,643.5811475409836,852.9811475409836,1513.0,1.3807725624576614,3586.509836065574,Ezi_3_b2,Ezi RNAi,-0.5187573133410336,0.5747148867635063,27.176846186940917,95
2935,87.82510013351134,659.7449933244326,822.4833110814419,3028.0,1.6235063858789625,3408.7672452158436,Ezi_3_b2,Ezi RNAi,-0.445222401042934,0.6041061806256884,31.297113357952785,95
2936,86.29094827586206,678.3433908045977,796.1954022988506,1863.0,1.624936733235936,3472.0114942528735,Ezi_3_b2,Ezi RNAi,-0.37992941879176,0.6407460343698768,32.18848224825077,95
2937,88.47126436781609,233.78850574712644,828.1977011494253,1661.0,1.2737454481136754,3021.845977011494,Ezi_3_b2,Ezi RNAi,-0.5848083561959151,-0.4245884220059214,25.703879336592333,95
2938,91.86603668704836,235.514730405781,766.1228460255697,5714.0,1.4021614551181418,2854.7859922178986,Ezi_3_b2,Ezi RNAi,-0.4445047267204755,-0.4401868039722533,34.23048599025382,95
2939,88.88737201365188,231.4334470989761,747.0580204778157,1886.0,1.363723285185573,3117.80204778157,Ezi_3_b2,Ezi RNAi,-0.4020143331643622,-0.45610765091363104,32.77959564656682,95
2940,88.29545454545455,254.8926332288401,888.2578369905956,1826.0,1.3313229168970426,3268.448275862069,Ezi_3_b2,Ezi RNAi,-0.714387693699046,-0.3544190754657639,20.860190271984703,95
2941,89.35885885885885,276.0998498498499,864.277027027027,1725.0,1.5707395200091898,3392.4519519519517,Ezi_3_b2,Ezi RNAi,-0.6540363420139861,-0.31075056881069973,24.18503272308321,95
2942,89.5324427480916,277.1297709923664,926.949427480916,1497.0,1.4336342825636195,3489.3559160305344,Ezi_3_b2,Ezi RNAi,-0.7955558095210482,-0.2883174282008517,19.20231171888922,95
2943,88.05728835136856,279.6384468491407,810.3717377466581,2227.0,1.531585885347908,3182.251432208784,Ezi_3_b2,Ezi RNAi,-0.530778977221702,-0.31933409037399574,27.382384638497978,95
2944,89.97187268689859,296.0251665433013,933.9903774981495,1911.0,1.2792661941064996,3843.863064396743,Ezi_3_b2,Ezi RNAi,-0.8059565324001132,-0.24036655222503767,19.315188488658514,95
2945,88.87542468856172,302.38788221970555,839.3595696489241,2422.0,1.336814039989728,3763.7157417893545,Ezi_3_b2,Ezi RNAi,-0.5897606607960038,-0.25507809282535565,26.114485462634967,95
2946,87.1566265060241,303.1754518072289,878.6882530120482,1815.0,1.5883436054863473,3644.7981927710844,Ezi_3_b2,Ezi RNAi,-0.6781764542139358,-0.2406469875476307,21.168270596912087,95
2947,89.22999222999223,305.05827505827506,898.1204351204351,1670.0,1.3755626111568713,3370.5353535353534,Ezi_3_b2,Ezi RNAi,-0.7219778448318523,-0.2299220353714435,21.656969795113813,95
2948,91.18877551020408,325.58090379008746,985.6924198250729,1910.0,1.607229299880283,2927.264577259475,Ezi_3_b2,Ezi RNAi,-0.9143820511087523,-0.1524190434783953,16.663170881125936,95
2949,88.85505124450951,337.896046852123,906.8887262079063,1779.0,1.4331730899030053,2890.453879941435,Ezi_3_b2,Ezi RNAi,-0.7319890671785769,-0.1476856652205638,21.0045680547788,95
2950,88.29239230064161,370.58936755270395,955.4344637946838,1557.0,1.4889460423116403,2758.67919340055,Ezi_3_b2,Ezi RNAi,-0.8320011575434827,-0.053140199099743546,16.8820403769353,95
2951,88.24814565070803,387.9055967633176,941.1591368846932,1941.0,1.4060567351083544,2573.9035738368175,Ezi_3_b2,Ezi RNAi,-0.7945517701946194,-0.015789539282387133,18.249866601962356,95
2952,87.23115577889448,390.4924623115578,978.3662060301508,2568.0,1.391410994701809,2334.472361809045,Ezi_3_b2,Ezi RNAi,-0.8777673183258526,0.0023148860418249484,14.202364196443863,95
2953,96.4020725388601,388.2556994818653,954.6072538860103,6262.0,1.7292965919204744,2468.3727979274613,Ezi_3_b2,Ezi RNAi,-0.8264331922369487,-0.010716485092314598,25.27070511720449,95
2954,87.26023778071334,399.84610303830914,931.5409511228534,2008.0,1.6896771873744028,2387.1638044914134,Ezi_3_b2,Ezi RNAi,-0.7690552299913099,0.010043808376579477,18.220415920666138,95
2955,87.57293868921776,402.0306553911205,866.4915433403805,1408.0,1.5420478776127071,2433.1405919661734,Ezi_3_b2,Ezi RNAi,-0.6212960847075688,-0.005372160367587364,23.92730262266826,95
2956,86.37888198757764,419.444099378882,893.3167701863354,615.0,1.6780795949454261,2881.192546583851,Ezi_3_b2,Ezi RNAi,-0.6765851610691157,0.045299546686194736,20.760410387137153,95
2957,89.60045871559633,433.1729357798165,849.7981651376147,3935.0,1.5340803483127459,2187.176146788991,Ezi_3_b2,Ezi RNAi,-0.5746652237998597,0.06464466472093577,27.746252224689236,95
2958,87.10980392156863,430.2901960784314,900.4313725490196,671.0,1.4764972885079228,2525.9529411764706,Ezi_3_b2,Ezi RNAi,-0.6895993941640388,0.07379843649137308,21.04872780920266,95
2959,87.61803713527851,440.1635720601238,861.3412908930151,1479.0,1.4364689420813987,3268.097259062776,Ezi_3_b2,Ezi RNAi,-0.5983249045855925,0.08524298185216539,24.913240211647725,95
2960,87.02679658952496,484.1693057247259,873.8708891595616,1156.0,1.6469177993084585,2603.0876979293544,Ezi_3_b2,Ezi RNAi,-0.6134869222079933,0.19569607118791166,23.886208437900944,95
2961,86.31306081754735,500.1814556331007,867.5264207377867,1382.0,1.7219713028601653,2284.3998005982053,Ezi_3_b2,Ezi RNAi,-0.5942398900410442,0.2324197930388805,23.915046273306615,95
2962,86.51664025356577,507.8494453248811,837.1394611727417,922.0,1.5444117565306972,2169.5340729001587,Ezi_3_b2,Ezi RNAi,-0.5232524893385055,0.24130024250206716,26.72822717744764,95
2963,91.20268327743172,532.4393866794442,850.7048394825108,2751.0,1.434763268725279,2502.9156684235745,Ezi_3_b2,Ezi RNAi,-0.5475351172975271,0.30507622768867004,30.611758195184084,95
2964,88.0351170568562,532.8871237458194,961.2182274247492,1542.0,1.3259150908701627,3033.7909698996655,Ezi_3_b2,Ezi RNAi,-0.7968254318354683,0.3413458844467112,18.34545542968963,95
2965,87.78790459965929,567.3884156729131,910.9352640545145,1596.0,1.5191082788192838,2864.85604770017,Ezi_3_b2,Ezi RNAi,-0.6727673279902575,0.4088156045866411,22.71379486731802,95
2966,86.56713426853707,594.869739478958,915.6032064128257,770.0,1.4967581607516924,3126.5250501002006,Ezi_3_b2,Ezi RNAi,-0.6749311401687115,0.4767939883603103,21.48424291119594,95
2967,87.49583017437453,598.5451099317664,952.8256254738438,1629.0,1.3803078900406995,2308.398028809704,Ezi_3_b2,Ezi RNAi,-0.7582302986985721,0.49752400674432096,19.389084755975084,95
2968,88.2617994100295,605.9491150442478,884.0833333333334,1720.0,1.5244275518957056,2857.9011799410027,Ezi_3_b2,Ezi RNAi,-0.6006524778314831,0.49355731761034094,25.92291810190861,95
2969,92.56338028169014,598.4305164319248,986.4676056338028,3381.0,1.5256833591781538,2452.1643192488264,Ezi_3_b2,Ezi RNAi,-0.8353465981122201,0.5079187281281692,21.66233311593217,95
2970,88.36527621195039,626.8297632468997,918.1476888387824,1290.0,1.648882916519623,2753.639233370913,Ezi_3_b2,Ezi RNAi,-0.6715378802009685,0.5549122238836053,23.498818904022343,95
2971,87.96326836581709,668.6086956521739,833.6964017991005,1857.0,1.6650423594468402,2330.5307346326836,Ezi_3_b2,Ezi RNAi,-0.467984682094716,0.6291171215101761,30.629847039420177,95
2972,88.84712643678161,204.4551724137931,919.5298850574712,1233.0,1.77568507822313,2786.7379310344827,Ezi_3_b2,Ezi RNAi,-0.8002270629924269,-0.4664942108335982,18.147679033028986,95
2973,89.44420131291028,222.7133479212254,836.9401896425967,1734.0,1.4402537678462983,2891.6374908825674,Ezi_3_b2,Ezi RNAi,-0.6080637655916328,-0.4486068006618784,25.802358266275228,95
2974,88.56270903010034,226.29347826086956,817.1404682274248,1726.0,1.6857997608273767,2523.311872909699,Ezi_3_b2,Ezi RNAi,-0.5620360445450687,-0.44624005607115746,26.605625241232648,95
2975,91.24361370716511,238.82866043613708,740.6454828660436,1977.0,1.5327434340291781,3004.1464174454827,Ezi_3_b2,Ezi RNAi,-0.38576035258272234,-0.4402724106321668,35.75664212030549,95
2976,90.01507882111035,237.86566141192597,799.2165867032214,2108.0,1.4915994700944024,2905.4153529814944,Ezi_3_b2,Ezi RNAi,-0.5183246771499355,-0.4239566081994448,29.688035479531212,95
2977,89.09608745684694,243.92922899884925,815.632911392405,2340.0,1.476179468672138,2862.754890678941,Ezi_3_b2,Ezi RNAi,-0.5534884913044987,-0.4040573969200666,27.50020904515428,95
2978,88.75739247311827,249.32997311827958,901.7701612903226,1725.0,1.2830954360933295,3562.649865591398,Ezi_3_b2,Ezi RNAi,-0.7466992515514407,-0.3635800557611213,20.130628163237617,95
2979,88.48837209302326,246.90697674418604,931.5126390293226,1416.0,1.4179055578619344,2348.0040444893834,Ezi_3_b2,Ezi RNAi,-0.8146579659875874,-0.3599760387361961,17.37639309470221,95
2980,89.14549653579677,248.55350269438028,850.6004618937644,1695.0,1.3173287162237244,3172.250192455735,Ezi_3_b2,Ezi RNAi,-0.6312360601993884,-0.38174348690065896,24.72768240671352,95
2981,88.84698608964452,252.36862442040186,943.2179289026275,1653.0,1.3812594311575888,2430.2596599690883,Ezi_3_b2,Ezi RNAi,-0.8395865976998531,-0.3430404445860279,16.842150715195665,95
2982,92.58870967741936,265.2782258064516,824.963399503722,4530.0,1.6553100681662678,3536.7701612903224,Ezi_3_b2,Ezi RNAi,-0.5689243918397284,-0.3494619437335611,30.499948354144625,95
2983,91.23512123438648,265.63188831741365,896.9977957384276,1671.0,1.2344444790367861,3618.8581925055105,Ezi_3_b2,Ezi RNAi,-0.731533485223162,-0.32567587804518106,23.214005892026886,95
2984,88.70784177654407,275.7626648160999,829.0187369882026,1798.0,1.5479490653449997,3140.5475364330327,Ezi_3_b2,Ezi RNAi,-0.5742423843479426,-0.32278139403771744,26.440069305293434,95
2985,89.15854545454546,289.24436363636363,845.9396363636364,1844.0,1.7016530996012982,3704.1556363636364,Ezi_3_b2,Ezi RNAi,-0.6086061864854039,-0.28478401033275624,25.675935937040833,95
2986,89.31852986217459,296.4134762633997,920.7450229709035,1616.0,1.3355812191042342,3290.260336906585,Ezi_3_b2,Ezi RNAi,-0.7757494419216161,-0.24363758373845634,19.76195376507604,95
2987,89.10026155187445,297.43679163034,945.1072362685265,1498.0,1.3748013947300919,3429.553618134263,Ezi_3_b2,Ezi RNAi,-0.8305216140668549,-0.23340832011852408,17.54874282549684,95
2988,88.67654028436019,318.6877962085308,840.2701421800948,2168.0,1.7194392815128776,3081.2031990521327,Ezi_3_b2,Ezi RNAi,-0.5869406982748158,-0.21535296440687468,26.06182373361878,95
2989,88.35325670498084,318.68812260536396,872.4360153256705,1814.0,1.5670027168131992,3396.35938697318,Ezi_3_b2,Ezi RNAi,-0.6596519369988212,-0.20511475911814714,23.08641978425272,95
2990,89.88290398126463,326.2382903981265,971.6545667447307,2046.0,1.5065946335560425,2589.2341920374706,Ezi_3_b2,Ezi RNAi,-0.8821772168910555,-0.15528702203543865,16.528703969678354,95
2991,90.85010555946516,343.9912033779029,836.0355383532724,3886.0,1.5425919275248896,3667.7054890921886,Ezi_3_b2,Ezi RNAi,-0.5702594250098683,-0.15549854013927777,28.919589097590478,95
2992,89.72419724770643,350.6599770642202,901.2327981651376,2426.0,1.566531801448459,2860.399655963303,Ezi_3_b2,Ezi RNAi,-0.7155675462599136,-0.11861153036782568,22.509984420562784,95
2993,89.32837209302326,378.9967441860465,926.700465116279,2910.0,1.2584245427373557,2646.020465116279,Ezi_3_b2,Ezi RNAi,-0.7646930792524895,-0.04195041529947341,20.398369562972402,95
2994,91.38471849865952,379.12533512064346,904.2218498659518,2095.0,1.4925612484373891,3457.799597855228,Ezi_3_b2,Ezi RNAi,-0.7141918861975195,-0.04880551423824775,24.30344628481389,95
2995,88.66742944317315,407.17543859649123,830.418001525553,1684.0,1.4484826033935538,3126.2608695652175,Ezi_3_b2,Ezi RNAi,-0.5383631444842495,-0.00441136214744331,28.063189884253557,95
2996,92.43098591549295,422.8453834115806,866.6003129890454,3932.0,1.2429991374162577,3718.7367762128324,Ezi_3_b2,Ezi RNAi,-0.6162883807313613,0.044987452765084646,29.04112534879837,95
2997,90.12039312039312,443.1363636363636,876.3519656019656,2118.0,1.6131013434657206,3465.428746928747,Ezi_3_b2,Ezi RNAi,-0.6318812105503757,0.09719513522926704,26.208897673761946,95
2998,91.18133203694701,509.07243558580456,902.4141954302382,3270.0,1.9837256242986832,2357.370928536704,Ezi_3_b2,Ezi RNAi,-0.6714614135879229,0.26499924990316104,26.008851764418257,95
2999,88.08587257617728,519.4506001846722,873.0138504155125,1718.0,1.4058222432682839,2696.2225300092337,Ezi_3_b2,Ezi RNAi,-0.6012699405271211,0.28077183947896867,25.489842174788986,95
3000,88.32217973231357,519.2284894837476,970.9541108986616,1465.0,1.5144733882444286,2678.9349904397704,Ezi_3_b2,Ezi RNAi,-0.8229645599778943,0.3113979245634868,17.643548518414242,95
3001,89.90828402366864,520.9122287968441,917.7140039447731,1493.0,1.4608075866904588,2767.1607495069034,Ezi_3_b2,Ezi RNAi,-0.7023155722520531,0.29851980766328357,23.638492891681057,95
3002,87.68866571018651,579.9210903873744,893.4304160688665,1154.0,1.87193219426464,3476.9928263988522,Ezi_3_b2,Ezi RNAi,-0.6294218343575599,0.43356621105781534,24.22846327977075,95
3003,88.87769784172662,588.6361767728674,931.7512846865365,1412.0,1.6232067250538686,3085.6443987667008,Ezi_3_b2,Ezi RNAi,-0.7137588790313328,0.4668365547303539,22.37034070877051,95
3004,89.53873239436619,602.6338028169014,939.5176056338029,1508.0,1.9441986649100966,2384.4471830985917,Ezi_3_b2,Ezi RNAi,-0.7272980246430542,0.5031677170294544,22.577916547809988,95
3005,87.78382838283828,604.6485148514852,967.6501650165017,829.0,1.5037320318979954,2399.414191419142,Ezi_3_b2,Ezi RNAi,-0.790011879803348,0.5170052105254788,18.53586403532814,95
3006,88.14343707713125,608.9309878213802,943.3288227334235,1095.0,1.7896865435836142,2925.002706359946,Ezi_3_b2,Ezi RNAi,-0.7337830872874511,0.5196242268368554,20.958368895389786,95
3007,90.15552016985139,610.1772823779194,922.1273885350319,2531.0,1.3229493913670667,2953.029193205945,Ezi_3_b2,Ezi RNAi,-0.6858309416104635,0.5158798605385171,24.729116097589834,95
3008,89.12706766917293,635.2736842105263,847.193984962406,1841.0,1.6012332062076964,2935.248120300752,Ezi_3_b2,Ezi RNAi,-0.5086471700938219,0.5527577314901433,30.22497748425221,95
3009,91.23415361670395,220.9821029082774,852.427293064877,1748.0,1.625453529669639,3291.296793437733,Ezi_3_b2,Ezi RNAi,-0.6439590425301008,-0.44787878849965357,26.285132110121314,95
3010,90.06437125748504,231.9244011976048,851.5531437125749,1609.0,1.4721082370134528,3336.002245508982,Ezi_3_b2,Ezi RNAi,-0.6385070439183953,-0.4216768141443351,25.339665081047944,95
3011,90.68098881695114,249.98763978811064,786.4155385520895,2102.0,1.6574773062384556,2762.005297233667,Ezi_3_b2,Ezi RNAi,-0.48588960524161484,-0.39870781522590637,31.571614874889896,95
3012,91.82418397626112,247.86646884272997,922.1157270029673,1735.0,1.3350498216418083,2639.169881305638,Ezi_3_b2,Ezi RNAi,-0.7937512206723403,-0.3606666501596737,21.48863828602387,95
3013,89.46711153479504,272.9494756911344,939.7225929456625,1610.0,1.447054877059513,3771.91229742612,Ezi_3_b2,Ezi RNAi,-0.8256835534239152,-0.2943658425970599,18.027008330660244,95
3014,89.23255813953489,278.4829001367989,848.8864569083447,1865.0,1.6433121112422604,3476.4473324213404,Ezi_3_b2,Ezi RNAi,-0.6184841165008919,-0.3098818148057705,25.360948245144623,95
3015,90.75329428989751,274.4231332357247,910.2459736456808,1614.0,1.3611044601916396,3361.904831625183,Ezi_3_b2,Ezi RNAi,-0.7588029299006598,-0.30018861521691964,21.76006585132793,95
3016,94.50021710811984,274.48328267477206,806.9348675640468,3025.0,1.6207030121701356,3259.3647416413373,Ezi_3_b2,Ezi RNAi,-0.5257672724016855,-0.33294153616104005,34.01648004379439,95
3017,92.15472657905892,315.84188215345483,859.9224247562527,2918.0,1.345026092943254,3754.4514624841036,Ezi_3_b2,Ezi RNAi,-0.6329135203949987,-0.21600728632530763,27.868263098369066,95
3018,90.54944375772558,328.5271940667491,886.411001236094,2233.0,1.7620925708152575,2667.6761433868974,Ezi_3_b2,Ezi RNAi,-0.6887668059356629,-0.1768787037247317,24.255352794778,95
3019,89.98493543758967,338.55667144906744,948.0538020086083,1761.0,1.3698995307298774,2382.7403156384503,Ezi_3_b2,Ezi RNAi,-0.8251422734413152,-0.13299590975290054,18.743869592748993,95
3020,90.56492785793563,345.4783573806881,973.6659267480577,2248.0,1.3754786518006554,2589.6076581576026,Ezi_3_b2,Ezi RNAi,-0.8811428448852403,-0.10810430642877067,17.302865352335182,95
3021,89.79542645241038,364.6965389369592,825.5512978986403,2197.0,1.480865704988503,3503.481458590853,Ezi_3_b2,Ezi RNAi,-0.5401870534959681,-0.10873574798086061,29.01368016266613,95
3022,89.44337680164722,399.15305422100204,902.8949897048731,2092.0,1.8236269113664436,2366.9883321894304,Ezi_3_b2,Ezi RNAi,-0.7048691514935652,-0.0007623693361742401,22.74944367516992,95
3023,90.93048128342247,416.6229946524064,846.475935828877,1977.0,1.5756161265262194,3506.032754010695,Ezi_3_b2,Ezi RNAi,-0.572319642760645,0.023539873394164967,29.12163858717278,95
3024,90.00954400848356,422.1622481442206,900.3881230116649,1311.0,1.4431601304978068,2553.2195121951218,Ezi_3_b2,Ezi RNAi,-0.6924707721353521,0.05410196431123282,23.831866551814024,95
3025,91.99880952380953,423.0017857142857,962.5166666666667,2192.0,1.497044257821318,2416.352380952381,Ezi_3_b2,Ezi RNAi,-0.8331637145931017,0.07588961273351669,20.700756616797,95
3026,89.8882769472856,448.25019669551534,903.110936270653,1682.0,1.4346465556151629,3098.7938630999215,Ezi_3_b2,Ezi RNAi,-0.6908581180189336,0.11808326130339997,23.839556291841575,95
3027,90.83922651933702,445.7425414364641,933.3348066298342,2905.0,1.5945432115395677,2818.7491712707183,Ezi_3_b2,Ezi RNAi,-0.7601644943862601,0.12162768803455792,22.260167140303174,95
3028,89.1277072442121,461.50709484690066,918.0582524271845,1912.0,1.5280317929319749,2642.2449589245707,Ezi_3_b2,Ezi RNAi,-0.7205918659010719,0.15491668784713086,22.02814013026636,95
3029,89.87656702025072,480.41465766634525,887.8322082931534,1382.0,1.4389083172683976,2643.7242044358727,Ezi_3_b2,Ezi RNAi,-0.646734035808052,0.19103647789432832,25.523559262080703,95
3030,92.02091254752851,512.9211026615969,865.643536121673,1345.0,1.232991467504156,2663.5484790874525,Ezi_3_b2,Ezi RNAi,-0.5872875454754343,0.26260421531876843,29.930679502976716,95
3031,89.1044776119403,593.2338308457712,921.0281923714759,1232.0,1.4837144665876565,3079.1243781094527,Ezi_3_b2,Ezi RNAi,-0.6881761985476932,0.4745459657747768,23.5430732832191,95
3032,89.62731707317073,605.9521951219513,909.2741463414634,1387.0,1.3747404428708558,2531.741463414634,Ezi_3_b2,Ezi RNAi,-0.6579053680588051,0.5015716776336576,25.205791843935227,95
3033,92.50031625553447,618.5300442757748,901.43706514864,2371.0,1.5739867145818112,2714.325743200506,Ezi_3_b2,Ezi RNAi,-0.6369877674610556,0.529488507769468,28.88544566145244,95
3034,90.29213483146067,687.5333773959022,777.3978849966953,1792.0,1.335483684265579,2751.7944481163254,Ezi_3_b2,Ezi RNAi,-0.3354367762016732,0.6569716579767222,37.85060674072135,95
3035,91.34729064039409,218.4392446633826,920.4589490968801,1723.0,1.7799995619877627,2592.427750410509,Ezi_3_b2,Ezi RNAi,-0.7986532346877354,-0.43238347721089443,20.75174718757997,95
3036,90.69737683941139,275.01791426743443,887.9078694817658,1955.0,1.2867859004059128,3775.2328854766474,Ezi_3_b2,Ezi RNAi,-0.708077048474343,-0.30585737993394535,23.554991227473938,95
3037,88.98336106489185,269.261231281198,797.495840266223,1123.0,1.9614111859163916,3544.529118136439,Ezi_3_b2,Ezi RNAi,-0.5049079075936964,-0.34854269958451856,29.226839709719222,95
3038,90.76280834914611,276.6280834914611,877.2865275142315,801.0,1.3658926439503343,3706.07779886148,Ezi_3_b2,Ezi RNAi,-0.683581160874982,-0.3053421064674158,24.51810837699114,95
3039,91.61719670200236,285.57950530035333,837.0011778563015,1350.0,1.8306984397725896,3518.70789163722,Ezi_3_b2,Ezi RNAi,-0.5899425531482548,-0.29651062481689283,28.81367851729644,95
3040,91.1243654822335,292.163282571912,869.3832487309645,1478.0,1.413693116150357,3586.289340101523,Ezi_3_b2,Ezi RNAi,-0.6611548200990816,-0.27027529650992055,25.740600905553737,95
3041,92.25246826516221,292.262341325811,957.5070521861777,1737.0,1.306065753943205,3039.8441466854724,Ezi_3_b2,Ezi RNAi,-0.8607155522926739,-0.2420016641596322,19.597056159755333,95
3042,90.22161172161172,300.78205128205127,827.7014652014652,1676.0,1.6122067898822396,3706.0705128205127,Ezi_3_b2,Ezi RNAi,-0.5641195283713792,-0.26268148565035765,28.3958628980224,95
3043,91.81503941782898,308.2152819890843,937.5706488781079,1944.0,1.3437214640857436,2971.598544572468,Ezi_3_b2,Ezi RNAi,-0.8107881059505049,-0.20974799540877365,21.021586084495027,95
3044,91.80968858131487,310.4885813148789,923.9522491349481,1943.0,1.4974375343753432,2630.548788927336,Ezi_3_b2,Ezi RNAi,-0.7793010414720505,-0.20858163726572432,22.170362139772458,95
3045,90.97176308539945,323.08539944903583,907.288567493113,1847.0,1.343375914479985,3202.408402203857,Ezi_3_b2,Ezi RNAi,-0.7376982582501856,-0.1834033690593495,22.880412401517837,95
3046,91.51058681185722,330.14398064125834,816.7277676950998,2008.0,1.463145974307142,3597.4367816091954,Ezi_3_b2,Ezi RNAi,-0.5308166468685686,-0.19514698899915706,30.98295585222413,95
3047,91.86175710594316,342.64276485788116,862.0949612403101,1920.0,1.452017647911287,3014.4321705426355,Ezi_3_b2,Ezi RNAi,-0.6298112694760537,-0.15047518103965107,27.759892175333288,95
3048,91.56998738965952,341.0403530895334,878.7055485498108,1952.0,1.4653418474410709,2848.404161412358,Ezi_3_b2,Ezi RNAi,-0.6678118273369793,-0.14906440933018628,26.077300968716976,95
3049,91.95240858966918,342.57980266976205,922.7376668601277,2127.0,1.3166059261444902,2539.6535113174696,Ezi_3_b2,Ezi RNAi,-0.7670474693602003,-0.13133134895693632,22.847158462720135,95
3050,96.4028529267093,359.39645843580917,943.4001475651746,6001.0,1.5481278206227802,2706.6942941465813,Ezi_3_b2,Ezi RNAi,-0.8096508733355939,-0.08410126866251622,25.80527917472877,95
3051,89.35648148148148,377.35300925925924,880.3958333333334,1056.0,1.4115209129275055,2240.4236111111113,Ezi_3_b2,Ezi RNAi,-0.660425542135536,-0.060661571806986836,24.223646384116105,95
3052,91.30359858084135,376.8748099341105,836.4891028890015,2685.0,1.5055918018153192,3447.141409021794,Ezi_3_b2,Ezi RNAi,-0.5616039957071854,-0.0758024650816892,29.779196682803722,95
3053,90.1555944055944,388.75524475524475,824.291083916084,1501.0,1.663160561887939,3059.4763986013986,Ezi_3_b2,Ezi RNAi,-0.5302579681500411,-0.05093431595525366,29.80219875024701,95
3054,91.00542372881355,420.6094915254237,832.0786440677966,1892.0,1.4724807749883113,3016.4094915254236,Ezi_3_b2,Ezi RNAi,-0.5385768275394733,0.028602568755965452,30.437865093957907,95
3055,90.47480403135498,480.7301231802912,851.6629339305711,1347.0,1.557419108218532,2388.7637178051514,Ezi_3_b2,Ezi RNAi,-0.5649241568484504,0.18028657076393162,29.107456241779815,95
3056,90.08768472906404,525.0266009852216,903.8088669950739,1254.0,1.428257100881077,2318.591133004926,Ezi_3_b2,Ezi RNAi,-0.6696682227121424,0.3040477936632433,25.01994678992979,95
3057,92.6078431372549,522.6862745098039,890.0825906120024,2195.0,1.4614899828889298,3058.7147950089125,Ezi_3_b2,Ezi RNAi,-0.6397907685359675,0.2940016912353225,28.63184144175824,95
3058,93.6328212813788,550.7860621955789,879.1899587860622,3369.0,1.7066955972224211,3007.747845635069,Ezi_3_b2,Ezi RNAi,-0.6069957168790694,0.3585102290688411,30.93209010267562,95
3059,90.77050997782705,560.8303769401331,891.9113082039911,1261.0,1.591794544027736,3053.5066518847007,Ezi_3_b2,Ezi RNAi,-0.6322455983104854,0.386876909316374,27.1664148071886,95
3060,93.46457765667574,601.1267029972752,904.3324250681198,1187.0,1.5594609138654312,2495.0531335149863,Ezi_3_b2,Ezi RNAi,-0.6488926106029995,0.4882999481405683,29.37193093667701,95
3061,90.1346516007533,611.6318267419962,961.4086629001883,1442.0,1.3189460048034023,2553.3841807909603,Ezi_3_b2,Ezi RNAi,-0.7742661779610627,0.5318984046896689,21.487827320269126,95
3062,92.08743169398907,625.6744730679156,987.751756440281,1789.0,1.6065257248612541,2260.7010148321624,Ezi_3_b2,Ezi RNAi,-0.830067807973824,0.5742412597931355,21.45090092890192,95
3063,91.07142857142857,657.3523809523809,852.265873015873,1587.0,1.3303124413201162,2930.9880952380954,Ezi_3_b2,Ezi RNAi,-0.5139353033764688,0.6077735301332743,32.043029086459995,95
3064,92.16984505363529,696.7884386174017,766.0101311084625,1976.0,1.2691796230581314,3402.3814064362336,Ezi_3_b2,Ezi RNAi,-0.30728266262458215,0.6757263822259909,40.78636060771797,95
3065,90.47622377622378,707.5517482517482,812.948951048951,2053.0,1.454586946552994,2431.788811188811,Ezi_3_b2,Ezi RNAi,-0.40995733255217226,0.7167130237641346,35.372531895306736,95
3066,92.53328661527681,205.90960056061667,693.7400140154169,1825.0,1.2725725120526847,3091.1618780658723,Ezi_3_b2,Ezi RNAi,-0.28966540657218376,-0.5348468056310525,40.46528343653488,95
3067,95.71635883905013,210.39511873350924,920.7209762532982,2379.0,1.2968642568723525,2553.491424802111,Ezi_3_b2,Ezi RNAi,-0.8024714802119369,-0.4517896042471329,24.975025099664094,95
3068,93.13465195891975,240.407379231647,837.7025484975276,3797.0,1.9996417811868945,3017.414606314188,Ezi_3_b2,Ezi RNAi,-0.6052384188551236,-0.4055814412761819,29.65651635642074,95
3069,92.41575663026521,245.0889235569423,883.8354134165367,1603.0,1.5275682943536568,3453.0171606864274,Ezi_3_b2,Ezi RNAi,-0.708082783099818,-0.379571119156653,25.198159654213818,95
3070,92.22970639032815,247.80051813471502,804.6683937823834,1469.0,1.37253890049274,3472.816925734024,Ezi_3_b2,Ezi RNAi,-0.5281314857004278,-0.39820105047695353,31.579689781221735,95
3071,93.58920342330481,262.7972350230415,943.8821593153391,1762.0,1.3295419884651385,2730.060566161949,Ezi_3_b2,Ezi RNAi,-0.8388987100075336,-0.3176302697760983,21.65414362361847,95
3072,91.8520071899341,271.1893349310965,965.7010185739964,2093.0,1.540430422243752,2667.149790293589,Ezi_3_b2,Ezi RNAi,-0.8854371635269978,-0.2903732382314975,18.236857853799933,95
3073,97.30010746910263,262.94223535733477,793.6896829661472,5272.0,1.4548958051718999,3469.798495432563,Ezi_3_b2,Ezi RNAi,-0.49976492312754517,-0.3650955133582947,37.742902408967886,95
3074,93.15567567567568,306.97513513513513,887.932972972973,1332.0,1.5708277213027573,3913.7124324324323,Ezi_3_b2,Ezi RNAi,-0.6991109865805378,-0.22855190774195144,26.435190993398987,95
3075,92.59401709401709,313.6474358974359,956.1217948717949,676.0,1.4315403177008694,2917.641025641026,Ezi_3_b2,Ezi RNAi,-0.8512942209087658,-0.19070811868631166,20.3411450131178,95
3076,92.05106100795756,322.25397877984085,828.3454907161804,1800.0,1.5664290393872926,2964.066976127321,Ezi_3_b2,Ezi RNAi,-0.5595481743047569,-0.21054184639832407,30.456431475053982,95
3077,92.67423851316468,333.5322663913268,961.7263810015488,2633.0,1.4482799988436228,2557.0056788848733,Ezi_3_b2,Ezi RNAi,-0.8580826239855806,-0.1408182344476967,20.227944359788168,95
3078,92.2432,349.2,893.288,1076.0,1.8627722346330142,3401.8784,Ezi_3_b2,Ezi RNAi,-0.6985085721121277,-0.12468812301756182,25.655748964945726,95
3079,92.0949406620862,354.68207370393503,851.6008744534665,2036.0,1.5238100110887978,3506.056214865709,Ezi_3_b2,Ezi RNAi,-0.6025373189407734,-0.12468948220769727,29.020846958374214,95
3080,97.08024691358025,362.3544509421702,820.4320987654321,4290.0,1.69727192427389,3148.762833008447,Ezi_3_b2,Ezi RNAi,-0.5306946052852973,-0.1160783852472107,36.66356857569742,95
3081,93.67543200601052,380.5018782870022,990.7114951164538,1730.0,1.3771815798782294,2504.3148009015777,Ezi_3_b2,Ezi RNAi,-0.909898375578757,-0.017968866272193962,19.470531807302837,95
3082,91.99593220338983,387.15593220338985,892.5159322033899,1815.0,1.3487170678699492,2467.5193220338983,Ezi_3_b2,Ezi RNAi,-0.6854393900552845,-0.03310609350813598,25.986805917746523,95
3083,90.98320895522389,395.0690298507463,813.6445895522388,1429.0,1.7403140085478261,2862.035447761194,Ezi_3_b2,Ezi RNAi,-0.5044537410485885,-0.03905264591629798,31.590574678950922,95
3084,92.54203409758965,394.8636096413874,962.7948265726044,2303.0,1.5114384371379488,2509.8853615520284,Ezi_3_b2,Ezi RNAi,-0.8422556364462742,0.007900406927292991,20.838255295692278,95
3085,91.36738906088752,424.2280701754386,943.4736842105264,1427.0,1.6250828580555814,2446.6460268317855,Ezi_3_b2,Ezi RNAi,-0.7895951369036995,0.0728009072344955,21.658937515741453,95
3086,92.26027397260275,436.66405740378343,917.4142204827136,2229.0,1.6100909100732779,2523.7827788649706,Ezi_3_b2,Ezi RNAi,-0.7271139111404321,0.09458901574995027,24.86659064555342,95
3087,94.27848101265823,431.38430379746836,896.9311392405064,2513.0,1.4249305586393226,2566.9741772151897,Ezi_3_b2,Ezi RNAi,-0.6827267802718593,0.07528484343489228,28.49584878150928,95
3088,94.21623123957754,448.56309060589217,868.9160644802669,2415.0,1.430981039584809,3344.953307392996,Ezi_3_b2,Ezi RNAi,-0.6142294965660855,0.10793106716967515,30.977220695474283,95
3089,97.83404154863078,453.1994806421152,889.402030217186,6095.0,1.2956136922946673,3006.0807365439096,Ezi_3_b2,Ezi RNAi,-0.6598925035304481,0.12564291701355468,32.9553086372817,95
3090,92.90124309392266,483.8529005524862,841.3515193370166,1917.0,1.3184401388212617,2307.3383977900553,Ezi_3_b2,Ezi RNAi,-0.5411318142288646,0.18454448914043287,32.418227861375186,95
3091,92.27816627816628,513.3752913752913,850.5299145299145,1842.0,1.6062894769534826,2582.5874125874125,Ezi_3_b2,Ezi RNAi,-0.5530082604814275,0.2588921341030592,31.439853359336503,95
3092,93.91399817017383,528.7680695333943,931.6010978956999,2930.0,1.5112884691886699,2321.1459286367794,Ezi_3_b2,Ezi RNAi,-0.732166909422362,0.3219180985328607,26.591024850984216,95
3093,91.52104055087987,535.2716143840856,876.4996174445295,1673.0,1.3041491090699777,2939.751338944147,Ezi_3_b2,Ezi RNAi,-0.6051136833957078,0.3201341071870354,28.839612827935994,95
3094,91.91159420289856,547.65,935.7847826086957,1957.0,1.3969819561516086,2559.8826086956524,Ezi_3_b2,Ezi RNAi,-0.7356401060617365,0.3689431332558837,24.506117630288866,95
3095,93.28408163265306,552.2816326530613,864.8383673469388,1649.0,1.3578690487625167,2570.0489795918365,Ezi_3_b2,Ezi RNAi,-0.5740151908117894,0.35756397739009693,31.78863028637391,95
3096,91.75825825825825,586.533033033033,892.0758258258259,1841.0,1.752416181465896,3283.0885885885887,Ezi_3_b2,Ezi RNAi,-0.6251715891465217,0.4491047817322076,28.485048576062848,95
3097,94.98992294013041,587.4238292827505,879.2934202726734,2318.0,1.3708688024296463,3092.256075874333,Ezi_3_b2,Ezi RNAi,-0.5966058683671587,0.44717137771974125,32.771839318634726,95
3098,93.97840172786177,598.8207343412527,968.8452123830093,1864.0,1.3900485660267532,2706.3405327573796,Ezi_3_b2,Ezi RNAi,-0.795631878450566,0.5032460306507045,24.531297116142277,95
3099,91.21652421652422,624.8841405508073,959.3504273504274,1408.0,1.445759945446262,2329.102564102564,Ezi_3_b2,Ezi RNAi,-0.7658798195271427,0.563297489314285,22.91507487643787,95
3100,94.94343065693431,642.5100364963504,897.8138686131387,1736.0,1.7144269783766057,2472.0775547445255,Ezi_3_b2,Ezi RNAi,-0.6221344623487897,0.5863340124705525,31.943469999733118,95
3101,93.54873164218958,635.8558077436583,898.2109479305741,1317.0,1.4840572557461111,2515.7983978638185,Ezi_3_b2,Ezi RNAi,-0.6247427004553943,0.5703710082602971,30.430826256008615,95
3102,92.11133200795229,689.7902584493041,834.9512922465209,1423.0,1.6258786991648866,3325.182902584493,Ezi_3_b2,Ezi RNAi,-0.4653252022681449,0.6807335425131631,34.9465967523212,95
3103,92.0609756097561,240.7675304878049,864.9626524390244,1645.0,1.4978839428088424,3336.485518292683,Ezi_3_b2,Ezi RNAi,-0.6666002281757828,-0.3960288586235089,26.342877080501243,95
3104,95.55700325732899,255.05583992554676,968.6482084690554,2905.0,1.4418093128284404,3193.302931596091,Ezi_3_b2,Ezi RNAi,-0.89760638367367,-0.3284910667978417,21.467399314883565,95
3105,92.66851704996034,265.3655828707375,926.3386201427438,1666.0,1.5024453222463874,3608.4670896114194,Ezi_3_b2,Ezi RNAi,-0.7982685137685305,-0.31699313034837906,22.218553131006285,95
3106,95.73518987341772,261.13367088607595,809.1691139240506,2918.0,1.4768415825722045,3356.2693670886074,Ezi_3_b2,Ezi RNAi,-0.535023985581335,-0.36453511700084573,34.882133878377736,95
3107,93.714648065948,264.47939124920737,876.9226379201015,1965.0,1.2850540832559783,3349.3405199746353,Ezi_3_b2,Ezi RNAi,-0.6869314743448309,-0.33486826047205465,27.325187881901783,95
3108,95.0067681895093,284.331641285956,946.7196841511562,2288.0,1.5595018516999781,2930.573040045121,Ezi_3_b2,Ezi RNAi,-0.8391926466554006,-0.2646388100679201,23.12418041088859,95
3109,93.69538249483115,282.04410751206063,898.7388008270159,1802.0,1.3082245645993307,3877.6905582356994,Ezi_3_b2,Ezi RNAi,-0.731067685373306,-0.28543214988523113,25.744203990589703,95
3110,93.66566265060241,286.30647590361446,882.4465361445783,1648.0,1.5230592761971702,3459.885542168675,Ezi_3_b2,Ezi RNAi,-0.6929356449046752,-0.2803043487317469,27.11617874845497,95
3111,93.97592997811816,301.5929978118162,820.7199124726477,1769.0,1.6895249851808145,3733.834427425237,Ezi_3_b2,Ezi RNAi,-0.5488015671145744,-0.2629656236852299,32.72390408816043,95
3112,96.16086620262955,306.3627223511214,875.1411446249033,3309.0,1.5237647354877701,3857.849187935035,Ezi_3_b2,Ezi RNAi,-0.6709271609810912,-0.234123518963129,30.476729903199473,95
3113,93.59694288012872,336.1271118262269,900.9018503620274,1822.0,1.6518215442100734,2801.9275945293643,Ezi_3_b2,Ezi RNAi,-0.7198768063944669,-0.15390119511588374,26.199757302849875,95
3114,93.42564102564103,361.12706552706555,867.3726495726496,2222.0,1.5588737602831246,3641.2729344729346,Ezi_3_b2,Ezi RNAi,-0.6365599680171443,-0.10408727075341073,29.133168604135133,95
3115,93.25796886582654,370.1423276501112,983.3706449221646,1786.0,1.2706917262140554,2347.0303928836174,Ezi_3_b2,Ezi RNAi,-0.8962877072293567,-0.045364701675554286,19.51982450113126,95
3116,94.23349282296651,397.4765550239234,863.4813397129186,1376.0,1.4079660296610537,2876.3368421052633,Ezi_3_b2,Ezi RNAi,-0.6171127682575797,-0.017391116051092892,30.751203498727822,95
3117,95.96743192738921,406.0298985584624,857.572877736252,2489.0,1.3818082068026305,3484.933796049119,Ezi_3_b2,Ezi RNAi,-0.6015361401531086,0.0014104254059663646,33.08222229608971,95
3118,92.4862772695285,408.7213230119634,931.073187895848,2002.0,1.395255693760019,2295.9795918367345,Ezi_3_b2,Ezi RNAi,-0.766360288936786,0.03133253299770655,23.586885322232735,95
3119,98.6296412838263,411.3492762743864,984.1736941472624,4995.0,1.5196543457183227,2435.436438011328,Ezi_3_b2,Ezi RNAi,-0.8868913496108787,0.054547009494799514,25.36423650621076,95
3120,91.14041994750656,506.1771653543307,962.5472440944882,1082.0,1.589274569092815,2616.3700787401576,Ezi_3_b2,Ezi RNAi,-0.8083607389265377,0.2771296143313329,20.968716519361724,95
3121,92.82237600922723,513.080738177624,951.513264129181,1424.0,1.5043618186454408,2860.7266435986157,Ezi_3_b2,Ezi RNAi,-0.7816680948336149,0.29030927488029024,23.648389775862448,95
3122,91.77896613190731,535.8520499108735,861.6541889483066,854.0,1.6611051964821488,2838.1069518716577,Ezi_3_b2,Ezi RNAi,-0.5714037936042488,0.3168127882860694,30.329042709703867,95
3123,91.84508076358297,538.6350954478708,908.309838472834,2020.0,1.6481722104198646,2258.3920704845814,Ezi_3_b2,Ezi RNAi,-0.6761450698583402,0.3383913387035291,26.58412764277972,95
3124,92.88054405677114,580.9615612063867,948.4725014784151,2513.0,1.808774403244685,2823.6883500887047,Ezi_3_b2,Ezi RNAi,-0.7546351357231776,0.45356414480587515,24.876016075255958,95
3125,93.32252085264133,582.4328081556997,927.9036144578313,1507.0,1.2818193640538098,2969.772011121409,Ezi_3_b2,Ezi RNAi,-0.7077468836487893,0.45057552219593067,27.033020232666075,95
3126,93.68944099378882,592.3975155279503,915.7249334516415,1529.0,1.530102790699428,3012.756876663709,Ezi_3_b2,Ezi RNAi,-0.6773035117786643,0.4708052588562681,28.538118199376726,95
3127,91.90567765567765,618.3864468864468,949.2884615384615,1573.0,1.702375759518402,2591.338827838828,Ezi_3_b2,Ezi RNAi,-0.7451773167475682,0.5443714858583433,24.34384141333349,95
3128,93.16283405842138,628.4381603480423,874.2454940957116,1917.0,1.440896012929714,2937.4829086389063,Ezi_3_b2,Ezi RNAi,-0.5726520761871818,0.544802245544387,31.92270425713319,95
3129,91.65964172813487,630.2465753424658,941.8366701791359,1349.0,1.6789960478232169,2469.631190727081,Ezi_3_b2,Ezi RNAi,-0.7247479074997533,0.5706948930393352,24.873879608917058,95
3130,91.9850057670127,633.6297577854672,890.8223760092272,1715.0,1.536446304849626,2841.40830449827,Ezi_3_b2,Ezi RNAi,-0.6083886480915092,0.562644693691182,29.451899883830617,95
3131,96.51646447140381,641.3749277874061,869.369150779896,2416.0,1.5189688748791148,2818.8619295205085,Ezi_3_b2,Ezi RNAi,-0.5584182818453565,0.5745263834512944,35.841944103105995,95
3132,93.42008196721312,663.9928278688525,844.453893442623,1547.0,1.6038335424187156,2405.654713114754,Ezi_3_b2,Ezi RNAi,-0.49473793480869865,0.6213375194153368,35.117732576967036,95
3133,93.51848774407976,676.722476111342,806.0843373493976,3013.0,1.4690097813159364,2933.9405899459907,Ezi_3_b2,Ezi RNAi,-0.40416670323204384,0.6399241392269621,38.55308077135203,95
3134,92.54952267303102,688.2386634844869,794.6754176610979,2016.0,1.4470126616056305,3729.626491646778,Ezi_3_b2,Ezi RNAi,-0.3747484160979989,0.6641609978225782,38.68447468739683,95
3135,93.93894601542416,698.3682519280205,804.2223650385604,1996.0,1.580077123764131,3672.3946015424162,Ezi_3_b2,Ezi RNAi,-0.39360449410119236,0.6916961387708291,39.41865414088334,95
3136,93.40927419354838,211.04334677419354,886.4304435483871,1393.0,1.3170652741397317,2366.998991935484,Ezi_3_b2,Ezi RNAi,-0.7242574606911587,-0.4611176912921222,25.51330148778853,95
3137,99.59882005899705,222.8364172700456,941.2823813354787,4853.0,1.6167157141251263,2401.1946902654868,Ezi_3_b2,Ezi RNAi,-0.8460372817399536,-0.4151732033827962,27.316262763350746,95
3138,96.63097398669086,225.48941318814278,870.1161524500908,2024.0,1.3710302864962705,3278.940108892922,Ezi_3_b2,Ezi RNAi,-0.6836724682651911,-0.43138087328309804,30.264980793492004,95
3139,95.18846869187848,229.36329820210787,924.1481711097334,2142.0,1.4766726683922053,2719.3459392436453,Ezi_3_b2,Ezi RNAi,-0.8044896381769737,-0.4048062448931147,24.42303906165733,95
3140,100.6623748211731,227.6645207439199,818.3905579399142,4191.0,1.880892676928838,3022.085121602289,Ezi_3_b2,Ezi RNAi,-0.566771813634044,-0.4426042583821671,38.57838783573958,95
3141,100.43694267515923,230.6735668789809,804.4856687898089,4742.0,1.4635640910037235,3457.1595541401275,Ezi_3_b2,Ezi RNAi,-0.5343759218974973,-0.4397476479639033,39.54144349352356,95
3142,95.60099337748345,240.83940397350995,823.0430463576159,1150.0,1.548534813514676,3463.3046357615895,Ezi_3_b2,Ezi RNAi,-0.572415756772062,-0.40921705023535904,33.329287796248295,95
3143,95.78890392422193,267.80987821380245,848.4776725304465,2251.0,1.7365711929497014,3631.8288227334237,Ezi_3_b2,Ezi RNAi,-0.6219840810019237,-0.3358757038098409,31.78359689496299,95
3144,94.48755186721992,279.4616182572614,826.353734439834,1427.0,1.541482989823622,3660.298755186722,Ezi_3_b2,Ezi RNAi,-0.568219909364218,-0.31471829788639594,32.46944828468673,95
3145,98.2945711532284,283.0886604561516,924.637327336974,3801.0,1.3595940381285194,3680.0301959524572,Ezi_3_b2,Ezi RNAi,-0.790230990658316,-0.2746940690162898,28.20515215223117,95
3146,93.34799235181644,295.4359464627151,892.0841300191205,1535.0,1.5858853705845932,3867.815487571702,Ezi_3_b2,Ezi RNAi,-0.7119673117260066,-0.2551487955595618,26.12822419223414,95
3147,93.74714285714286,305.2785714285714,952.7757142857142,903.0,1.2307415701352338,3508.6842857142856,Ezi_3_b2,Ezi RNAi,-0.8464305789742094,-0.2120270167937175,21.652960686088736,95
3148,95.05334150827713,306.6787247087676,914.295524218271,2080.0,1.5141097457771246,3379.847332924586,Ezi_3_b2,Ezi RNAi,-0.7592056299833522,-0.22089271900695318,26.147643787278177,95
3149,95.81949210706932,316.40013726835963,886.652711050103,1802.0,1.6551116985962893,3931.1695264241594,Ezi_3_b2,Ezi RNAi,-0.6939243208939596,-0.20617493260705122,29.3228667229068,95
3150,96.52794653705953,313.5984204131227,902.8390036452005,2324.0,1.6267696978207902,3742.174362089915,Ezi_3_b2,Ezi RNAi,-0.7315125573860872,-0.20780715423513374,28.655763904229296,95
3151,98.84800811976656,344.08982491753363,940.4219741182441,5162.0,1.2777924989289624,2829.2580563308807,Ezi_3_b2,Ezi RNAi,-0.8079276987879651,-0.12209594252687817,28.280344930902835,95
3152,93.34355044699872,357.0453384418902,925.1666666666666,2068.0,1.5424531971760067,2836.498722860792,Ezi_3_b2,Ezi RNAi,-0.7685119563911488,-0.09557130007757131,24.228877982136083,95
3153,94.8146437994723,355.40303430079155,883.1062005277045,2133.0,1.5559262275852361,3635.1457783641163,Ezi_3_b2,Ezi RNAi,-0.6741222004288381,-0.11293789726507775,29.142020883246932,95
3154,100.47016129032258,363.16733870967744,962.1657258064516,3451.0,1.3747317749048074,2612.694758064516,Ezi_3_b2,Ezi RNAi,-0.8517647170388704,-0.06903369676729076,28.361485495005148,95
3155,93.96456413890857,360.3607370659107,970.3621545003543,1939.0,1.5152011869302846,2674.50389794472,Ezi_3_b2,Ezi RNAi,-0.869897730903539,-0.07317308625735697,21.164569822958835,95
3156,94.97823383084577,374.62251243781094,968.7245024875622,2391.0,1.480964720562133,2854.6635572139303,Ezi_3_b2,Ezi RNAi,-0.8621499982974233,-0.03919755355672461,22.502824748004063,95
3157,94.21640488656196,373.0389761489238,856.0831878999418,2171.0,1.592457951856941,3273.0796974985456,Ezi_3_b2,Ezi RNAi,-0.6076310499356843,-0.07886651250467913,31.013635658584867,95
3158,93.83170254403132,373.23874755381604,952.0528375733855,2141.0,1.4959268139469868,2557.753424657534,Ezi_3_b2,Ezi RNAi,-0.8246231616705689,-0.0478427811306541,22.716765664947527,95
3159,95.8155583437892,377.8130489335006,941.5069008782935,2085.0,1.2811295391462705,2485.8243412797992,Ezi_3_b2,Ezi RNAi,-0.7997843697442232,-0.04014495627595227,25.625495835645697,95
3160,93.50427960057061,390.50071326676175,978.6055634807418,1854.0,1.7006663203523975,2653.213266761769,Ezi_3_b2,Ezi RNAi,-0.8795065171687552,0.0023700935596335793,20.43390145322295,95
3161,94.56626506024097,401.8660524450744,875.9277108433735,1935.0,1.336747512283695,2545.003543586109,Ezi_3_b2,Ezi RNAi,-0.6440315951219233,-0.0028133718551285325,30.115567766486894,95
3162,95.87333333333333,404.26666666666665,841.7612121212121,2208.0,1.455327888248607,3476.889090909091,Ezi_3_b2,Ezi RNAi,-0.5662690617264843,-0.00788604941219051,34.268837659371556,95
3163,99.33965917893106,411.4306738962045,957.4744384198295,3397.0,1.3187753295623936,2662.0197521301316,Ezi_3_b2,Ezi RNAi,-0.8265976849674569,0.04624349412826634,28.275204372714462,95
3164,94.87193460490464,488.441416893733,886.0935513169845,1611.0,1.5907451423555872,2591.7484105358767,Ezi_3_b2,Ezi RNAi,-0.6413716929546633,0.20986963822548899,30.753511045344915,95
3165,94.29525341914723,502.27433628318585,843.7377312952534,1602.0,1.3680114013783873,2586.288817377313,Ezi_3_b2,Ezi RNAi,-0.5413249124717845,0.2298613403671257,33.85988256611219,95
3166,93.46443172526574,509.88961569910055,878.0065412919051,1475.0,1.1866659473535917,2446.8037612428457,Ezi_3_b2,Ezi RNAi,-0.616434725599208,0.2591947353501558,30.30832899631237,95
3167,92.67735849056604,517.1377358490566,977.8283018867925,783.0,1.546718256071242,2328.3716981132075,Ezi_3_b2,Ezi RNAi,-0.8399712377963762,0.30849878913662865,21.388155382245962,95
3168,93.97752808988764,523.9856996935648,963.7313585291114,1421.0,1.3224010680519105,3141.7466802860063,Ezi_3_b2,Ezi RNAi,-0.8062923184834749,0.32057175926071957,23.939279304213166,95
3169,92.65466448445171,547.4599018003273,950.8166939443536,853.0,1.4333541487841555,2941.5810147299508,Ezi_3_b2,Ezi RNAi,-0.7698474499299263,0.3732615983759344,24.00408164398921,95
3170,92.87263339070569,553.5438898450947,909.3717728055077,1548.0,1.4120579963968256,2289.2444061962133,Ezi_3_b2,Ezi RNAi,-0.6743154283339665,0.374791121084302,27.722295084194652,95
3171,94.14423076923077,560.2532051282051,926.7820512820513,1631.0,1.6010996653265808,3103.693108974359,Ezi_3_b2,Ezi RNAi,-0.7119552575135797,0.39655456915279874,27.64414378338277,95
3172,92.85733695652173,578.5271739130435,914.4782608695652,1073.0,1.702059350633518,3064.478260869565,Ezi_3_b2,Ezi RNAi,-0.6784441056177064,0.43685772696520364,27.6240103364837,95
3173,95.30440587449934,592.1949265687583,958.1268357810413,1142.0,1.3519130025603598,3129.272363150868,Ezi_3_b2,Ezi RNAi,-0.7736041832803734,0.48379705654153415,26.647096521838296,95
3174,93.7907458563536,613.7251381215469,881.6595303867404,1982.0,1.6130142972017893,3196.631906077348,Ezi_3_b2,Ezi RNAi,-0.5939165999471265,0.511562380002724,31.73770278467499,95
3175,94.54698318496538,646.0306627101879,846.1978239366963,1504.0,1.7229522077052446,3612.080118694362,Ezi_3_b2,Ezi RNAi,-0.5042348623026898,0.57842955718359,35.85370178503377,95
3176,97.3288656423668,647.5197777051324,883.726381170317,3987.0,1.5569759634865286,2822.4491663942463,Ezi_3_b2,Ezi RNAi,-0.5892306191846848,0.5939557341761303,35.55039884327375,95
3177,94.03509891512444,685.6228462029355,760.4690491384812,1904.0,1.4429037747024283,3022.2278238672625,Ezi_3_b2,Ezi RNAi,-0.2984200030049433,0.6469383083051841,42.95101378607797,95
3178,95.90046296296296,746.8518518518518,823.7986111111111,662.0,1.5496064690170188,2461.615740740741,Ezi_3_b2,Ezi RNAi,-0.42386727535774205,0.8152080677600351,40.41480390463696,95
3179,99.61712720936022,211.52178242469503,755.1115260144386,5373.0,1.2891622519751251,2563.9746079163556,Ezi_3_b2,Ezi RNAi,-0.428202510546435,-0.501786907623858,42.537966639610474,95
3180,95.68069753457607,253.27781118460612,934.2002405291641,2050.0,1.3957378596421588,3553.3752254960914,Ezi_3_b2,Ezi RNAi,-0.8202219523119845,-0.3437549044376863,24.408091810049168,95
3181,96.3082489146165,270.32416787264833,866.8726483357453,855.0,1.2875611914841092,2539.179450072359,Ezi_3_b2,Ezi RNAi,-0.6629539762129475,-0.3239429630600211,30.81781734435215,95
3182,97.69887491727333,277.32296492389145,846.216412971542,1989.0,1.3441425715138842,3526.0430178689608,Ezi_3_b2,Ezi RNAi,-0.6144075869660728,-0.31359286738004477,34.00217702716016,95
3183,94.72854640980735,304.50875656742556,963.4098073555166,1402.0,1.3247222555143994,2687.7425569176885,Ezi_3_b2,Ezi RNAi,-0.8709059522291056,-0.2105120071882849,21.74333822131591,95
3184,97.8567279767667,305.66118102613746,853.8170377541143,2971.0,1.593732733158269,3750.008228460794,Ezi_3_b2,Ezi RNAi,-0.6232156004901055,-0.2426172212118194,33.91611531060628,95
3185,94.20705663881151,310.92850510677806,835.4744661095637,1469.0,1.6870294731325608,3810.4196843082636,Ezi_3_b2,Ezi RNAi,-0.579453806735204,-0.23568695265017792,31.863533717730324,95
3186,93.32183045761441,325.81470367591896,926.2108027006751,1735.0,1.4651456968523675,3060.964741185296,Ezi_3_b2,Ezi RNAi,-0.7801474093274513,-0.17079461293433418,23.698366710011783,95
3187,100.21625282167042,324.8325056433409,902.3616252821671,2842.0,1.3650710152461836,3378.6279909706545,Ezi_3_b2,Ezi RNAi,-0.7278009565591139,-0.18080469934499488,32.522604683620486,95
3188,95.36988110964333,333.00990752972257,847.4022457067372,1887.0,1.5773954402308128,2895.2972258916775,Ezi_3_b2,Ezi RNAi,-0.6001026256027014,-0.17847793882984897,32.337300948010316,95
3189,98.42759872900591,340.2936904221516,829.792101679528,2921.0,1.612236058597925,3400.197004085338,Ezi_3_b2,Ezi RNAi,-0.5586820947189698,-0.1664799780282522,36.93551343652195,95
3190,94.70228091236494,347.4249699879952,912.2797118847539,1071.0,1.5794423360803287,3029.0240096038415,Ezi_3_b2,Ezi RNAi,-0.7424738149415415,-0.12295522354409705,26.51563341922749,95
3191,99.12650200267022,365.0877837116155,919.3204272363151,4103.0,1.912280164227753,3268.6662216288382,Ezi_3_b2,Ezi RNAi,-0.754002491003011,-0.0780123768849621,30.582690560996205,95
3192,94.12877263581488,371.317907444668,928.6478873239437,703.0,1.685109319890373,2563.317907444668,Ezi_3_b2,Ezi RNAi,-0.7722984273691098,-0.05993931907550454,24.917392188708984,95
3193,99.66408768536428,381.2501611863314,921.785944551902,4070.0,1.6922255770922356,3305.2975499677627,Ezi_3_b2,Ezi RNAi,-0.7548822407096991,-0.038130002358938486,31.133797505812662,95
3194,93.39679358717434,398.5060120240481,921.630260521042,1364.0,1.4819633164778874,2468.6663326653306,Ezi_3_b2,Ezi RNAi,-0.7482050183533384,0.003608102588869677,25.13485567333973,95
3195,93.77283018867925,416.268679245283,918.2724528301886,1760.0,1.6992155708969443,2630.056603773585,Ezi_3_b2,Ezi RNAi,-0.7354035907507392,0.04551007769760451,26.026987318342936,95
3196,99.86811023622047,447.15485564304464,929.1240157480315,4128.0,1.3091486898561482,2446.520997375328,Ezi_3_b2,Ezi RNAi,-0.7519456430934883,0.12364569014034443,31.623903257939368,95
3197,95.48494711147274,458.313262815297,911.4719283970708,1813.0,1.7919314284929437,2694.4621643612695,Ezi_3_b2,Ezi RNAi,-0.7078557046006448,0.14505264736322743,28.863183264425317,95
3198,95.66491228070176,491.6614035087719,925.8921052631579,1679.0,1.4307066601982252,2852.901754385965,Ezi_3_b2,Ezi RNAi,-0.7306084992275574,0.230318576313288,28.30444871196865,95
3199,98.60227861211807,494.34023821853964,945.064733298809,3341.0,1.7829103478467607,2363.74728120145,Ezi_3_b2,Ezi RNAi,-0.7737514969938665,0.24288107760437372,29.686309339564357,95
3200,95.28936850519584,500.2757793764988,857.8609112709833,1732.0,1.3338570771540836,2600.099120703437,Ezi_3_b2,Ezi RNAi,-0.5740615564332059,0.22951383506194145,33.658491604144295,95
3201,95.13870431893687,522.4626245847176,875.4908637873754,1456.0,1.3363250648219063,2578.3795681063125,Ezi_3_b2,Ezi RNAi,-0.6073285606182588,0.28880096608420236,32.35444102329632,95
3202,94.73959571938168,535.8632580261593,953.7598097502972,1255.0,1.7352519053681863,2345.36385255648,Ezi_3_b2,Ezi RNAi,-0.7803498068169508,0.3461289618742005,25.681975298323866,95
3203,94.69975980784628,568.7638110488391,912.0024019215373,1682.0,1.322757158182592,3042.033626901521,Ezi_3_b2,Ezi RNAi,-0.6760954008041955,0.41243755621769274,29.53205299970306,95
3204,97.7298969072165,596.2560824742268,931.4020618556701,3168.0,1.4580517998081617,2608.9505154639173,Ezi_3_b2,Ezi RNAi,-0.7123987545644614,0.4851023878201124,31.323508964246596,95
3205,95.93142857142857,609.4971428571429,935.5814285714285,1786.0,1.5091661576787576,2520.8785714285714,Ezi_3_b2,Ezi RNAi,-0.7175768643861797,0.5184778646248012,29.365824627942544,95
3206,94.30697674418604,632.1573643410853,911.808527131783,1762.0,1.4576626018439411,2298.7217054263565,Ezi_3_b2,Ezi RNAi,-0.6567500478311428,0.565745288994852,30.01473608565517,95
3207,93.84764207980653,666.0084643288997,826.459492140266,1123.0,1.3905147829155862,3888.2152357920195,Ezi_3_b2,Ezi RNAi,-0.4535098147433607,0.6204852338633324,37.055378610086215,95
3208,95.92967581047381,677.927680798005,831.5476309226933,2507.0,1.618260088901735,3452.337655860349,Ezi_3_b2,Ezi RNAi,-0.4618790103706827,0.6509266609829805,38.87176133940751,95
3209,96.1680199875078,694.0811992504684,683.8919425359151,1903.0,1.3196902705398796,3097.3522798251092,Ezi_3_b2,Ezi RNAi,-0.12306473753031,0.64302039878897,51.507554548118215,95
3210,94.03089887640449,701.8623595505618,666.5105337078652,1661.0,1.3757111529525183,3312.1811797752807,Ezi_3_b2,Ezi RNAi,-0.08102012379468271,0.6563283249863499,50.91697393783479,95
3211,93.77382550335571,700.2335570469799,827.4154362416108,1864.0,1.4571854991347692,3346.151677852349,Ezi_3_b2,Ezi RNAi,-0.44549160649334374,0.7035900405068609,37.366240879059404,95
3212,95.63678426836321,711.0474262579526,648.9560439560439,2046.0,1.3224366093383897,3453.4823597455174,Ezi_3_b2,Ezi RNAi,-0.03888296309397876,0.6729532063232262,54.089580437338356,95
3213,96.84735472679965,217.77710320901994,957.5333911535125,1811.0,1.4904909349444417,2359.2055507372074,Ezi_3_b2,Ezi RNAi,-0.8837806530210304,-0.42222402693734196,23.16545178527834,95
3214,97.39460916442049,236.0576819407008,875.8954177897574,2410.0,1.3834955351947706,3450.856603773585,Ezi_3_b2,Ezi RNAi,-0.6937543782178621,-0.4039792503991363,30.692283795508757,95
3215,96.45016286644952,250.7915309446254,953.4540716612378,2071.0,1.2937653800284898,2967.0188925081434,Ezi_3_b2,Ezi RNAi,-0.8646682630578403,-0.3436482912141505,23.5530250598076,95
3216,99.44422310756973,319.7141434262948,921.0891434262949,2628.0,1.694640620548732,2926.6075697211154,Ezi_3_b2,Ezi RNAi,-0.7715434949835436,-0.18722325383153282,30.139223528861567,95
3217,97.85753931544866,323.58973172987976,877.7978723404256,2832.0,1.752979191488105,3205.4902867715077,Ezi_3_b2,Ezi RNAi,-0.6721450004698923,-0.19161221656927763,32.181506364062756,95
3218,96.62061747776033,334.01779173207746,981.4646781789639,2335.0,1.3368560785469985,2741.2951334379904,Ezi_3_b2,Ezi RNAi,-0.9033499873796238,-0.13338854979485015,22.538937360115433,95
3219,96.1154090044388,391.7305009511731,907.1661382371592,1964.0,1.4568102707763424,2786.860494610019,Ezi_3_b2,Ezi RNAi,-0.718013711487143,-0.017404040660695674,28.945340285262752,95
3220,96.80494821634062,398.32278481012656,829.186996547756,2201.0,1.3163882244698848,3315.3573072497124,Ezi_3_b2,Ezi RNAi,-0.5397646294523464,-0.026273215354739032,36.15394066791468,95
3221,100.04751027866605,415.64367291000457,946.7642759250799,3057.0,1.406522969894397,2559.724074920055,Ezi_3_b2,Ezi RNAi,-0.8012505566949375,0.053023292619389206,29.921051386111767,95
3222,96.8021978021978,471.4498626373626,890.1346153846154,2095.0,1.6210107886445804,3017.010302197802,Ezi_3_b2,Ezi RNAi,-0.6559310990564533,0.17003557391001856,32.113685980383835,95
3223,98.05606967882417,476.7784431137725,861.481219379423,2600.0,1.486154135916923,2779.3130103429503,Ezi_3_b2,Ezi RNAi,-0.5897616461526898,0.17380110937451576,35.798821240297904,95
3224,95.79352226720648,512.4311740890688,927.1953441295547,1388.0,1.4558143714384737,2958.8947368421054,Ezi_3_b2,Ezi RNAi,-0.7274117640406107,0.2809803587056572,28.606249757365887,95
3225,96.73559589581689,521.9660615627466,915.8879242304656,1996.0,1.4953760404194882,2928.1570639305446,Ezi_3_b2,Ezi RNAi,-0.6991772783267353,0.3004437270446261,30.606802800013273,95
3226,98.02602436323366,536.6212624584717,871.0952380952381,2728.0,1.613838459650848,2910.925802879291,Ezi_3_b2,Ezi RNAi,-0.5937301812854179,0.321637160637523,35.78588899450877,95
3227,96.11309949892627,567.136005726557,884.051539012169,1928.0,1.537836091068854,3204.1997136721548,Ezi_3_b2,Ezi RNAi,-0.6136123430791929,0.39959614353127093,33.22398624181568,95
3228,100.62786400591278,562.2520325203252,900.4538063562454,3598.0,1.2714989644257235,3288.7620103473764,Ezi_3_b2,Ezi RNAi,-0.6530359498228286,0.3929702534529169,36.303871712872,95
3229,94.62433862433862,585.3492063492064,907.9708994708994,689.0,1.6999633448458056,3425.0873015873017,Ezi_3_b2,Ezi RNAi,-0.6620331322990556,0.4512799513859418,30.01394206947768,95
3230,96.60012099213552,599.080459770115,886.4924379915306,2153.0,1.529670378769465,3168.116152450091,Ezi_3_b2,Ezi RNAi,-0.6097385253376668,0.4776523030261586,33.94036389773126,95
3231,94.91346153846153,606.6754807692307,915.0576923076923,883.0,1.9395537293990566,2824.3389423076924,Ezi_3_b2,Ezi RNAi,-0.6717867034262297,0.5051273758769299,30.00616097174496,95
3232,96.7171853856563,653.2401894451962,865.0690121786198,1879.0,1.4119229070756112,3072.54600811908,Ezi_3_b2,Ezi RNAi,-0.5452032255181565,0.6018621634491614,36.55727569649823,95
3233,95.71219512195123,668.2626016260162,860.3821138211382,1509.0,1.296429016851107,2658.6487804878047,Ezi_3_b2,Ezi RNAi,-0.5299446266954368,0.6367207760302889,36.14575374769119,95
3234,97.06850715746421,680.1876278118609,850.6922290388549,2398.0,1.4604891536256337,2500.7571574642125,Ezi_3_b2,Ezi RNAi,-0.5047389463257084,0.6624785672008846,38.45802343217308,95
3235,96.1663082437276,690.8666666666667,749.4967741935484,1768.0,1.5069301912341597,3141.873835125448,Ezi_3_b2,Ezi RNAi,-0.27244595288332407,0.6561192647575997,46.050811667006315,95
3236,101.63654822335026,214.98578680203045,932.1690355329949,2611.0,1.1836238334053955,2369.857360406091,Ezi_3_b2,Ezi RNAi,-0.8281408682944309,-0.437079283949792,29.99232237070766,95
3237,101.45522717247464,227.711071901191,858.7895897662108,2870.0,1.3409541639526834,3073.2483458314955,Ezi_3_b2,Ezi RNAi,-0.6583098331367971,-0.4296416793441291,36.03671335109397,95
3238,100.30680507497117,228.30642060745868,896.8888888888889,3424.0,1.924679342339726,2682.091503267974,Ezi_3_b2,Ezi RNAi,-0.7441104453239452,-0.4160705258589743,31.757684303330834,95
3239,100.56398440269408,244.0035448422545,859.0570719602978,3611.0,1.3724972843149588,3016.296348812478,Ezi_3_b2,Ezi RNAi,-0.6539046752700075,-0.3901346706657548,35.34706201354727,95
3240,100.23983943803312,239.3371801304566,899.075263421977,2564.0,1.4613330274962204,3267.8078273958854,Ezi_3_b2,Ezi RNAi,-0.7457673848876512,-0.3886878616186983,31.659919350663262,95
3241,97.71116225546605,253.00978135788262,824.8170310701956,2258.0,1.4718876596073969,3442.0989643268126,Ezi_3_b2,Ezi RNAi,-0.5732176687919575,-0.3792227544501343,35.45048051611467,95
3242,99.13815789473684,255.24945175438597,846.609100877193,2243.0,1.8196990906811898,3474.155153508772,Ezi_3_b2,Ezi RNAi,-0.6221284886452558,-0.3668793468495746,35.10524276874005,95
3243,99.4915780141844,267.46985815602835,920.8625886524823,3582.0,1.5179591418913674,3334.299645390071,Ezi_3_b2,Ezi RNAi,-0.7865595868573307,-0.31368929585378147,29.49791828704716,95
3244,100.07967770814682,275.25872873769026,939.4337511190689,2962.0,1.3036767013577344,3767.037600716204,Ezi_3_b2,Ezi RNAi,-0.8263743884572772,-0.2889402432665553,28.65751684457513,95
3245,97.8502994011976,275.9497005988024,861.0718562874251,1046.0,1.2138578388796806,3517.9616766467066,Ezi_3_b2,Ezi RNAi,-0.6484539642744714,-0.3121891080250684,32.909106708686124,95
3246,100.64583333333333,277.53842592592594,913.4662037037037,2751.0,1.495146514008115,3693.1125,Ezi_3_b2,Ezi RNAi,-0.7670556204272624,-0.2916916819147505,31.39452606415646,95
3247,97.3830694275274,287.8136419001218,836.1120584652863,2047.0,1.6502989639686076,3414.9640682095005,Ezi_3_b2,Ezi RNAi,-0.588370386349808,-0.2914261499816566,34.662953987180614,95
3248,101.23129640205597,291.9274700171331,965.4083380925185,2482.0,1.3912562364471208,2546.565962307253,Ezi_3_b2,Ezi RNAi,-0.8804089220094935,-0.24035615915476471,27.88817681211722,95
3249,97.26950354609929,298.63507414571245,926.7994842037396,1909.0,1.3777367129478864,2720.6331399097357,Ezi_3_b2,Ezi RNAi,-0.7903084311565218,-0.23638822200017295,27.215760193788412,95
3250,101.45049088359046,318.43225806451613,854.5481065918653,4631.0,1.8584708584738432,3699.608695652174,Ezi_3_b2,Ezi RNAi,-0.6217633690280187,-0.21151120086540343,37.60986761441727,95
3251,100.31499764927128,324.2322519981194,950.7785613540198,2967.0,1.5515180599195457,2859.2684532204985,Ezi_3_b2,Ezi RNAi,-0.8375383079623193,-0.1668510672316844,28.619126362384012,95
3252,97.83043707214323,385.7356503422854,852.2627698788837,2350.0,1.526375789917981,3424.649289099526,Ezi_3_b2,Ezi RNAi,-0.5959073569685862,-0.049388926771751995,35.10201623843621,95
3253,96.49317871759891,422.95020463847203,849.9515688949523,2243.0,1.797102400924145,3392.2230559345157,Ezi_3_b2,Ezi RNAi,-0.5793676917467024,0.03991685232395925,34.463819993209704,95
3254,97.79225352112677,430.28420523138834,883.1901408450705,2534.0,1.4097685118131005,3647.354124748491,Ezi_3_b2,Ezi RNAi,-0.6526376881077024,0.06822803592336912,33.11588229814097,95
3255,95.32954545454545,437.5530303030303,851.9450757575758,1024.0,1.9270536240581784,3161.1761363636365,Ezi_3_b2,Ezi RNAi,-0.5793173641121072,0.07588713285660376,33.337486234223334,95
3256,99.46084905660378,448.72830188679245,902.5004716981132,2660.0,1.2610857360087275,2480.0599056603774,Ezi_3_b2,Ezi RNAi,-0.6911662976856193,0.11898324022152074,33.43545352753443,95
3257,100.88799414348463,500.4688872620791,891.0098828696925,3406.0,1.5847332270201833,2549.1156661786235,Ezi_3_b2,Ezi RNAi,-0.6500726517221123,0.24049263141460941,36.50578856442253,95
3258,100.57155477031802,533.797261484099,940.2128975265018,3399.0,1.4808130158565873,2818.4434628975264,Ezi_3_b2,Ezi RNAi,-0.7514302451241534,0.33678201298776433,32.58299826860438,95
3259,97.12111292962356,553.740589198036,894.9353518821604,1591.0,1.3723438984494987,2876.5556464811784,Ezi_3_b2,Ezi RNAi,-0.6424083213712584,0.3706455545047045,33.14938097283063,95
3260,101.34024577572964,569.928955453149,968.5952380952381,4364.0,1.4022206868618117,2543.3006912442397,Ezi_3_b2,Ezi RNAi,-0.8050572739554366,0.4332211164785129,31.496914935084384,95
3261,96.84799235181644,579.0305927342256,940.859464627151,1361.0,1.5118208065883938,3149.1625239005734,Ezi_3_b2,Ezi RNAi,-0.7387437656975058,0.4464442110957363,29.431415683915823,95
3262,99.9468488990129,578.0751708428246,906.6529992406986,2104.0,1.7891003257423372,3107.2224753227033,Ezi_3_b2,Ezi RNAi,-0.6622305379562454,0.43322793180533603,35.328072202590334,95
3263,97.09472934472934,609.4301994301994,900.0334757834758,1761.0,1.465451237842949,2860.658831908832,Ezi_3_b2,Ezi RNAi,-0.6373943856475475,0.5069968237089097,33.456380711041774,95
3264,97.7016806722689,616.5504201680673,917.6659663865546,1847.0,1.412843346204495,2452.0546218487393,Ezi_3_b2,Ezi RNAi,-0.675287738075549,0.529829411943012,32.70314196560852,95
3265,99.30083333333333,659.49125,834.90625,3411.0,1.6690880214389727,3572.52375,Ezi_3_b2,Ezi RNAi,-0.47559930120090677,0.607370477972853,41.70452248877045,95
3266,97.03629032258064,695.8047235023041,715.0247695852535,2038.0,1.2330637972583713,3456.6480414746543,Ezi_3_b2,Ezi RNAi,-0.1931548445467366,0.6570910135005434,49.828072225620105,95
3267,97.42324699936829,693.5009475679091,786.7188881869868,1957.0,1.3658578638680354,3495.1276058117496,Ezi_3_b2,Ezi RNAi,-0.35611648204929536,0.6743283561198059,44.26868049495232,95
3268,99.82422680412371,245.72319587628866,804.7809278350516,2648.0,1.522926981537273,3501.4530927835053,Ezi_3_b2,Ezi RNAi,-0.5304560897623094,-0.40324040694935404,39.1102298367328,95
3269,100.75827107790822,251.02187833511206,895.3537886872999,2355.0,1.5209632779727977,3370.8404482390606,Ezi_3_b2,Ezi RNAi,-0.7339759372102697,-0.3616068547295086,32.64167357494998,95
3270,101.17551755175518,248.45679567956796,880.4149414941494,2761.0,1.3966028225431326,3275.8825382538253,Ezi_3_b2,Ezi RNAi,-0.7010195758431007,-0.3725688335741648,34.25499461635091,95
3271,99.18903150525088,251.3710618436406,922.4457409568262,1225.0,1.239013678896467,3680.095682613769,Ezi_3_b2,Ezi RNAi,-0.794865765605326,-0.3521310802080939,28.847927243090446,95
3272,101.62645914396887,252.0555864369094,909.4441356309061,2148.0,1.5319452244281222,3515.876598110061,Ezi_3_b2,Ezi RNAi,-0.7657134478883324,-0.35462808303702975,32.358549539372895,95
3273,100.9521850899743,282.6025706940874,873.255526992288,2605.0,1.3828971590340622,3308.515167095116,Ezi_3_b2,Ezi RNAi,-0.674635857623887,-0.2922372824560985,35.085199638621816,95
3274,99.07618510158014,289.43510158013544,856.9204288939052,2175.0,1.2508531446534161,3363.3182844243793,Ezi_3_b2,Ezi RNAi,-0.6352902070961051,-0.2808931210919319,34.655678874998394,95
3275,101.52869238005644,287.88570084666037,900.7855126999059,2747.0,1.1762879242823858,3755.4571966133585,Ezi_3_b2,Ezi RNAi,-0.7354615438506589,-0.27069951350756716,33.46034487246248,95
3276,98.8550469483568,296.5293427230047,948.9242957746479,2493.0,1.5249389230996253,3873.4184272300467,Ezi_3_b2,Ezi RNAi,-0.8412932270593452,-0.23445271987835448,26.94224891300249,95
3277,99.98517200474495,297.7740213523132,890.9062870699881,2248.0,1.4810322204122632,3847.856465005931,Ezi_3_b2,Ezi RNAi,-0.7098777418726321,-0.24991042105412264,32.870979986095676,95
3278,100.95353339787027,330.1810261374637,939.0212971926428,2565.0,1.534761685691005,3023.3480154888675,Ezi_3_b2,Ezi RNAi,-0.8092932934907703,-0.15620467949417594,30.30576812512134,95
3279,101.04503002001334,334.2885256837892,921.8685790527018,3722.0,1.5882529700472097,2818.4369579719814,Ezi_3_b2,Ezi RNAi,-0.7692837285208878,-0.15172614003585272,31.86741475747947,95
3280,98.24235686492496,349.55808782657033,846.3146192329071,2389.0,1.3611389950211157,3840.9032795997778,Ezi_3_b2,Ezi RNAi,-0.5932757048187131,-0.13880805291070064,35.51343570392356,95
3281,101.31593281888334,346.39990921470724,957.5542442124375,2712.0,1.1964205590899368,2709.855197458012,Ezi_3_b2,Ezi RNAi,-0.8464742510958796,-0.11107174017587262,29.357717790454682,95
3282,100.77777777777777,350.1940986629783,923.8856615952052,2833.0,1.4450822487372446,2852.228215767635,Ezi_3_b2,Ezi RNAi,-0.7690712352301655,-0.1126024918266556,31.650014293852983,95
3283,98.74158653846153,348.9344951923077,868.6730769230769,2368.0,1.5027691464441755,3902.2103365384614,Ezi_3_b2,Ezi RNAi,-0.6441410041161604,-0.13320540664217428,34.158202172334065,95
3284,100.95681211041853,363.3766696349065,933.7760463045414,3070.0,1.6181211077479691,2638.719946571683,Ezi_3_b2,Ezi RNAi,-0.7875658429187373,-0.07756414792832922,31.191037183404116,95
3285,98.18145161290323,378.4571572580645,835.4047379032259,2485.0,1.6567033895959857,3300.9430443548385,Ezi_3_b2,Ezi RNAi,-0.5599964522931311,-0.07236423324539809,36.743843289456045,95
3286,101.05084745762711,420.8864726574992,914.5481291973138,4042.0,1.387591462184264,2985.054365206268,Ezi_3_b2,Ezi RNAi,-0.7269981651463251,0.05544925327953032,33.649247118705084,95
3287,98.41988950276243,493.98710865561696,904.7605893186004,1407.0,1.8832233389280368,2497.011049723757,Ezi_3_b2,Ezi RNAi,-0.6826360151877486,0.2292030107980152,32.82433373962499,95
3288,99.25293711126469,557.192812715964,919.3911541119558,1924.0,1.4818401845643812,2941.432619212163,Ezi_3_b2,Ezi RNAi,-0.6971203042459875,0.3867654823062474,33.30319578183327,95
3289,99.27822045152722,572.4980079681275,929.5305444887118,2059.0,1.7764450695709588,2793.4754316069057,Ezi_3_b2,Ezi RNAi,-0.7155183135427943,0.42701928971743475,32.69919810478132,95
3290,100.82650972364381,592.0747185261004,903.525076765609,2512.0,1.371045152681572,3141.802456499488,Ezi_3_b2,Ezi RNAi,-0.6511634254335454,0.4660957260717322,36.65216519620512,95
3291,100.93388791593695,602.0,915.6751313485114,3152.0,1.3033933336342731,2788.999562171629,Ezi_3_b2,Ezi RNAi,-0.6757242845671968,0.4939732723543111,35.8912991604476,95
3292,97.93092317624274,619.8244028405422,946.0238863783086,1997.0,1.6330558641369288,2422.504841833441,Ezi_3_b2,Ezi RNAi,-0.7385169696851357,0.546772204264091,30.636748248635985,95
3293,101.46544482626958,623.5173730431462,909.1275295914471,3594.0,1.5008894651534794,2666.56624665903,Ezi_3_b2,Ezi RNAi,-0.6546205429101875,0.5439429190875018,37.252346315499416,95
3294,97.90164974619289,679.2220812182741,732.9771573604061,1880.0,1.273104188121576,3269.4917512690354,Ezi_3_b2,Ezi RNAi,-0.23886251157846172,0.622679806324745,48.98510639957151,95
3295,98.69492412349555,692.1826268969127,697.7896389324961,2429.0,1.3892187761919106,3285.3835688121403,Ezi_3_b2,Ezi RNAi,-0.15555477822688046,0.6428330364433525,52.85354102766709,95
3296,101.12890812890812,687.5113035113035,774.1486291486292,2661.0,1.382809372007078,3330.9523809523807,Ezi_3_b2,Ezi RNAi,-0.33016530152835655,0.6558136429546797,48.917175443300266,95
3297,98.43887587822014,695.6491803278689,842.9372365339578,2672.0,1.4638947728504814,3356.3971896955504,Ezi_3_b2,Ezi RNAi,-0.4828629679008567,0.6974078103704282,40.672568418502514,95
3298,101.88517880224042,224.28694528220595,743.6357173632055,5640.0,1.4694232576896815,3130.304179233089,Ezi_3_b2,Ezi RNAi,-0.3988811507661032,-0.4745708242632133,45.917472092832575,95
3299,101.83000688231246,228.29938059187887,836.7832071576049,1830.0,1.4671364344734574,2762.002064693737,Ezi_3_b2,Ezi RNAi,-0.6084187699091126,-0.43522335673037293,38.2333783284266,95
3300,101.00541271989175,237.71177266576456,829.6123139377537,1899.0,1.1758830413074897,3260.2970230040596,Ezi_3_b2,Ezi RNAi,-0.5892413099806504,-0.4147285566391604,38.130580025209134,95
3301,98.1534828807556,243.6611570247934,777.4025974025974,1152.0,1.5809318035406081,3455.6918536009443,Ezi_3_b2,Ezi RNAi,-0.46880732202056874,-0.4169300539141402,39.67576890714502,95
3302,100.65068942875902,243.8516086671044,842.1280367695338,2534.0,1.630475471779308,2703.092580433355,Ezi_3_b2,Ezi RNAi,-0.6156655623150393,-0.3958896979923928,36.827826945364784,95
3303,101.86250661025912,245.31411951348494,989.718667371761,2517.0,1.472010900228468,2370.9592808038074,Ezi_3_b2,Ezi RNAi,-0.9493770909620963,-0.34539545950497386,25.880938035527844,95
3304,99.61212814645309,255.69851258581235,865.2557208237986,2211.0,1.6570521354739343,2952.08466819222,Ezi_3_b2,Ezi RNAi,-0.6642725248930591,-0.35986260625530386,34.04553491289053,95
3305,101.33856209150326,267.6313725490196,974.2583877995643,2841.0,1.2916101819547097,2852.107189542484,Ezi_3_b2,Ezi RNAi,-0.9076694585817054,-0.2963198419479032,26.936182231967408,95
3306,102.13365155131265,271.74749403341286,877.7193317422434,2926.0,1.5358058638169045,3015.6038186157516,Ezi_3_b2,Ezi RNAi,-0.6881855421055101,-0.3170860769164381,35.747391746693644,95
3307,101.88940092165899,280.56169994879673,985.1658986175115,2319.0,1.3638175738523768,2395.4910394265235,Ezi_3_b2,Ezi RNAi,-0.9286113089766902,-0.2615705179961513,26.760394645714424,95
3308,99.64280701754386,292.9845614035088,875.7221052631579,2324.0,1.4790580982768344,3405.721403508772,Ezi_3_b2,Ezi RNAi,-0.6768817744604596,-0.26632690678613635,33.71747554430368,95
3309,101.56791856791857,294.983502983503,910.6542646542647,3792.0,1.8502888079132318,3442.5064935064934,Ezi_3_b2,Ezi RNAi,-0.7556879929576946,-0.2503879110980921,32.781469485470396,95
3310,100.23959978936283,309.7361769352291,828.8062137967352,2309.0,1.5998258888960262,3286.2890995260664,Ezi_3_b2,Ezi RNAi,-0.5658756066133084,-0.24073274347055573,38.40886698040774,95
3311,101.77104810996563,312.43470790378007,956.3900343642612,2915.0,1.51196406346547,3549.537800687285,Ezi_3_b2,Ezi RNAi,-0.8540170155660102,-0.1936165544110663,29.447516839295343,95
3312,100.84203480589022,314.68362338241855,938.3779562695225,3038.0,1.3218411581586043,2935.8942436412317,Ezi_3_b2,Ezi RNAi,-0.8124200776662748,-0.19390124847033274,30.037952922016085,95
3313,101.00597907324365,325.0533134030892,966.1061285500747,2381.0,1.3412554321361725,2791.4593921275537,Ezi_3_b2,Ezi RNAi,-0.8721042153488862,-0.15999190358006699,28.054483270345045,95
3314,99.95,345.1415,897.1595,2539.0,1.3464179162055436,2935.214,Ezi_3_b2,Ezi RNAi,-0.7099475963012093,-0.13332512119318474,32.96129366401135,95
3315,103.10153994225216,355.8334937439846,890.6958614051973,2724.0,1.3793439210196001,3615.7964388835417,Ezi_3_b2,Ezi RNAi,-0.6927508166785709,-0.10953548855919504,36.7796956235116,95
3316,100.99429460580913,385.8433609958506,872.402489626556,2574.0,1.404963226449681,2816.372406639004,Ezi_3_b2,Ezi RNAi,-0.6420454404775239,-0.0427404438040625,36.59500030588822,95
3317,102.47015270708006,404.6015733456733,874.7093937991671,2842.0,1.4188692445944657,3014.9565016196207,Ezi_3_b2,Ezi RNAi,-0.6419747261619655,0.0033653950041914182,38.12931680609562,95
3318,101.56288032454361,422.52941176470586,833.5378634212306,3643.0,1.2618314214113855,3114.585192697769,Ezi_3_b2,Ezi RNAi,-0.5433276480743433,0.03364286174524356,40.86399509593796,95
3319,100.0498981670061,440.07739307535644,915.9699592668024,2565.0,1.2597882750779463,2556.3299389002036,Ezi_3_b2,Ezi RNAi,-0.7243226478963056,0.10233645646749112,32.79428845964101,95
3320,100.79386558412268,448.29318899413624,859.3545331529093,3328.0,1.5169826041478591,2947.738385205232,Ezi_3_b2,Ezi RNAi,-0.5939357096106526,0.104192677785091,38.316880481091154,95
3321,97.45255474452554,446.50121654501214,946.5863746958637,816.0,1.6659036242029277,2502.6593673965936,Ezi_3_b2,Ezi RNAi,-0.7911851336223317,0.12763670030360075,27.76754185641589,95
3322,98.84830633284241,526.1310751104565,978.0427098674521,1072.0,1.4713659681723132,2628.0265095729014,Ezi_3_b2,Ezi RNAi,-0.8389653477711726,0.3302841836894157,27.64155501177647,95
3323,101.90717878372199,526.3296753543667,869.0868770004572,2901.0,1.3897049907613315,3041.0457247370828,Ezi_3_b2,Ezi RNAi,-0.5929861054897834,0.2960745280673649,39.679815722625115,95
3324,101.19606164383562,529.0214041095891,884.7782534246576,3112.0,1.5130235130524206,2942.8167808219177,Ezi_3_b2,Ezi RNAi,-0.6275511729631266,0.30758427411303146,37.713293142426174,95
3325,101.1956289978678,706.0197228144989,808.1721748400853,2406.0,1.2397464356795314,3825.480277185501,Ezi_3_b2,Ezi RNAi,-0.40165603278421214,0.7114167132069289,46.42770456533773,95
3326,102.49626467449306,235.49163998577018,789.6499466382071,3646.0,1.4286559110729484,3632.376734258271,Ezi_3_b2,Ezi RNAi,-0.4997737941673188,-0.4328255894341072,42.882525636601436,95
3327,103.43557245458386,256.3654414871145,950.9767638360794,3319.0,1.8331592733097086,3484.653147444022,Ezi_3_b2,Ezi RNAi,-0.8587441274693685,-0.3309972850294465,30.793781104425104,95
3328,101.97055427251732,261.64780600461893,963.0583140877599,2181.0,1.4395963244450964,3016.7113163972285,Ezi_3_b2,Ezi RNAi,-0.8842283998291425,-0.314363804622216,28.40882556731856,95
3329,100.97347670250896,268.71971326164874,824.3046594982079,1989.0,1.5588179858549225,3681.936200716846,Ezi_3_b2,Ezi RNAi,-0.5680158137501499,-0.34140032199201387,38.95629216474549,95
3330,101.15713346482578,274.1301775147929,891.9566074950691,2086.0,1.3305914594841386,3729.760026298488,Ezi_3_b2,Ezi RNAi,-0.7195018322136739,-0.3067849678176684,33.63215774484256,95
3331,101.67790639154504,293.65425264217413,825.2828384499245,2422.0,1.5959963388275407,3546.4957221942627,Ezi_3_b2,Ezi RNAi,-0.5629566335020713,-0.28076998201470327,39.91508538582481,95
3332,102.04661586732406,301.32003585835946,841.1340206185567,2789.0,1.3547416425208112,3922.9125952487675,Ezi_3_b2,Ezi RNAi,-0.5966122499382671,-0.2571827897908395,39.07875757461359,95
3333,102.14129003949101,333.1158402808249,865.0552874067573,2678.0,1.50029417793751,3625.461167178587,Ezi_3_b2,Ezi RNAi,-0.6413054561050229,-0.17264855915609645,37.63030459570397,95
3334,101.8133457769482,357.97713485767616,838.1857209519366,2765.0,1.340382385329251,3262.2081194587026,Ezi_3_b2,Ezi RNAi,-0.5730668270730036,-0.12104994677373038,39.856413650104855,95
3335,102.06570363466915,377.2273998136067,880.7031686859273,2746.0,1.5255868881274266,2726.3066169617896,Ezi_3_b2,Ezi RNAi,-0.6635895990214675,-0.06095056086704764,36.86133793702898,95
3336,102.0432525951557,374.57093425605535,986.2897923875432,3044.0,1.639910489934546,2475.8685121107264,Ezi_3_b2,Ezi RNAi,-0.9032572568911759,-0.03377907532372881,28.093516941620692,95
3337,101.4710336993563,400.7273759939417,922.3953048087845,3356.0,1.3684189858413451,2515.489965921999,Ezi_3_b2,Ezi RNAi,-0.7508206995632627,0.009172981177676176,33.14780042325068,95
3338,101.17307692307692,414.6619822485207,931.5273668639053,1926.0,1.5423889174383465,2484.266272189349,Ezi_3_b2,Ezi RNAi,-0.7672849997764536,0.04579252033946268,32.28623268105768,95
3339,102.15016900048286,431.84983099951717,929.5871559633027,2619.0,1.3575456573291278,2449.911636890391,Ezi_3_b2,Ezi RNAi,-0.757976535437223,0.08675101194051149,33.6526026104724,95
3340,102.07718993928881,485.6383347788378,864.1283607979185,1522.0,1.4980100071376155,3074.112749349523,Ezi_3_b2,Ezi RNAi,-0.5938880118327885,0.196051784818142,39.70744270625136,95
3341,101.81573033707865,487.70786516853934,848.3539325842696,2317.0,1.4897156379519458,2673.0606741573033,Ezi_3_b2,Ezi RNAi,-0.5575346087594506,0.19604078234175604,40.77609172430297,95
3342,102.86309523809524,489.74627976190476,836.3214285714286,1952.0,1.381462860830159,2500.1011904761904,Ezi_3_b2,Ezi RNAi,-0.5299067004506688,0.19713665973514538,42.83990456621513,95
3343,99.30374753451676,516.1459566074951,952.1558185404339,969.0,1.5604932102897673,3222.7396449704142,Ezi_3_b2,Ezi RNAi,-0.7834512430423146,0.2978870883171274,30.095566856374695,95
3344,101.91910800174901,514.6593790992566,857.8452120682116,3154.0,1.595288838829461,2825.830345430695,Ezi_3_b2,Ezi RNAi,-0.5710216144551302,0.26426357441310744,40.461020933440864,95
3345,100.79007633587786,526.2474554707379,905.0846055979644,2079.0,1.289159453393376,3208.9872773536895,Ezi_3_b2,Ezi RNAi,-0.6742393210273515,0.3073375200010837,35.596176682209894,95
3346,103.11755952380952,527.2708333333334,969.8474702380952,1964.0,1.52996603320353,2403.9895833333335,Ezi_3_b2,Ezi RNAi,-0.8209023359290262,0.3304059750133641,32.58729281076065,95
3347,99.40586797066015,620.2224938875306,979.8545232273839,1093.0,1.2101097389217368,2433.0819070904645,Ezi_3_b2,Ezi RNAi,-0.8152204894377987,0.558490719134437,29.321342631620308,95
3348,98.54490413723512,632.4510595358224,891.8254288597376,1321.0,1.5777155289157414,3662.619576185671,Ezi_3_b2,Ezi RNAi,-0.6122631141068122,0.5600694770326045,35.89014672074058,95
3349,99.34685314685315,665.0321678321678,846.9426573426573,2125.0,1.7604781206763813,3360.7517482517483,Ezi_3_b2,Ezi RNAi,-0.5011937138769035,0.6246052508263042,40.83254015600511,95
3350,102.22929936305732,674.2360040227959,745.3067381830372,3554.0,1.3974700652750989,2495.2859537378476,Ezi_3_b2,Ezi RNAi,-0.26906646517949995,0.6145121736322139,52.213092156736096,95
3351,100.61426914153132,702.0864269141531,730.3886310904873,2095.0,1.4341911565787353,3252.028422273782,Ezi_3_b2,Ezi RNAi,-0.2267330516308913,0.67715372602804,52.211244542580936,95
3352,99.42333333333333,707.18,676.512,2048.0,1.83640480295632,3473.617333333333,Ezi_3_b2,Ezi RNAi,-0.10309977125604886,0.6723405271322014,55.53752830418664,95
3353,102.9121501948282,722.0329436769395,903.9776833156217,3611.0,1.7092075873563304,2461.554374778604,Ezi_3_b2,Ezi RNAi,-0.6139812573918941,0.7806316969975446,40.45229570790894,95
3354,101.91646341463415,720.0814024390244,803.5310975609756,3812.0,1.328481775007689,2371.1064024390244,Ezi_3_b2,Ezi RNAi,-0.38711666442897674,0.7439543663437733,47.71918314976589,95
3355,103.47189922480621,737.9641472868217,879.2000968992248,3524.0,1.5831923966654813,2567.3541666666665,Ezi_3_b2,Ezi RNAi,-0.5532981795492691,0.8112857898562178,43.269552529065045,95
3356,98.42953020134229,741.98322147651,826.4798657718121,559.0,1.8745663045213143,2472.0604026845635,Ezi_3_b2,Ezi RNAi,-0.43186354464848276,0.8042661685986012,42.64795009221883,95
3357,104.31821454283657,229.37508999280058,967.43124550036,1831.0,1.7271570296635368,2532.0763138948882,Ezi_3_b2,Ezi RNAi,-0.9041578825293282,-0.3910644248119133,29.95071531146435,95
3358,103.0242901128977,233.4307218611016,768.6797810468696,3820.0,1.8798443679017274,3237.526855969894,Ezi_3_b2,Ezi RNAi,-0.4530433965496845,-0.44448776400969714,45.11056580051712,95
3359,103.37065309584393,230.49703138252755,914.704834605598,1458.0,1.4854742521061701,2880.422391857506,Ezi_3_b2,Ezi RNAi,-0.7843532664439206,-0.40512170243870194,33.370883557629526,95
3360,102.46730083234245,240.5552913198573,917.2211652794292,1027.0,1.4245298655182654,2551.791914387634,Ezi_3_b2,Ezi RNAi,-0.7868855890576903,-0.37998133971304215,32.39927832575137,95
3361,103.1272907379891,262.1560178306092,889.2248637939574,2610.0,1.5604957422162489,3380.921248142645,Ezi_3_b2,Ezi RNAi,-0.7172553774308359,-0.3366359355396733,35.65866937948026,95
3362,102.83572659391155,264.0,937.7311889718552,2059.0,1.3989156184397946,3395.1924181504883,Ezi_3_b2,Ezi RNAi,-0.826394214837601,-0.31673801861321205,31.391960005491654,95
3363,102.43730505302558,288.1072988147224,938.5945102932003,1877.0,1.23999121238651,3548.927011852776,Ezi_3_b2,Ezi RNAi,-0.8211099275084729,-0.25813836105389376,31.250038355756164,95
3364,102.85097682871422,308.4320763289414,971.1794638800545,2916.0,1.5485789819164741,2825.717855520218,Ezi_3_b2,Ezi RNAi,-0.8888727496168879,-0.1986010373869278,29.249555177666444,95
3365,102.46975476839238,311.54877384196186,870.241416893733,2438.0,1.6244908019314683,3832.733514986376,Ezi_3_b2,Ezi RNAi,-0.6595082494949753,-0.22317726377593183,37.237899887132315,95
3366,102.78767123287672,364.96680716543733,860.3946259220232,2287.0,1.381060461082959,3549.085879873551,Ezi_3_b2,Ezi RNAi,-0.6214230808889271,-0.09707935528289058,39.090002953867646,95
3367,101.19148936170212,371.6063829787234,895.8109284332688,2555.0,1.3446130321874334,3563.3433268858803,Ezi_3_b2,Ezi RNAi,-0.6992724395632943,-0.06973633324653628,34.667907744299434,95
3368,102.61904761904762,392.1389539422326,985.6377829820452,3303.0,1.367198204943134,2416.7521467603433,Ezi_3_b2,Ezi RNAi,-0.8966735585770466,0.008511685205027986,28.958880812345466,95
3369,102.42870118074478,404.0422343324251,907.9409627611262,2965.0,1.5530534959986364,2476.6852861035422,Ezi_3_b2,Ezi RNAi,-0.7173172028392735,0.012586882268036836,35.33927718184999,95
3370,100.75407697325505,408.764514024788,892.8212654924984,1858.0,1.3962258251664232,2611.139595564253,Ezi_3_b2,Ezi RNAi,-0.6813867102223121,0.019211183341951488,34.98160854526554,95
3371,103.59198423127464,415.2555847568988,884.2444152431012,1895.0,1.3981548220048712,2998.4507227332456,Ezi_3_b2,Ezi RNAi,-0.6605968450036612,0.03216721340326578,38.604923304759765,95
3372,102.73418367346939,435.43418367346936,869.9556122448979,2406.0,1.2381266685099925,3525.2566326530614,Ezi_3_b2,Ezi RNAi,-0.6221110362242035,0.07644377033408833,39.20189969520485,95
3373,103.15979643765904,489.85648854961835,920.1806615776081,2534.0,1.376684726735194,2581.302290076336,Ezi_3_b2,Ezi RNAi,-0.7196567523185999,0.22408568719176247,36.219789147095945,95
3374,102.42473821989529,580.8416230366493,896.5719895287958,1906.0,1.4706638835977743,3251.8651832460732,Ezi_3_b2,Ezi RNAi,-0.6390751636667773,0.436696779340467,38.66628544053308,95
3375,101.65616045845272,595.6676217765043,969.3180515759312,2505.0,1.5447997327257479,2449.863610315186,Ezi_3_b2,Ezi RNAi,-0.7991071461683799,0.49571814195392316,32.100501827757604,95
3376,103.34080717488789,613.4758968609865,927.256726457399,2298.0,1.3147409815187403,2433.9052690582957,Ezi_3_b2,Ezi RNAi,-0.6989783463105677,0.5254063085592353,37.489805913387684,95
3377,102.8201754385965,685.2414860681115,943.220072239422,4631.0,1.832377036386784,2540.2432920536635,Ezi_3_b2,Ezi RNAi,-0.713676206253272,0.7041104793496131,36.625656666873745,95
3378,101.37434554973822,708.0143979057592,713.9869109947643,1841.0,1.4878988197336045,3245.2630890052355,Ezi_3_b2,Ezi RNAi,-0.18800969132605128,0.6862711082205546,54.401825776199956,95
3379,103.82451721242653,708.0904002239015,865.9736915757067,4949.0,1.8063125774587043,2913.978449482228,Ezi_3_b2,Ezi RNAi,-0.5323160066849841,0.7348017866341756,44.307565694322044,95
3380,102.09399141630901,748.5540772532189,847.949356223176,3086.0,1.3468568468932003,2753.1583690987122,Ezi_3_b2,Ezi RNAi,-0.4791859877021126,0.8269706931043765,44.6175830395312,95
3381,103.74036511156187,210.1467207572684,1001.1926977687626,1880.0,1.6593619680349372,2451.1717376605816,Ezi_3_b2,Ezi RNAi,-0.9861423566247174,-0.4268364706852822,26.329741478879654,95
3382,103.03512014787431,221.65557609365374,799.3179297597043,1927.0,1.5181185872315763,2861.2988293284043,Ezi_3_b2,Ezi RNAi,-0.5258601799462251,-0.46322605012467544,42.434729483527505,95
3383,103.08837209302325,225.76686046511628,883.9837209302326,2455.0,1.497901657704023,2720.7133720930233,Ezi_3_b2,Ezi RNAi,-0.7161998896596076,-0.4263390558455884,35.559645345538065,95
3384,103.81818181818181,225.6940664126293,722.1088731627653,2248.0,1.5297789353122588,3675.6113228089275,Ezi_3_b2,Ezi RNAi,-0.3501298824741915,-0.47802913669142244,49.63843493106263,95
3385,104.22301304863582,264.7906287069988,861.7455516014235,2175.0,1.9267141881257899,3196.296559905101,Ezi_3_b2,Ezi RNAi,-0.6545122225269766,-0.3390132417393449,39.05289652513629,95
3386,104.13372664700098,292.85545722713863,926.8298918387414,1317.0,1.3713748202156442,3274.0619469026547,Ezi_3_b2,Ezi RNAi,-0.793407312761575,-0.25040584150072664,33.97521862967346,95
3387,103.49051094890511,300.98759124087593,944.4824817518248,1635.0,1.3989570377943195,3405.8372262773723,Ezi_3_b2,Ezi RNAi,-0.8308063703012112,-0.22511059973965053,31.98822754811933,95
3388,104.13994439295644,345.9462465245598,861.8280815569972,2772.0,1.6178916098426763,3778.268767377201,Ezi_3_b2,Ezi RNAi,-0.6305751006652789,-0.1426481386944728,40.06183888468637,95
3389,102.59953051643193,359.85915492957747,875.5615023474178,2583.0,1.4383395811792508,3671.0798122065726,Ezi_3_b2,Ezi RNAi,-0.6572184234439786,-0.10460881805348499,37.58231782177296,95
3390,101.49014778325123,371.5689655172414,827.8645320197045,817.0,1.7370578640082674,3215.4285714285716,Ezi_3_b2,Ezi RNAi,-0.5456164150957696,-0.09144961441031751,40.56968735633739,95
3391,102.87795698924731,372.3989247311828,912.0430107526881,2288.0,1.432122911558571,3560.898387096774,Ezi_3_b2,Ezi RNAi,-0.7360836729657704,-0.06266483976950898,35.02027039300265,95
3392,103.0834597875569,379.8234699038948,970.1598381385938,2351.0,1.310296562089642,2422.2731411229133,Ezi_3_b2,Ezi RNAi,-0.8654029848737215,-0.026211111767940887,30.53168876620045,95
3393,103.07959905660377,409.5188679245283,855.5106132075472,2103.0,1.4068673086768002,3503.1880896226417,Ezi_3_b2,Ezi RNAi,-0.5971946120608449,0.009148613177089038,40.386834810891074,95
3394,103.01961770623743,410.1790744466801,842.8163983903421,2403.0,1.6352168530042024,3593.3807847082494,Ezi_3_b2,Ezi RNAi,-0.5682671866569184,0.006706881053883285,41.38310366351441,95
3395,103.20431211498973,418.20687885010267,869.3634496919918,2406.0,1.3873177003952621,3578.798767967146,Ezi_3_b2,Ezi RNAi,-0.6259787616592387,0.03457457228650829,39.486038363577215,95
3396,103.23366714353838,422.3457319980925,900.3466857415356,2550.0,1.4091305006516337,3138.9155937052933,Ezi_3_b2,Ezi RNAi,-0.6948524414173858,0.0544464195967298,37.015610059837925,95
3397,103.56879432624113,433.69929078014184,943.0063829787234,1838.0,1.3810657169136749,2589.531205673759,Ezi_3_b2,Ezi RNAi,-0.7880586602450245,0.09548617334398313,33.98438996150344,95
3398,100.2367758186398,475.0428211586902,888.5465994962217,605.0,1.531069127296437,2621.214105793451,Ezi_3_b2,Ezi RNAi,-0.651928072400112,0.1782002367028679,35.71586848018231,95
3399,102.71866295264624,479.81963788300834,893.1768802228412,2024.0,1.5545592059380986,3294.7924791086352,Ezi_3_b2,Ezi RNAi,-0.6614595996023902,0.19121388653764804,37.87179240851526,95
3400,102.40575275397796,501.3935128518972,853.1126070991432,1986.0,1.3805024589300054,2879.207466340269,Ezi_3_b2,Ezi RNAi,-0.5643482414335812,0.23066059941973815,41.156771773080315,95
3401,102.92358803986711,497.0675526024363,867.4939091915836,1129.0,1.4504544907992418,2515.65780730897,Ezi_3_b2,Ezi RNAi,-0.5982691265441642,0.22476769198130886,40.42797235144845,95
3402,103.17144268774703,508.4367588932806,879.0429841897234,2530.0,1.4346068381657515,2755.243577075099,Ezi_3_b2,Ezi RNAi,-0.6210682535892578,0.25594634876863753,39.87620901358167,95
3403,102.72039312039313,546.9272727272727,912.1965601965602,2715.0,1.4848391383789754,2432.653562653563,Ezi_3_b2,Ezi RNAi,-0.6845558333334831,0.3596182839042765,37.21301966685727,95
3404,102.75586446568201,570.4005212858384,887.8323197219809,1586.0,1.3066185513027135,3390.099913119027,Ezi_3_b2,Ezi RNAi,-0.6224671964847586,0.4086536560360583,39.575827744280744,95
3405,103.28526398739164,584.6162332545312,917.5988967691095,1641.0,1.3365979942309645,2844.7368006304177,Ezi_3_b2,Ezi RNAi,-0.6856905146161458,0.4525138559817199,37.840453103385336,95
3406,103.16761041902605,582.9156285390713,937.030577576444,2313.0,1.589725153287514,3148.7723669309175,Ezi_3_b2,Ezi RNAi,-0.7301360913499345,0.4545836185773542,36.097336885995546,95
3407,103.30957230142566,608.6130346232179,942.511201629328,1903.0,1.5454967328755516,2495.9864222674814,Ezi_3_b2,Ezi RNAi,-0.734929176257816,0.5184959125465383,36.1345652548043,95
3408,103.12029646522235,617.3990877993158,895.966362599772,2379.0,1.6114788233574184,3557.1807297605474,Ezi_3_b2,Ezi RNAi,-0.62697834276803,0.5249423344517119,39.90420986255335,95
3409,102.41742081447964,677.4581447963801,810.7641402714933,2170.0,1.4957597705205687,3597.231900452489,Ezi_3_b2,Ezi RNAi,-0.41623838086951437,0.6431350146576917,47.04480632056839,95
3410,102.55868544600939,691.0459050599895,804.6666666666666,2279.0,1.4668663471605763,3755.835159102765,Ezi_3_b2,Ezi RNAi,-0.39843391455507704,0.6740664727633854,47.8724617754064,95
3411,102.70337477797513,693.8620485494375,759.6737714624038,1964.0,1.3623213395017253,3005.558910597987,Ezi_3_b2,Ezi RNAi,-0.2958315548549967,0.6665616577206899,51.76607895266765,95
3412,102.96604046242774,697.5953757225434,774.7846820809249,1588.0,1.3697621182800876,3495.8287572254335,Ezi_3_b2,Ezi RNAi,-0.3289602366120802,0.680400265454602,50.83191103324363,95
3413,102.94086538461538,718.8331730769231,822.3495192307693,2405.0,1.29599122146868,2652.214903846154,Ezi_3_b2,Ezi RNAi,-0.43025888873746543,0.7469159614826775,47.17083464254901,95
3414,103.96630094043887,742.7413793103449,839.6183385579938,1813.0,1.7031985329293426,2765.635579937304,Ezi_3_b2,Ezi RNAi,-0.4624225092940968,0.8102449642445897,47.09185687125181,95
3415,103.46362339514978,202.3573466476462,734.774607703281,1965.0,1.4839983883528471,2945.6062767475037,Ezi_3_b2,Ezi RNAi,-0.38564981308214386,-0.5304546363188616,47.92447552682358,95
3416,103.6194188518781,243.73919206236712,817.8993621545004,1687.0,1.440495280729621,3456.6052445074415,Ezi_3_b2,Ezi RNAi,-0.5614511168884007,-0.40389068910133163,41.7831878591202,95
3417,104.30649854510185,244.90494665373424,968.8166828322018,1437.0,1.3972034443359318,3522.9835111542193,Ezi_3_b2,Ezi RNAi,-0.9026768298841805,-0.35305239900488217,30.034973373262815,95
3418,103.86368062317429,262.05939629990263,846.8159688412853,1487.0,1.8419227410035308,3618.9444985394352,Ezi_3_b2,Ezi RNAi,-0.6214776091977576,-0.3503691701854742,39.88934330290302,95
3419,103.79290894439968,272.3303787268332,904.3182917002417,1500.0,1.3838534223720529,3564.286865431104,Ezi_3_b2,Ezi RNAi,-0.7485082326330439,-0.30722284433189573,35.21467210149167,95
3420,103.64615384615385,308.54814814814813,900.3396011396011,2160.0,1.322548896265706,3715.9356125356126,Ezi_3_b2,Ezi RNAi,-0.7287198412365965,-0.22086693576550886,35.88686577103173,95
3421,104.09585702680748,309.2323314378554,916.4362307067424,1593.0,1.469170897270853,3910.778229082047,Ezi_3_b2,Ezi RNAi,-0.7650202034510688,-0.21409262635973358,35.01649865644679,95
3422,104.80281690140845,341.1319495922906,884.069681245367,1712.0,1.752508529389065,3593.2045959970346,Ezi_3_b2,Ezi RNAi,-0.6824522065228851,-0.1472222386669353,38.82258904981659,95
3423,103.0264730999146,369.2544833475662,951.5234842015371,1519.0,1.3077589998482664,2778.3868488471394,Ezi_3_b2,Ezi RNAi,-0.8263681562200019,-0.057710256542384264,31.869090036069274,95
3424,103.61548387096774,376.3232258064516,939.2161290322581,1962.0,1.4627560705901428,2576.267741935484,Ezi_3_b2,Ezi RNAi,-0.7965364262810696,-0.044529068034726005,33.56691529664927,95
3425,104.0140350877193,387.9438596491228,913.4435087719298,1846.0,1.5288722286492542,2742.6463157894736,Ezi_3_b2,Ezi RNAi,-0.734851800965733,-0.0246190298755814,36.24726733758462,95
3426,103.33007069059272,427.36378466557915,852.0679717237629,2207.0,1.398660193202668,3072.8618814573138,Ezi_3_b2,Ezi RNAi,-0.5841527986575757,0.05122339763272743,41.1619519293269,95
3427,103.58683021304067,451.9593285990962,875.1375080697225,1874.0,1.465799238771041,3673.349257585539,Ezi_3_b2,Ezi RNAi,-0.6290889261999847,0.1180660887205629,39.847810248281334,95
3428,104.39343009931245,467.2070282658518,861.3628724216959,1863.0,1.706533407908717,2812.0076394194043,Ezi_3_b2,Ezi RNAi,-0.59354957043955,0.1505661649154868,41.99420513090449,95
3429,102.48326639892905,513.2650602409639,973.0629183400267,1462.0,1.7132914881287737,2911.6880856760376,Ezi_3_b2,Ezi RNAi,-0.8322162603715418,0.29754937024135275,31.50040482178941,95
3430,103.41781317885591,547.0774800868935,897.3504706734251,1748.0,1.3054103871736165,2873.8725561187543,Ezi_3_b2,Ezi RNAi,-0.6510563310993805,0.35525304480104847,39.134636827877216,95
3431,103.2591743119266,569.4709480122324,919.428134556575,1680.0,1.4991917820102239,3150.3899082568805,Ezi_3_b2,Ezi RNAi,-0.6943230866153367,0.4164553855882047,37.45855937418982,95
3432,103.2129909365559,589.8247734138973,924.8731117824774,925.0,1.6149978734940558,2611.9667673716012,Ezi_3_b2,Ezi RNAi,-0.7005868835059079,0.4674299369523085,37.238910269067695,95
3433,104.08079891057649,668.5433499773037,855.9922832501135,2561.0,1.4586465105019952,3767.3095778483885,Ezi_3_b2,Ezi RNAi,-0.5215305318386367,0.6359485373310303,44.85097219895139,95
3434,103.3750846310088,683.1421800947867,839.9715639810427,1752.0,1.3754471726134254,3341.68855788761,Ezi_3_b2,Ezi RNAi,-0.48081298817067564,0.6661739672223772,45.66683450446551,95
3435,103.38235294117646,683.1962915601023,716.6054987212276,1958.0,1.5453308525126346,2662.583120204604,Ezi_3_b2,Ezi RNAi,-0.20169065324336377,0.627049265118061,55.850867438134436,95
3436,103.40643033800495,688.1780708985985,745.9282769991756,1552.0,1.6333496098417786,3148.37427864798,Ezi_3_b2,Ezi RNAi,-0.26655624805445177,0.6484320585759591,53.52355553391183,95
3437,103.52651515151516,697.8984848484848,741.7931818181818,1570.0,1.3671668978578635,3084.8863636363635,Ezi_3_b2,Ezi RNAi,-0.2543363098507392,0.6706318912328919,54.11588654616629,95
3438,104.26430084745763,701.8305084745763,829.8411016949152,2380.0,1.6567424436257978,3492.084216101695,Ezi_3_b2,Ezi RNAi,-0.45251207438996033,0.70815694480808,47.641533386559225,95
3439,103.78775510204082,700.8116618075802,896.6367346938775,2021.0,1.4244618930174473,2965.8338192419824,Ezi_3_b2,Ezi RNAi,-0.6038443120818993,0.7269498084051578,41.64311400947111,95
3440,103.51676829268293,721.5731707317074,836.9568089430894,2360.0,1.4513449004544274,2839.065548780488,Ezi_3_b2,Ezi RNAi,-0.46260316371733234,0.7581891279743449,46.576903933655444,95
3441,104.02660753880266,232.05543237250555,846.6252771618625,1076.0,1.4473058325874988,2523.1662971175165,Ezi_3_b2,Ezi RNAi,-0.6299902775238321,-0.42301895218281715,39.661293857578606,95
3442,104.30286168521462,248.983306836248,933.7972972972973,1509.0,1.61920303719303,3656.7297297297296,Ezi_3_b2,Ezi RNAi,-0.822235554877874,-0.35432897894285764,32.97518717804312,95
3443,104.1026827012026,256.4930619796485,835.5106382978723,1464.0,1.5776238889800396,3263.9740980573542,Ezi_3_b2,Ezi RNAi,-0.5975992880262905,-0.3674346603210845,40.98470187808481,95
3444,103.84206285253828,279.83803384367445,952.0064464141822,1481.0,1.3059820493352263,3512.3948428686545,Ezi_3_b2,Ezi RNAi,-0.8541787551354124,-0.27388547465727486,31.43164037452954,95
3445,104.14713896457765,305.77747502270665,929.9700272479564,1333.0,1.5122123966115413,3829.930063578565,Ezi_3_b2,Ezi RNAi,-0.7966756371784675,-0.21814472459925105,33.90447795554451,95
3446,104.43119266055047,306.4623853211009,981.8477064220184,752.0,1.4441112419465312,2518.6880733944954,Ezi_3_b2,Ezi RNAi,-0.9138963765043657,-0.1999819056060409,29.91759080970599,95
3447,104.05738705738706,323.6141636141636,915.8290598290598,1015.0,1.379851325843359,3395.034188034188,Ezi_3_b2,Ezi RNAi,-0.759366916948653,-0.1794918763952924,35.222920285381996,95
3448,103.61673261729791,330.19728660260034,843.392312040701,2085.0,1.8455837158377986,3325.310910118711,Ezi_3_b2,Ezi RNAi,-0.5934436410221481,-0.18661223031993268,40.847984731406335,95
3449,104.5028702640643,334.8427095292767,963.1572904707233,1133.0,1.6514372068902392,2793.246842709529,Ezi_3_b2,Ezi RNAi,-0.8631936356145185,-0.1372697381876019,31.91488597018952,95
3450,103.47792706333973,445.72168905950093,957.4395393474089,925.0,1.365847455615581,2473.5086372360843,Ezi_3_b2,Ezi RNAi,-0.8171239952843631,0.12916502096013938,32.866033502380986,95
3451,103.71979243884358,516.2171979243884,927.8969607116383,1695.0,1.378568487090607,2779.625648628614,Ezi_3_b2,Ezi RNAi,-0.7293908407253855,0.2903113724847628,36.49815370906197,95
3452,103.8536804308797,513.5610412926392,945.2953321364453,1661.0,1.6266203424837131,2816.463195691203,Ezi_3_b2,Ezi RNAi,-0.7695681653619064,0.28942073805779445,35.16048524887861,95
3453,104.05150214592274,532.8163090128755,894.9965665236051,1384.0,1.4731873006377816,2816.776824034335,Ezi_3_b2,Ezi RNAi,-0.65008840780887,0.31999809985427596,39.767233607054486,95
3454,103.74415887850468,571.0753504672897,951.2272196261682,2239.0,1.6985200075352171,2410.221378504673,Ezi_3_b2,Ezi RNAi,-0.765882618040596,0.43045231712960996,35.340562837378926,95
3455,104.31008287292818,674.3853591160221,827.5186464088398,1844.0,1.4450717675096374,3884.328729281768,Ezi_3_b2,Ezi RNAi,-0.45541923882983193,0.6410200846099505,47.50722742740401,95
3456,103.66678966789668,745.130996309963,825.6173431734318,3345.0,1.795176363400575,2469.2295202952027,Ezi_3_b2,Ezi RNAi,-0.42997901787390636,0.8115729029230492,47.980635511914045,95
3457,104.75249042145595,735.5570881226054,814.3555555555556,1738.0,1.7031896160684927,2488.7141762452106,Ezi_3_b2,Ezi RNAi,-0.4075516757351382,0.7848202954096635,49.86189101602548,95
3458,104.38071570576541,238.779324055666,889.027833001988,1235.0,1.5713126540181126,3320.758449304175,Ezi_3_b2,Ezi RNAi,-0.7239936430018865,-0.39326161446692964,36.60753156950502,95
3459,104.5872291904219,252.92588369441276,978.2029646522235,1072.0,1.5936590802044512,2547.7901938426453,Ezi_3_b2,Ezi RNAi,-0.9215836995334798,-0.33066257240333874,29.64905021300155,95
3460,104.7570977917981,258.8832807570978,922.4584647739222,1275.0,1.739659780600492,3566.684542586751,Ezi_3_b2,Ezi RNAi,-0.7937282193875458,-0.33398917720118626,34.49714297246224,95
3461,104.83385579937304,288.68547544409614,886.833855799373,1192.0,1.5024948505126223,3685.5663531870428,Ezi_3_b2,Ezi RNAi,-0.7042915682710547,-0.2732256643164026,37.915592715132746,95
3462,104.57,293.4633333333333,864.8683333333333,803.0,1.453202021094367,3157.4766666666665,Ezi_3_b2,Ezi RNAi,-0.6531262299790503,-0.26865447450606794,39.52919685921681,95
3463,104.57757644394111,303.46319365798416,856.2197055492638,1229.0,1.6147137624322219,3687.4190260475652,Ezi_3_b2,Ezi RNAi,-0.6305901835883371,-0.24721407225053205,40.3855021957352,95
3464,104.24938067712634,311.6465730800991,885.1758876961189,1452.0,1.360124873891758,3950.309661436829,Ezi_3_b2,Ezi RNAi,-0.6936079229868013,-0.21820006086435295,37.780726374332694,95
3465,104.96964285714286,345.78125,846.3401785714286,1414.0,1.5953329566424324,3533.8294642857145,Ezi_3_b2,Ezi RNAi,-0.595742477738916,-0.14798103516744143,42.163945951362585,95
3466,104.8407917383821,348.76247848537,910.9311531841653,1447.0,1.6756099532416764,3135.709122203098,Ezi_3_b2,Ezi RNAi,-0.7409650825186599,-0.12021466189847219,36.74800459811203,95
3467,104.66886171213547,374.2210724365005,823.4317968015051,1283.0,1.5824207493962603,3113.510818438382,Ezi_3_b2,Ezi RNAi,-0.5354079351554801,-0.08646466855843593,44.138817265127535,95
3468,104.52354048964219,384.98870056497174,896.276836158192,1932.0,1.6467981427185474,3409.6214689265535,Ezi_3_b2,Ezi RNAi,-0.696988655951418,-0.03723421804869842,38.131010252615546,95
3469,104.58759913482336,392.3518385003605,822.7844268204758,1637.0,1.5003672909419483,3182.579668348955,Ezi_3_b2,Ezi RNAi,-0.5285418622384972,-0.04280670388481311,44.35665776286691,95
3470,104.6260945709282,388.81786339754814,944.0630472854641,1363.0,1.5325457617660392,2422.352014010508,Ezi_3_b2,Ezi RNAi,-0.8039839673317948,-0.012765303770747582,34.34331114280327,95
3471,104.1789156626506,434.10481927710845,887.6253012048193,2015.0,1.5813240443287737,3364.3204819277107,Ezi_3_b2,Ezi RNAi,-0.6627588436385932,0.07884080398956383,39.16606705404263,95
3472,104.83269598470363,443.0057361376673,851.2342256214149,1260.0,1.5845511136129986,3513.7877629063096,Ezi_3_b2,Ezi RNAi,-0.5779074005508691,0.08879058174648957,42.9398218519393,95
3473,104.79034482758621,524.8855172413793,858.4537931034482,907.0,1.4070940980076707,2720.2758620689656,Ezi_3_b2,Ezi RNAi,-0.5699100301514717,0.2891784074932955,43.410430974533966,95
3474,104.60040983606558,535.641393442623,927.1506147540983,1216.0,1.496766922888747,2802.184426229508,Ezi_3_b2,Ezi RNAi,-0.7221006356834798,0.33706073865207475,37.70017997758054,95
3475,104.00726832222895,548.3912780133253,882.9503331314355,2077.0,1.4861351029729977,3022.8049666868565,Ezi_3_b2,Ezi RNAi,-0.6181994569239341,0.35384546694771024,40.92763226583243,95
3476,105.33658536585367,597.7024390243903,927.0260162601626,821.0,1.5183924930295394,2553.6373983739836,Ezi_3_b2,Ezi RNAi,-0.7035238307526865,0.4871594399449506,39.28411928306022,95
3477,104.534795042898,644.8722592945662,880.9675881792183,1325.0,1.7146794262162048,3113.4204003813156,Ezi_3_b2,Ezi RNAi,-0.5851540733222225,0.5866257797769499,42.92283589414105,95
3478,104.42834138486312,690.6320450885669,789.3389694041867,1532.0,1.4998127353960964,3484.6014492753625,Ezi_3_b2,Ezi RNAi,-0.36423662912909927,0.6681757001634365,50.994303240612574,95
3479,105.18181818181819,230.75806451612902,873.6451612903226,815.0,1.80765564384325,2832.5615835777126,Ezi_3_b2,Ezi RNAi,-0.6917273962180541,-0.41756735263745715,38.566119642332566,95
3480,105.15586690017513,240.18038528896673,872.0490367775832,734.0,1.6534827938797885,3228.278458844133,Ezi_3_b2,Ezi RNAi,-0.6853123257306335,-0.39527982836008846,38.79945937140124,95
3481,104.87369640787949,271.03128621089223,841.0382387022016,1028.0,1.5342677661122759,3744.230590961761,Ezi_3_b2,Ezi RNAi,-0.6059339259645495,-0.3305087257535525,41.4938541770079,95
3482,105.17534246575343,279.2191780821918,849.9904109589041,919.0,1.563050593614115,3439.5424657534245,Ezi_3_b2,Ezi RNAi,-0.6238130571680809,-0.30785326017990333,41.16684140039837,95
3483,105.13194444444444,295.8697916666667,874.3315972222222,813.0,1.6083140246621785,3122.890625,Ezi_3_b2,Ezi RNAi,-0.6739288932984845,-0.2598249917198846,39.34115535830745,95
3484,105.10492227979275,374.8419689119171,854.4287564766839,938.0,1.5120489629980776,3012.901554404145,Ezi_3_b2,Ezi RNAi,-0.6054355092421849,-0.0751020353443409,42.02491981222454,95
3485,104.65358361774744,381.1237201365188,838.3250853242321,1426.0,1.5669162212936911,3433.6040955631397,Ezi_3_b2,Ezi RNAi,-0.5670496144665962,-0.06502601695044719,42.988529365692486,95
3486,104.67928423950447,393.3275980729525,855.5794907088782,1730.0,1.5569757265026922,3427.239504473503,Ezi_3_b2,Ezi RNAi,-0.6024662315333364,-0.03001114677650074,41.75607387689281,95
3487,105.14592760180996,395.5079185520362,839.5859728506788,1091.0,1.6266254680359775,3196.8427601809954,Ezi_3_b2,Ezi RNAi,-0.5657235356627365,-0.029828581274117805,43.5698493118149,95
3488,105.18449781659389,396.72707423580783,887.1713973799127,1115.0,1.9215460752455376,3078.21615720524,Ezi_3_b2,Ezi RNAi,-0.6730276639104136,-0.011737483218385525,39.69962325166894,95
3489,105.37625,402.75875,945.3875,1017.0,1.6357938194338846,2709.21,Ezi_3_b2,Ezi RNAi,-0.8029827122883004,0.021378180794296098,35.1702962747519,95
3490,104.3115438108484,631.2378303198888,894.6752433936023,1717.0,1.4640078331468172,2943.2732962447844,Ezi_3_b2,Ezi RNAi,-0.6201742559833998,0.5580035413164182,41.38511041832338,95
3491,105.27077363896848,259.83667621776505,823.554441260745,831.0,1.6646303659071644,3354.3724928366764,Ezi_3_b2,Ezi RNAi,-0.5697793951429986,-0.36315764362468683,43.1801912052632,95
3492,105.07866868381241,275.17246596066565,866.5869894099849,798.0,1.654464465446151,3342.7791225416036,Ezi_3_b2,Ezi RNAi,-0.6625453446213925,-0.3123616697942324,39.646732668366255,95
3493,105.44007155635063,294.4221824686941,958.9499105545617,694.0,1.6681705907343314,3332.5330948121646,Ezi_3_b2,Ezi RNAi,-0.8658612633824663,-0.23640329697866325,32.64872511544254,95
3494,105.10526315789474,325.2159709618875,880.617059891107,670.0,1.5947917754366678,3789.660617059891,Ezi_3_b2,Ezi RNAi,-0.6794267112714698,-0.18682808471847356,39.19333234128489,95
3495,105.74259259259259,321.75555555555553,932.4592592592593,706.0,1.751294770143945,2981.642592592593,Ezi_3_b2,Ezi RNAi,-0.7978661688260595,-0.1787075704436093,35.50529975590753,95
3496,105.22325581395349,368.0558139534884,842.9232558139535,503.0,1.6184740242745796,3075.220930232558,Ezi_3_b2,Ezi RNAi,-0.581443588844724,-0.0951815230288996,43.00003194975098,95
3497,105.11675126903553,506.1751269035533,965.510152284264,594.0,1.5219484446973013,2828.263959390863,Ezi_3_b2,Ezi RNAi,-0.8177385600871785,0.2779763269003708,34.65170592720327,95
3498,105.16068052930056,603.3780718336484,905.7693761814745,683.0,1.6017946363764537,2990.2136105860113,Ezi_3_b2,Ezi RNAi,-0.6537124270158048,0.49412759564465625,40.9390455670275,95
3499,105.35810810810811,654.8175675675676,850.2540540540541,905.0,1.7949186633330956,3456.5472972972975,Ezi_3_b2,Ezi RNAi,-0.5128698847234759,0.6009077446702529,46.41134549688003,95
3500,105.31547619047619,663.4151785714286,835.6919642857143,802.0,1.736293104739024,4003.7440476190477,Ezi_3_b2,Ezi RNAi,-0.47736196184416513,0.6170743515402346,47.68641911608064,95
3501,105.33056708160443,692.9737206085754,818.789764868603,834.0,1.4974534758630986,3499.002766251729,Ezi_3_b2,Ezi RNAi,-0.4303441188236995,0.6832063463887315,49.49576998863795,95
3502,105.30610134436401,720.7497414684592,851.2709410548086,1169.0,1.6911824129212853,3015.949327817994,Ezi_3_b2,Ezi RNAi,-0.49557487715150794,0.7607401621235756,47.16810346133092,95
3503,105.56521739130434,217.8816425120773,849.3550724637681,510.0,1.6549722825414062,2434.1280193236717,Ezi_3_b2,Ezi RNAi,-0.6406710558822579,-0.45645074688579157,40.77748980265321,95
3504,105.7673076923077,276.725,828.3557692307693,621.0,1.95088219669225,3320.2903846153845,Ezi_3_b2,Ezi RNAi,-0.5757202616269536,-0.32077546861385065,43.50754337525714,95
3505,105.70171149144254,300.3545232273839,888.0244498777506,527.0,1.767832226041904,3525.8728606356967,Ezi_3_b2,Ezi RNAi,-0.7036848527477937,-0.24462175987692591,38.840155978510374,95
3506,105.32514450867052,329.3280346820809,980.7731213872833,794.0,1.663385165759022,2421.5462427745665,Ezi_3_b2,Ezi RNAi,-0.9048437906858461,-0.14501122712508252,31.20656396599114,95
3507,105.57720588235294,434.71139705882354,911.3694852941177,670.0,1.5796717042427022,3109.7573529411766,Ezi_3_b2,Ezi RNAi,-0.7165658263530951,0.08785465819355442,38.60909526413031,95
3508,105.76112412177986,437.14519906323187,839.4215456674473,500.0,1.8766225017254423,2657.3325526932085,Ezi_3_b2,Ezi RNAi,-0.5531005248725145,0.07084739471477763,44.76006088022883,95
3509,105.98540145985402,709.374695863747,792.6788321167883,509.0,1.7769463145863746,2602.8515815085157,Ezi_3_b2,Ezi RNAi,-0.36652307347426316,0.7145720529314603,52.52412155997082,95
3510,35.40833333333333,311.02916666666664,281.07916666666665,365.0,2.4272588005339086,1981.6458333333333,Ezi_3_b2,Ezi RNAi,0.686108046616859,-0.41147064909952835,19.002184293503543,95
3511,36.1438127090301,281.01672240802674,286.8026755852843,436.0,2.1811319088119547,1557.9966555183946,Ezi_3_b2,Ezi RNAi,0.6641028314951698,-0.48226276023891235,18.856725925796994,95
3512,33.403361344537814,291.5126050420168,271.6932773109244,356.0,1.9283042177036014,1673.1176470588234,Ezi_3_b2,Ezi RNAi,0.7019290246373957,-0.46166025794974097,17.51426262388002,95
3513,32.257425742574256,296.28712871287127,283.06435643564356,297.0,2.2700846845404565,1852.0148514851485,Ezi_3_b2,Ezi RNAi,0.6778402442945564,-0.44648354361215736,15.49900319256875,95
3514,36.225247524752476,329.29455445544556,275.1559405940594,697.0,2.9221906162561817,1965.118811881188,Ezi_3_b2,Ezi RNAi,0.7047785579176551,-0.3691716532719568,20.55206827537099,95
3515,30.15206611570248,322.5520661157025,245.53388429752067,1011.0,2.268095200084464,2120.4528925619834,Ezi_3_b2,Ezi RNAi,0.7709554782431685,-0.39486987209933955,16.852299974598488,95
3516,34.04812834224599,309.05882352941177,254.3903743315508,283.0,2.1296057021448735,1856.1390374331552,Ezi_3_b2,Ezi RNAi,0.7461646089016944,-0.424721070160646,19.821538971899713,95
3517,32.61190965092403,361.53182751540044,251.62628336755648,665.0,1.86187823081418,1752.4661190965091,Ezi_3_b2,Ezi RNAi,0.7682804891720256,-0.2986442690519219,19.328625524404327,95
3518,35.45924967658473,301.98318240620955,230.73350582147478,1212.0,2.8187447827618195,1294.3635187580853,Ezi_3_b2,Ezi RNAi,0.7973148848869238,-0.4493759519044179,23.083321990297172,95
3519,31.96923076923077,747.4184615384615,468.6984615384615,426.0,1.9244464509571733,1223.6246153846155,Ezi_3_b2,Ezi RNAi,0.39192266124298447,0.7040016073637758,6.006019272968704,95
3520,30.468822170900694,709.175519630485,403.7367205542725,605.0,1.7515079942564002,1553.2609699769052,Ezi_3_b2,Ezi RNAi,0.5278210123670781,0.5908198646436202,9.351681289394765,95
3521,29.533333333333335,668.2986666666667,393.48266666666666,673.0,2.4566421923753348,1513.656,Ezi_3_b2,Ezi RNAi,0.5390563001815536,0.48867046477846476,8.711977501958764,95
3522,27.71186440677966,687.292372881356,414.91101694915255,289.0,2.1741164817782046,1417.9322033898304,Ezi_3_b2,Ezi RNAi,0.4965667649574559,0.5414520565030319,5.3864298219029685,95
3523,29.264,736.544,435.52,180.0,2.7399008908432494,1396.448,Ezi_3_b2,Ezi RNAi,0.4642739519633481,0.6671533508870244,5.899839988587755,95
3524,27.162844036697248,732.559633027523,442.57339449541286,657.0,2.682178066955886,1401.4174311926606,Ezi_3_b2,Ezi RNAi,0.447534494002787,0.659772168045992,3.170293792806624,95
3525,24.833698030634572,764.1925601750547,393.0940919037199,647.0,2.5849617414030357,1511.894967177243,Ezi_3_b2,Ezi RNAi,0.5693205937516561,0.7205718138587915,5.358868264466228,95
3526,25.358490566037737,787.8905660377359,424.23018867924526,407.0,2.683402856345636,1577.3283018867924,Ezi_3_b2,Ezi RNAi,0.5058165021535124,0.7878081703539346,3.634288589723574,95
3527,25.06875,799.6,428.06875,249.0,3.0455505281924125,1264.36875,Ezi_3_b2,Ezi RNAi,0.5006658232988943,0.8173599246647998,3.187431541481375,95
3528,25.341176470588234,802.5529411764705,547.5058823529412,127.0,2.7924279391066156,1833.1764705882354,Ezi_3_b2,Ezi RNAi,0.23127220314714902,0.862507507905792,-6.353097163578363,95
3529,25.98507462686567,751.8358208955224,579.5223880597015,354.0,3.434596118875237,1349.8208955223881,Ezi_3_b2,Ezi RNAi,0.14364782806640264,0.7499920852796325,-9.038898238937845,95
3530,23.914383561643834,854.8287671232877,559.2020547945206,450.0,2.529302551347018,2140.030821917808,Ezi_3_b2,Ezi RNAi,0.22061230692588163,0.9927085308142474,-8.032066005697912,95
3531,22.691111111111113,749.0177777777777,482.7111111111111,967.0,4.257014660078784,1402.8755555555556,Ezi_3_b2,Ezi RNAi,0.36247005738339144,0.7123902032151175,-4.3738377037693015,95
3532,21.40711462450593,790.0118577075099,521.8616600790514,418.0,4.327826398987097,1246.0316205533597,Ezi_3_b2,Ezi RNAi,0.28631777585848517,0.8240326634071511,-8.327840825004321,95
3533,22.210526315789473,829.6437246963562,531.7935222672065,338.0,2.688375126879998,1581.2834008097166,Ezi_3_b2,Ezi RNAi,0.2754668601340162,0.9230684303558625,-7.810027634444019,95
3534,23.5,855.3953488372093,532.1220930232558,253.0,2.3773294687521513,1422.0116279069769,Ezi_3_b2,Ezi RNAi,0.28212653270936516,0.9854650045285485,-6.203593793454896,95
3535,22.98220640569395,863.4377224199288,516.644128113879,434.0,2.891969135331328,1232.3807829181494,Ezi_3_b2,Ezi RNAi,0.31963252908098316,1.0,-5.333987125683093,95
3536,23.905982905982906,724.3717948717949,351.03418803418805,397.0,2.8848310270658897,2156.7991452991455,Ezi_3_b2,Ezi RNAi,0.6528267685773472,0.6108565906765575,7.364765344874941,95
3537,22.920353982300885,716.2064896755162,340.9646017699115,660.0,3.866603784549653,1824.353982300885,Ezi_3_b2,Ezi RNAi,0.6733715390536712,0.587904664599513,7.102666544319049,95
3538,23.847972972972972,731.652027027027,338.2635135135135,525.0,3.43196458646831,1416.7027027027027,Ezi_3_b2,Ezi RNAi,0.6838933353540566,0.624406222687454,8.458914736244624,95
3539,26.271341463414632,731.9908536585366,377.390243902439,492.0,2.402603364765727,1347.810975609756,Ezi_3_b2,Ezi RNAi,0.5950087013475991,0.6376604115881717,7.650954157085284,95
3540,26.551724137931036,715.971264367816,377.7471264367816,233.0,2.0680004535058485,1404.1896551724137,Ezi_3_b2,Ezi RNAi,0.5893888859024823,0.5990162451510483,7.684075260695904,95
3541,25.36551724137931,725.7068965517242,395.9,340.0,2.2506485622096277,1242.1,Ezi_3_b2,Ezi RNAi,0.5514381820861725,0.6283535347105385,5.136431641497133,95
3542,24.971098265895954,698.2254335260116,360.1300578034682,482.0,2.1632225252743864,1363.1445086705203,Ezi_3_b2,Ezi RNAi,0.6242771965492335,0.5504885714145806,7.321946009763759,95
3543,24.588815789473685,758.9111842105264,376.3782894736842,517.0,3.1014976281051103,1268.766447368421,Ezi_3_b2,Ezi RNAi,0.6056169753393141,0.7024772411721414,6.422185099709747,95
3544,24.86865671641791,578.8656716417911,283.9432835820896,557.0,3.000830579582006,1430.3820895522388,Ezi_3_b2,Ezi RNAi,0.7612075808041083,0.23748142351049495,11.888595540785548,95
3545,25.879858657243815,603.6749116607774,246.20848056537102,499.0,3.410265809775681,1377.8551236749117,Ezi_3_b2,Ezi RNAi,0.8537564396788664,0.2854880054018456,16.344696821520337,95
3546,25.967153284671532,579.1350364963504,249.3175182481752,402.0,2.7530935205521434,1313.587591240876,Ezi_3_b2,Ezi RNAi,0.8394159716995142,0.22710787342861827,15.843058324961156,95
3547,25.54054054054054,597.0608108108108,274.0067567567568,208.0,2.3579518398514123,1302.3783783783783,Ezi_3_b2,Ezi RNAi,0.7889648004890693,0.2783343661112545,13.624049707030863,95
3548,25.547169811320753,616.8490566037735,271.70754716981133,275.0,2.2453928107543066,1166.683962264151,Ezi_3_b2,Ezi RNAi,0.8000436058215079,0.32547604599822644,14.088164980715957,95
3549,29.094890510948904,597.0620437956204,284.3759124087591,451.0,2.906848772876839,1349.021897810219,Ezi_3_b2,Ezi RNAi,0.7648256433102758,0.2816136707033674,16.31065972138039,95
3550,29.96,548.84,303.22,409.0,2.1675816825080956,1353.108,Ezi_3_b2,Ezi RNAi,0.7077018653006282,0.17094158292252337,14.965618401773233,95
3551,28.819767441860463,698.9593023255813,353.9767441860465,307.0,3.1035389247697474,1380.9709302325582,Ezi_3_b2,Ezi RNAi,0.6376803740332526,0.5502808941383277,11.674645886516725,95
3552,22.64026402640264,672.4158415841584,284.1617161716172,362.0,2.2930491624689853,1157.6831683168316,Ezi_3_b2,Ezi RNAi,0.7889295608916278,0.4638896777842738,10.916285328190023,95
3553,22.187654320987654,691.5333333333333,298.7012345679012,642.0,2.8338550191973004,1351.0098765432099,Ezi_3_b2,Ezi RNAi,0.7618004504165778,0.5147697594763256,9.524718652314077,95
3554,20.0,724.4771241830065,308.5882352941176,0.0,2.777248176435386,1729.9673202614379,Ezi_3_b2,Ezi RNAi,0.7496365070353317,0.5976304213503472,6.975104076912942,95
3555,20.49808429118774,634.3716475095786,265.7471264367816,457.0,4.410764939347939,1481.8045977011495,Ezi_3_b2,Ezi RNAi,0.8196998454963751,0.3660044342001618,9.785592376585164,95
3556,19.68421052631579,676.880701754386,271.6561403508772,767.0,7.959982675422135,1405.8807017543859,Ezi_3_b2,Ezi RNAi,0.8191144580310679,0.47073139072499504,9.06255744108273,95
3557,19.57088122605364,573.3639846743295,194.03831417624522,693.0,8.838818942846911,1452.3639846743295,Ezi_3_b2,Ezi RNAi,0.963990894343385,0.19559773563302918,13.9508525788221,95
3558,19.33187772925764,542.0480349344978,203.2183406113537,507.0,6.678219934234114,1509.6026200873362,Ezi_3_b2,Ezi RNAi,0.9339647469456465,0.12275831133890858,12.531560792739306,95
3559,19.666666666666668,519.8875968992248,264.51937984496124,533.0,6.351434619440912,1145.406976744186,Ezi_3_b2,Ezi RNAi,0.7886281658443057,0.08865001668850514,7.508693430355176,95
3560,18.406779661016948,461.00564971751413,190.19774011299435,311.0,3.718244076654067,1891.5367231638418,Ezi_3_b2,Ezi RNAi,0.9395256735261757,-0.07744321884213956,11.586731310768059,95
3561,23.468309859154928,522.2288732394367,255.98591549295776,362.0,2.415604594075383,1642.2781690140846,Ezi_3_b2,Ezi RNAi,0.8079027689645397,0.0915740444832609,12.032620621135843,95
3562,25.36504854368932,372.1728155339806,239.15922330097087,786.0,2.2950894973246365,1495.6388349514564,Ezi_3_b2,Ezi RNAi,0.8010337967274823,-0.27682051916791195,13.27953028714516,95
3563,24.346456692913385,345.21259842519686,273.1968503937008,364.0,2.9165678097725256,1419.0669291338584,Ezi_3_b2,Ezi RNAi,0.7162120046967437,-0.3312073282075604,9.091916969444668,95
3564,25.84965034965035,315.0524475524476,280.5699300699301,431.0,2.875793039344793,1494.9965034965035,Ezi_3_b2,Ezi RNAi,0.6902839937950043,-0.4018368910201565,9.57341907655327,95
3565,28.374193548387098,348.43870967741935,256.40645161290325,261.0,2.6170173467655875,1548.1870967741936,Ezi_3_b2,Ezi RNAi,0.7543869750098351,-0.3287714991830274,14.534210872537873,95
3566,29.994565217391305,815.3315217391304,528.9402173913044,332.0,3.1499961457782133,1321.891304347826,Ezi_3_b2,Ezi RNAi,0.2761815429215606,0.8874844733214091,-0.01160231376908305,95
3567,20.641921397379914,413.69868995633186,195.92139737991266,428.0,5.05975135630625,1410.9257641921397,Ezi_3_b2,Ezi RNAi,0.9120957413779114,-0.19008536938976628,12.701574875382418,95
3568,20.951076320939336,398.3913894324853,185.13698630136986,980.0,4.363461507546623,1369.4657534246576,Ezi_3_b2,Ezi RNAi,0.9318884606133149,-0.23055169963668043,13.692017483027977,95
3569,23.0,441.48091603053433,217.26717557251908,0.0,2.3658156826802514,1374.7633587786258,Ezi_3_b2,Ezi RNAi,0.8716041281813904,-0.11609540965242093,13.66672039324339,95
3570,24.302158273381295,432.2326139088729,201.3621103117506,541.0,2.511957406552084,1454.1247002398081,Ezi_3_b2,Ezi RNAi,0.904591895407338,-0.14353920543205145,16.15109186703856,95
3571,24.979002624671917,332.50918635170603,196.29396325459317,569.0,2.6676396594932927,1688.015748031496,Ezi_3_b2,Ezi RNAi,0.886305088373885,-0.3864153865041844,15.89375902457982,95
3572,20.0,485.6732283464567,177.85433070866142,0.0,3.4124147109519694,1358.3700787401574,Ezi_3_b2,Ezi RNAi,0.9744747372674529,-0.021703511164178235,14.526444671330541,95
3573,20.0,563.5396825396825,187.4126984126984,0.0,2.5843006753653164,1421.6904761904761,Ezi_3_b2,Ezi RNAi,0.9759804309288869,0.16971888544150082,14.792012194099957,95
3574,16.997652582159624,357.34507042253523,265.1666666666667,852.0,4.177440531629702,1291.9953051643192,Ezi_3_b2,Ezi RNAi,0.739389730341423,-0.3043627620515068,2.5954411175450636,95
3575,19.755522827687777,341.7864506627393,255.10456553755523,1440.0,5.4028191606642135,1387.1708394698085,Ezi_3_b2,Ezi RNAi,0.757005147275583,-0.34522323495147533,5.9630462968616795,95
3576,22.512820512820515,330.61538461538464,293.18589743589746,250.0,3.187232110598484,1438.8974358974358,Ezi_3_b2,Ezi RNAi,0.6670026655772032,-0.36014954666090326,5.41827901023656,95
3577,23.20257826887661,307.1436464088398,307.2633517495396,770.0,2.6674193979915817,1431.9815837937385,Ezi_3_b2,Ezi RNAi,0.6280489135460419,-0.4124592910332281,4.626705224593946,95
3578,21.0,327.9488636363636,318.1875,0.0,3.5297206513541943,1315.3011363636363,Ezi_3_b2,Ezi RNAi,0.6099354830250596,-0.35863513625562804,1.8123595204761225,95
3579,21.72641509433962,362.1132075471698,262.14622641509436,275.0,2.5284585021973633,1190.372641509434,Ezi_3_b2,Ezi RNAi,0.7467350278591398,-0.2938192559437799,7.621342005988594,95
3580,21.0,369.8045977011494,240.1494252873563,0.0,2.4678810006067415,1371.655172413793,Ezi_3_b2,Ezi RNAi,0.7989251137761659,-0.2822063466956497,8.816023545451852,95
3581,21.0,353.06164383561645,229.81506849315068,0.0,2.683119943572052,1326.2465753424658,Ezi_3_b2,Ezi RNAi,0.8173322867428254,-0.3260007011846586,9.441836612698898,95
3582,20.53061224489796,291.91326530612247,326.6530612244898,392.0,4.71165811239401,1484.341836734694,Ezi_3_b2,Ezi RNAi,0.5801678308176201,-0.44311856282563233,0.15853815061266552,95
3583,19.559880239520957,301.90419161676647,348.374251497006,559.0,4.622743748787677,1315.4520958083833,Ezi_3_b2,Ezi RNAi,0.5341786583707426,-0.4120295979960389,-2.465267621733825,95
3584,18.866795366795365,244.72972972972974,333.0694980694981,1180.0,5.437060876220776,1398.0984555984555,Ezi_3_b2,Ezi RNAi,0.5519531091015786,-0.5552162381899993,-2.66740587910005,95
3585,17.916201117318437,295.6294227188082,262.4376163873371,1250.0,4.9758845681495885,1420.12104283054,Ezi_3_b2,Ezi RNAi,0.7270551549926132,-0.45454468424791983,2.9004980873070263,95
3586,14.997297297297298,331.0783783783784,241.77567567567567,443.0,1.9147704543542765,1406.1,Ezi_3_b2,Ezi RNAi,0.7848902691172512,-0.37533934615475983,2.1759841625866407,95
3587,14.603686635944701,305.35483870967744,247.2073732718894,260.0,2.4565024249718443,1446.2764976958526,Ezi_3_b2,Ezi RNAi,0.7650353203043498,-0.4358408796452008,0.9875127557004386,95
