label,centroid_x,centroid_y,centroid_z,area,aspherity,int_0,int_1,int_2,in_plane,sample,type,x_std,y_std,z_std,rotation,int_threshold
1,49.15144766146993,384.2867483296214,757.2015590200446,2414.0,1.4483044079075948,1355.3730512249442,2050.139755011136,1778.6998886414253,False,LacZ_3_b3,LacZ OE,-0.7287599310358317,-0.452596958107886,-27.76736978871041,80,750
2,47.809421841541756,388.67558886509636,768.0107066381156,1316.0,1.4267696624222952,1371.7002141327623,1630.3608137044969,2225.5985010706636,False,LacZ_3_b3,LacZ OE,-0.7648124816420458,-0.4353945067211241,-28.99741431604287,80,750
3,46.02315484804631,411.2344428364689,796.9971056439942,935.0,1.506994948993279,2375.603473227207,1791.0347322720695,2057.9464544138928,False,LacZ_3_b3,LacZ OE,-0.8601644951720356,-0.350253346501062,-30.51008058148959,80,750
4,50.30837438423645,415.6049261083744,787.4305418719212,1668.0,1.3261270575840234,1707.2748768472907,2093.1064039408866,1514.9014778325122,False,LacZ_3_b3,LacZ OE,-0.8271739530315294,-0.33561970920179196,-26.344508020353643,80,750
5,52.02072909220872,694.927090779128,728.6776268763402,2175.0,1.614260091084248,3220.288062902073,1524.3709792709078,2268.0285918513223,False,LacZ_3_b3,LacZ OE,-0.5960653032646556,0.6666118710369584,-25.987107527177926,80,750
6,52.868605817452355,393.4172517552658,769.6499498495486,1329.0,1.6249886442927233,1379.60481444333,1824.4764292878635,1697.100300902708,False,LacZ_3_b3,LacZ OE,-0.7696012329496676,-0.41801410494237123,-23.93164151460512,80,750
7,51.70334928229665,265.2334928229665,585.511004784689,1398.0,1.4573321464432452,301.777990430622,2035.6727272727273,155.83732057416267,False,LacZ_3_b3,LacZ OE,-0.16258767592452683,-0.9043140879158135,-26.87137537445188,80,750
8,50.890728476821195,694.1986754966888,388.26490066225165,851.0,1.551669381397689,357.8211920529801,1603.8261589403974,174.9503311258278,False,LacZ_3_b3,LacZ OE,0.5536981505936418,0.6214589288454873,-30.979415689214022,80,750
9,52.11134453781513,300.0451680672269,660.2289915966387,1280.0,1.386054446911446,297.921218487395,1568.795168067227,279.54306722689074,False,LacZ_3_b3,LacZ OE,-0.4109041300798163,-0.7691599512725213,-25.700983590985793,80,750
10,52.97684338817794,301.39488117001827,684.1072516758074,2342.0,1.6861317894371428,348.53869591712373,1576.765996343693,242.1560024375381,False,LacZ_3_b3,LacZ OE,-0.49137247825235886,-0.7612932072913572,-24.567814319037495,80,750
11,54.00635593220339,325.4925847457627,725.6536016949152,1383.0,1.4631192335250165,1758.4533898305085,2439.049788135593,2603.353813559322,False,LacZ_3_b3,LacZ OE,-0.6288629195274276,-0.6690005741872204,-23.126107205485653,80,750
12,52.4760147601476,422.98031980319803,794.4354243542435,1079.0,1.3289718834940971,1421.4428044280444,1934.311193111931,1374.8093480934808,False,LacZ_3_b3,LacZ OE,-0.8498920106393328,-0.30807175966186273,-24.115662256784425,80,750
13,50.752397558849175,577.460331299041,351.60156931124675,1508.0,1.6631807193372232,336.2066259808195,1715.795989537925,201.11508282476024,False,LacZ_3_b3,LacZ OE,0.6639232868011975,0.19495107190586425,-31.246418796862045,80,750
14,51.251577998196574,604.0982867448151,348.1704238052299,1500.0,1.9248313676066027,369.5798016230839,1652.58611361587,185.97565374211,False,LacZ_3_b3,LacZ OE,0.6786396981813134,0.2908040601995192,-30.8518238291773,80,750
15,53.128136200716845,317.51612903225805,657.260752688172,1404.0,1.599136005385222,381.57706093189967,1886.8413978494623,298.93817204301075,False,LacZ_3_b3,LacZ OE,-0.3988005893141111,-0.706377610651604,-24.760981402778235,80,750
16,52.8220640569395,347.3072360616845,737.9039145907474,1048.0,1.4423131988207103,2726.2313167259786,2020.9311981020167,2046.0462633451957,False,LacZ_3_b3,LacZ OE,-0.6677450654280139,-0.5886347383952188,-24.22498498700088,80,750
17,54.38127413127413,703.242277992278,408.7789575289575,1343.0,1.5212682276283118,312.4488416988417,1945.195945945946,155.26737451737452,False,LacZ_3_b3,LacZ OE,0.48559266211593455,0.6567332641099948,-27.278513614491132,80,750
18,54.556088207094916,286.71716203259825,423.98274209012465,1300.0,1.2209370637469479,320.5829338446788,1582.87631831256,148.69894534995206,False,LacZ_3_b3,LacZ OE,0.38566027834893024,-0.8468163024183688,-25.90531820914778,80,750
19,53.98663697104677,572.9309576837417,320.8184855233853,1122.0,1.526299235396903,380.13251670378617,1982.0857461024498,196.24276169265033,False,LacZ_3_b3,LacZ OE,0.7675032091114771,0.1747604469823294,-28.350675347315537,80,750
20,54.67195767195767,667.4423280423281,795.8656084656085,1273.0,1.4541377818968615,2641.858201058201,2757.316402116402,2036.3767195767196,False,LacZ_3_b3,LacZ OE,-0.826125218333925,0.5756839855855358,-22.50568804003411,80,750
21,60.29597197898424,707.1569176882662,492.1330998248687,4380.0,1.8002413879562893,345.8094570928196,1771.0318739054292,176.26514886164622,False,LacZ_3_b3,LacZ OE,0.204712883012786,0.6813357563469222,-20.427665373278273,80,750
22,56.02932761087268,713.0801144492132,464.5922746781116,2073.0,1.7799524501077282,369.90701001430614,1710.4527896995708,190.98640915593705,False,LacZ_3_b3,LacZ OE,0.29827001876388626,0.6992726933254056,-25.021237682675626,80,750
23,54.97596656217346,343.8578892371996,756.0407523510971,1403.0,1.4171311652043224,1672.773249738767,2246.698014629049,1608.0752351097178,False,LacZ_3_b3,LacZ OE,-0.7293292276901464,-0.5988206330311951,-21.85685343141536,80,750
24,55.21296296296296,389.35555555555555,752.6407407407407,871.0,1.5446391545169793,2427.364814814815,2238.538888888889,1918.825925925926,False,LacZ_3_b3,LacZ OE,-0.7125283963699843,-0.434800937139207,-21.770518646711977,80,750
25,54.52236135957066,587.8747763864043,333.1565295169946,1332.0,1.369825157592262,352.0661896243292,1708.3586762075133,204.17441860465115,False,LacZ_3_b3,LacZ OE,0.7275897798300293,0.23031681451770192,-27.711735703780505,80,750
26,55.00981354268891,617.3562315996074,341.6378802747792,1309.0,1.3048634710572296,347.48675171737,1711.6319921491659,184.78508341511287,False,LacZ_3_b3,LacZ OE,0.702397753640992,0.33793466414321727,-27.20064701073226,80,750
27,57.961108151305275,669.1337240277038,768.0282365476825,2474.0,1.3168388309998837,2600.9083644112948,1552.0138518913159,2087.5961640916357,False,LacZ_3_b3,LacZ OE,-0.7317680334079766,0.5783454110376527,-19.536919492948485,80,750
28,55.209514170040485,685.752024291498,412.07085020242914,1338.0,1.338681193540087,365.6508097165992,1619.081983805668,162.57186234817814,False,LacZ_3_b3,LacZ OE,0.47246487126788095,0.5939354209396963,-26.369887118777804,80,750
29,56.11776251226693,698.4720314033366,397.00883218842,1406.0,1.432227376093122,343.8243375858685,1877.2787046123651,162.54268891069677,False,LacZ_3_b3,LacZ OE,0.5248620872148524,0.6380352366316779,-25.664002309433876,80,750
30,56.55976916735367,726.9010717230008,647.1104699093157,1640.0,1.3468362446729538,1420.3388293487221,2299.5070074196205,3093.841714756801,False,LacZ_3_b3,LacZ OE,-0.3166320734459708,0.7720232665765243,-22.453023849474356,80,750
31,58.27592954990215,294.6174168297456,650.8385518590998,1395.0,1.5246123483233383,278.44716242661445,2050.3199608610566,177.66438356164383,False,LacZ_3_b3,LacZ OE,-0.3795787404398834,-0.7899040795153212,-19.630042219203546,80,750
32,57.410863509749305,313.3934540389972,674.816155988858,2007.0,1.3588312430783154,341.300139275766,1842.2193593314764,233.93871866295265,False,LacZ_3_b3,LacZ OE,-0.4584169922427501,-0.7190537987712198,-20.269110526502317,80,750
33,59.01914311759344,336.23336371923426,740.5123062898815,1686.0,1.5352112128577409,1659.3263445761168,2157.788514129444,2279.0154968094803,False,LacZ_3_b3,LacZ OE,-0.6776082332081471,-0.6282869872038597,-17.97144250295922,80,750
34,56.27480158730159,546.0426587301587,310.3611111111111,1387.0,1.421793645290061,383.51785714285717,1870.8382936507937,229.46031746031747,False,LacZ_3_b3,LacZ OE,0.7997798037137918,0.07628906100369615,-26.115151586576907,80,750
35,55.71889400921659,555.4350230414747,328.0267281105991,1428.0,1.5625074435922428,356.8774193548387,1515.668202764977,191.5483870967742,False,LacZ_3_b3,LacZ OE,0.7411805062028556,0.11243792252642848,-26.49362260231129,80,750
36,56.11405109489051,643.8613138686131,382.3284671532847,1524.0,1.7865525022220168,352.54379562043795,1511.7162408759125,184.85310218978103,False,LacZ_3_b3,LacZ OE,0.5680816981449928,0.43882199145617706,-25.699862916725408,80,750
37,56.86338797814208,652.0177595628415,389.948087431694,2007.0,1.7549250864088433,380.54234972677597,2116.1523224043717,181.12090163934425,False,LacZ_3_b3,LacZ OE,0.5433233996542808,0.4692590581113696,-24.884170354886948,80,750
38,59.88671519563239,679.5095541401274,731.6182893539582,2890.0,1.1421653296868666,1920.4995450409463,1553.8057324840765,1212.5718835304822,False,LacZ_3_b3,LacZ OE,-0.6074930098418554,0.6113142720119173,-18.050301361383177,80,750
39,58.25370370370371,725.8666666666667,588.8222222222222,958.0,1.485940154188262,520.187037037037,1585.4981481481482,456.4592592592593,False,LacZ_3_b3,LacZ OE,-0.11979336485808523,0.7610180746332613,-21.418312153598166,80,750
40,56.667073170731705,248.75243902439024,583.8560975609756,1067.0,1.6453561949221984,288.94268292682926,1674.8463414634145,153.8378048780488,False,LacZ_3_b3,LacZ OE,-0.15872801773943657,-0.9640511937943466,-21.886182799862354,80,750
41,57.01476793248945,291.15928270042195,552.8111814345991,1236.0,1.3916293845660013,292.954641350211,1840.3069620253164,161.57383966244726,False,LacZ_3_b3,LacZ OE,-0.04890071908817739,-0.8146542299148867,-21.99535484172327,80,750
42,56.8,303.7587982832618,598.1888412017167,1580.0,1.6007263166439711,302.2197424892704,1502.345922746781,169.4549356223176,False,LacZ_3_b3,LacZ OE,-0.20072224804837036,-0.7634504229790626,-21.726035881437546,80,750
43,57.51526032315979,393.689407540395,746.8958707360862,735.0,1.3590499839536105,1909.8258527827647,1739.310592459605,1002.3321364452423,False,LacZ_3_b3,LacZ OE,-0.692528168803811,-0.4198372723455246,-19.54426251188542,80,750
44,58.53853296193129,426.81151346332405,811.1383472609099,1768.0,1.5862690238965698,1503.3249767873724,1775.5738161559889,1291.531104921077,False,LacZ_3_b3,LacZ OE,-0.9056323233385136,-0.2920933661605126,-17.87338604314334,80,750
45,57.38621586475943,577.8777633289988,335.34980494148243,1052.0,1.4928470864130052,337.7139141742523,1803.219765929779,201.41352405721716,False,LacZ_3_b3,LacZ OE,0.7191256713640404,0.19447987831161218,-24.79855714181879,80,750
46,57.43557692307692,603.6740384615384,355.7288461538462,1373.0,1.3150721179343168,367.2913461538462,2286.35,211.54038461538462,False,LacZ_3_b3,LacZ OE,0.653297270616845,0.2902608971867475,-24.581398218540386,80,750
47,56.93043478260869,623.8365217391305,351.60521739130434,818.0,1.4269020950430762,364.7113043478261,2155.3617391304347,171.3582608695652,False,LacZ_3_b3,LacZ OE,0.6695587722360941,0.3626155463477123,-25.18297112615864,80,750
48,57.17325227963526,679.1413373860182,718.6565349544073,899.0,1.3843780276698954,1791.676291793313,1940.0866261398176,1739.810030395137,False,LacZ_3_b3,LacZ OE,-0.5638568257316154,0.6083444127592454,-20.909809078764795,80,750
49,59.28320090805902,675.671963677639,383.13904653802496,2270.0,1.3758540249256237,357.35357548240637,1543.934165720772,163.6606129398411,False,LacZ_3_b3,LacZ OE,0.5691763122485947,0.5539203860974624,-22.600068163020573,80,750
50,58.72495446265938,282.1648451730419,434.9663023679417,1506.0,1.316296850436296,319.09380692167576,2273.448087431694,166.38888888888889,False,LacZ_3_b3,LacZ OE,0.3481886235617222,-0.8618669118125379,-21.60084253418009,80,750
51,57.47519294377067,282.7067254685777,448.18081587651596,1237.0,1.513299751696637,332.2227122381477,1641.657111356119,157.59536934950387,False,LacZ_3_b3,LacZ OE,0.3035657745444347,-0.8582674752051084,-22.701850394532485,80,750
52,57.21875,295.5486111111111,671.9756944444445,607.0,1.8448870104461206,309.50694444444446,1766.267361111111,192.16319444444446,False,LacZ_3_b3,LacZ OE,-0.4509108674642135,-0.783906699569551,-20.449506575892116,80,750
53,58.54577464788732,315.7042253521127,647.2676056338029,1515.0,1.4655074212372787,315.44806338028167,1885.088028169014,258.8776408450704,False,LacZ_3_b3,LacZ OE,-0.36504641400428217,-0.714133814544568,-19.452682829592007,80,750
54,59.99007936507937,319.17857142857144,691.5218253968254,1502.0,1.5355235170651773,464.55059523809524,1871.8809523809523,288.5982142857143,False,LacZ_3_b3,LacZ OE,-0.5140732599698408,-0.6960390518969868,-17.514682566727288,80,750
55,59.79886685552408,323.3305004721435,716.8356940509915,1392.0,1.379879693754117,633.5042492917847,2321.3484419263455,489.62889518413596,False,LacZ_3_b3,LacZ OE,-0.5991049872364962,-0.6778728651495525,-17.428758359356223,80,750
56,57.958653846153844,347.7067307692308,727.6615384615385,1256.0,1.3995539856534869,2145.5942307692308,1892.8557692307693,1785.8413461538462,False,LacZ_3_b3,LacZ OE,-0.6329019403930062,-0.5884314978868996,-19.205991401924095,80,750
57,57.26996197718631,423.49049429657794,781.6026615969582,730.0,1.446923243117139,1150.6140684410645,2276.680608365019,1296.2851711026617,False,LacZ_3_b3,LacZ OE,-0.8062990564259159,-0.30779454813118967,-19.468965349582803,80,750
58,59.11517367458867,626.4341864716636,372.42733089579525,2979.0,1.5489911264656169,440.1892138939671,2285.639853747715,176.3660877513711,False,LacZ_3_b3,LacZ OE,0.5996104123824557,0.3746209829767413,-22.768415929526498,80,750
59,58.097972972972975,661.3842905405405,808.0244932432432,1603.0,1.557418081201476,2340.7744932432433,1803.8285472972973,1733.8724662162163,False,LacZ_3_b3,LacZ OE,-0.8677713633826338,0.5553324582755241,-18.926963315881622,80,750
60,60.46026234567901,699.0096450617284,440.2758487654321,4346.0,1.7060262470992962,344.06597222222223,1945.966049382716,192.56057098765433,False,LacZ_3_b3,LacZ OE,0.3789393910952952,0.6454141528142578,-20.831976122098162,80,750
61,58.727053140096615,246.743961352657,567.9975845410628,621.0,1.4305259675883695,330.79468599033817,1999.855072463768,168.68357487922705,False,LacZ_3_b3,LacZ OE,-0.10531366570383505,-0.9732754901673457,-20.001412473014625,80,750
62,56.925581395348836,266.90697674418607,586.1116279069768,642.0,1.8625423387045672,293.2418604651163,1719.8976744186045,176.95348837209303,False,LacZ_3_b3,LacZ OE,-0.16421959632241367,-0.898151512062947,-21.646799040396544,80,750
63,59.142980189491816,267.74849267872526,451.2532299741602,1578.0,1.3731229168114902,325.38845822566753,2201.891472868217,164.71920757967268,False,LacZ_3_b3,LacZ OE,0.2915071276839811,-0.9119349437823875,-20.962460530578596,80,750
64,59.976555455365194,285.85482416591526,537.9377817853922,1385.0,1.5543830389490783,311.9449954914337,1881.6672678088369,152.34355275022543,False,LacZ_3_b3,LacZ OE,0.0008363953316932182,-0.8356614392383435,-19.1895380722693,80,750
65,61.305504587155966,298.92935779816514,441.2082568807339,1765.0,1.8438060162544312,373.66697247706423,2338.8899082568805,203.28899082568807,False,LacZ_3_b3,LacZ OE,0.3291587469686976,-0.8004759921200466,-18.990898514474495,80,750
66,59.36590436590436,300.1133056133056,616.6081081081081,1215.0,1.3748215525587013,282.33887733887735,2034.1985446985448,176.87318087318087,False,LacZ_3_b3,LacZ OE,-0.26326739783421615,-0.774306894803052,-18.942241216533432,80,750
67,58.738255033557046,307.29664429530203,701.6953020134229,1098.0,1.566410807870233,335.76241610738253,2045.0845637583893,210.4,False,LacZ_3_b3,LacZ OE,-0.5498728244126908,-0.737722856575993,-18.621676218646826,80,750
68,59.343537414965986,460.03231292517006,334.58673469387753,936.0,1.6772600921527767,369.34183673469386,2354.906462585034,191.5748299319728,False,LacZ_3_b3,LacZ OE,0.7080338941455171,-0.23153038303614093,-22.55980262137755,80,750
69,61.298500881834215,501.72310405643736,302.74559082892415,3602.0,1.7009600624519983,407.43386243386243,1916.5145502645503,202.45723104056438,False,LacZ_3_b3,LacZ OE,0.820529376717068,-0.08480885907096569,-21.069089250079323,80,750
70,59.962937062937065,549.3,327.44475524475524,1965.0,1.8825391916188647,358.92657342657344,2422.744755244755,209.56573426573428,False,LacZ_3_b3,LacZ OE,0.7425947750724069,0.09022315132026582,-22.241362909440156,80,750
71,58.82366589327146,659.2320185614849,783.0580046403712,629.0,1.8032897509597712,2331.5522041763343,2339.4941995359627,1905.8213457076565,False,LacZ_3_b3,LacZ OE,-0.7836591824678528,0.5444410276944032,-18.47942461081726,80,750
72,58.751732101616625,670.7367205542726,754.9237875288684,1163.0,1.5277682597286346,2607.3579676674367,2078.757505773672,2419.296766743649,False,LacZ_3_b3,LacZ OE,-0.6872845441193323,0.5825085263072403,-18.8990511866795,80,750
73,60.62581344902386,688.3156182212581,720.0010845986985,1438.0,1.7924919154988437,2677.094360086768,2593.0119305856833,2326.6702819956618,False,LacZ_3_b3,LacZ OE,-0.5671951901316297,0.6416968294322776,-17.464812441818395,80,750
74,58.83969465648855,690.5358778625954,710.1053435114504,1139.0,1.5292012127857693,2375.0442748091605,1975.6305343511451,2704.297709923664,False,LacZ_3_b3,LacZ OE,-0.5335780634444058,0.6484723514435218,-19.368609741050392,80,750
75,59.588300220750554,702.1037527593819,739.3123620309051,1364.0,1.4671445954394449,1389.2395143487859,2030.9238410596026,1383.630242825607,False,LacZ_3_b3,LacZ OE,-0.6308593239670153,0.6939352639293723,-18.317001785130017,80,750
76,59.10871369294606,725.4132780082988,699.4298755186722,1537.0,1.3225990921991126,2400.273029045643,1528.8597510373445,1596.359336099585,False,LacZ_3_b3,LacZ OE,-0.49343867930348173,0.7731988055325227,-19.306686114491157,80,750
77,61.15965665236052,721.3596566523605,678.2068669527897,1649.0,1.308597305620126,2787.708154506438,2470.708154506438,2849.581974248927,False,LacZ_3_b3,LacZ OE,-0.42214229599945485,0.7559127303529478,-17.48681025440783,80,750
78,60.55270655270655,728.0769230769231,653.4814814814815,1208.0,1.7530285276337831,1898.4814814814815,2186.327635327635,2403.363247863248,False,LacZ_3_b3,LacZ OE,-0.33786152581091355,0.7770986689706327,-18.390931483810192,80,750
79,58.56923076923077,730.6384615384616,716.1876923076923,954.0,1.4795738503707228,1557.8461538461538,1771.9446153846154,1218.0984615384616,False,LacZ_3_b3,LacZ OE,-0.5494568946103275,0.7941729512109668,-19.668775598100652,80,750
80,59.351063829787236,736.2650709219859,690.0328014184397,1538.0,1.3638374941365305,1954.450354609929,1568.6028368794325,1190.6462765957447,False,LacZ_3_b3,LacZ OE,-0.4604209029841423,0.811248793524348,-19.197748271891044,80,750
81,61.32918660287081,238.36172248803828,596.4401913875598,1405.0,1.51811966396552,327.6832535885167,1936.9492822966506,165.93205741626795,False,LacZ_3_b3,LacZ OE,-0.20226808102336324,-1.0,-17.055946177389146,80,750
82,60.244087038789026,257.1948912015137,560.7199621570483,1366.0,1.4650573329267333,307.8817407757805,1602.371807000946,172.55723746452225,False,LacZ_3_b3,LacZ OE,-0.07945276802096968,-0.9364001208590856,-18.592830777959435,80,750
83,59.58587987355111,258.9378292939937,573.8904109589041,1364.0,1.6059846284335721,279.0094836670179,1598.2413066385668,183.26765015806112,False,LacZ_3_b3,LacZ OE,-0.12376382868682712,-0.9284607685226448,-19.10578232727488,80,750
84,61.80946035976016,265.5909393737508,582.7041972018654,2132.0,1.580198409107123,315.5423051299134,2008.8647568287809,162.67954696868753,False,LacZ_3_b3,LacZ OE,-0.1526743285814567,-0.9032970535572598,-16.798687725585367,80,750
85,60.145664739884396,329.67052023121386,728.5167630057804,1115.0,1.3448415912983034,1113.0115606936415,2391.774566473988,2741.590751445087,False,LacZ_3_b3,LacZ OE,-0.6378100075669364,-0.6534967258328961,-16.965000861988628,80,750
86,60.597908745247146,386.2205323193916,753.9448669201521,1290.0,1.4545787696623507,2735.485741444867,1885.7214828897338,2083.105513307985,False,LacZ_3_b3,LacZ OE,-0.7170912621444447,-0.44592870816736363,-16.363411564500524,80,750
87,59.418727915194346,388.60689045936397,769.2606007067138,1370.0,1.4628224525583586,1742.6263250883392,1958.7349823321554,1062.0097173144877,False,LacZ_3_b3,LacZ OE,-0.7685940377382937,-0.43539982773237373,-17.37453413885102,80,750
88,60.181184668989545,397.6562137049942,337.588850174216,1258.0,1.6102482694874853,321.06271777003485,1537.6178861788617,173.99767711962835,False,LacZ_3_b3,LacZ OE,0.6906500186459636,-0.45659556185578565,-21.534515144499316,80,750
89,61.110217216411904,404.7385358004827,777.0691874497185,1695.0,1.5711973012699267,757.0217216411907,1724.0619469026549,422.2461786001609,False,LacZ_3_b3,LacZ OE,-0.7930240594453818,-0.37610729266911236,-15.634248807711018,80,750
90,61.2851282051282,420.0338461538461,787.3825641025641,1244.0,1.4109647587130711,1497.3712820512822,2069.0871794871796,1012.454358974359,False,LacZ_3_b3,LacZ OE,-0.8260712372741444,-0.3195360734052817,-15.379946775915883,80,750
91,60.25942028985507,420.8014492753623,775.6,896.0,1.52208782138822,1158.4333333333334,1552.3420289855073,754.695652173913,False,LacZ_3_b3,LacZ OE,-0.7862205988509929,-0.3182408389072602,-16.54122510454245,80,750
92,59.66453674121406,429.6373801916933,331.970447284345,1994.0,1.6382570307545925,383.75,1727.7987220447285,201.72044728434506,False,LacZ_3_b3,LacZ OE,0.7133388072253399,-0.3417113233262782,-22.193667687093416,80,750
93,59.03453689167975,497.6138147566719,316.19309262166405,841.0,1.463276241643325,396.31083202511775,2207.414442700157,230.48194662480375,False,LacZ_3_b3,LacZ OE,0.7745378325015222,-0.09799867061916201,-23.170131616597516,80,750
94,59.703960396039605,617.6514851485149,384.7841584158416,1377.0,1.706015346415486,408.16039603960394,1632.791089108911,182.29207920792078,False,LacZ_3_b3,LacZ OE,0.5568682218873424,0.3444251701198404,-22.017771203974497,80,750
95,58.834400731930465,661.1884720951509,370.3952424519671,1422.0,1.568825052749467,365.07776761207685,1604.593778591034,158.71820677035683,False,LacZ_3_b3,LacZ OE,0.610517421637282,0.49997776002124406,-23.157829105963835,80,750
96,60.429537767756486,668.7745208568208,785.9098083427283,1181.0,1.5059403525341672,2169.602029312289,2219.7260428410373,1479.6899661781285,False,LacZ_3_b3,LacZ OE,-0.7921173509020107,0.5792987192765742,-16.864790015764058,80,750
97,61.45504087193461,717.7193460490463,637.6630336058129,1512.0,1.4801742256894448,691.9972752043597,1725.2479564032697,2234.692098092643,False,LacZ_3_b3,LacZ OE,-0.2856010399770328,0.7376945052977546,-17.6427119487698,80,750
98,60.89705882352941,720.4607843137255,474.0367647058824,1131.0,1.3916647883814364,340.26348039215685,1866.4436274509803,161.81495098039215,False,LacZ_3_b3,LacZ OE,0.2674160569278623,0.7271645859478393,-20.064803150899266,80,750
99,61.9593220338983,718.9110169491526,523.1813559322034,1785.0,1.3767079672954612,373.435593220339,1547.0983050847458,191.3957627118644,False,LacZ_3_b3,LacZ OE,0.10126910250918564,0.7277085261978129,-18.440932552092733,80,750
100,60.97690086621752,720.3695861405197,739.6977863330125,1344.0,1.464026450057027,670.4321462945139,1535.0615976900867,641.8585178055823,False,LacZ_3_b3,LacZ OE,-0.6299771644473846,0.7600121156005506,-16.96910435349558,80,750
101,59.806629834254146,726.8250460405156,624.8075506445672,1746.0,1.5019427340264115,1463.1012891344383,2380.3701657458564,2649.673112338858,False,LacZ_3_b3,LacZ OE,-0.2411776884498299,0.7689875304826788,-19.459365440776125,80,750
102,60.25776397515528,738.2406832298136,655.1909937888199,1027.0,1.4796397997486306,1518.3680124223602,1687.9596273291925,1943.5962732919254,False,LacZ_3_b3,LacZ OE,-0.34246208388459876,0.8140448983266049,-18.691479788478077,80,750
103,61.003460207612456,250.7941176470588,588.5190311418685,759.0,1.4770171340281497,300.0968858131488,2376.6608996539794,157.73875432525952,False,LacZ_3_b3,LacZ OE,-0.17407343823735533,-0.9560571655070143,-17.502185451679665,80,750
104,60.730192719486084,257.2933618843683,593.7665952890792,749.0,1.3838317497808004,304.423982869379,2110.2612419700213,152.22483940042827,False,LacZ_3_b3,LacZ OE,-0.19105188188525113,-0.9319136162221526,-17.731873231591564,80,750
105,61.70030272452069,272.86579212916246,425.61957618567106,1422.0,1.5207911379141814,332.3975782038345,1638.3824419778002,160.74873864783046,False,LacZ_3_b3,LacZ OE,0.37879160529290234,-0.8966215221787832,-18.708892396297344,80,750
106,61.27745664739884,292.5019267822736,454.6040462427746,1430.0,1.5848736613293921,333.45568400770713,1566.3179190751446,168.46724470134876,False,LacZ_3_b3,LacZ OE,0.2831578887410382,-0.8220340032109945,-18.851053618117902,80,750
107,62.901739130434784,299.9704347826087,699.0452173913044,1618.0,1.7440256197006072,314.8,2125.113043478261,181.74434782608697,False,LacZ_3_b3,LacZ OE,-0.5416146557414112,-0.7645018161273548,-14.470512487367031,80,750
108,63.215669014084504,316.50880281690144,664.3477112676056,1914.0,1.847809242900135,287.3617957746479,1615.4049295774648,190.49911971830986,False,LacZ_3_b3,LacZ OE,-0.4224676403196639,-0.7090578594754591,-14.591201052710801,80,750
109,61.0572864321608,324.18994974874374,388.25125628140705,1278.0,1.8226857288065001,387.89849246231154,1957.9477386934673,210.15778894472362,False,LacZ_3_b3,LacZ OE,0.5109807536567557,-0.7157917500149908,-19.902449800318294,80,750
110,61.60720411663808,332.0497427101201,752.2650085763294,1409.0,1.4251162633876289,968.278730703259,2199.1955403087477,935.8121783876501,False,LacZ_3_b3,LacZ OE,-0.717696069909608,-0.6419207948465309,-15.23984257833962,80,750
111,60.75230898404702,345.28715365239293,751.9823677581863,1532.0,1.4468917024508814,1442.9084802686818,2323.850545759866,1344.2267002518893,False,LacZ_3_b3,LacZ OE,-0.7152303998250478,-0.5941184253186831,-16.130489200786172,80,750
112,61.32990654205607,365.5018691588785,760.1457943925234,1365.0,1.4203925646037774,1779.277570093458,1694.4121495327104,1340.007476635514,False,LacZ_3_b3,LacZ OE,-0.740425849902669,-0.5200324449244753,-15.510048207864102,80,750
113,61.74273858921162,377.5622406639004,757.8630705394191,1277.0,1.3364661455679039,1808.240663900415,2484.317427385892,2417.0746887966807,False,LacZ_3_b3,LacZ OE,-0.731292336459505,-0.47672454563898226,-15.152858230626634,80,750
114,60.68284789644013,425.90453074433657,798.584142394822,1080.0,1.5252658224859605,1078.1909385113267,1774.1132686084143,675.6084142394822,False,LacZ_3_b3,LacZ OE,-0.8632479775692843,-0.2969232386579177,-15.869490490635883,80,750
115,62.147619047619045,514.3345238095238,318.38928571428573,2247.0,1.5002566402618367,366.3297619047619,2345.2107142857144,202.0702380952381,False,LacZ_3_b3,LacZ OE,0.7691897400455614,-0.037267331836052575,-20.073508867512203,80,750
116,60.87609756097561,516.969756097561,295.18634146341464,1306.0,1.5783031248080095,405.4643902439024,1732.0390243902439,211.5590243902439,False,LacZ_3_b3,LacZ OE,0.8478260161299234,-0.030649963741455122,-21.614821599830336,80,750
117,60.06427015250544,535.3169934640523,321.51416122004355,1165.0,1.585968115429243,417.2821350762527,2240.251633986928,229.04901960784315,False,LacZ_3_b3,LacZ OE,0.7610009320748339,0.038944403270953165,-22.172920476174696,80,750
118,60.237464522232735,548.9451277199621,345.968779564806,1367.0,1.562545221306605,370.04446546830656,1678.480605487228,211.66225165562915,False,LacZ_3_b3,LacZ OE,0.6799910399317102,0.09125592468812149,-21.755705481991342,80,750
119,60.41019955654102,568.5465631929046,344.43237250554324,1189.0,1.396095735749074,375.70953436807093,1704.3070953436807,218.67849223946786,False,LacZ_3_b3,LacZ OE,0.6874738258055111,0.1619109483167369,-21.648696495782858,80,750
120,61.13187772925764,571.153711790393,328.55807860262007,1555.0,1.6752930739670795,333.48034934497815,2516.285589519651,226.19126637554587,False,LacZ_3_b3,LacZ OE,0.7414281275450365,0.16935695468036038,-21.113684070618966,80,750
121,62.608436724565756,591.7305210918114,373.50521091811413,2509.0,1.7616532991607778,413.10322580645163,1518.8382133995037,207.17071960297767,False,LacZ_3_b3,LacZ OE,0.5920566736492814,0.24935204129141142,-19.177685683295564,80,750
122,61.24809885931559,608.3593155893536,345.41730038022814,1349.0,1.6526964796640862,362.27186311787074,2451.980988593156,217.33269961977186,False,LacZ_3_b3,LacZ OE,0.6888227674392324,0.30593572273627045,-20.89772325995903,80,750
123,61.834881320949435,659.8163054695563,527.7585139318885,1203.0,1.3600431063177572,391.15892672858615,1788.1537667698658,224.14138286893706,False,LacZ_3_b3,LacZ OE,0.07891039340871986,0.5146927851564389,-18.367870445976536,80,750
124,61.46213292117465,665.419629057187,425.3006182380216,1820.0,1.4346478510989622,359.02472952086555,1532.1986089644513,161.32380216383308,False,LacZ_3_b3,LacZ OE,0.42564565486290973,0.5221468748582534,-19.917439009506836,80,750
125,60.477489768076396,680.9699863574352,452.87039563437924,1306.0,1.6418786027725827,377.27148703956345,1500.555252387449,187.656207366985,False,LacZ_3_b3,LacZ OE,0.3342924256313371,0.581786265202068,-20.627355863430445,80,750
126,60.69748743718593,705.686432160804,402.3346733668342,1335.0,1.5047812680920687,310.6904522613065,1797.348743718593,164.91859296482411,False,LacZ_3_b3,LacZ OE,0.5078901337167359,0.6648096769085721,-21.041897784537454,80,750
127,61.29816513761468,739.1032110091743,713.566513761468,823.0,1.6073437630594167,1107.165137614679,1553.144495412844,653.3532110091743,False,LacZ_3_b3,LacZ OE,-0.5395100004496299,0.8244602360062268,-16.990626288792754,80,750
128,61.766666666666666,738.8604938271604,672.4691358024692,1274.0,1.4363681510441704,1927.1617283950618,1969.2555555555555,2151.5913580246915,False,LacZ_3_b3,LacZ OE,-0.4006959373917912,0.8184541233524785,-16.988073398237006,80,750
129,62.399461400359066,287.67235188509875,423.9479353680431,1466.0,1.5461002115099096,311.0457809694794,2283.399461400359,191.90035906642728,False,LacZ_3_b3,LacZ OE,0.3861922858520823,-0.8433095991555783,-18.0652216758361,80,750
130,64.01703940362087,289.9275825346113,518.6592119275825,1401.0,1.4498306054511865,334.03194888178916,1508.4110756123537,158.47710330138446,False,LacZ_3_b3,LacZ OE,0.06658928239315176,-0.8233185673576515,-15.378196700611028,80,750
131,61.06341463414634,307.1707317073171,637.2548780487805,1297.0,1.5580469726106754,291.60243902439026,2110.1146341463414,281.1841463414634,False,LacZ_3_b3,LacZ OE,-0.3321221144187919,-0.7462080561637812,-17.027855571540357,80,750
132,63.57216494845361,314.7585910652921,511.63917525773195,1666.0,1.530933286775301,406.61254295532643,1568.1288659793815,180.79553264604812,False,LacZ_3_b3,LacZ OE,0.09318150731256125,-0.7344516966231951,-15.963881948240925,80,750
133,62.43384338433843,354.979297929793,774.954095409541,1432.0,1.3983795787118918,1109.4194419441944,1994.6453645364536,627.5184518451845,False,LacZ_3_b3,LacZ OE,-0.7916319872326174,-0.5562066785960535,-14.212175428278854,80,750
134,64.61555654894948,374.84532856504245,771.4684845775593,3248.0,1.5287628901251156,1410.4000894054536,2256.619132767099,1246.1703173893607,True,LacZ_3_b3,LacZ OE,-0.7774564409132767,-0.48482371386287804,-12.119101768565471,80,750
135,61.78220338983051,393.0915254237288,733.5338983050848,1405.0,1.6165511817951717,1214.5169491525423,1709.0220338983052,1625.9940677966101,False,LacZ_3_b3,LacZ OE,-0.6472971782139579,-0.423634950852257,-15.427812603168562,80,750
136,61.25052854122622,592.791754756871,354.8128964059197,1193.0,1.423884831219676,399.6596194503171,2244.3255813953488,232.9862579281184,False,LacZ_3_b3,LacZ OE,0.6552694134828243,0.25084314994843737,-20.75030069463574,80,750
137,61.550611790878754,616.1690767519466,359.6941045606229,1107.0,1.6293739735300061,411.5928809788654,3039.5494994438263,220.99332591768632,False,LacZ_3_b3,LacZ OE,0.6415192357310051,0.3359477902544554,-20.45240201589165,80,750
138,62.250252270433904,628.4177598385469,356.31483350151365,1330.0,1.4408094099052853,354.85570131180623,2574.3097880928353,211.74369323915238,False,LacZ_3_b3,LacZ OE,0.6543898589038346,0.3798015117611524,-19.82133412407184,80,750
139,61.06258890469417,640.1081081081081,348.0554765291607,1143.0,1.7254812385185228,356.56187766714083,1535.162162162162,174.87339971550497,False,LacZ_3_b3,LacZ OE,0.683607058681373,0.4210136752403211,-21.131463747816106,80,750
140,61.590625,645.8385416666666,382.0104166666667,1335.0,1.5424268085066881,406.18645833333335,2550.9729166666666,191.56666666666666,False,LacZ_3_b3,LacZ OE,0.5695982512356876,0.44596956766995555,-20.232138278986767,80,750
141,61.829268292682926,648.2373983739838,409.3951219512195,1045.0,1.81350473476459,334.6943089430894,2126.8260162601628,199.6520325203252,False,LacZ_3_b3,LacZ OE,0.47738350857333267,0.45806144253403924,-19.688562847349147,80,750
142,61.888888888888886,658.5821462488129,760.707502374169,1367.0,1.4537009498917841,2324.322886989554,1847.2991452991453,2604.127255460589,False,LacZ_3_b3,LacZ OE,-0.7081180136933265,0.5393239320997267,-15.666518499849019,80,750
143,63.01147227533461,667.5363288718929,745.6988527724666,1582.0,1.5801010877253139,2121.8757170172084,2303.619502868069,1457.1252390057361,False,LacZ_3_b3,LacZ OE,-0.6563320220506185,0.5698211715603498,-14.736432914192164,80,750
144,63.04912998976459,675.9477993858751,464.7103377686796,1468.0,1.2892373116612017,354.5639713408393,1751.7697031729786,182.23643807574206,False,LacZ_3_b3,LacZ OE,0.2938114571728898,0.5651323947584674,-17.909120109409173,80,750
145,63.350831146106735,683.3700787401575,749.1329833770778,1780.0,1.5431076933106767,1902.9133858267717,2067.8372703412074,898.4566929133858,False,LacZ_3_b3,LacZ OE,-0.6660723990695111,0.6274806061754501,-14.3971095611696,80,750
146,64.52853881278538,731.5513698630137,477.5079908675799,1625.0,1.5714930115605026,337.31392694063925,1621.3458904109589,181.03310502283105,False,LacZ_3_b3,LacZ OE,0.25712433958229886,0.7677100406622097,-16.421478333992724,80,750
147,63.028545941123994,738.5700267618198,703.4049955396968,1965.0,1.6102514402178263,1574.7823371989296,2017.148974130241,1182.7966101694915,False,LacZ_3_b3,LacZ OE,-0.505180388469239,0.8212770938694693,-15.374397063750266,80,750
148,63.044117647058826,248.40271493212668,578.3088235294117,1155.0,1.304406234081955,280.18099547511315,2291.0033936651585,166.2816742081448,False,LacZ_3_b3,LacZ OE,-0.13978410413733589,-0.9659602376606053,-15.571676841710044,80,750
149,62.67762326169406,274.5423514538559,444.70922882427305,1305.0,1.7514463498628359,323.8862199747156,2428.2566371681414,185.9519595448799,False,LacZ_3_b3,LacZ OE,0.31454130402778113,-0.8881706345306939,-17.51907156359401,80,750
150,62.63763608087092,290.6594090202177,579.7667185069985,933.0,1.482378476353711,318.7496111975117,1598.724727838258,242.1601866251944,False,LacZ_3_b3,LacZ OE,-0.1397958393419949,-0.8130525556545416,-16.065650545127028,80,750
151,63.32871652816251,303.477377654663,592.9390581717452,1573.0,1.6834581232965993,297.4376731301939,1644.0360110803324,167.15143120960295,False,LacZ_3_b3,LacZ OE,-0.18276941334480823,-0.765074310462745,-15.256659365850808,80,750
152,63.629629629629626,311.7354497354497,613.5123456790124,1537.0,1.4745818352867774,315.68606701940035,1859.2116402116403,176.4100529100529,False,LacZ_3_b3,LacZ OE,-0.25128982930547505,-0.7326555978626481,-14.742567723991542,80,750
153,64.19157088122606,309.86590038314176,711.7535121328225,2112.0,1.605490629226302,351.6883780332056,1633.2375478927204,199.19795657726692,True,LacZ_3_b3,LacZ OE,-0.5833384522890237,-0.7271398637947788,-13.060880509313307,80,750
154,64.06244087038789,319.2771996215705,696.3434247871334,1566.0,1.6031307837402582,499.33112582781456,2245.797540208136,234.8476821192053,False,LacZ_3_b3,LacZ OE,-0.530191472953407,-0.6950499653751061,-13.388106553089031,80,750
155,63.67936802973978,320.9581784386617,422.0306691449814,1402.0,1.3250758141089802,404.1691449814126,2169.8698884758364,197.7472118959108,False,LacZ_3_b3,LacZ OE,0.3966004539842667,-0.7232342640745728,-16.889140683129696,80,750
156,65.33658536585367,324.6016260162602,636.1528455284553,1554.0,1.3063972881875971,310.090243902439,2043.270731707317,222.260162601626,True,LacZ_3_b3,LacZ OE,-0.32620136281423673,-0.6833131000786661,-12.810411176486113,80,750
157,64.16935483870968,341.47479838709677,377.4556451612903,1441.0,1.3740183232696999,361.58770161290323,1647.0715725806451,192.7328629032258,False,LacZ_3_b3,LacZ OE,0.5495838913632745,-0.6546439009909499,-16.955705884812843,80,750
158,64.31108930323848,386.4288518155054,380.97546614327774,1365.0,1.720264996968937,379.60255152109914,1692.990186457311,221.79784102060844,False,LacZ_3_b3,LacZ OE,0.5429428927154039,-0.49172553224818427,-16.884737686055246,80,750
159,62.21183800623053,607.2149532710281,371.4839044652129,1353.0,1.525837416472378,359.601246105919,2078.793354101765,211.5171339563863,False,LacZ_3_b3,LacZ OE,0.6006752323658127,0.3050621351492031,-19.635337094050314,80,750
160,62.73826173826174,613.2637362637363,397.61738261738265,1248.0,1.511797941034161,400.9300699300699,1733.026973026973,196.52347652347652,False,LacZ_3_b3,LacZ OE,0.513123883936148,0.33019186026228153,-18.827192830021133,80,750
161,63.64952380952381,615.4266666666666,380.05333333333334,727.0,1.5233547671205367,377.6609523809524,2098.16,185.1904761904762,False,LacZ_3_b3,LacZ OE,0.5727415822545743,0.3358227228916286,-18.120696458187965,80,750
162,62.716937354988396,646.2041763341067,396.8967517401392,1278.0,1.7445454628206734,360.5150812064965,3217.364269141531,193.69489559164734,False,LacZ_3_b3,LacZ OE,0.5193993390307636,0.44915856347122873,-18.937820910817535,80,750
163,63.196573489630296,652.0784490532011,366.36609558160507,1559.0,1.4881874305673317,390.9053201082056,1946.643823264202,165.0171325518485,False,LacZ_3_b3,LacZ OE,0.6232335926517347,0.4665808166122556,-18.819251339220713,80,750
164,63.009574468085106,656.2234042553191,438.4531914893617,1352.0,1.7903754071278002,392.72872340425533,1750.4521276595744,185.27234042553192,False,LacZ_3_b3,LacZ OE,0.38020429231930275,0.4905630110966379,-18.198152848979205,80,750
165,64.42749173358526,686.8946622579122,426.1709966934341,3444.0,1.6953754339531617,355.2153991497402,1519.2394898441191,177.90741615493624,False,LacZ_3_b3,LacZ OE,0.42532489532685336,0.5998951225422886,-16.995288391703454,80,750
166,64.34096692111959,702.2931297709923,716.6880407124681,2792.0,1.5911501260169962,1596.0178117048347,1975.296183206107,987.3781170483461,False,LacZ_3_b3,LacZ OE,-0.5542301324819614,0.6918299065943456,-13.821940935021658,80,750
167,64.41352063213346,698.0860403863038,567.9806848112379,1595.0,1.4555301003314574,603.2475856014047,1870.5917471466198,1286.281826163301,False,LacZ_3_b3,LacZ OE,-0.05239424107687907,0.6580537142383192,-15.427074966715708,80,750
168,63.098993288590606,713.8758389261745,461.5469798657718,916.0,1.5258964213046444,300.7986577181208,1860.8859060402685,181.28859060402684,False,LacZ_3_b3,LacZ OE,0.3089227683925182,0.7018212904251178,-17.98857714310023,80,750
169,65.23981373690337,719.9150174621653,617.3242142025612,2443.0,1.5491248211291817,1403.091385331781,1768.9819557625146,2143.4452852153668,False,LacZ_3_b3,LacZ OE,-0.2164955136089527,0.7431186880451828,-14.094476933053912,80,750
170,63.85840707964602,723.0159292035398,586.5433628318584,1673.0,1.463382350137898,502.329203539823,2113.046017699115,395.1946902654867,False,LacZ_3_b3,LacZ OE,-0.11221149010894371,0.7504719902560544,-15.832834513372532,80,750
171,63.093506493506496,733.1160173160173,636.9376623376623,1544.0,1.361253165007501,1194.5428571428572,1691.0147186147185,1153.9619047619049,False,LacZ_3_b3,LacZ OE,-0.28129167886285633,0.7932644752761708,-16.05050943270932,80,750
172,63.995442114858704,727.9945305378304,661.9261622607111,1675.0,1.4048987839605345,1503.901549680948,1525.6590701914313,1511.894257064722,False,LacZ_3_b3,LacZ OE,-0.36626371097033816,0.7778812401625508,-14.852365899934824,80,750
173,62.41016333938294,735.6642468239564,544.967332123412,1009.0,1.6223365351846726,372.12341197822144,2311.3920145190564,174.42468239564428,False,LacZ_3_b3,LacZ OE,0.029648934893061973,0.7909839118973172,-17.784078719343213,80,750
174,64.27142857142857,255.8204081632653,599.234693877551,1399.0,1.5998227623665457,316.26020408163265,2579.1316326530614,170.7418367346939,False,LacZ_3_b3,LacZ OE,-0.2095577495442137,-0.9365279471806991,-14.125177882999651,80,750
175,63.90571428571429,259.8,428.7266666666667,1512.0,1.612381506768209,292.6980952380952,1919.3323809523808,164.0847619047619,False,LacZ_3_b3,LacZ OE,0.3668573209434276,-0.9434407754184054,-16.436181517009572,80,750
176,63.14607843137255,279.5843137254902,526.6803921568627,1605.0,1.843049198953157,321.8343137254902,1985.0411764705882,170.52941176470588,False,LacZ_3_b3,LacZ OE,0.03825421233799253,-0.8597071235929787,-16.132573741065755,80,750
177,65.65117550574084,279.9026790595954,574.8572990705303,2528.0,1.5874087967461994,310.22689994532533,1858.8819026790595,182.2651722252597,True,LacZ_3_b3,LacZ OE,-0.1243503333006507,-0.8525212275613482,-13.081552027451806,80,750
178,63.45666991236612,295.0068159688413,549.1285296981499,1414.0,1.5196311988095337,289.1363193768257,1601.8364167478092,159.10029211295034,False,LacZ_3_b3,LacZ OE,-0.03576332223392087,-0.8011597527937984,-15.605166496063276,80,750
179,64.3710499490316,288.177370030581,690.0662589194699,1257.0,1.3179969160119889,353.1060142711519,1653.1457696228338,181.4678899082569,True,LacZ_3_b3,LacZ OE,-0.5126030452165335,-0.8082358934707463,-13.074181302475864,80,750
180,64.10748560460652,297.8493282149712,656.2408829174664,1269.0,1.3110091370447041,288.8234165067179,2480.3742802303263,189.48368522072937,False,LacZ_3_b3,LacZ OE,-0.39722520899334157,-0.777504656602142,-13.7455147653409,80,750
181,64.17429193899783,304.5174291938998,539.4978213507625,1366.0,1.708467593178072,293.4281045751634,1586.7265795206972,170.58823529411765,False,LacZ_3_b3,LacZ OE,-0.0020944123760395783,-0.767982819657226,-15.020337888593488,80,750
182,63.42769230769231,315.2153846153846,436.3446153846154,920.0,1.3618091809718111,423.3646153846154,1630.0292307692307,199.3969230769231,False,LacZ_3_b3,LacZ OE,0.34756933498685183,-0.7422047977448019,-16.964172179749397,80,750
183,64.77008032128514,321.4738955823293,727.644578313253,1224.0,1.391162064304962,385.9086345381526,2470.024096385542,422.5120481927711,True,LacZ_3_b3,LacZ OE,-0.6356411831317597,-0.6831961535703133,-12.330611363761122,80,750
184,66.75021910604733,323.8588957055215,760.3435582822086,1687.0,1.4129857867988322,493.00438212094656,1636.9561787905345,302.59158632778264,True,LacZ_3_b3,LacZ OE,-0.7457415350639607,-0.670477664409485,-9.98529908210952,80,750
185,63.878411910669975,335.7303556658395,568.1629445822995,1514.0,1.4837640316720078,280.6079404466501,1887.3821339950373,185.88172043010752,False,LacZ_3_b3,LacZ OE,-0.09529422244914099,-0.6515921537728859,-15.067677723524866,80,750
186,63.80324074074074,335.2800925925926,726.2592592592592,642.0,1.558550546088666,878.1550925925926,1572.2546296296296,2096.8518518518517,False,LacZ_3_b3,LacZ OE,-0.6293887216929179,-0.6334765602684063,-13.347112670648102,80,750
187,64.35757575757576,367.57575757575756,391.8929292929293,1228.0,1.572861901470953,437.47474747474746,2034.7373737373737,236.74141414141414,False,LacZ_3_b3,LacZ OE,0.5038672617783067,-0.5585026457665765,-16.667894389991574,80,750
188,63.91044776119403,374.52878464818764,368.5628997867804,1238.0,1.5899148542418169,405.1119402985075,1523.9712153518124,221.9221748400853,False,LacZ_3_b3,LacZ OE,0.5834682829327151,-0.5362891434359398,-17.39694561176087,80,750
189,63.8581847649919,465.0137763371151,344.14019448946516,1520.0,1.351217913244031,416.3897893030794,2204.222042139384,238.21393841166937,False,LacZ_3_b3,LacZ OE,0.6765183649920521,-0.21229899272180486,-17.949282458987483,80,750
190,66.93005952380952,624.0208333333334,366.95386904761904,1921.0,1.4348400638204075,378.7544642857143,2399.0193452380954,201.12723214285714,False,LacZ_3_b3,LacZ OE,0.6181198502062957,0.36527332944585233,-15.010245467292975,80,750
191,63.72189349112426,634.0579881656805,387.4331360946746,1208.0,1.8405261232421708,381.2923076923077,1585.6863905325445,170.4343195266272,False,LacZ_3_b3,LacZ OE,0.5499889631397816,0.40408418901208565,-18.010444979061276,80,750
192,63.269650655021834,643.8569868995634,426.50545851528386,1220.0,1.373440564112662,351.36353711790395,2053.353711790393,180.41921397379912,False,LacZ_3_b3,LacZ OE,0.41913063882047563,0.4443768619335968,-18.043262570866034,80,750
193,65.22386679000925,678.6780758556891,442.60129509713227,1436.0,1.3761938914706648,369.27382053654026,1809.3663274745606,193.83071230342276,False,LacZ_3_b3,LacZ OE,0.3688968341716581,0.5722556836657784,-15.99222375295524,80,750
194,64.41924959216966,689.3458401305057,470.1223491027732,893.0,1.590887999004382,361.05546492659056,1563.2903752039151,170.67536704730833,False,LacZ_3_b3,LacZ OE,0.27714565941002056,0.6142431473280421,-16.510655143881223,80,750
195,64.1167192429022,700.9242902208202,731.8470031545742,986.0,1.4335305496852573,1555.1671924290222,2234.582018927445,2000.5252365930598,False,LacZ_3_b3,LacZ OE,-0.6056044419729992,0.688773919154464,-13.870726150281584,80,750
196,63.709549071618035,695.2679045092838,521.8435013262599,1117.0,1.6059835274075862,405.4124668435013,1923.6140583554377,322.4761273209549,False,LacZ_3_b3,LacZ OE,0.10309827385608838,0.642101087149731,-16.64778248323566,80,750
197,64.9943342776204,715.7214353163362,665.3087818696883,1393.0,1.5238685905461018,2405.5108593012274,2363.1888574126533,2831.402266288952,False,LacZ_3_b3,LacZ OE,-0.3790828710169505,0.733952415927015,-13.784917604358881,80,750
198,63.599162011173185,723.8282122905028,690.8687150837989,880.0,1.3512788767014392,2419.3980446927376,1920.8072625698323,2043.554469273743,False,LacZ_3_b3,LacZ OE,-0.4645310256716342,0.7664343552346602,-14.909818647627091,80,750
199,67.11415525114155,281.36631151699646,434.95788939624555,2788.0,1.3851024652223578,317.3597158802638,2257.560629122273,179.45205479452054,True,LacZ_3_b3,LacZ OE,0.3484480154152243,-0.864691322219573,-13.210336592791663,80,750
200,64.43091334894613,280.519906323185,543.0819672131148,662.0,1.5688716944588657,329.711943793911,1695.1896955503512,149.66510538641685,False,LacZ_3_b3,LacZ OE,-0.016990480161379606,-0.8542677108080869,-14.66394801407678,80,750
201,64.73123486682809,282.9176755447942,621.271186440678,606.0,1.48399461896825,322.68280871670703,2048.532687651332,161.21065375302663,False,LacZ_3_b3,LacZ OE,-0.2808173137127282,-0.8358346837874171,-13.481990990586468,80,750
202,65.903,293.862,616.764,1332.0,1.6490092578103401,329.9,1838.896,161.53,True,LacZ_3_b3,LacZ OE,-0.26427056037526875,-0.7968326386193093,-12.388421426469023,80,750
203,64.7847533632287,294.89461883408075,443.0067264573991,842.0,1.967597022803598,345.14125560538116,2036.2354260089687,194.0605381165919,False,LacZ_3_b3,LacZ OE,0.3227474569618347,-0.814808139233522,-15.48153256284985,80,750
204,64.73100120627262,308.351025331725,625.9493365500604,1127.0,1.671050248171556,314.70205066344994,2686.9879372738237,191.6658624849216,False,LacZ_3_b3,LacZ OE,-0.2936533706668216,-0.7433265343136203,-13.491757501226019,80,750
205,64.39603024574669,321.28544423440457,399.5926275992439,1349.0,1.8000645442278609,397.84404536862,1928.2202268431001,195.80245746691872,False,LacZ_3_b3,LacZ OE,0.47246055901607953,-0.7248481918398659,-16.428037081875758,80,750
206,66.29174484052533,332.50187617260787,692.2701688555347,1379.0,1.353949968505042,1674.4727954971856,1844.515947467167,1943.688555347092,True,LacZ_3_b3,LacZ OE,-0.5148036806979654,-0.6477439227533501,-11.237759753129836,80,750
207,65.65,330.7572916666667,414.31354166666665,1248.0,1.6785591399737871,379.09583333333336,2533.1822916666665,218.0625,False,LacZ_3_b3,LacZ OE,0.42388747061206233,-0.6887662519633442,-15.030375258627885,80,750
208,66.36184210526316,333.4558270676692,739.3411654135339,1358.0,1.2846426175505465,668.437030075188,1525.6015037593984,665.203947368421,True,LacZ_3_b3,LacZ OE,-0.6736924755233767,-0.6384171587706295,-10.635692567708489,80,750
209,64.41983122362869,338.9831223628692,396.253164556962,608.0,1.348244095517563,365.5126582278481,1932.107594936709,208.1223628691983,False,LacZ_3_b3,LacZ OE,0.4858061506115592,-0.6613002170900434,-16.48573087440566,80,750
210,65.70152505446623,372.7701525054466,745.3093681917211,1247.0,1.5280572265998973,1127.1176470588234,1754.8769063180828,1391.744008714597,True,LacZ_3_b3,LacZ OE,-0.6892927296981026,-0.4955827387441454,-11.325039706871209,80,750
211,65.06305309734513,394.64823008849555,773.0553097345132,1199.0,1.4360610969480934,642.1017699115044,1721.0099557522124,434.5929203539823,True,LacZ_3_b3,LacZ OE,-0.7804896171493595,-0.4130484350951855,-11.702392758947454,80,750
212,65.14576962283384,462.0428134556575,325.38430173292556,1273.0,1.4322366675107494,386.24974515800204,2875.769622833843,227.32212028542304,False,LacZ_3_b3,LacZ OE,0.7395777763249527,-0.22536962019030915,-16.867374208555347,80,750
213,65.3207343412527,546.841252699784,319.53347732181425,1203.0,1.627341211593067,388.09071274298054,1903.3434125269978,200.05399568034557,False,LacZ_3_b3,LacZ OE,0.7692387746838922,0.08038859835880086,-16.96767620571549,80,750
214,65.37849462365591,576.3397849462366,333.7505376344086,1430.0,1.6763665499510465,357.8258064516129,2718.1559139784945,270.26451612903224,False,LacZ_3_b3,LacZ OE,0.7246572852540287,0.18878124647445915,-16.821183867622324,80,750
215,67.5700267618198,645.0124888492418,412.62979482604817,2161.0,1.5561197789206282,390.078501338091,1846.4540588760035,189.44692239072256,False,LacZ_3_b3,LacZ OE,0.46630264412273603,0.44685255032689897,-13.903531210154568,80,750
216,64.02057613168725,652.244170096022,353.47462277091904,1031.0,1.4583911177972206,349.8422496570645,1767.957475994513,158.920438957476,False,LacZ_3_b3,LacZ OE,0.6668313139310202,0.465576024213854,-18.142049316614603,80,750
217,64.61120263591434,657.163097199341,783.668863261944,1701.0,1.6429353199374097,1168.5856672158154,1885.2759472817133,847.8632619439868,True,LacZ_3_b3,LacZ OE,-0.7857403360064127,0.5370829116435978,-12.680248889724666,80,750
218,64.8514619883041,657.2818713450292,418.2526315789474,1235.0,1.6110560357822927,376.3672514619883,1781.3847953216375,179.76023391812865,False,LacZ_3_b3,LacZ OE,0.4486350863278086,0.4918797139520219,-16.588301980591567,80,750
219,66.16881258941345,672.5121602288984,375.0958512160229,1125.0,1.5051733156554434,331.83690987124464,2336.1545064377683,157.9985693848355,False,LacZ_3_b3,LacZ OE,0.5962431780732318,0.5415469612330617,-15.79844103583737,80,750
220,68.26130653266331,681.6206030150754,379.4246231155779,878.0,1.8273401388695618,374.06532663316585,1598.8115577889448,176.07788944723617,False,LacZ_3_b3,LacZ OE,0.5827640804680334,0.5750239187586319,-13.679382480211729,80,750
221,65.33973288814691,691.1535893155259,729.9031719532554,1544.0,1.636914646638908,2008.144407345576,2485.1243739565944,1333.4056761268782,True,LacZ_3_b3,LacZ OE,-0.6001306697334323,0.6532260098738611,-12.64579726394571,80,750
222,66.56691832532601,698.7378174330817,412.26698695950586,1967.0,1.3997204968249741,340.6506520247083,2301.5936856554563,217.75497597803707,False,LacZ_3_b3,LacZ OE,0.47375572794269516,0.6409795561632534,-15.043003829325528,80,750
223,65.75900621118012,722.6844720496895,429.9552795031056,1485.0,1.4038591333801316,364.1354037267081,1690.8422360248446,154.52049689440994,False,LacZ_3_b3,LacZ OE,0.41676764922796217,0.7297330342240125,-15.709048939568987,80,750
224,65.48730158730159,712.9333333333333,436.9507936507936,1033.0,1.9070508459846802,344.34285714285716,1549.4079365079365,160.78571428571428,False,LacZ_3_b3,LacZ OE,0.39198942797616865,0.6953610144606455,-15.87731113916658,80,750
225,66.96812196812196,726.6334026334026,545.5336105336105,2403.0,1.8919455730178556,374.968121968122,2371.5100485100484,186.35481635481636,True,LacZ_3_b3,LacZ OE,0.026858857050608087,0.7584485010187489,-13.197758553834177,80,750
226,64.59282178217822,728.1472772277227,625.6212871287129,1259.0,1.577078833058211,1114.3155940594058,2791.1930693069307,1878.601485148515,False,LacZ_3_b3,LacZ OE,-0.24358730669259143,0.7739039220401569,-14.667515653113256,80,750
227,65.61102603369066,742.8055130168453,642.3399693721286,1086.0,1.6146956979113747,537.9938744257274,1958.2052067381317,305.04747320061256,False,LacZ_3_b3,LacZ OE,-0.2983129162536855,0.8289787835719684,-13.495698777424565,80,750
228,66.77198697068404,735.4674267100977,696.0179153094463,897.0,1.558431334543526,1968.9495114006515,2076.8208469055376,1219.1921824104234,True,LacZ_3_b3,LacZ OE,-0.4804445604270955,0.8091688408513575,-11.707421631497027,80,750
229,66.68247821878025,274.7066795740561,553.5779283639883,1272.0,1.28035013395903,331.1239109390126,2157.0193610842207,198.1674733785092,True,LacZ_3_b3,LacZ OE,-0.05303619763669121,-0.8739508776062863,-12.279073996464234,80,750
230,66.47984644913628,277.9596928982726,452.71880998080616,1353.0,1.3106623968995932,300.7725527831094,1704.4395393474088,159.6084452975048,False,LacZ_3_b3,LacZ OE,0.2880309399613803,-0.8747905970186807,-13.634600679103954,80,750
231,65.66501650165017,288.38613861386136,444.8811881188119,809.0,1.3368683056333628,316.17656765676566,1723.3448844884488,150.75082508250824,False,LacZ_3_b3,LacZ OE,0.3156905338129177,-0.8380911072788393,-14.564022023193274,80,750
232,68.16468842729971,286.9431256181998,465.5633036597428,2600.0,1.2761800101248415,336.9658753709199,1737.5939663699307,162.89169139465875,True,LacZ_3_b3,LacZ OE,0.2457559575140582,-0.8407050461085376,-11.826192933942366,80,750
233,67.3258232235702,388.659445407279,397.18890814558057,1444.0,1.4529273711544202,336.13951473136916,1854.0849220103987,226.42807625649914,False,LacZ_3_b3,LacZ OE,0.48855157838506424,-0.4816161363659226,-13.691654540184985,80,750
234,65.11508379888268,493.60111731843574,332.9854748603352,1167.0,1.4746048473867854,391.531843575419,1760.9083798882682,215.1340782122905,False,LacZ_3_b3,LacZ OE,0.7175811499837259,-0.11035919936804683,-16.889494672527874,80,750
235,65.70840950639854,509.24314442413163,331.2129798903108,1416.0,1.6512283943040973,383.7111517367459,1654.9424131627056,215.66087751371114,False,LacZ_3_b3,LacZ OE,0.725415865937558,-0.05404102803932276,-16.354852190485246,80,750
236,67.63993710691824,510.7696540880503,311.501572327044,1682.0,1.346429724916775,385.94732704402514,2342.3671383647797,184.86477987421384,False,LacZ_3_b3,LacZ OE,0.7922523888054556,-0.05097091801393372,-14.650967385331867,80,750
237,64.81724137931035,600.3919540229886,334.583908045977,1321.0,1.61315301241505,342.6655172413793,1749.9390804597701,188.12758620689655,False,LacZ_3_b3,LacZ OE,0.7246258745685441,0.2758130386430169,-17.432174395929053,80,750
238,67.25813953488372,615.570542635659,339.4263565891473,1762.0,1.307893567465536,342.1945736434109,2364.408527131783,199.14883720930231,False,LacZ_3_b3,LacZ OE,0.7101330673265129,0.3312961226499951,-14.973853568615624,80,750
239,66.0982456140351,640.478947368421,347.9236842105263,1561.0,1.494050529345872,352.04561403508774,2685.4912280701756,188.26140350877193,False,LacZ_3_b3,LacZ OE,0.684290046834426,0.42237523099907315,-16.09855608488546,80,750
240,66.95589856670341,676.5490628445424,739.7916207276736,1381.0,1.5582169969703874,2628.2039691289965,2257.366041896362,1391.3902976846748,True,LacZ_3_b3,LacZ OE,-0.63517417838585,0.6016877651011303,-10.881524714061811,80,750
241,67.63873775843308,697.3579978237215,451.04842219804135,2521.0,1.5991932355344127,358.2361262241567,2401.2502720348207,205.85310119695322,False,LacZ_3_b3,LacZ OE,0.3426350322688647,0.6408436290636284,-13.527633032509371,80,750
242,66.72882968601333,714.930542340628,721.7098001902949,1494.0,1.6629738424861658,1093.3996194100857,2262.9400570884873,483.75451950523313,True,LacZ_3_b3,LacZ OE,-0.5696270815034596,0.7381503966526204,-11.408358133699693,80,750
243,67.3161094224924,728.4427558257346,645.1205673758865,1330.0,1.6244027824231764,516.5633232016211,2389.7781155015196,593.5673758865248,True,LacZ_3_b3,LacZ OE,-0.3093149326252398,0.7774273827698455,-11.723794345120325,80,750
244,67.18870967741935,740.0887096774194,683.5241935483871,1690.0,1.3873322816963543,1279.7862903225807,1634.4322580645162,890.4733870967742,True,LacZ_3_b3,LacZ OE,-0.4376864732868414,0.8243144405411096,-11.443930069105903,80,750
245,66.76558891454965,243.7390300230947,587.7644341801386,1083.0,1.5853186003558206,312.229792147806,1876.9792147806004,163.75519630484987,True,LacZ_3_b3,LacZ OE,-0.1721247186658441,-0.9816075286801161,-11.731636140082117,80,750
246,68.87454938716655,245.04397981254507,620.5227108868061,1912.0,1.6326839728315385,328.5522710886806,1699.8010093727469,151.0194664744052,True,LacZ_3_b3,LacZ OE,-0.2825463667255086,-0.9727843035378877,-9.254177835083127,80,750
247,67.13431269674712,266.54354669464846,661.00314795383,1324.0,1.5160305951448538,304.4732423924449,2093.0587618048266,160.3567681007345,True,LacZ_3_b3,LacZ OE,-0.4168462664221254,-0.8900359772092636,-10.587734128811562,80,750
248,68.89931153184165,327.79001721170397,716.7745266781411,1467.0,1.4575045198048502,393.21084337349396,2221.026678141136,321.68760757314976,True,LacZ_3_b3,LacZ OE,-0.5980266390973534,-0.6616943332127161,-8.340604752708927,80,750
249,67.00139275766017,331.88022284122565,390.89275766016715,1585.0,1.6111920589238697,362.2757660167131,1670.757660167131,200.3481894150418,False,LacZ_3_b3,LacZ OE,0.5031845412676474,-0.6876223783583617,-13.947699032977908,80,750
250,66.65204678362574,343.9307992202729,746.4668615984406,1311.0,1.4563501937275802,1210.6530214424952,2228.941520467836,1539.391812865497,True,LacZ_3_b3,LacZ OE,-0.6965296455822504,-0.5996653450501876,-10.290418002420623,80,750
251,66.08379888268156,349.7970204841713,397.877094972067,754.0,1.7960772719943174,389.8919925512104,2558.171322160149,220.7094972067039,False,LacZ_3_b3,LacZ OE,0.4816461931208482,-0.6220002166229351,-14.830073718453164,80,750
252,69.22992392223162,362.2197802197802,778.8901098901099,1634.0,1.478249689557445,1527.6280642434488,2111.43617920541,421.81572273879965,True,LacZ_3_b3,LacZ OE,-0.8038205270395679,-0.5294949499168393,-7.389705591401736,80,750
253,67.85795996186845,372.4918970448046,357.99618684461393,1438.0,1.4675680968293883,336.37940896091516,1815.3984747378456,187.8284080076263,False,LacZ_3_b3,LacZ OE,0.6190768880469004,-0.5449411395141883,-13.564630825401622,80,750
254,67.96688206785137,384.4709208400646,352.35056542810986,1986.0,1.6506022792763806,359.3885298869144,2011.2738287560583,171.96042003231017,False,LacZ_3_b3,LacZ OE,0.6395488215395413,-0.5023494991116274,-13.549303705787082,80,750
255,67.70894160583941,400.79835766423355,377.0757299270073,1367.0,1.5240620926150377,353.37226277372264,2064.8996350364964,227.6824817518248,False,LacZ_3_b3,LacZ OE,0.5579232207916243,-0.44025131004839746,-13.566771145083052,80,750
256,65.36781609195403,428.82988505747124,335.4942528735632,628.0,1.6606575114603859,401.7609195402299,1623.6206896551723,186.0,False,LacZ_3_b3,LacZ OE,0.7015617803406538,-0.34414711093555905,-16.448784115193092,80,750
257,66.804203539823,522.7699115044247,326.70575221238937,1167.0,1.6163072148273792,430.23893805309734,2831.815265486726,241.84181415929203,False,LacZ_3_b3,LacZ OE,0.7422610287491329,-0.005705816593820856,-15.34360904721622,80,750
258,66.2833545108005,573.1550190597204,349.98856416772554,1013.0,1.5633642426758236,375.1728081321474,1977.687420584498,207.6518424396442,False,LacZ_3_b3,LacZ OE,0.6694697876452602,0.1793051512527779,-15.72421652890931,80,750
259,66.86333647502356,607.569274269557,350.2045240339302,1641.0,1.5487569140044193,374.4750235626767,1762.2836946277098,193.4938737040528,False,LacZ_3_b3,LacZ OE,0.672776630734419,0.303720139113304,-15.226576842669786,80,750
260,66.71071428571429,611.4964285714286,366.51190476190476,1264.0,1.8060647922799002,375.8511904761905,2360.5785714285716,200.32619047619048,False,LacZ_3_b3,LacZ OE,0.618143508590649,0.3199494523942301,-15.203748037008651,80,750
261,66.65971107544141,634.1701444622793,376.5842696629214,911.0,1.5077422057831256,446.63563402889247,2205.354735152488,210.37399678972713,False,LacZ_3_b3,LacZ OE,0.5867623110122229,0.4031567041029094,-15.19625215752474,80,750
262,66.89775561097257,637.3117206982544,360.9476309226933,1192.0,1.5181512393516654,346.75935162094765,1978.8229426433916,163.5660847880299,False,LacZ_3_b3,LacZ OE,0.6399574775984775,0.41256035544459047,-15.143459187562812,80,750
263,68.07718120805369,630.6602348993289,401.6686241610738,1710.0,1.850269124873064,413.3213087248322,2824.625,187.6535234899329,False,LacZ_3_b3,LacZ OE,0.5016743733014062,0.3936140324534456,-13.48548975846306,80,750
264,68.52350427350427,639.1452991452992,430.2735042735043,1348.0,1.8286965025206914,362.34508547008545,1842.9957264957266,195.17735042735043,True,LacZ_3_b3,LacZ OE,0.40605585262119437,0.42785726218058096,-12.735386779345532,80,750
265,67.25223880597015,659.5134328358209,350.9761194029851,1042.0,1.4948704066980423,371.15671641791045,1697.2522388059701,166.80298507462686,False,LacZ_3_b3,LacZ OE,0.6762438053180322,0.49156153568925176,-14.956868859483208,80,750
266,69.27526132404181,676.9407665505227,378.1463414634146,546.0,1.8104821311742043,367.6411149825784,2110.4459930313587,180.81533101045295,True,LacZ_3_b3,LacZ OE,0.5865753697919902,0.5579575067839413,-12.668481052044271,80,750
267,66.32203389830508,695.5610169491525,376.17627118644066,813.0,1.712270079248996,399.3949152542373,1716.050847457627,169.9508474576271,False,LacZ_3_b3,LacZ OE,0.5952878311209582,0.6249886742193991,-15.68972990697074,80,750
268,67.03652173913044,720.9043478260869,734.6765217391304,923.0,1.6448976872367345,827.0313043478261,2199.6295652173912,935.9808695652174,True,LacZ_3_b3,LacZ OE,-0.6127191772806174,0.7613631887243468,-10.9682079057377,80,750
269,66.05820105820106,730.2821869488536,676.2627865961199,830.0,1.4698965191690725,2230.194003527337,2578.712522045855,1795.3086419753085,True,LacZ_3_b3,LacZ OE,-0.4143453805029709,0.7879553712214868,-12.632638641336328,80,750
270,67.7098121085595,722.8267223382046,674.7035490605427,988.0,1.596458458203172,1832.9686847599164,2254.6555323590815,1973.269311064718,True,LacZ_3_b3,LacZ OE,-0.4098841426670211,0.760826673178733,-10.980477477617924,80,750
271,68.55399568034558,720.5885529157667,683.536717062635,1251.0,1.5032753722014307,2510.44060475162,2486.254859611231,2099.1112311015117,True,LacZ_3_b3,LacZ OE,-0.4399504464563587,0.7538466728230622,-10.030569490141175,80,750
272,67.50230946882218,734.310623556582,709.0704387990762,1128.0,1.4195610323206358,633.8683602771363,2717.0103926097,389.7078521939954,True,LacZ_3_b3,LacZ OE,-0.5246418458112001,0.8066233036800714,-10.826134400739434,80,750
273,71.0204081632653,742.3702623906705,500.774260724698,4311.0,1.774405646640081,354.69429404414825,1770.847147022074,169.72553102873803,True,LacZ_3_b3,LacZ OE,0.18004507090735555,0.8097669857698355,-9.692585576961676,80,750
274,67.50958466453675,749.9904153354632,604.3083067092651,946.0,1.8155330949147155,354.2955271565495,1633.7955271565495,185.04153354632587,True,LacZ_3_b3,LacZ OE,-0.16893306462939128,0.8502119252863911,-12.046677514045186,80,750
275,67.90738699007717,753.1190738699007,592.1201764057332,1222.0,1.4491804946345248,331.6416758544653,1584.1598676957,185.26240352811467,True,LacZ_3_b3,LacZ OE,-0.12738207000083268,0.8600007438823589,-11.794960150670718,80,750
276,68.42289935364728,263.3573407202216,615.2677746999077,1494.0,1.7065158341236066,309.70821791320407,2295.8347183748847,177.63065558633426,True,LacZ_3_b3,LacZ OE,-0.26267698937759865,-0.9072538307227654,-9.81055024846573,80,750
277,67.87604070305272,264.58834412580944,442.25716928769657,1398.0,1.5585129163891533,322.6484736355227,1751.0296022201665,158.7937095282146,True,LacZ_3_b3,LacZ OE,0.32186404545687286,-0.9244147861140234,-12.324324757583597,80,750
278,68.15350877192982,276.3541666666667,620.9199561403509,1251.0,1.7425490532980503,286.2796052631579,2434.9583333333335,188.202850877193,True,LacZ_3_b3,LacZ OE,-0.28026420351109604,-0.8595754686768231,-10.047770480463328,80,750
279,67.6075036075036,275.76479076479075,534.6955266955267,1144.0,1.6681698502167035,294.7243867243867,1519.5699855699856,153.78354978354977,True,LacZ_3_b3,LacZ OE,0.010906479633565391,-0.8724777074146709,-11.571059523096011,80,750
280,70.07685512367492,296.50441696113074,479.8056537102473,1767.0,1.673493877245223,319.9920494699647,1648.6616607773851,187.08480565371025,True,LacZ_3_b3,LacZ OE,0.19883528861120525,-0.8043546669824353,-9.776031247622214,80,750
281,67.29875518672199,282.28077455048407,593.3333333333334,1295.0,1.9671406303844297,354.4260027662517,1595.8852005532503,169.2240663900415,True,LacZ_3_b3,LacZ OE,-0.18642015232940679,-0.8416063871679511,-11.230210452638431,80,750
282,67.47798742138365,295.0649895178197,535.1802935010483,679.0,1.401629954238674,311.685534591195,2335.412997903564,168.874213836478,True,LacZ_3_b3,LacZ OE,0.011515059268712546,-0.8026612975131368,-11.742596235977487,80,750
283,68.96165884194053,295.0610328638498,429.7887323943662,1714.0,1.4336960838442505,340.62754303599377,2730.1001564945227,212.79733959311423,True,LacZ_3_b3,LacZ OE,0.3675777637343871,-0.8158261103617861,-11.45536209517023,80,750
284,67.81746810598626,305.6153091265947,444.107948969578,1562.0,1.6470137887722207,369.2757605495584,2658.520117762512,200.89205103042198,True,LacZ_3_b3,LacZ OE,0.3203951820340538,-0.7759000539171061,-12.462924604522811,80,750
285,71.10976314269209,302.0046216060081,539.9318313113807,2837.0,1.6956504459725197,309.12305025996534,1582.042172154824,177.3212016175621,True,LacZ_3_b3,LacZ OE,-0.0035856059978984778,-0.776958770826568,-8.074219445229446,80,750
286,67.12552742616033,308.95569620253167,502.6054852320675,1357.0,1.4700490006102125,382.62974683544303,2340.3354430379745,183.47784810126583,True,LacZ_3_b3,LacZ OE,0.12315718164410372,-0.7565266997804312,-12.499013430010748,80,750
287,68.79733879222108,311.91299897645854,750.3070624360287,1226.0,1.3588993057635939,360.7441146366428,1762.5885363357215,171.99795291709313,True,LacZ_3_b3,LacZ OE,-0.7131531344373621,-0.7148918674730982,-8.022826200758288,80,750
288,69.05710102489019,315.70278184480236,766.6398243045388,903.0,1.2490733612987195,339.9121522693997,1528.6427525622255,205.20058565153732,True,LacZ_3_b3,LacZ OE,-0.7678720826638958,-0.6991528006896605,-7.587014365828509,80,750
289,69.84203901825047,336.46444304594087,431.568281938326,2145.0,1.5549245138585033,391.81875393329136,1976.4411579609819,211.10887350534927,True,LacZ_3_b3,LacZ OE,0.36642969386884494,-0.6659526579664335,-10.656808178441693,80,750
290,69.77546777546777,372.001386001386,751.4525294525295,1935.0,1.7834302816736451,1112.7144837144838,2329.3735273735274,1439.8932778932779,True,LacZ_3_b3,LacZ OE,-0.7099762009958961,-0.4975636303261819,-7.179744743022624,80,750
291,67.94979079497908,399.90271966527195,781.6056485355649,1354.0,1.4375377801945755,606.5094142259414,2065.6129707112973,384.73640167364016,True,LacZ_3_b3,LacZ OE,-0.8086477173062195,-0.39296770071588794,-8.731731705077536,80,750
292,68.27567567567567,439.177027027027,828.7054054054054,982.0,1.4043015858974957,912.9094594594594,2901.806756756757,849.1824324324324,True,LacZ_3_b3,LacZ OE,-0.9631542548814813,-0.24513390479932207,-7.967942150048714,80,750
293,67.76223776223776,589.9540459540459,342.2947052947053,1305.0,1.5194360340098794,423.53946053946055,1876.2297702297703,215.82717282717283,False,LacZ_3_b3,LacZ OE,0.6974756466124956,0.2390722246442194,-14.374141736897258,80,750
294,67.86152416356877,595.0130111524163,357.5195167286245,1505.0,1.8528691765390721,391.68959107806694,2071.9228624535317,218.3810408921933,False,LacZ_3_b3,LacZ OE,0.6466411151886668,0.2592589405684518,-14.114497462071313,80,750
295,68.36373056994819,632.878756476684,811.4580310880829,1225.0,1.5620369278676935,1783.5088082901555,2602.1927461139894,684.0331606217617,True,LacZ_3_b3,LacZ OE,-0.8822977864906945,0.45281033279970573,-8.552719893354833,80,750
296,69.73524884556183,643.0861980502822,393.0872242175475,2779.0,1.4279063087835708,368.916367367881,2918.9758850692665,186.41097998973834,True,LacZ_3_b3,LacZ OE,0.5321751551999285,0.4374660139427311,-11.955547668569295,80,750
297,68.35068259385666,653.8959044368601,378.59044368600684,1666.0,1.9837246391007073,372.0349829351536,1926.0366894197953,176.57423208191128,False,LacZ_3_b3,LacZ OE,0.5823516448873682,0.4747148455251553,-13.53120186630916,80,750
298,69.0,659.8479834539814,765.2978283350569,1347.0,1.314786583473698,1159.2678386763184,1729.7590486039296,653.728024819028,True,LacZ_3_b3,LacZ OE,-0.7232014617012819,0.5445255303949621,-8.506897745479904,80,750
299,67.88877005347594,697.5657754010696,433.5133689839572,1438.0,1.5345854757147486,380.62139037433155,2896.581818181818,180.71550802139038,False,LacZ_3_b3,LacZ OE,0.40190119677073755,0.6394066418785154,-13.477177577376821,80,750
300,68.98461538461538,707.3076923076923,396.65714285714284,1383.0,1.6583141435869106,364.2725274725275,1761.443956043956,189.0076923076923,True,LacZ_3_b3,LacZ OE,0.5275777273266864,0.6700224033214508,-12.823769907314528,80,750
301,69.21085594989562,711.5020876826723,733.8350730688935,1227.0,1.2691924709734874,925.1743215031315,2390.7181628392486,1125.367432150313,True,LacZ_3_b3,LacZ OE,-0.6108894546019054,0.7272917260692675,-8.78041638049271,80,750
302,67.86882716049382,718.1388888888889,634.5632716049382,986.0,1.5572694665178406,676.2314814814815,2038.6604938271605,2499.9814814814813,True,LacZ_3_b3,LacZ OE,-0.2748335194204501,0.7388717558251783,-11.265578381354771,80,750
303,69.45632653061224,720.3534693877551,501.4261224489796,1593.0,1.4593675608665804,327.76,1994.5118367346938,177.33469387755102,True,LacZ_3_b3,LacZ OE,0.17521475081742355,0.7302612412250644,-11.194939683899435,80,750
304,68.76265560165974,740.0713692946058,553.6838174273859,1693.0,1.5930003346172998,355.5219917012448,1960.5078838174275,171.17676348547718,True,LacZ_3_b3,LacZ OE,0.0009646663436351233,0.808048688597861,-11.34392403057754,80,750
305,68.20283018867924,738.0198113207547,621.4188679245283,1359.0,1.479820279697652,470.01981132075474,1600.127358490566,299.5018867924528,True,LacZ_3_b3,LacZ OE,-0.22810084655628016,0.8090884963705807,-11.129768176384374,80,750
306,72.03590490053372,737.1882581271227,635.0625909752547,3379.0,1.715723897518179,403.2731683648714,2370.8224163027658,267.5725376031053,True,LacZ_3_b3,LacZ OE,-0.27413735715765364,0.8078155645372365,-7.140028097846525,80,750
307,69.32393442622951,745.0865573770492,539.3363934426229,2102.0,1.3306239747228574,356.05573770491804,1629.255737704918,177.7383606557377,True,LacZ_3_b3,LacZ OE,0.05003596741183469,0.8243875681812831,-10.957898408890841,80,750
308,70.21477832512315,749.1852216748769,658.1162561576355,1418.0,1.4119581481260546,420.6768472906404,2569.3931034482757,247.93103448275863,True,LacZ_3_b3,LacZ OE,-0.35068222267013505,0.8540416535134085,-8.728885146717275,80,750
309,69.77225130890052,763.3363874345549,656.6839005235602,2255.0,1.6791914895769586,398.907722513089,1803.648560209424,198.35667539267016,True,LacZ_3_b3,LacZ OE,-0.3442103825582208,0.9050061196742507,-9.222492774936882,80,750
310,68.76848484848485,253.7418181818182,606.1054545454546,1026.0,1.2715444392922706,337.52969696969694,2244.3442424242426,193.07030303030302,True,LacZ_3_b3,LacZ OE,-0.23283542997332263,-0.9431489112492196,-9.545312797799653,80,750
311,69.28818443804035,276.27953890489914,585.1546589817483,1319.0,1.7272687194634733,308.01633045148895,2416.21613832853,158.64073006724303,True,LacZ_3_b3,LacZ OE,-0.15941622050775583,-0.8643031825122642,-9.318975518002787,80,750
312,69.20454545454545,280.95,600.3636363636364,1359.0,1.5688145649417462,309.875,2052.556818181818,184.32954545454547,True,LacZ_3_b3,LacZ OE,-0.2102496462169018,-0.8455239860616522,-9.241467228158868,80,750
313,70.92654774396642,282.82371458551944,540.4784889821616,1355.0,1.383234332335856,312.17208814270725,2025.0094438614901,152.65687303252886,True,LacZ_3_b3,LacZ OE,-0.007676438976981226,-0.8462175569270294,-8.203978845996076,80,750
314,69.93052631578948,303.05052631578945,493.7136842105263,691.0,1.3512794466598137,325.0547368421053,1957.4884210526316,171.37684210526317,True,LacZ_3_b3,LacZ OE,0.15261272269789594,-0.7789592375784677,-9.780595487011254,80,750
315,69.68838763575606,313.7527151211362,615.3216374269006,1760.0,1.5784206914468681,303.5513784461153,1864.218045112782,194.12865497076024,True,LacZ_3_b3,LacZ OE,-0.2569321379553585,-0.7250932874611906,-8.668648447612895,80,750
316,68.44181646168401,316.9829706717124,432.352885525071,1435.0,1.524195163912641,372.60170293282874,2369.202459791864,224.46452223273414,True,LacZ_3_b3,LacZ OE,0.3614530201319659,-0.7362771723123779,-12.000051378446358,80,750
317,69.23870333988212,312.2809430255403,631.213163064833,1276.0,1.5813444186697552,307.69155206286837,2301.1768172888014,178.85265225933202,True,LacZ_3_b3,LacZ OE,-0.31080171353026154,-0.7284315071964127,-8.934285918403177,80,750
318,69.88190954773869,321.96817420435514,511.05527638190955,1570.0,1.5327215601961641,327.10887772194303,1853.2428810720269,187.93048576214406,True,LacZ_3_b3,LacZ OE,0.09623854792908482,-0.7084197471810694,-9.678946708773907,80,750
319,70.9681227863046,404.9025974025974,354.87839433293976,2273.0,1.6194229507392688,372.76623376623377,1982.8978748524203,203.82821723730814,True,LacZ_3_b3,LacZ OE,0.6335089956162072,-0.42816500648580935,-10.569889584483008,80,750
320,68.7481162540366,415.9235737351991,804.2292787944026,1232.0,1.5436173073178485,737.1367061356298,2243.7599569429494,452.1087190527449,True,LacZ_3_b3,LacZ OE,-0.8831694223629414,-0.3322321365011799,-7.716104895813061,80,750
321,68.82923673997412,459.02328589909445,331.33505821474773,1135.0,1.563938747459138,393.03492884864164,2501.095730918499,236.28848641655887,True,LacZ_3_b3,LacZ OE,0.7192666307904487,-0.23551240326563916,-13.10916945837613,80,750
322,68.31688311688312,521.8484848484849,360.6952380952381,1436.0,1.7908748288257252,369.94199134199135,1627.5333333333333,219.96709956709958,False,LacZ_3_b3,LacZ OE,0.6273977239876918,-0.004780104558700926,-13.442932336031575,80,750
323,69.68536121673004,549.3165399239543,327.0361216730038,1320.0,1.7708404601475674,365.22813688212926,2046.1159695817491,202.5190114068441,True,LacZ_3_b3,LacZ OE,0.7443526610354658,0.09030466417724892,-12.524273973002394,80,750
324,69.37112010796221,553.719298245614,307.7584345479082,1250.0,1.6036956715776904,334.2226720647773,1502.906882591093,178.8960863697706,True,LacZ_3_b3,LacZ OE,0.8099728142886315,0.10380777604799851,-13.068166572997328,80,750
325,68.9503631961259,569.8523002421307,328.2602905569007,1160.0,1.3699073311194514,336.07506053268764,2770.608958837772,217.28571428571428,True,LacZ_3_b3,LacZ OE,0.7425843068356157,0.1646745799347209,-13.295901299599407,80,750
326,68.5027397260274,615.0643835616438,327.0493150684932,994.0,1.8023193231826404,348.9164383561644,2737.5095890410958,204.75068493150684,False,LacZ_3_b3,LacZ OE,0.7519309573545137,0.32793034089903106,-13.868588140619039,80,750
327,68.8906414300736,649.8412197686646,338.8149316508938,1249.0,1.4867460324941393,346.9600420609884,1799.7802313354364,161.9179810725552,False,LacZ_3_b3,LacZ OE,0.7162586795622012,0.4550967261721479,-13.432803372895648,80,750
328,70.06814814814815,655.965925925926,362.4325925925926,1100.0,1.542108065587681,366.7733333333333,1695.4859259259258,174.33037037037036,True,LacZ_3_b3,LacZ OE,0.6372396076998634,0.48019155083976406,-12.002365199117861,80,750
329,69.18598130841121,655.4299065420561,398.91028037383177,1447.0,1.6255246868680282,373.885046728972,1674.9719626168223,187.23738317757008,True,LacZ_3_b3,LacZ OE,0.5139237476473084,0.48280305382942545,-12.469077817031533,80,750
330,68.38719068413391,664.6055312954876,383.0014556040757,1094.0,1.6372015400109623,352.7423580786026,1826.585152838428,167.62299854439593,False,LacZ_3_b3,LacZ OE,0.5687020696352596,0.5139738566871415,-13.471000276123746,80,750
331,70.22788033099937,677.1476766390834,452.8656906429026,2143.0,1.4373258116205923,371.5092297899427,1571.0375556970082,188.16040738383197,True,LacZ_3_b3,LacZ OE,0.33423920025000253,0.5680436507216027,-10.868263002374974,80,750
332,69.21753246753246,704.3896103896104,778.0432900432901,1258.0,1.337441657455572,706.4621212121212,1589.17316017316,446.038961038961,True,LacZ_3_b3,LacZ OE,-0.761051250553967,0.707105956393923,-8.254396552834393,80,750
333,70.34537037037038,711.4166666666666,432.8601851851852,1589.0,1.669457443327466,378.60277777777776,1948.263888888889,169.31851851851852,True,LacZ_3_b3,LacZ OE,0.4058180280832504,0.689404826664,-11.062269216933828,80,750
334,70.79023646071701,708.2273073989321,422.8314263920671,1928.0,1.3333153631895178,341.48588863463004,1658.286803966438,165.55987795575896,True,LacZ_3_b3,LacZ OE,0.43933971725866794,0.6766284114612215,-10.72341940440215,80,750
335,68.13559322033899,719.4485875706215,475.56949152542376,1380.0,1.537706304322219,362.0372881355932,1598.6,181.27231638418078,True,LacZ_3_b3,LacZ OE,0.2624002027367329,0.7237517820387014,-12.806865600112289,80,750
336,69.80749574105621,732.8790459965928,629.5400340715503,966.0,1.5181442295381218,424.1022146507666,2032.9403747870529,424.3577512776831,True,LacZ_3_b3,LacZ OE,-0.25607122024861184,0.7915343984427994,-9.420363321090989,80,750
337,70.30401529636711,257.2342256214149,592.9244741873805,1302.0,1.4949005888194742,300.9474187380497,2468.2160611854683,173.05353728489484,True,LacZ_3_b3,LacZ OE,-0.18784427088540567,-0.9321608677088161,-8.168110185096637,80,750
338,71.50048496605238,264.92919495635306,582.3171677982541,1326.0,1.3508681289545077,303.71387002909796,2321.909796314258,170.42677012609118,True,LacZ_3_b3,LacZ OE,-0.15106974543309903,-0.9056646054290499,-7.111080517214717,80,750
339,69.53991291727141,276.20464441219156,487.50943396226415,1207.0,1.4588289990352663,304.94484760522494,2248.6066763425256,149.87953555878084,True,LacZ_3_b3,LacZ OE,0.1704239948345625,-0.8767662206642638,-10.175494365328092,80,750
340,71.33292079207921,279.75742574257424,656.210396039604,1746.0,1.6999917333212504,281.63366336633663,1727.8007425742574,162.02475247524754,True,LacZ_3_b3,LacZ OE,-0.3989532401550915,-0.8428440743778107,-6.476356788170932,80,750
341,69.88480392156863,291.04493464052285,550.031862745098,1508.0,1.572886785589879,312.7826797385621,2034.6070261437908,171.91013071895424,True,LacZ_3_b3,LacZ OE,-0.03902847324797398,-0.8153182875670677,-9.157454779514694,80,750
342,70.20762711864407,290.9830508474576,569.1875,1449.0,1.4829910419349703,312.0444915254237,1536.0031779661017,178.52754237288136,True,LacZ_3_b3,LacZ OE,-0.10372971702198241,-0.8131473247296762,-8.61705671548917,80,750
343,70.29342934293429,312.15391539153916,524.8955895589559,1514.0,1.5225258176301009,285.33753375337534,2442.5040504050403,188.07650765076508,True,LacZ_3_b3,LacZ OE,0.04835807415646465,-0.7421599898352089,-9.086176743575791,80,750
344,72.91447368421052,318.86915204678365,496.55409356725147,1728.0,1.1805664606998243,352.10380116959067,2394.5190058479534,218.44444444444446,True,LacZ_3_b3,LacZ OE,0.14497830531546407,-0.7214088194921626,-6.8035643962771815,80,750
345,72.54162768942938,326.30028063610854,438.2114125350795,1479.0,1.429969625429477,377.733395696913,2431.9850327408794,204.21608980355472,True,LacZ_3_b3,LacZ OE,0.3429084218754981,-0.7018392412588201,-7.856960413163009,80,750
346,70.2314606741573,386.95280898876405,363.9438202247191,686.0,1.494055074904141,386.31011235955054,1519.314606741573,186.37977528089888,True,LacZ_3_b3,LacZ OE,0.6007645275897937,-0.491914444781825,-11.159389968233583,80,750
347,69.8130612244898,418.82367346938776,387.0138775510204,1595.0,1.814159873382808,390.134693877551,2036.9322448979592,225.06938775510204,True,LacZ_3_b3,LacZ OE,0.5265364922650158,-0.373845434732723,-11.394373418405792,80,750
348,69.98338870431894,496.1046511627907,332.6337209302326,1800.0,1.6343646382881905,412.74750830564784,1542.4709302325582,213.26993355481727,True,LacZ_3_b3,LacZ OE,0.7192494371907685,-0.1013181529714301,-12.031676755969627,80,750
349,70.20915032679738,566.1792717086835,349.0018674136321,1499.0,1.7282714266089476,348.1923436041083,2283.2240896358544,206.7077497665733,True,LacZ_3_b3,LacZ OE,0.6721408336937542,0.15399881949199656,-11.792706290742231,80,750
350,68.9979274611399,625.6393782383419,353.2507772020725,1272.0,1.5359443170900695,362.41243523316064,2769.2497409326425,208.65077720207253,True,LacZ_3_b3,LacZ OE,0.6646766750048168,0.3694274400631745,-13.102053095910819,80,750
351,69.06698564593302,644.5119617224881,365.444976076555,578.0,1.6634921796771547,337.11722488038276,2621.007177033493,166.55741626794259,True,LacZ_3_b3,LacZ OE,0.6256893504955532,0.4391621125583842,-12.941056692479592,80,750
352,70.87575962187711,654.7312626603646,421.7717758271438,2028.0,1.5396028873045038,390.3463875759622,2158.442943956786,184.95746117488184,True,LacZ_3_b3,LacZ OE,0.43668289802235916,0.48314559956112,-10.51818179701614,80,750
353,71.38998211091234,655.5035778175313,776.1475849731663,1491.0,1.3526817091248298,1433.521466905188,2842.975849731664,1083.1502683363149,True,LacZ_3_b3,LacZ OE,-0.7602656125593997,0.5301963527499989,-5.983217111006795,80,750
354,70.1253978357734,670.7453851050286,419.50286441756845,1971.0,1.4116032617965406,379.964353914704,1991.9847231063018,178.53023551877786,True,LacZ_3_b3,LacZ OE,0.44618596365053365,0.5407365872970731,-11.33368759337398,80,750
355,69.84905660377359,667.6873315363881,350.0835579514825,590.0,1.5371771858972396,369.4932614555256,1651.388140161725,200.67924528301887,True,LacZ_3_b3,LacZ OE,0.6803125154083476,0.5210124827039435,-12.390488598671453,80,750
356,70.2085682074408,684.8647125140925,726.4543404735062,1160.0,1.4972857141010112,1674.3990980834274,2339.9515219842165,1315.2795941375423,True,LacZ_3_b3,LacZ OE,-0.5890261451854895,0.630101818042492,-7.800951547607568,80,750
357,69.99252336448598,683.8822429906542,444.54018691588783,893.0,1.487952615324283,357.65233644859813,1968.4897196261682,207.11775700934578,True,LacZ_3_b3,LacZ OE,0.3631386095666891,0.5913429643706565,-11.214696351770868,80,750
358,69.72975929978118,694.3894967177243,532.7100656455142,1331.0,1.5316819499642635,710.4288840262582,1703.6203501094092,698.2614879649891,True,LacZ_3_b3,LacZ OE,0.06652185854755555,0.6403283572655802,-10.50246382159007,80,750
359,70.92009685230025,698.1307506053269,760.1089588377724,701.0,1.4054358887420586,1308.1259079903148,1588.3341404358353,344.15738498789347,True,LacZ_3_b3,LacZ OE,-0.7011344748035303,0.682257565557177,-6.740113502818943,80,750
360,69.4874715261959,720.3667425968109,405.43052391799546,792.0,1.757131120432927,390.57175398633257,1524.0,153.0865603644647,True,LacZ_3_b3,LacZ OE,0.4994843964899991,0.7183212276590318,-12.25351862008577,80,750
361,70.2058394160584,726.5956204379562,440.45109489051094,1120.0,1.6432541621975119,369.170802919708,2100.455474452555,177.63795620437955,True,LacZ_3_b3,LacZ OE,0.3819414471125917,0.7452131543243574,-11.153005299604601,80,750
362,71.2363813229572,744.1770428015565,510.71789883268485,1450.0,1.5547874051651556,355.64299610894943,2140.36186770428,182.9445525291829,True,LacZ_3_b3,LacZ OE,0.14667518674998248,0.8175406524533695,-9.368201982221407,80,750
363,70.48059964726632,260.63227513227514,553.9506172839506,1472.0,1.5730181524614697,320.91181657848324,2496.5493827160494,173.47971781305114,True,LacZ_3_b3,LacZ OE,-0.055789958245501814,-0.9247451254834587,-8.442316131742018,80,750
364,71.02380952380952,274.01863354037266,573.379917184265,1251.0,1.546894699593502,312.62111801242236,1947.7743271221532,162.44202898550725,True,LacZ_3_b3,LacZ OE,-0.11983855564209189,-0.8739322638551874,-7.7115597992225275,80,750
365,71.23056300268097,280.34048257372655,629.5965147453084,1149.0,1.513468246044267,288.5402144772118,2239.5710455764074,155.9048257372654,True,LacZ_3_b3,LacZ OE,-0.3089892276698202,-0.8440611159833075,-6.882249727140248,80,750
366,69.60635359116021,291.6781767955801,515.9668508287293,1053.0,1.7591455489176184,322.73618784530385,2706.983425414365,175.47651933701658,True,LacZ_3_b3,LacZ OE,0.0761040245136757,-0.817285781596897,-9.82413310436064,80,750
367,72.30725623582767,291.8083900226757,500.03968253968253,1292.0,1.6289766934398346,344.68934240362813,2053.9455782312925,171.78344671201813,True,LacZ_3_b3,LacZ OE,0.13002449912330305,-0.8187839699861622,-7.3045297943326375,80,750
368,70.18105263157895,296.22736842105263,645.5021052631579,1274.0,1.8069059331797412,315.1178947368421,2420.013684210526,177.82,True,LacZ_3_b3,LacZ OE,-0.36090484635953957,-0.7846625525557139,-7.790263640018367,80,750
369,71.62407407407407,295.0435185185185,621.125,1471.0,1.392937975282993,357.7083333333333,1839.1777777777777,181.54814814814816,True,LacZ_3_b3,LacZ OE,-0.2786428978898491,-0.7919748360654681,-6.621139457513209,80,750
370,72.27224435590969,304.17662682602923,445.2855245683931,1350.0,1.6352605011709025,336.66932270916334,2411.3851261620184,185.32403718459494,True,LacZ_3_b3,LacZ OE,0.316421713525203,-0.7809194938529582,-7.991538543538695,80,750
371,72.01386321626617,307.0452865064695,507.2171903881701,1350.0,1.3762795733240405,322.8234750462107,2109.126617375231,171.775415896488,True,LacZ_3_b3,LacZ OE,0.10754517660303153,-0.7628189979800613,-7.553952972347361,80,750
372,70.72786885245901,315.36284153005465,729.0109289617486,1325.0,1.5545102342691641,337.57814207650273,2008.3344262295082,225.21311475409837,True,LacZ_3_b3,LacZ OE,-0.6407392194775496,-0.7050681550789495,-6.342664542404819,80,750
373,70.77416356877323,322.1347583643123,470.44702602230484,1440.0,1.783485648814898,352.8150557620818,1860.4572490706319,212.79460966542752,True,LacZ_3_b3,LacZ OE,0.2334644803148025,-0.7128822640510861,-9.248125624279396,80,750
374,71.5141196013289,319.91943521594686,450.5016611295681,1645.0,1.6592042204852178,375.63289036544853,1942.5415282392028,198.984219269103,True,LacZ_3_b3,LacZ OE,0.3006088286190045,-0.723374421071479,-8.729172458508316,80,750
375,70.7513321492007,328.095026642984,399.75843694493784,1653.0,1.56851828436738,373.0710479573712,2517.0968028419184,204.01420959147424,True,LacZ_3_b3,LacZ OE,0.4729402396433433,-0.7001680009853835,-10.08805222473228,80,750
376,70.64810690423162,338.83073496659244,752.9899777282851,1294.0,1.461218315143233,1028.6937639198218,2287.991091314031,596.2160356347439,True,LacZ_3_b3,LacZ OE,-0.7190047730695093,-0.6172540086220832,-6.20802032951751,80,750
377,69.6152466367713,345.0869955156951,407.2932735426009,1433.0,1.876482162733576,393.64125560538116,2729.425112107623,236.05201793721974,True,LacZ_3_b3,LacZ OE,0.4494260312594085,-0.637821341393531,-11.180377196797465,80,750
378,71.12656784492589,343.3922462941847,391.6054732041049,1138.0,1.7702190901128352,362.97263397947546,2307.714937286203,208.55416191562145,True,LacZ_3_b3,LacZ OE,0.5022791218658662,-0.6458945140065119,-9.843063423869111,80,750
379,71.24932249322494,360.7542908762421,397.3441734417344,1422.0,1.6544557603999364,409.5727190605239,2170.9060523938574,215.94850948509486,True,LacZ_3_b3,LacZ OE,0.48492394389772864,-0.5824251728589391,-9.697933323791077,80,750
380,71.33054003724395,371.63500931098696,766.925512104283,1384.0,1.3458023290571486,742.719739292365,2244.9888268156424,846.8826815642458,True,LacZ_3_b3,LacZ OE,-0.7622255844898636,-0.4969438769560074,-5.448234313113645,80,750
381,71.04553571428572,399.38660714285714,392.24910714285716,1424.0,1.7380558964029242,367.43392857142857,2465.16875,237.86339285714286,True,LacZ_3_b3,LacZ OE,0.5066327848464061,-0.4434339409393936,-10.054685488659118,80,750
382,70.48514851485149,409.15841584158414,786.5,881.0,1.7303552498692463,872.3349834983499,2206.937293729373,348.08415841584156,True,LacZ_3_b3,LacZ OE,-0.8240030211771734,-0.3588845785237962,-6.163781754126262,80,750
383,70.46509240246407,433.3254620123203,816.7022587268993,1174.0,1.3132985973479603,916.2895277207392,2657.9209445585216,764.5934291581109,True,LacZ_3_b3,LacZ OE,-0.9232063207118791,-0.2677658594770388,-5.900515139486316,80,750
384,71.98277559055119,465.818405511811,347.7878937007874,2557.0,1.3203175855882172,431.38188976377955,2193.064468503937,235.78198818897638,True,LacZ_3_b3,LacZ OE,0.664604410616568,-0.20887447481823218,-9.785814689478514,80,750
385,70.59649122807018,529.9298245614035,309.5231259968102,902.0,1.597509223330437,426.3333333333333,1762.811802232855,183.45295055821373,True,LacZ_3_b3,LacZ OE,0.8012844382500257,0.018054869781852112,-11.76425816528024,80,750
386,73.36109558412521,531.6042481833426,325.09390721073225,2623.0,1.4949441803052272,433.854667411962,2356.1542761319174,219.84460592509782,True,LacZ_3_b3,LacZ OE,0.7489894573899418,0.026071967324887035,-8.827213118304243,80,750
387,71.34248079034029,583.4720087815588,327.46542261251375,1161.0,1.403959656191295,349.4127332601537,2528.974753018661,186.70032930845224,True,LacZ_3_b3,LacZ OE,0.746950282557296,0.21381902287431598,-10.946510280704771,80,750
388,73.78432732316227,626.7059639389737,371.9119278779473,2269.0,1.8145341092974916,378.07073509015254,1935.8911234396671,189.2274618585298,True,LacZ_3_b3,LacZ OE,0.6019498419203095,0.375648690906883,-8.10677179843917,80,750
389,70.93236714975845,644.3490338164252,357.20652173913044,1128.0,1.909162534051903,325.35748792270533,3060.807971014493,185.59661835748793,True,LacZ_3_b3,LacZ OE,0.6535713784353325,0.4375583588284728,-11.168918171499229,80,750
390,71.3256880733945,667.8091743119267,656.2981651376147,1459.0,1.653996194848347,396.1183486238532,1547.797247706422,1543.608256880734,True,LacZ_3_b3,LacZ OE,-0.3539892707114932,0.5597049156424787,-7.43827731900663,80,750
391,71.98859934853421,687.8314332247558,741.4617263843649,1602.0,1.4404854221058037,1906.1962540716613,2687.621335504886,1256.1001628664494,True,LacZ_3_b3,LacZ OE,-0.6393053235198058,0.642711946592676,-5.857991285271552,80,750
392,71.16056338028169,703.2183098591549,717.2295774647887,915.0,1.567224613870208,1617.6408450704225,2500.205633802817,803.2633802816902,True,LacZ_3_b3,LacZ OE,-0.5556880289080439,0.6952924587952127,-6.998935828271655,80,750
393,69.83691756272401,724.3405017921147,713.241935483871,869.0,1.4352611915913733,564.7939068100359,1521.3458781362008,384.98566308243727,True,LacZ_3_b3,LacZ OE,-0.5398055677375981,0.7711266461506769,-8.419777095195741,80,750
394,73.01182266009852,718.6305418719212,411.5832512315271,1392.0,1.3997133198732514,392.56354679802956,2497.4433497536947,164.120197044335,True,LacZ_3_b3,LacZ OE,0.47863454112825354,0.712840813392376,-8.655287003932003,80,750
395,70.7380073800738,735.4077490774907,690.149446494465,813.0,1.317302948604978,1134.9981549815498,2481.940959409594,588.3468634686346,True,LacZ_3_b3,LacZ OE,-0.46047499017004245,0.8082499576910109,-7.8081374320351244,80,750
396,71.7535885167464,727.0885167464115,581.2878787878788,1647.0,1.3443703364854047,349.06140350877195,1773.6387559808613,195.9896331738437,True,LacZ_3_b3,LacZ OE,-0.09367877208162456,0.7645943390641525,-8.007872936553738,80,750
397,71.74845995893224,761.1355236139631,559.6868583162218,1251.0,1.4990988182148954,348.2679671457906,2596.49794661191,199.87371663244352,True,LacZ_3_b3,LacZ OE,-0.016741026673122827,0.884953029331611,-8.342054188608742,80,750
398,71.93796526054591,272.5794044665012,595.6960297766749,1110.0,1.544288669380857,311.62531017369724,2549.8250620347394,186.57196029776674,True,LacZ_3_b3,LacZ OE,-0.1953534817930982,-0.8763403341565128,-6.540601020574158,80,750
399,72.04600938967135,278.1042253521127,561.8995305164319,1471.0,1.9350581023603883,331.47793427230044,2389.4535211267607,180.06760563380283,True,LacZ_3_b3,LacZ OE,-0.08054253717750715,-0.860591736549838,-6.829809815710661,80,750
400,71.22325102880659,305.5432098765432,464.7551440329218,1339.0,1.5377631714714226,340.1255144032922,1520.2345679012346,169.2530864197531,True,LacZ_3_b3,LacZ OE,0.25077346943902645,-0.7735566693613783,-8.8228182984612,80,750
401,70.82966507177034,310.89856459330144,716.977990430622,1270.0,1.651876414894624,331.05837320574165,1648.2583732057417,196.8555023923445,True,LacZ_3_b3,LacZ OE,-0.6006094966878324,-0.7227053695091067,-6.366471963741105,80,750
402,72.89746835443037,309.8253164556962,434.81772151898736,1046.0,1.4049904226226388,356.7037974683544,2696.506329113924,189.35822784810128,True,LacZ_3_b3,LacZ OE,0.3524642666013933,-0.7618059679566495,-7.499092915117885,80,750
403,72.52602739726028,311.8972602739726,533.168493150685,961.0,1.4077031443244634,290.35068493150686,1854.7438356164384,176.95342465753424,True,LacZ_3_b3,LacZ OE,0.020469063089704864,-0.7420377659506838,-6.759187778752178,80,750
404,73.32213438735178,321.5306324110672,420.4614624505929,1433.0,1.5313510557524066,343.498023715415,2122.5899209486165,180.3685770750988,True,LacZ_3_b3,LacZ OE,0.4023404425015289,-0.7212890393223067,-7.266247447453637,80,750
405,71.73121131741821,332.85322723253756,417.08045977011494,1571.0,1.7620501345948996,385.91688770999116,2866.282935455349,197.9389920424403,True,LacZ_3_b3,LacZ OE,0.4150204055851776,-0.6807998440793186,-8.923327486019176,80,750
406,74.35770234986946,332.2706701479547,759.189730200174,1508.0,1.5698277390854714,479.3089643167972,2695.7380330722367,341.3759791122715,True,LacZ_3_b3,LacZ OE,-0.7405689548348839,-0.6401620887689972,-2.412142997375696,80,750
407,72.40715667311412,349.16634429400386,377.42359767891685,1444.0,1.6599257621645818,336.9574468085106,1884.776595744681,183.1402321083172,True,LacZ_3_b3,LacZ OE,0.5509075171086317,-0.6267866435279503,-8.737766135468448,80,750
408,72.22077922077922,372.06493506493507,343.90909090909093,1160.0,1.4871010930918098,329.2680047225502,2100.115702479339,161.4073199527745,True,LacZ_3_b3,LacZ OE,0.6667809382362755,-0.5482108982660918,-9.360963333031634,80,750
409,72.51720747295968,379.2458210422812,392.42576204523107,1290.0,1.634115252792525,391.91052114060966,2378.3500491642085,227.944936086529,True,LacZ_3_b3,LacZ OE,0.5037437763358963,-0.5161958462213034,-8.531505475242142,80,750
410,71.72787979966611,381.7679465776294,409.7111853088481,792.0,1.5392110878873821,392.110183639399,1702.5943238731218,211.01335559265442,True,LacZ_3_b3,LacZ OE,0.4456184147216178,-0.5049273622832693,-9.130776728391865,80,750
411,74.48721071863581,408.7588306942753,376.6309378806334,2254.0,1.8609877770406962,344.2722289890378,1600.9841656516444,210.2442143727162,True,LacZ_3_b3,LacZ OE,0.5606160493442296,-0.41148453556918885,-6.813613209652502,80,750
412,72.96027241770715,466.93530079455167,322.9409761634506,1135.0,1.3328850646571093,367.744608399546,2323.6311010215663,570.0715096481272,True,LacZ_3_b3,LacZ OE,0.7487037184597116,-0.207933314924315,-9.09318298734189,80,750
413,71.45744680851064,510.42857142857144,326.19452887537994,1029.0,1.4418904362655207,415.1534954407295,1754.369300911854,204.8647416413374,True,LacZ_3_b3,LacZ OE,0.7427282407068128,-0.05034022389251258,-10.666088865607463,80,750
414,72.44197780020181,576.0403632694248,338.11503531786076,1240.0,1.3162470778721287,349.8193743693239,1670.5812310797176,198.1624621594349,True,LacZ_3_b3,LacZ OE,0.7101522651948817,0.18829696033913712,-9.707896430585322,80,750
415,72.19748305905131,594.2894482090998,344.5324298160697,1654.0,1.8754379555728224,405.92836398838335,2262.5304937076476,248.30880929332042,True,LacZ_3_b3,LacZ OE,0.6905937743512836,0.25505434635080526,-9.924471362936586,80,750
416,71.08710407239819,630.1221719457013,343.3518099547511,1316.0,1.5218248789938134,369.5904977375566,2066.475113122172,183.14027149321268,True,LacZ_3_b3,LacZ OE,0.698718311297502,0.38440905471469144,-11.136425165493279,80,750
417,71.9757785467128,635.5899653979238,377.0354671280277,1914.0,1.6548560230961946,376.8650519031142,2148.257785467128,212.6167820069204,True,LacZ_3_b3,LacZ OE,0.5856091798534884,0.40838450564472906,-9.878918278195059,80,750
418,72.47096774193548,653.2215053763441,344.6989247311828,1401.0,1.7513425279298585,351.8720430107527,2287.3806451612904,159.46344086021506,True,LacZ_3_b3,LacZ OE,0.6969155190315242,0.4680757219602756,-9.794251638671241,80,750
419,71.48192771084338,663.6831325301205,439.8,2255.0,1.848006193600896,373.4018072289157,1868.9246987951808,253.15,True,LacZ_3_b3,LacZ OE,0.37685225561154545,0.5177563596216341,-9.729454586291823,80,750
420,74.81046831955923,669.6055096418733,375.28650137741045,2473.0,1.3134920928624232,370.95371900826444,1703.5206611570247,180.9184573002755,True,LacZ_3_b3,LacZ OE,0.5955940191102143,0.5311299184252891,-7.148045708867556,80,750
421,72.78968253968254,681.4107142857143,752.7857142857143,776.0,1.2938572050614443,1315.373015873016,2284.2738095238096,488.1488095238095,True,LacZ_3_b3,LacZ OE,-0.6782749552551206,0.6209256675122699,-4.912605672334948,80,750
422,72.48333333333333,686.3145833333333,786.0958333333333,975.0,1.785244589382705,1142.71875,1723.2020833333333,621.56875,True,LacZ_3_b3,LacZ OE,-0.7902342418748806,0.642807330336197,-4.852893225678372,80,750
423,71.85435897435897,686.9753846153847,412.67897435897436,1488.0,1.654354968220191,377.5989743589744,2093.0533333333333,198.95384615384614,True,LacZ_3_b3,LacZ OE,0.471196417112387,0.5985575370781602,-9.722274991392013,80,750
424,71.59492273730685,692.8189845474614,775.3233995584989,1178.0,1.447535640054206,1827.1258278145694,2834.444812362031,1117.7969094922737,True,LacZ_3_b3,LacZ OE,-0.7531213376251077,0.6649642890090799,-5.879545504331119,80,750
425,74.37709991158268,710.2811671087533,546.7219274977896,2948.0,1.364992675575031,341.72325375773653,1579.3094606542882,217.14633068081343,True,LacZ_3_b3,LacZ OE,0.021223784204247975,0.699550354926145,-5.735519423621241,80,750
426,73.59546539379475,708.6861575178998,602.6145584725537,1148.0,1.5227929624798608,522.6252983293556,1761.4498806682577,750.4976133651551,True,LacZ_3_b3,LacZ OE,-0.16779412459577114,0.7007596914906131,-5.878710708240121,80,750
427,72.93062605752961,707.896785109983,764.3824027072758,1633.0,1.6329983224121352,888.7504230118443,2177.213197969543,406.2148900169205,True,LacZ_3_b3,LacZ OE,-0.7143531458315733,0.7181037383526703,-4.705261710197249,80,750
428,72.86778846153847,714.6346153846154,470.00600961538464,1214.0,1.3718019910834893,356.39302884615387,2283.5,181.31610576923077,True,LacZ_3_b3,LacZ OE,0.28081462672172486,0.7056932414639707,-8.126287450269828,80,750
429,71.34680573663624,723.4511082138201,488.47457627118644,1130.0,1.544722534039874,324.14732724902217,2184.594524119948,221.79269882659713,True,LacZ_3_b3,LacZ OE,0.21939856519916456,0.7398537787871131,-9.45923562168322,80,750
430,71.83053435114503,716.1190839694657,398.26259541984734,839.0,1.5343258887989573,336.9175572519084,1512.932824427481,157.39083969465648,True,LacZ_3_b3,LacZ OE,0.5232922867472947,0.7020912693327264,-9.981519206572983,80,750
431,72.7228103946102,724.2897016361886,619.8806544754572,1484.0,1.4319655375736033,678.9335899903754,2504.592877767084,736.9307025986526,True,LacZ_3_b3,LacZ OE,-0.2243316575161377,0.7593053986135256,-6.5937396644229125,80,750
432,72.10401647785788,731.3656024716787,676.1925849639547,1294.0,1.43505657671081,782.2276004119465,2329.863027806385,620.3439752832131,True,LacZ_3_b3,LacZ OE,-0.41374830299624554,0.7919076480195453,-6.590696188344481,80,750
433,73.05976806422836,737.7466547725245,595.1231043710973,1693.0,1.398660430845656,357.7867975022302,1625.2667261373774,199.7305976806423,True,LacZ_3_b3,LacZ OE,-0.13911968129083374,0.8048536804239088,-6.570980258179162,80,750
434,73.80771929824562,748.2491228070176,603.2266666666667,2007.0,1.3309094367011656,348.95719298245615,1761.6856140350876,187.80491228070176,True,LacZ_3_b3,LacZ OE,-0.16523912780491767,0.8438304174044757,-5.75695753692375,80,750
435,71.57333333333334,746.9022222222222,583.7051851851852,1045.0,1.601222315962697,352.8251851851852,1742.8637037037038,198.4651851851852,True,LacZ_3_b3,LacZ OE,-0.09954025261319288,0.8365076814588437,-8.20947275124135,80,750
436,75.04636363636364,754.319090909091,587.1472727272727,1605.0,1.437247679758284,344.4890909090909,1988.4645454545455,178.40272727272728,True,LacZ_3_b3,LacZ OE,-0.11016815010474346,0.8637703714676057,-4.71587015427194,80,750
437,72.59712230215827,760.818345323741,611.9640287769785,1790.0,1.6209059642875492,373.216726618705,2167.521582733813,191.89658273381295,True,LacZ_3_b3,LacZ OE,-0.19333411850462556,0.8903415320191423,-6.899246324454381,80,750
438,73.53477868112014,765.6784101174345,633.4155374887082,1432.0,1.4393269934229989,389.88075880758805,2226.688346883469,178.4435411020777,True,LacZ_3_b3,LacZ OE,-0.2651928377987275,0.9105932440750375,-5.730116746804072,80,750
439,72.82387706855792,244.95035460992906,607.871158392435,1118.0,1.5385801686701752,315.7411347517731,1828.6371158392435,159.34397163120568,True,LacZ_3_b3,LacZ OE,-0.2396685849619864,-0.9746731005275279,-5.448499460720271,80,750
440,73.68403908794788,256.93919652551574,614.3919652551574,1216.0,1.4847446236005128,294.4071661237785,2331.8512486427794,189.65255157437568,True,LacZ_3_b3,LacZ OE,-0.2602638868703717,-0.9305209717600006,-4.543900697914552,80,750
441,73.44808231992516,262.5201122544434,603.4752104770814,1549.0,1.7116930146071623,313.9579045837231,2558.066417212348,192.00187090739007,True,LacZ_3_b3,LacZ OE,-0.22274598001575918,-0.9117149131719492,-4.917507079244274,80,750
442,72.40717029449424,260.14980793854033,569.0102432778489,1137.0,1.5476854403878741,318.8258642765685,1536.4033290653008,162.42893725992317,True,LacZ_3_b3,LacZ OE,-0.10664223753288216,-0.9245937996965732,-6.343738670726879,80,750
443,73.64700098328417,270.04621435594885,623.5880039331366,1325.0,1.509703791617319,286.59095378564405,2595.3254670599804,184.72173058013766,True,LacZ_3_b3,LacZ OE,-0.2898001913841939,-0.8820000358904228,-4.508827591187128,80,750
444,72.72535885167464,282.3129186602871,610.6909090909091,1470.0,1.4291802056579714,320.0105263157895,1619.8966507177033,170.4535885167464,True,LacZ_3_b3,LacZ OE,-0.2448395131352561,-0.8392819286278455,-5.607018408147582,80,750
445,72.54136690647482,309.8336330935252,681.544964028777,1522.0,1.625183832887725,291.76258992805754,1922.511690647482,179.59442446043167,True,LacZ_3_b3,LacZ OE,-0.4809771145733832,-0.7309665313893869,-5.054479109357629,80,750
446,72.97116134060795,313.9080280592362,482.06703039750585,1684.0,1.5961852487048716,342.11925175370226,1801.9602494154326,189.51519875292283,True,LacZ_3_b3,LacZ OE,0.19333820877849273,-0.7411486077000213,-6.899111584994031,80,750
447,73.30170316301704,319.82603406326035,757.6374695863747,1095.0,1.3779299104974623,324.3126520681265,2449.992700729927,205.13260340632604,True,LacZ_3_b3,LacZ OE,-0.7368178072641305,-0.685342576130378,-3.4550429975434582,80,750
448,72.6687898089172,328.9353958143767,745.4858962693357,1468.0,1.5395381109237358,443.10828025477707,2237.472247497725,248.67606915377615,True,LacZ_3_b3,LacZ OE,-0.6947325566306944,-0.6539408097442787,-4.248285937751561,80,750
449,71.91243432574431,371.9737302977233,408.4203152364273,773.0,1.4541563933159807,325.5551663747811,2606.9614711033273,225.9492119089317,True,LacZ_3_b3,LacZ OE,0.4488436638080153,-0.5404864915496046,-8.936766936000424,80,750
450,71.68661417322835,395.07086614173227,367.4740157480315,899.0,1.4546598403160835,422.0677165354331,1614.0535433070866,226.75433070866143,True,LacZ_3_b3,LacZ OE,0.5898428314614723,-0.46212154337709965,-9.68425476099766,80,750
451,74.4877800407332,391.4012219959267,771.1598778004073,1230.0,1.4973211691265536,379.0641547861507,2025.753564154786,254.60081466395113,True,LacZ_3_b3,LacZ OE,-0.7741015707961303,-0.4249502899800025,-2.291820876932988,80,750
452,73.02907580477674,426.1993769470405,805.1671858774663,1242.0,1.6157660747344256,990.6542056074767,2253.33748701973,347.5514018691589,True,LacZ_3_b3,LacZ OE,-0.8849736930661547,-0.29494306289351924,-3.450094548807982,80,750
453,72.93387096774194,486.7233870967742,345.7927419354839,1588.0,1.599429523675312,392.01048387096773,1655.723387096774,205.1233870967742,True,LacZ_3_b3,LacZ OE,0.6738189178622631,-0.13355949965358838,-8.908915630069217,80,750
454,74.87353433835845,523.4974874371859,309.95477386934675,1623.0,1.6864384907784855,403.6825795644891,2562.236180904523,187.18006700167504,True,LacZ_3_b3,LacZ OE,0.79924135959572,-0.005107654748543133,-7.466762359942408,80,750
455,72.46122860020141,547.710976837865,314.4118831822759,1359.0,1.5417420175129575,346.1168177240685,2539.4944612286004,197.51057401812687,True,LacZ_3_b3,LacZ OE,0.786916495950228,0.08294588850174889,-9.887943113731197,80,750
456,72.15592515592516,551.7494802494803,352.4147609147609,1278.0,1.6728745775851375,421.1715176715177,1842.1912681912681,199.63097713097713,True,LacZ_3_b3,LacZ OE,0.6590044832038167,0.10228590809778448,-9.771784162750762,80,750
457,73.5265748031496,609.8139763779527,334.6397637795276,1332.0,1.6081201956672329,361.0757874015748,3418.4074803149606,201.3248031496063,True,LacZ_3_b3,LacZ OE,0.7258726217700913,0.30993927556549217,-8.745998815218698,80,750
458,73.15629984051037,614.0701754385965,352.5295055821372,1859.0,1.6123314695228412,331.15709728867625,1569.81658692185,168.37480063795854,True,LacZ_3_b3,LacZ OE,0.6659243562687425,0.3275538386493948,-8.923656372010484,80,750
459,71.7752808988764,615.9393258426966,363.77752808988765,568.0,1.3828635619113363,369.3775280898876,1872.9303370786517,201.31011235955057,True,LacZ_3_b3,LacZ OE,0.6280939222487774,0.3357038729889812,-10.181504091680537,80,750
460,72.85412026726058,645.3763919821827,781.7405345211581,1248.0,1.613924803326531,1272.9532293986638,2407.3006681514476,422.7472160356347,True,LacZ_3_b3,LacZ OE,-0.780282859195728,0.49430301809092425,-4.430748655498519,80,750
461,72.46676970633693,650.7156105100464,370.76352395672336,982.0,1.5118984780044524,343.1112828438949,1655.2040185471405,219.53941267387944,True,LacZ_3_b3,LacZ OE,0.6085785572148639,0.4622736434516448,-9.496406963830935,80,750
462,73.0242774566474,657.9988439306359,386.8277456647399,1191.0,1.5883280084080809,360.1005780346821,2512.891329479769,182.6543352601156,True,LacZ_3_b3,LacZ OE,0.555185684803801,0.4906078046690907,-8.774521604724782,80,750
463,72.53248031496064,666.5482283464567,363.86417322834643,1431.0,1.5031267270972708,377.9527559055118,2318.8858267716537,180.83464566929135,True,LacZ_3_b3,LacZ OE,0.6337333044465474,0.5186364621962929,-9.548010610415929,80,750
464,72.38584474885845,675.1803652968036,357.865296803653,606.0,1.6099433627441249,387.7739726027397,1550.4269406392693,182.0593607305936,True,LacZ_3_b3,LacZ OE,0.6549982702747965,0.5490853984543187,-9.783991245282763,80,750
465,74.83369098712447,677.2682403433477,439.8594420600858,1672.0,1.4103346736007711,370.2424892703863,1522.3111587982833,246.6920600858369,True,LacZ_3_b3,LacZ OE,0.3783654672157637,0.5668896158459764,-6.410699755231903,80,750
466,74.2430224642614,702.0871341048332,414.6187882913547,2052.0,1.4546984642735643,401.75425459496256,2271.5575221238937,177.22668481960517,True,LacZ_3_b3,LacZ OE,0.4664987070942952,0.6534361632829924,-7.348969804834525,80,750
467,72.67372473532242,710.1385948026949,703.2454282964388,1460.0,1.7514450220784368,1010.1337824831569,1605.7805582290664,464.4667949951877,True,LacZ_3_b3,LacZ OE,-0.5075848687372408,0.7185694338345305,-5.661660024223423,80,750
468,72.79629629629629,713.5712962962963,720.1462962962963,1627.0,1.7189394448222608,1592.7722222222221,3203.072222222222,648.5666666666667,True,LacZ_3_b3,LacZ OE,-0.5642697913012088,0.7330878190238175,-5.355701366460281,80,750
469,73.93805309734513,724.0997586484312,548.1568785197104,1573.0,1.3685698167287852,347.91874497184233,2414.3515687851973,203.37007240547064,True,LacZ_3_b3,LacZ OE,0.017971393136961833,0.7496708997703578,-6.192279943473679,80,750
470,73.75482787573468,732.6238455079765,700.9563392107473,1614.0,1.5729839747759937,695.1427371956339,2754.0537363560034,553.3560033585222,True,LacZ_3_b3,LacZ OE,-0.4971881216048666,0.7995602516812068,-4.661990435920998,80,750
471,71.56067961165049,737.0606796116505,656.1286407766991,627.0,1.4595770343790708,439.373786407767,1728.9805825242718,312.9635922330097,True,LacZ_3_b3,LacZ OE,-0.34533034479029934,0.8099816918775127,-7.375776939344817,80,750
472,73.10141509433963,747.0896226415094,524.623820754717,1230.0,1.3879259635320376,352.27004716981133,1945.6816037735848,181.36556603773585,True,LacZ_3_b3,LacZ OE,0.10011365145362872,0.8298181813080958,-7.352614699551268,80,750
473,72.60755148741418,756.616704805492,641.9736842105264,1853.0,1.6280605460263307,394.1864988558352,2472.086956521739,202.34782608695653,True,LacZ_3_b3,LacZ OE,-0.2951944433944086,0.8789032884268373,-6.537817069157228,80,750
474,72.74271844660194,768.2184466019418,668.4932038834952,1380.0,1.5417986976729063,345.7485436893204,2494.8601941747575,190.91650485436892,True,LacZ_3_b3,LacZ OE,-0.3834172571258384,0.9241483922565017,-6.130196746852775,80,750
475,74.03425774877651,774.94779771615,675.0114192495922,1114.0,1.5827182286161812,342.4225122349103,1511.2691680261012,170.38825448613377,True,LacZ_3_b3,LacZ OE,-0.4046005840941631,0.9492940123748854,-4.781326271627364,80,750
476,76.34275296262534,279.84138559708293,584.1321786690976,1559.0,1.4597446123370195,300.9088422971741,2486.7055606198724,164.67092069279855,True,LacZ_3_b3,LacZ OE,-0.1552743612046451,-0.8515044688199114,-2.285261577349331,80,750
477,74.03190319031903,275.4950495049505,647.4301430143014,1199.0,1.4542734414531373,309.6105610561056,1685.81298129813,184.8195819581958,True,LacZ_3_b3,LacZ OE,-0.3696869883026761,-0.8593259148686568,-3.866727786103425,80,750
478,74.56472632493484,283.78279756733275,485.5595134665508,1589.0,1.614952977919838,372.0851433536056,2137.9148566463946,168.82884448305822,True,LacZ_3_b3,LacZ OE,0.17808871375017787,-0.8495823555935036,-5.19181766289725,80,750
479,74.20563035495717,279.56915544675644,635.5263157894736,1108.0,1.6949354967681154,298.8567931456548,1622.8212974296205,146.18849449204407,True,LacZ_3_b3,LacZ OE,-0.32899473497292664,-0.8460861316367194,-3.838171640399196,80,750
480,73.97553516819572,288.7737003058104,475.2313965341488,1448.0,1.4411072975421197,328.0550458715596,2008.9520897043833,157.0183486238532,True,LacZ_3_b3,LacZ OE,0.2135357766042476,-0.8328379177649022,-5.910499640397489,80,750
481,74.81052631578947,281.94105263157894,620.9936842105263,790.0,1.5748996063841172,299.3178947368421,1859.1515789473685,162.49894736842106,True,LacZ_3_b3,LacZ OE,-0.27960443192351103,-0.8393237192319252,-3.4041243656532743,80,750
482,73.53197674418605,302.5363372093023,488.4869186046512,1017.0,1.739674382921699,319.3212209302326,2039.1177325581396,181.1889534883721,True,LacZ_3_b3,LacZ OE,0.17034756399014217,-0.7814434553164251,-6.237453052409563,80,750
483,74.93609671848014,298.2841105354059,666.0500863557859,1474.0,1.341307096252575,331.97495682210706,2379.9481865284974,183.99222797927462,True,LacZ_3_b3,LacZ OE,-0.4298909937108243,-0.7746271742209716,-2.8073562767025635,80,750
484,75.21066666666667,302.36533333333335,728.7111111111111,1851.0,1.8116487770896572,348.36355555555554,2635.327111111111,190.53066666666666,True,LacZ_3_b3,LacZ OE,-0.6410692392544683,-0.752049029975947,-1.8315625627588048,80,750
485,75.22127659574468,297.07829787234044,431.6434042553191,1639.0,1.4182118986811825,327.1387234042553,2297.8289361702127,193.92851063829787,True,LacZ_3_b3,LacZ OE,0.3617899240453075,-0.8082566308575716,-5.1800814906675186,80,750
486,73.70432946145723,318.1182682154171,741.3284054910243,1141.0,1.3360976883890865,360.12882787750794,2684.077085533263,204.47940865892292,True,LacZ_3_b3,LacZ OE,-0.6819104799242951,-0.6935486777353619,-3.2333695257003967,80,750
487,76.14019933554817,358.9986710963455,406.80863787375415,2217.0,1.4981350195733476,360.8312292358804,2544.507641196013,200.99335548172758,True,LacZ_3_b3,LacZ OE,0.4529377855611003,-0.5875519665640405,-4.695627348788122,80,750
488,73.01978021978022,372.4637362637363,368.1714285714286,1155.0,1.4945005024393783,362.4934065934066,1745.667032967033,189.45164835164834,True,LacZ_3_b3,LacZ OE,0.584901721472302,-0.5437335745800916,-8.287585706031294,80,750
489,73.41379310344827,394.4987684729064,401.23275862068965,1254.0,1.6582332220465077,344.01724137931035,2252.8189655172414,194.2204433497537,True,LacZ_3_b3,LacZ OE,0.47580799289695785,-0.4599604597421776,-7.572572753964366,80,750
490,76.18784972022382,399.75619504396485,348.7354116706635,1633.0,1.6230717932882741,331.1814548361311,1541.9128697042365,179.9664268585132,True,LacZ_3_b3,LacZ OE,0.6538609976789092,-0.4474937727546551,-5.407572104204732,80,750
491,73.65164835164835,414.6989010989011,808.3032967032967,1269.0,1.6388348948463922,677.7032967032967,1763.3428571428572,380.65934065934067,True,LacZ_3_b3,LacZ OE,-0.8968845862292758,-0.33611300484089923,-2.76364150209794,80,750
492,73.41299303944315,438.14501160092806,830.7853828306264,1112.0,1.5935875860380333,972.4663573085846,2730.907192575406,878.1856148491879,True,LacZ_3_b3,LacZ OE,-0.970102176700765,-0.24856572298456747,-2.804818982401187,80,750
493,74.98219178082192,438.4767123287671,350.57465753424657,1969.0,1.3981862420721811,380.80205479452053,2122.246575342466,295.741095890411,True,LacZ_3_b3,LacZ OE,0.6521177635117885,-0.3073252755933711,-6.687630569146577,80,750
494,73.94480823199251,450.83536014967257,330.6173994387278,1480.0,1.6733220676333014,344.9840972871843,1545.374181478017,184.33395696913,True,LacZ_3_b3,LacZ OE,0.7209334667939058,-0.26515741697354944,-7.98192451456957,80,750
495,74.54204204204204,471.8138138138138,302.2237237237237,1750.0,1.4003541525782717,359.81306306306305,1901.6163663663663,159.98123123123122,True,LacZ_3_b3,LacZ OE,0.8193153709063681,-0.19287626687317672,-7.758705593663137,80,750
496,73.94263862332696,486.0889101338432,327.9646271510516,1343.0,1.7555819902376144,332.7112810707457,2356.914913957935,227.3527724665392,True,LacZ_3_b3,LacZ OE,0.7340061014901487,-0.13807157311104912,-8.101028389704283,80,750
497,73.22348484848484,519.5501893939394,320.9166666666667,1376.0,1.747294138546348,404.3125,2903.753787878788,233.63825757575756,True,LacZ_3_b3,LacZ OE,0.7616886532020555,-0.018017795930717395,-8.982545854426291,80,750
498,73.05793991416309,625.8476394849786,396.1030042918455,1391.0,1.8601536468174287,371.2145922746781,2688.956008583691,189.40557939914163,True,LacZ_3_b3,LacZ OE,0.5201057828327953,0.3755620612405113,-8.556392572065008,80,750
499,75.56535269709543,622.6504149377594,339.4346473029046,1377.0,1.7323378806681977,370.7168049792531,2219.4460580912864,178.50414937759336,True,LacZ_3_b3,LacZ OE,0.7112517718833837,0.3569481610676397,-6.684542861967131,80,750
500,73.80882352941177,640.5668449197861,341.7072192513369,1107.0,1.3642029762740377,384.96791443850265,3067.072192513369,191.71657754010695,True,LacZ_3_b3,LacZ OE,0.7055970064054786,0.4219742957813555,-8.459280702180052,80,750
501,74.04568527918782,646.0329949238578,402.24873096446703,523.0,1.4572226482581805,427.3020304568528,1815.1421319796955,221.0482233502538,True,LacZ_3_b3,LacZ OE,0.5017384134636296,0.4492930184799997,-7.548662952720406,80,750
502,73.24342663273961,656.9821882951654,750.6183206106871,1613.0,1.5993198766982462,1052.3121289228159,1639.2468193384225,1123.1679389312976,True,LacZ_3_b3,LacZ OE,-0.6737853509000529,0.5323662045171313,-4.423333256673743,80,750
503,74.23540145985402,652.7189781021898,760.9507299270073,864.0,1.5297838542039772,1033.2810218978102,1704.8211678832117,484.2956204379562,True,LacZ_3_b3,LacZ OE,-0.7091464768741724,0.5182554213535906,-3.303638200731257,80,750
504,74.89772727272727,670.4261363636364,751.9059343434343,2031.0,1.7559400285231401,1395.1439393939395,2184.667297979798,964.3497474747475,True,LacZ_3_b3,LacZ OE,-0.6765028679826912,0.5811299398665004,-2.7876373736805675,80,750
505,73.8960739030023,683.0969976905312,432.78060046189375,922.0,1.7247152426696273,365.72517321016164,1580.4087759815243,329.8568129330254,True,LacZ_3_b3,LacZ OE,0.40292095176998255,0.5870654889517679,-7.442963619505534,80,750
506,74.07261904761904,700.5083333333333,387.9214285714286,1204.0,1.7097387774893986,370.7011904761905,1845.3619047619047,180.1809523809524,True,LacZ_3_b3,LacZ OE,0.5564899253843514,0.644394570689572,-7.818527210176313,80,750
507,74.10101946246525,697.0491195551436,435.69601482854495,1695.0,1.5208538612160347,356.30491195551434,2633.923076923077,183.48192771084337,True,LacZ_3_b3,LacZ OE,0.3947081063396709,0.6378583578149744,-7.239298662200412,80,750
508,74.35313901345292,702.7993273542601,400.8452914798206,1365.0,1.6499828857256502,413.5952914798206,1902.365470852018,170.75336322869956,True,LacZ_3_b3,LacZ OE,0.513112005863509,0.6542909964742676,-7.396963803685324,80,750
509,74.45300261096605,735.9308093994778,648.8524804177546,1092.0,1.3949405108094224,397.1044386422976,1955.1853785900782,260.5195822454308,True,LacZ_3_b3,LacZ OE,-0.32077198829679576,0.8050109719121896,-4.563461409508946,80,750
510,74.00328587075575,753.52573932092,550.8422782037239,1304.0,1.6184463738851416,366.0930996714129,1934.6593647316538,172.27382256297918,True,LacZ_3_b3,LacZ OE,0.012334930594489979,0.8563612715743147,-6.169037997799364,80,750
511,74.88954344624447,764.2047128129602,461.6097201767305,1842.0,1.3982042328174775,359.4675994108984,2029.5456553755523,172.3519882179676,True,LacZ_3_b3,LacZ OE,0.315036504090207,0.8838213600203886,-6.322058965482043,80,750
512,77.61438356164383,755.7739726027397,643.7424657534247,2291.0,1.4592129606830282,383.96232876712327,2231.0842465753426,208.9945205479452,True,LacZ_3_b3,LacZ OE,-0.3010741297525793,0.8761157582375116,-1.5091690745749418,80,750
513,75.43630573248407,775.1730360934182,615.1963906581741,1360.0,1.4698282842819888,360.50106157112526,1595.7038216560509,171.2367303609342,True,LacZ_3_b3,LacZ OE,-0.20246886613097426,0.942648704765676,-4.058914832402806,80,750
514,74.78125,253.51339285714286,545.1662946428571,1359.0,1.6851922273491107,326.2544642857143,1522.2142857142858,146.03683035714286,True,LacZ_3_b3,LacZ OE,-0.026781251031464226,-0.9515397763750932,-4.224138488857932,80,750
515,75.92820884699057,267.91298042059464,558.9637418419144,2056.0,1.6416650426694799,362.1211022480058,2443.832487309645,169.0949963741842,True,LacZ_3_b3,LacZ OE,-0.07166431172578891,-0.8977635979245395,-2.9560989617661733,80,750
516,74.13987138263666,290.61575562700966,455.57877813504825,948.0,1.6391042350074703,338.64308681672026,1581.8118971061094,161.63344051446944,True,LacZ_3_b3,LacZ OE,0.28014224319426884,-0.8286332130394489,-5.973796778118469,80,750
517,74.91711229946524,297.27450980392155,557.0017825311943,1575.0,1.5414185722203442,350.19429590017825,1804.903743315508,185.825311942959,True,LacZ_3_b3,LacZ OE,-0.06165139812821274,-0.7918946044633588,-4.061709254596366,80,750
518,75.45149700598802,294.5245508982036,627.8550898203592,1116.0,1.6024292944592113,331.6,1755.346107784431,187.70179640718564,True,LacZ_3_b3,LacZ OE,-0.3012893643535862,-0.7929814254132143,-2.716300361012742,80,750
519,75.995085995086,299.7862407862408,512.3181818181819,1309.0,1.598021124989581,303.56265356265357,2094.0061425061426,164.35995085995086,True,LacZ_3_b3,LacZ OE,0.08962150617872733,-0.7883885932712349,-3.497217728128959,80,750
520,75.53402537485583,315.6551326412918,511.0634371395617,1394.0,1.6873429537486684,311.4728950403691,1950.5397923875432,179.66897347174165,True,LacZ_3_b3,LacZ OE,0.09569302035277416,-0.7311936960761927,-4.011571943253941,80,750
521,77.0456570155902,325.65812917594656,767.597995545657,1290.0,1.468617939388225,330.4387527839644,2813.595768374165,205.4543429844098,True,LacZ_3_b3,LacZ OE,-0.7696389405697408,-0.6629916741739774,0.3873615356874609,80,750
522,76.29805996472663,341.5740740740741,426.5687830687831,1582.0,1.539725083579914,338.6216931216931,3068.7398589065256,200.31305114638448,True,LacZ_3_b3,LacZ OE,0.38416306603499506,-0.6480609184754039,-4.270558206077922,80,750
523,75.67560321715818,342.72743521000893,743.6362823949955,1362.0,1.4156685680600434,1318.420017873101,2387.593386952636,643.9410187667561,True,LacZ_3_b3,LacZ OE,-0.6867598693952284,-0.6043006296067921,-1.2966378807813896,80,750
524,74.13728813559322,362.2677966101695,388.4,903.0,1.6913641206340122,404.06949152542376,2195.2677966101696,205.0864406779661,True,LacZ_3_b3,LacZ OE,0.5154248841332734,-0.5780502602211519,-6.915419265736574,80,750
525,74.91931216931216,384.9100529100529,374.3862433862434,1061.0,1.8378709474598025,383.62433862433863,2103.1111111111113,258.42857142857144,True,LacZ_3_b3,LacZ OE,0.5654335540931097,-0.4979584262014747,-6.348287242690446,80,750
526,75.44499381953028,413.90852904820764,798.3572311495674,1017.0,1.3894636203760666,657.5686032138442,1866.3312731767614,406.7354758961681,True,LacZ_3_b3,LacZ OE,-0.8633103240713735,-0.3401983249952568,-1.081372764470089,80,750
527,75.65033911077619,535.1650339110777,300.8394875659382,2085.0,1.6029222308454723,350.39864355689525,1585.8907309721176,167.14167294649585,True,LacZ_3_b3,LacZ OE,0.8314230694054046,0.03592990734226564,-6.822216256105904,80,750
528,75.25867195242814,546.2616451932606,327.74132804757187,1451.0,1.541306812581855,355.65708622398415,1660.3211100099109,186.6471754212091,True,LacZ_3_b3,LacZ OE,0.7418295306482281,0.07939311698809126,-6.935810591167524,80,750
529,76.12811059907834,597.4783410138249,328.93917050691243,1419.0,1.4819429336430208,410.63502304147465,1985.832258064516,202.18801843317974,True,LacZ_3_b3,LacZ OE,0.7437905872457444,0.2646620674171267,-6.178968610470832,80,750
530,76.89072543617998,592.8943985307621,312.32598714416895,2336.0,1.8236753572936153,370.07070707070704,2191.2920110192836,188.04683195592287,True,LacZ_3_b3,LacZ OE,0.7994036524486403,0.24602529583884758,-5.59369970075447,80,750
531,75.8544776119403,599.6592039800995,347.10199004975124,1174.0,1.599320701580582,395.6057213930348,1569.157960199005,204.6629353233831,True,LacZ_3_b3,LacZ OE,0.682681558086764,0.27481055514476793,-6.2517797951199015,80,750
532,74.88150289017341,637.6040462427745,355.4956647398844,1186.0,1.7372187758004283,381.84104046242777,3059.8612716763005,188.53612716763007,True,LacZ_3_b3,LacZ OE,0.658716407311545,0.4129958030677503,-7.222858161267723,80,750
533,74.4920634920635,635.7924297924297,802.7264957264957,1071.0,1.5364304236896948,1095.6251526251526,2211.4261294261296,714.2051282051282,True,LacZ_3_b3,LacZ OE,-0.8522266248447926,0.46229668690130477,-2.5310917082323243,80,750
534,74.69293924466338,649.0771756978653,328.71264367816093,933.0,1.3660735865466849,383.64367816091954,1605.3054187192117,148.58620689655172,True,LacZ_3_b3,LacZ OE,0.7505186047989929,0.4511170574103771,-7.743690933678479,80,750
535,75.23164556962026,656.9746835443038,787.6645569620254,1165.0,1.5911101318811156,667.1316455696202,1913.1607594936709,500.5848101265823,True,LacZ_3_b3,LacZ OE,-0.7988491919730747,0.5369804059552148,-2.01470150482686,80,750
536,75.46993127147766,659.1701030927835,353.5481099656357,1804.0,1.393454152107083,344.89948453608247,1773.377147766323,173.00429553264604,True,LacZ_3_b3,LacZ OE,0.6678332286687236,0.4907033368834437,-6.70968941688929,80,750
537,76.30281182408075,715.6056236481616,434.676279740447,2439.0,1.4607764917018775,360.64023071377073,2148.4700793078587,172.8925739005047,True,LacZ_3_b3,LacZ OE,0.4004021226893526,0.7048163881106575,-5.09493082652385,80,750
538,76.04206241519674,716.4925373134329,712.0515603799186,966.0,1.4918274942954308,806.0515603799186,3086.506105834464,449.46268656716416,True,LacZ_3_b3,LacZ OE,-0.5364601801221391,0.7426594770510662,-2.2092355602078726,80,750
539,77.53977758768178,715.0966638152266,766.4893071000855,1861.0,1.6678167515072944,1477.1727972626177,2767.917878528657,905.8186484174508,True,LacZ_3_b3,LacZ OE,-0.7204522969412364,0.744423921167437,-0.09023639748004086,80,750
540,78.86448184233835,733.8414526129318,524.7621789193977,3756.0,1.5123761639026678,371.47254207263063,1552.898582816652,185.37156775907883,True,LacZ_3_b3,LacZ OE,0.09832372773329223,0.7819956400846453,-1.555738899707677,80,750
541,74.88076490438695,724.0967379077615,496.8627671541057,1404.0,1.5045560774124949,366.48481439820023,1576.461192350956,170.56917885264343,True,LacZ_3_b3,LacZ OE,0.19127563705762118,0.7432612738051878,-5.831886784389582,80,750
542,76.35015290519878,729.2079510703364,682.3440366972477,1077.0,1.4493405365308796,519.5902140672783,2654.782874617737,569.8929663608562,True,LacZ_3_b3,LacZ OE,-0.4346151200909808,0.7849092243336115,-2.26970451326261,80,750
543,76.26632428466618,736.4233308877476,747.9809244314014,2005.0,1.6008526154657325,374.7556859867938,1586.703595011005,204.68598679383712,True,LacZ_3_b3,LacZ OE,-0.6554939289748714,0.8191841261344186,-1.6262235599585182,80,750
544,76.9625,745.9263888888889,663.7229166666667,2199.0,1.4755997639117404,389.2763888888889,1548.5291666666667,215.04236111111112,True,LacZ_3_b3,LacZ OE,-0.3697405605597839,0.8430139094512892,-1.9099491940679059,80,750
545,77.47426761678543,751.9414093428345,719.1021377672209,1862.0,1.3121849521081959,390.15597783056216,1702.6191607284243,163.34362628661916,True,LacZ_3_b3,LacZ OE,-0.5560866325011413,0.8716737933601086,-0.7843953471924436,80,750
546,75.40179573512907,765.8843995510662,622.9057239057239,1150.0,1.4727738493576241,374.06509539842875,1861.8933782267115,181.6094276094276,True,LacZ_3_b3,LacZ OE,-0.22959521375647896,0.9100392288457593,-3.98303456547319,80,750
547,75.91545454545455,768.4345454545454,582.9218181818181,1553.0,1.5115775231612263,357.9327272727273,1835.3754545454547,191.95272727272726,True,LacZ_3_b3,LacZ OE,-0.09421489510976677,0.9142667720397524,-3.929566113479936,80,750
548,75.78271213322759,778.2696272799366,656.9587628865979,1686.0,1.53010793990877,366.4583663758921,3109.052339413164,192.2759714512292,True,LacZ_3_b3,LacZ OE,-0.3431648893291531,0.9590587390803347,-3.2460945733809723,80,750
549,77.05734767025089,271.43458781362006,593.9202508960574,1605.0,1.5032708319375945,311.07706093189967,2518.84229390681,182.92293906810036,True,LacZ_3_b3,LacZ OE,-0.18929075891521552,-0.8806615032992703,-1.4389022139674665,80,750
550,76.64681555004135,277.0727874276261,494.3970223325062,1608.0,1.5800925183669583,328.28205128205127,2382.808105872622,161.4863523573201,True,LacZ_3_b3,LacZ OE,0.14753399570565406,-0.8727151536260049,-2.993025116506743,80,750
551,76.71624266144813,288.0332681017613,617.5048923679061,735.0,1.4146214589281212,357.7847358121331,1977.1800391389434,187.91585127201566,True,LacZ_3_b3,LacZ OE,-0.2670353232920415,-0.8177260115056169,-1.5531431904855282,80,750
552,75.50923482849605,294.05452946350044,647.6754617414248,1549.0,1.6967492391685146,318.155672823219,2263.900615655233,181.33421284080916,True,LacZ_3_b3,LacZ OE,-0.36829388348940006,-0.7922045671014091,-2.4324189348719614,80,750
553,76.27258921791952,301.6423690205011,464.58390280941535,2107.0,1.533398135190187,319.09870918754746,1563.5208807896736,175.68033409263478,True,LacZ_3_b3,LacZ OE,0.2510920111647308,-0.7876391003054322,-3.7661576889007335,80,750
554,76.01506373117033,309.6848203939745,710.7137891077637,1165.0,1.5446733289157102,302.72305909617614,1622.4669756662804,189.33487833140208,True,LacZ_3_b3,LacZ OE,-0.5793906633742596,-0.7278356976221693,-1.249541706426328,80,750
555,75.48588957055215,307.201226993865,736.4036809815951,1169.0,1.6996410857492,358.8993865030675,3108.323926380368,191.17914110429447,True,LacZ_3_b3,LacZ OE,-0.6664795690461099,-0.7336078953643075,-1.4809461352637925,80,750
556,75.57605177993527,310.2394822006473,750.1909385113269,1185.0,1.3201015913655894,322.23732470334414,2441.839266450917,182.1801510248112,True,LacZ_3_b3,LacZ OE,-0.7126941764291432,-0.7209042397113652,-1.2417672002309956,80,750
557,76.28998849252014,320.40161104718067,726.0494821634062,1125.0,1.5568370620934096,329.40391254315307,2776.2727272727275,229.29113924050634,True,LacZ_3_b3,LacZ OE,-0.6299330550308747,-0.6871847028102283,-0.8269462113406689,80,750
558,76.5827633378933,324.5581395348837,390.72298221614227,2103.0,1.793255199393746,362.1662106703146,1547.5909712722298,157.20519835841313,True,LacZ_3_b3,LacZ OE,0.503274184276782,-0.7140361278676018,-4.350869381848696,80,750
559,76.01572739187418,323.9829619921363,718.6906946264744,1178.0,1.5405975123207156,319.54390563564874,2281.2424639580604,218.7549148099607,True,LacZ_3_b3,LacZ OE,-0.6046684310338872,-0.6751616418535287,-1.1935417769354046,80,750
560,76.0532241555783,363.7932446264074,378.7154554759468,1295.0,1.7113321593165678,373.66120777891507,1726.1586489252816,191.87922210849538,True,LacZ_3_b3,LacZ OE,0.5483905889799223,-0.5737319190830059,-5.113302950170009,80,750
561,76.12716262975779,382.6228373702422,352.219723183391,1478.0,1.5046045983518106,301.2006920415225,1568.3615916955018,183.5674740484429,True,LacZ_3_b3,LacZ OE,0.6400905122618279,-0.5089843071797164,-5.386507490778413,80,750
562,74.9979079497908,383.7489539748954,363.0502092050209,696.0,1.634920835282614,349.30962343096235,2214.807531380753,185.0836820083682,True,LacZ_3_b3,LacZ OE,0.6035935517567195,-0.5035700839527735,-6.395517651636851,80,750
563,78.12955465587045,509.09022556390977,313.8877964141122,2626.0,1.250833917597072,371.0173510699826,2246.1457489878544,178.29901677270098,True,LacZ_3_b3,LacZ OE,0.7844012565473524,-0.05666438345753211,-4.1308343356909205,80,750
564,76.627648839556,554.3693239152371,312.7709384460141,1337.0,1.7415925587687433,336.8546922300706,2584.4470232088797,205.17053481331988,True,LacZ_3_b3,LacZ OE,0.7933970690777272,0.10683745368703801,-5.756829071083899,80,750
565,77.09349289454002,586.0463724756919,340.095736724009,1829.0,1.515589280547419,396.90201944652205,2163.9005235602094,186.962602842184,True,LacZ_3_b3,LacZ OE,0.7048083515444039,0.22474391621992384,-5.058853869787811,80,750
566,75.18677042801556,598.8054474708172,360.5807392996109,1412.0,1.690137250969565,344.16731517509726,2133.5593385214006,183.76556420233464,True,LacZ_3_b3,LacZ OE,0.6370258439542351,0.2734030868509736,-6.764335987775851,80,750
567,77.33579033579034,628.2809172809173,350.03112203112204,1717.0,1.4673593900058668,384.2751842751843,2214.093366093366,185.44553644553645,True,LacZ_3_b3,LacZ OE,0.6761826865842555,0.37863509405033535,-4.807805986172468,80,750
568,75.77326565143824,627.989847715736,403.1962774957699,828.0,1.395132293492573,456.8358714043993,2705.9306260575295,191.92047377326566,True,LacZ_3_b3,LacZ OE,0.4964999297703443,0.38421081029035564,-5.766006868090344,80,750
569,74.58955223880596,642.4664179104477,384.8470149253731,525.0,1.7356539888819973,402.57089552238807,2334.2014925373132,178.73507462686567,True,LacZ_3_b3,LacZ OE,0.560125300874867,0.43423320638365537,-7.193583695106582,80,750
570,75.2318339100346,650.2837370242214,337.0415224913495,786.0,1.823367795900368,356.0934256055363,2565.910034602076,160.159169550173,True,LacZ_3_b3,LacZ OE,0.7225457414315819,0.4565221089320004,-7.113259270910504,80,750
571,77.671974522293,654.7331210191082,377.3573248407643,2424.0,1.8102025678239646,377.84904458598726,1964.5292993630574,178.96815286624204,True,LacZ_3_b3,LacZ OE,0.5869748113447102,0.47765656929368205,-4.2265983392754976,80,750
572,74.81113801452784,676.8292978208233,765.2578692493946,1132.0,1.5411315102308485,1305.4043583535108,2594.306295399516,1088.2106537530267,True,LacZ_3_b3,LacZ OE,-0.7208613439585403,0.6059397119112044,-2.738426535673554,80,750
573,77.4346314325452,685.0361613351878,366.27746870653687,2235.0,1.5395838232887626,407.2816411682893,2300.4304589707926,180.1356050069541,True,LacZ_3_b3,LacZ OE,0.6279270952686355,0.5857955925388023,-4.664327445310988,80,750
574,75.63366336633663,680.1386138613861,382.1274752475247,1191.0,1.815530634336225,386.91831683168317,1809.9517326732673,173.9009900990099,True,LacZ_3_b3,LacZ OE,0.5737459945262993,0.5700602712592537,-6.27319190919215,80,750
575,76.75338106603023,689.8146380270485,421.01750198886236,1778.0,1.3673468074768773,392.4359586316627,2066.4327764518694,204.37629276054096,True,LacZ_3_b3,LacZ OE,0.44354984154182464,0.6098974754826079,-4.735921475024554,80,750
576,77.03917525773196,686.8123711340206,773.7329896907216,1255.0,1.4156284849379535,950.7144329896907,2983.6567010309277,604.2237113402061,True,LacZ_3_b3,LacZ OE,-0.7482392876624918,0.6430966754653584,-0.4389207793933849,80,750
577,76.27570093457943,690.3607476635514,758.9224299065421,1446.0,1.4983101763701177,927.1364485981309,1764.2429906542056,376.24766355140184,True,LacZ_3_b3,LacZ OE,-0.6978258076258437,0.6540662956201837,-1.3792037679734506,80,750
578,76.28362573099415,692.6081871345029,442.40058479532166,528.0,1.5067409860759449,342.7514619883041,2067.5233918128656,193.1812865497076,True,LacZ_3_b3,LacZ OE,0.37162685641127546,0.6226610873034104,-4.969796031257971,80,750
579,78.71308016877637,730.5506329113924,453.24120956399435,2394.0,1.606363952955554,355.6322081575246,2298.45288326301,175.01195499296765,True,LacZ_3_b3,LacZ OE,0.3395272382593013,0.76116872032719,-2.5108924435456004,80,750
580,78.45296671490593,739.0224312590449,479.1410998552822,1909.0,1.7513665822296727,347.61866859623734,1638.6338639652677,164.95441389290883,True,LacZ_3_b3,LacZ OE,0.25301715746403275,0.7950209086704823,-2.497851208783402,80,750
581,76.92398815399802,742.045409674235,710.8331688055281,1426.0,1.4574202458045475,336.79664363277396,2883.3721618953605,215.0,True,LacZ_3_b3,LacZ OE,-0.5293300801791818,0.8348698420510734,-1.40413083385792,80,750
582,79.25947677522691,761.3614522156968,609.416978109984,2908.0,1.443704040110884,361.77309129738387,2411.006406833956,188.83769353977576,True,LacZ_3_b3,LacZ OE,-0.18440960566699438,0.8920362655199041,-0.2675915776702169,80,750
583,75.70580110497238,761.2555248618785,660.1256906077348,1073.0,1.768873974304293,343.3328729281768,2978.6629834254145,218.19337016574585,True,LacZ_3_b3,LacZ OE,-0.355849990289266,0.8979594724717399,-3.2451492681649654,80,750
584,76.02208201892745,772.0694006309149,558.4384858044164,500.0,1.413424130977229,350.2902208201893,1924.7665615141955,160.01577287066246,True,LacZ_3_b3,LacZ OE,-0.011083715476436606,0.9243474994745136,-4.109818967178356,80,750
585,76.39549180327869,778.2049180327868,560.0737704918033,634.0,1.3876820535851218,380.26229508196724,2105.1639344262294,160.68237704918033,True,LacZ_3_b3,LacZ OE,-0.015877553466525862,0.9467301558300367,-3.7329819294475044,80,750
586,77.38260056127221,260.1973807296539,571.0561272217026,1575.0,1.9195794328842435,324.2825070159027,2132.7754911131897,185.10944808231991,True,LacZ_3_b3,LacZ OE,-0.11335532954563354,-0.9241291241012515,-1.345537473314053,80,750
587,78.3664047151277,271.1935166994106,634.8104125736738,1390.0,1.3344957935482604,326.88703339882125,1704.0540275049116,145.9253438113949,True,LacZ_3_b3,LacZ OE,-0.3273926111237352,-0.876416524300803,0.33482280791638175,80,750
588,78.19327731092437,298.84558823529414,636.3109243697479,1309.0,1.4108535901438812,314.77100840336135,2568.4579831932774,180.5325630252101,True,LacZ_3_b3,LacZ OE,-0.3292427095692977,-0.7762873606908115,0.11063920311887898,80,750
589,76.47884940778341,302.23857868020303,496.3824027072758,855.0,1.3730067429467572,323.02876480541454,2634.1116751269037,186.5228426395939,True,LacZ_3_b3,LacZ OE,0.14375625281205906,-0.7815115793334109,-3.200420694723178,80,750
590,77.41866913123845,313.6682070240296,761.9011090573013,1393.0,1.3887802111639993,331.7153419593346,2727.6691312384473,193.72365988909428,True,LacZ_3_b3,LacZ OE,-0.7517792713102903,-0.7070355843475534,0.7252090652754362,80,750
591,77.36086956521739,324.3141304347826,412.0804347826087,1214.0,1.3897535903444451,360.495652173913,1670.6445652173913,171.7804347826087,True,LacZ_3_b3,LacZ OE,0.43113169866393597,-0.7122450450304882,-3.32977667405072,80,750
592,75.88235294117646,347.55742296918766,383.4257703081233,707.0,1.704446487230519,337.07282913165267,2374.484593837535,163.92997198879553,True,LacZ_3_b3,LacZ OE,0.530579171958458,-0.6318262005951076,-5.1907085435374825,80,750
593,77.33271260086903,357.7343265052762,426.88950962135317,2312.0,1.6293738249790446,346.56424581005587,2114.8684047175666,213.15270018621973,True,LacZ_3_b3,LacZ OE,0.38500450968679245,-0.5896050110453601,-3.272133744089885,80,750
594,77.23662737987307,371.29646418857664,392.64279238440616,1504.0,1.6061123952977785,366.78875793291024,2481.879419764279,195.9456029011786,True,LacZ_3_b3,LacZ OE,0.5022658138730123,-0.5448648367932705,-3.7903628570887093,80,750
595,76.43891402714932,442.1029411764706,339.57013574660635,1278.0,1.733329223767452,381.0079185520362,2492.923076923077,190.6266968325792,True,LacZ_3_b3,LacZ OE,0.6897695506365498,-0.2955823475192252,-5.364854455089244,80,750
596,76.4297782470961,477.3790918690602,317.90496304118267,1279.0,1.5084129750641395,364.59662090813094,1689.8352692713834,209.2534318901795,True,LacZ_3_b3,LacZ OE,0.7670672054826579,-0.17078919585128038,-5.706797986001305,80,750
597,77.1590909090909,478.50081168831167,336.60876623376623,1552.0,1.4847578625779947,394.78165584415586,1990.064935064935,201.6818181818182,True,LacZ_3_b3,LacZ OE,0.7040459828100523,-0.16439371058126107,-4.767981802007313,80,750
598,76.84215328467154,510.2153284671533,332.5255474452555,1436.0,1.538098611015095,405.55109489051097,2401.2627737226276,205.6213503649635,True,LacZ_3_b3,LacZ OE,0.7215256340149205,-0.05028001282819827,-5.209354251627204,80,750
599,77.22665267576076,644.3767051416579,791.227701993704,1322.0,1.4942117937186157,967.3158447009444,2137.4931794333684,516.0870933892969,True,LacZ_3_b3,LacZ OE,-0.812277563963165,0.49190735383464457,0.051643873310979416,80,750
600,78.1346316680779,647.0804403048264,764.350550381033,1504.0,1.811363791206719,1067.229466553768,2323.7171888230314,386.1202370872142,True,LacZ_3_b3,LacZ OE,-0.7211378607637091,0.49832977789828736,0.6478083004094088,80,750
601,77.05964912280702,647.5052631578948,391.24912280701756,1666.0,1.423035025987161,413.4061403508772,1980.7289473684211,181.61491228070176,True,LacZ_3_b3,LacZ OE,0.5391825366965235,0.45326314023579517,-4.663389797213625,80,750
602,77.64311270125224,659.5930232558139,766.6055456171736,1619.0,1.5941162166563543,779.3166368515206,1769.773703041145,598.2871198568873,True,LacZ_3_b3,LacZ OE,-0.7273146624877007,0.5438320238753336,0.15110426481395223,80,750
603,77.9763481551561,677.2062440870388,738.5685903500473,1345.0,1.369611711767999,1650.3358561967834,2310.7805108798484,735.0889309366131,True,LacZ_3_b3,LacZ OE,-0.6305404428967907,0.6039927625083692,0.12267974885783417,80,750
604,77.25993377483444,689.1804635761589,725.4205298013245,1488.0,1.647686129115142,1447.6763245033112,2858.849337748344,1105.955298013245,True,LacZ_3_b3,LacZ OE,-0.5847582041668049,0.6456239345034094,-0.7724256617951397,80,750
605,77.39775051124744,686.3875255623722,391.8149284253579,1537.0,1.4136289495342689,353.65848670756645,1630.8629856850716,159.67280163599182,True,LacZ_3_b3,LacZ OE,0.5418194082832413,0.5938687565215128,-4.414646814378585,80,750
606,77.80366492146597,690.9397905759163,787.4136125654451,1416.0,1.647526894745089,606.5183246073299,2602.3630017452006,1214.3307155322861,True,LacZ_3_b3,LacZ OE,-0.7939406023880691,0.6597286347437945,0.47064729250971027,80,750
607,76.6103896103896,700.8021978021978,777.6683316683317,1231.0,1.3382601086495738,657.5584415584416,2641.022977022977,1336.022977022977,True,LacZ_3_b3,LacZ OE,-0.7599174683289553,0.6941484497691164,-0.8574594779596652,80,750
608,79.98361469712016,703.6668321747766,394.21251241310824,3827.0,1.665355247593448,377.32472691161865,2120.092353525323,171.28103277060575,True,LacZ_3_b3,LacZ OE,0.5358358142409401,0.6566402428113147,-1.8442960901538328,80,750
609,78.84260515603799,720.5183175033922,394.95793758480323,1859.0,1.3255970651323892,369.11736770691994,2354.172998643148,176.64654002713704,True,LacZ_3_b3,LacZ OE,0.5352392208469947,0.7176312327260206,-3.0182684367519386,80,750
610,79.44794400699912,722.6001749781277,690.3998250218723,1737.0,1.4784255858810125,1023.8346456692914,1971.5100612423448,1156.5844269466318,True,LacZ_3_b3,LacZ OE,-0.46247807184840506,0.762055909541246,0.9355959474848277,80,750
611,77.68589743589743,730.6105769230769,620.8092948717949,992.0,1.4699468862140155,395.4775641025641,2546.2820512820513,250.64102564102564,True,LacZ_3_b3,LacZ OE,-0.2265395586209883,0.7823040971092412,-1.6360129329675033,80,750
612,76.34749034749035,740.1100386100386,518.0405405405405,886.0,1.7257807160609446,343.57915057915056,2704.4555984555986,197.01351351351352,True,LacZ_3_b3,LacZ OE,0.12166288474762177,0.8037939772537583,-4.164299051389861,80,750
613,76.07390300230946,743.6905311778291,645.4110854503464,867.0,1.7583506085970197,408.06004618937646,2958.612009237875,234.82217090069284,True,LacZ_3_b3,LacZ OE,-0.3081794959615649,0.8326393465338127,-3.000845645848784,80,750
614,79.1122599704579,744.5406203840473,653.903988183161,1133.0,1.3782174156492921,382.8522895125554,2586.248153618907,214.17725258493354,True,LacZ_3_b3,LacZ OE,-0.33665143387851093,0.8367951885428981,0.1316195196647243,80,750
615,76.9825,751.2,507.595,856.0,1.9282194065943856,342.4,2039.16,203.915,True,LacZ_3_b3,LacZ OE,0.15826526167692112,0.8425767822560273,-3.6752163519415433,80,750
616,76.82536585365854,751.0175609756097,627.3375609756098,1437.0,1.5389190579985488,362.0819512195122,2056.539512195122,200.40682926829268,True,LacZ_3_b3,LacZ OE,-0.2462446784081308,0.8568700280927091,-2.4726390161326037,80,750
617,78.68087121212122,266.311553030303,610.9526515151515,1415.0,1.6761348030211507,294.6448863636364,2546.880681818182,166.4251893939394,True,LacZ_3_b3,LacZ OE,-0.24735990704243005,-0.8970385146169879,0.39047111596326545,80,750
618,78.25473684210526,274.1957894736842,538.7747368421053,759.0,1.4965576495963762,326.89684210526315,2156.3915789473685,169.66315789473686,True,LacZ_3_b3,LacZ OE,-0.002644480384974779,-0.8775594501304741,-0.874375533605118,80,750
619,81.78996598639456,269.4175170068027,562.6751700680272,1943.0,1.6558437933170789,343.3103741496599,2298.420918367347,184.0093537414966,True,LacZ_3_b3,LacZ OE,-0.08379932733081397,-0.8918183765575248,2.9436874795993475,80,750
620,77.33724832214764,277.53859060402687,513.3087248322148,819.0,1.6714807979459667,317.70805369127515,2147.4379194630874,167.85402684563758,True,LacZ_3_b3,LacZ OE,0.08373249722045606,-0.8686646802439737,-2.0891108651889,80,750
621,77.7866273352999,286.24975417895774,730.6764995083579,1205.0,1.3771017658349618,333.85840707964604,2440.360865290069,186.08751229105212,True,LacZ_3_b3,LacZ OE,-0.6494883265982315,-0.8100309552399912,0.8062233956418794,80,750
622,78.76645768025078,280.2398119122257,643.2351097178683,888.0,1.3898329500450666,297.02037617554856,2618.0313479623824,175.72100313479623,True,LacZ_3_b3,LacZ OE,-0.3547801129858982,-0.8426653421146935,0.8082023040128519,80,750
623,79.06035379812695,286.0603537981269,674.2258064516129,1372.0,1.3541849488805024,322.68782518210196,2174.095733610822,165.41311134235173,True,LacZ_3_b3,LacZ OE,-0.45877443480275915,-0.8177557065405945,1.439533216617889,80,750
624,79.15754189944134,292.8122905027933,607.28156424581,1183.0,1.4405125622925865,335.58435754189946,1907.2569832402235,172.6972067039106,True,LacZ_3_b3,LacZ OE,-0.23184986215386794,-0.8017116072982704,0.7601721006533495,80,750
625,79.4630715123095,292.7913247362251,659.7584994138335,1055.0,1.345848940360641,337.1172332942556,1687.2543962485345,169.53341148886284,True,LacZ_3_b3,LacZ OE,-0.4091041807598632,-0.7952316193214458,1.6614219893372564,80,750
626,77.77296360485269,310.8162911611785,495.948006932409,749.0,1.3522668644000315,379.6984402079723,2359.332755632582,181.57019064124782,True,LacZ_3_b3,LacZ OE,0.14627407910503454,-0.75055365790722,-1.9324498095133578,80,750
627,78.14725274725275,319.13956043956046,427.7395604395604,1322.0,1.9177351557114695,329.94505494505495,2684.607692307692,187.68241758241757,True,LacZ_3_b3,LacZ OE,0.377663030934589,-0.7289860844065268,-2.352948969298339,80,750
628,78.41782729805014,332.9879294336119,433.4493964716806,1434.0,1.5010330548230713,332.92200557103064,2906.534818941504,174.06128133704735,True,LacZ_3_b3,LacZ OE,0.36000124492463526,-0.6782187432629562,-2.051683193020338,80,750
629,79.53211009174312,341.4416775884666,408.80602883355175,1397.0,1.4037917068559573,313.27391874180864,2494.684141546527,175.37876802096986,True,LacZ_3_b3,LacZ OE,0.44427399879011675,-0.6507335023099822,-1.2380331925397314,80,750
630,77.66401590457257,355.85884691848906,767.131212723658,660.0,1.4554327712398174,503.8469184890656,2351.831013916501,219.39960238568588,True,LacZ_3_b3,LacZ OE,-0.764515803701455,-0.5538906792884633,0.9260024386147876,80,750
631,78.13062098501071,377.1948608137045,339.9507494646681,874.0,1.864973840451018,340.8950749464668,1943.4603854389723,417.98286937901497,True,LacZ_3_b3,LacZ OE,0.6809786141066836,-0.5301198722220122,-3.5090870321758274,80,750
632,77.48095238095237,386.59761904761905,368.43809523809523,649.0,1.9411942159955828,386.0,2683.5666666666666,239.12857142857143,True,LacZ_3_b3,LacZ OE,0.5858218098779875,-0.492582695438735,-3.858496044071103,80,750
633,78.58413461538461,426.5204326923077,820.0120192307693,1169.0,1.7247418955521097,464.97596153846155,2107.611778846154,920.6117788461538,True,LacZ_3_b3,LacZ OE,-0.9348665130856856,-0.29188722653869603,2.272309183450588,80,750
634,78.52225755166931,435.5850556438792,327.8195548489666,1805.0,1.4395905647856848,354.5286168521463,2212.1152623211447,161.76391096979333,True,LacZ_3_b3,LacZ OE,0.7287825191159099,-0.32059184168092025,-3.3989855049321562,80,750
635,77.80360721442885,493.0728122912492,340.5096860387442,2171.0,1.6979488435822994,370.92050768203075,1802.7795591182364,199.99732798931197,True,LacZ_3_b3,LacZ OE,0.6925934466121386,-0.11123404706477524,-4.115115461282073,80,750
636,77.29120879120879,493.4175824175824,318.01465201465203,1382.0,1.8577567150787297,375.47435897435895,1570.319597069597,173.96153846153845,True,LacZ_3_b3,LacZ OE,0.7686006262527745,-0.11280102465146002,-4.883679640081695,80,750
637,77.66174920969442,580.5216016859853,299.6164383561644,1397.0,1.7665186135456272,360.91675447839833,1843.918861959958,192.12118018967334,True,LacZ_3_b3,LacZ OE,0.8409223592996573,0.19972477538509947,-4.9365283080309155,80,750
638,78.47605363984674,646.3840996168583,309.08429118773944,1583.0,1.452465754879839,379.12547892720306,1802.4741379310344,160.00095785440612,True,LacZ_3_b3,LacZ OE,0.8166539530379262,0.4389605195648454,-4.177009556007292,80,750
639,78.14895947426068,652.0755750273822,343.9649507119387,1453.0,1.6295015652833171,369.1763417305586,2390.9047097480834,176.6527929901424,True,LacZ_3_b3,LacZ OE,0.6994805443713381,0.46388481201902376,-4.122152457140828,80,750
640,77.53831231813773,659.9030067895247,327.9573229873909,1301.0,1.5960279426353874,362.78661493695444,1615.1745877788555,162.54219204655675,True,LacZ_3_b3,LacZ OE,0.7544426375421986,0.4901719010260279,-4.933745399833214,80,750
641,79.2989352989353,661.4529074529074,779.8591318591318,1656.0,1.3078841167659436,535.4135954135954,2389.5397215397215,645.4201474201474,True,LacZ_3_b3,LacZ OE,-0.7718035149749021,0.5522217562709595,1.9526820862710537,80,750
642,78.95373291272345,663.732912723449,313.6414300736067,1376.0,1.6358457197250242,373.7108307045216,2232.284963196635,186.03575184016825,True,LacZ_3_b3,LacZ OE,0.8033021815457515,0.5022371374543559,-3.6903586227632417,80,750
643,79.52078431372549,680.8313725490196,756.9160784313725,1673.0,1.6128371574624634,867.6101960784314,2805.406274509804,549.3725490196078,True,LacZ_3_b3,LacZ OE,-0.6920345774645185,0.6193979375053589,1.8663544110577845,80,750
644,77.80387409200968,687.3244552058111,447.9854721549637,565.0,1.317503862925401,389.2881355932203,1758.7046004842614,194.42857142857142,True,LacZ_3_b3,LacZ OE,0.35220393123671,0.6042728942610847,-3.3732410168974667,80,750
645,77.86344969199179,694.8316221765914,379.45687885010267,1219.0,1.460236981183895,372.3110882956879,2221.9034907597534,192.35215605749485,True,LacZ_3_b3,LacZ OE,0.5845669727061398,0.6228484873641038,-4.1100567405851365,80,750
646,78.60900900900901,712.0846846846847,696.9855855855856,1404.0,1.6835539317387749,1574.3261261261262,2156.8621621621623,717.0342342342342,True,LacZ_3_b3,LacZ OE,-0.48598323743298333,0.7248658721656229,0.1973727705649111,80,750
647,78.63898601398601,712.1835664335664,409.0034965034965,1612.0,1.6384757820700637,389.6162587412587,2147.013986013986,187.85664335664336,True,LacZ_3_b3,LacZ OE,0.4868142383994116,0.6892594129326015,-3.041909769796206,80,750
648,80.08050847457628,731.3449152542373,489.7661016949153,1970.0,1.4103260395371133,360.65677966101697,2530.256779661017,198.43305084745762,True,LacZ_3_b3,LacZ OE,0.2162939973498732,0.7686110732121871,-0.7309020771223516,80,750
649,78.0,741.2681704260651,453.9736842105263,1073.0,1.5588048192842372,364.86340852130326,1675.6641604010026,163.65538847117796,True,LacZ_3_b3,LacZ OE,0.3382754857274739,0.7999913261727665,-3.2420047536730294,80,750
650,79.29697525206232,741.4280476626948,686.7873510540788,1539.0,1.4716459244303208,396.77726856095325,1818.6975252062327,223.96058661778184,True,LacZ_3_b3,LacZ OE,-0.4480851980451577,0.8296533517607403,0.697261726716377,80,750
651,82.17679012345678,744.3629629629629,492.30518518518517,3003.0,1.5051165362363665,354.5679012345679,2275.877037037037,172.1688888888889,True,LacZ_3_b3,LacZ OE,0.209316497145406,0.8159950691490312,1.36199988997528,80,750
652,78.06008010680908,750.8357810413885,537.1214953271028,1002.0,1.438045282531696,408.305740987984,2094.0320427236315,179.45927903871828,True,LacZ_3_b3,LacZ OE,0.058525829617074754,0.844955805801068,-2.261643445629261,80,750
653,78.41624365482234,751.5502538071066,462.1644670050761,1451.0,1.6101859372181904,367.72791878172586,1521.2893401015228,175.53908629441625,True,LacZ_3_b3,LacZ OE,0.311822894000342,0.8381799352126416,-2.7581343966311636,80,750
654,78.33219567690557,762.2150170648464,547.8782707622298,1153.0,1.4264070693670274,376.0216154721274,3372.674630261661,194.89533560864618,True,LacZ_3_b3,LacZ OE,0.023527880471899687,0.8874292313574899,-1.8954657568465194,80,750
655,78.93212237093691,765.4120458891014,563.2925430210325,1490.0,1.5203839896485163,358.50669216061186,2705.5372848948373,207.11759082217972,True,LacZ_3_b3,LacZ OE,-0.028144463858284507,0.9009137452341405,-1.128478776358648,80,750
656,80.3479020979021,773.4134615384615,575.6573426573426,1585.0,1.5105845624008252,401.19143356643355,2633.5996503496503,205.5305944055944,True,LacZ_3_b3,LacZ OE,-0.06892400438306756,0.9313880658069309,0.40785813503984514,80,750
657,79.0,776.5390266299357,625.1542699724517,1916.0,1.278395990541402,344.5096418732782,2076.1101928374655,181.4931129476584,True,LacZ_3_b3,LacZ OE,-0.23580893113887236,0.9488560548642997,-0.3857887506951414,80,750
658,78.99198167239405,778.3963344788087,705.2646048109966,1281.0,1.6699724831301792,336.41466208476515,2408.6197021764033,191.45933562428408,True,LacZ_3_b3,LacZ OE,-0.5062001180383178,0.9655732957176721,0.510987710013012,80,750
659,79.01315789473684,790.0676691729324,611.7556390977444,1454.0,1.4583109453537206,322.30075187969925,1546.046052631579,179.70206766917292,True,LacZ_3_b3,LacZ OE,-0.18897079422606666,0.9960795569472312,-0.5580436374999067,80,750
660,78.80555555555556,256.53555555555556,550.7966666666666,1370.0,1.6028792476488316,352.4066666666667,1872.7277777777779,168.96555555555557,True,LacZ_3_b3,LacZ OE,-0.045292313233666115,-0.9398834968266007,-0.14363445285293608,80,750
661,78.19811320754717,279.7614555256065,606.0471698113207,1021.0,1.5564613877615527,290.9164420485175,2620.6374663072775,180.588948787062,True,LacZ_3_b3,LacZ OE,-0.2292394194424967,-0.8490426646199111,-0.18106274552935986,80,750
662,80.38927335640139,286.2076124567474,629.4705882352941,1530.0,1.5471968750250968,311.91608996539793,2791.826989619377,168.90397923875432,True,LacZ_3_b3,LacZ OE,-0.3075256982300222,-0.8228026895037923,2.2599638799788977,80,750
663,82.22976744186046,285.04186046511626,654.9981395348838,1703.0,1.3428478560238724,313.1209302325581,1706.1432558139536,165.4539534883721,True,LacZ_3_b3,LacZ OE,-0.39382096999911587,-0.8238143427237025,4.392979484030789,80,750
664,80.61669024045261,288.4568599717115,641.3635077793493,1008.0,1.363020089740288,311.20650636492223,3102.793493635078,189.41867043847242,True,LacZ_3_b3,LacZ OE,-0.34742807879257387,-0.8131862931501705,2.616827898430131,80,750
665,81.625,306.56486742424244,451.6060606060606,2914.0,1.4921125161946434,323.1685606060606,2303.311553030303,191.51467803030303,True,LacZ_3_b3,LacZ OE,0.2957112451164119,-0.7714283346966961,1.426451679735763,80,750
666,78.7493670886076,309.6565400843882,439.76118143459917,1768.0,1.4927889936208538,327.8337552742616,2061.053164556962,161.43628691983122,True,LacZ_3_b3,LacZ OE,0.33597197893101094,-0.761754826977525,-1.5910578736972525,80,750
667,78.34412955465586,321.5414979757085,446.1811740890688,1239.0,1.4871903447469288,338.4251012145749,2115.6315789473683,190.90890688259108,True,LacZ_3_b3,LacZ OE,0.315656216430483,-0.7180002273458965,-1.952661841324371,80,750
668,78.58154506437768,337.4957081545064,368.5557939914163,763.0,1.7998672379460336,322.137339055794,2039.733905579399,182.50429184549355,True,LacZ_3_b3,LacZ OE,0.5797397109862354,-0.6700291315420861,-2.6357145411112697,80,750
669,79.04726100966703,332.59291084854993,775.6229860365198,1248.0,1.5613169226475148,329.0590762620838,1588.8152524167563,216.29967776584317,True,LacZ_3_b3,LacZ OE,-0.7958606625844147,-0.6369100801437262,2.462846951507828,80,750
670,78.66629955947137,332.5980176211454,741.181718061674,1201.0,1.4532391653526064,551.5539647577092,1626.0044052863436,274.238986784141,True,LacZ_3_b3,LacZ OE,-0.679534419826503,-0.6411956033722833,1.6909403279437498,80,750
671,79.94123048668503,425.47842056932967,808.6758494031221,1430.0,1.5311315277385462,528.7447199265381,2067.093663911846,760.7033976124885,True,LacZ_3_b3,LacZ OE,-0.8966427734606933,-0.29705891649042326,3.5031977904288993,80,750
672,77.79058597502402,456.21325648414984,341.93275696445727,1289.0,1.4403080510824575,408.9308357348703,1595.626320845341,185.1940441882805,True,LacZ_3_b3,LacZ OE,0.6834867585473265,-0.24427817124221796,-4.021205068808456,80,750
673,79.53074433656958,468.40992448759437,310.0,1307.0,1.6320863171659157,357.4153182308522,2219.5943905070117,194.94174757281553,True,LacZ_3_b3,LacZ OE,0.792843334642833,-0.2041705063431538,-2.673684828789476,80,750
674,77.52725250278087,497.59621802002226,360.9310344827586,1145.0,1.5732232208245398,358.5717463848721,1652.2714126807564,216.3114571746385,True,LacZ_3_b3,LacZ OE,0.6241283727822535,-0.09233685950608583,-4.170779769709469,80,750
675,77.93707482993197,513.4098639455782,364.3248299319728,767.0,1.451163127290762,353.5850340136054,2084.2057823129253,251.0578231292517,True,LacZ_3_b3,LacZ OE,0.6145246227650327,-0.034754596526582526,-3.761406064904648,80,750
676,78.76012145748987,541.2378542510121,315.502024291498,1317.0,1.3957872695380282,352.6923076923077,2842.669028340081,224.25708502024293,True,LacZ_3_b3,LacZ OE,0.7827224256572698,0.059733319205764746,-3.561158662781878,80,750
677,80.59936658749011,606.098178939034,329.6001583531275,1733.0,1.837056195370449,399.9651623119557,2440.9841646872524,199.84877276326208,True,LacZ_3_b3,LacZ OE,0.7427359388624413,0.29593281608064537,-1.7217398264061785,80,750
678,79.27524429967427,622.8208469055375,364.71416938110747,1615.0,1.6036224464913937,417.10342019543975,2721.89657980456,219.80211726384366,True,LacZ_3_b3,LacZ OE,0.6260223964822813,0.3607489028286581,-2.688362068322533,80,750
679,78.26614699331849,639.3051224944321,334.02227171492206,1218.0,1.589333116863223,402.44654788418705,1735.1993318485524,195.73273942093542,True,LacZ_3_b3,LacZ OE,0.7315813034490546,0.4164876835530573,-4.086385891072041,80,750
680,79.3637566137566,666.0621693121693,385.80687830687833,1084.0,1.5119463807710163,371.30555555555554,2471.1521164021165,203.59126984126985,True,LacZ_3_b3,LacZ OE,0.5598195022454158,0.5196710931191844,-2.4669166149127335,80,750
681,79.20285908781484,688.1647379169503,408.2627637848877,2170.0,1.448939189273807,385.88427501701835,2433.8883594281824,190.43703199455413,True,LacZ_3_b3,LacZ OE,0.48653671489575423,0.6023597122599611,-2.427330127036555,80,750
682,80.00949667616334,721.3219373219373,480.81671415004746,1452.0,1.3689523329139068,356.0389363722697,1967.1386514719848,177.19563152896487,True,LacZ_3_b3,LacZ OE,0.245352665398324,0.7312667976732461,-0.8788132498656154,80,750
683,78.91428571428571,722.5857142857143,421.7206349206349,987.0,1.5612573006903825,345.7857142857143,2337.8968253968255,170.94761904761904,True,LacZ_3_b3,LacZ OE,0.4450804700341555,0.7284461819199344,-2.6478888557097946,80,750
684,80.71989860583017,731.8124207858048,736.5082382762992,1072.0,1.5141825740443293,386.2750316856781,2614.400506970849,259.50316856780734,True,LacZ_3_b3,LacZ OE,-0.6171056770340795,0.8011194697375019,2.7081743392113964,80,750
685,81.91772823779193,739.8349256900212,730.0456475583865,2535.0,1.301448195473416,343.7929936305732,2329.306263269639,193.33704883227176,True,LacZ_3_b3,LacZ OE,-0.5942934768902847,0.8293171608427883,3.8128057594160083,80,750
686,80.4891975308642,739.1041666666666,506.9513888888889,1834.0,1.5521943510309448,341.43055555555554,2516.746913580247,175.26003086419752,True,LacZ_3_b3,LacZ OE,0.15916400980418355,0.7988045977696541,-0.14627198041938527,80,750
687,80.43705463182899,771.4222090261283,665.1068883610451,2509.0,1.5196569573169614,325.98277909738715,2527.944180522565,190.2333729216152,True,LacZ_3_b3,LacZ OE,-0.3713075645433265,0.9353624647634873,1.5172906206108934,80,750
688,81.60568669527898,771.8218884120172,637.4495708154507,2462.0,1.4061908123247522,380.4050429184549,3385.225321888412,202.65718884120173,True,LacZ_3_b3,LacZ OE,-0.27779117675888787,0.9333618455912256,2.37090889440816,80,750
689,79.95529411764706,783.4247058823529,646.1835294117647,1210.0,1.3641282233767473,353.78352941176473,1715.1635294117648,217.40117647058824,True,LacZ_3_b3,LacZ OE,-0.3060043792372382,0.9763763593224704,0.7911955996107594,80,750
690,79.77373974208675,252.55216881594373,524.3516998827668,1098.0,1.6709193589540594,300.17350527549826,1624.702227432591,166.95076201641265,True,LacZ_3_b3,LacZ OE,0.04360986585184312,-0.9575759599658238,0.5341059155020389,80,750
691,79.47045707915274,270.2798216276477,453.26532887402453,1359.0,1.7035746709703534,311.0356744704571,1809.5183946488294,166.4659977703456,True,LacZ_3_b3,LacZ OE,0.28579096999771725,-0.9023825338127831,-0.6197488440871837,80,750
692,79.69472182596292,267.18544935805994,542.9115549215406,910.0,1.4369361540209173,344.19115549215405,2892.5577746077033,175.87018544935805,True,LacZ_3_b3,LacZ OE,-0.017380406875187715,-0.9023695748911402,0.6297360833107319,80,750
693,83.38799076212472,264.49422632794455,548.3418013856813,1379.0,1.542563984079247,342.18706697459584,1738.6570438799076,155.8879907621247,True,LacZ_3_b3,LacZ OE,-0.03589463264294446,-0.9113906941799607,4.39102490776088,80,750
694,80.48756756756757,272.0713513513513,517.4075675675675,1226.0,1.6297375968377825,330.9264864864865,2139.7286486486487,175.26918918918918,True,LacZ_3_b3,LacZ OE,0.06937090736928297,-0.8878895071349616,1.1209882424379032,80,750
695,79.97948717948718,274.88615384615383,483.57948717948716,1288.0,1.6570168986706795,304.92410256410255,1990.828717948718,192.91076923076923,True,LacZ_3_b3,LacZ OE,0.1839486422658274,-0.881944302596725,0.2220121726639661,80,750
696,79.07835455435847,282.484818805093,549.3947110675808,1388.0,1.5799923912358607,344.76199804113617,1691.545543584721,182.2713026444662,True,LacZ_3_b3,LacZ OE,-0.03751944576550259,-0.8462679363455878,0.049324687067638706,80,750
697,80.76809737347854,294.9583600256246,502.4433055733504,2389.0,1.8137055695146362,321.2146060217809,1898.4548366431775,176.7501601537476,True,LacZ_3_b3,LacZ OE,0.12259949474825671,-0.807035518167373,1.1752674861057528,80,750
698,80.31690929451288,300.81634938409854,733.4053751399777,1109.0,1.5241508158518549,331.00223964165735,1843.154535274356,189.38745800671893,True,LacZ_3_b3,LacZ OE,-0.6569095489405352,-0.757023083587672,3.3314370841926717,80,750
699,79.436815920398,314.01194029850745,466.7343283582089,1452.0,1.3920811680271712,309.8388059701493,1568.7134328358209,171.83084577114428,True,LacZ_3_b3,LacZ OE,0.245392995985253,-0.7426394412947315,-0.6081974930530691,80,750
700,79.61286919831224,317.5675105485232,735.9198312236286,1171.0,1.4220800870364614,341.8586497890295,2970.4609704641352,210.1139240506329,True,LacZ_3_b3,LacZ OE,-0.6634766331835277,-0.6961705037278265,2.6147328435317263,80,750
701,81.58358298382265,329.07908927501495,750.494907130018,2218.0,1.6662578729227164,326.66087477531454,1926.4433792690234,191.09167165967645,True,LacZ_3_b3,LacZ OE,-0.7112914931468808,-0.6527291976174648,4.7224114685043475,80,750
702,79.05386416861826,337.8395784543325,386.37704918032784,1042.0,1.4168570202000672,330.6288056206089,2118.8278688524592,174.62529274004683,True,LacZ_3_b3,LacZ OE,0.5195990242519775,-0.6665571717309009,-1.9619771068018395,80,750
703,79.9215291750503,393.9044265593561,356.6116700201207,1282.0,1.4718360087824043,321.19617706237426,2176.368209255533,182.19818913480884,True,LacZ_3_b3,LacZ OE,0.6267172311749902,-0.467632305264987,-1.570325992009984,80,750
704,78.51803278688524,391.6918032786885,377.37377049180327,559.0,1.7815854609566957,409.127868852459,2208.367213114754,504.8950819672131,True,LacZ_3_b3,LacZ OE,0.5562719106438054,-0.47304707486164277,-2.732598575919255,80,750
705,79.47892720306514,399.0536398467433,381.1647509578544,1108.0,1.716474786739369,363.87100893997444,2240.0983397190294,329.6551724137931,True,LacZ_3_b3,LacZ OE,0.544362002169821,-0.4459585181667526,-1.7468664185388576,80,750
706,79.0721649484536,484.19415807560136,355.96305841924396,1479.0,1.6340447688728215,383.7276632302405,1854.6168384879725,180.30670103092783,True,LacZ_3_b3,LacZ OE,0.6394063997267609,-0.14138486975179854,-2.6493590006974017,80,750
707,80.07319587628866,531.9164948453608,306.1072164948454,1435.0,1.7841211513177078,384.79278350515466,3183.145360824742,190.380412371134,True,LacZ_3_b3,LacZ OE,0.8134210014318966,0.024879641552469023,-2.3318610870532694,80,750
708,80.46417759838548,556.125126135217,302.72754793138245,1304.0,1.548593506344384,435.35519677093845,1951.29263370333,183.62462159434915,True,LacZ_3_b3,LacZ OE,0.8276760006890249,0.11195792579207131,-2.038890317676291,80,750
709,78.92395437262357,594.3764258555133,304.3460076045627,502.0,1.9706515789126755,359.05703422053233,1841.9201520912547,155.50570342205324,True,LacZ_3_b3,LacZ OE,0.8266109146601941,0.25040045033142366,-3.65484216366859,80,750
710,78.94572025052192,597.3027139874739,295.19415448851777,653.0,1.4629926901512345,381.6367432150313,1609.3048016701462,155.10647181628391,True,LacZ_3_b3,LacZ OE,0.8578674306958183,0.25983420535496005,-3.744171340861328,80,750
711,81.48005598320503,609.8775367389783,342.74247725682295,2292.0,1.8277822584153745,384.19454163750873,1539.0104968509447,190.61721483554933,True,LacZ_3_b3,LacZ OE,0.6988168728209374,0.31124041842025063,-0.7012331938125982,80,750
712,80.21238244514106,622.7068965517242,326.6496865203762,1777.0,1.6496505598380236,415.67006269592474,2299.5815047021943,233.0681818181818,True,LacZ_3_b3,LacZ OE,0.7546246612437091,0.35559045743321205,-2.183093546623695,80,750
713,79.90856481481481,667.3842592592592,359.0520833333333,1111.0,1.5149182515135284,396.2326388888889,1536.724537037037,183.3310185185185,True,LacZ_3_b3,LacZ OE,0.6503707125160707,0.5211123896975653,-2.229106870535375,80,750
714,78.2921686746988,722.6355421686746,745.4352409638554,992.0,1.5368578823492858,555.9984939759037,1591.7861445783133,301.24397590361446,True,LacZ_3_b3,LacZ OE,-0.6484246583355815,0.7690480763144545,0.4045432030180365,80,750
715,79.95714285714286,752.8504761904762,700.8209523809523,1411.0,1.3835868626977377,360.8809523809524,2397.7057142857143,260.51142857142855,True,LacZ_3_b3,LacZ OE,-0.4941320222168526,0.8726950124209141,1.4885556200281655,80,750
716,80.54036087369421,757.9211775878442,625.0674264007597,1420.0,1.6499643939714332,409.00379867046536,2999.6951566951566,194.55840455840456,True,LacZ_3_b3,LacZ OE,-0.23762757618253816,0.8815661189802932,1.1993340011781584,80,750
717,81.72397260273972,765.9369863013699,531.5164383561644,2131.0,1.3535910034521175,360.963698630137,1781.0972602739726,185.95958904109588,True,LacZ_3_b3,LacZ OE,0.07936224102278877,0.8988636396528733,1.301185467431523,80,750
718,81.84436701509873,758.5737514518003,687.8908246225319,1377.0,1.6803494582157534,359.7061556329849,1527.924506387921,173.71544715447155,True,LacZ_3_b3,LacZ OE,-0.4497144404073429,0.8917800561063687,3.2147816289715223,80,750
719,80.77685950413223,773.349173553719,684.6931818181819,1529.0,1.551943939981256,351.6642561983471,1981.7768595041323,186.39152892561984,True,LacZ_3_b3,LacZ OE,-0.4372309099898214,0.9447756443995332,2.0746596978678156,80,750
720,79.82803180914513,782.0477137176938,669.7902584493041,1261.0,1.4093529501339348,327.3131212723658,2600.8419483101393,178.3797216699801,True,LacZ_3_b3,LacZ OE,-0.3859118992959568,0.9743466142757697,0.9353036809837647,80,750
721,81.25460122699387,260.0,438.0787321063395,1349.0,1.8383647354386201,345.03067484662574,1631.1543967280163,156.840490797546,True,LacZ_3_b3,LacZ OE,0.33596024102402855,-0.941420158558509,1.017201961861673,80,750
722,80.23684210526316,264.7046783625731,492.50584795321635,602.0,1.6018939123656548,385.32748538011697,1754.0701754385964,167.92105263157896,True,LacZ_3_b3,LacZ OE,0.15261839375012953,-0.9176266019692321,0.6057515611460218,80,750
723,81.71342078708375,285.7608476286579,593.7487386478305,1224.0,1.480191395315498,308.0282542885974,2164.6246215943493,184.9313824419778,True,LacZ_3_b3,LacZ OE,-0.18686056269316131,-0.8288685769826131,3.1796275079465914,80,750
724,81.83078730904818,286.26909518213864,560.6345475910693,1375.0,1.5859358874098868,304.02232667450056,2510.250293772033,162.144535840188,True,LacZ_3_b3,LacZ OE,-0.07493916274737844,-0.8311661361300136,2.9198403608690597,80,750
725,80.48447204968944,298.2248447204969,439.9664596273292,1116.0,1.3984848032375803,354.1801242236025,1850.6099378881988,178.00124223602484,True,LacZ_3_b3,LacZ OE,0.3340122521548159,-0.8030338600395264,0.17441394476280436,80,750
726,80.50533807829181,302.0260972716489,745.0604982206406,1058.0,1.375734709062846,352.3665480427046,1965.214709371293,174.73784104389085,True,LacZ_3_b3,LacZ OE,-0.6961314176530476,-0.7511937463640972,3.6491763531130204,80,750
727,82.26319444444445,299.9222222222222,701.2604166666666,2213.0,1.7309153597490274,314.83958333333334,1744.1138888888888,183.85902777777778,True,LacZ_3_b3,LacZ OE,-0.5483550617720603,-0.7642545266835964,4.914901110770202,80,750
728,82.86229749631812,300.33357879234165,666.9027982326951,1920.0,1.401990825459843,280.7518409425626,3196.6097201767307,196.44256259204712,True,LacZ_3_b3,LacZ OE,-0.4322261343394722,-0.7670539571585695,5.122941912739478,80,750
729,80.60703812316716,310.4530791788856,724.0381231671554,946.0,1.6395327787429483,350.2507331378299,2658.909090909091,213.14222873900295,True,LacZ_3_b3,LacZ OE,-0.624132383795168,-0.7233606246599574,3.4914813482069604,80,750
730,82.4385805277525,317.5304822565969,689.5341219290264,1941.0,1.614282632263993,308.61692447679707,1746.0682438580527,183.55323020928117,True,LacZ_3_b3,LacZ OE,-0.5066838706307225,-0.7020759747367569,4.913799721765628,80,750
731,80.9055374592834,318.3355048859935,709.5515743756786,1258.0,1.6739773155551656,301.6959826275787,2250.7904451682953,190.68186753528772,True,LacZ_3_b3,LacZ OE,-0.5742668579125775,-0.6966780095627987,3.6061045765295034,80,750
732,81.58387096774193,315.3376344086021,747.4516129032259,1192.0,1.50689920269594,329.28494623655916,2624.0225806451613,196.72043010752688,True,LacZ_3_b3,LacZ OE,-0.7026141774872723,-0.7027750853396175,4.721995761613201,80,750
733,81.87127761767532,320.223823246878,374.7031700288184,1512.0,1.5334878956348956,292.50624399615754,1563.0076849183476,223.02209414024975,True,LacZ_3_b3,LacZ OE,0.5570868505650406,-0.7316626993799873,0.7661144907675066,80,750
734,79.92578125,333.83984375,371.4140625,550.0,1.9033861878374119,295.7890625,1782.671875,156.81640625,True,LacZ_3_b3,LacZ OE,0.5697101946476255,-0.6828755375722262,-1.2501199761332344,80,750
735,80.711004784689,336.5406698564593,418.2755980861244,1298.0,1.4238463194086084,335.9444976076555,2816.377033492823,191.55598086124402,True,LacZ_3_b3,LacZ OE,0.4117603219784527,-0.6672558366107679,0.06034538673998213,80,750
736,80.04237288135593,352.9128329297821,397.5314769975787,1199.0,1.965850431808673,387.1985472154964,2374.3728813559323,180.37530266343825,True,LacZ_3_b3,LacZ OE,0.48371636336159085,-0.6106774084624711,-0.8840382150736303,80,750
737,81.04411764705883,354.07612456747404,379.68771626297575,1598.0,1.5112155991540852,348.5666089965398,2680.452422145329,169.45847750865053,True,LacZ_3_b3,LacZ OE,0.5441658108518108,-0.6086938010707613,-0.08777849671710669,80,750
738,81.50647109577221,372.5625539257981,387.53235547886106,1722.0,1.8798645952294433,339.46591889559966,1982.8067299396032,173.17083692838654,True,LacZ_3_b3,LacZ OE,0.5198411715406852,-0.5408950507343221,0.41806384442605804,80,750
739,80.98798283261803,408.06609442060085,368.92703862660943,1503.0,1.840280162566107,335.2575107296137,2208.812017167382,196.91158798283263,True,LacZ_3_b3,LacZ OE,0.5868096754464736,-0.41490173057757296,-0.39902401984284097,80,750
740,81.34277620396601,437.86496694995276,314.5835694050991,1495.0,1.6167582292126248,331.7412653446648,1942.0906515580737,157.80075542965062,True,LacZ_3_b3,LacZ OE,0.7738677059841765,-0.31398338337288545,-0.7345196572873647,80,750
741,80.84689922480621,446.6453488372093,336.7093023255814,679.0,1.4113956849928952,340.75581395348837,2880.5058139534885,169.6531007751938,True,LacZ_3_b3,LacZ OE,0.7001333668792551,-0.2794889720861653,-1.0008281697287345,80,750
742,81.96384615384615,485.3115384615385,314.7,1977.0,1.5016573504056088,367.7346153846154,1983.4830769230769,173.07923076923078,True,LacZ_3_b3,LacZ OE,0.7790323745635976,-0.1424777277662611,-0.2290202370186165,80,750
743,81.59136546184739,497.2238955823293,293.5030120481928,1413.0,1.5381833115901196,353.0190763052209,1817.964859437751,189.6987951807229,True,LacZ_3_b3,LacZ OE,0.8520094393355873,-0.1020727456566407,-0.8714297978280428,80,750
744,82.22836095764272,504.8606507059546,324.28729281767954,2260.0,1.535654704584147,357.7863720073665,1755.7182320441989,180.80171884591775,True,LacZ_3_b3,LacZ OE,0.7489374681306515,-0.07062196823008238,0.09616129930898865,80,750
745,80.48700564971752,543.1468926553672,328.9920903954802,1113.0,1.6243729920429606,389.7683615819209,2047.7559322033899,231.03954802259886,True,LacZ_3_b3,LacZ OE,0.7374432381182345,0.06833077414140454,-1.685960707496676,80,750
746,80.67256637168141,577.1229105211406,313.15732546706,1476.0,1.7572317839470726,374.99901671583086,1874.4700098328417,181.81710914454277,True,LacZ_3_b3,LacZ OE,0.7949020342688402,0.18915442291649653,-1.7638353583807458,80,750
747,81.666951323655,634.8531169940222,786.8770281810419,1546.0,1.7831813800362917,672.0059777967549,1593.4748078565328,428.200683176772,True,LacZ_3_b3,LacZ OE,-0.7985205139877666,0.4569760906908866,4.465710981277098,80,750
748,80.93615107913669,648.9991007194244,776.5611510791367,1515.0,1.664137794135598,678.0,1894.1241007194244,260.5404676258993,True,LacZ_3_b3,LacZ OE,-0.7620524572356733,0.506810268939424,3.583021493663338,80,750
749,82.81312410841655,670.8145506419401,765.169757489301,1748.0,1.2970872017504333,510.7845934379458,2373.735378031384,425.63623395149784,True,LacZ_3_b3,LacZ OE,-0.720956091800866,0.5842494543777121,5.2768325033628685,80,750
750,81.02398081534773,674.1638689048762,396.1766586730615,1962.0,1.713644775091947,376.1422861710632,2703.6418864908073,176.42525979216626,True,LacZ_3_b3,LacZ OE,0.5258001478257768,0.5502605560587222,-0.7090450561720303,80,750
751,80.82775119617224,675.6184210526316,411.7511961722488,1102.0,1.3828298557981327,368.45454545454544,1529.22009569378,166.60047846889952,True,LacZ_3_b3,LacZ OE,0.4733524438104322,0.5574612804604762,-0.7320501053382031,80,750
752,80.66074074074074,717.16,753.6414814814815,834.0,1.4400376516317765,817.28,2456.177777777778,665.6711111111111,True,LacZ_3_b3,LacZ OE,-0.6766919416877377,0.7503003336729364,2.8795932346732513,80,750
753,82.91497975708502,714.3748987854251,714.9692307692308,1568.0,1.6233422841163225,658.8267206477733,2175.758704453441,648.5287449392713,True,LacZ_3_b3,LacZ OE,-0.5462973431547489,0.7354214869619193,4.701553173154565,80,750
754,81.4112,733.524,649.0376,1531.0,1.5941817867770456,392.8576,1605.3824,233.2984,True,LacZ_3_b3,LacZ OE,-0.3214092051984938,0.7963872186226668,2.402295369773924,80,750
755,81.97041420118343,734.4650887573964,713.5869822485207,1136.0,1.5068716801607656,350.14201183431953,2519.196449704142,195.00118343195265,True,LacZ_3_b3,LacZ OE,-0.5393214546729492,0.8078539090723242,3.6918831750098065,80,750
756,82.0454054054054,744.0659459459459,623.8302702702703,1185.0,1.3439468049593843,358.4335135135135,2170.0897297297297,205.74594594594595,True,LacZ_3_b3,LacZ OE,-0.23500641286623003,0.8313458248536485,2.724355818515477,80,750
757,81.60304449648712,752.4730679156909,547.3501170960187,1184.0,1.3936819377981193,362.4192037470726,3269.2564402810303,201.08430913348946,True,LacZ_3_b3,LacZ OE,0.024302056171171094,0.8521773600947935,1.393159333739277,80,750
758,82.87904967602591,753.1069114470843,669.7526997840173,1275.0,1.3697199546469203,350.56155507559396,2010.6781857451404,192.96868250539956,True,LacZ_3_b3,LacZ OE,-0.3890426882944158,0.8697638188863901,4.05696409170055,80,750
759,81.45074626865672,765.9094527363184,717.0985074626866,1390.0,1.3794040820058713,345.2268656716418,1732.6199004975124,167.32835820895522,True,LacZ_3_b3,LacZ OE,-0.5475356970555434,0.9219381290127382,3.1346707691547664,80,750
760,82.82699386503067,769.2944785276073,700.9907975460122,2428.0,1.4159689903145165,342.41104294478527,2205.829447852761,182.83680981595091,True,LacZ_3_b3,LacZ OE,-0.4926769140185191,0.9321713714134738,4.319643111608087,80,750
761,83.90713587487781,262.119257086999,640.069403714565,1522.0,1.508160782432011,329.0351906158358,2068.6099706744867,161.49560117302053,False,LacZ_3_b3,LacZ OE,-0.34600146270191157,-0.9085154565061913,5.957225215778507,80,750
762,83.29881656804734,265.94970414201185,463.82347140039445,1504.0,1.8197545640087238,317.07889546351083,2081.0473372781066,154.50493096646943,True,LacZ_3_b3,LacZ OE,0.24976910989015777,-0.9166857223432971,3.338866700444626,80,750
763,82.56807051909892,282.922624877571,609.3173359451519,1363.0,1.365708419805639,312.94123408423116,1854.5749265426052,175.43682664054847,True,LacZ_3_b3,LacZ OE,-0.23974829233862716,-0.837176135107808,4.217935628818893,80,750
764,82.01567944250871,285.12717770034845,577.4111498257839,865.0,1.4974631600714103,321.5975609756098,2355.095818815331,172.45993031358884,True,LacZ_3_b3,LacZ OE,-0.13173548027503434,-0.8331968797935025,3.297971053001177,80,750
765,82.65461538461538,299.5676923076923,648.5353846153846,1621.0,1.3821660214767764,342.90153846153845,1788.8484615384616,177.03384615384616,True,LacZ_3_b3,LacZ OE,-0.37027955805062807,-0.7721174382821429,4.708663259727913,80,750
766,82.34119496855345,307.8474842767296,688.62893081761,820.0,1.403082656650286,313.37106918238993,1505.2138364779873,190.22327044025158,True,LacZ_3_b3,LacZ OE,-0.5047593405394644,-0.7371870722657575,4.829992558570879,80,750
767,83.167215815486,311.7685337726524,674.6359143327842,1497.0,1.2619214947773285,288.7182866556837,2357.1762767710047,196.1334431630972,True,LacZ_3_b3,LacZ OE,-0.4570025925840824,-0.7247565044008026,5.487459999555597,80,750
768,82.12115193644489,327.2929493545184,403.23634558093346,1248.0,1.471692428105975,389.7219463753724,1726.5362462760675,179.39622641509433,True,LacZ_3_b3,LacZ OE,0.461537804486988,-0.702547529459884,1.3224551642207842,80,750
769,82.5695067264574,326.1488789237668,763.780269058296,1523.0,1.562229525294891,339.15156950672645,2530.6044843049326,204.05560538116592,False,LacZ_3_b3,LacZ OE,-0.7564722594414104,-0.6616533820067899,5.866293258916073,80,750
770,80.98003194888179,356.99920127795525,414.54632587859425,1660.0,1.8427292851816062,336.9073482428115,2297.806709265176,180.98242811501598,True,LacZ_3_b3,LacZ OE,0.42675415209010903,-0.5937761362017369,0.2366369743093344,80,750
771,80.88590604026845,411.0357941834452,799.4317673378076,1129.0,1.6050117313645385,410.744966442953,1961.354586129754,621.2102908277404,True,LacZ_3_b3,LacZ OE,-0.8670648953343111,-0.35040635840354906,4.378444843920292,80,750
772,81.02890932982918,415.1392904073587,306.0998685939553,1074.0,1.4979059317714967,310.7884362680683,1712.952693823916,150.60972404730617,True,LacZ_3_b3,LacZ OE,0.7998623425177751,-0.3971827703881451,-1.0886993992314586,80,750
773,82.21443965517241,434.8211206896552,374.14331896551727,1359.0,1.3971375497524365,353.8782327586207,1714.8782327586207,188.08189655172413,True,LacZ_3_b3,LacZ OE,0.5723573966829767,-0.31754025273504116,0.8206707613806259,80,750
774,82.62722419928825,487.26779359430606,330.3443060498221,1550.0,1.4780634891746498,359.54359430604984,2140.5275800711743,193.3861209964413,True,LacZ_3_b3,LacZ OE,0.7264407237981794,-0.13344854851857224,0.6070807790388528,80,750
775,81.97643097643098,510.6936026936027,341.9099326599327,1677.0,1.5732875510336106,416.5698653198653,2182.145622895623,183.46127946127947,True,LacZ_3_b3,LacZ OE,0.6900799337159187,-0.04734100707065736,0.029925556236165107,80,750
776,81.89775561097257,586.5386533665835,295.1259351620948,1646.0,1.9190977544865135,425.9725685785536,2722.783042394015,202.30174563591024,True,LacZ_3_b3,LacZ OE,0.8569564461502879,0.22094316157128113,-0.7666000484192779,80,750
777,80.95096774193549,607.3858064516129,309.35225806451615,1069.0,1.6555468967291356,417.3858064516129,1668.2,188.4567741935484,True,LacZ_3_b3,LacZ OE,0.8112957977147599,0.29806070950948027,-1.6031765379120344,80,750
778,82.72860962566845,605.9050802139037,299.9946524064171,1093.0,1.5290244670474438,371.379679144385,1752.8061497326203,168.94919786096256,True,LacZ_3_b3,LacZ OE,0.8428011538700122,0.29155360862574375,0.07176973532382647,80,750
779,83.53550863723609,639.5892514395393,346.7552783109405,2796.0,1.4827533700754174,404.54414587332053,1995.6775431861804,176.63051823416507,True,LacZ_3_b3,LacZ OE,0.6888067522939485,0.41914418562712474,1.326458597067088,80,750
780,82.11946902654867,645.0592920353982,798.7964601769911,1409.0,1.4299067190896955,1312.691150442478,3296.9938053097344,1194.1221238938053,True,LacZ_3_b3,LacZ OE,-0.8375756926458737,0.49535626014762624,5.028365455777902,80,750
781,81.39157245632066,650.8879753340185,320.70092497430625,1405.0,1.6115361509459005,404.57451181911614,1801.0298047276465,172.23124357656732,True,LacZ_3_b3,LacZ OE,0.7780516711491035,0.45671144872356084,-1.1409138398348233,80,750
782,82.88309455587392,650.7438395415472,354.17134670487104,2375.0,1.5785943377345126,364.6275071633238,2085.5065902578795,189.9432664756447,True,LacZ_3_b3,LacZ OE,0.6650315739057633,0.46038154778800666,0.7308003974944626,80,750
783,83.25,653.657072368421,336.80674342105266,1626.0,1.3727112526010425,370.3305921052632,2244.706414473684,178.67269736842104,True,LacZ_3_b3,LacZ OE,0.7240420378769656,0.46874506697149676,0.8933930400655186,80,750
784,82.0964590964591,667.7545787545788,330.2954822954823,1153.0,1.575022428109522,350.7716727716728,1910.2832722832723,176.77167277167277,True,LacZ_3_b3,LacZ OE,0.747636362588108,0.5188760013231406,-0.3687012942975514,80,750
785,82.82421590080233,673.7031363967907,373.4427425237053,1843.0,1.3670499351439456,393.9474835886214,2859.649161196207,194.63530269876003,True,LacZ_3_b3,LacZ OE,0.6026096523203728,0.5457697205329941,0.8341403718638958,80,750
786,85.71968709256845,685.9009126466754,401.9269882659713,1271.0,1.7425385008715493,368.651890482399,2686.657105606258,174.11864406779662,True,LacZ_3_b3,LacZ OE,0.5079262830002249,0.5934350951547205,4.022713297759623,80,750
787,83.58804258804258,696.6969696969697,412.2858312858313,1648.0,1.4787699225355344,418.4676494676495,1986.8288288288288,184.98443898443898,True,LacZ_3_b3,LacZ OE,0.4741116365342084,0.6337330479130752,1.9822122056078655,80,750
788,81.86679352997146,704.6003805899144,785.6137012369172,1377.0,1.4821568920553216,413.4690770694577,2252.5080875356803,587.2530922930542,True,LacZ_3_b3,LacZ OE,-0.7861103288165556,0.7089078290888344,4.479427214289572,80,750
789,81.51101783840504,739.7743966421826,746.5005246589717,1245.0,1.3471568522936135,328.9401888772298,2310.953830010493,196.40923399790137,True,LacZ_3_b3,LacZ OE,-0.6498997553682286,0.8311502811401059,3.593058565608402,80,750
790,81.44680851063829,739.7885638297872,468.7101063829787,1068.0,1.529515155880858,391.155585106383,2835.446808510638,193.69414893617022,True,LacZ_3_b3,LacZ OE,0.2884573991363413,0.796509699201329,0.37549491102376464,80,750
791,83.11748878923767,749.4484304932736,479.8726457399103,1473.0,1.3694988881892665,372.87533632286994,2428.086995515695,177.77847533632286,True,LacZ_3_b3,LacZ OE,0.25194229838789806,0.8328299364095386,2.1489833878769247,80,750
792,81.8232558139535,751.3751937984496,601.9116279069767,978.0,1.6682974909309305,344.90852713178293,2617.556589147287,212.92868217054263,True,LacZ_3_b3,LacZ OE,-0.16012272578948283,0.8550247604353256,2.2354118211736846,80,750
793,83.79133858267717,752.7182227221597,725.1467941507311,2342.0,1.397621657601472,349.72665916760405,2617.1473565804276,179.89763779527559,True,LacZ_3_b3,LacZ OE,-0.5761704290585491,0.8752835879771028,5.598951943842067,80,750
794,83.56253537068477,758.6774193548387,508.93774759479345,2424.0,1.3693359901500557,377.9202037351443,1675.259196378042,204.34125636672326,True,LacZ_3_b3,LacZ OE,0.15485589749438766,0.8698194022790671,2.901202032917894,80,750
795,82.96547314578005,765.3401534526854,728.2762148337596,1146.0,1.3959042932748567,335.44245524296673,1886.1649616368286,172.73657289002557,True,LacZ_3_b3,LacZ OE,-0.5853011465036793,0.9212877489766995,4.777580690823157,80,750
796,81.21886336154776,768.6094316807739,648.9842805320435,1501.0,1.7466527591914247,351.91172914147523,2712.1027811366384,189.38694074969771,True,LacZ_3_b3,LacZ OE,-0.31714430880661726,0.9231886356335721,2.1229588879019445,80,750
797,82.97323600973236,777.0397404703974,560.4566098945661,1579.0,1.3193023620064923,386.6431467964315,2163.6496350364964,193.07218167072182,True,LacZ_3_b3,LacZ OE,-0.0170525348953271,0.9426158854501063,2.851533878754722,80,750
798,82.13849509269356,783.4678298800436,618.5561613958561,1174.0,1.4128118034383055,334.6095965103599,2406.2246455834243,191.34351145038167,True,LacZ_3_b3,LacZ OE,-0.21259154897066568,0.9730983729309546,2.6605324262208114,80,750
799,84.2373678025852,248.08813160987074,571.8848413631023,1292.0,1.466609015266956,321.51703877790834,1794.666274970623,155.3207990599295,True,LacZ_3_b3,LacZ OE,-0.11730221484642922,-0.9677408715438346,5.547996804254893,80,750
800,85.30110220440882,265.19739478957916,571.3982965931864,3103.0,1.7108227860271235,333.9534068136273,1952.056112224449,165.19839679358716,False,LacZ_3_b3,LacZ OE,-0.11362204893739591,-0.9059555449163199,6.5640001696650785,80,750
801,83.44064386317908,262.77062374245475,603.7776659959759,1319.0,1.562022778260596,315.1519114688129,1504.3913480885312,165.3430583501006,True,LacZ_3_b3,LacZ OE,-0.22335238076284136,-0.9106969305986096,5.077196694437717,80,750
802,83.65269461077844,279.21407185628743,572.9206586826348,1066.0,1.5654172615082782,315.52694610778445,3036.543413173653,179.34730538922156,True,LacZ_3_b3,LacZ OE,-0.11719332786753645,-0.8551171930557354,4.898464859006154,80,750
803,84.18821603927987,289.3314238952537,447.0081833060556,1770.0,1.54724092914852,332.99836333878886,1657.2307692307693,160.8657937806874,True,LacZ_3_b3,LacZ OE,0.3093315674441999,-0.834270300613353,3.9797443424460397,80,750
804,84.25475285171103,291.95532319391634,676.4087452471483,1307.0,1.3756248065819727,358.72813688212926,1990.8231939163497,169.2671102661597,False,LacZ_3_b3,LacZ OE,-0.46526001369399006,-0.7961379908743584,6.643843370665508,80,750
805,83.61892583120205,310.23785166240407,423.94117647058823,524.0,1.3662663751173207,330.7570332480818,1729.0255754475704,171.88235294117646,True,LacZ_3_b3,LacZ OE,0.3896668615451626,-0.7615929941336546,3.0971607358075346,80,750
806,84.13498098859316,312.5722433460076,399.7119771863118,1354.0,1.4906212059752224,308.2091254752852,1841.2785171102662,182.93441064638785,True,LacZ_3_b3,LacZ OE,0.471803733456144,-0.7561777396583916,3.332395474341368,80,750
807,82.84044368600682,335.0221843003413,378.07252559726965,1562.0,1.436185838654788,310.81825938566556,2094.9564846416383,170.84982935153585,True,LacZ_3_b3,LacZ OE,0.5474688481712442,-0.6777488533674829,1.7370171933141592,80,750
808,83.30313588850174,381.47386759581883,379.62020905923345,1536.0,1.851561302294527,357.2813588850174,2450.773519163763,178.83623693379792,True,LacZ_3_b3,LacZ OE,0.5476766791641798,-0.5096614751718016,2.1028465317206013,80,750
809,84.3943763518385,386.48954578226386,370.77217015140593,1986.0,1.9201551093808278,330.5356885364095,2148.1117519826967,207.60850757029561,True,LacZ_3_b3,LacZ OE,0.5781919466458998,-0.4926300780916728,3.0812228218399724,80,750
810,83.3270911360799,498.5530586766542,312.05118601747813,1157.0,1.372819912435291,324.8289637952559,2036.0087390761548,183.75405742821474,True,LacZ_3_b3,LacZ OE,0.7895769994534962,-0.09493940006262147,1.0714539996080958,80,750
811,81.20212765957447,522.2154255319149,295.0691489361702,626.0,1.480473394253175,340.11170212765956,1593.5186170212767,166.25,True,LacZ_3_b3,LacZ OE,0.8496189999137749,-0.011553017598868953,-1.3044119629711304,80,750
812,82.41223103057757,588.2785956964892,310.2536806342016,1186.0,1.4783394598738246,379.3204983012458,2149.877689694224,190.65345413363534,True,LacZ_3_b3,LacZ OE,0.8060787208837217,0.2291248959283927,-0.08472259387683323,80,750
813,83.21974830590513,627.1771539206195,801.7105517909002,1450.0,1.640333286307964,1138.7618586640851,2039.6282671829622,1378.8044530493707,False,LacZ_3_b3,LacZ OE,-0.849462493767782,0.43109688150567904,6.205689373746139,80,750
814,82.8136645962733,655.0776397515529,304.2888198757764,1452.0,1.6373390591461598,402.1625258799172,1683.2308488612837,146.57867494824018,True,LacZ_3_b3,LacZ OE,0.8340343021760033,0.46981523132015157,0.08446298217012327,80,750
815,84.58492413117963,656.6221243269702,365.54674498286835,2565.0,1.4246370260220544,385.1776798825257,1657.588839941263,175.02006852667645,True,LacZ_3_b3,LacZ OE,0.6273575851468118,0.4830608033952757,2.5471655166361415,80,750
816,83.64327485380117,655.0594541910332,788.1471734892788,1265.0,1.3465273465407115,603.4541910331384,2846.6939571150097,1079.337231968811,False,LacZ_3_b3,LacZ OE,-0.800377846050648,0.5301814037721264,6.406555487067848,80,750
817,83.12484700122398,684.4137086903305,396.2105263157895,1484.0,1.5712518800167612,375.08690330477356,1851.4100367197063,161.79436964504285,True,LacZ_3_b3,LacZ OE,0.526962408938686,0.5873265745998411,1.3668207852494731,80,750
818,82.98311817279047,696.72591857001,383.454816285998,1411.0,1.5955860493214704,357.00794438927505,1619.2333664349553,182.8291956305859,True,LacZ_3_b3,LacZ OE,0.5714809374707919,0.6302326465090131,1.0499835089224376,80,750
819,83.54082612872239,709.9903938520653,416.78962536023056,1783.0,1.5442062505270127,380.68587896253604,2703.1392891450528,181.64937560038425,True,LacZ_3_b3,LacZ OE,0.46044677781815024,0.6823416555882207,1.953384791929281,80,750
820,85.12454545454545,717.7372727272727,782.49,1478.0,1.4139067005395372,352.55727272727273,1529.2881818181818,248.0690909090909,False,LacZ_3_b3,LacZ OE,-0.7739005760469951,0.7560228722003048,7.669147601966657,80,750
821,83.36,718.0458536585365,762.3160975609757,1404.0,1.424846409820958,716.189268292683,2345.451707317073,421.82341463414633,False,LacZ_3_b3,LacZ OE,-0.705786624873352,0.7546055944458689,5.674958197660047,80,750
822,82.95186335403727,729.6630434782609,459.23447204968943,958.0,1.4277439824661768,344.0139751552795,3207.9208074534163,183.7950310559006,True,LacZ_3_b3,LacZ OE,0.3193426247738975,0.7587408800976867,1.7978229299734068,80,750
823,83.08571428571429,739.4342857142857,546.3142857142857,905.0,1.3446427341701062,372.69,1511.6814285714286,172.35142857142858,True,LacZ_3_b3,LacZ OE,0.02633752037086534,0.8049329393399705,2.8960825134288513,80,750
824,83.12778429073857,745.0375146541618,708.7702227432591,1205.0,1.5424932793835069,341.6764361078546,2753.805392731536,195.70691676436107,True,LacZ_3_b3,LacZ OE,-0.5217729164681215,0.8454730305893348,4.768460466695316,80,750
825,84.43377646479567,748.1038897095027,427.9094042343673,2846.0,1.4388792872668437,344.68586903003444,1515.8557360905957,171.10241260462826,True,LacZ_3_b3,LacZ OE,0.4273647840221795,0.8214908782956865,2.8786354800317753,80,750
826,82.73416506717851,758.1986564299424,657.2562380038388,1385.0,1.3549774610126746,392.4942418426104,2507.6180422264874,230.69865642994242,True,LacZ_3_b3,LacZ OE,-0.34624217014471226,0.8866052673254856,3.7576964801650377,80,750
827,82.91129785247432,754.3669467787115,463.98039215686276,1626.0,1.6288251121977264,402.2287581699346,1743.0588235294117,181.468720821662,True,LacZ_3_b3,LacZ OE,0.30619100740141203,0.8486207476301049,1.750293050329816,80,750
828,83.00726612170754,770.0608537693006,548.5104450499546,1452.0,1.603827831440734,373.2325158946412,2045.80472297911,183.20890099909172,True,LacZ_3_b3,LacZ OE,0.022488160394443346,0.9159004291761532,2.767142849890817,80,750
829,83.46298342541436,780.6917127071823,521.3734806629834,1330.0,1.454236854260815,394.4165745856354,2086.4276243093923,198.81988950276244,True,LacZ_3_b3,LacZ OE,0.11541260788915442,0.9509380798118336,2.888604115991342,80,750
830,83.98916576381365,255.83098591549296,615.1462621885157,1261.0,1.5543421889674447,335.1614301191766,2254.9902491874323,165.8970747562297,False,LacZ_3_b3,LacZ OE,-0.26254297845983554,-0.9343550611408074,5.771822405127452,80,750
831,84.35828877005348,273.37754010695187,430.82032085561497,1235.0,1.3366722175879686,312.0844919786096,1688.4802139037433,174.68770053475936,True,LacZ_3_b3,LacZ OE,0.3621588915545786,-0.8939528479532985,4.005340749635536,80,750
832,84.57627118644068,276.81056829511465,543.7567298105683,1533.0,1.60382330201518,319.6889332003988,2744.7108673978064,169.00299102691923,True,LacZ_3_b3,LacZ OE,-0.018924123961419514,-0.8674393596825267,5.496845567666227,80,750
833,85.76508226691043,282.75319926873857,457.74954296160877,1412.0,1.491242664844717,347.5310786106033,2543.957038391225,182.21206581352834,False,LacZ_3_b3,LacZ OE,0.2723416171065378,-0.8566928078875096,5.694634881953462,80,750
834,84.58775137111517,285.88299817184645,491.6215722120658,1494.0,1.6819031790238996,364.6636197440585,1908.946983546618,183.9542961608775,True,LacZ_3_b3,LacZ OE,0.15824366445998006,-0.8411595243931302,4.894172030582965,80,750
835,84.07741251325557,301.3255567338282,724.7041357370096,1349.0,1.5354422756468091,363.06362672322376,1842.001060445387,202.0424178154825,False,LacZ_3_b3,LacZ OE,-0.6273126513624302,-0.7562411449330334,6.991660870463434,80,750
836,85.58974358974359,308.4838056680162,753.6423751686909,2096.0,1.568916064423593,307.585020242915,1696.8670715249661,160.67678812415656,False,LacZ_3_b3,LacZ OE,-0.7241708078456559,-0.7267438237816193,8.8147517054108,80,750
837,83.18923933209648,313.61410018552874,439.49536178107604,863.0,1.8290297350246905,320.79035250463824,1711.7402597402597,192.7977736549165,True,LacZ_3_b3,LacZ OE,0.3375030250543025,-0.7474509582714637,2.8357508214125886,80,750
838,83.79551337359793,328.56341673856775,430.23382226056947,1553.0,1.81495812193514,322.6427955133736,2812.1380500431405,172.43917169974117,True,LacZ_3_b3,LacZ OE,0.3705549522782694,-0.6945716130031945,3.3000352476350656,80,750
839,84.09332113449223,330.14638609332115,443.0558096980787,1464.0,1.9247185238286815,319.7291857273559,1984.0631290027447,175.98444647758464,True,LacZ_3_b3,LacZ OE,0.3274392483552322,-0.6872467987338734,3.7394725549830667,80,750
840,84.17660208643815,345.22652757078987,428.86810730253353,1791.0,1.5857785030555502,354.49329359165426,2529.8263785394934,191.64605067064085,True,LacZ_3_b3,LacZ OE,0.3771264870731126,-0.6345137202864473,3.624557894937581,80,750
841,85.44461077844312,344.7559880239521,398.83483033932134,2766.0,1.9831062823507983,344.79091816367264,2551.308882235529,176.6427145708583,True,LacZ_3_b3,LacZ OE,0.47857105205003236,-0.6399555509227508,4.55271866537646,80,750
842,84.2352371732817,362.4075508228461,370.8209099709584,1414.0,1.66418596297349,332.67182962245886,1561.6979670861567,183.4027105517909,True,LacZ_3_b3,LacZ OE,0.5752123356570802,-0.579664901074062,2.981956210576172,80,750
843,84.1622641509434,381.21792452830186,774.0235849056604,1326.0,1.4925607507740835,331.1792452830189,2062.9603773584904,510.3679245283019,False,LacZ_3_b3,LacZ OE,-0.7845889573633871,-0.4613258180287668,7.439596975074693,80,750
844,83.6786600496278,411.712158808933,297.1104218362283,1132.0,1.5834616836040225,334.14764267990074,1635.0496277915634,144.05955334987593,True,LacZ_3_b3,LacZ OE,0.8299307546023671,-0.41067227368011583,1.4672695730962602,80,750
845,83.53813559322033,412.0116525423729,790.1747881355932,1396.0,1.7877380220243424,338.85487288135596,1553.5815677966102,374.3294491525424,False,LacZ_3_b3,LacZ OE,-0.8355791339998697,-0.34801549674985954,6.923012022443203,80,750
846,84.8936170212766,422.73670212765956,311.86436170212767,1508.0,1.4284905824213419,313.56382978723406,3036.876773049645,176.2881205673759,True,LacZ_3_b3,LacZ OE,0.7814256998961122,-0.368974582079454,2.8224721938528035,80,750
847,84.19809322033899,433.7383474576271,324.9936440677966,1377.0,1.4389334052667995,360.0974576271187,2429.4406779661017,159.45656779661016,True,LacZ_3_b3,LacZ OE,0.7383321518249122,-0.3275768412558979,2.248937103887272,80,750
848,83.38914873713752,452.8531337698784,307.88119738072965,1610.0,1.9579277492003766,343.9812909260992,2155.9017773620208,186.83816651075773,True,LacZ_3_b3,LacZ OE,0.7983351002403585,-0.2606332468730356,1.1987206876305407,80,750
849,85.14076246334311,455.4492668621701,338.73313782991204,2161.0,1.575513349681848,364.36539589442816,2571.1683284457476,186.42521994134898,True,LacZ_3_b3,LacZ OE,0.6944897245448398,-0.2473840325629344,3.294036779448305,80,750
850,83.23924268502581,520.0189328743545,302.24268502581754,807.0,1.4066762105472823,363.99655765920824,3155.9397590361446,204.55593803786576,True,LacZ_3_b3,LacZ OE,0.8252097739740012,-0.01858071712702014,0.819405132335902,80,750
851,84.2808056872038,526.8578199052133,289.2796208530806,1141.0,1.4849547924247193,361.5296208530806,1540.1149289099526,175.52843601895734,True,LacZ_3_b3,LacZ OE,0.8698360615887502,0.004526047553775392,1.6969056578769397,80,750
852,85.26915887850467,525.8373831775701,312.99345794392525,1504.0,1.4231818488707038,365.05700934579437,2853.258878504673,190.97289719626167,True,LacZ_3_b3,LacZ OE,0.7896514256518243,0.0038067286455087945,2.956891692088675,80,750
853,83.0497461928934,555.2609137055838,314.15736040609136,1223.0,1.7048877036283199,379.33502538071065,2323.074111675127,182.48223350253807,True,LacZ_3_b3,LacZ OE,0.7890659303828536,0.11028113712513576,0.6783771429060153,80,750
854,84.43512195121951,554.7892682926829,326.06634146341463,1284.0,1.3170287525078292,358.9531707317073,2851.927804878049,203.53951219512194,True,LacZ_3_b3,LacZ OE,0.7488366784851561,0.11007406372521955,2.200005188473426,80,750
855,85.13126385809312,570.8212860310422,326.97028824833706,2994.0,1.4305777572717218,374.87228381374723,1618.5871396895786,190.33968957871397,True,LacZ_3_b3,LacZ OE,0.7476800072030441,0.16813679247434377,2.8668779660847576,80,750
856,83.83333333333333,572.769113149847,291.480122324159,934.0,1.6354816725123593,355.0963302752294,1530.5412844036698,171.87614678899084,True,LacZ_3_b3,LacZ OE,0.8677405233571769,0.17073500439380007,1.1613731320829856,80,750
857,83.16483516483517,589.6232339089482,283.5761381475667,1038.0,1.7908339880332824,368.9638932496075,1981.6357927786498,212.08006279434852,True,LacZ_3_b3,LacZ OE,0.8963796352610973,0.2306588915518164,0.361690461579542,80,750
858,83.81656050955414,596.2675159235669,318.90063694267513,1231.0,1.859609660335502,417.43057324840765,2344.5108280254776,214.64458598726114,True,LacZ_3_b3,LacZ OE,0.7778559137578431,0.2590896730188268,1.3979927064698927,80,750
859,84.4504170528267,642.0741427247451,310.89990732159407,1513.0,1.6347075719740445,365.6209453197405,2057.7025023169604,167.57367933271547,True,LacZ_3_b3,LacZ OE,0.810249039846946,0.4236544654930534,1.8281751440180471,80,750
860,86.82770270270271,663.785472972973,379.41722972972974,2015.0,1.5492503584160922,391.3893581081081,2316.9130067567567,187.43665540540542,True,LacZ_3_b3,LacZ OE,0.5814261400676037,0.5107003165468817,4.92960116031027,80,750
861,83.43155893536121,662.4980988593156,403.09125475285174,843.0,1.7448079587967253,355.4619771863118,2632.709125475285,201.73764258555133,True,LacZ_3_b3,LacZ OE,0.5011754602313965,0.5089784180240353,1.8055915078528102,80,750
862,86.06724045185584,691.0656266810113,426.8999462076385,2666.0,1.6321217261015943,356.6487358795051,1552.6223776223776,192.3582571274879,True,LacZ_3_b3,LacZ OE,0.42418507180755327,0.6152232558416937,4.641002934094601,80,750
863,83.76744186046511,714.6380182002022,430.2143579373104,1242.0,1.6935269080893982,377.95045500505563,2008.5601617795753,176.11627906976744,True,LacZ_3_b3,LacZ OE,0.4156497380187032,0.7008178131381837,2.320929344296488,80,750
864,84.29843893480258,723.7649219467402,744.7033976124885,1403.0,1.473510595589348,839.4885215794307,2852.048668503214,533.9090909090909,False,LacZ_3_b3,LacZ OE,-0.6455887648154759,0.7730835582577229,6.399319372365994,80,750
865,85.03389830508475,743.3644067796611,522.1440677966102,1093.0,1.5244438463987924,366.5762711864407,1805.1525423728813,182.3271186440678,True,LacZ_3_b3,LacZ OE,0.10851660554770515,0.816133733420868,4.560089098446284,80,750
866,83.79746835443038,751.8396624472574,534.2691983122363,1572.0,1.5369856239128963,364.08523206751056,2868.6092827004218,208.4860759493671,True,LacZ_3_b3,LacZ OE,0.06849945215574782,0.8482708771189942,3.4405077034856077,80,750
867,84.53289473684211,747.3330592105264,610.6348684210526,1577.0,1.537821738926905,367.3125,1535.392269736842,207.7253289473684,True,LacZ_3_b3,LacZ OE,-0.18995603800929628,0.8415249097048154,5.053844237454115,80,750
868,84.98235942668137,753.7254685777287,594.4586549062844,1332.0,1.529226994465154,382.86659316427784,1538.9294377067254,191.70341786108048,True,LacZ_3_b3,LacZ OE,-0.1345508912911153,0.8626122679888639,5.303912068799988,80,750
869,83.59187620889749,762.7495164410058,568.1605415860735,1547.0,1.5926588732509017,378.79690522243715,1746.6711798839458,182.02030947775629,True,LacZ_3_b3,LacZ OE,-0.044718766578752955,0.891933351438952,3.5927767540730144,80,750
870,84.90079123554473,768.9817407181985,618.2550213024954,2266.0,1.3780740468634367,347.10468654899574,3417.2617163724894,211.24223980523433,True,LacZ_3_b3,LacZ OE,-0.2131571945306865,0.9207242681075998,5.454899836422683,80,750
871,83.6,766.2119047619047,582.9785714285714,572.0,1.3655782791880955,360.2547619047619,2497.3547619047617,237.55238095238096,True,LacZ_3_b3,LacZ OE,-0.09436895624879849,0.9062980662725268,3.7605790197632984,80,750
872,85.2164705882353,764.0235294117647,676.5741176470589,1167.0,1.4019651025094746,353.44117647058823,1938.735294117647,179.68117647058824,False,LacZ_3_b3,LacZ OE,-0.41072142144999924,0.9100891985177155,6.444775105647835,80,750
873,84.22828282828283,770.4626262626263,689.7292929292929,809.0,1.5196990975890592,354.16565656565655,3247.8262626262626,191.24040404040403,True,LacZ_3_b3,LacZ OE,-0.4544458974856601,0.9349975324844815,5.590126258419033,80,750
874,83.04569190600522,778.2375979112271,604.6422976501306,1059.0,1.3954835001579917,324.86945169712794,2997.3107049608357,218.09138381201043,True,LacZ_3_b3,LacZ OE,-0.16616640470664967,0.9524638941055348,3.4226064136155827,80,750
875,86.86522462562397,768.9109816971713,629.2653910149751,1846.0,1.831919594322658,374.31114808652245,3661.2296173044924,207.53660565723794,False,LacZ_3_b3,LacZ OE,-0.2502818664961185,0.9218582335754999,7.544358614686914,80,750
876,86.18190476190476,265.03714285714284,495.9371428571429,1409.0,1.6745786672679344,312.9657142857143,2532.984761904762,180.14285714285714,False,LacZ_3_b3,LacZ OE,0.1412961631871248,-0.9159519691878413,6.588544531858886,80,750
877,85.01991614255765,277.54192872117403,667.4958071278826,1376.0,1.5962466355821754,301.77463312368974,1589.9203354297695,169.49056603773585,False,LacZ_3_b3,LacZ OE,-0.4368042441454335,-0.8493397689219567,7.343277243743358,80,750
878,85.00307692307692,270.23897435897436,584.5210256410256,1364.0,1.6954252680861028,327.2574358974359,1753.8297435897437,169.0420512820513,False,LacZ_3_b3,LacZ OE,-0.15737326029934318,-0.886097153915573,6.402540701406835,80,750
879,86.51604938271605,279.8197530864198,635.1242798353909,1718.0,1.518613308970413,313.30123456790125,3067.7234567901232,174.9695473251029,False,LacZ_3_b3,LacZ OE,-0.327131850424222,-0.8451384695587167,8.466236037876925,80,750
880,86.1139554087531,275.9760528488852,522.813377374071,1706.0,1.8076754214153745,362.56234516928157,1668.063583815029,164.8389760528489,False,LacZ_3_b3,LacZ OE,0.051783232712806715,-0.8730595153962302,6.798743881327283,80,750
881,86.56109324758843,281.14871382636653,554.2893890675241,1862.0,1.4341613325368032,323.7475884244373,1553.8906752411576,157.975884244373,False,LacZ_3_b3,LacZ OE,-0.05392009722479785,-0.850429765733041,7.590410790498169,80,750
882,85.79340028694405,296.4002869440459,639.4691535150646,954.0,1.4501629397866387,320.29411764705884,2531.9856527977045,209.86657101865137,False,LacZ_3_b3,LacZ OE,-0.3399025865692441,-0.784674140335988,7.75212216192898,80,750
883,86.28824476650564,312.8502415458937,375.9887278582931,1662.0,1.4098297418679144,336.52495974235103,2251.8800322061193,175.87842190016104,True,LacZ_3_b3,LacZ OE,0.5520549426133297,-0.7581194845453917,5.215536085072401,80,750
884,85.90751445086705,309.07875722543355,714.7492774566474,1897.0,1.4414574253251582,351.4985549132948,1709.2810693641618,183.5065028901734,False,LacZ_3_b3,LacZ OE,-0.5927107814429708,-0.7294481955104868,8.689542880918225,80,750
885,86.08315789473684,321.2442105263158,774.7705263157894,1282.0,1.5437741902045317,319.8694736842105,2943.093684210526,210.19578947368421,False,LacZ_3_b3,LacZ OE,-0.7940329467789891,-0.67798156534531,9.516541832517163,80,750
886,84.9556277056277,336.73376623376623,771.9502164502164,1302.0,1.3410823822861135,342.758658008658,2094.034632034632,590.2922077922078,False,LacZ_3_b3,LacZ OE,-0.782743047898995,-0.622358205828931,8.318925796931055,80,750
887,84.72295247724975,350.51466127401414,387.9170879676441,1335.0,1.7832936507645858,351.4448938321537,3276.2719919110214,173.52881698685542,True,LacZ_3_b3,LacZ OE,0.5160942630785386,-0.6205107805001941,3.6929945299584546,80,750
888,85.625,345.1654929577465,411.4797535211268,1517.0,1.7858798375698106,325.1593309859155,2689.6505281690143,188.84595070422534,True,LacZ_3_b3,LacZ OE,0.4359120553284592,-0.636894988213309,4.875625399112721,80,750
889,84.07503828483921,365.8728943338438,397.687595712098,752.0,1.4698769028831375,369.2649310872894,2016.5068912710567,175.6906584992343,True,LacZ_3_b3,LacZ OE,0.48485641090410825,-0.563786092507891,3.118209577283082,80,750
890,88.90836820083682,360.8979079497908,761.8861924686192,3106.0,1.2609153461400773,547.0083682008368,1566.0778242677825,195.75020920502092,False,LacZ_3_b3,LacZ OE,-0.7457763133522215,-0.5362488263737897,12.097647502074636,80,750
891,85.93935643564356,373.98886138613864,392.76113861386136,1287.0,1.757769830425353,324.81311881188117,2504.262376237624,209.19554455445544,True,LacZ_3_b3,LacZ OE,0.5025163018525369,-0.5350537754326228,4.906491719377968,80,750
892,85.69716088328076,380.1019978969506,810.3007360672976,1485.0,1.3900197851518503,375.4384858044164,2399.414300736067,183.75814931650893,False,LacZ_3_b3,LacZ OE,-0.9072016741058786,-0.46081723176075484,9.388936668376857,80,750
893,85.03363228699551,392.29260089686096,801.2769058295964,1273.0,1.5958847483784908,345.2993273542601,1712.486547085202,183.88565022421525,False,LacZ_3_b3,LacZ OE,-0.8753235361136855,-0.41788854123143726,8.59299655986166,80,750
894,86.3065868263473,415.82754491017965,839.0131736526946,1268.0,1.4678661520511713,316.52694610778445,1503.1568862275449,193.1748502994012,False,LacZ_3_b3,LacZ OE,-1.0,-0.32810388646836885,10.236265242595152,80,750
895,86.10197628458498,441.5067193675889,351.8521739130435,1645.0,1.5328626042626738,359.7304347826087,1505.1818181818182,211.33596837944663,True,LacZ_3_b3,LacZ OE,0.648585408714615,-0.29613113845373606,4.438443197816312,80,750
896,85.02458296751536,446.26777875329236,367.18612818261636,1463.0,1.6286973775884743,374.47410008779633,2023.9719051799825,191.85513608428445,True,LacZ_3_b3,LacZ OE,0.5973019931895278,-0.2770163218791811,3.523459740797591,80,750
897,83.95621890547264,484.1741293532338,298.68059701492535,1313.0,1.4648954672211871,432.2318407960199,2844.187064676617,173.46169154228855,True,LacZ_3_b3,LacZ OE,0.8330891882700755,-0.1485743134912142,1.584175851897271,80,750
898,85.32422451994091,546.8626292466765,302.21713441654356,1980.0,1.523479704992165,373.6454948301329,1869.2474150664698,206.99778434268833,True,LacZ_3_b3,LacZ OE,0.828507570183308,0.07845305131673652,2.8378462562501454,80,750
899,85.45235803657363,572.1684311838306,309.4119345524543,1578.0,1.4486696899478677,373.9181905678537,1613.6082771896054,171.7179980750722,True,LacZ_3_b3,LacZ OE,0.8071605156970931,0.17081545129515718,2.98532000906863,80,750
900,85.35542857142858,671.2731428571428,314.9622857142857,1383.0,1.5391667049210664,393.1245714285714,2061.697142857143,175.7817142857143,True,LacZ_3_b3,LacZ OE,0.7999672029153715,0.5297027062531077,2.707328887086888,80,750
901,86.9746192893401,670.5451776649746,403.6223350253807,1351.0,1.3589281394126187,387.9553299492386,2213.4406091370556,196.50558375634517,True,LacZ_3_b3,LacZ OE,0.5004569667720722,0.5381558695055608,5.334623214304429,80,750
902,87.66424242424243,681.8169696969697,389.1109090909091,2288.0,1.3168639681232002,374.78424242424245,1654.8757575757577,164.0230303030303,False,LacZ_3_b3,LacZ OE,0.5508169582878419,0.5770885149317853,5.8317142128808825,80,750
903,86.09508881922675,677.3437826541275,787.8150470219435,1336.0,1.5326785618912584,416.01880877742946,2018.4994775339603,212.5997910135841,False,LacZ_3_b3,LacZ OE,-0.7965620697425158,0.6107006769651508,8.799552616545554,80,750
904,84.28247914183552,687.357568533969,363.51489868891537,1506.0,1.4467199375679902,432.36948748510133,2327.979737783075,175.62932061978546,True,LacZ_3_b3,LacZ OE,0.6377941983559443,0.5938921225238272,2.1459820112660566,80,750
905,86.56052344601963,712.8287895310796,390.9781897491821,1509.0,1.7601553754250496,387.70992366412213,2044.206106870229,177.00981461286804,True,LacZ_3_b3,LacZ OE,0.5480838526325058,0.6893996782799652,4.672890864123346,80,750
906,85.30281690140845,734.7760563380282,447.4225352112676,1006.0,1.3113967317640547,370.056338028169,3025.018309859155,187.95492957746478,True,LacZ_3_b3,LacZ OE,0.35992976773356955,0.7757633618888216,4.001943070860008,80,750
907,86.02631578947368,743.8810916179337,754.6666666666666,1522.0,1.3678774753709606,315.33430799220275,1589.6461988304093,177.42397660818713,False,LacZ_3_b3,LacZ OE,-0.67683101936196,0.8470467423614534,8.190635576898671,80,750
908,85.90555555555555,754.7361111111111,519.0,1107.0,1.3623623776217808,380.9111111111111,1830.9069444444444,192.04166666666666,True,LacZ_3_b3,LacZ OE,0.1204970860111867,0.8568484449168481,5.367991856719385,80,750
909,85.95979899497488,754.820770519263,710.9589614740369,1694.0,1.541814515781128,346.53433835845897,2749.4564489112227,200.0862646566164,False,LacZ_3_b3,LacZ OE,-0.5279158428428649,0.8811272504996226,7.601035502336103,80,750
910,85.19921104536489,759.2011834319527,551.2435897435897,1507.0,1.7604335989492548,369.50394477317553,3727.8145956607495,202.14102564102564,True,LacZ_3_b3,LacZ OE,0.012073833128360079,0.8770079767205559,5.016709989380658,80,750
911,85.55275779376498,270.3992805755396,618.7997601918465,1106.0,1.2940054593859922,313.9724220623501,1682.310551558753,159.92565947242207,False,LacZ_3_b3,LacZ OE,-0.2731246642765276,-0.8812328123378071,7.3409029981655465,80,750
912,87.7355460385439,277.7997858672377,644.5032119914347,1333.0,1.4876832615404132,284.6852248394004,2411.0770877944324,208.26659528907922,False,LacZ_3_b3,LacZ OE,-0.3590017599114794,-0.8512588546349098,9.797089620569977,80,750
913,86.8840436075322,276.98315163528247,602.6937561942517,1502.0,1.4317494828155661,293.8414271555996,2735.7879088206146,179.79682854311199,False,LacZ_3_b3,LacZ OE,-0.2179002809052092,-0.8594380851109197,8.473057915944707,80,750
914,87.38060479666319,279.75495307612096,590.9603753910324,1392.0,1.7641165920827595,305.15015641293013,3218.3514077163713,189.81126173096976,False,LacZ_3_b3,LacZ OE,-0.17792320737305523,-0.8508815279293823,8.829568405296598,80,750
915,87.4592541436464,291.1781767955801,569.7672651933701,1932.0,1.4175215411505258,320.81146408839777,2023.1954419889503,160.98549723756906,False,LacZ_3_b3,LacZ OE,-0.1049988627710815,-0.8122405634287833,8.639507093283541,80,750
916,85.92263056092844,293.0174081237911,598.92166344294,1282.0,1.4839490022455546,309.174081237911,1587.7630560928433,172.15570599613153,False,LacZ_3_b3,LacZ OE,-0.2033253718474951,-0.8019636281213967,7.4294022251608,80,750
917,86.0023419203747,300.88368462138953,627.7556596409055,1591.0,1.407248144996042,377.62997658079627,1515.1803278688524,189.86807181889148,False,LacZ_3_b3,LacZ OE,-0.29980416837378454,-0.7699310182378726,7.8170429661498275,80,750
918,86.70147954743256,300.48563968668407,459.58659704090513,1432.0,1.6162264274774243,328.85726718885985,2600.120104438642,199.80156657963445,False,LacZ_3_b3,LacZ OE,0.2682405822801788,-0.7923659024841994,6.608151184343853,80,750
919,85.84560570071258,306.65914489311166,740.3266033254157,1335.0,1.4929646278321627,347.17220902612826,2799.9085510688838,188.77553444180523,False,LacZ_3_b3,LacZ OE,-0.6793939315034074,-0.7349997065498525,8.923936981285308,80,750
920,86.6384335154827,312.73497267759564,661.6566484517305,1338.0,1.4164753980446187,306.41712204007285,2333.0428051001822,199.672131147541,False,LacZ_3_b3,LacZ OE,-0.41291264631617663,-0.7228584085260451,8.808729924627997,80,750
921,86.23127753303964,380.4625550660793,326.3931718061674,1225.0,1.5241394455546207,325.88546255506606,1555.1299559471365,170.38436123348018,True,LacZ_3_b3,LacZ OE,0.7274693239282752,-0.5199419074351896,4.429077273391897,80,750
922,84.47126436781609,399.2739463601533,382.264367816092,652.0,1.3129241881357623,362.54597701149424,2605.7911877394636,222.62260536398466,True,LacZ_3_b3,LacZ OE,0.5408661390088483,-0.44498757605658834,3.2570736291950197,80,750
923,86.73858921161826,405.68672199170123,387.18879668049794,762.0,1.511564233955084,325.0331950207469,2282.0933609958506,203.87551867219918,True,LacZ_3_b3,LacZ OE,0.5250672940497878,-0.42117789082869483,5.564351685369729,80,750
924,85.2570977917981,432.40220820189273,367.34069400630915,1028.0,1.6921458384028791,349.51892744479494,2368.2034700315457,182.8596214511041,True,LacZ_3_b3,LacZ OE,0.5951716409793353,-0.3271097053367765,3.7918612220930896,80,750
925,86.65625,436.90625,305.7919642857143,1435.0,1.356863720951535,304.88392857142856,2095.208035714286,163.90178571428572,True,LacZ_3_b3,LacZ OE,0.8036586385004805,-0.31850663604209184,4.48115932602299,80,750
926,86.43459915611814,500.9254571026723,300.45850914205346,1151.0,1.6199609767314418,412.0632911392405,2487.419127988748,214.72292545710266,True,LacZ_3_b3,LacZ OE,0.8291330717018599,-0.08778929572549177,4.041316012285819,80,750
927,85.43629697525206,568.0357470210815,344.7855178735105,1366.0,1.813308985769049,390.5737855178735,1980.4610449129239,182.7974335472044,True,LacZ_3_b3,LacZ OE,0.6871882102858144,0.16029610237841974,3.380979334715903,80,750
928,86.66009852216749,576.6118226600985,282.9428571428571,1338.0,1.740983571873036,353.4472906403941,1663.1852216748769,191.35862068965517,True,LacZ_3_b3,LacZ OE,0.8971362580436264,0.18357873203665798,3.8815735561146454,80,750
929,86.75816485225505,586.1500777604977,293.52410575427683,1890.0,1.7478188556487968,409.7348367029549,3420.5435458786937,221.98989113530325,True,LacZ_3_b3,LacZ OE,0.8625097785433651,0.21937506475150204,4.07625518689693,80,750
930,86.52869565217391,604.0660869565218,305.93391304347824,868.0,1.545629996314768,447.7582608695652,2859.8886956521737,187.87826086956522,True,LacZ_3_b3,LacZ OE,0.822671038609003,0.2856770758803493,3.94354764119457,80,750
931,86.02925531914893,615.2907801418439,333.02659574468083,1575.0,1.58062300788065,398.35372340425533,2226.426418439716,197.82358156028369,True,LacZ_3_b3,LacZ OE,0.7324436224277819,0.32962623918678124,3.7240383007779343,80,750
932,88.25944170771757,630.9879584017515,811.2977558839627,2420.0,1.6284827145453775,610.6650246305419,1501.8998357963876,488.1631089217296,False,LacZ_3_b3,LacZ OE,-0.8812082649169131,0.4461052948595916,11.344486284560233,80,750
933,86.31447963800905,644.7466063348417,784.5173453996983,1747.0,1.7271520619292826,982.7760180995475,2582.08371040724,441.2918552036199,False,LacZ_3_b3,LacZ OE,-0.7892161697518955,0.4924742951375869,9.061774492515582,80,750
934,85.93412162162163,659.3344594594595,330.71114864864865,903.0,1.6436597437502334,385.7043918918919,2715.739864864865,193.01182432432432,True,LacZ_3_b3,LacZ OE,0.7453984467323393,0.4885237379239724,3.4941576168713766,80,750
935,86.96784922394679,672.8481152993348,327.27383592017736,1318.0,1.5700254042322987,373.59090909090907,2843.5022172949,205.8957871396896,True,LacZ_3_b3,LacZ OE,0.7586255792312808,0.5369447110189294,4.455515891246449,80,750
936,86.57485714285714,702.144,432.888,1146.0,1.4479877059750346,395.52342857142855,1605.8148571428571,174.31314285714285,True,LacZ_3_b3,LacZ OE,0.4052695615722386,0.6560155014398625,5.189274913206972,80,750
937,87.40761636107193,723.2341325811001,768.6318758815232,1234.0,1.5716609001442323,402.8434414668547,2197.9055007052184,437.08321579689704,False,LacZ_3_b3,LacZ OE,-0.7263593977084191,0.7741766527152665,9.781217161741097,80,750
938,84.89312977099236,730.1005089058524,433.54071246819336,1557.0,1.9817958453273046,378.03053435114504,1956.0394402035624,170.470737913486,True,LacZ_3_b3,LacZ OE,0.4062604987443843,0.7571278288157444,3.446219602888334,80,750
939,85.84057971014492,726.7111111111111,403.39130434782606,1441.0,1.6707368505704394,372.3942028985507,2446.2309178743963,190.62705314009662,True,LacZ_3_b3,LacZ OE,0.5077445192828489,0.7411194469800544,4.05971348388745,80,750
940,87.59789156626506,738.2515060240963,432.0843373493976,1327.0,1.6007524485358382,364.1566265060241,2861.9322289156626,192.35993975903614,False,LacZ_3_b3,LacZ OE,0.4122352339651423,0.7864263995994483,6.114192878363397,80,750
941,85.10922587486745,743.1283138918345,509.0180275715801,1296.0,1.6420724348208235,358.1304347826087,1928.3191940615059,169.98939554612937,True,LacZ_3_b3,LacZ OE,0.1528308898747972,0.8136417655219028,4.486993454087724,80,750
942,85.84219858156028,741.3457446808511,556.8351063829788,921.0,1.9813829422008564,361.7659574468085,2686.4379432624114,201.36347517730496,False,LacZ_3_b3,LacZ OE,-0.008871688806909028,0.8131760402589456,5.76709991337259,80,750
943,87.94515306122449,741.4098639455782,463.5816326530612,3554.0,1.841399686851475,384.9978741496599,2444.2606292517007,181.031037414966,False,LacZ_3_b3,LacZ OE,0.3062212108676081,0.8017777504537564,6.8111925589968365,80,750
944,85.79620853080569,753.9265402843602,685.6872037914692,749.0,1.5046137989852935,345.6445497630332,1802.2345971563982,174.7227488151659,False,LacZ_3_b3,LacZ OE,-0.44266010695506086,0.874737990343434,7.152787294663256,80,750
945,84.68152866242038,773.3333333333334,648.7452229299363,1009.0,1.7901216808689795,346.5350318471338,2437.3630573248406,173.21656050955414,True,LacZ_3_b3,LacZ OE,-0.315652034009412,0.940258326420663,5.57104302565908,80,750
946,87.92051476154428,779.9167297501892,651.1264193792581,1677.0,1.3565716981032605,331.4019682059046,1603.4670704012112,185.01589704769114,False,LacZ_3_b3,LacZ OE,-0.3228025651676393,0.9643743530161812,8.820627212472473,80,750
947,87.90405539070227,285.05044510385756,437.0751730959446,1566.0,1.5170723722081256,327.52621167161226,2545.1226508407517,176.27893175074183,False,LacZ_3_b3,LacZ OE,0.34252887400791776,-0.8509557259480133,7.593122047400641,80,750
948,88.4968814968815,293.2765072765073,727.4646569646569,1325.0,1.3279736927287793,319.8773388773389,2979.185031185031,191.1091476091476,False,LacZ_3_b3,LacZ OE,-0.637405576900908,-0.7849550612147568,11.461990628493297,80,750
949,88.81284403669724,304.00366972477065,448.7504587155963,1630.0,1.9420920176696705,328.79816513761466,2366.751376146789,182.251376146789,False,LacZ_3_b3,LacZ OE,0.3053362528075978,-0.7809881104430985,8.587703243205112,80,750
950,88.1776,315.3584,688.8,1760.0,1.5437849728291917,311.3568,2097.9864,188.6792,False,LacZ_3_b3,LacZ OE,-0.5042356739480083,-0.7099752742530429,10.649448029622192,80,750
951,87.96399345335516,385.8805237315876,787.4599018003273,1514.0,1.3043859677692997,345.0621931260229,1536.936170212766,244.44844517184941,False,LacZ_3_b3,LacZ OE,-0.8292852595796638,-0.4427673334566776,11.382108530705793,80,750
952,87.65114379084967,393.1397058823529,338.85212418300654,1637.0,1.6751993847073254,309.6372549019608,1564.7303921568628,162.80555555555554,False,LacZ_3_b3,LacZ OE,0.6869172575685281,-0.4725562566744801,5.959053920744481,80,750
953,86.85903083700441,406.5022026431718,309.1751101321586,1302.0,1.5925235619768179,337.9052863436123,1826.4625550660794,168.6090308370044,True,LacZ_3_b3,LacZ OE,0.7886922254889461,-0.42797217680578836,4.79720845434953,80,750
954,88.92219541616406,450.037394451146,299.46320868516284,2311.0,1.6170047978841504,329.5422195416164,2282.524728588661,166.90349819059108,False,LacZ_3_b3,LacZ OE,0.826655868506216,-0.27182004650489344,6.642772259230526,80,750
955,87.91051660516605,474.9907749077491,304.5719557195572,1336.0,1.3422432316291342,344.0267527675277,3038.7269372693727,192.99077490774908,True,LacZ_3_b3,LacZ OE,0.812270225023549,-0.18100044900116674,5.627698788949729,80,750
956,86.7248322147651,502.8322147651007,285.4717162032598,1546.0,1.8153442758926475,340.5196548418025,2350.3048897411313,176.9242569511026,True,LacZ_3_b3,LacZ OE,0.8799910936084137,-0.08276711229075995,4.156711757848555,80,750
957,86.51282051282051,538.967032967033,308.3296703296703,1222.0,1.9348798922089068,353.1001221001221,2851.7643467643466,186.85836385836384,True,LacZ_3_b3,LacZ OE,0.806984832424404,0.050688191339453015,4.115193289589541,80,750
958,87.09446564885496,561.0791984732824,290.52862595419845,1464.0,1.8088309452466325,418.6708015267176,2004.7385496183206,187.86259541984734,True,LacZ_3_b3,LacZ OE,0.869717145288557,0.12838964699635946,4.440274224113253,80,750
959,88.61533052039381,596.9409282700421,314.07243319268633,1926.0,1.5661012828858003,431.65611814345993,1884.8073136427568,198.71518987341773,False,LacZ_3_b3,LacZ OE,0.7944292134648521,0.26095654582121197,6.139973407218278,80,750
960,87.93530997304582,593.0296495956874,346.0584007187781,1416.0,1.754962143290152,377.85354896675653,1801.0359389038633,220.59029649595686,False,LacZ_3_b3,LacZ OE,0.6859002262791944,0.25080939942676883,5.832718419156663,80,750
961,86.41104868913858,603.2584269662922,326.38483146067415,1429.0,1.929105994581953,423.1367041198502,2312.549625468165,197.0683520599251,True,LacZ_3_b3,LacZ OE,0.7534904177662796,0.28531103680369174,4.060045258299695,80,750
962,87.0580985915493,602.2535211267606,290.17605633802816,1509.0,1.6205496570326865,361.2306338028169,2864.2218309859154,192.3512323943662,True,LacZ_3_b3,LacZ OE,0.8757090977000901,0.2771619802410692,4.29850430276953,80,750
963,87.0786825251601,616.4300091491308,295.2470265324794,1428.0,1.8558624920890634,386.8938700823422,2230.2470265324796,184.07319304666058,True,LacZ_3_b3,LacZ OE,0.8602339711887215,0.32903358977144936,4.341736190170195,80,750
964,85.90931677018634,630.6459627329192,317.5453416149068,1080.0,1.5091614143973522,385.7329192546584,2099.1714285714284,180.37142857142857,True,LacZ_3_b3,LacZ OE,0.7865246232476022,0.38319033704180927,3.390556798285317,80,750
965,86.84031936127745,643.4241516966068,325.26447105788424,1324.0,1.5498954711342865,410.6746506986028,2487.954091816367,181.92115768463074,True,LacZ_3_b3,LacZ OE,0.761976268530494,0.4303455885535934,4.377650066252315,80,750
966,87.91880341880342,654.6809116809117,318.09544159544157,1101.0,1.5580060093032975,337.33903133903135,2851.3988603988605,179.30769230769232,True,LacZ_3_b3,LacZ OE,0.7875473919539546,0.4701437544677465,5.3469596135980595,80,750
967,89.61154855643045,719.7366579177602,407.62642169728787,1931.0,1.7040343744978954,368.2668416447944,2308.758530183727,175.8853893263342,False,LacZ_3_b3,LacZ OE,0.4927707859021493,0.716468749864398,7.89567916667842,80,750
968,86.20625,723.6354166666666,460.28125,659.0,1.364437546481035,348.0375,2729.985416666667,194.59166666666667,True,LacZ_3_b3,LacZ OE,0.3152293707704057,0.7371102684188162,5.078717168845614,80,750
969,88.55022831050228,743.9231354642313,547.8592085235921,1964.0,1.4237843232428256,352.4657534246575,2217.392694063927,176.34170471841705,False,LacZ_3_b3,LacZ OE,0.02185354983670318,0.8213908513870243,8.36670996806943,80,750
970,86.49421661409043,751.6845425867508,566.2429022082019,1248.0,1.412339975275355,374.5352260778128,1754.0536277602523,194.8117770767613,False,LacZ_3_b3,LacZ OE,-0.03941954754822896,0.8517233818201437,6.5004039283465005,80,750
971,86.10855949895615,754.9853862212943,624.30375782881,1445.0,1.4364984338755884,381.81628392484345,2568.953027139875,184.43006263048017,False,LacZ_3_b3,LacZ OE,-0.2351752482307672,0.8709015720961804,6.765718433469587,80,750
972,88.35064935064935,763.9584415584416,687.6528138528139,1847.0,1.6938743363909177,356.804329004329,2505.799134199134,181.73679653679653,False,LacZ_3_b3,LacZ OE,-0.44803104210184463,0.9112609486714631,9.704661980063022,80,750
973,88.97522123893805,768.9463126843658,520.446017699115,2360.0,1.2341336243377552,367.57050147492623,2679.0094395280234,194.9722713864307,False,LacZ_3_b3,LacZ OE,0.11738854486931127,0.9084120302802998,8.41886830255335,80,750
974,87.77196095829636,783.5740905057676,633.1206743566992,1578.0,1.4975862634282402,367.40816326530614,3035.981366459627,198.82253771073647,False,LacZ_3_b3,LacZ OE,-0.26155948851761435,0.9753434533711165,8.458684873595118,80,750
975,87.73372781065089,785.3940828402367,555.501775147929,1378.0,1.6261222674483946,406.1656804733728,1881.78224852071,186.20355029585798,False,LacZ_3_b3,LacZ OE,0.0008429086766834626,0.9722278955175438,7.534885095056524,80,750
976,88.05093488072211,782.9587362991618,609.2037395228884,2226.0,1.675036853116105,339.1914893617021,2878.2624113475176,178.17537072856223,False,LacZ_3_b3,LacZ OE,-0.18083063108005237,0.9701346433238371,8.467663589210431,80,750
977,88.78633301251203,262.98556304138594,625.3137632338787,1394.0,1.4950173240706863,304.4735322425409,1627.8527430221366,155.7786333012512,False,LacZ_3_b3,LacZ OE,-0.2958683212319897,-0.9071905733582452,10.666461771885906,80,750
978,88.69141193595343,275.51091703056767,673.8064046579331,1280.0,1.9011894705707755,309.2882096069869,1548.141193595342,169.29985443959242,False,LacZ_3_b3,LacZ OE,-0.4582160755215896,-0.8558649039150639,11.091161701767405,80,750
979,88.94408945686901,278.9105431309904,513.3386581469648,1638.0,1.6374433856375608,371.40015974440894,1663.9424920127794,197.17811501597444,False,LacZ_3_b3,LacZ OE,0.08423982552733889,-0.8636154175861788,9.513908216260134,80,750
980,88.84455958549223,279.06113989637305,617.9326424870467,1360.0,1.4839840581212076,349.439378238342,2945.4186528497407,187.47046632124352,False,LacZ_3_b3,LacZ OE,-0.26905813760262387,-0.8500098470802128,10.60130745306607,80,750
981,88.18756268806419,287.23871614844535,628.4182547642929,1409.0,1.7952811451086161,287.40421263791376,3081.3660982948845,193.8936810431294,False,LacZ_3_b3,LacZ OE,-0.30354943899782527,-0.8191490195592175,10.043242231363948,80,750
982,87.54420206659013,289.3478760045924,535.0183696900115,1432.0,1.935911305854689,357.3926521239954,1590.6624569460391,179.08036739380023,False,LacZ_3_b3,LacZ OE,0.012170451642597113,-0.8231947432687355,8.3345065912399,80,750
983,87.34106412005457,284.5320600272851,685.8894952251023,1164.0,1.7170455257393915,339.39017735334244,1960.1664392905866,161.91950886766713,False,LacZ_3_b3,LacZ OE,-0.49803195183077753,-0.8217608585694798,9.855848514111003,80,750
984,89.26614699331849,293.06458797327394,708.0723830734967,1278.0,1.6494447226414057,341.86748329621383,1775.4966592427618,180.9086859688196,False,LacZ_3_b3,LacZ OE,-0.5718947330949451,-0.7881370110149484,12.011595729866968,80,750
985,89.52295081967213,284.5696721311475,658.6377049180328,1837.0,1.4681093855358731,313.4229508196721,2672.4704918032785,192.2516393442623,False,LacZ_3_b3,LacZ OE,-0.4058884923208187,-0.8250118731947174,11.728148079727816,80,750
986,88.96357827476038,304.6664536741214,698.3220447284345,2268.0,1.6891457400844652,285.6370607028754,2448.3923322683704,188.58785942492014,False,LacZ_3_b3,LacZ OE,-0.5376172203339632,-0.7474242247783338,11.569794156252115,80,750
987,88.64797794117646,327.0055147058824,764.6240808823529,1397.0,1.3605074097643892,316.85202205882354,2124.704044117647,195.29871323529412,False,LacZ_3_b3,LacZ OE,-0.7589878490023576,-0.6584063676137215,11.951823188811517,80,750
988,88.09445745511319,374.6518345042935,379.73145979703355,1674.0,1.563808051835579,323.4847775175644,1882.2115534738487,172.2615144418423,False,LacZ_3_b3,LacZ OE,0.546690297504457,-0.5342686437307318,6.9119088610287065,80,750
989,88.10268714011517,375.7312859884837,798.0057581573897,1347.0,1.4015640597122907,357.28886756238006,2404.507677543186,295.84069097888676,False,LacZ_3_b3,LacZ OE,-0.8660868832654749,-0.47813175632302474,11.665498912561318,80,750
990,89.31087662337663,393.112012987013,390.7516233766234,1520.0,1.5271760607000637,348.45211038961037,1601.224025974026,186.85633116883116,False,LacZ_3_b3,LacZ OE,0.511665014248518,-0.4661625595189941,8.207877503402472,80,750
991,87.94423320659062,401.52217997465146,356.3954372623574,1178.0,1.7054323802004299,296.79467680608366,1781.5196451204056,184.97845373891002,False,LacZ_3_b3,LacZ OE,0.6286461058107085,-0.4400663679412269,6.430621430158368,80,750
992,88.41279799247177,395.5194479297365,310.4930991217064,1235.0,1.7873743947680982,313.34378920953577,2331.038895859473,165.04893350062736,False,LacZ_3_b3,LacZ OE,0.7830191906342379,-0.4674909990836059,6.392879940242352,80,750
993,88.13825503355704,408.51409395973155,373.8979865771812,965.0,1.4224051760817393,303.1395973154362,2070.3932885906042,183.63489932885906,False,LacZ_3_b3,LacZ OE,0.5703466348983428,-0.4126082222306916,6.80608994468264,80,750
994,87.90657769304099,430.6568160152526,321.71782650142995,1473.0,1.794796785729321,354.4337464251668,3398.2869399428027,189.21067683508102,False,LacZ_3_b3,LacZ OE,0.7491815085600251,-0.3390957805834851,5.9275752387604825,80,750
995,88.4551282051282,440.52964743589746,334.0520833333333,1653.0,1.5152023146829028,362.43830128205127,1574.4110576923076,158.84535256410257,False,LacZ_3_b3,LacZ OE,0.7086899089210557,-0.3018678939504561,6.591785857535712,80,750
996,88.59978130125752,488.7129579004921,313.2700929469656,2591.0,1.395877706876381,368.63258611262984,2657.262985237835,183.47566976489884,False,LacZ_3_b3,LacZ OE,0.7845156097484041,-0.1303128611781429,6.381858781111305,80,750
997,90.6558872305141,489.80431177446104,278.7313432835821,1999.0,1.6046120419556884,366.0547263681592,2052.6111111111113,176.40878938640134,False,LacZ_3_b3,LacZ OE,0.9013919890387343,-0.13066628857192408,8.043073384169205,80,750
998,87.95463510848126,489.6568047337278,288.5424063116371,715.0,1.667970283389351,381.56410256410254,2333.7968441814596,184.52268244575936,True,LacZ_3_b3,LacZ OE,0.8681292900113493,-0.12999440563344034,5.453736554148023,80,750
999,87.9499596448749,509.69652945924133,312.38337368845845,1723.0,1.4393066982319547,362.6779661016949,1889.592413236481,192.1686844229217,False,LacZ_3_b3,LacZ OE,0.7899332200868694,-0.054587394809549106,5.670337574546011,80,750
1000,88.23412322274882,592.4720379146919,256.16398104265403,1407.0,1.4269412886099624,370.7630331753555,1612.1336492890996,188.02274881516587,True,LacZ_3_b3,LacZ OE,0.9895042417811877,0.23756996960244425,5.1124528618644405,80,750
1001,89.79946164199193,619.3196500672948,310.53768506056525,1920.0,1.525484324326648,451.8674293405114,1520.1594885598922,171.59959623149393,False,LacZ_3_b3,LacZ OE,0.8090252712465615,0.34140754492163294,7.228786347881851,80,750
1002,89.68615107913669,630.1996402877697,325.96223021582733,1424.0,1.4931401305174286,415.6978417266187,1930.328237410072,171.69424460431654,False,LacZ_3_b3,LacZ OE,0.7581867786789411,0.38265658355796206,7.263779386198976,80,750
1003,87.72419106317412,639.7365177195686,356.24345146379045,885.0,1.591907752654648,434.8906009244992,2323.171032357473,195.40369799691834,True,LacZ_3_b3,LacZ OE,0.6569353232841917,0.4208927114974761,5.622200273406733,80,750
1004,88.18197278911565,659.6930272108843,796.8792517006802,1514.0,1.3522857586298112,368.5824829931973,1575.5051020408164,504.63520408163265,False,LacZ_3_b3,LacZ OE,-0.8291584488814547,0.5480530148541161,11.03265751723653,80,750
1005,88.58259081562714,671.7642220699109,363.8773132282385,1802.0,1.4394160706767662,380.1151473612063,2999.0034270047977,213.87457162440026,False,LacZ_3_b3,LacZ OE,0.6349173749627615,0.5376104259936858,6.488320440860832,80,750
1006,89.15433673469387,698.984693877551,384.3966836734694,1516.0,1.5708128771174281,394.2640306122449,1544.015306122449,199.57780612244898,False,LacZ_3_b3,LacZ OE,0.5688012454869877,0.638560362966323,7.225914445915436,80,750
1007,89.83172147001935,692.899419729207,788.6499032882011,2913.0,1.7432463101202345,370.6914893617021,2340.997582205029,479.142166344294,False,LacZ_3_b3,LacZ OE,-0.797423453516733,0.667055747028618,12.5070999601012,80,750
1008,89.78551787351054,695.1787351054079,397.1457378551787,1642.0,1.9605762663990374,390.0751604032997,2493.902841429881,193.2859761686526,False,LacZ_3_b3,LacZ OE,0.5253162430561233,0.6264013244122555,8.011146466690604,80,750
1009,90.62882882882883,709.7369369369369,421.0657657657658,1646.0,1.759702592767104,418.5612612612613,2750.6774774774776,189.91531531531533,False,LacZ_3_b3,LacZ OE,0.4462465313343482,0.6820126493884962,9.090073914320499,80,750
1010,89.10619469026548,723.5083579154376,432.3431661750246,1492.0,1.5241272914125428,354.27433628318585,2933.293018682399,188.04424778761063,False,LacZ_3_b3,LacZ OE,0.4096996203488106,0.7331837504317342,7.661641404634963,80,750
1011,87.81553398058253,732.453074433657,471.15641855447683,1175.0,1.393147167005283,386.4325782092772,2165.6936353829556,192.45307443365695,False,LacZ_3_b3,LacZ OE,0.2795843862056109,0.7703501570332516,6.789625586642373,80,750
1012,88.08725602755453,739.1549942594719,744.0861079219288,1162.0,1.3416837080015975,353.910447761194,2001.2594718714122,184.6681974741676,False,LacZ_3_b3,LacZ OE,-0.6415621885734726,0.82865926865542,10.142971425556226,80,750
1013,87.84276729559748,743.8259958071279,533.8846960167715,678.0,1.4542941875080329,374.84276729559747,3159.184486373166,214.65199161425576,False,LacZ_3_b3,LacZ OE,0.0690198828236619,0.8192892848266278,7.500904947432019,80,750
1014,89.21112929623568,766.9672667757774,588.5,2276.0,1.57541677400672,360.33633387888705,1950.1063829787233,232.39279869067104,False,LacZ_3_b3,LacZ OE,-0.11271509882260256,0.9097597034448537,9.43214570189032,80,750
1015,88.1688654353562,767.117854001759,713.0606860158312,1722.0,1.5247246643799335,347.10114335971855,3226.520668425682,195.4344766930519,False,LacZ_3_b3,LacZ OE,-0.5334957058163983,0.9258516859035055,9.803525567906405,80,750
1016,91.02535377358491,772.3974056603773,605.6544811320755,2941.0,1.6320619717137357,353.87912735849056,2891.864386792453,203.79127358490567,False,LacZ_3_b3,LacZ OE,-0.16995838150902087,0.931541772753427,11.427602788006624,80,750
1017,90.07951807228916,778.1048192771084,545.9006024096385,2347.0,1.3476472504128265,363.4512048192771,2366.764457831325,192.55963855421686,False,LacZ_3_b3,LacZ OE,0.03251548521029868,0.9447007932400735,9.789481705555389,80,750
1018,89.64371772805508,777.2788296041308,681.07917383821,1420.0,1.2997959735783693,333.7994836488812,2871.317555938038,193.87951807228916,False,LacZ_3_b3,LacZ OE,-0.42422212231335876,0.958593659580488,10.89021764977521,80,750
1019,90.00091324200913,783.4794520547945,622.0337899543379,1515.0,1.4006159815707775,363.7041095890411,3394.3342465753426,208.5799086757991,False,LacZ_3_b3,LacZ OE,-0.22403363760043893,0.973633519151403,10.561867656751915,80,750
1020,88.13154362416107,258.0765100671141,537.2845637583893,989.0,1.554122197130243,310.0765100671141,1677.5919463087248,148.7248322147651,False,LacZ_3_b3,LacZ OE,0.0008907260003248041,-0.9359316497048471,9.024547487060389,80,750
1021,89.98427672955975,274.08490566037733,538.7555031446541,1891.0,1.622745811244909,320.6556603773585,2885.942610062893,172.95833333333334,False,LacZ_3_b3,LacZ OE,-0.0021392805306322815,-0.8778748348089969,10.854427800198735,80,750
1022,90.05506391347099,268.31956735496556,434.26745329400194,1424.0,1.6892430513973828,317.070796460177,2870.6263520157327,181.93411996066862,False,LacZ_3_b3,LacZ OE,0.35014485243697324,-0.9117607896785369,9.75331817671173,80,750
1023,91.8218045112782,280.79323308270676,597.3466165413533,1967.0,1.732035801037991,335.0157894736842,2896.872932330827,189.35864661654136,False,LacZ_3_b3,LacZ OE,-0.19920283170152941,-0.8462980938254192,13.340404544496295,80,750
1024,88.25337837837837,289.36993243243245,650.6114864864865,832.0,1.7229617078912958,292.1385135135135,2587.5692567567567,175.47297297297297,False,LacZ_3_b3,LacZ OE,-0.3782656148269543,-0.8086740996571697,10.355730111076298,80,750
1025,90.39280575539568,306.8136690647482,667.5992805755395,1784.0,1.651449180033115,304.9151079136691,2355.4294964028777,202.0611510791367,False,LacZ_3_b3,LacZ OE,-0.43353205990620924,-0.7434895845371905,12.644889215877456,80,750
1026,89.96150824823252,314.1838177533386,730.1736056559308,1576.0,1.3338027434196207,343.2702278083268,1830.9858601728201,184.48232521602515,False,LacZ_3_b3,LacZ OE,-0.644061103773256,-0.7090403631200888,12.90577903881929,80,750
1027,90.08775981524249,312.513856812933,428.324480369515,1145.0,1.7490814794550458,334.7540415704388,2001.0207852193996,171.49422632794457,False,LacZ_3_b3,LacZ OE,0.3753757284253534,-0.7527709993649913,9.609709874852129,80,750
1028,88.35162374020157,339.64837625979845,760.3404255319149,1268.0,1.4625008255804537,336.6293393057111,1749.2004479283314,290.99216125419935,False,LacZ_3_b3,LacZ OE,-0.7430547787048287,-0.6132483605767063,11.575726746988053,80,750
1029,87.51298701298701,357.21753246753246,383.2402597402597,619.0,1.7987418512586661,315.06168831168833,3173.1006493506493,177.85064935064935,False,LacZ_3_b3,LacZ OE,0.5327818707668148,-0.5968477228424789,6.4132443939786725,80,750
1030,88.82618771726536,420.3348783314021,305.1738122827347,1266.0,1.4960062741255733,326.76361529548086,3305.9455388180763,178.0289687137891,False,LacZ_3_b3,LacZ OE,0.8038977346135681,-0.3784616143534374,6.684745312260532,80,750
1031,91.28164556962025,433.96677215189874,358.06803797468353,2734.0,1.535698703862575,329.1861814345992,1638.9377637130801,183.26424050632912,False,LacZ_3_b3,LacZ OE,0.6269093089665225,-0.32256779994757,9.706891315268209,80,750
1032,88.94746835443038,518.4829113924051,294.2645569620253,2282.0,1.656949730936316,391.92215189873417,3231.7367088607593,210.44683544303797,False,LacZ_3_b3,LacZ OE,0.8522007504435973,-0.02508598166156184,6.440465273197603,80,750
1033,88.31320754716981,572.8603773584906,300.79119496855344,1233.0,1.5687827839361101,388.8037735849057,2451.8893081761007,205.5823899371069,False,LacZ_3_b3,LacZ OE,0.8364720465050837,0.17226118406658641,5.746414524941102,80,750
1034,89.18912529550828,592.4456264775414,301.15602836879435,1147.0,1.3832921805861427,383.12529550827423,3286.398345153664,196.04964539007094,False,LacZ_3_b3,LacZ OE,0.8375578447162617,0.2431004006045554,6.57818048413597,80,750
1035,88.77178796046721,647.8805031446541,804.9056603773585,1393.0,1.3841027424527996,583.4510332434861,1723.8158131177,586.8930817610063,False,LacZ_3_b3,LacZ OE,-0.8576261119780529,0.5063657048989931,11.742635869933011,80,750
1036,91.67812329514457,658.3082378614293,324.16693944353517,2898.0,1.6061212259915405,372.94108019639935,2296.934533551555,175.02073104200764,False,LacZ_3_b3,LacZ OE,0.767606581569863,0.4840403864568985,9.166012882099324,80,750
1037,88.79322638146168,676.8894830659536,378.7504456327986,795.0,1.3403956244342858,396.29590017825313,1857.74688057041,206.2210338680927,False,LacZ_3_b3,LacZ OE,0.5852828268107286,0.5579936698848476,6.855151030004592,80,750
1038,89.15057915057915,702.9853281853282,412.6138996138996,1812.0,1.5935416723502591,380.45714285714286,2676.215444015444,200.06640926640927,False,LacZ_3_b3,LacZ OE,0.4739517955488304,0.6565437058276418,7.532610736274293,80,750
1039,89.18852459016394,721.3311475409836,755.0540983606558,2060.0,1.5574358134758257,560.0327868852459,2373.754098360656,719.2836065573771,False,LacZ_3_b3,LacZ OE,-0.6806476995186648,0.7656163756049541,11.412564423199399,80,750
1040,90.41209677419354,745.5040322580645,444.35483870967744,2105.0,1.6813383377430786,403.4282258064516,2539.009677419355,180.15322580645162,False,LacZ_3_b3,LacZ OE,0.3717409067769273,0.8141926937924695,9.049634854246321,80,750
1041,88.73711340206185,758.8943298969073,437.3234536082474,1051.0,1.6532010625381786,373.1507731958763,2535.6211340206187,200.51159793814432,False,LacZ_3_b3,LacZ OE,0.3969895450514902,0.8616987015464621,7.2619707652342385,80,750
1042,89.06537890044576,758.7295690936107,615.5408618127786,965.0,1.5454129045626805,373.7949479940565,1601.3521545319466,186.3075780089153,False,LacZ_3_b3,LacZ OE,-0.20502381442409934,0.8833619901220953,9.61364570850347,80,750
1043,89.29933665008292,758.8167495854063,637.8598673300165,1602.0,1.352773944664319,351.0771144278607,1943.6276948590382,203.7446102819237,False,LacZ_3_b3,LacZ OE,-0.28039675766310657,0.8864661029183052,10.100726021736989,80,750
1044,88.59583694709454,766.2506504770165,533.9462272333044,1514.0,1.494274037245358,370.7215958369471,1666.2914137033824,188.46487424111015,False,LacZ_3_b3,LacZ OE,0.07145664629755566,0.9003521875223284,8.199395357784013,80,750
1045,88.10588235294118,766.4773109243697,699.2957983193278,792.0,1.586918575375927,344.20168067226894,3077.4789915966385,197.41344537815127,False,LacZ_3_b3,LacZ OE,-0.48707595315075514,0.9218170945884803,9.585872827947497,80,750
1046,89.17274939172749,764.1857258718572,727.0665044606651,1697.0,1.4856987948509472,320.551500405515,2769.860502838605,216.57096512570965,False,LacZ_3_b3,LacZ OE,-0.5811096572114937,0.9170106772747879,10.97354930888153,80,750
1047,88.77509293680298,764.907063197026,558.589219330855,856.0,1.4504581221241144,404.19702602230484,3402.4832713754645,222.98327137546468,False,LacZ_3_b3,LacZ OE,-0.01193556471508983,0.8985748836601235,8.661681877374008,80,750
1048,89.46437768240344,793.5974248927039,540.3656652360515,1591.0,1.6184522065994644,360.90042918454935,2398.485836909871,188.47896995708155,False,LacZ_3_b3,LacZ OE,0.05299537030239421,1.0,9.073398437338028,80,750
1049,90.25622406639005,255.0902489626556,488.9502074688797,1474.0,1.6550199443003726,334.6213692946058,1530.3153526970955,163.91597510373444,False,LacZ_3_b3,LacZ OE,0.16389482150150392,-0.9527451525218064,10.607774104803582,80,750
1050,90.7304347826087,256.05826086956523,526.4634782608696,1755.0,1.557239426298745,343.56782608695653,1527.36,165.77217391304347,False,LacZ_3_b3,LacZ OE,0.03730865593808819,-0.9445581409340607,11.505398813369908,80,750
1051,90.61136571952338,259.66636113657194,545.7855178735106,1657.0,1.595231902542423,330.06324472960586,1810.5600366636113,162.12465627864344,False,LacZ_3_b3,LacZ OE,-0.027543704854373185,-0.9291052560115651,11.596784986959207,80,750
1052,89.63451086956522,274.5638586956522,575.7445652173913,1189.0,1.6031299997185202,381.6005434782609,2544.6915760869565,185.2866847826087,False,LacZ_3_b3,LacZ OE,-0.12704357864392823,-0.8715270635541914,10.923385434157197,80,750
1053,91.590235396687,281.3121185701831,719.6312118570183,1527.0,1.4099342902504235,325.05754141238015,2187.6041848299915,167.34001743679164,False,LacZ_3_b3,LacZ OE,-0.6122206748083872,-0.8291531461784489,14.495680501511131,80,750
1054,90.6607476635514,292.80654205607476,665.5448598130841,1566.0,1.823724041995763,328.8626168224299,3122.356074766355,195.51682242990654,False,LacZ_3_b3,LacZ OE,-0.42821574081303304,-0.7943701962362575,12.92398881432321,80,750
1055,92.27989821882952,314.67599660729434,741.8507209499576,1491.0,1.3756014253628486,308.8846480067854,2910.832909245123,210.79643765903307,False,LacZ_3_b3,LacZ OE,-0.6833586654099603,-0.705785853190586,15.355352657243571,80,750
1056,89.3246024321796,329.73433115060806,432.09728718428437,1509.0,1.6607479945682264,329.2357343311506,2281.287184284378,178.10102899906454,False,LacZ_3_b3,LacZ OE,0.36461047194024276,-0.690065473503864,8.847020626385131,80,750
1057,87.71570247933884,334.42644628099174,378.10578512396694,907.0,1.8169243814075784,314.27272727272725,2691.1454545454544,175.4,False,LacZ_3_b3,LacZ OE,0.5474753675355124,-0.6798613927337122,6.613791802212575,80,750
1058,90.74238227146814,351.4856879039705,774.3139427516159,1339.0,1.284194816450593,400.79593721144965,1566.5549399815327,222.63527239150508,False,LacZ_3_b3,LacZ OE,-0.7887833922525445,-0.5687017365537982,14.095791010372722,80,750
1059,89.99438202247191,362.0415730337079,358.8044943820225,1209.0,1.4311453315014142,367.5303370786517,1837.7943820224718,172.5943820224719,False,LacZ_3_b3,LacZ OE,0.6159828212012073,-0.5824452011542198,8.605210125415226,80,750
1060,89.58392857142857,363.16964285714283,389.0875,759.0,1.3875029144150561,310.2267857142857,2657.307142857143,174.53035714285716,False,LacZ_3_b3,LacZ OE,0.5138045116830958,-0.574589249428084,8.535762175208035,80,750
1061,91.41576763485477,375.6199170124481,397.101244813278,1802.0,1.9277651175052988,328.60497925311205,2669.8622406639006,212.29460580912863,False,LacZ_3_b3,LacZ OE,0.4882575219784131,-0.5285756482117945,10.427783034868995,80,750
1062,89.59849300322928,382.8234660925727,317.44241119483314,1220.0,1.3412815809349317,338.02691065662003,1865.4251883745962,157.59311087190528,False,LacZ_3_b3,LacZ OE,0.7581098684783136,-0.5125014479223808,7.6886470843284656,80,750
1063,88.93300852618758,409.44823386114496,295.62362971985385,1207.0,1.497993947178807,315.96102314250913,2683.679658952497,152.64190012180268,False,LacZ_3_b3,LacZ OE,0.8348919851950665,-0.4190011439279082,6.709961873175175,80,750
1064,90.0856102003643,424.3178506375228,292.4799635701275,1394.0,1.3423169732749463,372.4007285974499,1512.049180327869,162.5856102003643,False,LacZ_3_b3,LacZ OE,0.8472899448416258,-0.36564175082561345,7.79018008570425,80,750
1065,89.70454545454545,457.75454545454545,347.0659090909091,654.0,1.510994583361553,377.95454545454544,1988.2204545454545,196.15227272727273,False,LacZ_3_b3,LacZ OE,0.6667873613008817,-0.2379772708380734,7.946423528792877,80,750
1066,89.7787481804949,538.5065502183406,281.80640465793306,950.0,1.664545961870924,352.83114992721977,2257.0727802037845,169.8471615720524,False,LacZ_3_b3,LacZ OE,0.8966511685373688,0.04573600254873189,7.080957197426045,80,750
1067,89.70192307692308,543.2278846153846,319.8336538461538,1401.0,1.673078163283111,391.0903846153846,1509.3355769230768,179.72019230769232,False,LacZ_3_b3,LacZ OE,0.7687453002405409,0.06754873637834735,7.424174066811503,80,750
1068,90.2090909090909,553.5254545454545,291.5,765.0,1.4409186750181722,343.5527272727273,1616.850909090909,166.8581818181818,False,LacZ_3_b3,LacZ OE,0.8656752012951632,0.10123271714899107,7.584319047244676,80,750
1069,90.61502782931355,643.7755102040817,334.2755102040816,1519.0,1.516918046719093,412.0417439703154,2516.086270871985,242.2012987012987,False,LacZ_3_b3,LacZ OE,0.7317243780541647,0.43276908218441434,8.253526916627521,80,750
1070,90.11732851985559,655.6362815884477,352.6173285198556,1374.0,1.4533216350561697,402.4395306859206,1711.0406137184116,187.8682310469314,False,LacZ_3_b3,LacZ OE,0.6711310699114814,0.477924405937765,7.934856973234943,80,750
1071,90.67058823529412,661.9411764705883,372.2352941176471,664.0,1.614279946983464,393.7852941176471,2952.0882352941176,201.12058823529412,False,LacZ_3_b3,LacZ OE,0.6056196081337966,0.5031663219697611,8.695244155461864,80,750
1072,92.21810699588477,663.3286302175192,308.0546737213404,2425.0,1.3616768221980755,397.30864197530866,2011.4262198706642,166.16519694297472,False,LacZ_3_b3,LacZ OE,0.8226391876341461,0.5001775177432117,9.510698488630368,80,750
1073,90.65862068965517,679.1103448275862,317.22298850574714,1129.0,1.6602909322648867,386.7942528735632,2828.928735632184,194.60919540229884,False,LacZ_3_b3,LacZ OE,0.7934496792993384,0.5583507719935548,8.01652421620912,80,750
1074,90.67549261083744,691.064039408867,771.2204433497537,2043.0,1.6231833511698122,350.26847290640393,2096.286945812808,229.34729064039408,False,LacZ_3_b3,LacZ OE,-0.7387293429087487,0.658251790735461,13.15748468314409,80,750
1075,92.17285822592874,732.4738438210766,441.34116755117515,1821.0,1.6021470225979795,394.9628506444276,3238.325246398787,197.4412433661865,False,LacZ_3_b3,LacZ OE,0.3804691314478006,0.7667344162118417,10.80815842376549,80,750
1076,90.80057803468208,746.7348265895954,513.4421965317919,1936.0,1.4236172195457728,379.2290462427746,2330.840317919075,193.72615606936415,False,LacZ_3_b3,LacZ OE,0.13852686457414332,0.8272719073759445,10.2193003552092,80,750
1077,90.99708737864077,748.221359223301,712.3155339805825,1349.0,1.3023311762241636,342.52718446601943,1858.9543689320387,173.61747572815534,False,LacZ_3_b3,LacZ OE,-0.5330733720889808,0.8574820658050375,12.669635994035161,80,750
1078,90.69236700077101,735.2251349267541,729.1102544333077,1803.0,1.377512388554361,339.4787972243639,2006.8596761757904,186.0285273708558,False,LacZ_3_b3,LacZ OE,-0.5913324442128594,0.8126048184499761,12.587587377962976,80,750
1079,89.76884422110552,752.9514237855947,580.5720268006701,1532.0,1.3615813188935928,346.29815745393637,2218.3391959798996,204.7211055276382,False,LacZ_3_b3,LacZ OE,-0.08754812266143763,0.8581162512556348,9.934346902736806,80,750
1080,91.79793590439978,745.5171102661596,486.2645301466594,2813.0,1.5823874453150846,372.2324823465508,3251.8234655078763,206.59587180879956,False,LacZ_3_b3,LacZ OE,0.2302277585977317,0.8194841422991987,10.911084009208537,80,750
1081,90.49562682215743,755.0029154518951,541.9241982507289,601.0,1.627011497535787,374.01749271137027,2383.0553935860057,204.08163265306123,False,LacZ_3_b3,LacZ OE,0.043269087060362255,0.8607099534336304,10.217319253262886,80,750
1082,91.25154639175258,770.2969072164949,671.3371134020618,1307.0,1.2464619327385829,365.19278350515464,3121.5329896907215,205.14329896907216,False,LacZ_3_b3,LacZ OE,-0.3920662999443971,0.9321542651293191,12.404546255098964,80,750
1083,89.4560770156438,776.9759326113117,562.2996389891697,1231.0,1.6365522266368808,362.1624548736462,3448.4031287605294,209.46811070998797,False,LacZ_3_b3,LacZ OE,-0.023035149603955474,0.9426639457339963,9.355015730579964,80,750
1084,90.21482412060301,779.9924623115578,513.0087939698492,1144.0,1.6467405102363482,445.4145728643216,2418.4836683417084,182.0,False,LacZ_3_b3,LacZ OE,0.14384727110625084,0.9474166986680479,9.546760097170932,80,750
1085,92.22222222222223,256.85953878406707,498.7002096436059,1433.0,1.414815667246806,305.8448637316562,2519.6928721174004,166.83123689727464,False,LacZ_3_b3,LacZ OE,0.13124226521036575,-0.9451180727561219,12.679958916945608,80,750
1086,92.13191489361702,270.18808510638297,526.8936170212766,1576.0,1.5778510200468165,294.5727659574468,2274.4178723404257,191.2017021276596,False,LacZ_3_b3,LacZ OE,0.037557863765766974,-0.893424414873055,12.876868480395402,80,750
1087,91.9142561983471,266.172520661157,585.0681818181819,1231.0,1.3473927487282813,314.36053719008265,1594.228305785124,186.00309917355372,False,LacZ_3_b3,LacZ OE,-0.15942880375177482,-0.9006745105864542,13.329479511296938,80,750
1088,93.45138121546961,278.3596685082873,683.371270718232,2590.0,1.560706442682688,341.5613259668508,2075.80773480663,174.9193370165746,False,LacZ_3_b3,LacZ OE,-0.49000940702066187,-0.8443385284301177,15.952369113393175,80,750
1089,90.46171171171171,278.30968468468467,565.0101351351351,1082.0,1.32605111743897,328.05968468468467,1679.5236486486488,148.82094594594594,False,LacZ_3_b3,LacZ OE,-0.09031451556743542,-0.8593228562687748,11.619454004417364,80,750
1090,91.2847790507365,281.20049099836336,447.76513911620293,1553.0,1.647736419845678,368.5065466448445,1850.9819967266776,174.4541734860884,False,LacZ_3_b3,LacZ OE,0.30610043284283694,-0.8635103443457163,11.104445814481096,80,750
1091,92.6410670978173,290.9013742926435,676.6564268391269,1734.0,1.5201413560356267,313.92643492320127,2837.8221503637833,184.15117219078417,False,LacZ_3_b3,LacZ OE,-0.4658955947179022,-0.7998535900865319,15.034999039376743,80,750
1092,91.91878172588832,299.5736040609137,745.7573604060914,1189.0,1.4006274249686197,319.7959390862944,1721.1065989847716,172.01522842639594,False,LacZ_3_b3,LacZ OE,-0.6983304708132205,-0.7598853633591631,15.075800357502771,80,750
1093,91.27502102607232,330.1522287636669,397.1833473507149,1677.0,1.8243702558547934,324.0344827586207,1752.7931034482758,194.0681244743482,False,LacZ_3_b3,LacZ OE,0.4826715869775078,-0.6929006243165252,10.39995464398092,80,750
1094,93.33492442322991,340.99522673031026,413.14240254574383,1607.0,1.4436012219367833,378.56722354813047,2870.91169451074,196.01034208432776,False,LacZ_3_b3,LacZ OE,0.4301072002303927,-0.6517022711916748,12.614173598735889,80,750
1095,90.62558795860771,344.7140169332079,420.6782690498589,1662.0,1.7888310663709552,360.30950141110065,2314.1128880526812,223.13358419567263,False,LacZ_3_b3,LacZ OE,0.40498060357359744,-0.6373405976522339,9.981404369400053,80,750
1096,92.43683839096683,339.500352858151,383.2604093154552,2264.0,1.4038784176657269,335.3147494707128,2384.4573041637263,173.93366266760762,False,LacZ_3_b3,LacZ OE,0.5308375789531614,-0.6608436789373078,11.380625771068154,80,750
1097,93.62020202020202,353.07878787878786,391.51666666666665,2699.0,1.4853652849864496,358.61161616161615,2258.072222222222,184.23434343434343,False,LacZ_3_b3,LacZ OE,0.5045779281994593,-0.6107271257828196,12.62418940537242,80,750
1098,91.41328828828829,360.4054054054054,378.8445945945946,1170.0,1.5534282461656066,337.71734234234236,1766.0788288288288,171.32545045045046,False,LacZ_3_b3,LacZ OE,0.5481526475822553,-0.5858455254942887,10.255534358468992,80,750
1099,90.98336252189142,375.9089316987741,366.7758318739054,1559.0,1.572241102526077,313.32837127845886,2181.830122591944,183.95271453590192,False,LacZ_3_b3,LacZ OE,0.5907118002017315,-0.5313214257405607,9.650457935969868,80,750
1100,92.55381840048106,385.0457005411906,298.1659651232712,2708.0,1.658941839084045,330.9855682501503,1511.3788334335538,158.08899579073963,False,LacZ_3_b3,LacZ OE,0.8235978198315999,-0.5068547935190675,10.4194846469059,80,750
1101,90.72321428571429,388.4107142857143,801.1439732142857,1156.0,1.4428263061228987,317.46205357142856,2808.2957589285716,233.484375,False,LacZ_3_b3,LacZ OE,-0.8751074522549804,-0.4318928899559734,14.290245964661466,80,750
1102,90.16084558823529,393.97150735294116,816.4954044117648,1343.0,1.3841251027217234,338.0533088235294,2534.841911764706,374.5790441176471,False,LacZ_3_b3,LacZ OE,-0.9263367285054972,-0.40988155339520005,13.888481205717696,80,750
1103,90.26445264452644,405.4637146371464,347.94341943419437,1212.0,1.6574187692931903,298.539975399754,2494.4317343173434,196.9471094710947,False,LacZ_3_b3,LacZ OE,0.6577458369820985,-0.42685860098384876,8.64503457293857,80,750
1104,89.95387149917627,443.6820428336079,314.32125205930805,994.0,1.6783975909228457,322.24382207578253,3410.283360790774,204.835255354201,False,LacZ_3_b3,LacZ OE,0.7757649599857852,-0.29292699872670946,7.858690873040999,80,750
1105,90.55093099671413,476.12157721796274,289.93756845564076,1162.0,1.5473028192020797,382.2475355969332,1630.5345016429353,177.4063526834611,False,LacZ_3_b3,LacZ OE,0.8619381369209498,-0.17872120774363875,8.09902863746963,80,750
1106,90.16073478760046,502.4397244546498,296.2238805970149,1207.0,1.6317170876170266,382.07577497129734,2519.208955223881,201.52583237657865,False,LacZ_3_b3,LacZ OE,0.8437579462435134,-0.08281721521027074,7.715401797372792,80,750
1107,89.901269393512,522.7165021156559,312.95627644569817,1095.0,1.755623460670957,407.8984485190409,2898.9238363892805,215.53455571227082,False,LacZ_3_b3,LacZ OE,0.7895919742691866,-0.007443069094650756,7.5959536805358425,80,750
1108,90.36041083099907,565.2595704948646,317.67413632119514,1403.0,1.7056363223560473,382.9598506069094,1932.1783380018674,176.53968253968253,False,LacZ_3_b3,LacZ OE,0.7786351337080293,0.14691325015850842,8.003844633130768,80,750
1109,93.5598971722365,655.3856041131105,341.57223650385606,2639.0,1.4320511817644181,394.1203084832905,2437.40411311054,206.44987146529564,False,LacZ_3_b3,LacZ OE,0.7085444363589519,0.475664800829942,11.252432944673231,80,750
1110,91.80754716981131,661.704716981132,810.5216981132075,1309.0,1.3858694620680154,430.8207547169811,2530.309433962264,303.9867924528302,False,LacZ_3_b3,LacZ OE,-0.8748670397889837,0.5570547230800795,14.807894500363872,80,750
1111,90.78223185265439,707.4236186348862,432.73997833152765,1402.0,1.8770756911102748,400.907908992416,2267.670639219935,182.57313109425786,False,LacZ_3_b3,LacZ OE,0.4065479107324421,0.6751106662534729,9.381683003057717,80,750
1112,91.78151986183074,713.2012089810017,776.933506044905,1474.0,1.4669161168616878,351.82815198618306,2348.1968911917097,223.0328151986183,False,LacZ_3_b3,LacZ OE,-0.7554029803281033,0.7389840559713285,14.273769964402163,80,750
1113,91.13591160220994,708.460773480663,398.9093922651934,1231.0,1.7090810976456292,383.9878453038674,1938.6629834254143,175.34917127071824,False,LacZ_3_b3,LacZ OE,0.520960065796364,0.6746370433701525,9.348758439558722,80,750
1114,91.06694560669456,729.0990237099023,770.8145048814505,1316.0,1.6335447558045666,339.8647140864714,2190.2803347280333,578.8214783821478,False,LacZ_3_b3,LacZ OE,-0.7329067446980231,0.7956741289449132,13.450631627047855,80,750
1115,93.53172588832487,740.5888324873097,738.9822335025381,1454.0,1.5096925659021525,336.6395939086294,2139.659898477157,176.00634517766497,False,LacZ_3_b3,LacZ OE,-0.6239440522054905,0.8332449598272775,15.525606395339665,80,750
1116,94.270911360799,746.6400332917187,725.715771951727,3276.0,1.4149812350533078,322.916354556804,2735.8822305451517,189.02829796088224,False,LacZ_3_b3,LacZ OE,-0.5783964625245809,0.8534646325906412,16.09924568536971,80,750
1117,92.00594530321047,761.448275862069,460.09155766944116,1418.0,1.6432774581088656,394.82401902497026,2035.0392390011891,193.86087990487516,False,LacZ_3_b3,LacZ OE,0.3205045395564574,0.8737972598044619,10.782743317408801,80,750
1118,91.08266932270917,765.7320717131474,646.406374501992,1366.0,1.496137465348481,367.44621513944224,1558.332669322709,181.7659362549801,False,LacZ_3_b3,LacZ OE,-0.3083908315815249,0.9125408591890494,11.963922735775114,80,750
1119,92.75979899497487,265.53668341708544,614.4874371859296,1277.0,1.7402224932473385,329.7778894472362,2123.0371859296483,164.27336683417084,False,LacZ_3_b3,LacZ OE,-0.25884663121556617,-0.8992923279116619,14.510482367385308,80,750
1120,92.06147934678194,270.0816522574448,634.8126801152738,1448.0,1.8486591478896095,318.99231508165224,1824.9673390970222,164.552353506244,False,LacZ_3_b3,LacZ OE,-0.32700085415553237,-0.8803323646390073,14.031737547300352,80,750
1121,92.30164217804668,271.5730337078652,499.8755401901469,1602.0,1.5826106602391807,338.20829732065687,1958.2713915298184,172.83491789109766,False,LacZ_3_b3,LacZ OE,0.12899126362059965,-0.8917916144187121,12.736479174701984,80,750
1122,91.61812627291242,282.5336048879837,425.7219959266802,1277.0,1.8587819591128711,341.8951120162933,1502.4521384928717,169.63441955193483,False,LacZ_3_b3,LacZ OE,0.380729105675885,-0.861442381161155,11.18426577115089,80,750
1123,92.85576923076923,281.32914201183434,582.2004437869823,1836.0,1.4918215203580423,322.0207100591716,2651.396449704142,211.8284023668639,False,LacZ_3_b3,LacZ OE,-0.14793759161587405,-0.8462449159710812,14.201048678596862,80,750
1124,92.42064516129032,285.37548387096774,526.0619354838709,1096.0,1.5601084675915544,356.7316129032258,2083.210322580645,176.6167741935484,False,LacZ_3_b3,LacZ OE,0.04214977929942232,-0.838634197871098,13.118735314957362,80,750
1125,94.55643044619423,286.838145231846,614.5542432195975,3086.0,1.5764129911922615,312.01793525809273,2539.8556430446192,190.93132108486438,False,LacZ_3_b3,LacZ OE,-0.25651837293991464,-0.8222805199302154,16.25529022549803,80,750
1126,92.03728813559322,294.8,420.58079096045196,1147.0,1.6486015227652508,353.116384180791,1705.9887005649719,166.03050847457627,False,LacZ_3_b3,LacZ OE,0.3995426568588305,-0.8177467777234333,11.514829844258472,80,750
1127,92.05461767626613,292.6881827209533,695.4617676266137,1409.0,1.4613015733318244,295.30585898709035,2753.6444885799406,171.67428003972194,False,LacZ_3_b3,LacZ OE,-0.5292330652067111,-0.7910514375313655,14.657656539004876,80,750
1128,92.41085899513776,301.3654781199352,719.1726094003242,1643.0,1.453571876737862,379.354943273906,2788.8614262560777,212.21717990275528,False,LacZ_3_b3,LacZ OE,-0.6083009015929214,-0.7567252818999793,15.261655999741876,80,750
1129,91.91963109354414,323.7114624505929,372.2832674571805,1084.0,1.4771043884492405,332.29249011857706,1523.6139657444005,165.14624505928853,False,LacZ_3_b3,LacZ OE,0.5660561190280016,-0.7192843027523425,10.777731403089973,80,750
1130,91.54802831142568,338.20121334681494,774.9716885743175,1291.0,1.332939027732172,385.6643073811931,3460.122345803842,1026.345803842265,False,LacZ_3_b3,LacZ OE,-0.7925235346763685,-0.6166277327675258,14.941565755139834,80,750
1131,91.98204419889503,368.9240331491713,333.371546961326,1067.0,1.5371156116113636,350.4185082872928,1630.9613259668508,159.7596685082873,False,LacZ_3_b3,LacZ OE,0.702773198236514,-0.5607311459073114,10.287087444306891,80,750
1132,91.96146044624746,378.5182555780933,815.0912778904666,1242.0,1.4476500091918065,346.1105476673428,2768.969574036511,246.21095334685597,False,LacZ_3_b3,LacZ OE,-0.9233265172632825,-0.4658962222742655,15.711093619467576,80,750
1133,92.43392504930966,383.9516765285996,338.35502958579883,1375.0,1.4096117168423152,317.2268244575937,1894.8698224852071,180.32642998027615,False,LacZ_3_b3,LacZ OE,0.6877095370994901,-0.5057908975902643,10.75849783626127,80,750
1134,89.75876288659794,390.6824742268041,373.80824742268044,613.0,1.8225059392946106,334.6082474226804,2875.1463917525775,189.2556701030928,False,LacZ_3_b3,LacZ OE,0.5686325698551988,-0.47705624593529594,8.469385093096122,80,750
1135,91.28585086042065,397.8891013384321,326.5908221797323,1338.0,1.4498265237747214,365.33556405353727,2312.863288718929,179.39961759082217,False,LacZ_3_b3,LacZ OE,0.7290295129820006,-0.45689451004651194,9.442635541001636,80,750
1136,92.7948717948718,405.51175213675214,311.0576923076923,1377.0,1.6680925244999363,352.5224358974359,2794.860042735043,206.72970085470087,False,LacZ_3_b3,LacZ OE,0.7824467903638119,-0.4312724416780196,10.756458258408529,80,750
1137,91.17553688141923,419.1120448179272,825.063492063492,1394.0,1.7924131593207289,362.96451914098975,1823.8095238095239,726.5508870214752,False,LacZ_3_b3,LacZ OE,-0.9523076831923861,-0.3179383345221122,14.93844873820521,80,750
1138,93.1681592039801,417.8179104477612,311.68756218905474,1346.0,1.6269032504961392,338.1373134328358,2698.700497512438,189.5054726368159,False,LacZ_3_b3,LacZ OE,0.781768891186797,-0.3867127559221126,11.106563106747132,80,750
1139,93.8213356461405,511.3616652211622,312.61665221162184,1727.0,1.6092857333285118,361.1292281006071,2265.994796183868,201.79791847354727,False,LacZ_3_b3,LacZ OE,0.7895662714085252,-0.04849600859063408,11.539864670038938,80,750
1140,91.48636859323882,528.485278080698,297.4176663031625,1160.0,1.598105139935906,380.4176663031625,2067.690294438386,193.6772082878953,False,LacZ_3_b3,LacZ OE,0.8428144747007391,0.011478411798296895,8.99035300056633,80,750
1141,91.07907542579075,537.8321167883212,301.67031630170317,1082.0,1.6842966338948004,347.7299270072993,1711.2749391727493,176.46350364963504,False,LacZ_3_b3,LacZ OE,0.8295237398769211,0.045788790264125856,8.608341877970716,80,750
1142,93.03197353914003,541.3869900771775,288.1455347298787,1282.0,1.560705640666161,369.5104740904079,2914.029768467475,181.9779492833517,False,LacZ_3_b3,LacZ OE,0.875699647592344,0.05696279325055231,10.398827518077368,80,750
1143,93.06418219461698,578.77950310559,293.80124223602485,2470.0,1.4537643452134847,406.8840579710145,3306.236542443064,216.3457556935818,False,LacZ_3_b3,LacZ OE,0.8609575852621683,0.19281735116952414,10.403145085295549,80,750
1144,90.74167623421354,592.2709529276693,276.3513203214696,1173.0,1.572295914434777,374.1251435132032,1828.0206659012629,165.05625717566016,False,LacZ_3_b3,LacZ OE,0.9213861452968992,0.23938300948041236,7.8494874870139455,80,750
1145,93.40625,596.8946428571429,289.8875,2013.0,1.613393492413869,336.19910714285714,3155.8580357142855,210.5392857142857,False,LacZ_3_b3,LacZ OE,0.8763040416500694,0.25780482454409426,10.656149633627734,80,750
1146,90.9970958373669,607.3717328170378,324.2129719264279,1331.0,1.7048582173712665,370.11907066795743,1966.2487899322361,201.2836398838335,False,LacZ_3_b3,LacZ OE,0.7614837556541025,0.2999408804138366,8.610999115372266,80,750
1147,94.63345195729538,621.5492289442467,316.699881376038,1415.0,1.478909962934751,402.63582443653615,2255.711743772242,178.7556346381969,False,LacZ_3_b3,LacZ OE,0.7886565791067026,0.3502716589641375,12.126909453082035,80,750
1148,91.59963436928702,631.6745886654479,311.617915904936,744.0,1.5342032760243591,436.42961608775136,2069.3034734917733,208.46983546617915,False,LacZ_3_b3,LacZ OE,0.806886898259545,0.3862104590346598,9.010672367582018,80,750
1149,92.00515463917526,638.3546391752577,795.7432989690722,1231.0,1.5621372657746904,1174.7391752577319,2698.716494845361,1506.5690721649485,False,LacZ_3_b3,LacZ OE,-0.8276623883843084,0.4708162853296629,14.89523840994518,80,750
1150,93.9807555238774,650.4262295081967,793.0392017106201,1836.0,1.3293194160114918,407.1646471846044,1536.3342836778331,286.82893799002136,False,LacZ_3_b3,LacZ OE,-0.8170438179427767,0.5141238064845557,16.81028096808427,80,750
1151,92.31244404655327,642.0913160250672,359.48343777976726,1666.0,1.6808691446302417,411.2426141450313,1981.9158460161145,174.7914055505819,False,LacZ_3_b3,LacZ OE,0.6464427778204449,0.4298426334394463,10.24112291953685,80,750
1152,92.95156695156695,655.9069325735992,366.1975308641975,1403.0,1.6131203393686824,355.93542260208926,2112.9449192782527,187.5185185185185,False,LacZ_3_b3,LacZ OE,0.6253990952460955,0.4806197701116748,10.922392621461725,80,750
1153,91.97995780590718,678.3238396624473,401.38713080168776,1385.0,1.5451689959116008,366.15822784810126,1596.1487341772151,185.92932489451476,False,LacZ_3_b3,LacZ OE,0.5091079896945228,0.5660286622079078,10.295094147372268,80,750
1154,92.259793814433,710.8742268041237,382.3835051546392,1642.0,1.5687771382447144,411.19484536082473,1694.2144329896907,186.3701030927835,False,LacZ_3_b3,LacZ OE,0.5771083541246615,0.6813046128037914,10.279028271534855,80,750
1155,92.18831168831169,730.7077922077922,419.92857142857144,1889.0,1.8501092910256318,385.7448979591837,2174.9712430426716,184.85064935064935,False,LacZ_3_b3,LacZ OE,0.45259410199756855,0.7576774098303232,10.584896240467785,80,750
1156,93.45828505214368,739.2769409038239,499.3574739281576,2458.0,1.5659477404352433,372.8418308227115,2855.0382387022014,207.49768250289688,False,LacZ_3_b3,LacZ OE,0.1853369645351075,0.7985777681945909,12.735313169692077,80,750
1157,91.68736842105262,744.0747368421053,756.36,1265.0,1.4013721689904999,319.7336842105263,2379.6926315789474,187.76526315789474,False,LacZ_3_b3,LacZ OE,-0.6823096924968275,0.8480004722513195,13.870051181252833,80,750
1158,95.24229287090559,739.3087668593449,474.245183044316,2685.0,1.7077997734285797,404.67003853564546,3280.4152215799613,208.6112716763006,False,LacZ_3_b3,LacZ OE,0.2702372873642609,0.7955700500225544,14.234061364992968,80,750
1159,94.05899198167239,747.418098510882,425.86941580756013,2539.0,1.553759245743458,390.73825887743413,2802.4896907216494,181.51030927835052,False,LacZ_3_b3,LacZ OE,0.4345476081411268,0.8188294949422841,12.481733780415922,80,750
1160,91.39797068771139,752.6178128523112,555.2040586245772,1216.0,1.4252921791660778,372.35851183765504,3445.9199549041714,191.13528748590755,False,LacZ_3_b3,LacZ OE,-0.0018327453116057102,0.8537546431380403,11.276221876104245,80,750
1161,92.58054522924411,761.4002478314746,506.36679058240395,2236.0,1.7948982165960194,409.3382899628253,3282.207558859975,243.72986369268898,False,LacZ_3_b3,LacZ OE,0.1642064071138183,0.879406962915465,11.882713708462774,80,750
1162,91.80411124546553,755.0652962515115,525.1523579201935,1108.0,1.4189897416290653,372.05320435308346,2701.7509068923823,216.96372430471584,False,LacZ_3_b3,LacZ OE,0.0999811021325876,0.858850691604935,11.335177082573523,80,750
1163,92.5673624288425,759.0332068311195,705.337760910816,1746.0,1.7162252773640092,376.81499051233396,3008.1916508538898,198.17836812144213,False,LacZ_3_b3,LacZ OE,-0.5081811930384081,0.8956997471839414,14.133970113350571,80,750
1164,91.61045531197301,763.4165261382799,578.0134907251265,949.0,1.5111911691199034,366.50590219224284,2172.9139966273187,183.4283305227656,False,LacZ_3_b3,LacZ OE,-0.07761379905608756,0.895634607262128,11.721017457033156,80,750
1165,92.02323125659979,777.1256599788807,501.389651531151,1431.0,1.6483990470107166,365.7803590285111,1740.427666314678,185.10242872228088,False,LacZ_3_b3,LacZ OE,0.18283147405356637,0.9356176962058975,11.230211422925137,80,750
1166,94.66408934707904,270.7431271477663,646.6142611683849,1477.0,1.587144744230887,304.0970790378007,1836.7938144329896,174.26460481099656,False,LacZ_3_b3,LacZ OE,-0.3666881264147078,-0.8764482960903519,16.766507949670995,80,750
1167,97.15950334288443,289.76599808978034,668.3075453677172,1545.0,1.4194209082477334,334.2492836676218,2344.3667621776503,179.49283667621776,False,LacZ_3_b3,LacZ OE,-0.4376514744394385,-0.8049660049984503,19.461154734141658,80,750
1168,95.22677261613691,294.74327628361857,587.5880195599022,2034.0,1.2591143179403328,355.0544009779951,2391.484107579462,192.55195599022005,False,LacZ_3_b3,LacZ OE,-0.1644803021036504,-0.7970715572982989,16.600012891076815,80,750
1169,92.71655629139073,302.53112582781455,653.9298013245033,1358.0,1.6673342664796234,374.36423841059604,2881.194701986755,220.7086092715232,False,LacZ_3_b3,LacZ OE,-0.3877671685721361,-0.7606577043647984,14.823861534435878,80,750
1170,94.2536534446764,304.2818371607516,690.125260960334,1473.0,1.5228891509631823,335.2640918580376,1923.839248434238,195.52609603340292,False,LacZ_3_b3,LacZ OE,-0.5097694990167985,-0.749798394353943,16.767414295329317,80,750
1171,93.16548797736917,305.1103253182461,466.2347949080622,1251.0,1.7407388307753955,312.2970297029703,1998.5558698727016,194.32248939179632,False,LacZ_3_b3,LacZ OE,0.24657253830426096,-0.7747722451430468,13.135800648853078,80,750
1172,93.19945105215004,328.51235132662396,409.59560841720037,1429.0,1.5494712114482878,344.5773101555352,1714.764867337603,180.67520585544372,False,LacZ_3_b3,LacZ OE,0.4406268562213451,-0.697263161215225,12.469190642667286,80,750
1173,94.51735874744725,378.3274336283186,354.01089176310415,2299.0,1.9994054946098143,345.28795098706604,2090.8795098706605,181.92375765827094,False,LacZ_3_b3,LacZ OE,0.6342495558856511,-0.5241478930739433,13.03335895320842,80,750
1174,92.73013493253373,391.2953523238381,378.8125937031484,890.0,1.812298970460346,326.9190404797601,3091.632683658171,195.32833583208395,False,LacZ_3_b3,LacZ OE,0.5519144937318401,-0.4741939204410338,11.495853882566024,80,750
1175,93.24371373307544,403.27466150870407,296.247582205029,1549.0,1.7878301435248152,327.1769825918762,2402.3249516441006,161.12959381044487,False,LacZ_3_b3,LacZ OE,0.8322307958035462,-0.44120414566559407,11.04266316046565,80,750
1176,92.60479041916167,430.17245508982035,318.785628742515,1077.0,1.4017008375069537,334.42155688622756,3179.54251497006,184.3880239520958,False,LacZ_3_b3,LacZ OE,0.7592113004507035,-0.3411774292520179,10.593379190419114,80,750
1177,93.02153846153846,430.8676923076923,304.48820512820515,1316.0,1.606339798981713,321.6687179487179,1597.0461538461539,179.21333333333334,False,LacZ_3_b3,LacZ OE,0.8076042587324406,-0.3404470150518285,10.846090429119158,80,750
1178,93.21109271523179,455.2922185430464,314.17301324503313,1501.0,1.5373638598948631,347.8725165562914,1608.958609271523,187.79884105960264,False,LacZ_3_b3,LacZ OE,0.777745703730387,-0.2509583964634611,11.08541635883428,80,750
1179,92.67269595176572,467.8819982773471,305.99741602067184,1505.0,1.7170940090585003,343.2403100775194,2649.4754521963823,189.46597760551248,False,LacZ_3_b3,LacZ OE,0.8068099584006807,-0.20648009233660403,10.423245232259717,80,750
1180,92.2472647702407,480.4595185995624,317.51422319474835,768.0,1.7035905616136198,362.5929978118162,1529.7242888402625,199.37636761487965,False,LacZ_3_b3,LacZ OE,0.7693574850389879,-0.15958600513414134,10.097599583232991,80,750
1181,93.35304659498208,484.79928315412184,299.0689964157706,1656.0,1.6558222324249092,383.70071684587816,3320.0232974910396,217.30465949820788,False,LacZ_3_b3,LacZ OE,0.8322131556138572,-0.14619598426802172,10.983238889019063,80,750
1182,93.5296803652968,501.98858447488584,284.9246575342466,1723.0,1.434075432569105,368.3675799086758,3173.9322678843228,189.265601217656,False,LacZ_3_b3,LacZ OE,0.882003525372238,-0.08583364097290391,10.956968599595001,80,750
1183,94.14313346228239,503.4806576402321,301.8384912959381,1560.0,1.659829277099869,401.8607350096712,1859.9487427466152,200.33075435203094,False,LacZ_3_b3,LacZ OE,0.8250674234345905,-0.0783239889701497,11.758702190645238,80,750
1184,93.51391862955032,543.134903640257,345.48608137044965,1189.0,1.6384648377441264,379.28265524625266,1685.3511777301928,207.07494646680942,False,LacZ_3_b3,LacZ OE,0.6822294958087951,0.0704447566590618,11.527333666585704,80,750
1185,91.7717690192484,584.0421631530705,311.83501374885424,1491.0,1.723579642056884,389.9505041246563,2880.822181484876,205.10815765352888,False,LacZ_3_b3,LacZ OE,0.8006045599686171,0.21408065852945124,9.302567783378976,80,750
1186,93.31327602674308,586.2292263610315,258.07449856733524,1420.0,1.5906637649493338,347.93982808022923,2450.5425023877747,177.2951289398281,False,LacZ_3_b3,LacZ OE,0.9825187319580566,0.21528313743497196,10.228324802881104,80,750
1187,93.5540838852097,694.0894039735099,408.0364238410596,1505.0,1.7634163784038213,431.6644591611479,1624.7582781456954,189.77373068432672,False,LacZ_3_b3,LacZ OE,0.4885467543881452,0.6238524136470314,11.905766086508265,80,750
1188,93.58104738154613,692.3628428927681,355.5586034912718,1145.0,1.448294777808521,424.8628428927681,1726.6159600997507,170.50249376558602,False,LacZ_3_b3,LacZ OE,0.6656130845263641,0.611058705336861,11.341280595591016,80,750
1189,95.62684501845018,758.2878228782288,471.1328413284133,2803.0,1.498504822912441,369.065036900369,1530.080258302583,182.37961254612546,False,LacZ_3_b3,LacZ OE,0.2829790697888708,0.8637803811326661,14.536516814108765,80,750
1190,96.54078014184397,758.0460992907801,598.4793144208038,2114.0,1.2550288116446073,380.0567375886525,2463.898345153664,209.41193853427896,False,LacZ_3_b3,LacZ OE,-0.14718192602173175,0.8788169698883463,16.89655258779284,80,750
1191,93.42748091603053,760.8108566581849,683.1645462256149,1530.0,1.43066438749926,346.30788804071244,1799.0771840542832,171.06361323155215,False,LacZ_3_b3,LacZ OE,-0.43304094689370254,0.8993620983450099,14.737954505197564,80,750
1192,93.64022662889518,760.1841359773371,547.5514636449481,1570.0,1.8125244162823242,399.72426817752597,2984.221907459868,199.29178470254956,False,LacZ_3_b3,LacZ OE,0.024986355467945476,0.8801627586238969,13.412824346737793,80,750
1193,94.19583967529174,769.0324708269914,625.3170979198377,2679.0,1.4855942494951984,362.38508371385086,3690.325722983257,212.4337899543379,False,LacZ_3_b3,LacZ OE,-0.23664740572446885,0.9218591210862994,14.829361073684893,80,750
1194,93.82194417709336,764.4870067372474,561.5101058710299,2017.0,1.5959727866846012,379.8633301251203,3530.593840230991,207.47545717035612,False,LacZ_3_b3,LacZ OE,-0.021656141655573724,0.8974592111517348,13.742383443592587,80,750
1195,93.4289897510981,788.6661786237189,611.8521229868228,1116.0,1.615654736500097,368.3762811127379,2006.7906295754026,177.1654465592972,False,LacZ_3_b3,LacZ OE,-0.18890322877212973,0.991134079255898,13.861362478775092,80,750
1196,94.19216061185469,268.7294455066922,487.4799235181644,1372.0,1.3364364628853154,340.7026768642447,2430.002868068834,200.31931166347994,False,LacZ_3_b3,LacZ OE,0.17060422598684255,-0.9036030678013236,14.49316497994991,80,750
1197,95.73224431818181,277.10653409090907,436.26065340909093,1917.0,1.6173836634939727,338.3245738636364,2251.8444602272725,171.4240056818182,False,LacZ_3_b3,LacZ OE,0.3446561608357752,-0.8797105902286204,15.431100961053644,80,750
1198,93.51785714285714,280.88392857142856,541.7589285714286,501.0,1.8866590043851332,333.17857142857144,2579.691964285714,164.375,False,LacZ_3_b3,LacZ OE,-0.011355129526052443,-0.8528995572886734,14.405118587798555,80,750
1199,95.93604651162791,290.11498708010333,740.4418604651163,1947.0,1.2300275951418815,317.8643410852713,2200.6182170542634,176.64341085271317,False,LacZ_3_b3,LacZ OE,-0.6813230665262224,-0.7947054572111105,19.05574995824145,80,750
1200,94.25953488372093,357.733023255814,349.42232558139534,1489.0,1.7893485609020219,326.92558139534884,2075.9897674418603,170.1953488372093,False,LacZ_3_b3,LacZ OE,0.6473374278610893,-0.599157374621629,12.774185031415712,80,750
1201,94.76615104640582,361.3066424021838,790.6442220200182,1348.0,1.1502176792000345,310.3812556869882,3228.813466787989,202.1101000909918,False,LacZ_3_b3,LacZ OE,-0.8426450840720415,-0.5311363047047266,18.280473850888924,80,750
1202,93.38095238095238,378.2251082251082,322.5108225108225,1286.0,1.7959383524388888,317.62193362193364,2715.313131313131,209.94949494949495,False,LacZ_3_b3,LacZ OE,0.7405989039385155,-0.5284600572225046,11.5397098263537,80,750
1203,94.06175298804781,384.851593625498,362.2151394422311,1332.0,1.4464510470561822,371.89442231075697,2073.1703187250996,185.34262948207171,False,LacZ_3_b3,LacZ OE,0.6072794889411892,-0.499546415667269,12.654846483443265,80,750
1204,96.17769516728625,386.81412639405204,808.5353159851301,1688.0,1.2573681094320237,330.95241635687734,2474.3085501858736,337.9137546468402,False,LacZ_3_b3,LacZ OE,-0.9000504170606899,-0.4366995732266935,19.832193361944206,80,750
1205,94.2865306122449,393.4,348.1338775510204,1555.0,1.5671095582135148,307.43102040816325,1752.848163265306,188.01061224489797,False,LacZ_3_b3,LacZ OE,0.6558508110113941,-0.47040668039011346,12.6987134055573,80,750
1206,93.7772808586762,406.68425760286226,339.16010733452595,1433.0,1.7041850579560558,328.33273703041147,2639.1261180679785,208.25044722719142,False,LacZ_3_b3,LacZ OE,0.6876933692440781,-0.423517780275685,12.054916558968614,80,750
1207,92.77094972067039,411.0931098696462,286.46182495344505,719.0,1.374928448052138,308.04655493482306,2088.316573556797,157.30167597765364,False,LacZ_3_b3,LacZ OE,0.8661800940329405,-0.4141714875259094,10.43959342904894,80,750
1208,96.00685322672759,440.9286122215877,318.99086236436324,2510.0,1.8770787316290352,356.6470588235294,2716.2644203312393,202.27812678469445,False,LacZ_3_b3,LacZ OE,0.7599040239866863,-0.3022502854445095,13.971052177284065,80,750
1209,94.70565797838525,444.36935791481244,331.74380165289256,2239.0,1.7066499930464045,341.8684043229498,1519.4354736172918,170.9434202161475,False,LacZ_3_b3,LacZ OE,0.7171764670786014,-0.2882314875642664,12.806235264432345,80,750
1210,93.43863912515188,531.8298906439854,276.33414337788577,1404.0,1.5216351865380482,372.02187120291615,3024.7703523693804,178.85783718104497,False,LacZ_3_b3,LacZ OE,0.9144987713847024,0.0209485048759408,10.69492625964611,80,750
1211,95.36738703339883,568.6365422396857,311.2784872298625,2788.0,1.7237795316048545,383.31335952848724,2668.4990176817287,192.72986247544205,False,LacZ_3_b3,LacZ OE,0.8008265376527122,0.15835742708265177,12.929566441729875,80,750
1212,94.13619402985074,606.1763059701492,271.74720149253733,1675.0,1.725964973115801,383.3675373134328,1980.0055970149253,176.80690298507463,False,LacZ_3_b3,LacZ OE,0.9386915664080979,0.2890916506420165,11.157267087146607,80,750
1213,95.1083939193655,645.4415069398545,310.2392597488434,2194.0,1.7331627641105578,380.575677461996,2190.719762062128,198.75214805023134,False,LacZ_3_b3,LacZ OE,0.8132851832458792,0.4358224149841168,12.469640624017558,80,750
1214,96.36800699300699,647.5603146853147,330.8881118881119,1580.0,1.5047016446776114,429.87587412587413,2975.4003496503497,310.54545454545456,False,LacZ_3_b3,LacZ OE,0.7438304955578328,0.44606855437199266,13.958344963743357,80,750
1215,95.52304855562384,670.8285187461586,379.0725261216964,2252.0,1.7916765941456756,437.27535341118625,2356.0159803318993,217.2501536570375,False,LacZ_3_b3,LacZ OE,0.5837479364542448,0.536178074429001,13.603102071679999,80,750
1216,95.19068736141907,669.9212860310421,336.4927937915743,2816.0,1.9485580229832724,399.5354767184036,1579.129157427938,188.0188470066519,False,LacZ_3_b3,LacZ OE,0.7274608491754768,0.5275790840991925,12.78965595024232,80,750
1217,93.43316831683168,683.1138613861386,328.94554455445547,618.0,1.6146657924501384,379.08910891089107,2050.638613861386,210.77227722772278,False,LacZ_3_b3,LacZ OE,0.754425792774643,0.5743054224754476,10.914092897147341,80,750
1218,94.05602240896359,712.249299719888,407.0700280112045,1169.0,1.4836755631778646,381.8655462184874,1815.4425770308123,210.52240896358543,False,LacZ_3_b3,LacZ OE,0.49394866277395,0.6893709189283008,12.351976996355774,80,750
1219,94.49570446735395,724.6546391752578,781.2182130584192,1438.0,1.2150304649699175,341.1829896907216,1824.7079037800688,290.62113402061857,False,LacZ_3_b3,LacZ OE,-0.7684357015321699,0.7809356673483476,17.008201861969454,80,750
1220,94.19258720930233,731.6053779069767,484.7906976744186,2214.0,1.370781219878563,371.16351744186045,2262.968023255814,191.78197674418604,False,LacZ_3_b3,LacZ OE,0.23367617855641143,0.7690367383216463,13.323105113742258,80,750
1221,94.21681997371878,726.7358738501971,403.59526938239156,1221.0,1.4361381702442364,414.03153745072274,1695.1406044678056,189.63206307490145,False,LacZ_3_b3,LacZ OE,0.5073820371459623,0.7412971077611143,12.437642978068297,80,750
1222,95.61098737936155,740.9985152190052,763.7631774313289,1658.0,1.3539641344348725,322.41054194506313,1725.399406087602,194.10987379361544,False,LacZ_3_b3,LacZ OE,-0.7075243560809051,0.8378359594644218,17.88501827847503,80,750
1223,92.72210953346855,755.8884381338743,448.6896551724138,673.0,1.5213011597734665,364.69371196754565,1876.41784989858,166.5152129817444,False,LacZ_3_b3,LacZ OE,0.35839861769891734,0.8522837562237553,11.383123754546247,80,750
1224,96.10529519172246,757.3822276323798,620.4650030432136,2423.0,1.3785230543130043,366.234327449787,2091.741326841144,197.00791235544736,False,LacZ_3_b3,LacZ OE,-0.22154240947627835,0.8791599139557655,16.712301407234122,80,750
1225,94.20179372197309,770.8979820627802,529.2387892376681,1208.0,1.4044497327750396,380.9383408071749,1660.737668161435,196.3531390134529,False,LacZ_3_b3,LacZ OE,0.08811669349858664,0.9166031464359965,13.74009236027085,80,750
1226,96.33464566929133,772.0242782152231,685.5511811023622,1958.0,1.5809140648342845,339.83792650918633,2280.233595800525,183.1541994750656,False,LacZ_3_b3,LacZ OE,-0.439682641696844,0.940210652177284,17.644398750041887,80,750
1227,96.23821339950372,769.6666666666666,705.3242349048801,1546.0,1.6468513044962114,330.4267990074442,2273.490488006617,270.42928039702235,False,LacZ_3_b3,LacZ OE,-0.5067534401462803,0.9341581175993543,17.778232067380657,80,750
1228,95.51271617497457,269.6378433367243,548.3102746693794,1456.0,1.3947893966947866,360.5818921668362,1512.4842319430315,150.735503560529,False,LacZ_3_b3,LacZ OE,-0.034719777127854456,-0.8927132782448735,16.501906903627557,80,750
1229,95.37925170068027,274.69812925170066,624.5416666666666,1692.0,1.492712778051251,330.65901360544217,3281.201530612245,194.65986394557822,False,LacZ_3_b3,LacZ OE,-0.29163941176157615,-0.8649048448530936,17.22132584058886,80,750
1230,95.87982112912242,287.6159865846842,648.7003912800448,2564.0,1.4424246793133364,312.8630519843488,2468.901621017328,187.23309111235326,False,LacZ_3_b3,LacZ OE,-0.3717199899156244,-0.8151949841507342,17.964284238402342,80,750
1231,96.7184604419102,284.11974340698504,548.2216678545973,2021.0,1.4170874531491178,352.12188168210974,2664.7804704205273,181.38702779757662,False,LacZ_3_b3,LacZ OE,-0.032684777926127784,-0.8403732895220304,17.670898333506315,80,750
1232,94.5050505050505,285.14747474747475,415.36767676767676,712.0,1.3419832619809686,340.94141414141416,1621.7818181818182,162.76565656565657,False,LacZ_3_b3,LacZ OE,0.41612172813538817,-0.8532665260022101,13.947021341460399,80,750
1233,94.90585975024015,286.56868395773296,706.0317002881844,1419.0,1.5723549801151464,358.149855907781,1861.371757925072,170.84149855907782,False,LacZ_3_b3,LacZ OE,-0.5655412078050279,-0.8118278395124047,17.64376126822569,80,750
1234,96.72652501713502,294.08841672378344,447.5592871830021,1781.0,1.759594268160714,337.0157642220699,3345.8211103495546,191.7587388622344,False,LacZ_3_b3,LacZ OE,0.3085092189678602,-0.8169144071110983,16.511747872187783,80,750
1235,97.32963784183296,300.30450849963046,656.2875092387287,1898.0,1.6283926914110425,342.58462675535844,2840.660014781966,208.3252032520325,False,LacZ_3_b3,LacZ OE,-0.39581283277844415,-0.7683764199852492,19.4688789356762,80,750
1236,96.22263588979895,301.4102755026061,436.9813849590469,1663.0,1.3619263337378438,343.5130305286672,1773.8875651526434,170.02159344750558,False,LacZ_3_b3,LacZ OE,0.34507520882035125,-0.7917757344869353,15.869786121359326,80,750
1237,95.30744849445325,307.0927099841521,754.6616481774961,1709.0,1.2980472868975719,344.7179080824089,2307.5332805071316,190.74009508716324,False,LacZ_3_b3,LacZ OE,-0.7274006605637693,-0.7315716519445208,18.546797211333185,80,750
1238,96.11209179170345,318.7969991173875,776.9152691968226,1387.0,1.3066169740667903,329.0441306266549,2417.5560458958516,237.10238305383936,False,LacZ_3_b3,LacZ OE,-0.8011757203827116,-0.686483638427946,19.575172024902713,80,750
1239,96.5676625659051,328.37141183362627,766.9689513766842,2234.0,1.7162604390527674,330.4780316344464,2549.0650263620387,232.207381370826,False,LacZ_3_b3,LacZ OE,-0.7664433850982436,-0.6531174898443679,19.894227309898767,80,750
1240,95.15932746196958,339.2273819055244,350.2586068855084,2197.0,1.6642554706173305,359.21457165732585,2137.5052041633307,176.26180944755805,False,LacZ_3_b3,LacZ OE,0.6423888664885753,-0.6659312689550814,13.728985164774102,80,750
1241,96.36260978670012,340.857590966123,762.9190715181933,2005.0,1.609704988653555,322.31053952321207,2735.205771643664,288.55708908406524,False,LacZ_3_b3,LacZ OE,-0.7513147406347772,-0.608495903251592,19.61246569472621,80,750
1242,96.41717791411043,359.6853637160386,804.2927256792287,1356.0,1.3743857110421263,316.3146362839614,1862.4794040315512,191.27870289219982,False,LacZ_3_b3,LacZ OE,-0.8888741554408942,-0.535279280489426,20.090312475883607,80,750
1243,95.8175965665236,375.4785407725322,383.556330472103,2316.0,1.6385421386124257,379.6292918454936,2265.318669527897,206.1582618025751,False,LacZ_3_b3,LacZ OE,0.5341649346055954,-0.5307452112471109,14.675908781263772,80,750
1244,94.20818181818181,400.8881818181818,363.78090909090906,1296.0,1.423749899623338,297.04636363636365,2094.108181818182,179.11636363636364,False,LacZ_3_b3,LacZ OE,0.6038665183213783,-0.4413886315813226,12.779544661875846,80,750
1245,96.8171238570241,419.4921030756442,287.1429758935993,1717.0,1.584020406371829,337.2477140482128,2520.972568578554,189.9501246882793,False,LacZ_3_b3,LacZ OE,0.8650151548827154,-0.3836996027782935,14.472541809633768,80,750
1246,94.46288209606988,456.94541484716154,299.2991266375546,688.0,1.507812310020339,365.87336244541484,2914.113537117904,203.8013100436681,False,LacZ_3_b3,LacZ OE,0.8282299101199657,-0.24683136508018466,12.16420967283102,80,750
1247,96.18340611353712,479.76091703056767,280.8307860262009,2450.0,1.7704017246177675,382.47489082969435,2754.540938864629,191.54421397379912,False,LacZ_3_b3,LacZ OE,0.8933423403489034,-0.16666264532085184,13.618785717033859,80,750
1248,95.6015625,503.0052083333333,343.15625,2030.0,1.459569361644591,365.01171875,1641.5546875,235.40755208333334,False,LacZ_3_b3,LacZ OE,0.6854996102504061,-0.0748716071462785,13.687220195219766,80,750
1249,95.84310954063604,518.4544169611307,282.5696113074205,1908.0,1.628521577109537,399.35547703180214,1733.078445229682,183.87561837455831,False,LacZ_3_b3,LacZ OE,0.891968601833635,-0.026597861515462395,13.202956857636465,80,750
1250,95.85341726618705,523.44154676259,253.07553956834533,1595.0,1.4143018132614338,372.80575539568343,1815.421762589928,187.54136690647482,False,LacZ_3_b3,LacZ OE,0.9921797358342033,-0.012256075800127109,12.866181251893764,80,750
1251,93.99282296650718,523.8086124401914,311.3444976076555,586.0,1.676762489924601,437.39234449760767,1913.6052631578948,194.3397129186603,False,LacZ_3_b3,LacZ OE,0.7953219119738257,-0.0036665093808181393,11.66624557806854,80,750
1252,93.72595281306715,545.6660617059891,305.7586206896552,802.0,1.4820727932114786,347.04718693284934,2674.847549909256,215.2196007259528,False,LacZ_3_b3,LacZ OE,0.8167296920415987,0.07463344021450347,11.2821556257786,80,750
1253,95.09924812030076,543.6601503759398,315.79548872180453,847.0,1.3977983966466407,399.5624060150376,1887.3714285714286,186.74887218045112,False,LacZ_3_b3,LacZ OE,0.7826448992408432,0.06864717350170824,12.774231393258532,80,750
1254,94.04123711340206,612.2546391752577,286.88659793814435,1312.0,1.537756137710724,349.1164948453608,1909.5247422680413,182.3360824742268,False,LacZ_3_b3,LacZ OE,0.8882569516136161,0.31295055468621924,11.219201089213996,80,750
1255,96.79756838905774,612.2893617021276,299.23282674772037,2029.0,1.4842456812908231,389.9191489361702,2501.734954407295,195.08085106382978,False,LacZ_3_b3,LacZ OE,0.846662731773612,0.3146385156160483,14.11540848853734,80,750
1256,96.43085106382979,625.1054964539007,287.8359929078014,1504.0,1.595848530351999,395.64627659574467,1694.6790780141844,168.52748226950354,False,LacZ_3_b3,LacZ OE,0.8866411482391285,0.35953394334680566,13.58778205332743,80,750
1257,94.77239199157007,635.1222339304531,323.768177028451,1404.0,1.5195397257209224,384.00421496311907,2742.028451001054,201.41833508956796,False,LacZ_3_b3,LacZ OE,0.7663688018578283,0.40021241346283865,12.312648238275756,80,750
1258,95.84921369102683,654.4597594819611,808.0666049953746,1430.0,1.6092553475613736,381.5032377428307,2448.31822386679,826.0962072155412,False,LacZ_3_b3,LacZ OE,-0.8672627691934388,0.5305928726647422,18.83926220470623,80,750
1259,95.36523009495983,676.9254930606282,347.11687363038715,1724.0,1.48356344812051,408.32578524470415,1860.5339663988314,183.345507669832,False,LacZ_3_b3,LacZ OE,0.6923970824545096,0.5542225108293368,13.067535814924938,80,750
1260,96.51418181818183,677.8923636363636,364.2792727272727,1967.0,1.6872815990210486,401.5650909090909,2426.586181818182,195.79854545454546,False,LacZ_3_b3,LacZ OE,0.6345807741608152,0.5598689688589331,14.408846939238387,80,750
1261,95.69733840304183,686.8342205323194,370.6167300380228,1595.0,1.613830935477443,383.9954372623574,1732.9406844106463,183.89505703422054,False,LacZ_3_b3,LacZ OE,0.6141846376316022,0.5929729107015755,13.641976161736494,80,750
1262,94.9365798414496,692.3782559456398,392.4258210645527,1194.0,1.355578762852067,427.69762174405435,2785.5220838052096,190.7383918459796,False,LacZ_3_b3,LacZ OE,0.5411321868834722,0.6157286472358743,13.115179989187453,80,750
1263,94.18867924528301,699.062893081761,386.0125786163522,890.0,1.4876545871351727,420.52515723270443,2191.1540880503144,180.70440251572327,False,LacZ_3_b3,LacZ OE,0.5635464765501188,0.639082474398069,12.27806748854654,80,750
1264,96.57371794871794,699.5064102564103,783.0552884615385,1492.0,1.4381212702903519,395.8165064102564,1550.346955128205,225.39022435897436,False,LacZ_3_b3,LacZ OE,-0.7774941241217522,0.6902872235776123,19.168863082270775,80,750
1265,97.13286163522012,703.122641509434,352.1187106918239,1637.0,1.7856677416967284,386.70283018867923,2055.0416666666665,172.46147798742138,False,LacZ_3_b3,LacZ OE,0.6786250185334992,0.6495449169570686,14.82730849108033,80,750
1266,96.19878183831672,720.2585825027686,757.3172757475083,2279.0,1.6117381649249107,373.9933554817276,2040.7558139534883,1245.8399778516057,False,LacZ_3_b3,LacZ OE,-0.6881468286982657,0.7620748945705502,18.45068057146834,80,750
1267,94.57413600891861,719.1426978818283,394.09698996655516,1135.0,1.3694524548146558,411.6945373467113,1692.593088071349,182.10256410256412,False,LacZ_3_b3,LacZ OE,0.5385947763222596,0.7126695404313468,12.705815966320614,80,750
1268,96.79552329098608,717.0441621294616,427.2323049001815,2069.0,1.454382144869088,417.8681185722928,2627.6751361161523,197.75983061101027,False,LacZ_3_b3,LacZ OE,0.42650689289516963,0.7092394516400191,15.308355449524427,80,750
1269,96.11263537906137,732.6729241877256,428.07942238267145,1874.0,1.4180402938313477,382.4830324909747,3345.0938628158847,200.1306859205776,False,LacZ_3_b3,LacZ OE,0.42544187538664135,0.7658272727784665,14.59663947484134,80,750
1270,96.27118644067797,736.2128813559322,513.8657627118644,2063.0,1.4114428894849924,378.2433898305085,1553.0874576271187,199.18305084745762,False,LacZ_3_b3,LacZ OE,0.13608020320058545,0.7893362078765318,15.720260985784108,80,750
1271,96.22027600849258,746.4118895966029,461.64171974522293,2264.0,1.5244646603389966,385.9007430997877,2243.9516985138002,186.1348195329087,False,LacZ_3_b3,LacZ OE,0.3136772295732668,0.819676275822941,15.051417552780691,80,750
1272,96.33115727002968,752.5418397626113,639.7744807121662,2195.0,1.609513284488169,333.08249258160237,1659.0071216617212,196.10563798219584,False,LacZ_3_b3,LacZ OE,-0.28732440685753524,0.864078383281377,17.16925959141642,80,750
1273,96.96165644171779,745.9164110429448,449.14953987730064,1991.0,1.5822789789347953,399.8496932515337,3204.5145705521472,192.65874233128835,False,LacZ_3_b3,LacZ OE,0.35584585363915955,0.8163309517629189,15.652163880566064,80,750
1274,94.74876360039565,764.1978239366963,718.7062314540059,1350.0,1.5879881714016861,319.51137487636004,2729.2799208704255,243.4915924826904,False,LacZ_3_b3,LacZ OE,-0.552652361688473,0.9160520788822142,16.454256337546155,80,750
1275,95.48706240487063,762.2952815829528,731.5342465753424,1132.0,1.5762968380213664,308.0502283105023,1691.482496194825,200.26179604261796,False,LacZ_3_b3,LacZ OE,-0.5961779441236164,0.9107832338429276,17.34280742998928,80,750
1276,96.06336939721793,772.4134466769706,579.8995363214838,1901.0,1.4881275976082184,407.5502318392581,1773.659969088099,198.91421947449768,False,LacZ_3_b3,LacZ OE,-0.08276334021156984,0.9284210998256206,16.172883085824154,80,750
1277,96.49153976311337,776.4890016920474,594.2901861252116,1681.0,1.2808677331108473,371.93401015228426,2674.0507614213197,201.06768189509307,False,LacZ_3_b3,LacZ OE,-0.13088212248102915,0.9449517584008558,16.754342113819263,80,750
1278,95.74471544715448,779.6430894308943,568.1430894308943,1599.0,1.2574199233119432,381.6707317073171,3256.4626016260163,217.1439024390244,False,LacZ_3_b3,LacZ OE,-0.04221990231073525,0.953080681550426,15.702992933564076,80,750
1279,96.14264150943396,777.7366037735849,555.3381132075472,2113.0,1.3898971557885536,372.13283018867924,3134.131320754717,215.76603773584907,False,LacZ_3_b3,LacZ OE,0.0008274844497553335,0.9445939114752786,15.960232363549792,80,750
1280,95.58053691275168,778.6359060402684,638.7802013422819,814.0,1.468482898705585,360.27852348993287,2483.5788590604025,203.6795302013423,False,LacZ_3_b3,LacZ OE,-0.28095129308648326,0.9582605587692885,16.34313951627078,80,750
1281,96.48366013071896,787.2865761689291,631.1503267973857,2556.0,1.635016635456917,360.38109602815484,2475.563097033685,210.9738562091503,False,LacZ_3_b3,LacZ OE,-0.2541342032466085,0.9885806521834297,17.13828701094633,80,750
1282,96.36150234741784,789.8693270735524,548.9303599374022,1704.0,1.4164366239907402,411.34976525821594,1634.4702660406886,212.58215962441315,False,LacZ_3_b3,LacZ OE,0.023896024094824497,0.9876467145161134,16.076460970057568,80,750
1283,97.50677290836653,268.50199203187253,634.8470119521912,1578.0,1.5117678574989064,338.59760956175296,1781.1513944223107,163.13067729083664,False,LacZ_3_b3,LacZ OE,-0.327090694641082,-0.8859967006224738,19.480943820876504,80,750
1284,97.36619718309859,257.67957746478874,518.8345070422536,853.0,1.6209303175223986,355.2781690140845,2018.1778169014085,175.59330985915494,False,LacZ_3_b3,LacZ OE,0.06352429667599413,-0.9396012713409835,18.050120730357975,80,750
1285,97.06132404181184,268.41811846689893,577.2780487804878,1887.0,1.8271553271648555,318.07526132404183,1781.7240418118467,180.1665505226481,False,LacZ_3_b3,LacZ OE,-0.13265347000993466,-0.8934925651122564,18.38224041740257,80,750
1286,96.8416588124411,261.2818096135721,539.2780395852969,1329.0,1.487479401134939,359.435438265787,3060.823751178134,187.04429783223375,False,LacZ_3_b3,LacZ OE,-0.0051327438236411504,-0.9240325747610328,17.74880997206529,80,750
1287,96.99912739965096,268.95724258289704,599.8778359511343,1428.0,1.467764757332537,310.0593368237347,1816.5942408376964,176.36125654450262,False,LacZ_3_b3,LacZ OE,-0.20893360434325492,-0.8887221409882915,18.575260560809653,80,750
1288,97.74473358116481,285.3283767038414,624.4101610904585,1227.0,1.4459620717375155,337.75588599752166,2633.0483271375465,181.14250309789344,False,LacZ_3_b3,LacZ OE,-0.289863938261945,-0.8264825881743947,19.55897544034856,80,750
1289,96.96493349455865,290.50785973397825,565.9371221281741,2289.0,1.70756343581882,323.83131801692866,1685.0139056831922,164.21342200725513,False,LacZ_3_b3,LacZ OE,-0.09177182596264588,-0.8150704730422729,18.10271833349445,80,750
1290,96.73315543695797,294.31020680453634,538.2795196797865,1820.0,1.5194390686340407,320.6430953969313,1605.5243495663776,177.66444296197466,False,LacZ_3_b3,LacZ OE,0.0020882932009334,-0.8047833236104385,17.547637718544635,80,750
1291,97.28202115158636,302.49764982373677,733.8354876615746,2299.0,1.7824840006648561,312.6768507638073,2726.380728554642,203.03055229142186,False,LacZ_3_b3,LacZ OE,-0.6575109058498992,-0.7507656650733332,20.296146164273352,80,750
1292,95.91866028708134,349.79425837320576,785.0111642743221,1001.0,1.5408434227370502,334.1164274322169,1742.0414673046253,228.1945773524721,False,LacZ_3_b3,LacZ OE,-0.8249152107808982,-0.5734404405971619,19.397314397795554,80,750
1293,96.84453535943892,352.3091759205143,360.1618936294565,2428.0,1.8792913805755143,353.15897136177676,2485.352425482174,185.84511981297487,False,LacZ_3_b3,LacZ OE,0.6105271197515858,-0.6174002869067059,15.494278497399648,80,750
1294,96.78313253012048,353.69104991394147,377.776247848537,1516.0,1.5167326873967755,365.4793459552496,1991.0258175559381,194.6092943201377,False,LacZ_3_b3,LacZ OE,0.551185779464118,-0.6102064961236671,15.629425007833106,80,750
1295,97.1891373801917,358.50862619808305,339.63130990415334,2020.0,1.6040293736389344,320.9738019169329,1878.684984025559,158.7961661341853,False,LacZ_3_b3,LacZ OE,0.6806144888691827,-0.5975549136788016,15.59053753761313,80,750
1296,96.92527932960894,368.5460893854749,367.090782122905,2001.0,1.9293478095809313,335.5453910614525,3307.5635474860337,215.48393854748602,False,LacZ_3_b3,LacZ OE,0.5890187095662374,-0.5578491949460006,15.613682060919004,80,750
1297,96.37101063829788,376.82247340425533,310.6801861702128,2105.0,1.4959741790149912,312.75531914893617,1808.873005319149,171.43816489361703,False,LacZ_3_b3,LacZ OE,0.7805139461745563,-0.5349846774195316,14.39872587706435,80,750
1298,96.94725111441308,491.4004457652303,270.9420505200594,1689.0,1.4839416196837043,348.33506686478455,2828.580237741456,191.6701337295691,False,LacZ_3_b3,LacZ OE,0.9281329427452054,-0.1258230355998896,14.241662155864603,80,750
1299,96.83098591549296,492.23865414710485,288.0492957746479,1650.0,1.6013592418264488,322.1682316118936,3468.650234741784,186.5015649452269,False,LacZ_3_b3,LacZ OE,0.8704390531441999,-0.12065795904250343,14.317532503025944,80,750
1300,94.81724137931035,525.9448275862069,271.1896551724138,639.0,1.7736014974774872,401.83103448275864,1926.5413793103448,171.45862068965516,False,LacZ_3_b3,LacZ OE,0.9312433705614713,-0.0009540602756529237,12.02953170733791,80,750
1301,96.23700305810398,562.7125382262997,258.8654434250765,1164.0,1.4996302948578013,361.4571865443425,2135.5504587155965,186.1987767584098,False,LacZ_3_b3,LacZ OE,0.9772170400053783,0.13040726814569625,13.218749301803001,80,750
1302,95.5940594059406,574.0412541254126,253.78547854785478,1583.0,1.4891964927865369,409.22442244224425,2037.2310231023102,176.6476897689769,False,LacZ_3_b3,LacZ OE,0.9956733254640093,0.17071351011554703,12.49028397025863,80,750
1303,95.18025258323766,597.150401836969,300.7141216991963,1241.0,1.4803200435931518,377.796785304248,3239.681974741676,212.39609644087255,False,LacZ_3_b3,LacZ OE,0.8398307850600404,0.2600945540353914,12.55230050504801,80,750
1304,95.74128312412832,619.9525801952581,270.1652719665272,1732.0,1.528542761340618,383.54672245467225,1583.8493723849372,185.34100418410043,False,LacZ_3_b3,LacZ OE,0.9457040398714136,0.3386977891578651,12.710362825445571,80,750
1305,96.43266666666666,627.47,303.80466666666666,1859.0,1.6439477315174018,401.514,2484.6106666666665,195.242,False,LacZ_3_b3,LacZ OE,0.8329758618011605,0.3700742144200482,13.765041876543606,80,750
1306,96.2510067114094,630.558389261745,815.834899328859,1078.0,1.2314275514769246,512.4161073825503,2639.3624161073826,576.6375838926175,False,LacZ_3_b3,LacZ OE,-0.8962757951916316,0.4451791222691037,19.38807324155526,80,750
1307,96.95251396648045,654.3882681564246,822.3091247672253,1357.0,1.3690363869250073,364.8640595903166,1647.2281191806333,310.0977653631285,False,LacZ_3_b3,LacZ OE,-0.9153387887399663,0.532121387182602,20.104337352715845,80,750
1308,95.42115203021719,673.0472143531633,316.7724268177526,1368.0,1.775862998967268,367.93484419263456,2975.0661000944287,207.98961284230407,False,LacZ_3_b3,LacZ OE,0.7944484664340974,0.536416134041692,12.788551869332807,80,750
1309,96.52009894867038,677.1675943104515,797.7773654916512,1866.0,1.5337313908312213,371.1038961038961,1690.339517625232,219.21645021645023,False,LacZ_3_b3,LacZ OE,-0.8298319209869363,0.6113860247700673,19.337380110203128,80,750
1310,96.65245478036175,699.4192506459948,374.68798449612405,1882.0,1.7897076459892638,393.9166666666667,1706.4114987080104,185.99935400516796,False,LacZ_3_b3,LacZ OE,0.6019369699653139,0.6389746496948863,14.612248629292083,80,750
1311,97.25947105075053,745.5496783416726,746.8463187991423,1701.0,1.484067641912042,317.11722659042175,1732.9921372408864,179.88992137240885,False,LacZ_3_b3,LacZ OE,-0.649785790242402,0.8521849684970448,19.330151384551343,80,750
1312,95.95384615384616,751.6136752136753,496.2478632478632,792.0,1.401806694696679,359.7401709401709,3362.6923076923076,192.41367521367522,False,LacZ_3_b3,LacZ OE,0.19737634655186276,0.8427968507447612,15.165024711757084,80,750
1313,97.24466019417476,758.5676375404531,515.0252427184466,1893.0,1.5580043217071886,399.03624595469256,2909.810355987055,214.29838187702265,False,LacZ_3_b3,LacZ OE,0.13480852949851396,0.8702852406916548,16.651776083129604,80,750
1314,96.92134107027724,775.5157962604771,513.6363636363636,2143.0,1.7639457862637773,458.10380399742104,1873.6989039329465,190.284332688588,False,LacZ_3_b3,LacZ OE,0.14146434367671934,0.9313652192488295,16.270973459359055,80,750
1315,97.47223780145822,771.0538418395962,539.9786876051598,2408.0,1.5722718194964598,371.2563095905777,2174.9472798653956,188.5860908581043,False,LacZ_3_b3,LacZ OE,0.05198254485102072,0.9185321788480092,17.13184536799612,80,750
1316,97.03611111111111,781.1798611111111,608.5680555555556,1739.0,1.4375473351106116,370.47569444444446,2917.051388888889,203.94930555555555,False,LacZ_3_b3,LacZ OE,-0.1785436763825372,0.9636931026895095,17.449398693510318,80,750
1317,96.75545023696682,257.7876777251185,507.2132701421801,1309.0,1.4214231672734818,324.79431279620854,1702.5620853080568,164.41516587677725,False,LacZ_3_b3,LacZ OE,0.10276909237748888,-0.9406664298851602,17.30723088198019,80,750
1318,97.44897959183673,252.6423200859291,649.9129967776585,1178.0,1.4960677287123505,341.3501611170784,2118.6176154672394,175.30182599355533,False,LacZ_3_b3,LacZ OE,-0.3798346508032483,-0.9414373680485979,19.633233984170047,80,750
1319,96.86301369863014,268.28144458281446,656.280199252802,2018.0,1.697332561844809,338.4701120797011,1853.6880448318805,175.8200498132005,False,LacZ_3_b3,LacZ OE,-0.3995412035883814,-0.8841220036241075,19.081068932539225,80,750
1320,96.91897233201581,274.99604743083006,507.201581027668,1324.0,1.5530582625316172,320.2341897233202,2490.0009881422925,183.99802371541503,False,LacZ_3_b3,LacZ OE,0.104822007024161,-0.8784703377630638,17.42822889385006,80,750
1321,96.73575498575498,279.20868945868943,476.8162393162393,1753.0,1.5377387467718555,299.3767806267806,1584.022792022792,166.83903133903135,False,LacZ_3_b3,LacZ OE,0.20794598336772419,-0.8670405413450291,16.889731456405414,80,750
1322,97.05117707267145,279.467758444217,535.5240532241555,1193.0,1.3916877404570904,335.88024564994885,1928.360286591607,187.58034800409416,False,LacZ_3_b3,LacZ OE,0.009677205512827802,-0.858770216870841,17.870912991136052,80,750
1323,97.32445690259286,284.0967063770147,723.7463209530483,1865.0,1.6932738137806036,335.85914505956555,3002.89488437281,200.31885073580938,False,LacZ_3_b3,LacZ OE,-0.6255749256115466,-0.818531968556238,20.269369796408,80,750
1324,97.69524551831644,286.4910366328917,637.2291504286828,1608.0,1.5648369722932276,300.4863600935308,2612.48168355417,183.03507404520656,False,LacZ_3_b3,LacZ OE,-0.33303195546266307,-0.8206798747499204,19.652141448709813,80,750
1325,97.89180327868853,293.8087431693989,694.0699453551913,1243.0,1.5895198951670602,316.0415300546448,3058.8994535519128,188.83934426229507,False,LacZ_3_b3,LacZ OE,-0.5241753668974014,-0.7871315169626687,20.47588946054084,80,750
1326,97.26585365853659,314.1016260162602,443.28617886178864,1525.0,1.3729955432801124,329.7235772357724,1809.0430894308943,173.7821138211382,False,LacZ_3_b3,LacZ OE,0.32529859454184784,-0.7451101304362102,16.953246102546558,80,750
1327,96.99051724137931,328.6784482758621,785.726724137931,1521.0,1.6121283803175357,339.3086206896552,2242.6448275862067,254.64396551724138,False,LacZ_3_b3,LacZ OE,-0.8297537745098933,-0.6496620739529668,20.529225197455858,80,750
1328,96.00523012552301,333.5345188284519,368.19769874476987,1173.0,1.4649073862736521,314.0847280334728,2081.8838912133892,169.31903765690376,False,LacZ_3_b3,LacZ OE,0.5811604690390655,-0.6842604040411302,14.792485695651365,80,750
1329,98.12946428571429,336.63504464285717,377.91294642857144,1339.0,1.8966891936845869,348.45535714285717,2655.832589285714,190.96986607142858,False,LacZ_3_b3,LacZ OE,0.5487866942777064,-0.6718249849272052,17.019222787002036,80,750
1330,97.47493403693932,370.37818821459985,393.65963060686016,1493.0,1.7996156812746629,362.6710642040457,2302.662269129288,201.622691292876,False,LacZ_3_b3,LacZ OE,0.49950578961568204,-0.5479053159590856,16.46038256650118,80,750
1331,97.11414213926777,394.9138549892319,281.08040201005025,1842.0,1.4730962188163723,327.13137114142137,2237.3776022972,155.67623833452978,False,LacZ_3_b3,LacZ OE,0.8826389069321621,-0.47328782218489585,14.761251780112403,80,750
1332,97.51540616246498,385.80018674136323,324.7712418300654,1373.0,1.4358106334512144,349.80018674136323,3515.372549019608,195.89262371615314,False,LacZ_3_b3,LacZ OE,0.7340066114928752,-0.5007681684625704,15.680887998477232,80,750
1333,96.64488017429194,394.51633986928107,330.5838779956427,720.0,1.4000292345005265,378.202614379085,3787.906318082789,199.9607843137255,False,LacZ_3_b3,LacZ OE,0.7153548875610449,-0.46854593230533403,14.854936646906609,80,750
1334,97.82620564149227,452.6369426751592,305.27843494085533,1504.0,1.633393314440068,390.7206551410373,2707.3175614194724,210.41947224749774,False,LacZ_3_b3,LacZ OE,0.8076596127714291,-0.261631619834666,15.605790935665652,80,750
1335,97.5142118863049,509.18518518518516,266.04909560723513,1718.0,1.5539839094190206,412.0671834625323,2301.396210163652,179.61757105943153,False,LacZ_3_b3,LacZ OE,0.9467572680054746,-0.062150334305323574,14.70924271814097,80,750
1336,97.5595667870036,519.35559566787,297.2824909747292,1580.0,1.7592871116822517,401.3637184115523,3260.548736462094,232.543321299639,False,LacZ_3_b3,LacZ OE,0.842440874170435,-0.021490490151234942,15.084091409166035,80,750
1337,97.29713804713805,528.8804713804714,266.2609427609428,1693.0,1.637571784349167,409.30723905723903,2375.503367003367,208.93265993265993,False,LacZ_3_b3,LacZ OE,0.9483304511021211,0.009059304512374577,14.446083213623822,80,750
1338,96.98350253807106,578.6573604060914,265.86928934010155,1021.0,1.362115605798477,383.5837563451777,1800.9225888324872,175.56218274111674,False,LacZ_3_b3,LacZ OE,0.9554470812246747,0.18891699609107637,14.005433692328594,80,750
1339,97.08680310515173,585.4022582921665,314.38249823570925,1864.0,1.7167056029711796,386.84615384615387,1580.7198306280875,187.80239943542696,False,LacZ_3_b3,LacZ OE,0.792363301371724,0.2193543756341536,14.642811333558342,80,750
1340,97.44278606965175,594.1585820895523,281.6517412935323,2222.0,1.7268225587290322,361.3830845771144,2363.7873134328356,205.79850746268656,False,LacZ_3_b3,LacZ OE,0.9039607255684765,0.24691756499388062,14.60566389834922,80,750
1341,97.35971223021583,633.8690647482015,805.4791366906475,939.0,1.5382287502140444,883.5640287769784,3408.987050359712,1454.4057553956834,False,LacZ_3_b3,LacZ OE,-0.8608657245250504,0.45585995807434365,20.370997599914674,80,750
1342,97.61111111111111,645.5992063492064,319.9695767195767,1072.0,1.653387234712647,423.3187830687831,3532.927248677249,209.28439153439155,False,LacZ_3_b3,LacZ OE,0.7805318889237645,0.4376262710520953,15.082253794512198,80,750
1343,96.96940928270043,664.4852320675105,357.38396624472574,1203.0,1.7712695559171097,358.9103375527426,1683.2289029535864,199.7289029535865,False,LacZ_3_b3,LacZ OE,0.6563265072656568,0.5105537820214334,14.818790737388,80,750
1344,97.97667185069984,676.7853810264386,328.4416796267496,877.0,1.5005077450799413,384.15241057542767,1753.7496111975117,207.4945567651633,False,LacZ_3_b3,LacZ OE,0.7555652235042738,0.5514034327200794,15.467155948135542,80,750
1345,97.20172413793104,679.9379310344827,394.9344827586207,1551.0,1.5900018007765349,391.98793103448276,1705.65,187.50258620689655,False,LacZ_3_b3,LacZ OE,0.531294615695916,0.5710957378853625,15.439286154405835,80,750
1346,97.32205683355886,683.7131258457375,404.98376184032475,912.0,1.426012590487906,431.60081190798377,1586.296346414073,190.531799729364,False,LacZ_3_b3,LacZ OE,0.4977937757837889,0.5859963351484099,15.66438715124768,80,750
1347,97.16265560165975,710.3153526970955,418.14854771784235,1525.0,1.8117186721249725,391.703734439834,1842.2522821576763,210.8780082987552,False,LacZ_3_b3,LacZ OE,0.45642059823116554,0.6837878104346182,15.588920737691694,80,750
1348,97.68275862068965,710.8689655172413,377.0195402298851,1098.0,1.5759530170494562,391.9080459770115,2249.2045977011494,184.3528735632184,False,LacZ_3_b3,LacZ OE,0.595436377959667,0.680656314943807,15.640751413501249,80,750
1349,97.61211573236889,729.3869801084991,498.24141048824595,1338.0,1.5632598482549587,351.9132007233273,2096.2947558770343,213.46925858951175,False,LacZ_3_b3,LacZ OE,0.18811391118799436,0.762724125833266,16.900551444404528,80,750
1350,97.41546526867627,732.8519003931848,397.85452162516384,938.0,1.4894037517445207,417.43250327654,2366.043250327654,201.11009174311926,False,LacZ_3_b3,LacZ OE,0.5276108351735698,0.7627093214071257,15.555844274102554,80,750
1351,96.83403656821379,742.5007032348805,554.7791842475386,997.0,1.6586467266969214,399.028129395218,2281.5485232067513,189.26722925457102,False,LacZ_3_b3,LacZ OE,-0.0013675458124832174,0.8171759294307763,16.732014262278028,80,750
1352,98.12072243346007,752.7576045627377,553.9676806083651,1651.0,1.8253969465648783,391.49524714828897,2101.269961977186,187.97053231939162,False,LacZ_3_b3,LacZ OE,0.002619692893124137,0.854155804603594,17.984141129798175,80,750
1353,97.45716198125837,750.975234270415,435.9651941097724,1917.0,1.8891102270213773,420.8661311914324,2823.9497991967874,200.20682730923696,False,LacZ_3_b3,LacZ OE,0.4009909003781411,0.8329722986115169,15.985515813939713,80,750
1354,97.28747940691927,761.1466227347611,584.9019769357496,1486.0,1.5160763444156118,388.7660626029654,3195.1598023064253,220.5354200988468,False,LacZ_3_b3,LacZ OE,-0.10092808196716418,0.8883332224388929,17.481443129153803,80,750
1355,97.72892938496584,761.3113135914958,450.8967350037965,1600.0,1.4863122717132582,433.34927866362943,2103.5793470007593,187.75246772968868,False,LacZ_3_b3,LacZ OE,0.35176918190848405,0.8721967904854668,16.401304058536283,80,750
1356,97.25176470588235,766.0235294117647,610.8835294117647,1048.0,1.2832757601504194,359.6164705882353,2217.5482352941176,206.5564705882353,False,LacZ_3_b3,LacZ OE,-0.18812463590056994,0.909204246931739,17.72864837595965,80,750
1357,97.35517970401692,768.830866807611,665.9799154334038,1379.0,1.8586715398020184,377.95348837209303,2234.5824524312898,195.12579281183932,False,LacZ_3_b3,LacZ OE,-0.373905216433824,0.9262322026087766,18.45056637019799,80,750
1358,97.30077120822622,770.9905741216795,640.1062553556127,1430.0,1.4275918689623304,359.16452442159385,2980.349614395887,220.72579263067695,False,LacZ_3_b3,LacZ OE,-0.2862558767375216,0.9308064595228767,18.097139136177674,80,750
1359,97.87231759656652,261.6019313304721,497.7381974248927,1232.0,1.9015782203412537,307.62124463519314,2848.703862660944,175.23819742489272,False,LacZ_3_b3,LacZ OE,0.1352633002815109,-0.9280554639479163,18.307073437042348,80,750
1360,97.82834850455137,282.65799739921977,688.629388816645,943.0,1.7053436568384783,316.3133940182055,1955.5240572171651,191.63459037711314,False,LacZ_3_b3,LacZ OE,-0.507100548139553,-0.8281136415296877,20.378142558280317,80,750
1361,97.69887640449438,282.7415730337079,455.7202247191011,1083.0,1.662214892662898,343.576404494382,2541.5258426966293,196.5696629213483,False,LacZ_3_b3,LacZ OE,0.27965622015326863,-0.8568989419834554,17.60461686494766,80,750
1362,97.75607638888889,283.2673611111111,575.4887152777778,1460.0,1.7109972787229868,336.7552083333333,2832.1354166666665,183.40798611111111,False,LacZ_3_b3,LacZ OE,-0.12485042309047556,-0.8400411038299587,19.020064005450692,80,750
1363,97.47988505747126,292.735632183908,424.43390804597703,1232.0,1.5254843408212913,353.5028735632184,2589.162835249042,175.78639846743295,False,LacZ_3_b3,LacZ OE,0.3864965694972038,-0.8246861144124834,17.005882132384627,80,750
1364,98.07076923076923,292.3015384615385,712.8174358974359,1163.0,1.657887616437608,333.7569230769231,2745.3733333333334,186.54871794871795,False,LacZ_3_b3,LacZ OE,-0.5876720515871026,-0.7902364346117053,20.87136642989445,80,750
1365,97.8171500630517,311.11601513240856,765.3076923076923,940.0,1.4745276435263097,343.1374527112232,1584.0100882723834,194.37326607818412,False,LacZ_3_b3,LacZ OE,-0.7627960838639308,-0.7156818996281196,21.167268995881784,80,750
1366,97.67846607669617,315.6637168141593,413.87905604719765,1222.0,1.676836691907776,331.7286135693215,1599.2399213372664,177.16814159292036,False,LacZ_3_b3,LacZ OE,0.4248320813165447,-0.7431336172221457,17.028170149676797,80,750
1367,98.15492957746478,329.6426056338028,352.80281690140845,783.0,1.5676977483892416,345.61619718309856,2629.198943661972,173.54049295774647,False,LacZ_3_b3,LacZ OE,0.6327924953222832,-0.7002334431458015,16.776870818184534,80,750
1368,97.6321243523316,338.6943005181347,782.2818652849741,1232.0,1.830809549905951,331.6300518134715,2973.0725388601036,448.5181347150259,False,LacZ_3_b3,LacZ OE,-0.8169242701282456,-0.6138871133368187,21.10701808189549,80,750
1369,97.87531172069825,357.8661679135495,404.1936824605154,1560.0,1.8024575084206986,364.8786367414796,2154.003325020781,205.9093931837074,False,LacZ_3_b3,LacZ OE,0.46247856571612345,-0.591809075655291,17.01112429787655,80,750
1370,97.41135972461274,384.68330464716007,299.6265060240964,952.0,1.5483671014877964,320.0946643717728,2122.523235800344,163.89672977624784,False,LacZ_3_b3,LacZ OE,0.8188096069992259,-0.5079458522427827,15.29417002417874,80,750
1371,97.46987951807229,390.2745266781411,382.91135972461274,1441.0,1.7184563208025225,329.4251290877797,1999.5473321858865,198.2960413080895,False,LacZ_3_b3,LacZ OE,0.5381331803889475,-0.4773361583994913,16.284319711163576,80,750
1372,97.86121673003802,399.90494296577947,341.57699619771864,1380.0,1.8026405004890496,329.9876425855513,2801.0950570342206,173.14638783269962,False,LacZ_3_b3,LacZ OE,0.6788963449535597,-0.4476879103512921,16.182708042728223,80,750
1373,97.71898197242842,403.4475079533404,305.79745493107106,1109.0,1.6896967934269975,348.5853658536585,2296.8928950159066,185.6320254506893,False,LacZ_3_b3,LacZ OE,0.8001650052532285,-0.4393533151571605,15.625608697732972,80,750
1374,97.42207792207792,418.82931354359926,302.8256029684601,1419.0,1.9040837690137455,378.5231910946197,3065.9025974025976,196.72634508348793,False,LacZ_3_b3,LacZ OE,0.8119863266376763,-0.3841321061448505,15.257107906737346,80,750
1375,98.18789144050105,467.43528183716074,312.5480167014614,1228.0,1.793146892002737,351.8235908141962,1869.4144050104385,191.41231732776617,False,LacZ_3_b3,LacZ OE,0.7848434275925762,-0.20723532738642292,16.01352762374492,80,750
1376,97.90891283055828,465.13026444662097,292.7512242899119,1358.0,1.503996891465233,373.08814887365327,2021.4466209598434,182.63858961802154,False,LacZ_3_b3,LacZ OE,0.8514360803109917,-0.21804073857835005,15.51552229679217,80,750
1377,97.71825764596849,533.7506950880445,283.3651529193698,1418.0,1.67539328001915,405.9314179796107,3195.761816496756,211.17886932344763,False,LacZ_3_b3,LacZ OE,0.8911378526943825,0.028800964405632623,15.049337701079068,80,750
1378,97.62647754137116,539.779353821907,298.8881008668243,1520.0,1.4826694240873954,343.5713159968479,2033.568951930654,178.4822695035461,False,LacZ_3_b3,LacZ OE,0.8394019547610201,0.05252825251436932,15.118924503101923,80,750
1379,97.85762331838565,630.7780269058296,335.64461883408075,1136.0,1.6477737787587392,503.99551569506724,1865.4293721973095,201.68273542600897,False,LacZ_3_b3,LacZ OE,0.7258634588553101,0.38601737254058843,15.543185060517814,80,750
1380,97.86021505376344,624.2334869431644,825.5222734254992,815.0,1.5271616642568295,424.69278033794166,2987.2580645161293,238.65898617511522,False,LacZ_3_b3,LacZ OE,-0.9296746548306591,0.42354081669595356,21.122715574427602,80,750
1381,97.88446726572529,641.3530166880616,343.0141206675225,1099.0,1.746145617148852,442.9062901155327,1564.3286264441592,246.47368421052633,False,LacZ_3_b3,LacZ OE,0.7022042200336083,0.42515915682165994,15.627637888134473,80,750
1382,97.2489837398374,661.4705284552846,324.5487804878049,1198.0,1.5502379607357462,398.5823170731707,1613.6128048780488,187.6270325203252,False,LacZ_3_b3,LacZ OE,0.766900809992453,0.4955592534412949,14.733043937193415,80,750
1383,97.98117942283564,660.0112923462987,311.24717691342533,1038.0,1.6256095431452167,381.930991217064,1721.7076537013802,169.78042659974906,False,LacZ_3_b3,LacZ OE,0.8116908512617846,0.48862946185587774,15.317791521608754,80,750
1384,97.82462253193961,665.6817653890824,825.1800232288037,1083.0,1.7831192667357572,373.4750290360046,1587.7932636469222,213.41811846689896,False,LacZ_3_b3,LacZ OE,-0.9236855777701798,0.5733046047479873,20.981162584875023,80,750
1385,97.99886234357224,687.7952218430034,350.8623435722412,1122.0,1.5402356951697864,382.83845278725823,2136.803185437998,186.20250284414107,False,LacZ_3_b3,LacZ OE,0.6811146764726346,0.5939965017921163,15.716737193670014,80,750
1386,98.01416122004358,728.40522875817,410.9901960784314,1191.0,1.5032028513715732,389.42374727668846,1745.8540305010893,215.38453159041396,False,LacZ_3_b3,LacZ OE,0.48274386948512094,0.7482825891631109,16.314559931644524,80,750
1387,97.57346767422334,731.2695214105794,445.2510495382032,1423.0,1.5309590232999508,394.3299748110831,3001.4550797649035,196.80268681780018,False,LacZ_3_b3,LacZ OE,0.3673299858664558,0.7629103222344997,16.25575233543097,80,750
1388,97.63789868667918,744.7476547842401,506.57410881801127,1239.0,1.587723849899096,385.7138836772983,3564.9099437148216,209.82926829268294,False,LacZ_3_b3,LacZ OE,0.16175919839619501,0.8192831226322006,16.983090955677312,80,750
1389,97.64928909952607,749.7744075829384,483.4881516587678,1279.0,1.589182811133887,390.89668246445495,2558.0123222748816,192.0616113744076,False,LacZ_3_b3,LacZ OE,0.24032880101885357,0.8345683908116144,16.720041767504995,80,750
1390,98.09282178217822,759.3737623762377,707.6794554455446,1021.0,1.5682443213691974,328.21163366336634,2023.5903465346535,181.99628712871288,False,LacZ_3_b3,LacZ OE,-0.5158380917323729,0.8972644105555951,19.684799618813415,80,750
1391,98.20776255707763,258.6095890410959,608.3949771689498,553.0,1.8318220593588128,345.38812785388126,1719.9406392694063,195.68949771689498,False,LacZ_3_b3,LacZ OE,-0.2388641660436801,-0.9250490439187908,19.905980029541723,80,750
1392,98.11581569115816,270.6002490660025,527.0971357409713,1011.0,1.8178296790408088,304.41220423412204,1628.0597758405977,180.15815691158156,False,LacZ_3_b3,LacZ OE,0.037149647715914114,-0.8918645275344762,18.86166075317668,80,750
1393,98.36688311688312,266.88961038961037,615.6363636363636,786.0,1.647462277286319,335.4935064935065,3527.9464285714284,222.33603896103895,False,LacZ_3_b3,LacZ OE,-0.2623532045531737,-0.8942169891689113,20.126898244467995,80,750
1394,97.82806573957016,275.47914032869784,445.5082174462705,913.0,1.5053225126086187,361.73198482933,1565.6042983565108,178.55372945638433,False,LacZ_3_b3,LacZ OE,0.3133096486422189,-0.8844219414983375,17.635762151089807,80,750
1395,97.77244258872652,283.8267223382046,595.7922755741128,1223.0,1.477752369902113,340.92066805845513,2691.223382045929,195.08350730688935,False,LacZ_3_b3,LacZ OE,-0.1933686566526429,-0.835483708345959,19.265526349052607,80,750
1396,98.15835140997831,311.3232104121475,726.882863340564,575.0,1.3988347909515042,333.5943600867679,1788.9501084598699,191.29718004338395,False,LacZ_3_b3,LacZ OE,-0.6329621598986134,-0.7197290873466533,21.07175956221846,80,750
1397,98.29005524861878,320.5110497237569,732.9972375690608,859.0,1.6104283675758684,319.7085635359116,1530.1560773480662,194.0303867403315,False,LacZ_3_b3,LacZ OE,-0.6525393994448856,-0.6857568498175886,21.250233931158306,80,750
1398,97.88619402985074,337.6539179104478,395.31529850746267,1277.0,1.7970437259827057,323.4813432835821,1787.1893656716418,178.0,False,LacZ_3_b3,LacZ OE,0.49011211824057965,-0.6659710267317616,16.971001598201283,80,750
1399,98.28205128205128,339.25049309664695,359.41420118343194,661.0,1.6018332812753757,351.9072978303748,2404.197238658777,188.12031558185404,False,LacZ_3_b3,LacZ OE,0.611585203735409,-0.6646809888944983,16.95537066188696,80,750
1400,98.03116531165311,377.42953929539294,814.0325203252032,957.0,1.781329192378157,302.1260162601626,2371.647696476965,190.33333333333334,False,LacZ_3_b3,LacZ OE,-0.919642587432955,-0.4699179713427437,21.771051838788296,80,750
1401,98.28155339805825,375.542071197411,294.49838187702267,766.0,1.544326028304131,328.43042071197414,2151.5533980582522,164.23948220064725,False,LacZ_3_b3,LacZ OE,0.8350995013871865,-0.5416189776683596,16.128606164409035,80,750
1402,98.38519924098672,384.86717267552183,832.111954459203,705.0,1.4955713418083623,327.61859582542695,1718.394686907021,183.8842504743833,False,LacZ_3_b3,LacZ OE,-0.9798325689831021,-0.4407756183116702,22.311972432341463,80,750
1403,98.16606060606061,404.2836363636364,291.609696969697,984.0,1.5661261634463883,315.5793939393939,3146.2157575757574,168.8969696969697,False,LacZ_3_b3,LacZ OE,0.8482051248439875,-0.4380997545827512,15.90954636210094,80,750
1404,98.41333333333333,457.3066666666667,346.85066666666665,966.0,1.7620428337140164,396.8346666666667,2246.8413333333333,210.64933333333335,False,LacZ_3_b3,LacZ OE,0.6677986555449966,-0.2395577446167707,16.653283601865155,80,750
1405,98.19243986254295,507.4776632302405,282.5670103092784,754.0,1.7273845958030478,409.85395189003435,3209.606529209622,202.63230240549828,False,LacZ_3_b3,LacZ OE,0.8907878701131318,-0.06625395956646696,15.579132450221778,80,750
1406,98.60817717206133,514.2998296422487,311.2589437819421,730.0,1.5644674503175822,413.954003407155,1872.412265758092,194.12947189097105,False,LacZ_3_b3,LacZ OE,0.7946801537552717,-0.038010310251175405,16.303735263772026,80,750
1407,97.7124183006536,556.0751633986928,251.90849673202615,898.0,1.8681997232887377,350.9852941176471,1512.7271241830065,177.66339869281046,False,LacZ_3_b3,LacZ OE,1.0,0.10555999670409832,14.631439952042356,80,750
1408,98.26717557251908,588.5826972010178,300.0356234096692,981.0,1.5691614125836972,393.3587786259542,2342.569974554707,178.52544529262087,False,LacZ_3_b3,LacZ OE,0.8412426682314063,0.2290666107156194,15.652413642697013,80,750
1409,98.45535714285714,605.5029761904761,269.11160714285717,839.0,1.8124505750590993,394.6889880952381,3192.282738095238,182.36458333333334,False,LacZ_3_b3,LacZ OE,0.947682766400161,0.2863612144261911,15.447879263835915,80,750
1410,98.43478260869566,628.5617391304348,272.65565217391304,822.0,1.8676245832613803,369.44347826086954,2023.5426086956522,183.85739130434783,False,LacZ_3_b3,LacZ OE,0.9383998950106178,0.37014509575332877,15.410747591818279,80,750
1411,98.23897058823529,629.5294117647059,319.46936274509807,1014.0,1.5541441323655025,406.70710784313724,1986.6875,181.2267156862745,False,LacZ_3_b3,LacZ OE,0.7803715227547796,0.3794873335612847,15.743969068642443,80,750
1412,98.35945945945946,636.2594594594594,297.5486486486486,517.0,1.4928450943641547,375.43783783783783,2413.864864864865,198.48108108108107,False,LacZ_3_b3,LacZ OE,0.8552078901372537,0.4010751676864728,15.599043341877064,80,750
1413,98.43516209476309,698.1658354114713,400.8740648379052,987.0,1.8440417340510102,418.50498753117205,2794.4738154613465,210.71945137157107,False,LacZ_3_b3,LacZ OE,0.5134047726565119,0.6377279612287334,16.695172514522284,80,750
1414,98.109375,736.2098214285714,733.4419642857143,1154.0,1.6477912375491819,342.82924107142856,1809.4654017857142,189.9453125,False,LacZ_3_b3,LacZ OE,-0.6055632779329463,0.816760244451211,20.050841127538376,80,750
1415,98.40549273021001,741.6138933764136,419.9951534733441,930.0,1.6409859744262696,389.65912762520196,1995.2116316639742,178.40872374798062,False,LacZ_3_b3,LacZ OE,0.4538814305492831,0.79715025087828,16.775554371541674,80,750
1416,98.52508960573476,755.9749103942652,726.578853046595,735.0,1.5629172052123952,316.14336917562724,2324.385304659498,220.19892473118279,False,LacZ_3_b3,LacZ OE,-0.580058756251031,0.8873433656096639,20.33994444033536,80,750
1417,97.9878453038674,759.9668508287293,499.1325966850829,1205.0,1.5586118986528352,403.17900552486185,3030.9292817679557,206.2950276243094,False,LacZ_3_b3,LacZ OE,0.18868476594348782,0.8733632673143932,17.211060545400173,80,750
1418,98.40712945590994,776.6116322701689,622.9380863039399,711.0,1.8573354554845558,348.09005628517826,3639.095684803002,203.23076923076923,False,LacZ_3_b3,LacZ OE,-0.22756455720883473,0.9489869557081156,18.994695742336276,80,750
1419,98.64319248826291,279.95539906103284,606.2629107981221,563.0,1.8411265888247754,288.96478873239437,2499.673708920188,197.5281690140845,False,LacZ_3_b3,LacZ OE,-0.2291556761579603,-0.8481617371496921,20.264608590144277,80,750
1420,98.64324324324325,346.67747747747745,409.3081081081081,686.0,1.877067331101168,325.2882882882883,3183.733333333333,244.81621621621622,False,LacZ_3_b3,LacZ OE,0.44392703481694373,-0.6316039836478551,17.86461539609644,80,750
1421,98.22866894197952,374.27815699658703,352.0870307167236,867.0,1.664922204826618,328.23549488054607,3244.2508532423208,202.5529010238908,False,LacZ_3_b3,LacZ OE,0.6404193267759619,-0.5389957028850221,16.732552624588322,80,750
1422,98.52631578947368,399.13684210526316,263.07105263157894,555.0,1.7987876025085523,322.1657894736842,1895.4789473684211,172.5921052631579,False,LacZ_3_b3,LacZ OE,0.9440204287772975,-0.4602631440499688,15.958497678152526,80,750
1423,98.46104928457869,481.0953895071542,301.57074721780606,793.0,1.5292622183626787,380.0906200317965,2417.9220985691572,219.483306836248,False,LacZ_3_b3,LacZ OE,0.823527741520242,-0.1592323372047577,16.12841733718247,80,750
1424,98.4641975308642,502.02592592592595,303.0308641975309,1007.0,1.7300777886119105,404.78765432098766,1682.464197530864,209.54320987654322,False,LacZ_3_b3,LacZ OE,0.821036932784142,-0.08340058919919469,16.096592587801936,80,750
1425,98.79621848739495,679.4327731092437,383.4810924369748,649.0,1.6829031229200753,447.33613445378154,1591.5273109243697,201.21218487394958,False,LacZ_3_b3,LacZ OE,0.5699861066799525,0.5678515415965779,16.904904449832074,80,750
1426,98.67024128686327,686.6863270777479,337.44772117962464,523.0,1.9819465774777147,430.91689008042897,2904.981233243968,194.26541554959786,False,LacZ_3_b3,LacZ OE,0.7263250006972668,0.5883183820248139,16.238526401562353,80,750
1427,98.55271084337349,715.308734939759,403.75602409638554,798.0,1.8401528088371621,398.1927710843373,1782.301204819277,175.2093373493976,False,LacZ_3_b3,LacZ OE,0.5056737188062126,0.7000484475145734,16.80320862178212,80,750
1428,98.75838926174497,713.427293064877,388.49888143176736,583.0,1.7868152262320391,417.5749440715884,3376.738255033557,218.1006711409396,False,LacZ_3_b3,LacZ OE,0.5569998581157931,0.6913445205996227,16.84031605783899,80,750
1429,98.3529411764706,766.6727941176471,561.1458333333334,1021.0,1.694710608637517,384.36151960784315,3332.514705882353,212.16544117647058,False,LacZ_3_b3,LacZ OE,-0.019995659678070266,0.9053477365171985,18.263556643852084,80,750
1430,98.94164456233422,589.6763925729443,263.47745358090185,509.0,1.9795810185298828,390.2546419098143,2064.5729442970824,199.84350132625994,False,LacZ_3_b3,LacZ OE,0.9648874121340849,0.22845911457685264,15.90915540352394,80,750
